#cP2024  1 24  0  0  0.00000000      96 ORBIT IGS20 HLM  IGS
## 2298 259200.00000000   900.00000000 60333 0.0000000000000
+   31   G01G02G03G04G05G06G07G08G09G10G11G12G13G14G15G16G17
+        G18G19G20G21G22G23G24G25G26G28G29G30G31G32  0  0  0
+          0  0  0  0  0  0  0  0  0  0  0  0  0  0  0  0  0
+          0  0  0  0  0  0  0  0  0  0  0  0  0  0  0  0  0
+          0  0  0  0  0  0  0  0  0  0  0  0  0  0  0  0  0
++         0  2  2  2  2  2  2  2  2  2  2  2  2  2  2  2  2
++         2  2  2  2  1  2  1  2  2  2  2  2  2  2  0  0  0
++         0  0  0  0  0  0  0  0  0  0  0  0  0  0  0  0  0
++         0  0  0  0  0  0  0  0  0  0  0  0  0  0  0  0  0
++         0  0  0  0  0  0  0  0  0  0  0  0  0  0  0  0  0
%c G  cc GPS ccc cccc cccc cccc cccc ccccc ccccc ccccc ccccc
%c cc cc ccc ccc cccc cccc cccc cccc ccccc ccccc ccccc ccccc
%f  1.2500000  1.025000000  0.00000000000  0.000000000000000
%f  0.0000000  0.000000000  0.00000000000  0.000000000000000
%i    0    0    0    0      0      0      0      0         0
%i    0    0    0    0      0      0      0      0         0
/* FINAL ORBIT COMBINATION FROM WEIGHTED AVERAGE OF:        
/* cod emr esa gfz grg jgx jpl mit ngs sio                  
/* REFERENCED TO GPS CLOCK AND TO WEIGHTED MEAN POLE:       
/* PCV:IGS20      OL/AL:FES2014b NONE     Y  ORB:CMB CLK:CMB
*  2024  1 24  0  0  0.00000000
PG01  16617.599064   3588.937546  20156.810430    166.996262          127       
PG02  19355.740570   9483.139631  16183.942349   -496.384347  4 10  4  51       
PG03  17452.410623  -3206.132055  19583.596336    146.427476  7  8  7  82       
PG04  26586.224421   1480.595531   -560.150994    273.758543  9  5  8  83       
PG05 -12353.639275  -8795.130781 -21978.353912   -159.095959  6  8  5  83       
PG06  -4473.907851 -23905.397804  10616.999113    433.985323  6  6  6  51       
PG07  11089.389195 -11031.623542 -20923.518075    -44.698683  8  6  4  97       
PG08  24801.798303   5931.927733  -8255.580356   -163.557777  4 12 13  80       
PG09  22265.917388  -8221.758988 -12065.301485     68.597551  7  8  6  20       
PG10  -9707.588242  23712.239656   6514.958906    -70.513674 10  4  9  67       
PG11 -11765.882943 -23830.092854   -715.027872   -550.833600  8  6  7  70       
PG12 -17876.020543   1822.039558  19251.492583   -470.904572  7  9  8  47       
PG13 -17854.251439 -13408.463068 -14752.709061    618.786344  8  7  8  85       
PG14  12902.075447 -22945.625748   2695.799764    306.758725  8  4  8  88       
PG15 -25039.789482  -3742.048938  -8857.126571    120.323465  8  8 10  82       
PG16   6725.089509  15248.553958 -20908.966457   -377.925081  7  9  6  76       
PG17  10871.435793 -13217.044763  20778.778459    719.113913 10  5  5  74       
PG18  -9910.192797  12370.023466 -21264.662702   -539.279326  7  6  7  33       
PG19    148.278709 -15013.972046  21736.861809    430.728174  9  4  4  69       
PG20  -4021.223913 -20720.122145 -16164.920512    390.225609  9  8  5  64       
PG21  19617.228392  14243.033304  12402.450161    137.406959  6  6  2  66       
PG22   8269.413944 -23216.362482  10706.845392     43.129727  5  3  6  68       
PG23 -16414.026884  19830.563695  -6105.399439    141.384093  6  6  7  45       
PG24 -19639.186042 -11377.849099  13713.326658   -419.371479  6  8  7  47       
PG25 -18682.388245  13470.591700  12646.356083    486.287544  6  4  6  63       
PG26    232.125558  22331.516664 -14238.426930    197.452447  5  6  6  72       
PG28   2936.661071  23066.851990  12815.354335   -107.980389  7  6  8  27       
PG29 -23613.730008   5043.470174 -11225.081946   -608.255173  8  7  7 103       
PG30   3153.671312 -20279.832837 -16589.120774   -441.717602  9  4  6 114       
PG31   9088.726831  24363.110665   3995.552906   -227.470389  6  4  6  25       
PG32  -6189.857192  14752.177413  21364.358996   -607.225501  5  6  6  58       
*  2024  1 24  0 15  0.00000000
PG01  17650.194380   5625.256325  18821.719778    166.997385          114       
PG02  20170.794407  10917.763832  14105.487393   -496.379078  3 10  4  62       
PG03  16348.031588  -1149.436708  20733.732278    146.450171  7  8  6  81       
PG04  26480.130583   1711.110272   2293.105242    273.767237  9  4  8  84       
PG05 -11194.020178 -10958.765991 -21613.312383   -159.097038  6  8  5  88       
PG06  -3686.554259 -22803.819728  13082.940306    433.972980  6  5  5  74       
PG07  12390.512196  -8867.511497 -21255.556424    -44.707400  8  6  3  94       
PG08  23741.264181   6174.532024 -10791.072092   -163.558963  4 12 13  86       
PG09  23497.167572  -8025.433446  -9597.597272     68.608685  7  8  6  63       
PG10 -10172.898800  24093.892718   3676.688137    -70.514268 10  5  9  68       
PG11 -11518.886542 -23867.739198   2146.677713   -550.845875  8  5  7  46       
PG12 -16659.559101   -163.266755  20384.506761   -470.908013  7  8  7  78       
PG13 -16092.882617 -13296.237280 -16752.473201    618.789680  8  7  8  83       
PG14  13242.359543 -22906.054454   -136.872831    306.767833  8  4  8  93       
PG15 -23999.741942  -4163.429771 -11322.075377    120.327003  8  8  9  61       
PG16   5326.929144  17048.164034 -19838.599441   -377.917682  7  9  6  62       
PG17  13080.849394 -12998.041654  19597.825874    719.112936 10  5  5  89       
PG18 -11140.177299  10231.995775 -21801.135203   -539.287373  7  6  6  44       
PG19   2657.763033 -14728.756400  21738.419673    430.733045  9  4  4  61       
PG20  -3240.667408 -22287.212628 -14151.940840    390.224199  9  7  5  84       
PG21  20181.016973  15294.370917   9988.270712    137.405919  6  6  2  95       
PG22   9018.951244 -23929.704621   8141.460232     43.123694  4  2  6  63       
PG23 -16187.420346  18974.810367  -8831.691607    141.390973  6  6  6  31       
PG24 -20294.880990 -12741.293091  11479.304929   -419.377612  6  7  7  66       
PG25 -18095.422152  11924.919477  14831.971602    486.288712  5  4  7  49       
PG26   -678.755580  23558.531047 -12021.515785    197.449120  4  6  6  40       
PG28   1929.956617  21813.747306  15008.588278   -107.990993  7  6  7  58       
PG29 -24722.695885   4768.351017  -8661.969528   -608.254551  8  7  7  94       
PG30   4336.205169 -18617.550535 -18205.401794   -441.713295  9  3  6  90       
PG31   8515.450172  23937.925678   6770.369404   -227.470393  5  3  6  40       
PG32  -8552.198655  14691.195422  20550.414735   -607.227882  5  7  6  61       
*  2024  1 24  0 30  0.00000000
PG01  18703.170693   7450.156062  17157.146634    166.998489          105       
PG02  20912.096830  12116.472777  11794.044613   -496.374165  4  9  5  39       
PG03  15308.724841   1063.305052  21521.763476    146.472846  7  8  6  77       
PG04  26066.527655   1953.898681   5107.223669    273.775889  9  5  8  71       
PG05 -10177.264716 -13126.585926 -20881.904473   -159.098127  6  8  4  62       
PG06  -2694.906498 -21523.766866  15323.410670    433.960667  6  5  5  78       
PG07  13802.147866  -6759.802453 -21204.541892    -44.715695  8  6  2  86       
PG08  22421.724638   6496.544140 -13145.756011   -163.560044  5 12 13  66       
PG09  24450.461440  -7869.852282  -6965.825682     68.619817  6  8  6  54       
PG10 -10471.139975  24207.101881    774.080261    -70.515917  9  5  9  76       
PG11 -11111.157445 -23641.107739   4971.555249   -550.858172  8  5  7  58       
PG12 -15491.191635  -2303.120291  21157.372431   -470.911542  7  8  7  64       
PG13 -14120.227759 -13262.765378 -18470.531228    618.793034  8  7  7  68       
PG14  13431.462114 -22600.534386  -2967.158399    306.776984  7  4  8  87       
PG15 -22725.095792  -4685.509008 -13598.650201    120.330438  7  8  9  73       
PG16   4095.033978  18804.621502 -18431.982662   -377.910514  7  8  7  42       
PG17  15150.596067 -12900.858496  18092.582934    719.112030 10  5  6  76       
PG18 -12504.187371   8131.681044 -21961.407756   -539.295360  7  6  6  63       
PG19   5160.663700 -14577.740541  21358.780109    430.737642  9  4  3  67       
PG20  -2611.698075 -23660.473787 -11896.460846    390.222639  8  7  6  55       
PG21  20630.575919  16100.025342   7414.377619    137.404751  6  6  2  74       
PG22   9576.703345 -24432.180351   5440.270586     43.117851  3  1  6  52       
PG23 -15879.475996  17834.817758 -11404.239501    141.397979  7  6  6  56       
PG24 -20851.758167 -13860.604687   9047.909689   -419.383763  6  7  7  78       
PG25 -17482.710094  10139.153906  16753.527268    486.289794  5  4  7  28       
PG26  -1432.558410  24585.600167  -9595.314125    197.445880  4  6  6  32       
PG28    724.530671  20423.520184  16943.192882   -108.001558  7  5  7  70       
PG29 -25547.000238   4559.253264  -5950.890113   -608.253959  9  7  6  69       
PG30   5685.085442 -16875.027350 -19502.612958   -441.708991  9  3  5  87       
PG31   7756.277710  23278.160343   9425.083663   -227.470470  5  2  6  43       
PG32 -10806.132310  14746.821570  19387.201670   -607.230282  6  7  6  54       
*  2024  1 24  0 45  0.00000000
PG01  19734.833849   9040.187821  15193.654660    166.999557          103       
PG02  21538.068530  13076.267813   9287.070531   -496.369261  4  9  5  34       
PG03  14366.212005   3392.292459  21934.101981    146.495522  7  8  5  66       
PG04  25354.719348   2245.663637   7834.166689    273.784607  8  5  8  56       
PG05  -9313.482972 -15251.395199 -19796.078025   -159.099265  6  8  4  64       
PG06  -1491.325866 -20109.643626  17300.128297    433.948350  6  5  5  43       
PG07  15295.735517  -4750.599930 -20772.945199    -44.724082  8  5  2  92       
PG08  20871.566913   6926.022214 -15279.970228   -163.561657  5 11 12  67       
PG09  25110.246177  -7719.346265  -4214.884586     68.630933  6  8  6  31       
PG10 -10634.624808  24029.351010  -2142.094937    -70.517855  9  6  9  80       
PG11 -10514.961936 -23176.170438   7711.161081   -550.870471  7  4  7  64       
PG12 -14404.328566  -4560.345623  21556.299747   -470.914675  7  8  6  65       
PG13 -11973.084600 -13333.840946 -19878.019082    618.796186  7  6  7  92       
PG14  13502.726271 -22015.335742  -5745.775335    306.786148  7  5  8  81       
PG15 -21247.743899  -5330.865083 -15649.810198    120.334112  6  7  9  49       
PG16   3035.938262  20471.720207 -16711.330305   -377.903258  7  8  7  36       
PG17  17040.165743 -12905.298870  16287.444827    719.110780 10  5  6  81       
PG18 -13977.033744   6112.501158 -21743.274063   -539.303377  7  6  6  25       
PG19   7606.118702 -14558.044241  20603.617453    430.742386  9  4  3  72       
PG20  -2114.635219 -24804.175863  -9437.405968    390.221425  8  6  6  54       
PG21  20928.060052  16667.452194   4721.660344    137.403811  6  6  2  70       
PG22   9964.876906 -24692.086733   2647.966218     43.112206  4     6  59       
PG23 -15531.270838  16417.716070 -13778.359743    141.404872  7  6  6  64       
PG24 -21272.783346 -14738.144452   6461.841758   -419.389942  6  6  8  84       
PG25 -16882.251457   8136.360772  18376.502902    486.290953  5  3  7  78       
PG26  -2047.842183  25378.504751  -7001.556385    197.442595  4  6  7  68       
PG28   -679.138378  18940.201166  18585.777842   -108.012153  7  5  7  48       
PG29 -26069.639338   4380.295949  -3138.127340   -608.253393  9  6  5  62       
PG30   7190.188454 -15096.924722 -20458.459294   -441.704667  9  3  5 105       
PG31   6792.680086  22417.902732  11912.431603   -227.470895  5  2  6  28       
PG32 -12908.418346  14900.622598  17893.659109   -607.232669  6  7  6  67       
*  2024  1 24  1  0  0.00000000
PG01  20701.515018  10380.912003  12966.760396    167.000597           91       
PG02  22008.370181  13802.200438   6625.464479   -496.364182  5  9  5  50       
PG03  13545.411017   5792.522058  21963.821099    146.518150  7  8  4  67       
PG04  24362.431515   2620.699865  10427.364477    273.793258  8  5  8  81       
PG05  -8604.615898 -17285.597211 -18373.754984   -159.100588  6  7  5  29       
PG06    -76.842371 -18607.963918  18979.442086    433.936057  6  4  4  63       
PG07  16836.843866  -2876.280194 -19970.295265    -44.732310  8  5  3  70       
PG08  19125.275095   7485.487460 -17157.567913   -163.563198  5 11 11  60       
PG09  25469.462651  -7536.686489  -1391.775504     68.642036  5  8  6  85       
PG10 -10699.895068  23546.658879  -5020.559079    -70.518036  9  6  9  64       
PG11  -9708.804978 -22505.178459  10318.531574   -550.882779  7  3  7  56       
PG12 -13426.170128  -6892.220861  21574.275852   -470.918196  7  8  6  80       
PG13  -9693.310820 -13528.689467 -20951.168586    618.799883  7  6  6  80       
PG14  13492.348890 -21145.054955  -8424.348013    306.795265  7  5  8  95       
PG15 -19604.247538  -6116.077372 -17442.354795    120.337576  6  7  8  43       
PG16   2148.117921  22003.685532 -14704.422085   -377.896117  7  7  8  67       
PG17  18714.045630 -12984.787484  14211.702255    719.109717 10  6  6  78       
PG18 -15526.807542   4212.970780 -21151.050643   -539.311447  8  6  6  41       
PG19   9944.769754 -14658.553730  19485.390110    430.747215  9  5  3  74       
PG20  -1723.770091 -25688.535154  -6817.059298    390.220003  8  6  6  64       
PG21  21038.448013  17011.333093   1953.023924    137.402688  6  6  3  89       
PG22  10211.416062 -24683.792077   -188.871459     43.106351  4  1  6  51       
PG23 -15182.927856  14739.640980 -15912.911594    141.411798  8  6  6  74       
PG24 -21523.531802 -15384.223656   3765.925535   -419.396163  6  6  7  86       
PG25 -16328.538970   5947.469305  19671.833465    486.292116  5  3  7  76       
PG26  -2549.037103  25908.949768  -4285.198821    197.439309  4  6  7  54       
PG28  -2272.168556  17408.428006  19907.981874   -108.022794  7  5  6  60       
PG29 -26282.266521   4193.539300   -271.724423   -608.253056  9  6  4  77       
PG30   8833.645133 -13326.531673 -21056.774583   -441.700389  9  3  5 101       
PG31   5613.784284  21396.125416  14188.140332   -227.470809  5  1  6  64       
PG32 -14820.386604  15127.473200  16094.412430   -607.235036  6  8  6  68       
*  2024  1 24  1 15  0.00000000
PG01  21559.311085  11467.168734  10516.205021    167.001634           76       
PG02  22285.471403  14307.078845   3853.012918   -496.358912  6  9  5  49       
PG03  12863.516721   8215.366855  21610.762117    146.540798  7  8  3  44       
PG04  23115.177761   3109.387413  12842.492592    273.801944  8  5  8  80       
PG05  -8044.469599 -19182.857049 -16638.574564   -159.101931  6  7  5  65       
PG06   1538.710885 -17065.587292  20332.884773    433.923728  6  4  3  70       
PG07  18386.516413  -1166.262143 -18812.859324    -44.741152  7  5  3  39       
PG08  17222.258705   8190.902678 -18746.499213   -163.565455  5 11 11  50       
PG09  25529.752039  -7284.695632   1455.182916     68.653140  5  8  6  79       
PG10 -10706.095273  22754.268524  -7810.484284    -70.519467  9  6  9  89       
PG11  -8678.445320 -21665.357546  12748.979395   -550.895172  7  3  7  83       
PG12 -12576.685813  -9251.988382  21211.195637   -470.921856  7  8  5  76       
PG13  -7326.427458 -13859.151396 -21671.685352    618.803239  7  6  6  84       
PG14  13437.789126 -19992.948152 -10956.278957    306.804410  6  6  8  72       
PG15 -17834.554906  -7050.988588 -18947.358361    120.341062  6  7  7  59       
PG16   1422.144798  23356.856127 -12444.253170   -377.889052  7  6  8  64       
PG17  20142.901001 -13107.428941  11899.152964    719.108702 10  6  6  75       
PG18 -17116.024896   2465.395770 -20195.464217   -539.319555  8  5  5  72       
PG19  12130.535614 -14860.380131  18023.166542    430.751704  9  5  3  76       
PG20  -1408.556830 -26290.779665  -4080.336576    390.218838  7  5  6  61       
PG21  20930.889432  17152.960269   -847.133236    137.401528  6  6  3  84       
PG22  10348.822680 -24388.816077  -3022.469725     43.100341  4  2  5  93       
PG23 -14871.929464  12825.257878 -17771.024576    141.418721  8  5  6  84       
PG24 -21573.547472 -15816.439907   1006.322950   -419.402339  6  6  7  89       
PG25 -15851.108057   3610.237034  20616.490017    486.293251  5  3  7  87       
PG26  -2965.296801  26155.705255  -1493.625607    197.435946  4  5  7  78       
PG28  -4037.419672  15871.771511  20886.966404   -108.033412  7  5  6  77       
PG29 -26185.468492   3960.628274   2599.318898   -608.252468  8  5  3  73       
PG30  10590.391992 -11604.176068 -21287.778238   -441.696090  8  3  5  78       
PG31   4217.035702  20255.093543  16211.794961   -227.470891  5  2  6  76       
PG32 -16509.259606  15396.563294  14019.423379   -607.237354  6  8  6  77       
*  2024  1 24  1 30  0.00000000
PG01  22265.818113  12302.984216   7885.176427    167.002635           76       
PG02  22336.154667  14610.892852   1015.771654   -496.353827  7  9  5  51       
PG03  12329.404219  10610.298988  20881.511979    146.563407  7  8  2  70       
PG04  21645.341338   3736.835776  15038.214421    273.810665  8  5  8  87       
PG05  -7619.065809 -20899.734984 -14619.543323   -159.103201  6  7  6  64       
PG06   3336.905321 -15527.962131  21337.632284    433.911412  6  4  2  74       
PG07  19902.794712    357.905301 -17323.184595    -44.749241  7  5  3  73       
PG08  15205.505337   9050.892452 -20019.343224   -163.566778  5 10 10  73       
PG09  25301.341957  -6927.867161   4277.169339     68.664225  4  7  6  74       
PG10 -10693.234111  21656.977591 -10462.459306    -70.520858  9  6  9  97       
PG11  -7417.635411 -20697.426068  14960.850321   -550.907526  7  3  7  74       
PG12 -11867.904283 -11590.534085  20473.848629   -470.925145  7  8  5  66       
PG13  -4920.091508 -14329.146143 -22027.050861    618.806545  6  6  6  80       
PG14  13376.136072 -18570.931469 -13297.586206    306.813539  6  6  7  48       
PG15 -15980.623172  -8138.216567 -20140.543654    120.344696  6  7  7  78       
PG16    841.155003  24491.327848  -9968.576903   -377.881859  7  6  8  67       
PG17  21304.552141 -13237.276708   9387.646312    719.107330 10  6  6  79       
PG18 -18702.992107    894.823687 -18893.431098   -539.327595  8  5  5  60       
PG19  14122.267888 -15137.652444  16242.311944    430.756634  9  5  3  95       
PG20  -1134.985558 -26595.956817  -1274.025243    390.217347  7  5  6  78       
PG21  20579.940773  17119.397303  -3633.475506    137.400716  6  6  3  84       
PG22  10412.791664 -23796.674801  -5804.611944     43.094657  4  2  5  71       
PG23 -14631.551264  10706.957539 -19320.741935    141.425679  8  5  6  81       
PG24 -21397.540448 -16058.760588  -1770.238842   -419.408431  6  5  7  77       
PG25 -15473.306830   1167.931473  21193.927749    486.294437  5  3  6  67       
PG26  -3329.148955  26105.486028   1324.209936    197.432624  5  5  7  80       
PG28  -5949.962934  14371.114866  21505.813577   -108.044028  6  5  6  70       
PG29 -25788.713995   3644.457507   5425.868192   -608.251839  8  5  3  73       
PG30  12429.013736  -9965.774653 -21148.206260   -441.691805  8  3  5  73       
PG31   2608.516402  19038.648915  17947.623083   -227.470907  5  2  5  47       
PG32 -17949.268617  15672.644090  11703.544108   -607.239718  6  8  6  97       
*  2024  1 24  1 45  0.00000000
PG01  22781.790317  12901.127783   5119.500820    167.003643           57       
PG02  22132.899381  14739.970206  -1838.612420   -496.348666  7  9  5  29       
PG03  11943.377092  12926.686443  19789.254124    146.586036  7  8  2  37       
PG04  19991.007374   4521.730603  16976.877079    273.819372  7  5  7  74       
PG05  -7307.298096 -22397.230157 -12350.594292   -159.104197  6  7  6  36       
PG06   5291.256956 -14037.442842  21976.863734    433.899103  6  4  2  64       
PG07  21342.348958   1683.109269 -15529.523162    -44.757616  7  5  3  39       
PG08  13120.103058  10066.235757 -20953.782403   -163.569829  4 10  9  80       
PG09  24802.614982  -6433.929910   7025.689139     68.675403  4  7  6  79       
PG10 -10700.406513  20269.091074 -12929.439412    -70.522024  9  6  9  67       
PG11  -5928.557382 -19643.992644  16916.228372   -550.919796  7  3  6  54       
PG12 -11303.542534 -13858.164312  19375.763395   -470.928595  7  8  4  71       
PG13  -2522.490735 -14934.437410 -22010.744524    618.809872  6  6  6  84       
PG14  13342.502199 -16899.248214 -15407.688867    306.822713  6  6  7  75       
PG15 -14084.990009  -9372.928447 -21002.595038    120.348380  7  7  6  74       
PG16    381.622054  25372.494688  -7319.339878   -377.874631  7  5  8  76       
PG17  22184.711058 -13335.771972   6718.560865    719.106595 10  6  6  66       
PG18 -20243.337693   -481.716328 -17267.734769   -539.335671  8  5  5  81       
PG19  15885.218588 -15458.614584  14174.039535    430.761266  9  5  3  77       
PG20   -867.084177 -26597.454718   1554.000187    390.216517  7  4  6  59       
PG21  19966.649390  16942.436105  -6360.322685    137.399412  6  6  3  81       
PG22  10440.706709 -22905.452653  -8487.424692     43.089022  5  3  4  89       
PG23 -14489.478670   8423.756421 -20535.568366    141.432596  8  5  5  63       
PG24 -20976.383920 -16140.395523  -4517.215166   -419.414626  6  5  7  91       
PG25 -15211.340593  -1332.214104  21394.389696    486.295628  6  3  6  81       
PG26  -3674.998469  25753.529787   4118.691305    197.429326  5  4  7  89       
PG28  -7977.857610  12943.149199  21753.821518   -108.054658  6  5  5  74       
PG29 -25109.975994   3210.793896   8159.482163   -608.251343  7  4  3  85       
PG30  14312.841138  -8441.578618 -20641.316893   -441.687470  8  3  5  88       
PG31    802.905009  17790.444732  19365.176834   -227.470930  6  2  5  78       
PG32 -19122.517573  15917.468889   9185.977679   -607.242090  6  8  6  80       
*  2024  1 24  2  0  0.00000000
PG01  23072.662949  13282.347394   2266.821361    167.004571           54       
PG02  21655.092557  14725.886984  -4661.636401   -496.343596  7  9  5  30       
PG03  11697.268054  15115.591933  18353.497637    146.608637  7  8  3  49       
PG04  18194.588513   5475.427633  18625.149796    273.828040  6  5  7  85       
PG05  -7081.871901 -23642.176114  -9870.058761   -159.105716  7  6  6  46       
PG06   7368.076947 -12631.744323  22240.018231    433.886783  6  4  2  78       
PG07  22662.143874   2804.880872 -13465.163773    -44.766167  6  5  4  45       
PG08  11011.683438  11229.653122 -21533.011477   -163.570957  4  9  8  68       
PG09  24059.374620  -5775.296991   9653.405166     68.686636  4  7  7  86       
PG10 -10764.052574  18613.994586 -15167.656276    -70.522641  9  7  9  83       
PG11  -4221.937883 -18547.894739  18581.577913   -550.932102  6  3  6  77       
PG12 -10878.987680 -16006.405718  17936.915065   -470.932123  7  7  4  62       
PG13   -180.716704 -15662.710334 -21622.381678    618.813247  5  6  5  70       
PG14  13368.507916 -15005.816667 -17250.125329    306.832026  5  6  6  85       
PG15 -12189.341016 -10742.882394 -21519.412288    120.351582  7  7  5  97       
PG16     14.412571  25972.422134  -4542.012270   -377.867620  7  4  8  77       
PG17  22777.448253 -13363.305361   3936.215902    719.105241  9  6  6  76       
PG18 -21691.651950  -1655.658420 -15346.609158   -539.343762  8  5  4  88       
PG19  17392.256113 -15786.981678  11854.834697    430.765886  9  5  3  81       
PG20   -568.491237 -26297.219194   4355.574254    390.214950  6  4  6  49       
PG21  19079.447070  16657.376680  -8982.280611    137.398538  6  6  3  73       
PG22  10470.049341 -21722.071296 -11024.194794     43.083049  5  3  3  57       
PG23 -14466.660801   6019.946391 -21394.912898    141.439504  8  4  5  73       
PG24 -20297.880443 -16094.505434  -7188.958542   -419.420844  6  5  7  69       
PG25 -15073.631481  -3840.703263  21215.059702    486.296751  6  3  6  68       
PG26  -4037.545377  25103.845455   6840.471851    197.426001  5  4  7  69       
PG28 -10083.205531  11619.043544  21626.691574   -108.065270  6  5  5  73       
PG29 -24175.040705   2629.794318  10753.233282   -608.250957  5  4  3  88       
PG30  16201.257860  -7055.162241 -19776.774605   -441.683211  7  3  4  72       
PG31  -1176.919646  16552.207577  20439.896029   -227.470941  6  3  5  59       
PG32 -20019.558063  16091.375842   6509.649976   -607.244430  6  8  5  73       
*  2024  1 24  2 15  0.00000000
PG01  23109.885380  13474.322075   -624.220625    167.005570           31       
PG02  20890.015487  14604.164787  -7404.727089   -496.338490  7  9  5  62       
PG03  11574.884939  17131.502755  16599.692418    146.631235  7  8  3  52       
PG04  16301.294957   6601.329490  19954.594530    273.836801  5  5  6  76       
PG05  -6910.495551 -24608.434197  -7220.055933   -159.106886  6  6  7  57       
PG06   9527.599201 -11342.591051  22122.946345    433.874485  6  4  3  88       
PG07  23821.070087   3727.249975 -11167.694841    -44.774373  6  5  4  52       
PG08   8924.839894  12525.900881 -21746.072621   -163.572572  4  9  8  76       
PG09  23103.835176  -4930.341721  12114.955677     68.697810  4  6  6  85       
PG10 -10916.328804  16723.363514 -17137.464768    -70.524430  9  7  8  73       
PG11  -2316.836641 -17450.541673  19928.312469   -550.944434  6  3  6  70       
PG12 -10581.628827 -17989.753114  16183.305402   -470.935583  7  7  4   2       
PG13   2060.826572 -16493.960480 -20867.763659    618.816673  5  6  5  92       
PG14  13480.918359 -12925.285351 -18793.190420    306.841205  5  6  6  26       
PG15 -10333.118894 -12228.734479 -21682.305312    120.355225  7  6  4  92       
PG16   -293.910789  26270.991838  -1684.820201   -377.860643  7  4  8  62       
PG17  23085.367190 -13280.848445   1087.218784    719.104024  9  6  6  87       
PG18 -23003.171335  -2627.016013 -13163.236307   -539.351800  8  5  4  79       
PG19  18624.776944 -16083.498493   9325.764492    430.770723  9  5  3  35       
PG20   -204.040110 -25705.660035   7083.036293    390.213441  6  4  5  81       
PG21  17914.816991  16301.662890 -11454.909340    137.397576  7  6  3  85       
PG22  10536.780097 -20262.235298 -13370.203677     43.077367  4  4  3  48       
PG23 -14576.445851   3543.548325 -21884.420402    141.446432  8  3  5  65       
PG24 -19357.276428 -15956.795935  -9741.394234   -419.427057  6  5  6 102       
PG25 -15060.518653  -6307.563133  20660.063487    486.297868  6  3  5  57       
PG26  -4450.184530  24169.117858   9441.413054    197.422666  5  4  7  83       
PG28 -12223.443399  10423.340582  21126.604188   -108.075885  6  4  5  77       
PG29 -23016.528627   1877.359494  13162.507912   -608.250486  4  4  4  88       
PG30  18051.162186  -5822.691176 -18570.418685   -441.678894  7  3  4  65       
PG31  -3300.612600  15362.101318  21153.540066   -227.470895  6  3  4  81       
PG32 -20639.648736  16154.952730   3720.500291   -607.246795  5  8  5  92       
*  2024  1 24  2 30  0.00000000
PG01  22872.020033  13510.378368  -3504.788679    167.006553           70       
PG02  19833.561068  14412.797133 -10020.068246   -496.333390  7  9  4  71       
PG03  11552.780927  18933.924111  14558.740398    146.653856  7  8  3  40       
PG04  14357.505840   7894.570626  20942.159300    273.845509  4  6  6  74       
PG05  -6757.279249 -25277.837176  -4445.807447   -159.108167  6  6  7  71       
PG06  11725.341639 -10194.610233  21627.955738    433.862162  6  4  4  86       
PG07  24781.476585   4462.266729  -8678.222148    -44.782952  5  5  3  54       
PG08   6901.578203  13932.174654 -21588.108512   -163.574784  4  8  7  71       
PG09  21973.373149  -3884.449425  14367.745115     68.708923  5  6  6  85       
PG10 -11183.662529  14636.040115 -18804.105118    -70.526282  9  7  8  85       
PG11   -240.115992 -16390.325267  20933.281088   -550.956572  6  4  6  71       
PG12 -10391.521123 -19767.293626  14146.428212   -470.939121  6  7  4  60       
PG13   4161.921383 -17401.184023 -19758.836450    618.819949  5  6  5  80       
PG14  13700.486798 -10697.834366 -20010.480006    306.850330  5  6  5  64       
PG15  -8552.218804 -13804.600873 -21488.129328    120.358835  7  6  4  76       
PG16   -579.586945  26256.763268   1202.108765   -377.853548  7  4  8  75       
PG17  23119.473553 -13051.597476  -1780.247979    719.103068  8  6  6  55       
PG18 -24135.443962  -3404.167672 -10755.168009   -539.359884  8  5  4  82       
PG19  19573.273871 -16307.633195   6631.688908    430.775285  9  5  4  74       
PG20    258.705214 -24841.251161   9690.014200    390.211912  5  4  5  84       
PG21  16477.702032  15913.414097 -13735.426132    137.396274  7  6  3  67       
PG22  10673.754952 -18550.045714 -15483.563663     43.071664  4  4  2  69       
PG23 -14824.030201   1044.631176 -21996.187827    141.453314  7  3  5  84       
PG24 -18157.512720 -15764.048303 -12132.652354   -419.433282  6  5  6  90       
PG25 -15164.308219  -8684.138235  19740.321670    486.298987  6  3  5  66       
PG26  -4943.455816  22970.270050  11875.505293    197.419332  5  4  7  75       
PG28 -14352.823525   9373.120646  20262.181987   -108.086490  6  4  5  89       
PG29 -21672.663750    936.270875  15345.772609   -608.249765  3  5  4  91       
PG30  19818.524493  -4752.494864 -17043.924968   -441.674606  7  3  4  32       
PG31  -5531.400886  14253.261826  21494.480920   -227.471094  6  4  4  92       
PG32 -20990.684242  16070.718834    866.700498   -607.249169  5  8  5  98       
*  2024  1 24  2 45  0.00000000
PG01  22345.573048  13428.024174  -6326.627590    167.007630           45       
PG02  18490.643904  14190.656526 -12461.457060   -496.328257  7  9  4  71       
PG03  11601.315010  20488.774833  12266.414615    146.676534  7  7  4  48       
PG04  12409.102850   9342.024349  21570.585648    273.854198  4  6  5  70       
PG05  -6584.290103 -25640.843969  -1594.885771   -159.109897  6  5  7  56       
PG06  13913.649490  -9204.508924  20763.751889    433.849863  5  4  5  87       
PG07  25510.547708   5029.222429  -6040.562994    -44.791492  5  5  3  66       
PG08   4979.856458  15418.813190 -21060.525026   -163.577215  4  7  7  80       
PG09  20709.087211  -2630.802076  16372.693366     68.720082  5  6  6  91       
PG10 -11585.552209  12396.625782 -20138.361489    -70.527275  8  7  7  78       
PG11   1974.389435 -15401.158699  21579.164379   -550.968909  5  4  6  76       
PG12 -10282.349834 -21304.142183  11862.635560   -470.942564  6  6  4  50       
PG13   6087.887601 -18351.347771 -18313.554893    618.823318  5  6  5  87       
PG14  14041.050084  -8367.771305 -20881.333873    306.859475  5  6  5  66       
PG15  -6877.811938 -15438.858404 -20939.359226    120.362368  6  6  3  88       
PG16   -880.013518  25927.507850   4067.671488   -377.846303  7  4  7  89       
PG17  22898.736199 -12642.568503  -4617.194143    719.101891  8  6  6  97       
PG18 -25049.913863  -4003.323873  -8163.681725   -539.367946  7  5  4  62       
PG19  20237.537213 -16419.333299   3820.393498    430.779860  9  5  4  56       
PG20    848.020334 -23729.840454  12132.185061    390.210516  6  4  5  64       
PG21  14781.627713  15529.899108 -15783.437375    137.395275  7  6  3  60       
PG22  10909.242048 -16617.285687 -17326.038245     43.065658  4  4  2  91       
PG23 -15206.240619  -1426.437389 -21728.863698    141.460227  7  2  5  60       
PG24 -16709.207783 -15552.638151 -14323.653713   -419.439524  6  5  6  81       
PG25 -15369.665860 -10924.815716  18473.263241    486.300112  6  3  4  83       
PG26  -5543.612112  21535.700060  14099.748382    197.416046  5  4  7  87       
PG28 -16424.026246   8477.466044  19048.340672   -108.096946  6  4  5  82       
PG29 -20185.836884   -202.934818  17265.293531   -608.249362  4  5  4  97       
PG30  21459.978706  -3844.954793 -15224.370953   -441.670310  6  4  4  69       
PG31  -7827.378943  13252.562410  21457.854161   -227.471296  6  5  4  96       
PG32 -21088.791796  15804.756401  -2002.184713   -607.251556  4  8  5  96       
*  2024  1 24  3  0  0.00000000
PG01  21525.533220  13267.357213  -9042.804502    167.008628           26       
PG02  16875.275160  13975.841552 -14685.174144   -496.322932  7  8  4  67       
PG03  11685.957588  21769.533215   9762.699448    146.699177  7  7  4  42       
PG04  10499.828738  10922.633929  21828.722636    273.862912  4  6  5  57       
PG05  -6353.204072 -25696.876584   1283.592601   -159.110903  6  5  7  51       
PG06  16043.362635  -8380.564196  19545.276198    433.837501  5  4  5  73       
PG07  25981.477690   5453.612231  -3300.435940    -44.799396  4  5  3  50       
PG08   3192.270212  16950.282482 -20171.055735   -163.578081  5  7  7  74       
PG09  19354.221927  -1170.862924  18094.929580     68.731252  5  6  6  89       
PG10 -12133.665087  10053.848607 -21117.101288    -70.528290  8  7  6  75       
PG11   4286.972318 -14511.199351  21854.773672   -550.981163  5  4  6  82       
PG12 -10222.650047 -22572.632717   9372.422221   -470.946112  6  6  4  73       
PG13   7810.735653 -19306.607271 -16555.650261    618.826289  5  6  5 100       
PG14  14508.910817  -5981.978007 -21391.170288    306.868636  5  6  4  12       
PG15  -5335.336092 -17095.159655 -20044.100878    120.365992  6  5  2  86       
PG16  -1232.031455  25290.384058   6860.766674   -377.839290  7  4  7  74       
PG17  22449.348227 -12026.082083  -7374.635118    719.100315  7  6  5  90       
PG18 -25713.365230  -4447.697328  -5433.081619   -539.375994  7  6  4  50       
PG19  20626.481954 -16380.767816    941.665359    430.784812  8  5  4  69       
PG20   1586.750176 -22403.695337  14368.001959    390.209608  6  4  4  67       
PG21  12848.520288  15186.004744 -17561.690043    137.393922  7  7  2  41       
PG22  11265.603013 -14502.395983 -18863.826151     43.059991  4  4  2  64       
PG23 -15711.655438  -3820.740917 -21087.631817    141.467126  7  3  5  74       
PG24 -15030.378200 -15357.091803 -16278.647698   -419.445703  6  5  5  91       
PG25 -15654.329722 -12988.611171  16882.411902    486.301240  7  3  3  62       
PG26  -6271.367152  19900.223646  16074.970123    197.412682  5  4  7  84       
PG28 -18389.842069   7737.245957  17506.030254   -108.107610  6  4  5  87       
PG29 -18601.017166  -1541.389012  18887.796288   -608.248427  5  6  4  92       
PG30  22934.386013  -3092.707668 -13143.715887   -441.665974  6  4  4  69       
PG31 -10143.004081  12379.658198  21045.569488   -227.471347  6  5  4  80       
PG32 -20957.606996  15328.224437  -4836.081538   -607.253919  4  8  5  82       
*  2024  1 24  3 15  0.00000000
PG01  20415.606400  13069.407337 -11608.408102    167.009635                    
PG02  15010.286277  13804.029314 -16650.848185   -496.317948  7  8  3  63       
PG03  11768.787052  22758.091366   7091.066268    146.721914  7  7  5  39       
PG04   8669.732927  12608.057508  21711.740965    273.871596  5  6  4  83       
PG05  -6026.990540 -25454.322234   4139.816164   -159.112551  6  4  6  79       
PG06  18065.544878  -7722.443725  17993.444963    433.825145  4  4  5  53       
PG07  26174.406330   5765.889449   -504.662294    -44.807894  3  5  3  31       
PG08   1564.934895  18486.408867 -18933.721254   -163.580559  6  6  6  79       
PG09  17952.515854    485.460475  19504.417156     68.742330  6  6  5  72       
PG10 -12831.269794   7658.776122 -21723.683489    -70.529545  8  6  6  72       
PG11   6653.380807 -13741.804427  21755.248171   -550.993411  5  4  6  78       
PG12 -10177.227744 -23553.221144   6719.646935   -470.949674  5  5  4  75       
PG13   9310.076256 -20225.731531 -14514.300061    618.829472  5  6  5  69       
PG14  15102.528962  -3588.269714 -21531.708102    306.877821  4  6  3  20       
PG15  -3943.687894 -18733.632241 -18816.036289    120.369335  6  4  1  93       
PG16  -1670.211148  24361.737342   9531.300328   -377.831881  6  4  6  85       
PG17  21803.707835 -11181.076630 -10004.440244    719.099405  6  6  5  71       
PG18 -26099.173432  -4766.410145  -2609.955915   -539.384057  6  6  4  74       
PG19  20757.611153 -16157.980882  -1953.663977    430.789451  8  6  5  61       
PG20   2491.245916 -20900.319598  16359.376789    390.207842  6  4  4  70       
PG21  10708.209527  14912.756277 -19036.829181    137.392849  7  7  2  56       
PG22  11758.199305 -12249.172600 -20068.287463     43.054288  4  4  2  68       
PG23 -16321.057219  -6092.497762 -20084.082203    141.474029  7  3  5  77       
PG24 -13145.908852 -15208.727571 -17965.701110   -419.451878  6  5  4  93       
PG25 -15990.107559 -14840.552464  14996.860793    486.302389  7  3  3  40       
PG26  -7140.877391  18103.767937  17766.563027    197.409356  5  4  7  89       
PG28 -20204.858802   7145.229663  15661.871145   -108.118253  6  5  5  94       
PG29 -16964.072040  -3071.637242  20185.054292   -608.247682  6  6  4  89       
PG30  24204.311546  -2481.150363 -10838.208221   -441.661691  6  4  4  55       
PG31 -12430.727511  11646.344140  20266.186284   -227.471342  5  6  4  96       
PG32 -20627.254292  14618.690831  -7585.317444   -607.256236  4  7  5  81       
*  2024  1 24  3 30  0.00000000
PG01  19028.142897  12874.471716 -13981.200992    167.010695           14       
PG02  12926.699663  13706.902160 -18322.293525   -496.312804  7  8  3  41       
PG03  11810.116587  23445.288581   4297.699321    146.744569  7  7  5  67       
PG04   6953.763532  14363.604627  21221.242160    273.880316  5  5  4  72       
PG05  -5571.562539 -24930.196513   6924.154856   -159.114052  6  4  6  78       
PG06  19933.210997  -7221.361992  16134.793883    433.812702  4  4  5  60       
PG07  26077.090288   6000.065714   2299.607710    -44.816285  2  4  2  54       
PG08    116.611828  19983.819186 -17368.677790   -163.582397  6  6  6  71       
PG09  16546.538334   2319.983855  20576.497503     68.753357  6  6  5  61       
PG10 -13673.026111   5262.949288 -21948.228525    -70.531181  8  6  5  80       
PG11   9026.325756 -13106.759441  21282.146469   -551.005695  5  4  6  85       
PG12 -10108.720994 -24235.069271   3950.709484   -470.953447  5  5  4  65       
PG13  10573.749665 -21065.684124 -12223.700395    618.832813  6  6  5 100       
PG14  15812.532979  -1233.730785 -21301.074737    306.886994  4  6  3  50       
PG15  -2714.646172 -20312.225802 -17274.298764    120.372764  6  4     79       
PG16  -2225.216595  23166.525976  12031.192794   -377.824725  6  4  6  89       
PG17  20999.150779 -10094.193085 -12460.201898    719.098560  5  6  4  80       
PG18 -26188.317006  -4993.180469    257.597941   -539.392124  6  6  4  75       
PG19  20656.141938 -15722.386766  -4814.684873    430.794086  8  6  5  87       
PG20   3570.549216 -19261.085095  18072.309446    390.206552  6  5  4  59       
PG21   8397.616715  14735.950283 -20180.143763    137.392128  7  7  2  57       
PG22  12394.576975  -9905.232426 -20916.589331     43.048696  4  4  3  60       
PG23 -17008.196650  -8200.614942 -18735.974184    141.480924  7  4  5  81       
PG24 -11086.792062 -15134.425716 -19357.137148   -419.458032  6  5  3  99       
PG25 -16344.110795 -16452.809733  12850.653282    486.303523  7  3  3  37       
PG26  -8159.001275  16189.871891  19145.122006    197.406073  5  4  7  89       
PG28 -21827.088675   6686.522986  13547.691471   -108.128869  6  5  5  67       
PG29 -15320.059908  -4777.719943  21134.394536   -608.247133  7  6  4  72       
PG30  25237.359404  -1989.222292  -8347.733248   -441.657382  6  4  4  67       
PG31 -14642.692460  11056.246692  19134.663206   -227.471770  5  6  4  92       
PG32 -20133.070514  13661.224974 -10201.539194   -607.258587  4  7  5  88       
*  2024  1 24  3 45  0.00000000
PG01  17383.765232  12720.500332 -16122.221676    167.011746           49       
PG02  10662.760026  13710.718140 -19668.296845   -496.307333  7  8  3  25       
PG03  11770.186416  23831.107116   1430.686845    146.767244  7  8  5  11       
PG04   5380.560127  16149.430752  20365.259188    273.888987  5  5  4  71       
PG05  -4957.325612 -24149.477145   9588.047570   -159.115705  5  4  6  33       
PG06  21602.987767  -6860.565018  14001.033772    433.800205  4  4  5  62       
PG07  25685.295262   6192.213328   5065.634211    -44.824519  2  4  2  68       
PG08  -1141.883819  21397.536433 -15501.951128   -163.584278  6  6  6  65       
PG09  15176.080174   4306.740435  21292.341512     68.764408  6  6  4  75       
PG10 -14645.137782   2916.516226 -21787.746650    -70.532428  7  6  5  92       
PG11  11357.110656 -12611.809330  20443.430329   -551.017992  6  4  6  85       
PG12  -9979.235930 -24616.292735   1113.702257   -470.956911  5  4  4  69       
PG13  11598.146625 -21783.303099  -9722.542998    618.835834  6  6  6  82       
PG14  16622.047764   1036.908791 -20703.800686    306.896218  4  5  2  45       
PG15  -1652.549934 -21788.164644 -15443.273768    120.376378  6  4     74       
PG16  -2922.322502  21737.391988  14315.359204   -377.817639  6  5  5  80       
PG17  20076.477763  -8760.579900 -14698.108563    719.097508  5  6  4  59       
PG18 -25970.113769  -5164.838944   3120.768756   -539.400229  6  7  4  82       
PG19  20353.835405 -15052.044605  -7591.361697    430.798501  7  6  5  55       
PG20   4825.855077 -17529.728628  19477.454336    390.205236  6  5  4  64       
PG21   5959.641236  14674.961463 -20968.279101    137.391013  7  7  2  43       
PG22  13173.972959  -7520.305478 -21392.249194     43.042763  4  4  3  54       
PG23 -17740.835753 -10110.054761 -17066.898199    141.487811  6  5  5  75       
PG24  -8889.161361 -15155.566500 -20429.923625   -419.464202  6  4  2  98       
PG25 -16680.169684 -17805.532364  10482.088723    486.304648  7  3  3  29       
PG26  -9324.866496  14204.057697  20186.969218    197.402763  4  4  6  86       
PG28 -23219.472749   6339.310200  11199.973770   -108.139540  6  5  4  81       
PG29 -13711.561195  -6635.587576  21719.110848   -608.246669  7  6  4  72       
PG30  26007.317844  -1590.431027  -5715.113865   -441.653109  5  4  4  43       
PG31 -16732.430160  10604.854478  17671.993591   -227.471696  4  6  3  78       
PG32 -19514.121704  12449.202210 -12638.618156   -607.260954  4  7  4  74       
*  2024  1 24  4  0  0.00000000
PG01  15510.712621  12641.585919 -17996.333589    167.012826                    
PG02   8262.656154  13835.091739 -20663.327959   -496.302447  7  8  3  47       
PG03  11610.855288  23924.526962  -1460.807788    146.789906  7  8  5  64       
PG04   3971.494335  17921.945969  19158.146609    273.897715  5  5  5  85       
PG05  -4160.561182 -23144.131398  12084.883122   -159.116693  5  5  6  77       
PG06  23036.647579  -6616.124583  11628.524182    433.787786  4  4  4  65       
PG07  25002.904474   6378.926074   7747.785601    -44.832934  1  4  1  67       
PG08  -2207.964684  22682.671208 -13365.054657   -163.586502  6  6  7  43       
PG09  13876.661717   6412.784702  21639.299186     68.775434  6  6  3  79       
PG10 -15725.858164    666.442706 -21246.125975    -70.533662  7  6  5  84       
PG11  13597.322960 -12254.510553  19253.340298   -551.030284  5  4  6  94       
PG12  -9751.991130 -24703.870008  -1742.445902   -470.960369  5  4  4  67       
PG13  12388.204151 -22337.016603  -7053.401199    618.839150  6  7  6  34       
PG14  17507.324275   3182.794366 -19750.703237    306.905397  4  5  2  68       
PG15   -754.247270 -23119.459084 -13352.321046    120.379587  5  4     64       
PG16  -3780.153551  20113.413991  16342.634792   -377.810406  6  5  5  91       
PG17  19078.330757  -7184.376402 -16677.802474    719.096549  4  5  3  72       
PG18 -25442.654268  -5319.731282   5930.836036   -539.408344  5  7  4  92       
PG19  19887.583671 -14132.661832 -10235.448945    430.803240  7  6  5  44       
PG20   6250.274589 -15750.769197  20550.615784    390.203966  5  5  4  72       
PG21   3441.773320  14741.783195 -21383.890416    137.390049  7  7  3  39       
PG22  14087.172809  -5144.422804 -21485.554955     43.037176  4  4  4  71       
PG23 -18482.028219 -11792.964520 -15105.844178    141.494734  6  5  5  61       
PG24  -6593.151093 -15287.170710 -21166.009091   -419.470396  6  3  2  89       
PG25 -16960.368216 -18887.367321   7932.972372    486.305820  7  3  3  62       
PG26 -10629.761772  12192.142170  20874.555930    197.399435  4  5  6  88       
PG28 -24351.204644   6075.871712   8659.220885   -108.150181  7  5  4  95       
PG29 -12177.112593  -8613.836531  21928.776102   -608.246346  7  6  4  63       
PG30  26495.074566  -1254.078722  -2985.377078   -441.648866  5  4  4  84       
PG31 -18656.486958  10279.878895  15904.740426   -227.471741  4  6  3  87       
PG32 -18811.573255  10984.783037 -14853.522059   -607.263309  4  7  5  81       
*  2024  1 24  4 15  0.00000000
PG01  13443.926842  12666.608140 -19572.719176    167.013928           54       
PG02   5774.978963  14092.044790 -21288.149786   -496.297226  7  8  3  76       
PG03  11297.226198  23743.049173  -4327.380590    146.812562  6  8  6  43       
PG04   2739.996235  19635.385183  17620.360130    273.906389  5  5  5  89       
PG05  -3164.585947 -21951.873355  14370.856317   -159.118201  5  5  6  52       
PG06  24202.457952  -6458.011598   9057.672625    433.775366  4  4  4  77       
PG07  24041.748264   6595.792947  10302.190528    -44.841389  1  4  2  81       
PG08  -3087.225845  23796.143190 -10994.492926   -163.588972  6  6  7  66       
PG09  12678.217490   8599.276218  21611.139767     68.786512  6  6  2  70       
PG10 -16886.323330  -1445.128591 -20333.985269    -70.535024  6  6  5  82       
PG11  15700.522916 -12024.410314  17732.164363   -551.042651  5  4  5  87       
PG12  -9392.905676 -24513.222961  -4568.817181   -470.964043  5  4  4  60       
PG13  12957.071385 -22688.527748  -4262.031524    618.842399  6  7  6  51       
PG14  18438.644215   5168.308231 -18458.664027    306.914625  3  5  2  70       
PG15     -9.323429 -24266.424567 -11035.413905    120.383143  5  4  2  58       
PG16  -4809.705265  18338.594992  18076.617647   -377.803161  6  5  4  93       
PG17  18047.481169  -5378.844369 -18363.200410    719.095511  4  5  3  85       
PG18 -24612.916846  -5496.067132   8639.971857   -539.416451  5  7  5 101       
PG19  19297.816782 -12958.288356 -12701.351835    430.808260  6  6  5  96       
PG20   7828.908188 -13967.903918  21273.164559    390.202207  5  5  4  62       
PG21    894.475603  14940.356275 -21416.209563    137.389297  7  7  3  67       
PG22  15116.734193  -2826.076546 -21193.844421     43.031526  4  5  4  65       
PG23 -19191.586327 -13229.529237 -12886.685523    141.501601  6  5  6  79       
PG24  -4241.618033 -15537.271304 -21552.604863   -419.476566  5  2  2 101       
PG25 -17146.634899 -19695.647177   5247.828206    486.307013  7  3  4  78       
PG26 -12057.355145  10198.558737  21196.735295    197.396118  4  5  6  95       
PG28 -25198.822643   5863.837027   5969.252300   -108.160885  7  5  4  87       
PG29 -10749.805640 -10674.739629  21759.446383   -608.245656  7  6  4  78       
PG30  26689.271129   -946.640496   -204.998523   -441.644569  5  4  4  83       
PG31 -20375.920820  10061.922582  13864.485890   -227.471988  3  6  2  75       
PG32 -18066.980639   9279.043673 -16807.132489   -607.265724  4  6  4  83       
*  2024  1 24  4 30  0.00000000
PG01  11223.911416  12818.076266 -20825.317285    167.015043           94       
PG02   3250.976293  14485.377088 -21530.304084   -496.291876  6  8  4  58       
PG03  10799.144847  23311.909488  -7120.213580    146.835253  6  8  6  80       
PG04   1691.193830  21243.480291  15778.127407    273.915056  5  5  5 102       
PG05  -1960.637257 -20614.699041  16405.780557   -159.119918  4  5  6  69       
PG06  25076.296820  -6351.408095   6332.267984    433.762914  4  4  4  61       
PG07  22821.167928   6875.935991  12687.341679    -44.849838  2  4  2  69       
PG08  -3793.068828  24698.363329  -8431.155509   -163.589950  6  6  7  82       
PG09  11604.009853  10822.802499  21208.176722     68.797570  5  5  1  81       
PG10 -18091.673763  -3382.306157 -19068.400027    -70.536428  6  6  6  74       
PG11  17623.865770 -11903.546514  15905.902628   -551.054963  5  4  5  77       
PG12  -8872.070436 -24067.491745  -7317.328986   -470.967392  5  4  3 108       
PG13  13325.453769 -22804.401419  -1396.600232    618.845360  6  8  6  33       
PG14  19381.462903   6964.221839 -16850.306628    306.923789  3  5  2  51       
PG15    599.392732 -25193.154853  -8530.692431    120.386602  5  3  3  88       
PG16  -6013.692653  16460.151768  19486.404089   -377.796210  5  5  3 101       
PG17  17025.099532  -3366.131693 -19723.254958    719.094368  4  5  3  83       
PG18 -23496.560025  -5730.277276  11202.028652   -539.424542  5  7  5  88       
PG19  18626.798184 -11531.677738 -14946.914756    430.812726  6  6  4 100       
PG20   9539.228748 -12222.441949  21632.368490    390.200963  4  5  4  79       
PG21  -1630.608874  15266.231194 -21061.495679    137.387835  6  6  4  70       
PG22  16237.573277   -610.432523 -20521.630232     43.025415  4  5  4  52       
PG23 -19827.677466 -14408.518081 -10447.588523    141.508501  6  6  6  54       
PG24  -1878.765314 -15906.538453 -21582.410145   -419.482722  5  2  2 102       
PG25 -17202.325884 -20236.249634   2473.092229    486.308191  7  3  5  51       
PG26 -13584.226502   8264.758740  21148.903826    197.392773  4  5  6  92       
PG28 -25747.028273   5667.623355   3176.443486   -108.171555  7  6  4  99       
PG29  -9456.104830 -12775.533204  21213.751969   -608.245228  7  6  5  91       
PG30  26586.675546   -633.241457   2578.863443   -441.640331  5  4  4  70       
PG31 -21857.612932   9925.422219  11587.210992   -227.471948  3  6  2  73       
PG32 -17320.572148   7351.749651 -18464.988482   -607.268121  4  6  5  52       
*  2024  1 24  4 45  0.00000000
PG01   8895.402438  13111.208285 -21733.202018    167.016182           68       
PG02    742.677264  15010.392486 -21384.452454   -496.286868  5  8  4  85       
PG03  10092.515139  22663.015119  -9791.880842    146.857971  5  8  6  58       
PG04    821.880818  22701.170034  13663.014048    273.923747  5  6  5  88       
PG05   -548.445288 -19177.257388  18153.838818   -159.120895  4  5  6  63       
PG06  25642.491880  -6258.208459   3498.757666    433.750549  4  4  4  52       
PG07  21367.334259   7248.659151  14864.650468    -44.858150  1  4  2  77       
PG08  -4346.005418  25354.806844  -5719.609520   -163.590721  6  6  7  63       
PG09  10669.815084  13036.890111  20437.274257     68.808749  5  5  2  88       
PG10 -19302.414607  -5116.611919 -17472.513086    -70.538407  6  5  6  75       
PG11  19329.595386 -11867.249681  13805.832708   -551.067240  5  4  5  71       
PG12  -8165.048396 -23396.537579  -9941.522134   -470.970809  5  4  4  87       
PG13  13520.656966 -22657.487679   1493.153166    618.848469  6  8  6  86       
PG14  20297.744812   8548.597326 -14953.581732    306.932921  3  5  1  34       
PG15   1095.054562 -25868.894281  -5879.928942    120.389959  4  4  4  39       
PG16  -7386.256855  14526.682373  20547.195743   -377.788893  6  5  3  85       
PG17  16049.080010  -1176.667968 -20732.633224    719.093975  5  5  2  55       
PG18 -22117.399556  -6055.440863  13573.301653   -539.432637  5  7  5  89       
PG19  17916.880053  -9864.306240 -16934.124166    430.817514  5  6  4  78       
PG20  11351.762576 -10551.834799  21621.630963    390.199551  4  5  4  74       
PG21  -4082.550944  15706.596258 -20323.341329    137.386652  5  6  4  68       
PG22  17417.893322   1462.324780 -19480.561684     43.019961  4  5  4  47       
PG23 -20348.489127 -15327.506840  -7830.357748    141.515366  5  6  6  79       
PG24    451.287616 -16388.173287 -21253.776469   -419.488900  5  1  2  86       
PG25 -17093.739744 -20523.142898   -343.697757    486.309252  7  3  5  55       
PG26 -15180.688784   6427.755825  20733.013106    197.389495  4  5  6  86       
PG28 -25989.200120   5450.002984    328.921790   -108.182220  7  6  4  58       
PG29  -8314.932156 -14869.912286  20300.871963   -608.244691  6  6  5  78       
PG30  26192.262425   -279.176517   5319.133148   -441.636067  4  3  4  50       
PG31 -23075.349105   9839.822757   9112.620708   -227.471971  3  6  1  57       
PG32 -16609.595955   5230.779734 -19797.938318   -607.270487  4  5  5  87       
*  2024  1 24  5  0  0.00000000
PG01   6505.894728  13553.277189 -22280.900899    167.017341           58       
PG02  -1699.032078  15653.999706 -20852.556534   -496.281895  4  7  4  85       
PG03   9160.383524  21833.647161 -12297.122400    146.880662  4  8  6  93       
PG04    120.815106  23966.281083  11311.390902    273.932393  5  6  4  93       
PG05   1063.534394 -17685.122612  19584.255860   -159.122708  3  6  5  69       
PG06  25894.352207  -6138.653384    605.478866    433.738126  4  4  4  60       
PG07  19712.347482   7738.249894  16798.952816    -44.866349  2  5  2  82       
PG08  -4772.665840  25737.409764  -2907.302789   -163.591968  6  6  7  82       
PG09   9883.414484  15193.645259  19311.734388     68.819834  4  5  3  85       
PG10 -20475.955953  -6627.837015 -15575.043176    -70.539320  5  5  6  83       
PG11  20786.351905 -11885.216325  11467.982356   -551.079543  5  4  4  82       
PG12  -7253.957952 -22535.715971 -12397.302392   -470.974624  5  4  4  98       
PG13  13575.364982 -22228.121262   4356.800722    618.851748  6  8  6  79       
PG14  21147.439589   9907.406923 -12801.268654    306.942029  3  5  2  56       
PG15   1505.776729 -26269.254610  -3127.906100    120.393209  4  4  4  92       
PG16  -8913.042386  12586.294042  21240.762395   -377.782080  5  5  3  93       
PG17  15152.493337   1151.791324 -21372.290775    719.092666  5  5  2  67       
PG18 -20506.588850  -6499.841945  15713.254916   -539.440690  5  8  5  97       
PG19  17208.789134  -7976.054980 -18629.715985    430.822261  5  6  4  73       
PG20  13231.045297  -8988.358337  21240.632025    390.198829  3  6  4  73       
PG21  -6413.049468  16240.687217 -19212.808626    137.385311  5  6  4  50       
PG22  18620.417495   3358.439763 -18089.220567     43.014250  3  5  4  56       
PG23 -20713.899294 -15992.770882  -5079.728402    141.522232  5  6  6  80       
PG24   2705.942834 -16968.078088 -20570.806764   -419.494959  5     3  86       
PG25 -16791.508271 -20577.642370  -3154.701877    486.310407  7  4  6  81       
PG26 -16811.860725   4718.869515  19957.456637    197.386168  4  5  5  97       
PG28 -25927.583534   5173.737619  -2524.266811   -108.192824  7  6  4  78       
PG29  -7337.054719 -16909.676734  19036.391582   -608.244232  6  6  6  73       
PG30  25519.000414    148.583413   7969.572383   -441.631810  4  3  3  61       
PG31 -24010.636035   9770.933007   6483.429442   -227.472021  2  6  2  69       
PG32 -15966.801164   2951.222886 -20782.684114   -607.272891  5  5  5  90       
*  2024  1 24  5 15  0.00000000
PG01   4104.071346  14143.247365 -22458.649606    167.018484           98       
PG02  -4026.295523  16395.188744 -19943.886918   -496.276479  4  6  4  79       
PG03   7993.753125  20864.978929 -14593.575364    146.903379  4  7  6  81       
PG04   -430.662665  25001.114207   8763.810931    273.941101  4  7  4  98       
PG05   2858.240048 -16183.038323  20671.876138   -159.123859  3  6  5  70       
PG06  25834.371453  -5953.034853  -2298.144788    433.725697  4  4  4  29       
PG07  17893.150506   8362.969729  18458.966722    -44.874758  2  5  3  87       
PG08  -5104.549530  25825.727662    -43.693240   -163.593882  6  6  7  81       
PG09   9244.410823  17245.459675  17851.066100     68.830901  4  5  4  85       
PG10 -21568.269013  -7904.564146 -13409.706167    -70.541299  4  5  6  64       
PG11  21970.242898 -11922.812467   8932.517546   -551.091869  5  4  4  66       
PG12  -6128.302307 -21524.469850 -14643.626668   -470.977856  6  4  4  82       
PG13  13526.198931 -21505.044397   7144.142122    618.854979  5  8  5  77       
PG14  21890.041621  11034.849808 -10430.402716    306.951186  3  5  2  55       
PG15   1863.399304 -26377.224644   -321.710915    120.396695  3  5  5  94       
PG16 -10571.639432  10684.774802  21555.750355   -377.774913  5  6  3  82       
PG17  14362.238195   3575.438257 -21629.920580    719.091985  5  5  2  41       
PG18 -18701.532243  -7085.710088  17585.200173   -539.448716  5  8  5  89       
PG19  16540.010057  -5894.573714 -20005.680799    430.826998  4  7  3  56       
PG20  15136.819176  -7557.996756  20495.367921    390.197154  3  6  4  76       
PG21  -8578.275874  16840.574487 -17748.375207    137.384185  4  5  5  56       
PG22  19803.872354   5051.759977 -16372.754476     43.008161  3  5  5  38       
PG23 -20887.089511 -16418.855063  -2242.616976    141.529093  4  6  6  45       
PG24   4845.521838 -17625.302513 -19543.383540   -419.501113  6     3  66       
PG25 -16271.814375 -20427.413555  -5912.555455    486.311585  7  4  6  92       
PG26 -18438.944460   3162.714214  18836.839526    197.382854  4  5  5  85       
PG28 -25573.149527   4803.215330  -5334.005304   -108.203279  7  6  4  51       
PG29  -6524.800184 -18846.464690  17442.043395   -608.243804  6  6  6  39       
PG30  24587.356884    679.954008  10485.515132   -441.627520  4  4  3  58       
PG31 -24653.228354   9682.407632   3744.620627   -227.472053  2  6  2  59       
PG32 -15419.116643    554.185425 -21402.206860   -607.275273  5  5  5  99       
*  2024  1 24  5 30  0.00000000
PG01   1738.187762  14871.715556 -22262.579885    167.019622          104       
PG02  -6196.049710  17205.864697 -18674.856860   -496.271316  3  6  4  91       
PG03   6592.098803  19800.466474 -16642.452904    146.926099  4  7  6  76       
PG04   -857.714184  25773.872578   6064.306041    273.949779  4  8  4  95       
PG05   4810.471969 -14713.205307  21397.634092   -159.125150  3  6  5  68       
PG06  25474.093947  -5663.407427  -5162.429257    433.713286  4  5  4  55       
PG07  15950.291726   9134.263607  19817.702367    -44.882773  2  5  3  90       
PG08  -5376.569022  25607.804461   2820.676798   -163.594964  6  6  7  87       
PG09   8744.377263  19146.714705  16080.640595     68.841986  4  5  5  88       
PG10 -22535.591403  -8944.343605 -11014.564497    -70.543436  3  5  5 102       
PG11  22865.636297 -11942.556877   6243.055906   -551.104156  5  4  3  50       
PG12  -4785.518226 -20404.797005 -16643.127019   -470.981453  6  5  4  95       
PG13  13412.113334 -20486.010675   9806.132883    618.858593  4  7  5  74       
PG14  22486.173790  11933.357340  -7881.638808    306.960398  2  6  3  57       
PG15   2202.078854 -26183.925823   2490.048754    120.400312  3  6  5  74       
PG16 -12332.368214   8863.888623  21487.832023   -377.767707  5  6  4  96       
PG17  13697.953619   6045.953716 -21500.259914    719.090847  5  5  2  37       
PG18 -16744.570362  -7828.193368  19156.918156   -539.456772  5  8  5  89       
PG19  15943.326904  -3654.356666 -21039.663325    430.831889  4  7  3  31       
PG20  17025.428968  -6279.571799  19398.086141    390.195814  3  6  4  92       
PG21 -10540.557590  17472.302883 -15955.677578    137.383241  4  5  5  81       
PG22  20924.655543   6524.584286 -14362.357283     43.002782  3  5  5  56       
PG23 -20836.040460 -16627.838756    632.658297    141.535979  4  6  5  56       
PG24   6834.575399 -18332.756845 -18187.120044   -419.507253  6     3  88       
PG25 -15517.396249 -20105.263686  -8571.113957    486.312722  6  5  6  93       
PG26 -20020.654228   1776.468563  17391.641039    197.379533  4  5  5  78       
PG28 -24945.128988   4306.025839  -8051.952649   -108.213985  7  6  4  77       
PG29  -5872.111867 -20633.505732  15545.336162   -608.243316  6  6  6  49       
PG30  23424.539336   1340.420979  12824.573518   -441.623257  4  4  3  68       
PG31 -25001.353592   9537.298008    942.693046   -227.472354  2  6  2  80       
PG32 -14986.582425  -1914.641941 -21646.063034   -607.277663  4  4  5  86       
*  2024  1 24  5 45  0.00000000
PG01   -545.535923  15721.161915 -21694.836551    167.020722          124       
PG02  -8171.582535  18052.002440 -17068.683834   -496.266082  3  6  4  93       
PG03   4963.565297  18684.171375 -18409.162673    146.948806  4  6  6  87       
PG04  -1190.827914  26259.874957   3259.616297    273.958444  4  9  4  76       
PG05   6887.692009 -13313.683271  21748.906144   -159.125901  3  7  5  61       
PG06  24833.647449  -5235.240415  -7938.266104    433.700840  4  5  5  46       
PG07  13926.576977  10056.211828  20852.825206    -44.891025  3  5  3  83       
PG08  -5625.447740  25080.711197   5635.140003   -163.596036  6  6  7  86       
PG09   8367.332378  20855.416409  14031.239072     68.853089  3  5  5  94       
PG10 -23336.114910  -9753.524036  -8431.320406    -70.544228  3  5  5  50       
PG11  23465.644005 -11905.726254   3445.916976   -551.116494  5  4  3  69       
PG12  -3231.227895 -19219.649039 -18362.667203   -470.984607  6  5  4  99       
PG13  13272.695045 -19178.040448  12295.804141    618.861563  3  6  4  82       
PG14  22899.135671  12613.289231  -5198.561900    306.969490  2  6  3  60       
PG15   2556.758165 -25689.074547   5258.094832    120.403513  3  6  6  69       
PG16 -14159.366648   7159.866232  21039.698219   -377.760631  5  6  5  80       
PG17  13171.243972   8512.252538 -20985.242447    719.090075  5  4  3  41       
PG18 -14681.485364  -8734.603900  20401.212457   -539.464878  5  8  5  69       
PG19  15445.575469  -1295.570759 -21715.255269    430.836528  4  6  3  18       
PG20  18851.365330  -5164.151825  17967.114500    390.194633  2  6  4  78       
PG21 -12269.813034  18097.337446 -13867.048859    137.382006  3  5  5  64       
PG22  21938.612137   7768.148226 -12094.612313     42.996938  2  5  5  84       
PG23 -20534.854501 -16648.325057   3497.175574    141.542837  3  6  5  38       
PG24   8643.058156 -19058.174191 -16523.227975   -419.513423  6     3  46       
PG25 -14518.305798 -19647.770155 -11086.157738    486.313825  6  5  6  80       
PG26 -21514.737871    569.447709  15647.781687    197.376064  4  5  5  65       
PG28 -24070.240958   3654.412380 -10631.375390   -108.224657  7  5  4  68       
PG29  -5364.941590 -22227.324868  13379.077331   -608.242854  6  7  6  75       
PG30  22063.501877   2149.891925  14947.306838   -441.618976  3  4  3  68       
PG31 -25061.633113   9299.613879  -1875.094924   -227.472559  2  6  3  72       
PG32 -14681.577081  -4406.597312 -21510.547631   -607.280053  4  4  5  87       
*  2024  1 24  6  0  0.00000000
PG01  -2704.460478  16666.507190 -20763.618854    167.021876          105       
PG02  -9923.816102  18895.069068 -15154.889023   -496.261073  3  5  4  69       
PG03   3124.841991  17559.077712 -19863.857270    146.971529  4  6  5  75       
PG04  -1464.429485  26442.504739    398.365644    273.967123  3  9  5  66       
PG05   9051.122480 -12016.972046  21719.736722   -159.127315  2  7  5  62       
PG06  23940.958750  -4638.947143 -10577.955331    433.688424  3  5  5  58       
PG07  11865.652905  11125.241447  21546.971757    -44.899353  3  5  4  70       
PG08  -5888.039961  24250.729029   8349.874032   -163.596681  6  6  7  85       
PG09   8090.521616  22334.697226  11738.501789     68.864211  3  5  5  90       
PG10 -23931.591884 -10346.752035  -5704.568199    -70.545892  3  4  4  67       
PG11  23772.276960 -11774.019444    589.322140   -551.128832  5  4  3  72       
PG12  -1479.188155 -18011.319927 -19773.827913   -470.987962  6  5  4  84       
PG13  13146.435327 -17597.312877  14569.152699    618.864674  3  5  4  80       
PG14  23096.358272  13092.334418  -2426.955637    306.978642  2  6  4  73       
PG15   2961.574366 -24901.122170   7933.382367    120.407386  3  7  6  49       
PG16 -16011.929482   5602.152543  20220.900212   -377.753338  5  7  5  61       
PG17  12785.253746  10922.357581 -20093.987939    719.088965  5  4  4  79       
PG18 -12559.880727  -9803.966357  21296.386579   -539.472921  5  8  5  67       
PG19  15066.648905   1137.315526 -22022.183024    430.841684  3  6  3  47       
PG20  20568.898405  -4214.765130  16226.584430    390.193065  2  6  4  68       
PG21 -13744.661181  18674.249450 -11520.858624    137.380618  3  5  6  79       
PG22  22802.839129   8782.727969  -9610.718791     42.991189  1  5  5  77       
PG23 -19964.856143 -16514.193025   6302.214526    141.549743  3  7  5  17       
PG24  10247.323128 -19765.294391 -14578.295508   -419.519581  6  1  2           
PG25 -13272.398778 -19093.797669 -13416.050438    486.314956  6  5  6  82       
PG26 -22879.530908   -457.011517  13636.107570    197.372720  4  5  5  43       
PG28 -22981.645439   2826.543346 -13027.949475   -108.235344  7  5  4  46       
PG29  -4981.964818 -23589.330107  10980.797521   -608.242023  5  8  6  66       
PG30  20541.752831   3121.758023  16817.846056   -441.614733  3  4  3  46       
PG31 -24848.707505   8935.839203  -4661.473335   -227.472484  2  5  4  68       
PG32 -14508.371070  -6871.773948 -20998.722232   -607.282407  4  4  5  78       
*  2024  1 24  6 15  0.00000000
PG01  -4700.957025  17675.962396 -19483.140965    167.022971          105       
PG02 -11432.257551  19693.647599 -12968.651261   -496.255781  2  5  5  92       
PG03   1100.719259  16465.464786 -20981.910273    146.994268  4  5  5  85       
PG04  -1715.333626  26313.856245  -2469.800212    273.975725  3 10  6  73       
PG05  11257.099797 -10848.829892  21310.933931   -159.128512  2  7  5  76       
PG06  22830.680391  -3851.231629 -13036.021478    433.676048  3  5  6  44       
PG07   9810.565762  12330.107291  21888.016902    -44.907813  3  5  4  90       
PG08  -6199.645438  23133.166721  10916.858026   -163.598562  6  6  7  86       
PG09   7885.473094  23554.125095   9242.289264     68.875338  3  5  5  77       
PG10 -24288.801408 -10746.166605  -2881.019975    -70.546537  3  4  4  83       
PG11  23796.265199 -11511.215193  -2277.441758   -551.141173  4  5  3  57       
PG12    449.058329 -16819.881301 -20853.317849   -470.991612  6  6  5  85       
PG13  13069.047844 -15768.695400  16585.980069    618.867971  2  5  4  86       
PG14  23050.711272  13394.641112    385.959652    306.987787  2  6  4  64       
PG15   3448.271135 -23837.056036  10468.037218    120.410648  4  7  6  61       
PG16 -17846.037161   4212.457831  19047.552955   -377.746386  4  7  6  45       
PG17  12534.612885  13225.320503 -18842.627720    719.087959  5  4  4  45       
PG18 -10427.495380 -11026.888996  21826.635548   -539.480941  6  7  5  76       
PG19  14818.788598   3597.048788 -21956.393367    430.846215  3  5  3           
PG20  22133.739844  -3426.430562  14206.050471    390.191648  1  5  4  70       
PG21 -14953.145202  19160.560748  -8960.673500    137.378864  2  5  6  72       
PG22  23477.437211   9577.363142  -6955.625972     42.985174     5  5  76       
PG23 -19115.429559 -16263.160182   9000.056934    141.556583  3  7  5  80       
PG24  11630.895337 -20415.233176 -12383.970105   -419.525759  6  1  2           
PG25 -11785.543530 -18482.957971 -15522.346384    486.316119  6  5  6 100       
PG26 -24075.483444  -1309.354898  11391.805284    197.369428  4  5  5  61       
PG28 -21717.661785   1807.554083 -15200.518590   -108.245983  6  5  4  68       
PG29  -4695.589433 -24687.220673   8392.087564   -608.241818  5  8  6  75       
PG30  18900.006250   4262.199785  18404.466540   -441.610439  2  4  3  69       
PG31 -24384.584543   8416.348712  -7369.892479   -227.472661  2  5  4  70       
PG32 -14463.021644  -9260.788637 -20120.310380   -607.284800  5  4  5  94       
*  2024  1 24  6 30  0.00000000
PG01  -6503.668856  18712.147366 -17873.506232    167.024108          121       
PG02 -12685.578460  20405.186004 -10550.037417   -496.250562  3  5  5  97       
PG03  -1076.657508  15439.394861 -21744.312208    147.016982  4  5  4  91       
PG04  -1981.099924  25875.051724  -5295.097081    273.984416  3 10  6  75       
PG05  13458.627488  -9827.376224  20530.033796   -159.129468  2  7  5  84       
PG06  21542.867899  -2856.199267 -15269.999244    433.663624  4  4  6  29       
PG07   7802.340710  13652.145655  21869.290305    -44.916286  3  5  4  90       
PG08  -6592.391806  21751.819461  13290.791726   -163.601054  6  6  7  80       
PG09   7719.284510  24490.768846   6585.968301     68.886472  3  5  5  73       
PG10 -24380.823343 -10980.324781     -8.718202    -70.547203  2  4  3  61       
PG11  23556.549642 -11084.757832  -5104.880160   -551.153493  4  5  4  78       
PG12   2524.815615 -15681.718942 -21583.308568   -470.994744  6  6  5  91       
PG13  13071.904156 -13724.927405  18310.660101    618.871408  2  5  4  93       
PG14  22741.614346  13549.710074   3192.308089    306.996916  2  6  4  80       
PG15   4044.683948 -22521.859101  12816.305958    120.413889  4  7  6  73       
PG16 -19616.006425   3004.144344  17541.914685   -377.739017  4  8  6  62       
PG17  12405.755365  15373.104255 -17253.970131    719.087013  5  5  5  33       
PG18  -8330.514931 -12385.764941  21982.344243   -539.488954  6  7  4  68       
PG19  14706.180812   6035.195497 -21520.041713    430.850883  2  5  4  24       
PG20  23504.669383  -2786.506337  11940.009983    390.190817     5  3  90       
PG21 -15893.030952  19514.653893  -6234.267276    137.378067  2  6  6  81       
PG22  23927.133102  10169.217239  -4177.101848     42.979377     5  5  76       
PG23 -17984.561799 -15935.209236  11544.771367    141.563426  3  8  5  77       
PG24  12784.989550 -20967.991388  -9976.541977   -419.531962  6  2  2  42       
PG25 -10071.544664 -17854.066299 -17370.343472    486.317284  6  5  6 111       
PG26 -25066.603005  -2001.318630   8953.760714    197.366136  4  5  6  58       
PG28 -20320.302554    590.318204 -17111.796241   -108.256600  7  5  4  73       
PG29  -4473.217510 -25496.160094   5657.860653   -608.241193  5  8  5  68       
PG30  17180.725271   5569.762782  19680.102130   -441.606139  1  4  3  79       
PG31 -23697.736475   7716.676354  -9955.231206   -227.472666  1  4  5  92       
PG32 -14533.609970 -11526.520282 -18891.465936   -607.287149  5  4  5  87       
*  2024  1 24  6 45  0.00000000
PG01  -8088.557572  19733.444645 -15960.489922    167.025219          109       
PG02 -13681.802709  20987.790725  -7943.135352   -496.245396  3  5  5  68       
PG03  -3368.809579  14511.370935 -22137.981545    147.039711  4  5  4  86       
PG04  -2298.358871  25136.215907  -8028.489352    273.993033  4 10  7  70       
PG05  15607.065080  -8962.513654  19391.135333   -159.130869  2  6  5  79       
PG06  20121.456824  -1646.186617 -17241.174932    433.651303  4  4  6  62       
PG07   5878.626909  15065.796386  21489.738325    -44.924512  4  5  4  82       
PG08  -7093.754822  20138.092233  15429.954483   -163.602725  5  6  6  79       
PG09   7556.088745  25129.978614   3815.637050     68.897617  2  5  5  68       
PG10 -24188.076686 -11082.903220   2863.752739    -70.548756  2  5  2  77       
PG11  23079.465229 -10467.207921  -7844.154407   -551.165824  4  6  4  68       
PG12   4713.127350 -14628.220832 -21951.691578   -470.998293  6  7  6  78       
PG13  13180.653658 -11505.490316  19712.816482    618.874581     5  4  88       
PG14  22155.911536  13591.093600   5944.347101    307.006087  2  6  4  85       
PG15   4773.367189 -20987.641748  14935.493097    120.417529  5  6  6  76       
PG16 -21276.192016   1981.964040  15731.860528   -377.732052  3  8  6  40       
PG17  12377.595538  17322.344135 -15357.015996    719.085913  4  5  5  54       
PG18  -6311.943583 -13855.299142  21760.285712   -539.496970  6  7  5  62       
PG19  14724.868274   8403.776255 -20721.388244    430.855618  2  4  4  19       
PG20  24645.062490  -2275.345465   9467.329223    390.189524     5  3  74       
PG21 -16571.665683  19697.651126  -3392.517620    137.377441  2  6  6  47       
PG22  24122.703765  10582.611108  -1324.764304     42.973890     5  5  92       
PG23 -16579.070923 -15570.937831  13892.970785    141.570330  4  8  5  76       
PG24  13708.744816 -21384.051124  -7396.426125   -419.538159  6  2  3  55       
PG25  -8151.787078 -17243.647551 -18929.578851    486.318433  6  5  6  98       
PG26 -25821.761088  -2553.165173   6363.874732    197.362912  4  5  6   9       
PG28 -18833.679629   -824.081645 -18728.999952   -108.267194  7  5  4  80       
PG29  -4278.709136 -25999.667768   2825.553844   -608.240802  5  8  5  48       
PG30  15426.609122   7035.220134  20622.793896   -441.601866     4  4  55       
PG31 -22821.980897   6818.592586 -12374.475440   -227.472767  2  4  5  74       
PG32 -14700.806638 -13625.749390 -17334.423014   -607.289498  5  4  5  94       
*  2024  1 24  7  0  0.00000000
PG01  -9439.691029  20695.545722 -13775.225939    167.026341          116       
PG02 -14428.102479  21401.983658  -5195.118033   -496.240244  4  5  5  77       
PG03  -5732.186011  13705.213556 -22155.986562    147.062405  5  5  4 100       
PG04  -2701.175933  24116.108850 -10622.563327    274.001712  4  9  7  76       
PG05  17653.884130  -8255.690451  17914.611818   -159.132103  2  6  5  89       
PG06  18612.596987   -222.275670 -18915.270286    433.638937  5  4  6  70       
PG07   4072.452964  16539.381570  20754.026491    -44.932774  4  6  4  92       
PG08  -7725.279974  18329.826091  17296.983551   -163.603533  5  5  6  76       
PG09   7358.638687  25465.851675    979.304452     68.908756  3  5  6  44       
PG10 -23699.088199 -11091.227124   5688.045233    -70.550221  3  5  1  65       
PG11  22397.647304  -9637.499985 -10447.935397   -551.178145  3  6  5  63       
PG12   6973.898328 -13684.661620 -21952.256446   -471.001733  7  7  6  77       
PG13  13414.087026  -9155.210331  20767.893810    618.877849     5  4  89       
PG14  21288.476286  13554.949486   8595.252634    307.015235  2  6  4  68       
PG15   5650.428163 -19272.475043  16786.858615    120.420920  5  6  6  88       
PG16 -22782.669667   1142.147365  13650.269197   -377.725013  2  8  7  43       
PG17  12422.529528  19035.910629 -13186.339502    719.085029  4  6  5  85       
PG18  -4410.098771 -15403.344036  21163.713884   -539.505031  6  7  5  77       
PG19  14862.974732  10656.871426 -19574.607801    430.860629  2  4  4  35       
PG20  25524.258431  -1867.233833   6830.584129    390.187898     5  3  85       
PG21 -17005.408039  19675.167729   -488.232096    137.376455  3  6  7  49       
PG22  24042.145238  10847.779226   1550.897892     42.967907     5  5  91       
PG23 -14914.509609 -15209.892948  16004.532126    141.577214  4  8  5  84       
PG24  14409.157978 -21625.999112  -4687.543727   -419.544356  6  2  3  66       
PG25  -6054.614288 -16684.542560 -20174.265176    486.319580  6  5  6  91       
PG26 -26315.817628  -2990.680861   3666.348195    197.359595  4  6  6  54       
PG28 -17302.344052  -2426.201997 -20024.407238   -108.277857  7  5  4  80       
PG29  -4073.989087 -26190.193813    -55.715565   -608.240266  6  9  4  53       
PG30  13679.077745   8641.728867  21216.067123   -441.597553     4  4  75       
PG31 -21795.185800   5710.954405 -14587.361378   -227.472683  3  5  6  93       
PG32 -14938.738261 -15520.634667 -15477.038611   -607.291854  6  4  5  88       
*  2024  1 24  7 15  0.00000000
PG01 -10549.737834  21553.137635 -11353.794118    167.027450           89       
PG02 -14940.221004  21612.345856  -2355.268271   -496.235111  4  6  5  71       
PG03  -8119.619513  13037.198064 -21797.674586    147.085105  5  4  4 102       
PG04  -3219.519873  22841.431792 -13032.369605    274.010393  4  9  7  82       
PG05  19552.420561  -7700.009989  16126.706505   -159.133435  1  5  5  89       
PG06  17062.907406   1405.530215 -20263.055862    433.626621  5  3  6  21       
PG07   2411.135626  18036.121255  19672.576414    -44.941107  4  6  4  89       
PG08  -8501.559328  16369.878737  18859.554016   -163.604339  5  5  5  71       
PG09   7089.947375  25501.366907  -1873.959864     68.919882  3  5  6  74       
PG10 -22910.967362 -11044.682436   8416.807812    -70.552377  4  5  1  70       
PG11  21548.704157  -8581.956992 -12871.231613   -551.190478  3  6  5  44       
PG12   9263.205961 -12869.321732 -21584.788791   -471.005023  7  7  6  67       
PG13  13783.291433  -6722.651888  21457.609049    618.881320     5  4  94       
PG14  20142.524530  13478.504379  11099.889521    307.024385  2  6  4  64       
PG15   6684.625434 -17418.970717  18336.448285    120.424261  5  5  6  90       
PG16 -24094.834478    472.828472  11334.342245   -377.717843  2  9  7  64       
PG17  12507.713684  20484.207760 -10781.354351    719.084043  4  6  5  78       
PG18  -2657.286685 -16992.014911  20202.346628   -539.513096  6  7  5  75       
PG19  15101.230017  12752.142420 -18099.519551    430.865509  2  4  5  23       
PG20  26118.713609  -1531.575354   4075.326346    390.186881     5  3  88       
PG21 -17218.664929  19418.854162   2425.051311    137.375252  3  6  7  76       
PG22  23671.542541  10999.409362   4399.488661     42.962004  1  5  5  88       
PG23 -13014.746425 -14888.952319  17843.267284    141.584151  5  8  5  91       
PG24  14900.709499 -21660.112968  -1896.607084   -419.550580  6  2  3  81       
PG25  -3814.462985 -16204.661147 -21083.665393    486.320752  6  4  6  89       
PG26 -26530.525243  -3343.976473    906.947826    197.356271  4  6  7  77       
PG28 -15769.623314  -4198.411927 -20975.824446   -108.288519  7  6  3  83       
PG29  -3820.731430 -26069.355115  -2936.022228   -608.239983  6  8  5  72       
PG30  11976.808588  10365.277161  21449.230326   -441.593258     4  5  67       
PG31 -20657.844363   4390.299592 -16556.978343   -227.472867  3  5  6 101       
PG32 -15216.116020 -17179.970953 -13352.240949   -607.294198  6  4  5  95       
*  2024  1 24  7 30  0.00000000
PG01 -11420.142299  22261.670300  -8736.706661    167.028519          100       
PG02 -15241.557639  21588.979393    526.007292   -496.230015  4  5  6  29       
PG03 -10481.925273  12515.484660 -21068.705828    147.107787  5  5  5 111       
PG04  -3877.897154  21345.833995 -15216.218074    274.019086  4  8  7  84       
PG05  21259.553424  -7280.679211  14059.023467   -159.134472  1  5  4  91       
PG06  15517.719064   3218.478589 -21260.881888    433.614322  6  3  5  57       
PG07    915.381784  19515.358764  18261.530043    -44.949649  4  6  4  98       
PG08  -9429.505376  14304.521139  20090.946236   -163.606940  5  5  3  65       
PG09   6714.917728  25248.184417  -4694.888867     68.931013  3  5  6  57       
PG10 -21829.574214 -10983.069857  11004.416925    -70.553877  4  5  1  75       
PG11  20573.707889  -7295.020769 -15072.176248   -551.202760  3  5  5  67       
PG12  11534.756787 -12192.871696 -20855.087111   -471.008518  7  8  6  78       
PG13  14291.132769  -4258.369018  21770.273666    618.884627     5  5  89       
PG14  18729.623727  13398.484109  13415.556014    307.033549  2  6  5  82       
PG15   7876.777725 -15472.666599  19555.829988    120.427975  5  5  6  92       
PG16 -25176.855243    -45.220694   8824.874854   -377.710861  2  9  7  46       
PG17  12596.559773  21646.154437  -8185.488361    719.082942  4  6  4  59       
PG18  -1078.710648 -18579.044713  18892.236734   -539.521107  5  7  5  81       
PG19  15413.773384  14652.216849 -16321.242425    430.870270  4  5  5  53       
PG20  26412.892845  -1234.278086   1249.287140    390.185591     5  3  84       
PG21 -17242.592287  18907.655859   5294.244811    137.374198  4  6  6  87       
PG22  23005.612201  11075.033440   7171.629981     42.956379  2  5  4  76       
PG23 -10911.238630 -14640.813738  19377.535281    141.591084  5  8  5  91       
PG24  15204.687513 -21457.843785    927.683647   -419.556822  5  3  3  61       
PG25  -1470.783014 -15825.923726 -21642.403962    486.321880  6  4  5  98       
PG26 -26455.183743  -3646.137821  -1867.736372    197.352968  4  7  7  66       
PG28 -14276.019695  -6115.385293 -21566.961085   -108.299192  7  6  3  77       
PG29  -3482.054123 -25647.824097  -5765.516513   -608.239606  6  8  5  40       
PG30  10354.378892  12175.409381  21317.590334   -441.588918  2  4  5  81       
PG31 -19451.568790   2861.164959 -18250.326562   -227.472991  4  5  6 104       
PG32 -15497.577245 -18580.182856 -10997.397862   -607.296540  6  4  5  66       
*  2024  1 24  7 45  0.00000000
PG01 -12060.964683  22779.138753  -5968.294632    167.029604           83       
PG02 -15361.964872  21308.730133   3398.148450   -496.224915  5  5  5  68       
PG03 -12769.585508  12139.863527 -19980.989826    147.130450  5  4  5 101       
PG04  -4694.207315  19668.660616 -17136.410328    274.027750  4  7  7  89       
PG05  22737.244228  -6975.774283  11747.926305   -159.135651     4  4  85       
PG06  14019.373805   5189.584810 -21891.115699    433.602026  6  3  4  72       
PG07   -401.380341  20933.960303  16542.633511    -44.957775  5  6  4  88       
PG08 -10507.949759  12181.718927  20970.490645   -163.606172  4  6  1  77       
PG09   6201.897100  24726.120220  -7434.878311     68.942055  3  5  6  32       
PG10 -20469.377127 -10944.959946  13407.673844    -70.555052  5  5  2  69       
PG11  19515.563010  -5779.668770 -17012.758981   -551.215142  2  5  5  28       
PG12  13741.438307 -11658.043742 -19774.897377   -471.011753  7  8  6  66       
PG13  14932.085405  -1813.087518  21700.980598    618.888249  2  5  5  82       
PG14  17069.396681  13349.569834  15502.691741    307.042726  2  6  5  80       
PG15   9219.515335 -13480.287485  20422.711533    120.431339  5  5  6  90       
PG16 -25998.933661   -437.585630   6165.495895   -377.704070  2  9  7  32       
PG17  12650.377861  22509.812436  -5445.291757    719.081556  5  7  4  82       
PG18    308.343976 -20119.328123  17255.530319   -539.529152  5  7  5  93       
PG19  15769.204198  16325.891076 -14269.782169    430.875077  5  6  5  28       
PG20  26399.861321   -939.286472  -1598.466296    390.184366     5  2  79       
PG21 -17113.533155  18128.737989   8067.832134    137.373705  4  5  6  59       
PG22  22047.904423  11113.340800   9819.829899     42.950388  2  5  4  84       
PG23  -8642.021655 -14492.649603  20580.785881    141.597974  5  7  5  80       
PG24  15348.229347 -20997.129269   3735.519324   -419.563054  5  2  4  76       
PG25    933.221624 -15563.427442 -21840.712078    486.322997  6  3  5  81       
PG26 -26087.024606  -3931.777436  -4611.032453    197.349637  4  7  7  78       
PG28 -12857.730672  -8144.893422 -21787.703823   -108.309784  7  6  3  73       
PG29  -3024.155647 -24944.875962  -8495.302747   -608.239032  7  8  5  59       
PG30   8841.063896  14036.205743  20822.577921   -441.584597  2  3  5  71       
PG31 -18217.554858   1136.117041 -19638.825159   -227.473081  5  5  7  99       
PG32 -15745.183811 -19706.020052  -8453.620376   -607.298886  6  4  6  79       
*  2024  1 24  8  0  0.00000000
PG01 -12490.383941  23067.810538  -3095.998567    167.030664           42       
PG02 -15336.317420  20756.127478   6211.372795   -496.219650  5  5  5  16       
PG03 -14934.458868  11901.826159 -18552.523401    147.153117  5  4  5  98       
PG04  -5678.864971  17853.491904 -18759.895855    274.036441  4  7  6  80       
PG05  23953.877609  -6757.288951   9233.858964   -159.136297  1  4  5  83       
PG06  12605.646061   7284.476336 -22142.476247    433.589710  6  3  4  66       
PG07  -1533.410466  22247.845885  14543.032686    -44.966047  5  6  4  99       
PG08 -11727.579962  10049.370911  21483.883824   -163.608676  4  6     69       
PG09   5524.095406  23962.318633 -10046.828078     68.953158  4  5  5  72       
PG10 -18853.007791 -10966.107519  15586.460301    -70.556367  6  6  3  83       
PG11  18417.316969  -4047.500025 -18659.489029   -551.227401  2  4  6  57       
PG12  15836.912985 -11259.603532 -18361.764408   -471.015366  7  7  6  48       
PG13  15692.414640    564.106838  21251.654094    618.891461  3  5  5  83       
PG14  15188.929948  13362.938023  17325.538696    307.051890  2  6  5  87       
PG15  10697.389491 -11487.958954  20921.419349    120.435014  5  5  5  87       
PG16 -26538.327207   -734.980486   3401.893297   -377.697077  3  9  7  76       
PG17  12630.092968  23072.641978  -2609.505049    719.080520  5  6  4  77       
PG18   1495.014944 -21566.596476  15320.114309   -539.537166  5  7  5  81       
PG19  16131.841369  17749.110211 -11979.555619    430.879847  6  7  4  54       
PG20  26081.551719   -610.198271  -4418.406033    390.182664     4  2  83       
PG21 -16871.277217  17078.043121  10696.896403    137.372106  4  5  6  63       
PG22  20810.666823  11152.484922  12299.278026     42.944762  3  5  4  85       
PG23  -6250.450907 -14464.978363  21432.025500    141.604870  5  7  5  70       
PG24  15363.113449 -20263.475789   6476.919304   -419.569295  5  3  4  79       
PG25   3351.989527 -15424.866049 -21674.604097    486.324152  6  3  5  80       
PG26 -25431.314655  -4235.540708  -7276.917829    197.346351  4  7  7  79       
PG28 -11545.347623 -10248.868425 -21634.285988   -108.320346  7  6  2  66       
PG29  -2417.828312 -23987.613544 -11078.295327   -608.238579  7  7  5  90       
PG30   7459.836643  15907.484019  19971.779016   -441.580276  3  4  5  73       
PG31 -16995.069820   -764.507305 -20698.765522   -227.473247  5  5  7  93       
PG32 -15920.016266 -20550.932723  -5765.016870   -607.301233  6  4  6  37       
*  2024  1 24  8 15  0.00000000
PG01 -12733.873858  23095.827090   -169.570798    167.031709           53       
PG02 -15202.920370  19924.011718   8917.548984   -496.214503  4  5  5  56       
PG03 -16931.452184  11784.962446 -16807.130020    147.175763  5  4  6 107       
PG04  -6834.223046  15946.532101 -20058.840312    274.045150  5  5  6  98       
PG05  24885.353135  -6592.420344   6560.603938   -159.138036  2  3  5  79       
PG06  11308.349847   9462.534045 -22010.257877    433.577356  6  3  3  71       
PG07  -2482.782766  23413.601500  12294.973009    -44.974332  5  6  5  87       
PG08 -13071.212189   7953.577117  21623.373724   -163.609184  4  7  2  62       
PG09   4660.811572  22990.156666 -12485.949783     68.964324  4  5  5  79       
PG10 -17010.530452 -11077.980834  17504.347106    -70.557289  6  6  4  72       
PG11  17320.478968  -2118.486179 -19983.977521   -551.239675  1  3  6  21       
PG12  17777.199138 -10984.625115 -16638.799209   -471.018677  7  7  6  67       
PG13  16550.701556   2827.500074  20430.964279    618.894837  3  4  5  66       
PG14  13121.907376  13464.939495  18852.745243    307.061061  1  6  5  85       
PG15  12287.337216  -9539.454850  21043.222396    120.438430  5  6  5  76       
PG16 -26780.104907   -971.847748    581.038668   -377.689918  4  8  6  61       
PG17  12497.960757  23341.383371    271.888125    719.079170  5  6  4  81       
PG18   2481.036761 -22875.159032  13119.156903   -539.545179  5  7  5  81       
PG19  16463.146606  18905.693041  -9488.857633    430.884830  7  7  4  61       
PG20  25468.694182   -211.900629  -7161.432781    390.181032     5  3  75       
PG21 -16557.230336  15760.470725  13136.028443    137.370722  4  5  6  83       
PG22  19314.385331  11228.451264  14568.557486     42.938614  3  5  3  94       
PG23  -3783.740946 -14570.797006  21916.196952    141.611795  5  7  5  51       
PG24  15284.347577 -19250.755310   9102.706347   -419.575506  5  2  4  56       
PG25   5739.090616 -15410.225264 -21145.981865    486.325301  6  3  5  96       
PG26 -24501.177712  -4590.620447  -9820.732569    197.343047  4  7  7  65       
PG28 -10362.782067 -12384.697068 -21109.350010   -108.330964  7  6  2  69       
PG29  -1639.788301 -22809.901842 -13470.036855   -608.238063  7  6  5  97       
PG30   6226.608680  17746.181884  18778.867342   -441.575955  3  4  5  78       
PG31 -15820.015929  -2813.143838 -21411.704884   -227.473373  6  5  7  93       
PG32 -15983.800544 -21117.118489  -2977.912980   -607.303549  6  4  6  60       
*  2024  1 24  8 30  0.00000000
PG01 -12823.077621  22838.609747   2759.799021    167.032734                    
PG02 -15001.826316  18813.834216  11470.997129   -496.209497  4  5  5   5       
PG03 -18720.092475  11765.671110 -14774.101780    147.198400  5  3  5  93       
PG04  -8154.319486  13994.911992 -21011.096251    274.053799  5  5  5  81       
PG05  25515.888791  -6445.038252   3774.493666   -159.138952  3  1  5  65       
PG06  10152.186642  11678.288108 -21496.437518    433.565048  6  3  3  79       
PG07  -3259.215164  24390.116220   9835.397409    -44.982624  5  6  5  59       
PG08 -14514.384351   5937.005493  21387.815632   -163.610842  4  7  4  74       
PG09   3598.421116  21847.924793 -14710.526897     68.975419  4  5  5  78       
PG10 -14978.451504 -11306.456822  19129.150450    -70.558844  6  6  4  77       
PG11  16263.413010    -20.396792 -20963.428838   -551.251980  2  3  6  34       
PG12  19522.183027 -10813.062141 -14634.361897   -471.021941  6  7  6  59       
PG13  17478.685389   4936.332414  19254.111830    618.898312  4  3  5  70       
PG14  10907.499376  13675.967933  20057.903606    307.070222  1  6  5  75       
PG15  13959.481464  -7674.557780  20786.491654    120.442297  4  5  5  76       
PG16 -26717.616130  -1184.842528  -2249.577068   -377.682949  4  8  6  32       
PG17  12219.210352  23331.579712   3148.599578    719.078150  5  6  4  91       
PG18   3274.574150 -24001.642483  10690.547328   -539.553244  5  7  4  62       
PG19  16723.261419  19787.777723  -6839.276010    430.889538  7  7  4  69       
PG20  24580.410611    287.841497  -9779.761443    390.179926     4  3  79       
PG21 -16212.581229  14189.687076  15344.098040    137.369433  4  5  6  56       
PG22  17587.029733  11373.547914  16590.266237     42.933161  3  5  3  78       
PG23  -1291.355068 -14815.009479  22024.465430    141.618757  4  7  4  64       
PG24  15148.610723 -17961.674237  11565.494239   -419.581717  5  3  4  52       
PG25   8048.757431 -15511.766970 -20262.663220    486.326432  6  3  5  77       
PG26 -23317.142343  -5027.332750 -12199.867401    197.339729  5  7  6  26       
PG28  -9326.459999 -14506.696367 -20221.901931   -108.341609  7  6  1  78       
PG29   -673.770273 -21451.055533 -15629.463657   -608.237770  7  6  6  89       
PG30   5149.742893  19507.870949  17263.435436   -441.571632  3  4  5  80       
PG31 -14723.620058  -4975.811763 -21764.794574   -227.473417  6  5  7  74       
PG32 -15900.504363 -21415.244800   -140.051863   -607.305901  5  4  6  67       
*  2024  1 24  8 45  0.00000000
PG01 -12794.420091  22280.006077   5640.419692    167.033771           10       
PG02 -14773.131125  17435.629722  13829.205891   -496.204586  4  5  5  50       
PG03 -20265.939774  11814.159391 -12487.746534    147.221103  5  3  5  97       
PG04  -9624.956586  12044.971886 -21600.568951    274.062548  6  4  5  83       
PG05  25838.508789  -6277.277768    923.590996   -159.140612  4     5  47       
PG06   9153.880514  13883.015301 -20609.661623    433.552760  6  4  4  72       
PG07  -3879.597148  25140.183150   7205.438175    -44.990898  5  6  5  54       
PG08 -16026.240265   4037.420283  20782.603712   -163.613396  4  7  5  68       
PG09   2331.087430  20577.336619 -16682.615025     68.986552  4  5  5  99       
PG10 -12798.503758 -11670.727999  20433.430821    -70.560235  6  6  4  65       
PG11  15279.867949   2212.079173 -21581.032385   -551.264273  3  3  6  73       
PG12  21037.007559 -10718.598111 -12381.660411   -471.025584  6  6  6  58       
PG13  18442.385474   6856.169590  17742.491276    618.901750  4  3  5  70       
PG14   8589.047636  14009.561763  20920.011858    307.079349     5  5  76       
PG15  15678.229540  -5927.606077  20156.691950    120.445493  4  5  5  84       
PG16 -26352.663144  -1411.258983  -5042.687418   -377.675853  5  8  6  57       
PG17  11763.548511  23066.770485   5970.945499    719.077017  4  5  4  88       
PG18   3891.720354 -24906.659684   8076.243637   -539.561355  5  7  4  68       
PG19  16872.604205  20395.973024  -4075.059766    430.894262  7  7  3  68       
PG20  23443.488681    916.909775 -12227.784616    390.179277     4  3  24       
PG21 -15876.546108  12387.591234  17284.879295    137.368603  4  5  6  64       
PG22  15663.041082  11615.072693  18331.544182     42.927365  4  5  3  98       
PG23   1176.695552 -15194.175221  21754.404141    141.625686  4  6  4  75       
PG24  14992.615352 -16407.885353  13820.660830   -419.587920  4  3  3  80       
PG25  10237.407303 -15714.306811 -19038.330619    486.327578  6  3  5  84       
PG26 -21906.432663  -5571.804520 -14374.419657    197.336424  5  7  6  70       
PG28  -8444.814571 -16567.715200 -18987.158748   -108.352252  6  6  2  45       
PG29    488.655877 -19954.332135 -17519.605492   -608.236823  8  6  5  94       
PG30   4229.860246  21148.347348  15450.722412   -441.567326  4  4  4  69       
PG31 -13731.296600  -7213.167898 -21751.036960   -227.473621  6  5  7  91       
PG32 -15637.843201 -21463.862731   2700.211465   -607.308301  5  5  6  62       
*  2024  1 24  9  0  0.00000000
PG01 -12687.510332  21413.120904   8421.076190    167.034814                    
PG02 -14555.314660  15807.672825  15953.459990   -496.199351  4  5  5  30       
PG03 -21541.786183  11895.696553  -9986.844421    147.243755  5  3  5  76       
PG04 -11224.108774  10140.591942 -21817.472291    274.071225  6  3  4  74       
PG05  25855.201087  -6051.191521  -1943.145781   -159.142022  4     5  69       
PG06   8321.635660  16026.476106 -19365.111575    433.540399  6  4  4  86       
PG07  -4367.223506  25632.000263   4449.801597    -44.999599  5  6  5  46       
PG08 -17570.665033   2286.426502  19819.485611   -163.614073  4  7  5  50       
PG09    861.170418  19221.925934 -18368.671542     68.997679  5  5  4  88       
PG10 -10516.246916 -12182.459876  21394.929524    -70.561344  6  6  4  66       
PG11  14397.701739   4538.481767 -21826.248209   -551.276579  4  4  6  60       
PG12  22293.286012 -10669.748384  -9918.266240   -471.028813  6  6  6  55       
PG13  19403.453787   8560.011413  15923.244033    618.904966  4  3  5  89       
PG14   6212.592822  14471.774991  21423.852138    307.088536  1  5  5  85       
PG15  17403.618383  -4326.290628  19166.209468    120.449039  4  5  5  82       
PG16 -25695.378340  -1687.455841  -7751.965913   -377.668997  5  8  6  20       
PG17  11106.468107  22577.398261   8690.707879    719.075854  3  5  4  90       
PG18   4355.678945 -25556.340622   5321.539659   -539.569429  5  7  4  53       
PG19  16873.471501  20739.209279  -1242.446351    430.898771  7  7  3  67       
PG20  22091.364349   1697.530552 -14462.896173    390.177284  2  4  3  66       
PG21 -15584.761850  10383.476474  18927.528975    137.367291  4  5  5  57       
PG22  13582.105654  11974.201017  19764.505515     42.921582  4  4  2  90       
PG23   3571.579808 -15696.590190  21110.074241    141.632556  4  6  4  79       
PG24  14851.462566 -14609.730479  15827.277903   -419.594171  4  3  3  74       
PG25  12265.102584 -15995.780227 -17492.395753    486.328720  6  3  4  76       
PG26 -20302.027481  -6244.818966 -16307.810776    197.333144  5  7  6  87       
PG28  -7718.096052 -18520.801343 -17426.290975   -108.362881  6  6  2  58       
PG29   1847.577184 -18365.290533 -19108.207976   -608.236350  8  6  5  80       
PG30   3459.951511  22625.239391  13371.238580   -441.562972  4  4  4  79       
PG31 -12861.726158  -9481.771137 -21369.464811   -227.473890  7  4  7 108       
PG32 -15168.640443 -21288.539000   5494.709074   -607.310625  4  4  6  60       
*  2024  1 24  9 15  0.00000000
PG01 -12543.398583  20240.788385  11052.026587    167.035841           49       
PG02 -14383.687087  13955.841674  17809.375407   -496.194067  4  5  5  55       
PG03 -22528.593573  11972.075565  -7314.019768    147.266407  5  3  5  50       
PG04 -12922.641739   8321.634185 -21658.471843    274.079914  6  3  3  85       
PG05  25576.742925  -5730.396753  -4776.698496   -159.143196  4  1  5  77       
PG06   7654.938678  18058.723774 -17784.248780    433.528069  7  4  4  94       
PG07  -4750.753977  25840.506722   1616.048015    -45.007670  5  5  5  51       
PG08 -19107.622780    708.474532  18516.269786   -163.617492  5  7  6  53       
PG09   -800.682025  17825.393189 -19740.105414     69.008797  5  5  4  80       
PG10  -8179.531854 -12845.229706  21996.937742    -70.564007  6  6  4  49       
PG11  13637.849204   6913.954062 -21694.981888   -551.288901  5  5  6  59       
PG12  23270.093875 -10631.176985  -7285.549622   -471.032281  6  6  6  78       
PG13  20320.700654  10029.098013  13828.714322    618.908184  5  4  5  86       
PG14   3825.299060  15060.843014  21560.277612    307.097796  2  5  5  71       
PG15  19092.843996  -2890.751614  17834.024374    120.452852  4  5  5  63       
PG16 -24763.816501  -2047.335817 -10332.707749   -377.661469  6  7  5  54       
PG17  10230.314474  21899.480363  11261.934109    719.075179  3  5  4  78       
PG18   4695.660968 -25923.663470   2474.264420   -539.577543  6  7  4  52       
PG19  16691.586875  20834.292976   1611.046179    430.903640  7  7  3  73       
PG20  20562.853783   2645.200108 -16446.257963    390.175842  3  4  3  44       
PG21 -15367.885706   8212.936435  20246.923201    137.366093  4  5  5  66       
PG22  11387.765392  12465.128579  20866.578083     42.915597  5  4  2  97       
PG23   5847.336518 -16302.700239  20101.995159    141.639478  4  6  4  81       
PG24  14757.064963 -12595.619464  17548.969431   -419.600345  4  3  3  59       
PG25  14096.896638 -16328.082207 -15649.776249    486.329876  6  3  5  29       
PG26 -18541.520469  -7060.860185 -17967.359131    197.329713  6  7  5  93       
PG28  -7138.505893 -20320.870810 -15566.064474   -108.373522  5  7  3  76       
PG29   3394.557424 -16730.079217 -20368.268083   -608.236025  8  6  5  70       
PG30   2825.793507  23899.570538  11060.289127   -441.558707  4  4  4  79       
PG31 -12126.186321 -11735.516236 -20625.236547   -227.473920  7  4  6  94       
PG32 -14471.992983 -20920.742646   8196.240932   -607.312895  4  5  6  53       
*  2024  1 24  9 30  0.00000000
PG01 -12402.760828  18775.656501  13485.992815    167.036886           78       
PG02 -14288.994060  11912.721195  19367.342572   -496.189100  5  5  5  64       
PG03 -23216.131368  12003.228368  -4515.036392    147.289095  6  3  5  37       
PG04 -14685.313800   6622.555451 -21126.714601    274.088596  6  4  3  78       
PG05  25022.205276  -5281.653978  -7528.811427   -159.144571  5  2  5  59       
PG06   7144.713987  19931.914143 -15894.443264    433.515774  6  4  5  93       
PG07  -5062.931908  25748.492913  -1246.225560    -45.016363  5  5  5  61       
PG08 -20594.641497   -679.842789  16896.436599   -163.618234  5  7  6  74       
PG09  -2635.762039  16429.964657 -20773.739711     69.019889  5  5  4  87       
PG10  -5836.881114 -13654.268533  22228.592928    -70.564520  5  5  4  63       
PG11  13013.572898   9290.788631 -21189.646210   -551.301192  6  5  6  75       
PG12  23954.698506 -10565.182398  -4528.038351   -471.035497  6  6  6  67       
PG13  21151.730418  11253.387386  11495.822544    618.911368  5  4  5  91       
PG14   1473.833421  15767.158630  21326.401704    307.107096  2  4  5  78       
PG15  20701.904828  -1633.009416  16185.243302    120.456339  3  5  5  62       
PG16 -23583.281016  -2520.930119 -12742.473157   -377.654488  6  7  5  73       
PG17   9125.074976  21073.103998  13641.664023    719.074139  2  5  4  81       
PG18   4945.541273 -25989.531204   -416.070725   -539.585633  6  6  4  69       
PG19  16297.541902  20705.178652   4437.355424    430.908356  7  6  3  52       
PG20  18900.685950   3767.881235 -18143.494043    390.174843  4  4  3  74       
PG21 -15250.445601   5916.571558  21223.862728    137.364845  5  5  5  92       
PG22   9125.917856  13094.492502  21620.753196     42.910059  5  4  1  93       
PG23   7962.461504 -16985.833855  18747.003061    141.646370  4  6  4  73       
PG24  14736.710021 -10401.069269  18954.671524   -419.606575  3  3  3  76       
PG25  15704.015284 -16678.156076 -13540.581149    486.330997  6  4  5  70       
PG26 -16665.820608  -8027.391467 -19324.802038    197.326404  6  6  5 100       
PG28  -6690.649350 -21926.316096 -13438.387176   -108.384173  5  7  3  67       
PG29   5112.790378 -15093.720561 -21278.474995   -608.235299  8  5  5  96       
PG30   2306.657316  24937.216048   8557.401402   -441.554409  4  4  4  85       
PG31 -11528.163203 -13927.188933 -19529.640975   -227.473938  6  4  6  79       
PG32 -13534.201423 -20396.530498  10759.327351   -607.315081  4  5  6  76       
*  2024  1 24  9 45  0.00000000
PG01 -12304.089828  17039.872615  15679.118330    167.037954          106       
PG02 -14296.225437   9716.485262  20602.880021   -496.184172  5  5  5  75       
PG03 -23603.286719  11948.933100  -1638.026264    147.311815  6  3  5  70       
PG04 -16472.019652   5071.243247 -20231.746752    274.097276  6  4  3  93       
PG05  24218.158793  -4676.317776 -10152.787700   -159.145419  5  2  5  37       
PG06   6773.826455  21602.044545 -13728.492163    433.503460  7  4  5  88       
PG07  -5339.107877  25347.428312  -4086.287981    -45.024458  6  4  5  63       
PG08 -21988.385824  -1870.180485  14988.665201   -163.620392  6  7  6  68       
PG09  -4617.839621  15074.826287 -21452.180959     69.031036  6  5  3  90       
PG10  -3535.841398 -14596.518805  22085.097143    -70.566588  5  5  4  68       
PG11  12530.025353  11620.086905 -20319.109199   -551.313434  6  6  6  77       
PG12  24342.994657 -10433.298786  -1692.706222   -471.038943  6  6  5  52       
PG13  21854.621047  12231.691682   8965.371511    618.914700  6  4  5  85       
PG14   -797.238981  16573.561950  20725.684296    307.116264  2  4  5  92       
PG15  22187.285473   -556.747012  14250.510736    120.459865  3  4  5  80       
PG16 -22185.410512  -3133.134446 -14941.689287   -377.647520  6  6  4  77       
PG17   7788.869382  20140.807142  15790.577073    719.073031  3  4  4  98       
PG18   5142.328152 -25743.549369  -3299.160400   -539.593728  6  6  4  63       
PG19  15668.076272  20381.981449   7188.631878    430.912929  6  5  3  88       
PG20  17149.895251   5065.503863 -19525.298730    390.173827  4  4  4  76       
PG21 -15249.971110   3538.554169  21845.160322    137.363447  4  4  5  88       
PG22   6843.259882  13861.084209  22015.750447     42.904168  5  4     81       
PG23   9881.330259 -17713.228635  17067.997102    141.653273  3  5  4  85       
PG24  14811.830642  -8067.444231  20019.270626   -419.612762  3  3  3  78       
PG25  17064.827286 -17009.296864 -11199.702999    486.332170  6  4  4  77       
PG26 -14717.737552  -9144.394512 -20356.760692    197.323123  6  6  4 104       
PG28  -6352.288972 -23300.492125 -11079.767873   -108.394778  4  6  3  80       
PG29   6977.579509 -13498.456859 -21823.550489   -608.234471  7  5  4 100       
PG30   1876.283881  25710.194247   5905.662970   -441.550107  4  4  4  76       
PG31 -11063.263426 -16010.088530 -18100.005480   -227.474174  6  4  6  92       
PG32 -12349.433100 -19755.081771  13140.924041   -607.317305  3  4  6  69       
*  2024  1 24 10  0  0.00000000
PG01 -12281.973174  15064.377463  17591.865362    167.038978          111       
PG02 -14423.663016   7409.602425  21496.902596   -496.178966  6  5  5  80       
PG03 -23698.031623  11770.546771   1267.336381    147.334590  6  3  6  34       
PG04 -18239.227669   3688.117309 -18989.322824    274.105952  6  4  3  94       
PG05  23197.614419  -3891.606120 -12604.248357   -159.146666  5  2  5  45       
PG06   6517.911035  23030.552686 -11324.037005    433.491107  6  4  5  79       
PG07  -5615.626002  24637.960750  -6853.244131    -45.032758  6  4  5  65       
PG08 -23246.257143  -2862.511444  12826.288585   -163.622109  6  7  6  69       
PG09  -6713.989096  13794.690834 -21764.091110     69.042132  6  5  3  85       
PG10  -1321.365686 -15651.009501  21567.851912    -70.568458  5  5  4  73       
PG11  12184.138722  13853.467529 -19098.530085   -551.325719  7  6  6  77       
PG12  24439.623922 -10197.952937   1171.800625   -471.042498  6  6  5  49       
PG13  22389.581573  12971.473453   6281.301200    618.918131  7  4  4  84       
PG14  -2946.983460  17455.935994  19767.910978    307.125458  2  3  5  84       
PG15  23507.607696    342.555967  12065.321213    120.463441  2  4  5  59       
PG16 -20607.058923  -3902.637230 -16894.208110   -377.640365  6  6  4  92       
PG17   6228.130740  19145.908545  17673.555381    719.072185  3  4  4  89       
PG18   5324.508441 -25184.472652  -6124.811033   -539.601795  6  6  3  40       
PG19  14787.148449  19899.762904   9818.008668    430.917438  5  5  3  85       
PG20  15356.139020   6529.789762 -20567.946950    390.172368  5  4  4  86       
PG21 -15376.421849   1125.110643  22103.625444    137.361912  4  4  5  81       
PG22   4585.728640  14755.857330  22046.102497     42.898726  5  3     95       
PG23  11575.400070 -18447.313921  15093.575220    141.660187  3  5  4  72       
PG24  14997.039491  -5640.453685  20724.101041   -419.618990  2  3  4  73       
PG25  18165.563172 -17282.625469  -8666.315930    486.333293  6  4  4  61       
PG26 -12740.500777 -10404.188401 -21045.141639    197.319790  6  6  4 105       
PG28  -6095.369653 -24413.023147  -8530.695758   -108.405445  4  6  4  81       
PG29   8957.124568 -11982.220748 -21994.484937   -608.234005  7  5  4  94       
PG30   1504.090887  26197.738607   3150.980256   -441.545837  4  4  3  58       
PG31 -10719.435985 -17939.659613 -16359.502501   -227.474468  6  4  6  72       
PG32 -10920.095939 -19037.136388  15301.091836   -607.319574  3  4  6  67       
*  2024  1 24 10 15  0.00000000
PG01 -12365.536321  12887.833848  19189.825498    167.040091           96       
PG02 -14682.193283   5037.413307  22035.909099   -496.173997  6  4  5  73       
PG03 -23517.044903  11432.694585   4150.701542    147.357343  6  3  6  45       
PG04 -19941.554936   2485.529005 -17421.111236    274.114627  6  5  3  89       
PG05  21998.740801  -2911.642240 -14841.844021   -159.147875  5  3  5  63       
PG06   6346.495778  24185.711901  -8722.890974    433.478747  6  4  5  65       
PG07  -5928.140454  23630.053551  -9497.050109    -45.041165  5  4  5  74       
PG08 -24327.961187  -3664.880375  10446.689160   -163.624196  7  7  6  87       
PG09  -8885.672530  12618.551297 -21704.359361     69.053206  5  5  2  89       
PG10    765.717205 -16789.539979  20684.504166    -70.569497  4  4  4  73       
PG11  11964.844963  15944.758167 -17549.086774   -551.338068  7  6  6  70       
PG12  24257.767595  -9824.113054   4015.988846   -471.045741  5  6  5  64       
PG13  22720.523837  13488.316124   3489.907525    618.921401  7  4  4  83       
PG14  -4939.489088  18384.087835  18469.063044    307.134585  3  3  5  79       
PG15  24625.180125   1077.153422   9669.255906    120.466971     4  5  74       
PG16 -18889.007496  -4841.074439 -18567.818220   -377.633170  6  6  4 107       
PG17   4457.478016  18130.848887  19260.161036    719.070843  4  3  4  79       
PG18   5530.335651 -24320.301598  -8843.845643   -539.609823  7  5  3  61       
PG19  13646.754327  19297.131201  12280.374234    430.922109  5  4  3  86       
PG20  13564.007334   8144.407814 -21253.697816    390.170952  5  4  3  75       
PG21 -15631.917975  -1277.023108  21997.961894    137.360571  4  3  5  88       
PG22   2396.991894  15762.224671  21712.164838     42.892889  5  3     89       
PG23  13024.143329 -19147.201242  12857.563500    141.667082  4  4  3  84       
PG24  15299.470437  -3168.475069  21057.288463   -419.625141  2  3  4  87       
PG25  19000.749282 -17458.681461  -5983.281334    486.334431  6  4  4  51       
PG26 -10776.264204 -11791.538090 -21377.468243    197.316472  6  5  3  97       
PG28  -5887.275505 -25240.880507  -5834.950784   -108.416063  4  6  4  55       
PG29  11013.584243 -10577.287277 -21788.666781   -608.233030  7  4  4  83       
PG30   1156.564392  26387.104541    341.270332   -441.541622  4  4  3  67       
PG31 -10477.502231 -19675.072028 -14336.850477   -227.474680  5  3  6  77       
PG32  -9256.911544 -18283.394178  17203.614233   -607.321871  3  4  6  65       
*  2024  1 24 10 30  0.00000000
PG01 -12577.121761  10555.234399  20444.419734    167.041184           89       
PG02 -15074.901811   2646.629516  22212.094606   -496.168822  5  4  5  61       
PG03 -23085.000796  10904.847545   6961.934836    147.380115  6  3  6  53       
PG04 -21533.419446   1467.479044 -15554.302773    274.123288  6  5  4  80       
PG05  20663.407929  -1728.231965 -16827.910345   -159.148503  6  2  5  74       
PG06   6224.372484  25043.767387  -5970.289437    433.466390  5  4  5  66       
PG07  -6309.936502  22342.742878 -11969.546368    -45.049487  6  4  5  61       
PG08 -25196.986275  -4292.857204   7890.646841   -163.625824  7  7  6  93       
PG09 -11090.039176  11568.666363 -21274.172511     69.064286  5  4  2  76       
PG10   2690.089447 -17977.652849  19448.898180    -70.570690  4  4  3  88       
PG11  11853.616817  17851.606056 -15697.600195   -551.350381  7  6  5  73       
PG12  23818.614913  -9280.863601   6790.381499   -471.048723  5  6  4  74       
PG13  22816.489952  13805.094989    639.039968    618.924195  8  4  4  65       
PG14  -6745.072536  19322.883740  16851.077761    307.143725  3  3  5  87       
PG15  25507.385398   1666.257449   7105.167399    120.470505     3  4  77       
PG16 -17074.551681  -5952.438225 -19934.708424   -377.626086  7  6  4  91       
PG17   2499.292258  17135.601836  20525.027985    719.070099  4  2  3  78       
PG18   5796.131129 -23168.025281 -11408.989009   -539.617853  7  5  3  22       
PG19  12247.459007  18614.704651  14533.137096    430.927258  4  3  4  76       
PG20  11815.392287   9885.452813 -21571.084987    390.169642  5  4  3  71       
PG21 -16010.767031  -3622.120468  21532.593363    137.359946  3  3  4  77       
PG22    317.036069  16856.629691  21020.055159     42.887399  5  3     90       
PG23  14215.673815 -19770.325159  10398.445505    141.673983  4  4  3  59       
PG24  15718.454850   -700.778607  21013.932326   -419.631286  2  3  5  92       
PG25  19573.333479 -17499.075374  -3196.465292    486.335541  6  5  3  44       
PG26  -8864.649360 -13284.052544 -21347.135450    197.313159  6  5  3  83       
PG28  -5692.269715 -25769.189791  -3038.856201   -108.426758  4  6  4  22       
PG29  13104.373758  -9309.157407 -21209.905034   -608.232195  7  4  5  77       
PG30    798.779924  26274.074913  -2474.399141   -441.537312  4  4  3  78       
PG31 -10311.980237 -21180.687671 -12065.907327   -227.474411  5  3  6  87       
PG32  -7378.686080 -17532.932500  18816.556591   -607.324199  4  4  6  72       
*  2024  1 24 10 45  0.00000000
PG01 -12931.264559   8116.248565  21333.467712    167.042339           94       
PG02 -15596.956849    283.804377  22023.392420   -496.163628  5  3  5  68       
PG03 -22433.549639  10162.723366   9652.016695    147.402908  6  3  6  62       
PG04 -22970.706456    629.661706 -13421.129845    274.131911  6  5  4  93       
PG05  19235.611843   -341.349476 -18529.059717   -159.150103  6  2  4  75       
PG06   6113.159159  25589.768602  -3114.078702    433.454047  5  4  5  71       
PG07  -6790.333530  20803.515739 -14225.478444    -45.057985  6  4  4  49       
PG08 -25821.939965  -4768.715561   5201.651012   -163.627975  8  7  6  99       
PG09 -13281.392336  10659.814689 -20480.983859     69.075386  5  4  2  90       
PG10   4423.134745 -19175.865399  17880.928967    -70.572531  4  4  3  81       
PG11  11825.307392  19536.945942 -13576.062670   -551.362627  7  5  5  61       
PG12  23150.521800  -8542.841239   9446.404717   -471.052735  5  6  4  69       
PG13  22652.883791  13950.885424  -2222.707975    618.927673  8  4  4  64       
PG14  -8341.244680  20233.596290  14941.500461    307.152878  3  3  5  78       
PG15  26127.853450   2134.999542   4418.335612    120.473782  1  3  4  71       
PG16 -15208.009251  -7232.759203 -20971.880735   -377.619022  7  6  4  84       
PG17    383.017504  16196.208787  21448.170396    719.068931  5  2  3  76       
PG18   6154.667671 -21753.020431 -13775.715141   -539.625934  7  4  3  19       
PG19  10598.616104  17893.493526  16536.970689    430.931626  4  2  4  86       
PG20  10147.980790  11722.227616 -21515.090025    390.167955  6  5  3  75       
PG21 -16499.772555  -5866.909734  20717.430456    137.358292  2  3  3  66       
PG22  -1619.103319  18009.370200  19981.526281     42.881471  4  3     86       
PG23  15147.039504 -20274.170195   7758.700443    141.680866  4  3  2  67       
PG24  16245.543585   1714.266788  20596.126110   -419.637438  2  3  5  81       
PG25  19894.490053 -17368.136226   -353.975049    486.336673  6  4  3  60       
PG26  -7041.379856 -14852.862679 -20953.581217    197.309845  5  5  3  88       
PG28  -5473.061414 -25991.736122   -190.485735   -108.437452  4  5  4  55       
PG29  15183.647926  -8195.713649 -20268.345927   -608.231964  7  4  5  46       
PG30    395.991190  25863.140282  -5246.704525   -441.533021  4  4  3  64       
PG31 -10192.177669 -22427.354588  -9585.156978   -227.474726  4  3  6  84       
PG32  -5311.787665 -16821.698676  20112.761522   -607.326583  4  4  5  81       
*  2024  1 24 11  0  0.00000000
PG01 -13434.010256   5623.381812  21841.610657    167.043500          109       
PG02 -16235.781024  -2006.175041  21473.450100   -496.158488  4  3  5  84       
PG03 -21600.029188   9189.451938  12173.931279    147.425689  6  4  6  54       
PG04 -24212.385926    -40.168579 -11058.305508    274.140605  7  5  4  89       
PG05  17759.838601   1240.684971 -19916.702752   -159.151564  7  2  4  56       
PG06   5972.990671  25818.065527   -203.859323    433.441586  4  5  5  81       
PG07  -7393.246221  19047.328430 -16223.473039    -45.066363  6  3  4  75       
PG08 -26177.698165  -5120.370771   2425.186985   -163.631201  7  7  6  70       
PG09 -15412.769143   9898.844776 -19338.381859     69.086460  5  4  3  98       
PG10   5943.885420 -20341.118758  16006.293616    -70.574235  3  3  3  97       
PG11  11849.254678  20970.269728 -11221.078978   -551.374836  6  5  5  76       
PG12  22287.888386  -7591.470477  11937.280039   -471.055965  5  6  3  86       
PG13  22212.463317  13959.653714  -5046.802724    618.930968  8  3  5  71       
PG14  -9713.400928  21075.412393  12773.032227    307.162006  3  3  4  53       
PG15  26467.381101   2513.179351   1655.615995    120.477344  4  3  4  58       
PG16 -13333.198348  -8670.074212 -21661.509845   -377.611442  7  6  4 107       
PG17  -1855.784325  15343.484909  22015.210246    719.067479  5  2  3  87       
PG18   6633.701370 -20108.131706 -15903.040034   -539.634010  7  4  3  73       
PG19   8718.259611  17173.260050  18256.525103    430.936336  5  2  4  84       
PG20   8593.929193  13618.296399 -21087.197575    390.166869  6  4  2  77       
PG21 -17078.802771  -7971.904579  19567.590782    137.357292  2  2  3  86       
PG22  -3382.429355  19185.645124  18613.775821     42.875622  4  3  2  84       
PG23  15824.168718 -20618.015173   4984.061352    141.687725  4  4  2  61       
PG24  16864.868550   4030.927640  19812.820789   -419.643576  2  3  5  87       
PG25  19983.103961 -17034.487263   2494.674856    486.337778  6  4  2  74       
PG26  -5337.058053 -16463.559175 -20202.368118    197.306677  5  5  4  84       
PG28  -5192.438454 -25911.147873   2661.161178   -108.448122  5  5  5  59       
PG29  17203.913501  -7246.678006 -18980.286279   -608.231347  7  4  5  58       
PG30    -84.779402  25167.343396  -7926.976401   -441.528744  5  4  4  69       
PG31 -10083.515300 -23393.473330  -6937.092392   -227.474935  4  3  6  67       
PG32  -3089.348784 -16181.130802  21070.275502   -607.328965  4  4  5  75       
*  2024  1 24 11 15  0.00000000
PG01 -14082.604469   3130.028683  21960.577833    167.044623           91       
PG02 -16971.501967  -4181.526982  20571.543102   -496.153331  3  3  4  72       
PG03 -20625.956790   7976.455517  14483.526559    147.448455  5  4  6  52       
PG04 -25222.020270   -561.524528  -8506.392185    274.149226  7  5  4  57       
PG05  16279.427194   3001.340855 -20967.494133   -159.152773  7  2  3  65       
PG06   5764.269006  25732.450230   2709.898930    433.429191  4  5  5  71       
PG07  -8135.974245  17115.304266 -17926.937244    -45.074278  5  3  4  75       
PG08 -26246.328282  -5380.119219   -391.993204   -163.633705  7  6  6  34       
PG09 -17437.574769   9284.536275 -17865.860957     69.097573  5  4  3  73       
PG10   7239.686301 -21428.394541  13856.138422    -70.575152  3  2  2  70       
PG11  11890.607154  22128.649976  -8673.230232   -551.387089  6  4  5  72       
PG12  21269.796209  -6415.944180  14218.903258   -471.059220  5  6  3  93       
PG13  21486.060260  13868.782566  -7785.557364    618.934253  7  3  5  66       
PG14 -10855.206606  21807.043858  10382.979261    307.171142  3  3  4  50       
PG15  26514.570422   2833.857988  -1135.401424    120.480793  6  3  5  69       
PG16 -11491.935430 -10244.683204 -21991.245421   -377.604388  7  6  4  94       
PG17  -4176.588545  14601.937013  22217.527360    719.066477  6     3  71       
PG18   7254.711058 -18272.470799 -17754.244199   -539.642049  6  3  4  82       
PG19   6632.665137  16490.919031  19661.091573    430.941124  6  1  3  81       
PG20   7178.770036  15532.766305 -20295.333668    390.165437  6  4  2  64       
PG21 -17721.592045  -9902.583212  18103.081466    137.356283  2  2  2  83       
PG22  -4950.855636  20346.789127  16939.194903     42.870015  3  2  2  75       
PG23  16261.470379 -20764.624725   2122.706772    141.694587  5  4  1  71       
PG24  17553.821702   6207.706501  18679.541957   -419.649704  3  4  5  89       
PG25  19864.947929 -16472.483042   5299.452720    486.338941  6  4  3  75       
PG26  -3776.130972 -18077.360404 -19105.169187    197.303321  5  5  4  81       
PG28  -4814.902298 -25538.751397   5467.001992   -108.458779  5  5  5  78       
PG29  19117.710262  -6463.390984 -17367.887504   -608.230598  8  4  5  47       
PG30   -673.215192  24207.791766 -10468.105207   -441.524497  5  4  4  70       
PG31  -9949.032225 -24065.787706  -4167.501899   -227.475179  4  3  6  81       
PG32   -750.221345 -15636.955996  21672.702111   -607.331374  5  4  5  76       
*  2024  1 24 11 30  0.00000000
PG01 -14865.565323    688.505581  21689.292186    167.045768           99       
PG02 -17777.665075  -6204.900288  19332.428605   -496.148147  2  3  4  82       
PG03 -19555.362343   6524.005146  16540.327117    147.471252  5  4  6  70       
PG04 -25969.106081   -960.234709  -5809.110810    274.157848  8  5  5  85       
PG05  14834.990542   4916.321283 -21663.698199   -159.154440  8  1  3  76       
PG06   5449.402431  25345.939698   5576.752874    433.416821  3  5  5  82       
PG07  -9028.280558  15053.167090 -19304.850559    -45.083076  5  3  3  80       
PG08 -26017.755894  -5583.226509  -3202.606785   -163.636336  6  6  6  96       
PG09 -19311.210698   8807.777121 -16088.498135     69.108708  5  4  3  96       
PG10   8306.545063 -22392.440574  11466.601606    -70.575999  4  1  2  75       
PG11  11911.818293  22997.479006  -5976.371874   -551.399345  5  4  5  69       
PG12  20138.457349  -5013.903392  16250.689582   -471.062793  5  5  3  85       
PG13  20473.004058  13717.487972 -10392.890952    618.937425  7  3  5  74       
PG14 -11768.660669  22388.377258   7812.612385    307.180191  3  3  4  32       
PG15  26266.170802   3131.855888  -3907.206443    120.484325  7  3  5  76       
PG16  -9722.603211 -11929.690369 -21954.452717   -377.597102  7  6  4  76       
PG17  -6535.231495  13988.926027  22052.335092    719.065712  6     3  77       
PG18   8031.895741 -16289.983368 -19297.511429   -539.650131  6  3  4  53       
PG19   4375.589861  15879.042158  20725.204964    430.945777  6     3  70       
PG20   5920.591305  17421.746137 -19153.690767    390.164060  6  4  3  54       
PG21 -18396.743393 -11630.385981  16348.451144    137.354851  3  3  3  69       
PG22  -6309.834891  21451.654743  14985.057410     42.864149  3  2  3  63       
PG23  16481.103414 -20681.819206   -775.598737    141.701460  5  4  1  63       
PG24  18284.015220   8208.744140  17217.975604   -419.655912  3  3  5  85       
PG25  19571.579735 -15663.444086   8010.738620    486.340122  6  4  3  87       
PG26  -2376.087002 -19652.471295 -17679.652880    197.299989  5  5  3  93       
PG28  -4308.240909 -24894.102093   8178.716916   -108.469479  5  5  5  80       
PG29  20879.297929  -5838.918395 -15458.795421   -608.230067  9  4  5  66       
PG30  -1394.309406  23012.856582 -12825.421735   -441.520228  5  4  3  63       
PG31  -9751.014244 -24439.861839  -1324.669250   -227.475167  4  2  6  43       
PG32   1662.279748 -15208.209283  21909.477549   -607.333735  5  4  4  82       
*  2024  1 24 11 45  0.00000000
PG01 -15763.131590  -1651.851249  21033.816589    167.046910          107       
PG02 -18622.184671  -8044.544633  17776.141037   -496.142934  2  3  4  61       
PG03 -18433.029226   4841.428005  18308.281870    147.494081  4  4  6  64       
PG04 -26430.199979  -1267.251367  -3012.601739    274.166430  8  5  5  50       
PG05  13462.951304   6954.298944 -21993.470435   -159.155635  8  2  3  73       
PG06   4994.463811  24680.210427   8347.175103    433.404422  3  4  4  69       
PG07 -10071.804153  12909.481600 -20332.423203    -45.091464  5  4  3  90       
PG08 -25490.154061  -5766.416298  -5959.574664   -163.637630  6  7  6  91       
PG09 -20992.636836   8452.049364 -14036.539828     69.119825  5  4  3  91       
PG10   9149.149680 -23189.540895   8878.253707    -70.576681  4  1  2  53       
PG11  11874.251415  23570.896366  -3176.878080   -551.411637  5  3  5  68       
PG12  18937.537205  -3391.782783  17996.364498   -471.065955  6  5  3  91       
PG13  19181.237823  13545.186661 -12825.051336    618.940598  6  3  4  76       
PG14 -12463.833779  22782.097315   5106.447460    307.189342  4  4  4  26       
PG15  25727.121597   3442.215570  -6613.144036    120.487920  8  3  5  82       
PG16  -8058.837653 -13691.815950 -21550.386193   -377.590042  8  6  4  84       
PG17  -8885.357558  13514.098697  21522.684580    719.064428  6     3  56       
PG18   8971.469440 -14207.841761 -20506.472417   -539.658219  6  3  4  86       
PG19   1987.213476  15364.526928  21429.169229    430.950648  6     3  81       
PG20   4829.517294  19239.924458 -17682.445177    390.162895  6  4  3  62       
PG21 -19068.897122 -13133.506970  14332.416207    137.353873  2  3  4  57       
PG22  -7452.723618  22458.097357  12783.150554     42.858161  3  2  3  56       
PG23  16511.944132 -20343.858690  -3660.398236    141.708298  6  4  2  59       
PG24  19022.475105  10004.970077  15455.440787   -419.662057  4  4  4  66       
PG25  19139.000299 -14596.631895  10580.271759    486.341244  6  4  4  83       
PG26  -1146.917551 -21145.585607 -15949.263300    197.296692  5  5  3  59       
PG28  -3644.977811 -24004.209622  10749.583290   -108.480125  5  4  5  49       
PG29  22446.286031  -5358.480548 -13285.672197   -608.229518  9  3  5  56       
PG30  -2267.158526  21617.090030 -14957.532216   -441.515961  5  4  3  52       
PG31  -9452.679401 -24520.217578   1541.498532   -227.475501  4  2  6  21       
PG32   4101.801363 -14906.509066  21776.064294   -607.336122  5  4  3  79       
*  2024  1 24 12  0  0.00000000
PG01 -16748.061883  -3846.442024  20007.147510    167.048059          106       
PG02 -19468.503288  -9675.288773  15927.729804   -496.137750  2  3  4  49       
PG03 -17302.714730   2946.954901  19756.430231    147.516814  4  4  6  77       
PG04 -26589.786966  -1517.263845   -164.649246    274.175111  8  4  6  63       
PG05  12194.245071   9077.918039 -21951.051650   -159.156847  8  2  3  67       
PG06   4370.702114  23764.709128  10973.419687    433.392016  4  4  4  73       
PG07 -11259.836002  10733.782143 -20991.599621    -45.100038  5  4  3  74       
PG08 -24670.043283  -5966.313975  -8616.746681   -163.640395  6  7  7  64       
PG09 -22445.809569   8194.205217 -11744.904963     69.130951  5  4  3  94       
PG10   9780.546245 -23779.261083   6135.440515    -70.577717  4  2  2  79       
PG11  11739.832291  23851.889433   -322.845691   -551.423906  5  2  5  86       
PG12  17710.419501  -1564.801868  19424.680117   -471.069436  5  5  3  83       
PG13  17627.124897  13389.873912 -15041.293648    618.943897  5  4  4  70       
PG14 -12958.290083  22955.218329   2311.459671    307.198457  4  4  4  74       
PG15  24910.303248   3798.687643  -9208.141123    120.491313  8  3  6  89       
PG16  -6528.380677 -15492.456443 -20784.289961   -377.582938  8  6  5  80       
PG17 -11179.941147  13179.104761  20637.399908    719.063306  5     4  52       
PG18  10071.280400 -12074.727993 -21360.644358   -539.666252  6  3  5  55       
PG19   -487.184919  14967.486598  21759.491062    430.955428  6  1  3  80       
PG20   3907.507954  20942.205485 -15907.374255    390.161574  5  4  3  54       
PG21 -19700.028152 -14397.460786  12087.463940    137.352380  2  3  5  52       
PG22  -8380.869515  23324.515011  10369.347150     42.852496  3  2  3  34       
PG23  16388.293111 -19732.584012  -6481.452110    141.715149  7  4  2  29       
PG24  19733.012034  11574.961696  13424.269434   -419.668095  4  4  4  82       
PG25  18606.125330 -13269.916686  12962.093375    486.342373  6  4  4  83       
PG26    -90.868773 -22513.476903 -13942.893556    197.293364  5  5  4  79       
PG28  -2803.640132 -22902.487024  13135.283824   -108.490775  5  4  5  49       
PG29  23781.146054  -5000.186530 -10885.647821   -608.228792 10  3  4  39       
PG30  -3303.996440  20059.905447 -16827.088771   -441.511697  5  4  4  76       
PG31  -9019.849983 -24320.120405   4380.397921   -227.475537  4  2  6  42       
PG32   6520.496106 -14735.616733  21274.059004   -607.338495  4  4  3  83       
*  2024  1 24 12 15  0.00000000
PG01 -17786.744668  -5856.942336  18628.867639    167.049104          100       
PG02 -20276.923003 -11079.294993  13816.938895   -496.132588  2  3  5  65       
PG03 -16205.422723    867.212246  20859.472030    147.539519  3  4  6  87       
PG04 -26440.859307  -1747.170992   2686.118235    274.183763  8  4  6  60       
PG05  11053.237688  11245.026953 -21536.872224   -159.157935  8  2  2  56       
PG06   3555.847656  22635.476645  13410.348521    433.379634  4  3  4  61       
PG07 -12577.467925   8574.677152 -21271.392811    -45.108130  4  4  2  66       
PG08 -23572.099771  -6217.900362 -11129.610534   -163.642579  6  7  7  78       
PG09 -23640.942163   8005.504160  -9252.610985     69.142089  5  4  3  70       
PG10  10221.483902 -24126.098469   3285.536477    -70.578964  5  2  3  59       
PG11  11472.685270  23852.064480   2536.728745   -551.436239  6  1  5  47       
PG12  16498.485964    443.402507  20510.038028   -471.072859  6  4  3  90       
PG13  15834.955114  13286.570109 -17004.507563    618.947243  6  3  4  60       
PG14 -13276.215064  22880.461290   -523.753421    307.207689  4  4  3  39       
PG15  23836.014532   4232.294458 -11649.378114    120.494685  8  3  6  80       
PG16  -5152.141543 -17288.962188 -19667.418392   -377.575507  8  5  5  57       
PG17 -13372.833759  12977.607262  19410.945877    719.062238  5     4  72       
PG18  11320.768197  -9939.075058 -21845.760113   -539.674294  7  4  5  53       
PG19  -2998.767017  14700.410295  21709.207864    430.960428  6  2  3  74       
PG20   3148.481055  22485.339718 -13859.382304    390.160183  5  4  3  62       
PG21 -20250.832903 -15415.411298   9649.433349    137.351351  3  4  5  57       
PG22  -9103.416388  24011.392618   7783.119719     42.846618  3  2  3  49       
PG23  16148.374137 -18838.267721  -9189.645109    141.722006  7  5  3           
PG24  20377.708136  12905.486615  11161.114419   -419.674275  4  4  4  46       
PG25  18013.133387 -11690.102862  15113.460930    486.343523  5  4  5  67       
PG26    797.502042 -23714.618169 -11694.452299    197.290038  5  5  3  68       
PG28  -1769.795339 -21627.464219  15294.674439   -108.501415  4  4  5  70       
PG29  24852.549564  -4736.045047  -8299.699551   -608.228539 10  3  3  39       
PG30  -4509.510465  18384.075151 -18401.477788   -441.507415  5  3  4  67       
PG31  -8422.538819 -23861.017334   7141.689651   -227.475479  4  2  6  43       
PG32   8870.631644 -14691.298595  20411.211033   -607.340808  4  4  2  82       
*  2024  1 24 12 30  0.00000000
PG01 -18840.566021  -7652.565080  16924.672841    167.050193          101       
PG02 -21006.067382 -12246.563719  11477.827376   -496.127523  3  4  5  43       
PG03 -15177.799203  -1363.622076  21598.228837    147.562216  3  4  5  84       
PG04 -25985.184720  -1994.471051   5491.039787    274.192473  8  3  6  59       
PG05  10056.896132  13410.098361 -20757.564388   -159.159227  8  2  2  48       
PG06   2535.160405  21333.733120  15616.203777    433.367295  4  2  4  54       
PG07 -14002.104854   6478.016761 -21168.042427    -45.116529  4  4     85       
PG08 -22218.679163  -6553.029949 -13455.977518   -163.643575  5  7  7  84       
PG09 -24555.540181   7852.872179  -6602.130882     69.153191  5  4  3  92       
PG10  10499.447662 -24200.968228    378.119780    -70.580041  5  3  4  71       
PG11  11040.689530  23591.098051   5352.784848   -551.448578  6     4  75       
PG12  15339.483582   2601.491044  21233.001757   -471.076302  6  3  3  91       
PG13  13836.169848  13265.891313 -18681.787327    618.950493  7  2  3  65       
PG14 -13447.284213  22537.420116  -3349.843615    307.216788  3  5  3  63       
PG15  22531.201938   4770.020385 -13896.901017    120.498218  7  3  6  78       
PG16  -3943.504558 -19036.093011 -18216.969847   -377.568327  9  4  5  76       
PG17 -15420.285688  12895.585146  17863.229358    719.060735  4     4  67       
PG18  12701.258615  -7847.335462 -21953.983084   -539.682306  7  4  6  76       
PG19  -5496.835100  14567.632607  21278.097658    430.965181  6  2  3  68       
PG20   2538.748996  23829.487260 -11573.945242    390.158766  4  4  3  51       
PG21 -20682.165273 -16188.254502   7057.072869    137.350157  4  4  5  24       
PG22  -9636.829541  24482.798865   5066.996789     42.840752  3  2  3  18       
PG23  15832.686480 -17660.139779 -11737.872009    141.728935  8  5  3  61       
PG24  20918.456394  13991.717529   8706.206748   -419.680430  4  4  4  63       
PG25  17399.760532  -9872.892112  16995.708707    486.344669  5  3  5  81       
PG26   1530.962557 -24710.766742  -9242.326045    197.286715  5  5  3  59       
PG28   -536.815340 -20221.315586  17190.498114   -108.512045  4  3  5  59       
PG29  25636.482418  -4533.213086  -5571.968723   -608.227759 10  3  3  51       
PG30  -5880.467969  16634.108530 -19653.411166   -441.503138  5  3  4  70       
PG31  -7636.379780 -23171.646178   9776.270437   -227.475692  4  2  6  28       
PG32  11106.208508 -14761.498103  19201.348401   -607.343163  4  4  3  88       
*  2024  1 24 12 45  0.00000000
PG01 -19867.472378  -9211.000195  14925.791556    167.051269           91       
PG02 -21614.428043 -13175.168890   8948.329490   -496.122247  4  4  5  52       
PG03 -14250.716234  -3704.965377  21959.987018    147.584830  3  4  4  92       
PG04 -25233.254221  -2295.630343   8202.233208    274.201113  8  3  7  60       
PG05   9214.243783  15525.786668 -19625.881077   -159.160745  8  2  1  55       
PG06   1302.181406  19904.281271  17553.313505    433.354915  4  2  3  49       
PG07 -15504.312571   4485.206212 -20684.997226    -45.124927  3  3    102       
PG08 -20639.071944  -6999.065994 -15556.638317   -163.645617  5  7  7 108       
PG09 -25175.172575   7700.335760  -3838.690290     69.164309  5  4  3  99       
PG10  10647.413794 -23982.461026  -2535.916452    -70.580984  6  3  4  49       
PG11  10416.895254  23095.890666   8077.033243   -551.460907  6     4  57       
PG12  14266.049209   4871.457076  21580.684783   -471.079674  6  3  4  97       
PG13  11668.334107  13352.794354 -20044.939150    618.953704  7  2  3  58       
PG14 -13505.318199  21913.468865  -6117.600976    307.225931  3  5  4  72       
PG15  21028.473975   5433.671201 -15914.171902    120.501859  6  3  5  74       
PG16  -2907.914006 -20687.604712 -16455.926736   -377.561202  9  3  6  73       
PG17 -17282.392632  12911.918716  16019.334562    719.059952  4     4  52       
PG18  14186.582722  -5842.343800 -21684.006340   -539.690332  7  4  6  48       
PG19  -7930.625385  14565.139960  20472.760795    430.969891  6  2  4  74       
PG20   2057.750269  24939.655078  -9090.485053    390.157200  4  3  4  39       
PG21 -20956.480490 -16724.453155   4351.572948    137.349133  4  4  5  49       
PG22 -10004.153384  24707.783972   2265.962308     42.834961  4  2  3  42       
PG23  15482.277902 -16206.566374 -14081.883643    141.735844  9  5  4  51       
PG24  21318.490402  14837.122585   6102.581580   -419.686682  3  4  4  72       
PG25  16803.615723  -7842.480590  18575.030707    486.345804  5  3  6  84       
PG26   2128.943546 -25468.450511  -6628.742906    197.283373  5  5  4   5       
PG28    893.662883 -18728.258593  18790.032097   -108.522670  4  3  5  61       
PG29  26117.093300  -4355.434852  -2749.025179   -608.227250 10  3  2  68       
PG30  -7405.668679  14854.577780 -20561.408253   -441.498856  5  3  4  49       
PG31  -6643.838098 -22286.851050  12237.231146   -227.475929  4  2  5  58       
PG32  13184.528107 -14926.815598  17664.208657   -607.345537  4  5  3  83       
*  2024  1 24 13  0  0.00000000
PG01 -20823.659407 -10519.002686  12668.316464 999999.999999                    
PG02 -22061.945992 -13871.212017   6269.753161   -496.117052  5  5  5  59       
PG03 -13448.101578  -6111.233063  21938.715825    147.607516  3  4  3  50       
PG04 -24203.911666  -2684.492785  10773.393434    274.209845  8  3  7  45       
PG05   8526.121218  17544.567417 -18160.520675   -159.162171  8  2  2  78       
PG06   -140.840572  18393.791038  19188.719233    433.342581  4  2  3  37       
PG07 -17048.956898   2631.738107 -19832.729413    -45.133215  4  3     92       
PG08 -18868.515564  -7577.681148 -17395.982071   -163.647264  5  7  7  98       
PG09 -25493.948611   7510.576482  -1009.514913     69.175571  5  3  4  93       
PG10  10702.375372 -23457.815756  -5405.299290    -70.582110  6  3  5  39       
PG11   9580.745088  22399.456083  10662.775510   -551.473251  7     4  53       
PG12  13304.454798   7209.940097  21547.003530   -471.082797  6  2  4  84       
PG13   9373.892108  13565.540814 -21070.921099    618.957275  7  2  3  53       
PG14 -13486.779272  21004.372307  -8778.841688    307.235026  3  5  4  68       
PG15  19364.938564   6238.937817 -17668.557044    120.505089  5  3  5  72       
PG16  -2042.758777 -22197.912324 -14412.795735   -377.554188  9  2  6  49       
PG17 -18924.419188  12999.240157  13909.192072    719.058547  4  1  4  65       
PG18  15743.994009  -3961.835619 -21041.036861   -539.698379  8  4  6  48       
PG19 -10251.122919  14680.727206  19306.566200    430.974472  5  3  4  50       
PG20   1679.044687  25786.954941  -6451.685654    390.156242  4  3  4  20       
PG21 -21039.245112 -17039.626300   1576.070654    137.348212  4  4  5  26       
PG22 -10234.021871  24661.627778   -573.199871     42.829144  4  2  3  67       
PG23  15137.008844 -14494.874698 -16181.076200    141.742767  9  5  4  62       
PG24  21543.845723  15453.046920   3395.290966   -419.692857  4  4  4  70       
PG25  16258.591274  -5630.803806  19823.163505    486.346947  5  3  6  82       
PG26   2616.601463 -25960.293293  -3899.046478    197.280070  5  5  4  52       
PG28   2511.599108 -17192.885467  20065.656967   -108.533236  3  3  5  74       
PG29  26287.244574  -4164.616273    120.909575   -608.226814 10  3  3  71       
PG30  -9066.223590  13088.460305 -21110.159509   -441.494584  5  2  4  81       
PG31  -5435.145314 -21246.153079  14480.776450   -227.475916  4  2  5  40       
PG32  15067.653173 -15161.281724  15825.173031   -607.347907  4  5  4  82       
*  2024  1 24 13 15  0.00000000
PG01 -21664.236842 -11572.119014  10191.852222 999999.999999                    
PG02 -22311.575050 -14348.490972   3486.216185   -496.112238  5  4  5   4       
PG03 -12786.060753  -8533.440878  21535.156967    147.630177  3  3  2  54       
PG04 -22923.678643  -3190.790759  13160.565972    274.218527  8  3  7   6       
PG05   7985.263060  19420.399765 -16385.857707   -159.162995  7  2  2  74       
PG06  -1782.862117  16849.032597  20494.716315    433.330254  5  3  2  25       
PG07 -18596.577409    946.003285 -18628.394691    -45.141521  4  3     85       
PG08 -16946.996301  -8303.867224 -18942.571734   -163.648014  5  6  6 101       
PG09 -25514.681523   7246.547047   1836.960508     69.186675  4  3  5  78       
PG10  10703.696969 -22623.561813  -8179.337310    -70.583044  7  3  5  50       
PG11   8519.053697  21539.589251  13065.695805   -551.485546  6     4  68       
PG12  12473.626724   9569.763200  21132.788762   -471.086605  6  2  4  86       
PG13   6998.749833  13914.916814 -21742.210896    618.960694  7  2  4  67       
PG14 -13429.170372  19814.574497 -11287.276555    307.244172  3  5  4  90       
PG15  17580.905558   7194.691926 -19131.753077    120.508809  5  2  4  78       
PG16  -1337.569255 -23523.770385 -12121.243359   -377.546974  9  1  6  42       
PG17 -20317.954162  13125.023074  11567.181230    719.057517  5  1  4  39       
PG18  17335.346165  -2237.177806 -20036.667783   -539.706433  8  4  6  51       
PG19 -12412.823223  14894.502751  17799.458399    430.979309  5  3  4  34       
PG20   1371.532023  26349.636054  -3702.762245    390.154323  4  3  4  59       
PG21 -20900.271453 -17155.902544  -1224.876908    137.347208  5  4  5  59       
PG22 -10359.451369  24326.890416  -3402.613030     42.823455  4  1  3  46       
PG23  14833.878329 -12550.831196 -17999.208247    141.749703  9  5  5  30       
PG24  21564.699743  15858.011846    630.618892   -419.699119  4  4  4  59       
PG25  15793.438966  -3276.459657  20717.949745    486.348124  5  2  6  84       
PG26   3023.640109 -26166.122241  -1100.891955    197.276763  5  5  4  51       
PG28   4298.740666 -15658.492530  20995.337479   -108.543779  3  3  5  56       
PG29  26148.744325  -3922.475197   2988.768715   -608.226253  9  3  3  79       
PG30 -10836.147412  11375.565219 -21290.766344   -441.490307  5  2  4  84       
PG31  -4008.915843 -20092.137271  16467.081688   -227.476125  4  3  5  37       
PG32  16723.705375 -15433.399664  13714.903440   -607.350290  4  6  4  69       
*  2024  1 24 13 30  0.00000000
PG01 -22347.671704 -12375.998536   7540.333493 999999.999999                    
PG02 -22330.772936 -14627.888352    644.020453   -496.107079  6  4  5  57       
PG03 -12272.325638 -10920.941625  20756.785226    147.652827  4  4  2  71       
PG04 -21425.799715  -3838.814147  15322.883582    274.227183  7  2  7  61       
PG05   7576.690305  21110.351425 -14331.580649   -159.164461  6  2  2  76       
PG06  -3604.299704  15315.125842  21449.299694    433.317945  4  3  1  35       
PG07 -20104.929625   -551.575800 -17095.356622    -45.150362  4  3     89       
PG08 -14917.881152  -9185.191353 -20169.668440   -163.648865  5  6  6  98       
PG09 -25248.731331   6873.086804   4651.909438     69.197829  4  2  5 100       
PG10  10691.366383 -21485.798913 -10808.885860    -70.584393  7  4  5  34       
PG11   7226.707564  20557.364380  15244.611289   -551.497831  6     3  30       
PG12  11784.480346  11901.629780  20345.753029   -471.089975  6  2  4  95       
PG13   4590.733751  14403.737092 -22047.097331    618.963828  6  2  4  75       
PG14 -13369.402433  18357.153379 -13599.342305    307.253292  3  5  4  88       
PG15  15718.499054   8302.533335 -20280.152054    120.512428  6  3  4  82       
PG16   -774.527783 -24625.906655  -9619.624120   -377.539730  9     6  28       
PG17 -21441.856746  13252.877180   9031.665542    719.056264  5  2  4  48       
PG18  18918.484467   -692.356784 -18688.643424   -539.714513  8  4  6  59       
PG19 -14375.366512  15179.724969  15977.625526    430.984068  4  3  4  38       
PG20   1100.845856  26613.855265   -890.696382    390.153442  4  2  4  41       
PG21 -20514.935115 -17101.051834  -4005.853491    137.345591  5  4  4  16       
PG22 -10416.454265  23694.222326  -6174.060802     42.817846  4  2  2  42       
PG23  14605.479036 -10407.795018 -19505.031884    141.756644  9  5  5  63       
PG24  21356.544072  16076.767070  -2144.688302   -419.705324  4  4  4  78       
PG25  15430.574894   -823.355439  21243.766864    486.349260  5  2  7  93       
PG26   3382.937431 -26073.807899   1716.620336    197.273439  5  5  4  56       
PG28   6229.135849 -14165.471901  21563.006625   -108.554440  3  3  5  65       
PG29  25712.250205  -3592.204301   5805.463522   -608.225911  9  4  3  57       
PG30 -12683.238363   9751.106830 -21100.854902   -441.486017  5  2  4  51       
PG31  -2372.416767 -18868.725309  18161.064458   -227.476000  3  3  5  72       
PG32  18127.949351 -15707.420685  11368.883506   -607.352650  4  6  4  81       
*  2024  1 24 13 45  0.00000000
PG01 -22835.598197 -12944.689752   4760.092471 999999.999999                    
PG02 -22092.865354 -14736.493666  -2209.033928   -496.101856  6  4  4  76       
PG03 -11906.049809 -13223.226372  19617.642763    147.675483  4  3  2  59       
PG04 -19749.043407  -4646.288595  17223.254844    274.235878  6  2  6  58       
PG05   7278.406080  22576.125765 -12032.239180   -159.165132  5  2  2  73       
PG06  -5577.614362  13833.872918  22036.509665    433.305606  4  3  1  61       
PG07 -21530.624713  -1849.062560 -15262.597370    -45.158172  4  2  2 102       
PG08 -12826.426231 -10221.328118 -21055.697237   -163.650335  5  6  6 105       
PG09 -24715.531368   6358.474271   7386.943970     69.209022  3  2  6  57       
PG10  10704.217279 -20060.098071 -13247.292866    -70.585195  7  4  6  58       
PG11   5707.057804  19495.520782  17162.169255   -551.510135  6     4  38       
PG12  11239.596538  14155.907935  19200.316148   -471.093194  6  3  4  87       
PG13   2197.979255  15026.652447 -21979.891070    618.967296  6  2  4  55       
PG14 -13342.196517  16653.443320 -15674.978879    307.262465  2  4  4  90       
PG15  13820.225571   9556.600844 -21095.146405    120.516230  6  3  3  73       
PG16   -329.281642 -25470.544000  -6950.401227   -377.532759  9  2  6  64       
PG17 -22282.957973  13344.006812   6344.461157    719.055457  6  2  4  30       
PG18  20448.796213    656.739645 -17020.523436   -539.722538  8  5  6  52       
PG19 -16104.974577  15503.937387  13873.032809    430.988900  4  4  4  40       
PG20    830.868483  26574.157758   1936.550950    390.152086  4  2  4           
PG21 -19865.235371 -16907.416701  -6721.181367    137.344651  6  4  4  55       
PG22 -10442.519787  22762.896689  -8839.778979     42.811892  4  1  1  61       
PG23  14478.643120  -8105.581506 -20672.826804    141.763554  9  6  6  44       
PG24  20901.151767  16139.138203  -4884.165623   -419.711495  4  5  4  80       
PG25  15185.165229   1680.862313  21391.810266    486.350419  5  2  7  87       
PG26   3729.033098 -25679.797942   4503.855904    197.270075  5  5  4  52       
PG28   8269.951032 -12749.827801  21758.846120   -108.565043  3  3  5  69       
PG29  24996.847896  -3140.083016   8522.711020   -608.225072  8  4  3  83       
PG30 -14570.207453   8244.480727 -20544.564885   -441.481764  5  1  4  80       
PG31   -541.478556 -17619.409455  19533.051308   -227.475884  3  4  5  70       
PG32  19263.619047 -15944.807697   8826.866593   -607.355017  4  6  3  72       
*  2024  1 24 14  0  0.00000000
PG01 -23094.119832 -13299.884927   1898.959719 999999.999999                    
PG02 -21578.229739 -14706.483423  -5024.390654   -496.096896  6  5  4  45       
PG03 -11677.956192 -15391.718161  18138.052595    147.698145  5  3  3  63       
PG04 -17936.303213  -5623.506469  18828.993746    274.244596  5  2  6  70       
PG05   7062.371460  23785.433250  -9526.704692   -159.166467  4  1  3  63       
PG06  -7668.202829  12442.236361  22246.674045    433.293284  4  3  2  64       
PG07 -22830.794738  -2943.165318 -13164.038664    -45.166703  4  3  2  84       
PG08 -10718.213178 -11403.888534 -21584.646210   -163.652630  5  6  6  88       
PG09 -23941.815154   5675.855969   9994.944723     69.220303  4  3  6  85       
PG10  10778.199045 -18371.024202 -15451.301488    -70.586640  8  4  6  45       
PG11   3971.990400  18396.798290  18785.479775   -551.522417  6     4  35       
PG12  10833.251407  16284.427574  17717.294861   -471.096713  6  3  5  81       
PG13   -132.694891  15770.269637 -21541.050856    618.970419  5  2  4  70       
PG14 -13378.585695  14732.341201 -17478.337405    307.271606  2  4  4  77       
PG15  11927.544474  10943.650813 -21563.374554    120.519441  6  3  3  77       
PG16     27.965458 -26030.746149  -4159.463227   -377.525670  9  2  5  37       
PG17 -22836.488738  13358.785404   3550.239461    719.054083  5  3  4  53       
PG18  21880.860220   1802.722619 -15061.253792   -539.730555  8  5  6  67       
PG19 -17575.628242  15830.356045  11522.830375    430.993522  4  3  4  58       
PG20    525.308856  26233.651945   4730.836131    390.150279  4  2  4  32       
PG21 -18940.659962 -16610.670430  -9325.556973    137.344034  6  4  4  61       
PG22 -10475.015772  21541.035467 -11353.275674     42.806113  3  2     61       
PG23  14473.331950  -5689.081980 -21482.828477    141.770472  9  5  6  69       
PG24  20187.310474  16078.716650  -7542.339165   -419.717603  3  5  4  79       
PG25  15064.531540   4186.526446  21160.225295    486.351588  5  2  6  81       
PG26   4096.539879 -24989.318384   7211.581190    197.266753  5  5  4  42       
PG28  10382.560705 -11441.874844  21579.458270   -108.575644  3  4  5  63       
PG29  24029.319156  -2536.976268  11093.852628   -608.224531  7  4  3  75       
PG30 -16456.009760   6878.288595 -19632.417405   -441.477422  5  1  4  82       
PG31   1459.948880 -16385.524107  20559.323559   -227.476256  3  4  5  73       
PG32  20122.450818 -16105.832930   6132.236092   -607.357373  4  6  3  64       
*  2024  1 24 14 15  0.00000000
PG01 -23095.515882 -13470.057457   -994.319135 999999.999999                    
PG02 -20775.248694 -14573.793080  -7753.528858   -496.091578  6  5  4  64       
PG03 -11570.828033 -17381.487381  16344.219317    147.720812  5  3  3  39       
PG04 -16033.050509  -6772.744793  20112.380129    274.253297  3  3  6  53       
PG05   6895.727052  24713.153905  -6857.549478   -159.167890  4     3  53       
PG06  -9835.560321  11171.019242  22076.544850    433.280952  4  3  3  64       
PG07 -23964.714227  -3839.045087 -10837.797244    -45.175014  4  3  3  86       
PG08  -8637.568613 -12716.557037 -21746.390723   -163.653239  5  6  6  77       
PG09 -22960.571601   4804.494952  12430.875987     69.231595  4  3  6  84       
PG10  10944.768936 -16451.298012 -17381.886649    -70.587904  8  4  6  76       
PG11   2041.670440  17302.285811  20086.673713   -551.534695  5     4  45       
PG12  10551.794555  18242.215517  15923.466585   -471.100250  5  3  5  78       
PG13  -2357.368661  16613.582318 -20737.221298    618.973898  5  2  3  58       
PG14 -13504.577021  12629.324569 -18978.405404    307.280788     4  5  71       
PG15  10079.486388  12443.399961 -21676.907428    120.522976  6  3  2  64       
PG16    331.120421 -26287.526977  -1295.343916   -377.518397  9  3  5  60       
PG17 -23106.213178  13258.392124    695.865942    719.052775  5  3  4  34       
PG18  23170.132411   2746.772742 -12844.653407   -539.738565  8  5  5  71       
PG19 -18769.934380  16119.450416   8968.648412    430.998170  4  3  4  39       
PG20    149.283654  25603.873553   7444.627707    390.149207  5  2  4   4       
PG21 -17738.818736 -16248.436244 -11774.723902    137.342941  6  4  4  59       
PG22 -10549.570935  20045.510300 -13670.166892     42.800208  3  2     51       
PG23  14601.812399  -3206.695375 -21921.544286    141.777422  8  5  6  34       
PG24  19211.301612  15931.441963 -10075.396007   -419.723742  3  5  4  81       
PG25  15067.898885   6643.741411  20554.087535    486.352723  5  3  6  70       
PG26   4518.546280 -24016.230382   9791.900755    197.263416  5  5  4  64       
PG28  12523.869021 -10265.168533  21027.926181   -108.586300  4  3  5  71       
PG29  22843.126165  -1759.661755  13474.650494   -608.224074  6  4  3  84       
PG30 -18297.322815   5667.646768 -18381.068494   -441.473014  5  2  3  50       
PG31   3600.574116 -15204.629097  21222.530576   -227.476272  3  5  5  75       
PG32  20704.898196 -16151.248995   3331.285604   -607.359806  3  7  4  71       
*  2024  1 24 14 30  0.00000000
PG01 -22819.311989 -13489.153145  -3870.885948 999999.999999                    
PG02 -19680.988605 -14376.624533 -10348.794841   -496.086553  6  5  3  92       
PG03 -11560.320236 -19152.821972  14267.727327    147.743476  5  3  3  65       
PG04 -14085.697023  -8087.993963  21051.141610    274.261999  2  4  6  56       
PG05   6742.216074  25342.244253  -4070.351904   -159.169255  4     3  51       
PG06 -12034.670267  10043.795489  21529.329178    433.268689  4  3  4  71       
PG07 -24895.314594  -4549.793847  -8325.398095    -45.183401  3  3  3  88       
PG08  -6626.023690 -14135.537106 -21536.934425   -163.654338  6  6  6  90       
PG09 -21809.767582   3730.788868  14652.571765     69.242776  4  3  6  66       
PG10  11229.476425 -14340.631394 -19005.004234    -70.588936  8  4  5  88       
PG11    -56.030752  16249.845996  21043.377154   -551.547005  5  2  5  19       
PG12  10374.355943  19989.097649  13851.020460   -471.104008  5  3  5  89       
PG13  -4436.502611  17528.700884 -19581.178776    618.977167  5  2  3  71       
PG14 -13740.026888  10385.221920 -20149.538045    307.289896  1  4  5  71       
PG15   8311.363740  14029.121572 -21433.375291    120.526708  6  4  2  68       
PG16    616.675746 -26230.670099   1591.642779   -377.511012  9  4  5  55       
PG17 -23104.255798  13006.452583  -2170.320596    719.051317  4  3  3  77       
PG18  24274.603839   3498.381271 -10408.826111   -539.746635  7  5  5  49       
PG19 -19679.645329  16330.650022   6255.796563    431.003113  4  3  4  25       
PG20   -329.158025  24704.345142  10031.787657    390.147533  5     4  31       
PG21 -16265.814683 -15858.808323 -14026.180065    137.341571  6  3  3  83       
PG22 -10698.501141  18301.511119 -15749.011766     42.794250  2  3     63       
PG23  14868.150288   -708.634085 -21981.954035    141.784327  8  5  6  66       
PG24  17977.114666  15734.127917 -12441.810188   -419.729932  3  5  4  50       
PG25  15186.493619   9004.172028  19585.235959    486.353858  4  3  6  72       
PG26   5025.079214 -22782.546116  12199.173776    197.260075  5  5  4  79       
PG28  14647.812307  -9235.709149  20113.761124   -108.596933  4  4  5  70       
PG29  21477.149762   -791.933518  15624.048199   -608.223789  5  5  3  87       
PG30 -20050.112393   4619.801249 -16812.957044   -441.468716  5  2  3  72       
PG31   5842.840552 -14109.072604  21511.963433   -227.476523  4  5  4  85       
PG32  21020.015153 -16043.967900    472.429259   -607.362155  3  6  4  65       
*  2024  1 24 14 45  0.00000000
PG01 -22253.078556 -13395.104621  -6682.546133 999999.999999                    
PG02 -18301.566763 -14153.841748 -12764.261143   -496.081471  6  5  2  77       
PG03 -11616.055522 -20672.592470  11944.948616    147.766168  5  3  3  85       
PG04 -12139.928110  -9555.009541  21628.848511    274.270640  2  5  5  68       
PG05   6563.755922  25664.350834  -1212.936772   -159.170298  4     3  63       
PG06 -14217.568353   9076.128893  20614.615436    433.256362  3  4  5  43       
PG07 -25590.536075  -5095.617432  -5670.966906    -45.191630  3  4  4  76       
PG08  -4720.870900 -15630.295142 -20958.558786   -163.658097  6  6  6  84       
PG09 -20530.886101   2449.015797  16621.478382     69.253977  4  3  6  78       
PG10  11650.801182 -12084.285454 -20292.234359    -70.590398  8  4  5  88       
PG11  -2286.404793  15272.676107  21639.094518   -551.559335  5  3  5  19       
PG12  10273.847415  21491.104261  11536.911458   -471.107317  4  3  5  76       
PG13  -6336.265030  18481.858429 -18091.682572    618.980346  4  3  3  77       
PG14 -14097.773807   8044.784836 -20971.886617    307.299039     3  5  98       
PG15   6653.615075  15668.477186 -20836.033501    120.530121  6  4  2  73       
PG16    922.052760 -25859.215894   4450.336842   -377.504069  8  4  5  77       
PG17 -22850.620773  12570.622506  -4999.282275    719.050626  4  3  3  64       
PG18  25156.369154   4074.774646  -7795.508353   -539.754703  7  5  4  97       
PG19 -20305.809342  16424.103008   3432.387538    431.007526  4  4  4  38       
PG20   -937.623541  23561.848242  12448.328042    390.146226  5     4  27       
PG21 -14536.326554 -15478.821876 -16039.912752    137.340547  6  4  3  68       
PG22 -10949.344805  16341.788394 -17552.129160     42.788575  2  2     77       
PG23  15268.038512   1754.829471 -21663.593727    141.791225  8  4  6  74       
PG24  16496.394247  15522.983387 -14602.922143   -419.736086  3  4  4  16       
PG25  15403.981679  11222.753530  18271.968030    486.355001  4  3  5  74       
PG26   5641.693367 -21317.622614  14390.887204    197.256760  5  5  4  79       
PG28  16706.984955  -8361.449463  18852.737958   -108.607567  5  4  5  72       
PG29  19974.228706    374.562260  17504.882816   -608.223031  5  5  3  92       
PG30 -21671.223841   3734.059205 -14955.857662   -441.464426  5  2  3  75       
PG31   8144.252746 -13124.792111  21423.686559   -227.476512  4  5  4  78       
PG32  21085.007749 -15750.680369  -2394.644995   -607.364464  4  6  5  39       
*  2024  1 24 15  0  0.00000000
PG01 -21392.934350 -13228.226659  -9382.509573 999999.999999                    
PG02 -16652.180431 -13943.314758 -14956.596853   -496.076313  6  5  2  76       
PG03 -11702.958907 -21915.360922   9416.373577    147.788873  6  4  3  64       
PG04 -10239.069566 -11151.687426  21835.214377    274.279333  2  5  5  57       
PG05   6322.098277  25680.102959   1665.437856   -159.172002  5     3  31       
PG06 -16335.022243   8275.108266  19348.197360    433.244021  4  4  5  38       
PG07 -26024.471593  -5502.766674  -2920.420495    -45.200053  2  4  4  59       
PG08  -2953.873482 -17164.580943 -20019.873444   -163.660623  6  6  6  80       
PG09 -19167.336098    961.776452  18303.339808     69.265112  4  4  6  72       
PG10  12219.294319  -9731.412816 -21221.303584    -70.591946  8  4  4  92       
PG11  -4609.039712  14398.059969  21863.494027   -551.571589  6  4  6  56       
PG12  10218.213005  22721.624440   9022.135200   -471.110834  4  4  5  59       
PG13  -8029.654276  19434.659714 -16293.229148    618.983635  4  3  3  46       
PG14 -14583.061726   5655.119095 -21431.717952    307.308195  2  3  5  84       
PG15   5130.821428  17324.559038 -19893.764839    120.533764  6  4  3  60       
PG16   1283.882101 -25181.586379   7229.714804   -377.496775  8  4  4  82       
PG17 -22372.413355  11924.052569  -7742.101020    719.049032  3  3  3  70       
PG18  25783.047362   4500.046515  -5049.363533   -539.762714  6  5  4  83       
PG19 -20658.547372  16362.410599    548.407186    431.012214  5  4  4  65       
PG20  -1698.131983  22209.435554  14653.132419    390.144936  5  1  4  21       
PG21 -12573.384684 -15142.925351 -17779.151629    137.339417  6  4  3  64       
PG22 -11323.571359  14205.588851 -19046.375208     42.782889  3  2     59       
PG23  15788.963897   4135.107675 -20972.523808    141.798156  7  4  6  49       
PG24  14788.125706  15332.177496 -16523.469993   -419.742260  3  4  4           
PG25  15697.222936  13259.253041  16638.609639    486.356142  5  4  5  79       
PG26   6388.248520 -19657.067069  16328.464034    197.253438  5  5  5  66       
PG28  18654.326195  -7642.124886  17266.621394   -108.618207  6  4  5  44       
PG29  18379.555033   1739.793497  19084.535729   -608.222574  5  5  2  80       
PG30 -23119.937393   3002.034292 -12842.350123   -441.460142  5  2  3  55       
PG31  10458.894378 -12270.399885  20960.529415   -227.476610  4  6  4  66       
PG32  20924.467733 -15243.348485  -5219.863807   -607.366825  4  6  5  83       
*  2024  1 24 15 15  0.00000000
PG01 -20243.743434 -13029.551819 -11926.089671 999999.999999                    
PG02 -14756.783751 -13780.277998 -16885.929901   -496.071226  6  5  2  81       
PG03 -11782.775370 -22864.193638   6725.879169    147.811546  6  5  4  73       
PG04  -8422.549930 -12848.750502  21666.295832    274.288041  3  5  5  43       
PG05   5980.512954  25399.069321   4514.934193   -159.173441  5  1  3  65       
PG06 -18338.264386   7639.214485  17751.799501    433.231668  4  4  5  70       
PG07 -26178.267611  -5802.267345   -120.670951    -45.208458     4  4  43       
PG08  -1350.178877 -18697.691993 -18735.760552   -163.662863  6  6  6 104       
PG09 -17762.795184   -719.887182  19668.812405     69.276204  5  4  5  56       
PG10  12937.058565  -7333.255130 -21776.474866    -70.593508  7  3  4  87       
PG11  -6979.175681  13646.358763  21712.590583   -551.583816  5  5  6  55       
PG12  10171.872654  23662.267260   6350.942139   -471.114407  4  3  5  81       
PG13  -9497.372285  20345.530376 -14215.708602    618.987032  4  4  4  68       
PG14 -15193.274933   3264.036834 -21521.621018    307.317357  3  3  5  91       
PG15   3760.928735  18957.112003 -18621.015185    120.537323  6  4  2  58       
PG16   1736.296001 -24215.334027   9879.896992   -377.489811  8  4  4  72       
PG17 -21702.784708  11046.673770 -10350.830555    719.047705  2  3  3  64       
PG18  26129.002611   4804.031928  -2217.234240   -539.770798  6  4  3  80       
PG19 -20756.468760  16112.263175  -2345.245303    431.016893  5  4  4  64       
PG20  -2626.082548  20685.219883  16608.631911    390.143318  5  1  4  20       
PG21 -10407.830950 -14881.512555 -19211.125655    137.338148  7  4  3  82       
PG22 -11835.522465  11937.318710 -20203.859877     42.777126  3  2  2  69       
PG23  16410.703539   6386.967340 -19921.185199    141.805043  7  4  6  82       
PG24  12878.072645  15192.495844 -18172.071670   -419.748440  3  3  3  39       
PG25  16037.303896  15079.621248  14714.975759    486.357302  5  4  5  80       
PG26   7277.927557 -17841.400199  17977.987178    197.250113  5  5  5  59       
PG28  20444.802818  -7069.411998  15382.787888   -108.628853  6  4  5  62       
PG29  16738.986427   3295.133395  20335.510375   -608.222148  5  6  1  87       
PG30 -24359.428694   2408.191076 -10509.217931   -441.455889  5  3  3  39       
PG31  12739.072588 -11556.585707  20131.944231   -227.476675  4  6  4  74       
PG32  20569.315274 -14500.508310  -7953.681015   -607.369166  4  6  6  57       
*  2024  1 24 15 30  0.00000000
PG01 -18819.003974 -12839.165742 -14271.355431 999999.999999                    
PG02 -12647.412571 -13695.772136 -18516.679277   -496.065935  6  6  2  70       
PG03 -11815.709209 -23511.149985   3919.949332    147.834248  6  5  4  81       
PG04  -6724.517026 -14610.722913  21124.586909    274.296761  3  6  5  64       
PG05   5505.428371  24839.376184   7286.013594   -159.174804  5  2  3  44       
PG06 -20180.713724   7158.522898  15852.708963    433.219263  4  4  5  73       
PG07 -26040.757958  -6028.503563   2681.144027    -45.216559     4  4  50       
PG08     72.518463 -20185.938254 -17127.207694   -163.664517  6  6  6  81       
PG09 -16359.549866  -2576.704075  20693.996879     69.287268  5  4  5  80       
PG10  13797.587337  -4941.272423 -21948.798408    -70.595194  7  3  3  74       
PG11  -9349.232502  13030.279363  21188.822628   -551.596070  5  6  6  59       
PG12  10097.297348  24303.400819   3570.010132   -471.117613  3  3  5  47       
PG13 -10728.413220  21171.315098 -11893.963873    618.990193  4  4  4  60       
PG14 -15917.992828    918.394098 -21240.599320    307.326543  3  3  5  89       
PG15   2554.705018  20523.897780 -17037.658641    120.540935  5  4  2  73       
PG16   2309.308934 -22986.518080  12353.152628   -377.482562  8  4  4  63       
PG17 -20879.633594   9926.246735 -12779.367071    719.046659  2  2  4  60       
PG18  26176.320317   5020.967479    652.636138   -539.778826  5  4  3  57       
PG19 -20625.754279  15645.908766  -5197.723202    431.021624  5  4  5  80       
PG20  -3729.475048  19030.984436  18281.426392    390.142205  6  2  4  63       
PG21  -8077.465015 -14719.575497 -20307.805678    137.337123  7  5  3  77       
PG22 -12491.638146   9584.982203 -21002.580098     42.771317  4  1  3  79       
PG23  17106.128712   8470.061428 -18528.148270    141.812045  6  4  5  65       
PG24  10797.986523  15130.131041 -19521.657072   -419.754591  3  2  3  37       
PG25  16390.800067  16657.084074  12535.739730    486.358453  5  4  5  68       
PG26   8316.536912 -15914.534904  19310.822170    197.246765  5  5  5  81       
PG28  22037.023025  -6627.408605  13233.749794   -108.639499  7  4  4  70       
PG29  15097.340211   5023.487169  21235.925954   -608.221374  6  6     72       
PG30 -25358.080681   1930.662782  -7996.788812   -441.451663  5  3  3  57       
PG31  14937.019914 -10985.854872  18953.739248   -227.476792  4  6  3  80       
PG32  20055.490975 -13508.325749 -10547.995159   -607.371506  5  6  6  47       
*  2024  1 24 15 45  0.00000000
PG01 -17140.437289 -12694.599548 -16379.732802 999999.999999                    
PG02 -10363.172968 -13715.238676 -19818.333185   -496.060766  6  6  3  75       
PG03 -11762.120004 -23857.432359   1046.862620    147.857044  6  6  5  87       
PG04  -5172.662208 -16397.156899  20219.004463    274.305341  4  5  6  73       
PG05   4867.961835  24026.998454   9930.324192   -159.176784  5  3  3  46       
PG06 -21819.622663   6815.232323  13683.319222    433.206863  4  4  4  60       
PG07 -25608.817309  -6217.711125   5438.395151    -45.225038     3  4  51       
PG08   1304.527767 -21584.254671 -15221.025916   -163.667660  6  6  6  85       
PG09 -14996.898412  -4581.711423  21360.876551     69.298368  5  4  4  57       
PG10  14785.966428  -2605.282786 -21736.220898    -70.597165  7  2  3  80       
PG11 -11670.451627  12554.448523  20301.021129   -551.608360  6  6  6  68       
PG12   9956.650046  24644.354094    727.593970   -471.121363  3  3  5  83       
PG13 -11720.340829  21868.966259  -9367.255063    618.993203  5  5  4  27       
PG14 -16739.360167  -1337.522189 -20594.050058    307.335716  4  3  5  94       
PG15   1515.454871  21982.158528 -15168.787734    120.544360  5  3  2  13       
PG16   3027.360996 -21528.729919  14604.874496   -377.475302  7  5  5  75       
PG17 -19944.109777   8559.125026 -14984.321341    719.045804  2  1  4  64       
PG18  25915.503114   5187.988693   3511.400822   -539.786890  5  4  3  52       
PG19 -20298.949671  14942.393649  -7959.180758    431.026455  5  3  5  47       
PG20  -5008.412519  17290.665561  19642.841814    390.140920  6  2  4  41       
PG21  -5625.892080 -14675.539464 -21046.610397    137.335860  7  5  3  75       
PG22 -13290.009325   7198.455502 -21426.947492     42.765640  5     3  65       
PG23  17842.282919  10350.266278 -16817.761485    141.818987  6  4  5  58       
PG24   8584.614792  15165.646315 -20549.849314   -419.760739  3  2  2  45       
PG25  16721.211243  17972.936999  10139.730150    486.359559  5  4  5  71       
PG26   9502.118132 -13922.135208  20304.125381    197.243382  5  5  5  70       
PG28  23394.719197  -6293.415842  10856.590162   -108.650164  7  4  4  45       
PG29  13496.734701   6899.752029  21769.917380   -608.220666  6  6     76       
PG30 -26090.599673   1542.306959  -5348.230059   -441.447442  5  2  3  65       
PG31  17006.584790 -10552.604784  17447.699529   -227.476874  4  6  3  76       
PG32  19422.448855 -12261.358410 -12957.051461   -607.373874  5  5  6  48       
*  2024  1 24 16  0  0.00000000
PG01 -15237.294631 -12629.333503 -18216.552437 999999.999999                    
PG02  -7948.925418 -13857.333189 -20766.148051   -496.055564  6  7  3  69       
PG03 -11584.208976 -23913.195711  -1844.138196    147.879721  6  6  5  65       
PG04  -3787.298239 -18164.067038  18964.762986    274.314052  4  5  6  81       
PG05   4045.276101  22994.748561  12401.579589   -159.177964  5  3  3  16       
PG06 -23217.588467   6584.499998  11280.592887    433.194418  4  3  4  52       
PG07 -24887.431075  -6406.436881   8105.653388    -45.233149     3  4  42       
PG08   2344.399273 -22847.900727 -13049.451811   -163.667980  6  6  6  86       
PG09 -13709.679401  -6701.098239  21657.652654     69.309416  5  4  4  78       
PG10  15879.425961   -371.688958 -21143.554874    -70.598662  6  2  3  88       
PG11 -13894.590966  12215.309622  19064.270454   -551.620644  5  6  6  44       
PG12   9713.426081  24693.280543  -2127.330501   -471.124604  3  3  6  49       
PG13 -12479.239255  22397.259398  -6678.633450    618.996484  5  6  5  33       
PG14 -17632.755996  -3463.496640 -19593.633026    307.344851  5  3  6  90       
PG15    639.006515  23290.132412 -13044.424301    120.547733  5  4  2  59       
PG16   3908.092159 -19881.806634  16594.494654   -377.468236  7  5  5  75       
PG17 -18938.974447   6950.691973 -16925.872564    719.045115  3  2  4  75       
PG18  25345.861321   5343.521577   6310.414428   -539.794937  4  4  3  34       
PG19 -19813.524346  13988.525676 -10581.682921    431.031070  4  3  5  54       
PG20  -6454.905825  15508.763652  20669.415331    390.139382  6  3  4  38       
PG21  -3101.101698 -14760.339547 -21411.049894    137.334908  7  5  4  88       
PG22 -14220.284690   4827.666299 -21468.190460     42.759958  5     4  81       
PG23  18581.690680  12000.775889 -14819.707783    141.825864  5  5  5  70       
PG24   6278.539536  15313.145843 -21239.293637   -419.766923  3  1  2  43       
PG25  16990.507824  19017.018314   7569.174585    486.360697  6  4  5  80       
PG26  10824.885105 -11909.924969  20941.228162    197.240027  4  5  5  78       
PG28  24488.042463  -6038.991070   8292.318205   -108.660827  7  4  4  64       
PG29  11975.042337   8891.595099  21927.933091   -608.219973  6  6  2  82       
PG30 -26538.896751   1211.955634  -2608.811320   -441.443222  5  3  4  25       
PG31  18904.844366 -10243.529210  15641.109336   -227.476821  4  5  2  82       
PG32  18711.511479 -10762.988170 -15138.307383   -607.376223  5  5  6  54       
*  2024  1 24 16 15  0.00000000
PG01 -13145.407467 -12671.461516 -19751.541593 999999.999999                    
PG02  -5453.712435 -14133.015923 -21341.743601   -496.050384  6  7  4  88       
PG03 -11247.631086 -23697.027849  -4703.680333    147.902429  5  7  5  84       
PG04  -2580.727403 -19865.518165  17383.138966    274.322719  5  5  6  82       
PG05   3021.704735  21781.000989  14656.410185   -159.179268  5  4  3  49       
PG06 -24343.873170   6435.550643   8685.451170    433.181959  4  3  4  53       
PG07 -23889.487725  -6630.018237  10639.335499    -45.241782     4  4  50       
PG08   3198.833225 -23934.180649 -10649.635593   -163.669755  6  7  6  81       
PG09 -12526.984385  -8895.324073  21578.969235     69.320527  5  4  3  76       
PG10  17048.215258   1718.137103 -20182.313802    -70.599581  6  2  4  84       
PG11 -15975.608392  12001.346388  17499.662604   -551.632905  5  7  6  66       
PG12   9334.028750  24466.695666  -4945.911507   -471.128427  3  3  6  42       
PG13 -13019.334252  22718.468734  -3874.232244    618.999854  6  7  5  51       
PG14 -18567.733169  -5424.721164 -18257.034086    307.354000  5  4  6  93       
PG15    -86.021516  24408.569644 -10699.147016    120.551069  4  4  3  79       
PG16   4961.405200 -18090.287873  18286.314081   -377.461302  7  5  5  74       
PG17 -17906.881700   5115.442659 -18568.582324    719.043949  3  2  4  66       
PG18  24475.583729   5525.628923   9002.033584   -539.802981  4  4  3  13       
PG19 -19210.259000  12779.524242 -13020.057095    431.035788  4  4  5  43       
PG20  -8052.989326  13728.740767  21343.300548    390.138129  6  3  4  65       
PG21   -553.822358 -14976.792093 -21391.278459    137.333475  6  6  4  49       
PG22 -15263.943942   2520.756332 -21124.613404     42.754100  6  1  4  85       
PG23  19283.845487  13402.914573 -12568.477823    141.832735  4  5  5  71       
PG24   3922.883339  15579.679608 -21577.931913   -419.773069  3  1  2  59       
PG25  17160.724200  19787.851550   4868.908678    486.361805  6  4  5  69       
PG26  12267.486920  -9922.016894  21211.891355    197.236648  4  5  5  77       
PG28  25294.619249  -5831.229703   5585.156903   -108.671517  7  5  3  14       
PG29  10564.515118  10960.521425  21706.924010   -608.219428  5  6  3  56       
PG30 -26692.704816    905.810393    174.852997   -441.438995  5  2  4  21       
PG31  20593.578825 -10038.326470  13566.191170   -227.477322  5  5  3  75       
PG32  17964.155257  -9025.503032 -17053.241166   -607.378613  5  4  6  58       
*  2024  1 24 16 30  0.00000000
PG01 -10906.014357 -12842.560415 -20959.258160 999999.999999                    
PG02  -2928.991934 -14544.967675 -21533.570894   -496.045336  6  7  5  73       
PG03 -10722.972032 -23235.123848  -7483.085560    147.925166  5  7  5  67       
PG04  -1556.925527 -21455.306641  15501.126925    274.331390  5  5  6  85       
PG05   1789.597519  20428.201911  16655.168605   -159.180917  5  4  3  59       
PG06 -25175.482932   6333.017811   5942.098855    433.169489  4  3  4  31       
PG07 -22635.307717  -6921.133458  12998.301134    -45.250027  1  4  4  38       
PG08   3882.258872 -24804.114671  -8063.020419   -163.671135  6  7  6  94       
PG09 -11471.105993 -11120.470477  21126.022346     69.331619  4  4  3  82       
PG10  18256.760132   3629.249118 -18870.421771    -70.600530  6  2  4  84       
PG11 -17871.269970  11893.625532  15633.947993   -551.645216  5  7  6  76       
PG12   8789.220377  23988.712876  -7680.241344   -471.132095  3  3  6  25       
PG13 -13362.294853  22799.935547  -1002.483742    619.003118  6  7  6  36       
PG14 -19509.190306  -7192.915181 -16607.629638    307.363180  5  4  6  93       
PG15   -677.676191  25302.195075  -8171.632543    120.554349  4  4  3  28       
PG16   6188.861483 -16201.684135  19650.221845   -377.453866  7  5  5  53       
PG17 -16888.651385   3076.697042 -19882.145846    719.042745  4  3  4  71       
PG18  23321.486039   5770.373467  11540.401893   -539.811031  3  4  3  39       
PG19 -18531.531395  11319.335149 -15232.670708    431.040656  4  4  5  57       
PG20  -9779.145422  11991.464301  21652.585959    390.136225  6  3  3  71       
PG21   1964.288632 -15319.304876 -20984.527492    137.332547  6  6  4  78       
PG22 -16394.932161    322.307364 -20401.699960     42.748362  6  2  5  71       
PG23  19906.819263  14546.640199 -10102.770066    141.839580  4  5  5  64       
PG24   1561.923251  15964.904157 -21559.219771   -419.779221  4  2  2  62       
PG25  17195.535904  20292.460687   2085.568072    486.362941  6  4  5  55       
PG26  13805.582171  -7999.330053  21112.428498    197.233287  4  5  5  68       
PG28  25800.329312  -5634.225190   2781.775436   -108.682054  7  5  3  48       
PG29   9290.636490  13063.192511  21110.418754   -608.218860  5  6  5  84       
PG30 -26549.911748    588.928598   2955.570219   -441.434811  4  2  4  51       
PG31  22040.554025  -9910.676605  11259.477019   -227.477419  5  5  3  66       
PG32  17220.297678  -7069.822053 -18668.083893   -607.381001  6  4  6  68       
*  2024  1 24 16 45  0.00000000
PG01  -8564.403886 -13156.801362 -21819.464697 999999.999999                    
PG02   -426.750490 -15087.364659 -21337.233290   -496.039952  5  7  5  87       
PG03  -9987.035354 -22560.188789 -10135.172596    147.947902  4  7  6  60       
PG04   -711.555404 -22888.670249  13350.991364    274.340025  5  5  6  84       
PG05    349.848364  18981.223067  18362.671159   -159.182361  5  5  3  50       
PG06 -25697.966433   6238.467029   3097.294375    433.157014  4  2  4  45       
PG07 -21151.930438  -7308.469006  15144.400815    -45.258187  2  5  4  49       
PG08   4416.095808 -25423.991631  -5334.621775   -163.671347  5  7  6  85       
PG09 -10556.763533 -13329.773167  20306.550498     69.342701  4  4  3  83       
PG10  19465.051223   5334.249240 -17231.809433    -70.602806  5  3  5  90       
PG11 -19544.621439  11866.637851  13499.087737   -551.657562  4  7  6  51       
PG12   8055.395694  23290.012553 -10284.138838   -471.135264  4  3  6  61       
PG13 -13536.238716  22615.464551   1886.724685    619.006205  5  8  6  34       
PG14 -20418.729634  -8747.190219 -14674.059831    307.372358  5  4  6  88       
PG15  -1159.860313  25941.062267  -5504.108824    120.557784  4  4  4  50       
PG16   7583.437486 -14264.634097  20662.283533   -377.446696  6  5  5  39       
PG17 -15921.606893    865.946273 -20842.057615    719.041947  5  4  3  71       
PG18  21908.445863   6110.259406  13882.208019   -539.819086  2  5  3  51       
PG19 -17819.571720   9620.603218 -17182.121668    431.045248  3  5  6  65       
PG20 -11603.024515  10333.754784  21591.520500    390.134715  6  3  2  64       
PG21   4402.547007 -15773.956278 -20195.390271    137.330555  6  6  4  70       
PG22 -17580.632187  -1728.289848 -19312.052378     42.742617  6  3  5  92       
PG23  20408.931790  15430.722012  -7464.828283    141.846466  3  4  5  64       
PG24   -760.343099  16461.013580 -21182.282477   -419.785375  4  2  3  78       
PG25  17061.760445  20545.874094   -733.221143    486.364131  6  4  5  62       
PG26  15408.697428  -6178.158768  20645.699753    197.229919  3  5  5  79       
PG28  25999.775580  -5410.649462    -69.519875   -108.692745  7  5  3  18       
PG29   8171.245330  15152.945636  20148.482229   -608.218507  5  5  6  58       
PG30 -26116.600438    226.744708   5686.333981   -441.430612  5  2  4  50       
PG31  23220.568542  -9829.443520   8761.127178   -227.477756  5  5  3  36       
PG32  16516.658622  -4924.872786 -19954.457473   -607.383328  5  4  6  54       
*  2024  1 24 17  0  0.00000000
PG01  -6168.418475 -13620.333386 -22317.440069 999999.999999                    
PG02   2002.420931 -15746.029285 -20755.644964   -496.034859  5  7  5  79       
PG03  -9023.892597 -21710.112458 -12615.025850    147.970661  4  7  6  76       
PG04    -32.310277 -24123.960125  10969.721026    274.348693  5  6  5  87       
PG05  -1287.918884  17485.626268  19748.858368   -159.183431  5  5  3  46       
PG06 -25905.901966   6112.043376    199.575545    433.144564  4     4   3       
PG07 -19472.186603  -7815.544947  17042.975063    -45.266651  3  5  4  59       
PG08   4827.724162 -25766.736233  -2512.219457   -163.672553  5  7  5  74       
PG09  -9790.637115 -15475.275280  19134.705733     69.353786  3  4  4  83       
PG10  20630.203921   6814.099852 -15295.909778    -70.604200  5  3  5  81       
PG11 -20965.266381  11889.405729  11131.714185   -551.669901  4  6  6  43       
PG12   7115.632621  22406.587894 -12713.883867   -471.138588  4  4  6  50       
PG13 -13574.477310  22146.488628   4742.940771    619.009312  5  8  6  39       
PG14 -21256.147763 -10074.628977 -12489.719341    307.381492  5  5  6  85       
PG15  -1561.279891  26301.744811  -2741.721323    120.561344  3  4  4  80       
PG16   9129.652233 -12327.033668  21305.183718   -377.439865  6  5  5  68       
PG17 -15038.051212  -1478.148724 -21430.169331    719.041036  5  4  3  83       
PG18  20268.544523   6572.811051  15987.405841   -539.827158  1  5  3  45       
PG19 -17114.757838   7704.309758 -18835.832193    431.050113  3  5  5  82       
PG20 -13488.435889   8787.092552  21160.641061    390.133432  6  4  2  64       
PG21   6713.151544 -16318.956625 -19035.933670    137.330100  6  6  4  66       
PG22 -18783.134821  -3598.249599 -17875.165014     42.736965  6  3  5  85       
PG23  20750.416938  16062.589098  -4699.727563    141.853352  3  4  5  72       
PG24  -3001.632744  17052.947354 -20452.004743   -419.791514  4  3  3  60       
PG25  16730.726997  20570.344098  -3539.639695    486.365289  6  4  5  57       
PG26  17041.331289  -4488.947713  19820.981873    197.226541  3  5  5  47       
PG28  25896.428185  -5123.391524  -2919.621709   -108.703378  6  5  3  13       
PG29   7215.967103  17181.455752  18837.556928   -608.217890  4  5  6  62       
PG30 -25406.796889   -213.429661   8321.076833   -441.426363  5  2  4  53       
PG31  24116.231588  -9760.051205   6114.211347   -227.477947  5  4  3  67       
PG32  15885.264821  -2626.646025 -20889.903523   -607.385694  6  4  6  61       
*  2024  1 24 17 15  0.00000000
PG01  -3766.868087 -14230.960983 -22444.225769 999999.999999                    
PG02   4311.202209 -16498.955222 -19799.017259   -496.029500  4  7  5  91       
PG03  -7825.658793 -20726.467229 -14880.720127    147.993354  4  7  6  62       
PG04    500.425156 -25124.208878   8398.394042    274.357402  5  7  4  96       
PG05  -3105.516891  15985.909243  20789.359302   -159.184886  5  5  3  64       
PG06 -25803.054171   5914.181269  -2701.547704    433.132105  4     4  40       
PG07 -17633.588696  -8459.733715  18663.305424    -45.274970  3  6  4  79       
PG08   5149.203641 -25813.030726    354.521862   -163.673857  4  7  5  77       
PG09  -9171.228848 -17509.536984  17630.807197     69.364853  3  4  4  89       
PG10  21708.125189   8058.599322 -13097.068654    -70.605085  4  3  5  81       
PG11 -22110.401598  11926.814427   8572.508158   -551.682241  4  6  5  15       
PG12   5960.484932  21378.317801 -14928.895525   -471.142029  4  3  5  71       
PG13 -13514.048918  21382.950435   7516.066286    619.012841  4  8  7  27       
PG14 -21981.001999 -11170.559908 -10092.175425    307.390653  5  5  6  90       
PG15  -1914.181657  26368.313619     68.184145    120.564493  3  5  5  49       
PG16  10804.057651 -10434.219839  21568.513005   -377.432643  5  5  5  63       
PG17 -14263.950477  -3911.070408 -21635.120341    719.040019  5  5  3  79       
PG18  18439.946521   7179.342594  17819.886003   -539.835236     5  4  51       
PG19 -16454.016711   5599.095156 -20166.539786    431.054558  3  6  5  61       
PG20 -15394.574711   7376.532718  20366.797971    390.132395  6  4  1  56       
PG21   8853.012125 -16925.485006 -17525.617568    137.329169  5  6  4  74       
PG22 -19960.751334  -5262.523993 -16117.036267     42.731050  6  4  5  89       
PG23  20895.023213  16457.857594  -1854.620180    141.860215  3  4  4  66       
PG24  -5122.766155  17718.873529 -19379.048859   -419.797640  5  3  3  69       
PG25  16179.467103  20394.318229  -6286.448452    486.366458  6  4  5  37       
PG26  18664.256207  -2955.317992  18653.722295    197.223177  3  5  5  64       
PG28  25502.437769  -4737.189715  -5719.470166   -108.714030  6  5  3  17       
PG29   6425.975271  19100.475648  17200.188528   -608.217722  4  5  7  70       
PG30 -24441.937633   -760.981767  10815.401572   -441.422089  5  2  4  62       
PG31  24718.449308  -9665.978617   3363.965660   -227.477941  4  4  3   4       
PG32  15352.160198   -216.966807 -21458.291253   -607.388085  5  4  6  74       
*  2024  1 24 17 30  0.00000000
PG01  -1407.906060 -14978.129016 -22196.803382 999999.999999                    
PG02   6457.284551 -17317.186101 -18484.669840   -496.024540  4  6  6  72       
PG03  -6392.965842 -19652.885985 -16893.991994    148.016114  4  7  6  48       
PG04    912.621546 -25858.532575   5681.464654    274.366054  5  8  3  80       
PG05  -5076.708790  14523.804726  21465.946720   -159.186258  5  5  3  59       
PG06 -25402.193435   5607.311462  -5556.421520    433.119636  4  2  5  52       
PG07 -15677.076180  -9251.501380  19979.018116    -45.283176  3  6  4  59       
PG08   5415.793492 -25552.140344   3214.984338   -163.674784  4  7  4  95       
PG09  -8689.056454 -19387.334152  15820.981525     69.375945  3  4  4  73       
PG10  22655.220370   9066.510761 -10673.885602    -70.606894  3  3  4  62       
PG11 -22965.569365  11941.115573   5865.503007   -551.694537  3  6  5  31       
PG12   4588.491477  20247.421711 -16892.347291   -471.145414  4  4  5  59       
PG13 -13394.097604  20323.860214  10157.285374    619.015817  3  7  7  29       
PG14 -22554.192667 -12038.519880  -7522.523598    307.399826  5  5  6  90       
PG15  -2252.924159  26133.054281   2876.854897    120.568169  2  6  5  50       
PG16  12576.066606  -8627.288387  21448.896151   -377.425351  5  5  5  67       
PG17 -13617.886295  -6384.017616 -21452.624041    719.039223  5  4  2  76       
PG18  16465.557186   7943.966287  19348.088516   -539.843279  1  6  4  54       
PG19 -15869.391717   3340.298452 -21152.682183    431.059605  3  6  5  68       
PG20 -17277.441079   6119.870638  19223.075693    390.131528  6  4  2  47       
PG21  10785.404582 -17558.873567 -15691.010632    137.328068  5  6  4  49       
PG22 -21069.700394  -6704.603639 -14069.629458     42.725070  5  4  5  86       
PG23  20811.488948  16639.556340   1022.047161    141.867080  3  4  4  39       
PG24  -7088.961474  18430.937007 -17979.794946   -419.803752  5  4  3  24       
PG25  15391.686705  20051.205498  -8927.728237    486.367602  6  5  5  48       
PG26  20235.963532  -1593.377421  17165.187622    197.219849  3  4  4  37       
PG28  24838.125952  -4220.193550  -8420.898506   -108.724664  6  5  3  46       
PG29   5794.092878  20863.586432  15264.639803   -608.217050  4  6  7  46       
PG30 -23250.077245  -1440.701427  13127.282637   -441.417834  4  3  4           
PG31  25026.608055  -9510.315467    557.038062   -227.478085  4  4  4  47       
PG32  14936.375462   2257.967038 -21650.095980   -607.390487  5  4  6  80       
*  2024  1 24 17 45  0.00000000
PG01    862.578874 -15843.219002 -21578.199062 999999.999999                    
PG02   8404.896391 -18166.008974 -16836.670609   -496.019466  4  6  5  70       
PG03  -4735.117459 -18533.380577 -18620.849556    148.038913  4  6  6  65       
PG04   1235.396869 -26303.310310   2865.984154    274.374740  5  9  3  75       
PG05  -7168.049949  13136.702636  21766.872709   -159.187836  5  5  3  72       
PG06 -24724.583434   5157.499940  -8316.084496    433.107211  3  2  5  60       
PG07 -13645.655519 -10193.894141  20968.440666    -45.291367  4  6  4  71       
PG08   5664.335401 -24982.404257   6018.559293   -163.676162  4  7  4  81       
PG09  -8327.171087 -21067.279157  13736.696823     69.387084  3  4  5  78       
PG10  23430.073561   9845.346667  -8068.500567    -70.608739  3  2  4  74       
PG11 -23525.096984  11893.544240   3057.327179   -551.706838  3  5  5  52       
PG12   3006.387097  19056.853801 -18571.714182   -471.148866  4  4  5  79       
PG13 -13254.164162  18977.502185  12619.981590    619.019235  2  7  7  40       
PG14 -22939.501815 -12689.909006  -4824.691777    307.409015  5  6  6  78       
PG15  -2612.435266  25596.886464   5634.990220    120.571642  2  6  5  75       
PG16  14409.077912  -6941.616200  20949.963576   -377.418586  4  4  5  80       
PG17 -13110.326583  -8845.672786 -20885.598149    719.038138  5  4  2  87       
PG18  14391.507330   8872.877951  20545.546594   -539.851247  1  6  5  65       
PG19 -15386.827102    968.755480 -21778.675780    431.064484  2  6  5  73       
PG20 -19091.399132   5027.091176  17748.607487    390.129925  5  4  2  71       
PG21  12481.365973 -18180.090104 -13565.300863    137.326747  5  6  4  90       
PG22 -22065.892911  -7916.951959 -11770.198929     42.719445  5  5  5  77       
PG23  20474.837389  16637.081447   3881.333065    141.874009  3  4  4  38       
PG24  -8870.987236  19156.253641 -16276.196919   -419.809925  5  4  3  47       
PG25  14358.488807  19577.986465 -11419.578485    486.368726  6  4  5  73       
PG26  21714.193062   -411.335865  15382.018360    197.216550  3  4  4  68       
PG28  23931.173399  -3545.393926 -10977.461452   -108.735301  5  5  3  51       
PG29   5305.230595  22427.889522  13064.399179   -608.216541  3  7  7  55       
PG30 -21864.865381  -2271.659138  15217.729519   -441.413588  4  3  4  55       
PG31  25048.454196  -9257.320949  -2259.266964   -227.478408  4  4  4  51       
PG32  14649.198621   4749.217772 -21462.543631   -607.392824  4  4  6  80       
*  2024  1 24 18  0  0.00000000
PG01   3002.499641 -16800.151199 -20597.510303 999999.999999                    
PG02  10126.045512 -19006.407474 -14885.315320   -496.014480  4  6  5  82       
PG03  -2869.920753 -17410.662764 -20032.113375    148.061676  3  6  6  67       
PG04   1503.601505 -26443.093673      0.770423    274.383422  5 10  3  60       
PG05  -9340.023863  11856.259929  21687.077590   -159.188408  5  5  3  65       
PG06 -23799.154741   4535.955347 -10933.098970    433.094784  3  3  5  64       
PG07 -11582.977526 -11282.286123  21614.911148    -45.299481  4  6  4  68       
PG08   5931.568354 -24111.368438   8715.616832   -163.677828  4  7  4  69       
PG09  -8061.977964 -22513.299869  11414.199274     69.398197  3  4  5  68       
PG10  23995.038266  10410.825257  -5325.841675    -70.610611  3  3  4  69       
PG11 -23792.206129  11745.986214    196.398291   -551.719140  3  5  5  29       
PG12   1229.010967  17848.694629 -19939.248123   -471.152151  4  5  5  57       
PG13 -13132.460090  17361.276719  14860.622279    619.022531  1  6  7  58       
PG14 -23105.030839 -13143.352933  -2044.704052    307.418160  5  6  6  75       
PG15  -3026.616824  24769.457940   8293.650657    120.574972  1  7  6  87       
PG16  16261.844946  -5405.647465  20082.173866   -377.411011  4  4  5  69       
PG17 -12743.250065 -11244.087233 -19944.132000    719.036788  5  3  2  70       
PG18  12265.520393   9963.948802  21391.352452   -539.859289  1  6  5  72       
PG19 -15025.210777  -1470.595325 -22035.089205    431.069262  2  6  5  63       
PG20 -20790.818154   4100.124666  15968.284441    390.128401  5  3  3  70       
PG21  13920.755225 -18747.450640 -11187.610095    137.325289  4  6  4  75       
PG22 -22906.733973  -8901.057045  -9260.502542     42.713475  4  5  5  66       
PG23  19867.443659  16484.919853   6674.606617    141.880956  4  5  4  27       
PG24 -10446.129201  19858.121617 -14295.547954   -419.816055  5  4  3  40       
PG25  13078.825478  19013.719355 -13720.768848    486.369873  5  4  4  41       
PG26  23057.486798    590.566136  13335.702749    197.213228  3  3  3  56       
PG28  22815.537509  -2691.865773 -13345.231753   -108.745950  5  4  3  33       
PG29   4937.143882  23755.573307  10637.592610   -608.216230  2  7  7  78       
PG30 -20324.330436  -3266.299169  17051.404620   -441.409324  4  4  3  49       
PG31  24799.680290  -8873.929108  -5037.734690   -227.478645  4  4  4  60       
PG32  14493.774500   7206.844198 -20899.620357   -607.395218  4  4  5  62       
*  2024  1 24 18 15  0.00000000
PG01   4974.983104 -17816.277057 -19269.849976 999999.999999                    
PG02  11601.422839 -19796.706706 -12666.464189   -496.009293  4  6  5  69       
PG03   -823.200920 -16324.529023 -21103.882192    148.084436  3  6  5  76       
PG04   1754.253074 -26271.209051  -2864.458140    274.392069  4 10  4  27       
PG05 -11548.425924  10707.254540  21228.268120   -159.189889  4  5  2  77       
PG06 -22661.394351   3720.345988 -13362.363670    433.082352  2  4  6  64       
PG07  -9531.896258 -12504.397624  21907.038681    -45.308078  4  6  4  66       
PG08   6252.448286 -22955.552930  11258.458659   -163.679582  3  7  4  68       
PG09  -7864.326121 -23695.918705   8893.863492     69.409268  4  3  5  75       
PG10  24317.680308  10786.026024  -2492.848361    -70.612181  4  3  4  38       
PG11 -23778.787324  11462.629758  -2667.917095   -551.731460  2  5  5  49       
PG12   -721.081758  16662.597064 -20972.378831   -471.155650  5  5  5  52       
PG13 -13064.197376  15501.181273  16839.589079    619.025783     5  7           
PG14 -23024.483611 -13423.798418    770.084570    307.427260  5  6  5  62       
PG15  -3526.762768  23668.898384  10805.198754    120.578452  1  7  6  76       
PG16  18090.025056  -4039.988795  18862.499347   -377.404220  3  4  5  85       
PG17 -12510.142712 -13528.601616 -18645.289886    719.036069  5  2  2  81       
PG18  10135.222404  11206.641576  21870.536522   -539.867348  2  6  5  69       
PG19 -14795.705826  -3930.244949 -21918.715472    431.073949  2  5  4  59       
PG20 -22331.733482   3332.921021  13912.361148    390.126978  5  4  3  52       
PG21  15092.921213 -19218.478351  -8602.132489    137.324023  4  6  4  60       
PG22 -23552.861359  -9667.103881  -6585.925384     42.707590  4  5  5  90       
PG23  18979.833930  16221.190128   9354.346449    141.887842  4  6  4  38       
PG24 -11798.931174  20497.412477 -12070.150106   -419.822223  6  4  3  20       
PG25  11559.667420  18397.996200 -15793.339266    486.370980  5  4  4  43       
PG26  24226.707434   1419.819493  11061.983034    197.209901  4  2  3  72       
PG28  21530.142082  -1645.774653 -15483.551412   -108.756596  5  4  3  42       
PG29   4661.478923  24815.292368   8026.309607   -608.215671  2  8  7  82       
PG30 -18669.513340  -4429.780749  18597.188387   -441.405088  3  4  3  64       
PG31  24303.237001  -8331.147961  -7731.969161   -227.478712  4  3  4  24       
PG32  14465.046807   9581.670270 -19971.950045   -607.397674  4  4  5  69       
*  2024  1 24 18 30  0.00000000
PG01   6749.606082 -18853.536555 -17616.202466 999999.999999                    
PG02  12820.931013 -20494.332982 -10220.758096   -496.003992  5  7  5  90       
PG03   1371.983405 -15310.368032 -21817.917878    148.107197  3  6  5  76       
PG04   2024.884051 -25790.028005  -5679.967475    274.400691  4 10  5  74       
PG05 -13745.938473   9706.729185  20398.864379   -159.191034  4  4  3  65       
PG06 -21351.992022   2695.874076 -15561.893942    433.069933  2  4  6  46       
PG07  -7533.054625 -13840.585894  21838.912631    -45.316351  5  5  4  79       
PG08   6658.545409 -21539.862682  13602.230276   -163.681306  3  7  5  80       
PG09  -7700.822700 -24593.281771   6219.469534     69.420431  4  4  5  47       
PG10  24372.022166  11000.282078    382.316918    -70.614154  3  3  4  38       
PG11 -23504.848050  11011.536479  -5486.162985   -551.743745  2  5  4  52       
PG12  -2814.289333  15534.340533 -21654.038252   -471.159235  5  6  5  48       
PG13 -13080.045278  13430.949008  18521.934320    619.028950     5  7  75       
PG14 -22678.247668 -13561.377489   3571.770990    307.436360  5  7  5  65       
PG15  -4140.059835  22321.232676  13124.248766    120.581952  1  7  6  71       
PG16  19847.841213  -2856.842874  17313.990266   -377.397068  2  5  6  51       
PG17 -12396.366357 -15651.716590 -17012.755403    719.034714  5  2  2  82       
PG18   8046.457780  12582.257007  21974.352420   -539.875375  2  6  6  68       
PG19 -14701.389685  -6361.726034 -21432.547352    431.078725  2  5  4  57       
PG20 -23673.463269   2711.841188  11615.962314    390.125768  4  4  4  78       
PG21  15996.942215 -19551.815308  -5857.127067    137.323484  4  6  4  80       
PG22 -23969.744744 -10233.288062  -3794.541796     42.701926  3  6  5  86       
PG23  17811.186849  15886.055235  11874.922372    141.894726  4  6  4  36       
PG24 -12921.675750  21034.095441  -9636.884149   -419.828399  6  4  3  20       
PG25   9815.888703  17769.403104 -17603.145114    486.372116  5  4  4  47       
PG26  25186.465217   2091.115010   8600.207451    197.206622  4  1  4  42       
PG28  20117.389958   -401.108065 -17355.724982   -108.767223  4  3  3  59       
PG29   4445.065159  25583.304650   5275.856231   -608.214844  3  8  7  52       
PG30 -16943.000087  -5759.592078  19828.684867   -441.400819  3  4  3  65       
PG31  23588.398591  -7605.304226 -10297.097785   -227.478888  3  3  4  57       
PG32  14550.041377  11827.014183 -18696.545792   -607.400133  4  5  5  70       
*  2024  1 24 18 45  0.00000000
PG01   8303.407695 -19869.845052 -15663.187104 999999.999999                    
PG02  13783.820250 -21057.607284  -7592.740931   -495.998844  5  7  5  59       
PG03   3676.396178 -14397.845129 -22161.944851    148.129951  3  6  4  72       
PG04   2351.868963 -25010.894455  -8396.894096    274.409340  4 10  6  58       
PG05 -15883.832748   8863.458111  19213.818013   -159.192182  4  4  3  73       
PG06 -19915.293915   1456.063627 -17493.555905    433.057557  3  4  6           
PG07  -5623.541918 -15264.403158  21410.256709    -45.324757  5  5  4  59       
PG08   7176.588619 -19896.667327  15705.770061   -163.682867  3  6  5  70       
PG09  -7535.318265 -25191.898316   3437.420946     69.431574  5  4  5  86       
PG10  24139.546415  11087.855107   3251.056442    -70.615712  4  4  3  38       
PG11 -22997.655853  10366.068881  -8209.657143   -551.756026  2  6  5  69       
PG12  -5014.889308  14494.543234 -21972.907039   -471.162653  5  6  5  42       
PG13 -13204.780155  11190.879328  19878.044901    619.032423  1  5  7  74       
PG14 -22054.233489 -13590.083681   6312.693003    307.445465  5  7  5  70       
PG15  -4888.239414  20759.469479  15208.600044    120.585312  2  6  5  33       
PG16  21489.785159  -1859.794096  15465.235495   -377.390162     5  6  54       
PG17 -12379.881605 -17570.831118 -15076.327654    719.033892  5  3  2  63       
PG18   6041.674432  14064.504393  21700.461046   -539.883418  2  6  6  57       
PG19 -14737.208633  -8717.246589 -20585.661423    431.083407  2  5  4  56       
PG20 -24780.117834   2216.352653   9118.496749    390.124601  4  5  4  70       
PG21  16641.425565 -19709.090020  -3003.802261    137.321991  4  7  4  64       
PG22 -24129.078310 -10624.808566   -936.143620     42.695872  2  5  5  82       
PG23  16369.517941  15520.066577  14193.348436    141.901579  5  7  5  61       
PG24 -13814.578839  21428.840918  -7036.677925   -419.834575  6  4  4  40       
PG25   7869.873257  17164.037315 -19120.344812    486.373268  5  4  4  57       
PG26  25906.401765   2625.544053   5992.640916    197.203337  4  2  4  31       
PG28  18621.556184   1039.897080 -18929.643443   -108.777842  4  3  3  60       
PG29   4251.402224  26044.321599   2433.949477   -608.214394  3  8  6  76       
PG30 -15187.405172  -7245.452654  20724.661051   -441.396568  3  4  3  69       
PG31  22689.617226  -6679.091551 -12690.445330   -227.478906  3  3  4  75       
PG32  14728.474856  13900.309246 -17096.444353   -607.402464  5  5  6  48       
*  2024  1 24 19  0  0.00000000
PG01   9621.636529 -20820.664816 -13442.724849 999999.999999                    
PG02  14498.433710 -21447.491721  -4829.916875   -495.993736  6  7  5  84       
PG03   6045.913901 -13609.811825 -22129.859862    148.152712  3  6  3  79       
PG04   2768.798886 -23953.711336 -10968.115190    274.417962  4 10  6  84       
PG05 -17913.728544   8177.756002  17694.307620   -159.193486  4  3  3  72       
PG06 -18397.621957      3.228953 -19123.741162    433.045169  3  5  6  48       
PG07  -3835.667692 -16743.409025  20626.522870    -45.333083  5  5  4  75       
PG08   7827.219314 -18064.590223  17532.374996   -163.685238  3  6  5  70       
PG09  -7330.502939 -25487.062587    595.919312     69.442721  5  5  5  70       
PG10  23609.925573  11086.445057   6065.113818    -70.615564  4  4  3  51       
PG11 -22290.609951   9506.117618 -10791.342176   -551.768352  1  6  5  73       
PG12  -7282.188233  13567.576369 -21923.581870   -471.165828  5  7  5  91       
PG13 -13456.186081   8826.408342  20884.197738    619.035465  1  5  7  57       
PG14 -21148.440781 -13546.310420   8946.213110    307.454611  5  7  5  27       
PG15  -5786.444749  19022.396543  17020.126922    120.588938  3  6  5  56       
PG16  22972.292626  -1043.944103  13349.738955   -377.382960     5  6  57       
PG17 -12432.290065 -19249.772865 -12871.285329    719.033169  5  4  2  89       
PG18   4158.439881  15620.377597  21053.008451   -539.891412  3  7  6  42       
PG19 -14890.244166 -10951.287319 -19393.016698    431.088381  3  5  4  51       
PG20 -25621.941576   1820.003431   6462.987385    390.123369  3  5  5  60       
PG21  17043.881965 -19656.647124    -95.135760    137.321267  4  7  4  64       
PG22 -24009.911240 -10872.591003   1938.738142     42.690299  2  6  5  69       
PG23  14671.539104  15162.501163  16269.996517    141.908479  5  7  5  56       
PG24 -14485.681581  21644.642760  -4313.874378   -419.840798  6  4  4  53       
PG25   5750.858242  16614.131067 -20319.827740    486.374407  4  4  4  36       
PG26  26362.286041   3049.566277   3283.746684    197.200034  4  3  4  46       
PG28  17087.123630   2666.647549 -20178.328534   -108.788499  4  4  3  77       
PG29   4042.281160  26192.037803   -450.131236   -608.213951  3  8  6  43       
PG30 -13443.860091  -8869.509665  21269.413603   -441.392285  3  4  4  71       
PG31  21645.207385  -5542.387095 -14872.171887   -227.478970  3  4  4  68       
PG32  14973.659777  15764.553660 -15200.234964   -607.404786  5  5  6           
*  2024  1 24 19 15  0.00000000
PG01  10698.198786 -21660.707744 -10991.605554 999999.999999                    
PG02  14981.583332 -21629.213094  -1981.772066   -495.988356  6  7  5  81       
PG03   8433.003768 -12961.480627 -21721.848735    148.175477  4  6  2  64       
PG04   3304.969017 -22646.203343 -13349.085437    274.426625  4 10  6  81       
PG05 -19789.340681   7641.633639  15867.319858   -159.194502  4  3  4  58       
PG06 -16845.523006  -1651.397318 -20423.969311    433.032777  4  4  6  64       
PG07  -2195.894565 -18240.216658  19498.918726    -45.341323  6  5  4  63       
PG08   8624.007009 -16087.059745  19050.465809   -163.686500  3  6  5  66       
PG09  -7049.549027 -25482.943047  -2255.888572     69.453862  6  5  5  91       
PG10  22781.455824  11035.590936   8777.330074    -70.616610  4  4  3  69       
PG11 -21421.885616   8419.079295 -13186.608833   -551.780668  2  5  5  61       
PG12  -9571.855503  12770.717629 -21506.662510   -471.169216  5  7  4  61       
PG13 -13844.252875   6386.478756  21522.994020    619.038911  1  5  6  80       
PG14 -19965.230554 -13467.306519  11427.485955    307.463723  5  7  4  55       
PG15  -6842.369573  17153.130075  18525.597615    120.592681  3  6  5  71       
PG16  24255.325454   -396.380705  11005.231214   -377.375818     6  6  57       
PG17 -12520.146087 -20660.056111 -10437.639053    719.031944  5  5  2  81       
PG18   2428.145766  17211.305861  20042.593600   -539.899465  3  7  6  64       
PG19 -15140.277387 -13022.107304 -17875.173854    431.093051  4  6  4  84       
PG20 -26176.433221   1491.637418   3695.328139    390.122270  3  5  5  63       
PG21  17229.713190 -19367.055270   2815.325092    137.320102  4  7  4  81       
PG22 -23599.474544 -11011.803092   4779.792959     42.684003  2  6  4  74       
PG23  12742.196979  14849.754175  18069.259909    141.915408  6  7  5  77       
PG24 -14950.434606  21648.394444  -1515.504005   -419.846998  5  4  4  61       
PG25   3494.037243  16146.828241 -21181.580381    486.375541  4  3  4  45       
PG26  26536.885504   3393.786551    519.450440    197.196728  4  4  5  68       
PG28  15557.124925   4460.411910 -21080.388840   -108.799129  4  5  3  59       
PG29   3779.474385  26029.319823  -3326.418858   -608.213736  4  8  5  55       
PG30 -11750.561378 -10606.824093  21453.056781   -441.387995  3  4  4  81       
PG31  20495.906586  -4192.809075 -16805.869822   -227.478971  3  4  4  65       
PG32  15253.665424  17389.534734 -13041.495763   -607.407086  5  5  6  40       
*  2024  1 24 19 30  0.00000000
PG01  11535.783172 -22345.708350  -8350.955022 999999.999999                    
PG02  15257.593785 -21573.696340    901.210895   -495.983319  6  7  5  79       
PG03  10788.337383 -12459.896278 -20944.407409    148.198236  4  6  3  80       
PG04   3984.040355 -21122.885451 -15498.624264    274.435341  4  9  6  97       
PG05 -21468.142778   7239.290426  13765.127275   -159.196119  3  4  4  58       
PG06 -15304.015344  -3487.884764 -21371.406368    433.020452  4  4  5  37       
PG07   -723.969484 -19713.744184  18044.361286    -45.349659  6  6  3  67       
PG08   9572.766638 -14010.685741  20234.137983   -163.688786  3  6  4  50       
PG09  -6657.734388 -25192.337319  -5068.774502     69.465012  6  6  5  63       
PG10  21661.182627  10975.021503  11342.371089    -70.618173  5  5  3  59       
PG11 -20432.904642   7100.545468 -15354.076372   -551.792927  2  5  5  62       
PG12 -11837.395744  12113.573395 -20728.757548   -471.172752  5  7  4  47       
PG13 -14370.704823   3921.777330  21783.663134    619.042351  2  5  6  78       
PG14 -18517.292361 -13389.606651  13714.198458    307.472847  5  7  4  76       
PG15  -8055.712631  15197.478588  19697.395546    120.595824  4  6  4  60       
PG16  25303.802187    103.048905   8472.935100   -377.369006  2  6  6  39       
PG17 -12606.476257 -21781.816749  -7819.295502    719.030798  5  6  2  86       
PG18    874.951760  18794.537764  18686.123890   -539.907537  4  7  7  69       
PG19 -15460.627959 -14893.106889 -16057.941059    431.098007  4  7  3  67       
PG20 -26429.198332   1196.803715    863.480543    390.120698  3  5  5  82       
PG21  17230.872702 -18820.324361   5674.638320    137.318947  5  7  4  74       
PG22 -22893.677863 -11080.230890   7537.849402     42.678642  2  6  4  86       
PG23  10613.905628  14613.847475  19560.156758    141.922355  6  7  5  59       
PG24 -15230.982327  21412.352544   1309.529471   -419.853196  5  3  4  70       
PG25   1139.453418  15783.154892 -21690.988588    486.376702  3  3  4  50       
PG26  26420.584167   3691.588773  -2253.602651    197.193420  4  5  5  48       
PG28  14071.554080   6394.855706 -21620.380438   -108.809783  4  5  3  74       
PG29   3426.426338  25568.047725  -6145.142729   -608.213169  4  8  5  27       
PG30 -10141.431234 -12426.132021  21271.725668   -441.383691  4  4  4  67       
PG31  19283.362098  -2635.996190 -18459.115005   -227.478874  3  5  4  75       
PG32  15532.684410  18752.783406 -10658.152320   -607.409441  6  5  5  62       
*  2024  1 24 19 45  0.00000000
PG01  12145.649458 -22834.200432  -5565.603686 999999.999999                    
PG02  15357.065707 -21258.752225   3768.519512   -495.978043  7  7  5  95       
PG03  13062.482223 -12103.724186 -19810.265365    148.221035  4  6  3  87       
PG04   4822.929242 -19423.778825 -17379.638509    274.443997  4  8  7  91       
PG05 -22912.883209   6947.920184  11424.675819   -159.196936  3  4  5  65       
PG06 -13814.900665  -5478.168705 -21949.288361    433.008078  4  4  5  56       
PG07    567.711291 -21120.634973  16285.349188    -45.357998  6  6  3  59       
PG08  10671.203460 -11883.530616  21063.589003   -163.690396  3  6  4  55       
PG09  -6123.982098 -24636.104496  -7794.287437     69.476152  7  6  5  95       
PG10  20264.716655  10943.015073  13717.419227    -70.619688  5  5  4  67       
PG11 -19366.692113   5554.674890 -17256.315657   -551.805232  2  5  5  34       
PG12 -14031.709483  11597.790503 -19602.407764   -471.175867  5  7  4  47       
PG13 -15028.878592   1482.913375  21662.230898    619.045473  3  5  6  71       
PG14 -16825.307032 -13347.495634  15767.271926    307.481963  5  7  4  69       
PG15  -9417.977865  13202.192498  20514.119055    120.599304  4  6  4  43       
PG16  26088.827394    480.700183   5796.802875   -377.361995  3  6  6  62       
PG17 -12652.436721 -22604.390306  -5063.158723    719.029650  5  6  2  97       
PG18   -484.988782  20324.706885  17006.558179   -539.915628  4  7  6  65       
PG19 -15819.235569 -16534.002152 -13971.952183    431.102670  5  7  3  79       
PG20 -26374.498303    899.304068  -1983.375140    390.119430  3  6  5  67       
PG21  17084.274447 -18004.782142   8431.578045    137.318105  5  6  4  71       
PG22 -21897.265324 -11116.587138  10165.734123     42.672795  2  6  4  61       
PG23   8325.500122  14481.110712  20716.863667    141.929326  6  7  6  79       
PG24 -15355.168365  20915.422096   4111.337017   -419.859416  5  3  5  70       
PG25  -1269.280967  15537.218720 -21839.073475    486.377824  3  3  5  58       
PG26  26011.728574   3977.678088  -4988.788362    197.190130  4  6  5  64       
PG28  12665.908305   8436.873601 -21789.066555   -108.820394  3  5  3   6       
PG29   2949.877007  24828.616918  -8857.604760   -608.212533  4  7  5  66       
PG30  -8644.940611 -14290.856699  20727.689227   -441.379369  4  4  3  64       
PG31  18048.595530   -885.598615 -19803.967614   -227.479197  4  5  4  80       
PG32  15772.547919  19840.226694  -8091.773469   -607.411765  6  5  5  65       
*  2024  1 24 20  0  0.00000000
PG01  12547.080367 -23089.227360  -2683.361753 999999.999999                    
PG02  15315.419544 -20669.977258   6570.536308   -495.972724  7  6  5  90       
PG03  15207.609643 -11883.365693 -18338.210466    148.243736  4  5  3  86       
PG04   5830.968989 -17592.925637 -18959.767138    274.452651  5  8  6  93       
PG05 -24092.895108   6738.794159   8886.896445   -159.198533  3  5  5  59       
PG06 -12415.207874  -7586.937702 -22147.240824    432.995779  4  4  5  70       
PG07   1674.474036 -22416.802799  14249.745593    -45.366437  6  6  4  61       
PG08  11908.896566  -9753.347606  21525.416318   -163.690906  3  6  4  68       
PG09  -5422.255840 -23842.299124 -10385.591182     69.487295  7  6  5  76       
PG10  18615.748712  10974.826348  15862.822894    -70.621106  5  5  4  79       
PG11 -18266.184093   3794.233605 -18860.501808   -551.817532  2  4  5  87       
PG12 -16108.688549  11217.069131 -18145.926149   -471.179152  5  7  3  75       
PG13 -15803.953319   -881.386461  21161.550704    619.048974  4  5  6  80       
PG14 -14917.316206 -13371.564299  17551.515820    307.491105  5  7  3  59       
PG15 -10912.633286  11213.177709  20961.039484    120.603356  5  6  4  45       
PG16  26588.679835    767.876047   3022.740731   -377.354727  4  6  6  81       
PG17 -12619.034080 -23126.516355  -2218.194521    719.027880  5  6  1  62       
PG18  -1643.989534  21755.519782  15032.539288   -539.923650  3  6  6  54       
PG19 -16179.944389 -17921.771928 -11652.183000    431.107369  6  8  2  88       
PG20 -26015.472107    562.816247  -4795.717994    390.118376  3  5  5  72       
PG21  16830.034912 -16917.580935  11037.647743    137.316692  5  6  4  69       
PG22 -20623.634336 -11158.822489  12619.056596     42.667196  2  6  3  64       
PG23   5920.948052  14471.085806  21519.170427    141.936268  5  6  6  84       
PG24 -15355.296841  20144.202987   6839.988178   -419.865640  4  3  5  27       
PG25  -3686.396721  15415.665747 -21622.658081    486.378990  3  2  5  51       
PG26  25316.692268   4286.585043  -7640.232633    197.186862  4  6  5  63       
PG28  11369.915389  10547.687212 -21583.572252   -108.831052  3  6  4  55       
PG29   2321.353587  23839.121240 -11417.031272   -608.212005  5  6  5  70       
PG30  -7283.139666 -16160.337508  19829.368330   -441.375061  4  4  3  42       
PG31  16830.497979   1037.020741 -20817.417611   -227.479327  4  6  5  63       
PG32  15934.328119  20646.518345  -5386.819828   -607.414086  6  5  5  67       
*  2024  1 24 20 15  0.00000000
PG01  12766.510124 -23079.915207    245.790769 999999.999999                    
PG02  15171.287533 -19801.338348   9259.403471   -495.967571  7  6  4  86       
PG03  17179.156830 -11781.398122 -16552.815305    148.266456  5  5  4  76       
PG04   7009.376575 -15676.762128 -20211.936558    274.461290  5  7  6  94       
PG05 -24985.151558   6578.574698   6195.956196   -159.199448  3  5  6  55       
PG06 -11135.830302  -9772.812902 -21961.486643    432.983449  5  4  5  79       
PG07   2599.454137 -23559.050902  11970.464417    -45.374848  6  5  4  56       
PG08  13267.617181  -7665.858378  21612.784443   -163.692202  4  6  5  69       
PG09  -4532.756716 -22845.042612 -12798.266406     69.498386  7  7  5  81       
PG10  16745.281946  11101.235306  17742.698338    -70.622759  5  5  4  83       
PG11 -17172.552751   1840.300609 -20138.984659   -551.829840  2  4  6  74       
PG12 -18024.790813  10957.478551 -16383.153832   -471.182714  5  6  3  65       
PG13 -16673.520556  -3125.993585  20291.199933    619.052294  4  4  6  63       
PG14 -12827.820614 -13487.411593  19036.223212    307.500238  5  7  3  50       
PG15 -12515.623614   9273.753974  21030.402763    120.607076  5  6  4  45       
PG16  26789.530225    999.407638    197.834275   -377.347954  4  6  6  61       
PG17 -12468.835283 -23356.170080    665.516878    719.026924  5  6  1  79       
PG18  -2602.958415  23041.501153  12797.920189   -539.931679  3  6  6  65       
PG19 -16503.944796 -19041.346011  -9137.410758    431.112282  6  8  2  66       
PG20 -25364.020263    152.527521  -7524.576313    390.116800  4  5  5  65       
PG21  16509.637153 -15564.826200  13447.971054    137.315352  5  6  4  62       
PG22 -19094.334630 -11242.506619  14856.909146     42.661308  2  6  3  67       
PG23   3447.865181  14595.697784  21952.847491    141.943152  5  6  5  73       
PG24 -15266.697089  19093.744685   9446.489268   -419.871858  4  3  4   7       
PG25  -6065.465248  15417.414785 -21044.461436    486.380120  2  2  5  19       
PG26  24349.658834   4651.185590 -10163.521737    197.183575  5  7  6  86       
PG28  10206.494790  12684.167219 -21007.431854   -108.841719  3  6  4  36       
PG29   1518.471255  22634.251025 -13779.384777   -608.211481  5  6  5  49       
PG30  -6070.933876 -17991.233314  18591.254723   -441.370778  5  4  2  68       
PG31  15664.407838   3103.366925 -21481.769707   -227.479406  4  6  5  55       
PG32  15979.964427  21175.040756  -2589.860131   -607.416460  5  5  5  44       
*  2024  1 24 20 30  0.00000000
PG01  12836.357205 -22782.840334   3170.586960 999999.999999                    
PG02  14964.823961 -18655.429380  11789.813010   -495.962363  7  6  4  81       
PG03  18937.380840 -11773.325624 -14484.066371    148.289149  5  5  3  89       
PG04   8351.044882 -13722.414375 -21114.817236    274.469999  6  6  6  73       
PG05 -25575.028082   6430.804637   3398.464592   -159.200851  3  5  6  67       
PG06 -10000.410819 -11989.775170 -21394.936678    432.971107  5  4  5  70       
PG07   3353.384205 -24506.707881   9485.053940    -45.383012  6  5  4  29       
PG08  14721.963833  -5663.138426  21325.463279   -163.694170  4  7  6  68       
PG09  -3442.875540 -21683.177653 -14991.063438     69.509516  8  7  5  77       
PG10  14690.608624  11347.268688  19325.478425    -70.623548  6  5  4  84       
PG11 -16123.614518   -278.349959 -21069.766908   -551.842093  3  4  6  74       
PG12 -19740.538610  10798.067393 -14343.131566   -471.186121  5  6  3  74       
PG13 -17608.467296  -5210.934524  19067.247459    619.055548  4  4  5  79       
PG14 -10596.639006 -13714.542569  20195.698472    307.509378  5  7  4  56       
PG15 -14196.214047   7423.036857  20721.565730    120.610404  5  6  5  61       
PG16  26685.870145   1212.127441  -2630.413550   -377.340761  5  6  6  76       
PG17 -12167.595270 -23310.038145   3537.716567    719.025932  5  5  2  71       
PG18  -3371.184501  24139.727755  10341.190543   -539.939741  2  6  6  34       
PG19 -16751.321751 -19886.011518  -6469.622478    431.116971  7  8  2  83       
PG20 -24440.354445   -363.288536 -10122.411172    390.115570  4  6  5  54       
PG21  16164.103357 -13961.337995  15622.043835    137.314204  5  6  4  69       
PG22 -17338.276487 -11399.339911  16842.475651     42.655315  3  6  3  63       
PG23    955.889198  14858.725467  22009.918739    141.950075  5  5  5  72       
PG24 -15126.150638  17767.968058  11883.770692   -419.878072  4  3  5  37       
PG25  -8360.931660  15533.681928 -20113.116251    486.381276  3  2  5  40       
PG26  23132.132872   5101.289545 -12516.386185    197.180381  5  7  6  78       
PG28   9190.991654  14800.329875 -20070.528438   -108.852382  3  6  4   5       
PG29    525.992090  21253.950834 -15904.121234   -608.210951  6  5  5  47       
PG30  -5015.635847 -19739.050339  17033.728063   -441.366479  5  5  2  28       
PG31  14580.821371   5278.658671 -21784.962196   -227.479409  4  6  5  69       
PG32  15873.851042  21437.583842    251.230133   -607.418782  5  5  5  32       
*  2024  1 24 20 45  0.00000000
PG01  12793.602760 -22183.128759   6039.412734 999999.999999                    
PG02  14736.003061 -17243.400751  14119.712561   -495.957222  7  5  3  86       
PG03  20448.745807 -11828.615161 -12166.898845    148.311819  5  5  3  87       
PG04   9840.667778 -11775.983776 -21653.174575    274.478715  6  6  6  41       
PG05 -25856.746745   6257.511658    542.651178   -159.202347  4  5  6  77       
PG06  -9024.519767 -14188.785608 -20457.159821    432.958738  5  4  5  74       
PG07   3954.081003 -25223.218824   6835.174015    -45.391642  6  5  5  33       
PG08  16240.283819  -3782.172236  20669.742866   -163.694837  4  7  6  76       
PG09  -2147.864592 -20398.759136 -16926.593682     69.520650  8  7  5  71       
PG10  12494.066835  11731.138876  20584.403358    -70.625271  5  5  4  81       
PG11 -15152.383484  -2526.166478 -21636.881698   -551.854358  3  5  6  72       
PG12 -21221.886574  10711.749812 -12059.687128   -471.189445  5  6  3  80       
PG13 -18574.132488  -7102.729209  17511.901174    619.058932  5  3  5  64       
PG14  -8267.568591 -14065.505073  21009.708303    307.518519  5  7  4  54       
PG15 -15918.126030   5694.515583  20040.964868    120.613961  5  6  5  49       
PG16  26280.644276   1443.292335  -5414.822787   -377.333803  5  6  6  72       
PG17 -11685.737649 -23012.670509   6348.870444    719.024669  5  5  3  57       
PG18  -3965.791513  25011.482179   7704.812652   -539.947840  2  5  6           
PG19 -16882.655747 -20457.523439  -3693.377330    431.121655  7  8  3  55       
PG20 -23272.229959  -1011.816672 -12543.975503    390.114087  5  6  5  75       
PG21  15832.255582 -12130.073073  17524.339699    137.313087  5  6  4  55       
PG22 -15390.686488 -11655.848171  18543.545829     42.649606  3  6  3  85       
PG23  -1505.028564  15255.594661  21688.833091    141.956998  5  5  5  47       
PG24 -14970.248079  16179.727579  14107.655880   -419.884283  4  3  5  39       
PG25 -10529.631499  15748.298307 -18843.106165    486.382432  4  3  5  41       
PG26  21692.197083   5662.347386 -14659.351680    197.177043  5  7  6  47       
PG28   8330.712498  16848.951385 -18788.926400   -108.863045  3  6  4           
PG29   -663.398760  19741.890618 -17754.879829   -608.210258  6  4  5  66       
PG30  -4116.813193 -21359.738692  15182.769596   -441.362174  5  5  1  74       
PG31  13604.282695   7522.913459 -21720.813649   -227.479758  5  6  5  46       
PG32  15584.326113  21453.718384   3088.074196   -607.421141  4  5  5  30       
*  2024  1 24 21  0  0.00000000
PG01  12678.169169 -21275.233889   8801.283739 999999.999999                    
PG02  14522.970245 -15584.575451  16210.921022   -495.952083  7  5  4  76       
PG03  21687.089548 -11911.980753  -9640.641456    148.334522  5  5  3  89       
PG04  11455.192063  -9880.888945 -21818.109293    274.487409  6  6  5  85       
PG05 -25833.488996   6020.863557  -2322.470336   -159.203362  4  5  6  33       
PG06  -8215.159186 -16319.536785 -19164.231546    432.946412  6  4  5  62       
PG07   4425.640263 -25677.627474   4065.966163    -45.399615  6  4  5  49       
PG08  17785.839576  -2053.631280  19658.232446   -163.696414  4  7  7  82       
PG09   -651.204054 -19035.440640 -18571.949048     69.531752  8  7  5  88       
PG10  10201.619553  12263.437958  21497.948310    -70.627040  5  5  4  78       
PG11 -14285.826230  -4862.001933 -21830.663309   -551.866613  4  6  6  75       
PG12 -22441.407833  10666.438942  -9570.939989   -471.193001  5  5  3  73       
PG13 -19531.686760  -8775.460372  15653.046945    619.062098  5  4  5  66       
PG14  -5886.895470 -14545.299543  21463.847931    307.527681  5  7  4  54       
PG15 -17640.911829   4114.888521  19001.921674    120.617665  5  5  5  58       
PG16  25585.088192   1729.013349  -8109.247751   -377.326708  6  6  6  70       
PG17 -10999.632679 -22495.351897   9051.023042    719.023478  5  5  3  48       
PG18  -4410.878415  25623.759980   4934.478255   -539.955890  2  4  5  36       
PG19 -16860.620245 -20765.914896   -855.128739    431.126427  7  8  3  79       
PG20 -21893.891628  -1814.425936 -14747.130896    390.112767  6  6  5  70       
PG21  15549.133682 -10101.248553  19124.768879    137.312241  5  6  3  76       
PG22 -13291.856351 -12032.303305  19932.934865     42.644063  3  6  3  80       
PG23  -3886.349718  15773.504570  20994.529800    141.963940  4  5  5  61       
PG24 -14833.748962  14350.503932  16077.783146   -419.890477  4  3  5  44       
PG25 -12532.238291  16038.314838 -17254.618425    486.383576  4  3  5  11       
PG26  20063.541788   6354.321055 -16556.350754    197.173739  6  7  6  67       
PG28   7624.779864  18783.239099 -17184.599709   -108.873693  3  6  4  42       
PG29  -2048.629145  18143.810821 -19300.094031   -608.209917  6  5  6  73       
PG30  -3366.442050 -22811.297643  13069.572865   -441.357863  6  5  1  63       
PG31  12752.494913   9792.237708 -21289.191139   -227.479963  5  6  5  70       
PG32  15085.007964  21249.892022   5872.591105   -607.423478  4  5  5  71       
*  2024  1 24 21 15  0.00000000
PG01  12531.164248 -20063.351586  11406.836577 999999.999999                    
PG02  14360.506447 -13705.776169  18029.651768   -495.947141  7  6  3  77       
PG03  22634.523056 -11984.869073  -6948.377689    148.357215  5  5  3  77       
PG04  13164.577469  -8076.327808 -21607.184824    274.496125  7  6  5  54       
PG05 -25517.177283   5684.809743  -5147.936637   -159.204298  4  6  6  76       
PG06  -7570.613781 -18332.266227 -17538.462512    432.934066  6  4  5  64       
PG07   4797.361147 -25845.885230   1225.319771    -45.408028  6  4  5  69       
PG08  19318.170121   -500.917334  18309.553668   -163.697263  4  6  7  89       
PG09   1035.349759 -17636.818878 -19899.240465     69.542862  8  7  5  58       
PG10   7861.304376  12946.616636  22050.182907    -70.628848  5  5  3  87       
PG11 -13543.866212  -7240.514800 -21647.906665   -551.878825  5  6  6  77       
PG12 -23379.252438  10626.389431  -6918.725918   -471.196290  5  5  3  82       
PG13 -20439.676964 -10211.536207  13523.692385    619.065549  5  4  6  23       
PG14  -3501.809582 -15151.086465  21549.815110    307.536863  5  7  4  52       
PG15 -19321.503936   2703.204276  17624.294888    120.621438  5  4  6  68       
PG16  24618.283294   2102.746479 -10669.253709   -377.319915  6  6  6  69       
PG17 -10092.627694 -21794.745849  11598.587872    719.022289  5  4  3  27       
PG18  -4736.380662  25950.568894   2078.299774   -539.963986  3  3  5  52       
PG19 -16651.519115 -20829.012293   1997.487709    431.131014  7  8  3  54       
PG20 -20344.775486  -2785.629445 -16693.605325    390.111328  6  6  5  58       
PG21  15344.626577  -7911.217541  20398.996541    137.310682  6  6  3  82       
PG22 -11085.735297 -12541.902637  20988.810447     42.638091  4  6  3  80       
PG23  -6142.628454  16391.885528  19938.393732    141.970882  4  5  5  55       
PG24 -14748.019467  12309.735074  17758.452189   -419.896666  4  2  5  39       
PG25 -14334.589754  16374.877867 -15373.308153    486.384739  5  4  5  35       
PG26  18284.300555   7190.759049 -18175.288880    197.170433  6  7  6  72       
PG28   7064.311044  20558.496189 -15285.060123   -108.884364  3  6  4           
PG29  -3620.105165  16505.806192 -20513.514552   -608.209099  6  5  5  76       
PG30  -2749.364107 -24055.327765  10730.053940   -441.353560  6  5  2  79       
PG31  12035.687739  12040.280135 -20496.093475   -227.480283  5  5  5  67       
PG32  14355.930702  20858.285580   8557.773227   -607.425725  4  6  5  72       
*  2024  1 24 21 30  0.00000000
PG01  12393.064999 -18561.446856  13809.309158 999999.999999                    
PG02  14278.657776 -11640.396717  19546.944011   -495.941843  7  6  3  78       
PG03  23282.025718 -12007.090721  -4136.231577    148.379983  6  5  3  74       
PG04  14932.834017  -6395.918284 -21024.441400    274.504781  7  6  5  66       
PG05 -24927.937944   5216.646074  -7885.654378   -159.205665  5  6  7  68       
PG06  -7080.655085 -20179.560714 -15608.011406    432.921712  6  4  5  85       
PG07   5102.435246 -25711.925793  -1636.957766    -45.416439  6  4  5  61       
PG08  20794.591589    860.498199  16647.939210   -163.699031  4  6  7  81       
PG09   2892.035063 -16244.799304 -20886.048204     69.553993  8  7  5  72       
PG10   5521.606908  13774.768707  22231.057313    -70.629431  4  4  2  79       
PG11 -12938.675789  -9613.734598 -21091.913470   -551.891066  6  6  6  66       
PG12 -24023.838773  10553.702105  -4147.945891   -471.199678  5  5  4  48       
PG13 -21255.671797 -11402.121809  11161.330155    619.068882  6  5  6  88       
PG14  -1158.782799 -15872.205231  21265.585601    307.546010  5  6  4  57       
PG15 -20915.868399   1470.340381  15933.995012    120.624944  5  4  6  72       
PG16  23406.448869   2593.895184 -13052.754798   -377.312609  6  6  5  69       
PG17  -8955.796949 -20951.370549  13949.064004    719.021661  5  4  3  84       
PG18  -4976.697494  25973.966852   -814.048490   -539.972040  4  2  6  23       
PG19 -16226.708764 -20671.670403   4816.393843    431.135829  7  7  4  55       
PG20 -18668.018793  -3932.320615 -18349.676458    390.110245  7  6  5  73       
PG21  15242.359034  -5601.152813  21328.631313    137.309535  6  7  3  79       
PG22  -8818.419238 -13190.229071  21694.930822     42.632286  4  6  3  92       
PG23  -8233.079806  17083.173356  18538.098620    141.977772  3  5  5  45       
PG24 -14739.620109  10093.811990  19119.368887   -419.902836  4  2  5  48       
PG25 -15908.842833  16724.349688 -13229.971034    486.385892  5  4  5  35       
PG26  16395.731979   8178.109447 -19488.558907    197.167138  6  7  6  69       
PG28   6632.913651  22133.716595 -13122.891193   -108.895022  4  6  4           
PG29  -5359.909656  14872.614685 -21374.636744   -608.208471  7  5  5  76       
PG30  -2244.032982 -25058.468481   8204.266080   -441.349296  6  5  2  60       
PG31  11456.269134  14219.799411 -19353.643072   -227.480318  6  5  5  74       
PG32  13384.439461  20315.474718  11098.434046   -607.427899  3  6  5  73       
*  2024  1 24 21 45  0.00000000
PG01  12301.919767 -16792.883785  15965.483678 999999.999999                    
PG02  14301.573974  -9427.258037  20739.005084   -495.936760  7  6  4  84       
PG03  23629.710101 -11938.534767  -1252.588378    148.402715  6  6  3  77       
PG04  16719.295535  -4866.568352 -20080.298548    274.513445  7  6  5  45       
PG05 -24093.269471   4588.444269 -10489.192224   -159.207286  5  7  6  73       
PG06  -6727.090869 -21818.079882 -13406.388757    432.909319  6  4  5  77       
PG07   5376.447759 -25268.450648  -4470.053975    -45.424570  6  3  5  72       
PG08  22171.777367   2023.420557  14702.748886   -163.702094  4  6  7  87       
PG09   4891.662896 -14898.044581 -21515.778382     69.565077  8  7  5  79       
PG10   3229.813907  14733.731964  22036.609531    -70.630150  4  4  2  85       
PG11 -12474.282582 -11932.731794 -20172.424791   -551.903324  6  7  5  70       
PG12 -24372.247257  10409.936284  -1305.845625   -471.202907  5  5  4  50       
PG13 -21937.942276 -12347.228719   8607.236258    619.072296  6  5  6  82       
PG14   1098.029017 -16690.506450  20615.485012    307.555206  5  6  4  54       
PG15 -22380.688279    418.834486  13962.380609    120.628352  5  4  6  82       
PG16  21981.998694   3226.570241 -15220.610095   -377.305678  7  6  5  70       
PG17  -7588.390152 -20007.969027  16063.672041    719.020161  6  3  4  54       
PG18  -5169.140624  25684.795942  -3692.222200   -539.980068  4  2  6  67       
PG19 -15563.852499 -20324.752003   7553.828366    431.140160  7  7  4  80       
PG20 -16908.838646  -5253.316915 -19686.767101    390.108911  7  6  5 105       
PG21  15258.862181  -3215.597124  21901.297869    137.308050  6  7  3  84       
PG22  -6536.591016 -13975.003992  22040.798499     42.626468  4  6  2  83       
PG23 -10122.975510  17813.873032  16817.338218    141.984709  2  5  5  50       
PG24 -14829.108957   7744.782390  20136.265475   -419.908993  3     5  75       
PG25 -17234.411806  17049.638138 -10860.122417    486.387016  6  4  5  31       
PG26  14440.792925   9315.296985 -20473.497534    197.163835  6  7  6  73       
PG28   6307.478674  23473.049501 -10735.195466   -108.905693  4  6  4  18       
PG29  -7242.325130  13285.976915 -21869.026890   -608.207845  7  5  5  83       
PG30  -1823.523731 -25793.662547   5535.726324   -441.345009  6  5  3  55       
PG31  11008.779311  16284.291517 -17879.980510   -227.480554  6  4  5  68       
PG32  12165.814910  19660.948008  13451.917427   -607.430079  3  6  6  74       
*  2024  1 24 22  0  0.00000000
PG01  12291.648706 -14789.668952  17836.565659 999999.999999                    
PG02  14446.589890  -7109.293978  21587.467845   -495.931560  7  6  4  86       
PG03  23686.742622 -11740.899607   1652.737551    148.425455  6  6  4  74       
PG04  18480.079420  -3507.616926 -18791.349536    274.522108  7  6  6  62       
PG05 -23046.950593   3778.293212 -12914.534167   -159.208447  5  7  6  85       
PG06  -6484.637709 -23210.130608 -10971.860943    432.896948  7  4  5  59       
PG07   5655.750051 -24517.380540  -7223.129074    -45.432908  7  3  5  67       
PG08  23407.357186   2988.957465  12507.915655   -163.703313  5  5  7  98       
PG09   7000.480359 -13630.563850 -21777.921610     69.576066  8  7  5  75       
PG10   1030.403949  15801.506052  21469.088471    -70.631807  5  3  3  66       
PG11 -12146.504410 -14149.327784 -18905.441963   -551.915600  7  7  5  85       
PG12 -24430.295860  10157.769366   1558.765692   -471.206369  5  5  4  39       
PG13 -22447.111193 -13055.465617   5905.719007    619.075151  7  6  6  82       
PG14   3228.299388 -17580.987891  19610.153264    307.564377  5  6  4  68       
PG15 -23675.004658   -456.934026  11745.558629    120.632107  4  4  6  85       
PG16  20382.396006   4018.546891 -17137.175412   -377.298302  7  6  5  59       
PG17  -5997.971001 -19007.837044  17907.905578    719.019521  5  4  4  64       
PG18  -5352.267413  25083.081755  -6506.113788   -539.988123  5  2  6  51       
PG19 -14647.959276 -19823.885866  10163.117604    431.145032  6  6  4  74       
PG20 -15112.844511  -6739.229364 -20681.941584    390.107394  7  7  5 107       
PG21  15403.042780   -800.938403  22110.608908    137.306755  5  6  3  84       
PG22  -4285.965210 -14886.134905  22021.734624     42.621050  4  6  2  83       
PG23 -11784.812263  18545.872541  14805.447412    141.991647  3  5  5  30       
PG24 -15030.115371   5308.820374  20791.377902   -419.915182  4     5  77       
PG25 -18298.649677  17311.690281  -8303.482510    486.388163  6  4  5  56       
PG26  12462.652572  10593.581782 -21112.777423    197.160469  7  7  6  71       
PG28   6059.240211  24547.077392  -8162.963755   -108.916374  5  5  5  73       
PG29  -9234.660064  11783.128170 -21988.543712   -608.207054  7  5  4  89       
PG30  -1456.767888 -26241.194534   2770.664236   -441.340739  7  5  3  63       
PG31  10680.155070  18189.618056 -16099.056778   -227.480566  6  4  5  70       
PG32  10703.606331  18935.536442  15578.760546   -607.432358  4  6  6  78       
*  2024  1 24 22 15  0.00000000
PG01  12390.519177 -12591.337074  19388.973652 999999.999999                    
PG02  14723.574746  -4732.115274  22079.568187   -495.926580  7  6  3  87       
PG03  23470.919875 -11379.371208   4529.373481    148.448232  6  6  4  54       
PG04  20169.676028  -2330.276113 -17180.053037    274.530778  7  6  6  87       
PG05 -21827.731412   2771.307292 -15120.784177   -159.209493  5  7  6  77       
PG06  -6322.081271 -24325.029551  -8346.765904    432.884555  7  4  5  44       
PG07   5975.772241 -23469.941393  -9846.335300    -45.441327  7  3  5  81       
PG08  24461.475647   3766.230431  10101.333855   -163.704835  6  4  7  86       
PG09   9179.285817 -12470.494940 -21668.211242     69.587166  8  7  5  78       
PG10  -1036.466686  16948.977004  20536.987399    -70.632671  5  3  4  61       
PG11 -11943.214194 -16217.779396 -17312.939622   -551.927766  7  7  5  55       
PG12 -24212.288570   9762.639375   4396.346545   -471.209862  6  5  4  86       
PG13 -22747.708547 -13543.466154   3103.334067    619.078818  8  6  6  66       
PG14   5196.901721 -18512.712303  18266.399635    307.573498  5  6  4  59       
PG15 -24761.747376  -1170.230049   9323.612426    120.635424  4  4  6  86       
PG16  18648.845993   4980.452651 -18770.808715   -377.291272  8  6  5  69       
PG17  -4200.248461 -17993.170373  19451.996838    719.018115  5  4  3  53       
PG18  -5564.166592  24178.081441  -9206.755665   -539.996148  5  2  6  51       
PG19 -13472.165195 -19208.045406  12599.447770    431.149707  6  6  4  97       
PG20 -13324.352258  -8372.662443 -21318.294366    390.105684  7  7  5  90       
PG21  15675.954430   1596.134379  21956.052158    137.305897  5  6  2  84       
PG22  -2109.788922 -15906.050649  21638.878970     42.614790  5  6  2  68       
PG23 -13199.205356  19237.957245  12536.917626    141.998577  3  5  5  35       
PG24 -15348.725594   2834.531526  21073.767851   -419.921318  4  2  6  88       
PG25 -19097.240982  17471.096981  -5603.369571    486.389326  6  4  5  26       
PG26  10503.199226  11996.708180 -21394.728361    197.157185  7  6  6  70       
PG28   5855.060770  25333.858681  -5450.376732   -108.927056  5  5  5  49       
PG29 -11298.346167  10395.479335 -21731.453201   -608.206664  7  5  4  90       
PG30  -1109.966208 -26389.458485    -42.794332   -441.336473  7  5  3  64       
PG31  10450.301079  19895.574391 -14040.319593   -227.480841  6  3  5  32       
PG32   9009.663160  18179.811736  17443.303733   -607.434642  4  6  6  67       
*  2024  1 24 22 30  0.00000000
PG01  12619.865359 -10243.525245  20595.016772 999999.999999                    
PG02  15134.564580  -2342.501722  22208.247876   -495.921437  6  5  3  94       
PG03  23007.914191 -10824.180677   7327.281727    148.471060  6  6  5  78       
PG04  21742.606639  -1337.393655 -15274.328736    274.539415  7  6  6  26       
PG05 -20477.857859   1560.365988 -17070.813591   -159.210752  5  7  6  75       
PG06  -6203.677088 -25140.199770  -5576.754093    432.872145  7  5  6  86       
PG07   6369.350800 -22146.369382 -12291.850206    -45.449726  7  3  5  87       
PG08  25298.253851   4371.788456   7524.201576   -163.707573  6  4  7  91       
PG09  11384.753988 -11439.124129 -21188.680080     69.598242  8  6  5  75       
PG10  -2936.327098  18140.927261  19254.982723    -70.633908  5  3  4  57       
PG11 -11844.923350 -18096.373495 -15422.476484   -551.940058  7  7  4  77       
PG12 -23740.440531   9194.304669   7157.490745   -471.213245  6  4  5  62       
PG13 -22809.575200 -13835.021724    248.080324    619.082211  8  6  7  59       
PG14   6975.083401 -19449.974096  16606.948161    307.582655  5  6  4  68       
PG15 -25609.095537  -1741.148393   6739.781221    120.639160  3  4  6  65       
PG16  16824.869281   6115.212101 -20094.327025   -377.283852  8  6  5  59       
PG17  -2218.613942 -17003.489639  20671.297065    719.017416  5  4  3  67       
PG18  -5840.766647  22987.978266 -11747.201251   -540.004228  5  3  6  81       
PG19 -12038.224081 -18517.997718  14820.627765    431.154664  6  6  4  67       
PG20 -11584.766599 -10128.735541 -21585.224766    390.104905  6  7  5  90       
PG21  16070.863638   3930.142880  21442.807201    137.304642  5  6  2  85       
PG22    -47.446690 -17010.308507  20899.120102     42.609362  5  5  2  61       
PG23 -14355.470974  19847.466269  10050.813266    142.005498  3  5  5  54       
PG24 -15783.205668    371.170268  20979.483084   -419.927464  4  3  6  90       
PG25 -19634.283846  17489.748366  -2806.005680    486.390451  6  5  5  64       
PG26   8601.593029  13501.342470 -21313.580785    197.153879  7  6  6  38       
PG28   5658.892211  25819.694748  -2644.050367   -108.937717  5  5  4  62       
PG29 -13390.264305   9147.535377 -21102.436555   -608.206093  8  5  4  98       
PG30   -748.122785 -26235.420252  -2855.493073   -441.332220  7  5  4  86       
PG31  10292.952744  21367.336303 -11738.292183   -227.481189  6  2  5  61       
PG32   7103.864893  17432.510885  19014.241193   -607.436943  4  5  6  74       
*  2024  1 24 22 45  0.00000000
PG01  12993.110037  -7796.297329  21433.440876 999999.999999                    
PG02  15673.684241     13.127169  21972.187637   -495.916300  6  5  3  93       
PG03  22330.215751 -10051.976853   9997.658500    148.493866  6  6  5  69       
PG04  23155.086841   -523.542072 -13107.064890    274.548148  7  5  6  57       
PG05 -19041.484850    146.559055 -18731.843829   -159.212132  6  8  6  80       
PG06  -6090.734750 -25641.958253  -2709.969837    432.859716  6  5  6  96       
PG07   6865.148708 -20575.238203 -14514.893212    -45.458051  7  4  5  71       
PG08  25887.102706   4828.751092   4820.328447   -163.708125  7  3  7  70       
PG09  13570.921403 -10550.178962 -20347.615699     69.609363  8  6  6  72       
PG10  -4641.551796  19337.299280  17643.773700    -70.634711  5  3  4  66       
PG11 -11825.659841 -19748.870989 -13266.711241   -551.952272  7  6  3  72       
PG12 -23043.996767   8428.256148   9793.815914   -471.216562  6  4  5  64       
PG13 -22609.064139 -13959.957176  -2611.409618    619.085368  8  6  7  59       
PG14   8541.396789 -20353.671512  14660.075241    307.591817  5  6  3  66       
PG15 -26191.617969  -2195.542510   4039.613766    120.642552  4  5  7  73       
PG16  14954.803130   7417.767365 -21085.412379   -377.276689  8  6  5  68       
PG17    -83.406735 -16074.195732  21546.573702    719.016429  5  4  3  80       
PG18  -6214.235969  21539.235210 -14083.365893   -540.012304  4  4  6  91       
PG19 -10356.682902 -17794.678868  16787.830319    431.159309  6  5  4  48       
PG20  -9931.095329 -11975.904053 -21478.594394    390.103652  6  7  5  84       
PG21  16573.595121   6158.251805  20581.505456    137.303241  4  6  2  78       
PG22   1866.786595 -18168.449979  19814.959588     42.603351  5  5  3  62       
PG23 -15251.872437  20332.025860   7390.098364    142.012410  4  5  5  71       
PG24 -16324.070230  -2033.150732  20511.556102   -419.933583  4  3  6  80       
PG25 -19922.050515  17332.475423     40.257193    486.391594  6  4  5  54       
PG26   6792.917206  15077.788242 -20869.625041    197.150580  7  6  6  42       
PG28   5433.355502  25999.591677    207.762164   -108.948432  5  5  5   4       
PG29 -15464.248530   8056.090699 -20112.492544   -608.205365  8  5  4 100       
PG30   -336.637987 -25784.752309  -5618.143130   -441.327900  8  5  4  79       
PG31  10176.803091  22576.726118  -9232.045396   -227.481091  6  2  5  30       
PG32   5013.559485  16729.043081  20265.107194   -607.439279  4  5  6  65       
*  2024  1 24 23  0  0.00000000
PG01  13515.132138  -5302.292112  21889.828899 999999.999999                    
PG02  16327.356756   2290.213783  21375.774819   -495.911327  5  5  2  91       
PG03  21475.811436  -9046.956204  12493.820042    148.516672  5  6  6  68       
PG04  24366.632437    124.571372 -10715.546979    274.556793  8  5  6  75       
PG05 -17563.036678  -1460.677703 -20075.958134   -159.213400  6  8  6  87       
PG06  -5943.321021 -25825.963849    203.810420    432.847272  6  5  6  78       
PG07   7486.243827 -18792.430975 -16474.693063    -45.466371  7  5  4  65       
PG08  26203.842912   5165.716405   2035.419334   -163.708591  6  3  6  54       
PG09  15690.777080  -9809.419471 -19159.415791     69.620422  7  5  6  91       
PG10  -6132.271377  20494.670571  15729.819712    -70.636640  5  3  5  37       
PG11 -11854.105733 -21145.745494 -10882.832440   -551.964557  7  6  3  21       
PG12 -22158.074513   7446.921292  12258.855127   -471.219831  6  5  5  54       
PG13 -22129.997417 -13952.795888  -5426.671674    619.088569  8  6  7  62       
PG14   9882.349379 -21182.832115  12459.143523    307.600992  5  6  4  73       
PG15 -26491.155453  -2563.748347   1270.116994    120.646038  5  5  7  73       
PG16  13082.279292   8875.085061 -21726.963790   -377.269537  9  6  5  74       
PG17   2169.062017 -15235.302482  22064.227211    719.015003  5  4  3  81       
PG18  -6711.539820  19865.634143 -16174.810823   -540.020363  4  4  6  97       
PG19  -8446.728602 -17077.555710  18466.298137    431.164049  6  5  4  69       
PG20  -8394.652734 -13877.046387 -21000.766432    390.102435  5  7  6  72       
PG21  17163.133794   8241.580897  19387.944615    137.302403  4  6  3  75       
PG22   3604.805935 -19345.075156  18404.313297     42.597329  5  5  3  67       
PG23 -15895.519066  20651.290642   4600.884961    142.019295  4  5  5  62       
PG24 -16954.488804  -4333.180821  19679.847060   -419.939704  4  4  6  82       
PG25 -19980.428265  16968.610543   2885.779725    486.392725  6  4  5  66       
PG26   5106.978249  16690.958070 -20069.279941    197.147263  7  5  6  15       
PG28   5141.377676  25877.398630   3055.998603   -108.959094  6  5  5           
PG29 -17472.711383   7129.730051 -18778.737071   -608.204654  9  5  5 105       
PG30    157.105892 -25051.632462  -8282.233899   -441.323627  8  5  4  66       
PG31  10066.854249  23503.244060  -6564.567044   -227.481443  6     6  50       
PG32   2772.730030  16100.132031  21174.692824   -607.441632  5  5  6  52       
*  2024  1 24 23 15  0.00000000
PG01  14182.006776  -2814.776875  21956.846078 999999.999999                    
PG02  17074.789812   4447.488937  20429.009064   -495.906125  3  5  2  83       
PG03  20486.652056  -7801.701604  14772.057468    148.539513  5  7  6  86       
PG04  25341.547593    627.391699  -8140.817508    274.565388  8  5  6  92       
PG05 -16085.574349  -3243.740076 -21080.537008   -159.214757  7  8  5  74       
PG06  -5722.012836 -25697.309062   3114.065766    432.834880  6  5  6  76       
PG07   8248.954703 -16839.798149 -18135.374120    -45.474695  7  6  4  62       
PG08  26231.594221   5415.476526   -783.656338   -163.709669  6  3  6  62       
PG09  17697.899552  -9214.542112 -17644.346074     69.631517  7  5  6  87       
PG10  -7396.995316  21567.888706  13544.973200    -70.637436  5  3  5  53       
PG11 -11894.949176 -22265.170016  -8311.912641   -551.976868  6  5  3  92       
PG12 -21122.271703   6240.606305  14508.932392   -471.223238  6  5  5  60       
PG13 -21364.346655 -13851.267009  -8150.193854    619.091739  8  6  7  56       
PG14  10992.746045 -21896.232452  10042.038496    307.610119  6  6  4  62       
PG15 -26497.418940  -2879.160889  -1521.082111    120.649723  6  6  7  37       
PG16  11248.728565  10466.452197 -22007.391479   -377.262431  9  6  4  71       
PG17   4497.690013 -14510.386119  22216.430764    719.013856  5  4  4  70       
PG18  -7353.212398  18007.039935 -17985.454911   -540.028327  4  5  6  93       
PG19  -6335.704834 -16403.036954  19826.000848    431.168824  6  5  3  28       
PG20  -7000.001205 -15790.772838 -20160.528402    390.101231  5  7  6  50       
PG21  17812.455460  10146.361163  17882.766602    137.300945  4  6  5  65       
PG22   5145.516588 -20501.099771  16690.251979     42.591871  5  5  4  61       
PG23 -16301.920370  20768.622573   1731.616926    142.026290  4  6  5  70       
PG24 -17651.005390  -6488.108684  18500.742163   -419.945816  5  5  6  80       
PG25 -19836.056144  16373.400374   5680.531822    486.393852  5  4  5  68       
PG26   3567.301512  18301.570401 -18925.064790    197.143952  7  4  6  65       
PG28   4747.821986  25465.617203   5851.631548   -108.969745  6  5  5   8       
PG29 -19368.329422   6368.652112 -17124.104035   -608.203853  9  5  5  98       
PG30    762.232983 -24058.212281 -10800.936470   -441.319313  8  6  4  62       
PG31   9925.943166  24134.818170  -3782.035759   -227.481525  6  1  5  43       
PG32    420.918534  15570.642013  21727.388765   -607.444004  5  5  6  40       
*  2024  1 24 23 30  0.00000000
PG01  14981.126659   -385.691622  21634.326500 999999.999999                    
PG02  17888.721639   6448.278931  19147.348431   -495.901057  3  6  3  88       
PG03  19406.969001  -6317.693154  16792.441908    148.562324  5  7  6  96       
PG04  26050.239653   1011.529276  -5426.977767    274.573987  8  5  5  74       
PG05 -14649.228776  -5177.339642 -21728.612860   -159.215813  7  8  6  79       
PG06  -5389.629422 -25270.253676   5970.426818    432.822471  6  5  6  65       
PG07   9161.962153 -14763.560112 -19466.731570    -45.482952  7  6  3  52       
PG08  25961.404908   5613.589017  -3589.600805   -163.713145  6  4  5  59       
PG09  19548.079747  -8755.399248 -15828.204483     69.642647  7  5  7  82       
PG10  -8432.917885  22511.806923  11126.008327    -70.638752  4  4  5  45       
PG11 -11910.397596 -23093.714829  -5598.198310   -551.989127  6  5  3  79       
PG12 -19979.095256   4808.132273  16504.001654   -471.226665  7  5  5  54       
PG13 -20312.615496 -13694.712025 -10736.171101    619.094969  8  6  6  82       
PG14  11875.708300 -22454.048122   7450.516544    307.619262  6  6  4  64       
PG15 -26208.290331  -3176.723601  -4286.546209    120.653025  7  6  7  63       
PG16   9491.962098  12164.054977 -21920.848748   -377.255161 10  6  4  60       
PG17   6857.927176 -13915.783187  22001.195991    719.013089  5  4  5  81       
PG18  -8152.392984  16007.939879 -19484.200931   -540.036325  4  6  6 102       
PG19  -4058.309695 -15802.996344  20842.227889    431.173423  6  4  3  63       
PG20  -5764.170000 -17672.904039 -18972.902300    390.100153  5  7  6  55       
PG21  18489.553988  11844.905863  16091.105779    137.299560  4  6  5  68       
PG22   6475.427922 -21595.153910  14700.682534     42.586321  5  4  4  61       
PG23 -16494.212508  20652.639258  -1167.795147    142.033169  5  6  6  76       
PG24 -18384.533391  -8462.933312  16996.723005   -419.951971  5  5  6  71       
PG25 -19521.186696  15529.207941   8375.025374    486.395007  5  4  5  80       
PG26   2190.362780  19867.531273 -17455.469893    197.140643  7  4  6  49       
PG28   4221.047329  24784.888832   8546.513617   -108.980397  6  4  5           
PG29 -21105.725983   5764.820839 -15176.952796   -608.203603  9  6  6  97       
PG30   1503.000349 -22833.775423 -13129.979136   -441.315063  8  6  4  77       
PG31   9716.381858  24468.236212   -933.010279   -227.481825  6  2  6  26       
PG32  -1998.056276  15158.629957  21913.449753   -607.446319  5  4  6  52       
*  2024  1 24 23 45  0.00000000
PG01  15891.695583   1936.231736  20929.202832 999999.999999                    
PG02  18736.401618   8261.652368  17551.497318   -495.895866  3  6  5  82       
PG03  18281.508282  -4605.467633  18519.562316    148.585132  4  7  7  94       
PG04  26470.311824   1308.537900  -2620.442984    274.582642  9  6  5  85       
PG05 -13289.756111  -7229.277073 -22009.140092   -159.217204  7  8  6  96       
PG06  -4912.874126 -24567.612671   8723.562679    432.810042  5  5  6 102       
PG07  10225.770306 -12612.527252 -20444.869679    -45.491365  6  7  3  62       
PG08  25392.601596   5796.856248  -6335.421530   -163.715323  6  4  5  68       
PG09  21200.869719  -8414.525497 -13741.896426     69.653790  6  4  7  84       
PG10  -9245.889540  23283.054821   8514.047824    -70.639945  4  4  5  41       
PG11 -11861.792878 -23626.730887  -2788.347857   -552.001406  6  4  3 104       
PG12 -18772.271964   3157.133407  18208.428740   -471.229973  7  6  5  78       
PG13 -18983.913241 -13522.450077 -13141.222506    619.098340  8  6  6  73       
PG14  12542.368430 -22819.468367   4729.475566    307.628356  6  6  4  65       
PG15 -25629.824305  -3491.390969  -6979.796733    120.656575  7  6  7  63       
PG16   7844.878229  13933.825758 -21467.396043   -377.248054 10  5  4  71       
PG17   9203.235808 -13460.060422  21422.367648    719.011587  5  4  5  70       
PG18  -9114.163965  13915.817425 -20645.465340   -540.044414  5  6  6 117       
PG19  -1655.498462 -15303.468475  21496.102335    431.178438  6  4  3  64       
PG20  -4696.178630 -19478.060612 -17458.847989    390.098409  5  7  7  23       
PG21  19158.629659  13316.372595  14042.211891    137.298389  5  6  6  66       
PG22   7588.981042 -22585.077237  12467.970675     42.580262  5  3  5  48       
PG23 -16502.087651  20278.568111  -4046.870811    142.040070  6  6  6  76       
PG24 -19121.576771 -10229.577080  15195.825433   -419.958137  5  6  6  83       
PG25 -19072.315085  14426.447914  10921.262380    486.396162  5  3  5  75       
PG26    985.088868  21345.452237 -15684.721933    197.137342  7  4  6  85       
PG28   3534.335599  23863.179776  11094.209067   -108.991079  6  4  5  52       
PG29 -22643.088444   5302.437509 -12970.588735   -608.203060  9  6  6 103       
PG30   2397.621298 -21413.619724 -15228.474777   -441.310778  8  6  4  67       
PG31   9401.645377  24509.235437   1932.451263   -227.481700  7  3  6  47       
PG32  -4437.543075  14874.658398  21729.176650   -607.448707  6  4  6  34       
EOF
