#cP2024  1 10  0  0  0.00000000      96 ORBIT IGS20 HLM  IGS
## 2296 259200.00000000   900.00000000 60319 0.0000000000000
+   31   G01G02G03G04G05G06G07G08G09G10G11G12G13G14G15G16G17
+        G18G19G20G21G22G23G24G25G26G28G29G30G31G32  0  0  0
+          0  0  0  0  0  0  0  0  0  0  0  0  0  0  0  0  0
+          0  0  0  0  0  0  0  0  0  0  0  0  0  0  0  0  0
+          0  0  0  0  0  0  0  0  0  0  0  0  0  0  0  0  0
++         2  2  2  2  2  2  2  2  2  2  2  2  2  2  2  2  2
++         2  2  2  2  2  2  2  2  2  2  2  2  2  2  0  0  0
++         0  0  0  0  0  0  0  0  0  0  0  0  0  0  0  0  0
++         0  0  0  0  0  0  0  0  0  0  0  0  0  0  0  0  0
++         0  0  0  0  0  0  0  0  0  0  0  0  0  0  0  0  0
%c G  cc GPS ccc cccc cccc cccc cccc ccccc ccccc ccccc ccccc
%c cc cc ccc ccc cccc cccc cccc cccc ccccc ccccc ccccc ccccc
%f  1.2500000  1.025000000  0.00000000000  0.000000000000000
%f  0.0000000  0.000000000  0.00000000000  0.000000000000000
%i    0    0    0    0      0      0      0      0         0
%i    0    0    0    0      0      0      0      0         0
/* FINAL ORBIT COMBINATION FROM WEIGHTED AVERAGE OF:        
/* cod emr esa gfz grg jgx jpl mit ngs sio                  
/* REFERENCED TO IGS TIME (IGST) AND TO WEIGHTED MEAN POLE: 
/* PCV:IGS20      OL/AL:FES2014b NONE     Y  ORB:CMB CLK:CMB
*  2024  1 10  0  0  0.00000000
PG01  13725.415274  -4531.156890  21923.676780    165.684589  8  6  6  79       
PG02  16365.119675   2703.685452  21298.486313   -503.213395  7  7  6  58       
PG03  21523.318411  -8880.983801  12533.418706    115.270801  5  5  8  92       
PG04  24193.179124    -80.565866 -11100.744510    261.991107  8  9  7  81       
PG05 -17536.722281  -1597.097508 -20088.637117   -157.376068  7  9  6  71       
PG06  -6146.952905 -25776.835534   -349.983805    450.129996  7  7  7  94       
PG07   7423.485577 -18970.554721 -16301.730189    -33.414621  9  7  8 116       
PG08  26195.451846   4976.716291   2516.865924   -161.312745  7  7  5  38       
PG09  15659.186834  -9780.469586 -19201.424422     53.785585  7  6  3  68       
PG10  -6052.027390  20404.541456  15877.334785    -68.712880  4  6  5  72       
PG11 -11869.608635 -20999.280285 -11147.326724   -533.985731  8  8  6  76       
PG12 -22222.544886   7449.424126  12142.844618   -466.283184  7  5  6  50       
PG13 -22201.109731 -13938.831613  -5150.451693    614.286794  4  6  8  84       
PG14   9784.567239 -21108.352146  12666.143820    294.381140  6  5  6  83       
PG15 -26473.872776  -2392.989399   1717.163811    115.616497  7  7  7 103       
PG16  13163.116704   8808.141146 -21704.534064   -387.349454  8  9  9  89       
PG17   1921.217865 -15314.772880  22032.988979    720.239429  9  6  7  76       
PG18  -6607.891742  20092.030718 -15934.798305   -528.212075  4  4  8  93       
PG19  -8594.898432 -17134.242614  18346.560265    424.352705  9  6  7  89       
PG20  -8475.345080 -13758.515459 -21047.734752    392.318217  8  7  4 102       
PG21  17111.260864   8207.888977  19446.953865    138.901892  9  9  6  70       
PG22   3562.229604 -19268.333685  18497.040903     50.970087  7  5  2  89       
PG23 -15902.512400  20606.410436   4772.927776    132.273121  6  5  8  87       
PG24 -16908.774712  -4227.680904  19739.066940   -410.792986  8  7  6  85       
PG25 -19934.825674  17089.364981   2501.044081    484.688499  5  5  7 106       
PG26   5502.716554  16349.619638 -20249.406016    201.771955  5  6  6  77       
PG28   5356.288876  25889.403831   2543.173963    -94.085604  5  6  7  35       
PG29 -17276.680196   7219.324626 -18923.135414   -608.907244  7  6  6 112       
PG30    150.170406 -25117.776860  -8084.304028   -447.363584 10  8  9  98       
PG31  10094.929530  23415.160405  -6838.138060   -227.204930  6  6  4  69       
PG32   3117.172388  16172.202963  21070.204881   -603.840987  7  5  5  56       
*  2024  1 10  0 15  0.00000000
PG01  14373.709373  -2037.028644  21911.932768    165.685509  7  6  6  89       
PG02  17092.976799   4856.590212  20318.568013   -503.208360  6  7  5  64       
PG03  20523.696627  -7638.818948  14807.645983    115.294343  6  5  8  94       
PG04  25209.141690    439.280155  -8552.308904    261.999875  8  8  7  77       
PG05 -16047.590094  -3371.928358 -21089.546049   -157.377943  7  9  6  89       
PG06  -5942.018810 -25708.038466   2564.403487    450.118295  7  6  7  96       
PG07   8172.826254 -17032.724423 -17991.617789    -33.423013  9  7  7  97       
PG08  26274.728568   5237.954110   -300.305206   -161.314982  8  7  6  37       
PG09  17668.099845  -9173.412169 -17697.161832     53.796530  7  6  3  78       
PG10  -7334.876692  21484.113619  13710.822508    -68.713950  4  6  5  77       
PG11 -11911.657575 -22149.057337  -8594.670279   -533.998542  7  8  6  83       
PG12 -21189.635255   6257.717565  14405.500866   -466.286771  7  5  6  29       
PG13 -21463.518879 -13846.517130  -7884.674499    614.290188  4  6  8  64       
PG14  10914.818906 -21834.207566  10265.919869    294.390387  6  5  6  84       
PG15 -26528.831581  -2714.854513  -1073.263593    115.619905  7  6  7 106       
PG16  11322.104501  10389.186011 -22005.735965   -387.342486  8  9  8  88       
PG17   4244.645912 -14579.439690  22222.338265    720.238095  8  5  7  86       
PG18  -7234.907989  18254.948799 -17781.021936   -528.220501  4  4  8  95       
PG19  -6498.606402 -16453.716218  19732.597227    424.357503  8  5  6  96       
PG20  -7067.165360 -15670.233843 -20232.850833    392.316673  7  7  4  89       
PG21  17751.509308  10122.961004  17954.724329    138.900955  9  8  6  69       
PG22   5116.340499 -20423.742612  16798.549526     50.963919  7  4  2  76       
PG23 -16323.117864  20736.202137   1907.055144    132.279823  5  6  8  79       
PG24 -17596.976096  -6393.946885  18581.490045   -410.799581  8  7  5  78       
PG25 -19817.294827  16527.331489   5306.473254    484.689722  5  5  7  68       
PG26   3943.520886  17973.938790 -19167.900267    201.768880  5  6  6  90       
PG28   4980.721798  25531.016574   5351.488255    -94.095663  5  6  7  39       
PG29 -19186.139355   6443.787101 -17298.062848   -608.906851  8  6  6  92       
PG30    745.018546 -24142.833950 -10615.154126   -447.359463 10  8  9  94       
PG31   9958.592181  24076.978071  -4065.298773   -227.205140  6  6  4  27       
PG32    775.825931  15635.325189  21670.012069   -603.843700  6  5  5  67       
*  2024  1 10  0 30  0.00000000
PG01  15151.872147    390.819760  21511.221149    165.686397  7  6  6  97       
PG02  17886.341223   6850.677442  19005.515505   -503.203304  5  6  5  72       
PG03  19432.653297  -6158.631376  16823.431383    115.317875  6  5  8  93       
PG04  25962.581281    837.211195  -5857.724761    262.008671  9  8  7  77       
PG05 -14598.973843  -5297.248742 -21733.805344   -157.378713  7  9  6  96       
PG06  -5630.835737 -25338.227109   5434.411414    450.106567  6  5  7  10       
PG07   9071.894849 -14966.877899 -19354.855209    -33.431331  9  7  6  75       
PG08  26056.592053   5442.922294  -3112.446028   -161.316093  9  7  6  40       
PG09  19522.029797  -8702.998980 -15890.961710     53.807448  6  6  3  93       
PG10  -8388.671676  22437.841101  11307.323558    -68.715186  3  6  5  60       
PG11 -11932.165591 -23009.057060  -5894.367741   -534.011321  7  7  6  61       
PG12 -20046.594897   4839.842043  16415.005491   -466.290384  7  5  6  52       
PG13 -20439.457765 -13695.500774 -10485.794111    614.293509  5  6  8  58       
PG14  11816.844729 -22407.954236   7687.440582    294.399591  7  5  7  79       
PG15 -26288.170000  -3014.522516  -3845.531688    115.623445  7  6  7  91       
PG16   9555.733864  12078.535664 -21939.973644   -387.335355  7  9  8  75       
PG17   6604.243431 -13973.221111  22044.197698    720.237521  8  4  8  89       
PG18  -8018.484284  16272.102026 -19318.860843   -528.228903  5  5  7  84       
PG19  -4232.885350 -15845.308426  20776.820980    424.362474  8  5  6  83       
PG20  -5816.916029 -17553.795844 -19069.387049    392.315043  7  6  4  92       
PG21  18421.651280  11833.102284  16174.823179    138.899808  9  8  6  64       
PG22   6459.933788 -21520.021876  14822.856587     50.958277  7  3  3  80       
PG23 -16527.549615  20634.825112   -992.018573    132.286414  6  6  8  65       
PG24 -18324.456080  -8382.273926  17097.495674   -410.806185  7  7  5  62       
PG25 -19525.227576  15717.654708   8018.284313    484.690964  5  5  7  68       
PG26   2544.498626  19560.698793 -17756.974963    201.765800  5  6  6  84       
PG28   4475.710716  24900.219312   8067.660781    -94.105733  5  6  7           
PG29 -20941.488635   5826.610436 -15377.456620   -608.906440  8  6  6 105       
PG30   1473.478463 -22934.332539 -12959.634301   -447.355351 10  8  9  94       
PG31   9757.175511  24440.649237  -1220.997486   -227.205162  6  5  4  67       
PG32  -1638.248487  15214.073487  21904.115560   -603.846446  5  5  4  64       
*  2024  1 10  0 45  0.00000000
PG01  16038.446636   2704.048942  20729.946869    165.687305  6  5  6  83       
PG02  18712.370931   8655.205149  17380.506630   -503.198203  4  6  5  58       
PG03  18294.994407  -4450.791162  18545.446765    115.341379  6  5  7  91       
PG04  26430.065456   1144.184410  -3063.084672    262.017502  9  8  7  82       
PG05 -13226.791357  -7341.033285 -22010.437186   -157.380174  7  9  5  93       
PG06  -5179.400939 -24688.873123   8210.460194    450.094863  6  4  6  24       
PG07  10121.971390 -12821.634309 -20366.946803    -33.440026  8  7  5  84       
PG08  25539.123718   5628.350346  -5872.441268   -161.318647 10  7  6  51       
PG09  21180.340451  -8352.154063 -13813.556874     53.818377  5  7  3  71       
PG10  -9218.592088  23222.153475   8707.681816    -68.716853  3  5  5  69       
PG11 -11892.493162 -23573.715995  -3092.846432   -534.024129  6  7  6  41       
PG12 -18837.184511   3202.873171  18135.482419   -466.293634  7  5  6  74       
PG13 -19137.228716 -13525.146340 -12910.161515    614.297159  5  6  7  45       
PG14  12501.097587 -22792.425345   4975.360531    294.408833  7  5  7  69       
PG15 -25756.791567  -3327.009511  -6552.967423    115.627013  7  5  7  81       
PG16   7897.318380  13842.486854 -21506.966541   -387.328444  7  9  8  71       
PG17   8953.594232 -13505.444152  21501.815206    720.236594  7  3  8  80       
PG18  -8964.609730  14190.702875 -20522.043212   -528.237302  6  5  7  85       
PG19  -1838.248746 -15335.592955  21459.879072    424.367250  8  5  5  66       
PG20  -4734.259755 -19363.888275 -17577.894253    392.313324  7  6  4  85       
PG21  19086.094561  13317.030673  14136.306847    138.898434  9  8  6  75       
PG22   7586.919772 -22514.999568  12602.086974     50.952086  7  3  4  69       
PG23 -16545.090703  20277.018164  -3873.818094    132.293042  6  6  8  81       
PG24 -19058.037312 -10164.068022  15314.782125   -410.812799  7  7  5  44       
PG25 -19094.694891  14649.705173  10588.211167    484.692173  5  5  7  57       
PG26   1315.765026  21066.535917 -16039.824272    201.762716  5  6  6  81       
PG28   3813.726198  24023.880843  10644.888179    -94.115816  5  6  7  54       
PG29 -22500.496287   5352.683821 -13194.179907   -608.906034  9  5  6 109       
PG30   2354.292128 -21527.120399 -15076.590750   -447.351216  9  8  8  83       
PG31   9453.980467  24511.036586   1644.815240   -227.205491  6  5  4  39       
PG32  -4078.653228  14919.881977  21768.016017   -603.849127  5  5  4  77       
*  2024  1 10  1  0  0.00000000
PG01  17004.738119   4859.460129  19583.346310    165.688170  5  5  6  81       
PG02  19533.956929  10246.146851  15469.672047   -503.193095  4  6  5  47       
PG03  17154.296498  -2534.525715  19943.543556    115.364849  6  5  7  94       
PG04  26596.089340   1394.883426   -216.140013    262.026347  9  8  7 101       
PG05 -11961.341715  -9465.356376 -21914.569203   -157.381341  7  9  5  93       
PG06  -4558.864428 -23789.233521  10844.707035    450.083182  5  3  6  67       
PG07  11315.992036 -10646.497685 -21010.144592    -33.448295  8  7  5  44       
PG08  24728.759907   5830.877630  -8534.078132   -161.320802 10  6  5  88       
PG09  22607.502111  -8097.251044 -11500.296096     53.829292  4  7  3  86       
PG10  -9838.150278  23796.863788   5956.473337    -68.718620  4  5  6  82       
PG11 -11754.619518 -23846.312671   -238.232500   -534.036912  6  6  6  24       
PG12 -17604.755057   1362.659202  19536.141123   -466.296933  7  5  5  56       
PG13 -17573.536720 -13373.329593 -15117.160563    614.300303  5  6  7  86       
PG14  12985.492964 -22954.852788   2176.753202    294.418077  7  4  7  62       
PG15 -24947.540606  -3686.039847  -9150.462680    115.630509  6  5  7  74       
PG16   6374.201141  15642.087813 -20712.434256   -387.321544  7  8  8  70       
PG17  11245.670966 -13177.432408  20604.206049    720.236091  6  3  8  92       
PG18 -10070.903642  12059.428682 -21370.189329   -528.245709  6  6  7  98       
PG19    639.768412 -14944.303097  21768.647174    424.371851  7  5  4  63       
PG20  -3820.694562 -21055.507132 -15784.490812    392.311624  6  5  4  91       
PG21  19706.678849  14560.811505  11871.972069    138.897416  9  7  6  57       
PG22   8499.199000 -23367.151384  10172.415120     50.946330  7  2  4  72       
PG23 -16410.357209  19645.165549  -6688.155000    132.299661  7  6  8  99       
PG24 -19761.417341 -11718.422679  13266.009596   -410.819391  7  7  4  40       
PG25 -18564.656328  13321.475570  12970.295471    484.693387  6  4  7  62       
PG26    259.687447  22448.135814 -14045.113046    201.759601  6  6  6  71       
PG28   2973.230181  22935.285885  13038.738279    -94.125871  5  5  7  68       
PG29 -23825.857298   4999.820237 -10785.541405   -608.905726  9  4  5 119       
PG30   3399.299431 -19960.824887 -16928.958615   -447.347154  9  9  8  94       
PG31   9014.976871  24301.729493   4481.526732   -227.205882  6  5  3  44       
PG32  -6497.528457  14756.324098  21263.352042   -603.851813  5  5  5  68       
*  2024  1 10  1 15  0.00000000
PG01  18015.988722   6820.469486  18093.096533    165.689058  4  5  6  82       
PG02  20311.079470  11606.909274  13303.762734   -503.188087  3  6  4  67       
PG03  16051.190027   -437.371966  20993.307150    115.388335  6  4  6  96       
PG04  26453.653146   1626.191078   2634.498201    262.035129  8  8  7  90       
PG05 -10826.248811 -11627.647618 -21447.525274   -157.383019  7  9  5  63       
PG06  -3746.837952 -22675.180383  13291.874178    450.071446  4  2  5  69       
PG07  12638.713929  -8489.964135 -21273.774200    -33.456802  7  7  4  88       
PG08  23640.102350   6085.505669 -11052.756918   -161.321576 10  6  5  52       
PG09  23774.334187  -7909.169559  -8990.563200     53.840234  3  7  3  77       
PG10 -10268.516980  24126.811728   3101.253297    -68.719763  4  4  6  66       
PG11 -11482.776633 -23838.727850   2620.472080   -534.049778  6  5  6  68       
PG12 -16390.530043   -656.572921  20591.889909   -466.300444  7  5  5  83       
PG13 -15772.983225 -13274.889486 -17069.833317    614.303612  5  6  7  94       
PG14  13294.523305 -22868.236028   -659.727493    294.427317  7  5  7  53       
PG15 -23880.679740  -4122.610312 -11595.146986    115.633713  5  5  7  91       
PG16   5006.830108  17434.431267 -19568.110688   -387.314477  7  8  8  87       
PG17  13434.382017 -12982.527735  19366.019055    720.234764  6  4  8  85       
PG18 -11326.581568   9926.663200 -21849.138747   -528.254101  7  6  7  76       
PG19   3152.161388 -14683.507430  21696.550208    424.376534  7  5  4  70       
PG20  -3069.694606 -22585.584484 -13720.383251    392.310243  6  5  4  22       
PG21  20244.067900  15558.170445   9417.935874    138.896671  9  7  6  55       
PG22   9206.448240 -24037.144170   7573.575396     50.940402  6  2  5  55       
PG23 -16161.785277  18730.127140  -9386.034008    132.306282  8  6  8 105       
PG24 -20396.659204 -13032.640124  10988.104394   -410.825910  7  7  4  63       
PG25 -17975.305565  11739.900322  15121.800311    484.694615  6  4  7  45       
PG26   -629.063396  23663.854713 -11806.547322    201.756487  6  6  6  77       
PG28   1939.715600  21672.851927  15207.920273    -94.135938  5  5  7  25       
PG29 -24886.523477   4739.779015  -8192.671349   -608.905413  9  5  5 105       
PG30   4612.770938 -18278.343455 -18484.443900   -447.343062  9  9  8  92       
PG31   8410.384615  23834.468657   7238.824210   -227.205907  6  5  3           
PG32  -8847.162531  14718.980991  20397.918301   -603.854507  5  4  5  39       
*  2024  1 10  1 30  0.00000000
PG01  19032.795154   8558.293374  16286.804668    165.689887  3  4  6  68       
PG02  21002.288358  12728.796794  10917.757706   -503.183165  4  6  4           
PG03  15021.773479   1805.704208  21676.501252    115.411782  5  4  6  80       
PG04  26004.529135   1875.579891   5440.170675    262.043977  8  8  7  74       
PG05  -9837.662290 -13782.129469 -20616.824176   -157.384125  7  8  5  72       
PG06  -2728.448001 -21387.790935  15510.023931    450.059809  4  2  5  83       
PG07  14067.242139  -6397.696007 -21154.384833    -33.465460  7  7  4  77       
PG08  22295.443599   6424.114566 -13386.178870   -161.323124  9  6  5  19       
PG09  24659.019376  -7754.570046  -6327.128095     53.851154  3  7  3  88       
PG10 -10537.536397  24183.338448    191.725360    -68.720595  4  2  6  86       
PG11 -11045.001306 -23570.885821   5434.225108   -534.062563  6  5  6  55       
PG12 -15231.980887  -2822.957409  21283.837446   -466.303931  7  6  5  78       
PG13 -13767.279819 -13260.205629 -18735.447838    614.306956  6  6  6  88       
PG14  13458.115079 -22512.497672  -3484.719573    294.436521  7  4  7  78       
PG15 -22583.119490  -4663.680860 -13847.000945    115.637308  5  5  6  58       
PG16   3808.082525  19174.122855 -18091.670479   -387.307790  7  8  8  59       
PG17  15476.091260 -12906.403954  17807.336558    720.234093  5  4  8  85       
PG18 -12712.758796   7838.767131 -21951.163129   -528.262470  7  7  7  86       
PG19   5648.163637 -14557.097088  21243.764562    424.381274  6  5  4  72       
PG20  -2467.164441 -23914.544656 -11421.306724    392.308141  5  4  4  60       
PG21  20659.188363  16310.560208   6813.191821    138.895393  9  7  5  53       
PG22   9725.627419 -24489.328792   4848.314676     50.934341  6  2  5  38       
PG23 -15839.975814  17531.741402 -11920.536312    132.312929  8  6  8 105       
PG24 -20925.730706 -14102.425177   8521.513914   -410.832536  8  7  4  66       
PG25 -17366.363885   9920.812515  17004.069997    484.695898  6  4  7  57       
PG26  -1363.154300  24675.306982  -9362.340295    201.753375  5  5  6  59       
PG28    706.473854  20278.659448  17115.001528    -94.145974  5  5  7  49       
PG29 -25658.807374   4539.524468  -5459.835290   -608.905244  8  4  6  90       
PG30   5991.052124 -16524.218242 -19716.107529   -447.338925  9  8  7  95       
PG31   7616.096360  23138.243159   9867.666863   -227.206133  6  5  3  34       
PG32 -11081.609648  14795.620337  19185.590783   -603.857162  5  4  6  50       
*  2024  1 10  1 45  0.00000000
PG01  20012.705212  10052.803246  14197.396219    165.690743  3  5  6  65       
PG02  21566.260597  13611.204065   8350.410568   -503.178083  4  6  5  54       
PG03  14096.222832   4153.486234  21981.392910    115.435190  5  3  5  64       
PG04  25259.208334   2179.481589   8152.981014    262.052773  8  8  7  91       
PG05  -9003.745651 -15881.386303 -19436.084780   -157.385262  6  8  4  81       
PG06  -1497.092719 -19971.754674  17461.267684    450.048138  4  2  4  69       
PG07  15571.890094  -4410.845147 -20655.724165    -33.473849  7  6  3  48       
PG08  20724.023620   6874.095990 -15495.004446   -161.324140  9  6  5  58       
PG09  25247.850883  -7597.338936  -3555.438911     53.862126  4  7  3  82       
PG10 -10678.466083  23945.529053  -2721.151783    -68.721633  4  2  6  72       
PG11 -10414.545362 -23069.899091   8154.778430   -534.075293  6  4  6  58       
PG12 -14161.364763  -5098.047042  21599.668856   -466.307443  7  5  5  95       
PG13 -11594.210432 -13353.952324 -20086.003047    614.310297  6  5  6  68       
PG14  13510.274702 -21875.378025  -6249.041633    294.445761  7  5  6  71       
PG15 -21087.432782  -5331.034345 -15869.408148    115.640598  4  5  6 100       
PG16   2782.868814  20814.877138 -16306.560941   -387.300775  7  7  9  86       
PG17  17331.060959 -12927.662881  15953.408284    720.233078  6  5  8  91       
PG18 -14203.077459   5838.444391 -21675.063348   -528.270918  8  7  7  86       
PG19   8077.044319 -14560.611174  20417.291406    424.386250  6  5  4  85       
PG20  -1992.186089 -25007.731370  -8926.896324    392.306499  5  4  5  57       
PG21  20914.673974  16826.978982   4099.140340    138.894681  9  8  5  53       
PG22  10080.219731 -24693.130546   2041.787979     50.928527  6  2  5  54       
PG23 -15485.964559  16058.980544 -14247.661832    132.319591  9  6  7  97       
PG24 -21312.030367 -14931.755707   5909.431919   -410.839163  8  7  3  69       
PG25 -16775.395840   7888.534962  18583.311837    484.697106  6  3  7  47       
PG26  -1961.931944  25448.854894  -6754.579252    201.750232  5  5  6  54       
PG28   -724.940867  18796.852364  18727.058304    -94.156031  5  5  8  54       
PG29 -26127.218655   4362.672633  -2633.695984   -608.904740  8  4  6  91       
PG30   7522.533362 -14742.962233 -20602.839612   -447.334756  8  8  7  88       
PG31   6614.877642  22248.095428  12321.243398   -227.206524  6  5  2  30       
PG32 -13158.256427  14966.682616  17646.156674   -603.859825  5  4  6  40       
*  2024  1 10  2  0  0.00000000
PG01  20911.923437  11293.024721  11862.422383    165.691545  2  5  5  79       
PG02  21963.384847  14261.525825   5643.733732   -503.173243  4  6  4  46       
PG03  13297.652625   6559.935160  21902.952008    115.458629  6  2  5  81       
PG04  24236.529093   2571.697678  10726.594418    262.061553  7  7  6  91       
PG05  -8324.471498 -17878.009109 -17924.837179   -157.386295  6  8  4  99       
PG06    -54.874569 -18473.660586  19112.397647    450.036502  4  2  3  77       
PG07  17117.328905  -2564.597641 -19788.546029    -33.482266  6  6  3  26       
PG08  18961.042499   7457.151529 -17343.475159   -161.325765  9  6  5  50       
PG09  25535.683697  -7400.149648   -722.865559     53.873025  4  7  3  86       
PG10 -10728.490065  23401.166782  -5586.102902    -68.722622  4  2  6  64       
PG11  -9571.089491 -22368.950012  10735.497055   -534.088036  6  5  6  82       
PG12 -13204.487549  -7438.145326  21533.886172   -466.310959  8  5  5  86       
PG13  -9296.378851 -13574.073194 -21098.665794    614.313867  6  5  6  82       
PG14  13487.578410 -20953.031584  -8904.579574    294.455076  7  5  6  71       
PG15 -19430.692534  -6140.340511 -17629.644828    115.644334  4  6  6  88       
PG16   1928.037873  22311.186500 -14241.733397   -387.293658  7  7  9  60       
PG17  18964.769915 -13018.694612  13834.318981    720.232075  6  5  7  86       
PG18 -15764.630756   3963.266154 -21026.151754   -528.279325  8  7  7  87       
PG19  10389.923083 -14681.412877  19230.894103    424.390861  5  5  4  93       
PG20  -1618.027525 -25836.653053  -6280.000812    392.304971  5  4  5  93       
PG21  20976.273298  17123.543909   1319.090265    138.892894  8  8  5  72       
PG22  10299.226118 -24624.286644   -799.100785     50.922973  6  2  5  69       
PG23 -15139.488105  14329.751713 -16327.113352    132.326254  9  6  7 107       
PG24 -21521.841686 -15532.445997   3197.011805   -410.845762  8  7  3  60       
PG25 -16236.221351   5675.119359  19831.277735    484.698337  6  3  7  67       
PG26  -2450.488968  25956.938433  -4028.502187    201.747123  5  4  6  66       
PG28  -2344.569595  17271.970657  20016.248783    -94.166109  5  5  8  51       
PG29 -26285.001390   4171.071086    237.465440   -608.904432  7  4  6  93       
PG30   9187.945808 -12977.405866 -21129.715215   -447.330610  8  8  6  86       
PG31   5397.289618  21203.683621  14555.890077   -227.206648  5  5  2  75       
PG32 -15039.279607  15206.060707  15805.047216   -603.862482  5  4  7  69       
*  2024  1 10  2 15  0.00000000
PG01  21687.054599  12277.271330   9323.306798    165.692331  2  5  5  61       
PG02  22157.319430  14694.781040   2842.419766   -503.168178  4  6  4  28       
PG03  12641.273940   8975.810174  21442.922083    115.482038  6  2  5  78       
PG04  22963.001269   3081.911542  13117.011732    262.070300  7  7  6  77       
PG05  -7791.733280 -19726.256632 -16108.240005   -157.388020  6  7  4 101       
PG06   1587.306467 -16940.231405  20435.431948    450.024828  4  2  3  80       
PG07  18663.968289   -886.999063 -18570.264878    -33.490662  6  6  3  56       
PG08  17046.462300   8188.300169 -18899.991908   -161.327507  8  7  6  57       
PG09  25526.071766  -7126.079965   2122.093968     53.883943  4  7  3  92       
PG10 -10727.064867  22547.354091  -8352.499313    -68.724146  4  2  6  67       
PG11  -8501.713881 -21505.952740  13132.149704   -534.100851  6  5  5  83       
PG12 -12379.744493  -9795.858048  21087.907015   -466.314176  8  5  5  91       
PG13  -6919.785321 -13931.012978 -21756.135602    614.317372  6  5  6  91       
PG14  13427.567786 -19750.300685 -11405.153182    294.464319  7  5  6  69       
PG15 -17653.174360  -7100.451822 -19099.307595    115.647667  5  6  6  80       
PG16   1232.595648  23620.002724 -11931.269306   -387.286761  7  7  8  66       
PG17  20349.061867 -13146.775757  11484.589318    720.231445  7  6  7  91       
PG18 -17359.146622   2244.407707 -20016.122553   -528.287733  8  7  7  90       
PG19  12541.527190 -14899.213726  17704.896239    424.395473  5  6  4  94       
PG20  -1313.371797 -26380.000888  -3525.950754    392.303030  5  4  5  83       
PG21  20814.179115  17222.828741  -1482.271707    138.892689  8  8  5  48       
PG22  10415.944251 -24265.883204  -3626.409474     50.916685  5  3  5  66       
PG23 -14837.316294  12370.352749 -18123.007136    132.332946  8  5  7  96       
PG24 -21525.663084 -15923.430065    430.583180   -410.852393  8  7  3  80       
PG25 -15777.494745   3319.264276  20725.826359    484.699538  6  2  6  56       
PG26  -2858.488295  26179.187805  -1231.696076    201.743942  5  3  6  85       
PG28  -4134.235586  15747.279808  20960.298207    -94.176051  6  5  8  80       
PG29 -26134.351634   3926.451710   3104.557181   -608.903813  6  4  7  72       
PG30  10960.969385 -11267.131276 -21288.226312   -447.326445  8  8  6  77       
PG31   3962.291997  20047.662775  16531.944974   -227.206841  5  5  1  76       
PG32 -16692.939630  15482.147678  13692.973204   -603.865161  5  5  7  57       
*  2024  1 10  2 30  0.00000000
PG01  22296.815172  13012.918730   6624.551503    165.693158  2  5  5           
PG02  22116.469041  14932.957617     -6.799480   -503.163340  4  5  4  14       
PG03  12133.881898  11350.415735  20609.762472    115.505447  6  2  5  68       
PG04  21471.851018   3734.358847  15283.307050    262.079125  6  6  6  73       
PG05  -7389.771677 -21383.672310 -14016.705214   -157.388869  6  7  4  77       
PG06   3410.001144 -15416.572952  21408.065654    450.013172  3  3  3  84       
PG07  20169.502887    601.896735 -17024.475799    -33.498878  5  6  3  55       
PG08  15023.638374   9075.132256 -20137.642464   -161.329792  8  7  6  70       
PG09  25231.084489  -6740.223794   4930.632270     53.894871  5  7  3  81       
PG10 -10714.166867  21390.769562 -10971.324191    -68.725093  5  3  6  87       
PG11  -7201.588077 -20522.047132  15303.657943   -534.113671  6  5  5  67       
PG12 -11697.478689 -12121.798951  20270.019546   -466.317816  7  5  5  79       
PG13  -4512.281655 -14427.234559 -22046.932760    614.320668  7  5  6  87       
PG14  13367.116522 -18280.654980 -13707.344795    294.473587  6  5  5 121       
PG15 -15796.969091  -8212.950888 -20254.680085    115.651321  6  7  5  71       
PG16    678.237432  24702.367261  -9413.898622   -387.279895  7  6  8  60       
PG17  21463.083513 -13275.371569   8942.709731    720.230375  7  6  6  73       
PG18 -18944.383596    705.644133 -18662.815126   -528.296134  7  7  7  84       
PG19  14491.816901 -15186.927775  15865.840802    424.400255  5  6  3  97       
PG20  -1043.718281 -26624.403077   -711.793235    392.300921  5  4  5  75       
PG21  20404.238020  17152.980754  -4259.446668    138.891070  8  8  5  22       
PG22  10466.570857 -23609.148774  -6391.914318     50.910901  5  3  5  98       
PG23 -14611.718113  10214.605199 -19604.496669    132.339633  8  5  7  99       
PG24 -21299.368135 -16129.800744  -2343.115408   -410.859035  8  7  3  53       
PG25 -15421.513574    864.958052  21251.350597    484.700761  6  2  6  70       
PG26  -3218.791616  26103.269113   1586.768033    201.740805  5  3  6  59       
PG28  -6068.054142  14263.161746  21542.887487    -94.186104  5  5  8  69       
PG29 -25686.306518   3592.093334   5918.500869   -608.903728  5  5  7  59       
PG30  12809.126052  -9647.056591 -21076.387927   -447.322301  7  7  6  67       
PG31   2317.498395  18823.954847  18214.516059   -227.206988  6  4     75       
PG32 -18094.659446  15759.117005  11345.464300   -603.867821  5  5  7  86       
*  2024  1 10  2 45  0.00000000
PG01  22703.647353  13515.839118   3812.920605    165.693956  3  5  5  49       
PG02  21815.325252  15004.093376  -2855.853638   -503.158344  4  5  4  19       
PG03  11773.691207  13633.405019  19418.464834    115.528834  6  2  5  76       
PG04  19801.821474   4546.707280  17188.317444    262.087923  5  5  5  79       
PG05  -7095.902337 -22812.596907 -11685.432871   -157.390253  5  6  4  69       
PG06   5385.789626 -13944.505170  22014.022149    450.001535  3  3  3  81       
PG07  21590.552999   1890.529399 -15180.362114    -33.507235  5  6  3  55       
PG08  12937.826680  10117.339666 -21034.670382   -161.331346  8  7  7  76       
PG09  24670.808022  -6211.234872   7654.463089     53.905748  5  6  3  74       
PG10 -10728.515188  19947.545307 -13396.116574    -68.726419  5  3  5  83       
PG11  -5674.353205 -19459.982388  17212.791783   -534.126425  6  5  5  53       
PG12 -11159.682952 -14366.377646  19095.196059   -466.321298  7  5  5  73       
PG13  -2121.958536 -15057.039853 -21965.605610    614.323983  6  5  6  85       
PG14  13340.835036 -16565.799235 -15771.273367    294.482791  6  5  5 100       
PG15 -13904.551170  -9471.961352 -21077.039545    115.654894  6  7  5  64       
PG16    240.181927  25524.924748  -6732.410663   -387.272957  7  6  8  67       
PG17  22293.976553 -13365.600331   6250.607187    720.229753  7  7  6  85       
PG18 -20475.684158   -637.359646 -16989.876653   -528.304522  7  7  6  84       
PG19  16207.409569 -15511.822343  13746.015328    424.404752  5  6  3  93       
PG20   -772.901802 -26564.888832   2114.494698    392.299463  4  4  5  87       
PG21  19728.999817  16946.638303  -6966.726604    138.889973  8  8  5           
PG22  10488.674404 -22653.967820  -9047.904657     50.905090  5  3  5  78       
PG23 -14489.122170   7902.700277 -20746.298464    132.346293  8  5  7  96       
PG24 -20825.158899 -16181.647035  -5077.677316   -410.865666  8  7  4  65       
PG25 -15183.309192  -1640.094394  21399.059643    484.701997  6  2  5  80       
PG26  -3565.947649  25725.424031   4377.245097    201.737673  5  3  5  44       
PG28  -8113.246485  12855.629655  21753.938332    -94.196142  6  5  8  64       
PG29 -24960.308236   3134.430518   8631.059188   -608.903383  4  5  7  72       
PG30  14694.919998  -8146.225363 -20498.719735   -447.318145  7  7  6  66       
PG31    479.072506  17575.982927  19574.143584   -227.207039  6  4     66       
PG32 -19227.844575  15998.389647   8802.315290   -603.870509  5  5  6  86       
*  2024  1 10  3  0  0.00000000
PG01  22875.176816  13809.527697    936.618298    165.694745  3  5  5  56       
PG02  21235.617566  14941.118998  -5656.089882   -503.153424  4  5  4  51       
PG03  11550.523667  15776.567705  17890.249883    115.552268  7  2  5  39       
PG04  17995.773699   5529.189067  18799.273975    262.096763  4  5  4  64       
PG05  -6881.520385 -23981.519372  -9153.859916   -157.391715  5  6  5  33       
PG06   7480.167184 -12561.037533  22243.301155    449.989890  4  4  4  81       
PG07  22884.327965   2975.975888 -13072.014424    -33.515744  5  5  3  43       
PG08  10834.618676  11306.543164 -21574.877280   -161.333365  8  7  7  79       
PG09  23872.548909  -5512.742036  10246.649987     53.916613  5  6  3  66       
PG10 -10805.846517  18242.766488 -15583.870337    -68.728403  5  4  5  76       
PG11  -3932.181318 -18362.452310  18826.800575   -534.139202  5  5  5  66       
PG12 -10760.055134 -16481.594711  17584.771683   -466.324981  7  5  5  76       
PG13    204.478624 -15806.703188 -21512.853036    614.327652  6  5  6 100       
PG14  13379.577690 -14634.965649 -17561.298693    294.492095  5  5  5  86       
PG15 -12017.349321 -10864.226393 -21552.904093    115.658365  6  7  5  90       
PG16   -111.717945  26061.255507  -3932.961278   -387.266072  7  5  8  76       
PG17  22837.295224 -13377.811888   3453.045865    720.228850  7  7  6  86       
PG18 -21907.625501  -1777.440638 -15026.331789   -528.312909  6  7  6  84       
PG19  17662.740900 -15836.917886  11382.852181    424.409461  5  6  2  86       
PG20   -464.671473 -26205.046405   4904.801817    392.297837  4  4  5  85       
PG21  18778.568195  16639.676971  -9558.835969    138.888868  8  8  5  33       
PG22  10519.592356 -21409.085918 -11548.005422     50.899266  5  3  4 113       
PG23 -14489.024227   5479.804720 -21529.111432    132.352999  7  5  6 104       
PG24 -20092.284018 -16112.736968  -7727.734367   -410.872287  7  7  4  94       
PG25 -15070.057419  -4146.192047  21167.110125    484.703206  6  2  4  73       
PG26  -3934.603110  25050.677055   7090.450980    201.734538  5  3  6  79       
PG28 -10231.227025  11555.024106  21589.789817    -94.206102  6  5  8  82       
PG29 -23983.458493   2524.546396  11195.653813   -608.902630  3  5  7  53       
PG30  16577.176890  -6786.846631 -19566.107265   -447.314040  7  6  6  52       
PG31  -1528.729817  16344.946190  20587.340952   -227.207393  6  4     59       
PG32 -20084.409133  16160.233856   6106.944588   -603.873152  5  6  6  78       
*  2024  1 10  3 15  0.00000000
PG01  22785.463876  13923.963005  -1955.524310    165.695551  2  5  5  62       
PG02  20367.225470  14780.498595  -8359.077014   -503.148432  4  5  4  44       
PG03  11446.337034  17735.531592  16052.152704    115.575690  7  3  4  58       
PG04  16099.139807   6684.020505  20088.363770    262.105589  3  4  4  67       
PG05  -6713.346273 -24866.213270  -6465.028601   -157.392952  5  6  5  72       
PG06   9652.702255 -11297.045337  22092.321380    449.978248  4  4  4  73       
PG07  24010.243258   3863.744092 -10737.685184    -33.524054  4  5  3  23       
PG08   8758.358974  12626.428150 -21747.950174   -161.334174  8  8  8  75       
PG09  22869.769110  -4624.579922  12662.418961     53.927519  5  5  3  71       
PG10 -10977.316723  16309.611744 -17495.865277    -68.729393  5  4  5  54       
PG11  -1995.508874 -17270.445743  20117.969051   -534.151973  5  5  5  87       
PG12 -10484.401058 -18422.769484  15765.998416   -466.328263  7  5  6  55       
PG13   2423.287844 -16654.915246 -20695.558365    614.330668  6  5  6  98       
PG14  13509.112699 -12523.919742 -19046.642508    294.501358  5  5  5  85       
PG15 -10174.365233 -12369.451371 -21674.220858    115.661661  5  7  6  61       
PG16   -411.625540  26292.966966  -1064.284077   -387.259128  7  5  8  82       
PG17  23097.128636 -13273.226418    596.964041    720.227831  7  7  6  84       
PG18 -23195.704720  -2715.999688 -12806.068212   -528.321320  6  7  6  82       
PG19  18840.913275 -16122.577910   8818.217385    424.414400  5  6  2  55       
PG20    -84.269492 -25556.870724   7611.675933    392.295777  4  4  4  65       
PG21  17551.217100  16269.818944 -11991.610739    138.887955  8  8  5  17       
PG22  10594.812928 -19891.988480 -13848.014128     50.893122  6  3  4  92       
PG23 -14623.183628   2994.482637 -21939.923883    132.359663  7  6  6  86       
PG24 -19097.502230 -15959.096058 -10249.623392   -410.878911  7  7  5 105       
PG25 -15080.832232  -6603.430679  20560.585868    484.704450  6  1  4  56       
PG26  -4357.903889  24092.698244   9678.400169    201.731373  6  3  6  54       
PG28 -12378.922684  10384.940855  21053.263183    -94.216182  6  5  8  68       
PG29 -22789.490657   1739.491530  13568.160332   -608.902352  3  5  7  64       
PG30  18412.527068  -5583.619921 -18295.549452   -447.309892  6  6  6  45       
PG31  -3674.351225  15168.209476  21237.002588   -227.207461  6  4     62       
PG32 -20664.982974  16205.436833   3305.672744   -603.875876  5  6  6  57       
*  2024  1 10  3 30  0.00000000
PG01  22416.007412  13894.250607  -4814.841419    165.696365  2  5  5  40       
PG02  19208.807820  14560.713279 -10917.447197   -503.143491  4  4  3  13       
PG03  11436.070804  19471.311902  13936.507170    115.599122  7  4  4  47       
PG04  14158.285869   8005.132268  21033.213740    262.114402  3  5  3  66       
PG05  -6554.867672 -25450.613064  -3664.882101   -157.394290  4  6  5  77       
PG06  11858.422410 -10176.195264  21563.957370    449.966568  4  5  5  76       
PG07  24931.428201   4567.238523  -8219.002017    -33.532503  4  5  3  49       
PG08   6750.602888  14053.189483 -21549.705432   -161.334925  7  8  8  65       
PG09  21700.792109  -3533.785587  14859.940644     53.938370  5  5  4  87       
PG10 -11268.098791  14188.169820 -19098.409235    -68.730099  5  4  5  74       
PG11    107.546427 -16221.675151  21064.089543   -534.164705  5  5  5  84       
PG12 -10311.364079 -20150.130076  13671.487877   -466.332057  6  5  6  71       
PG13   4495.166015 -17573.524984 -19526.731275    614.334286  6  5  6  82       
PG14  13749.007652 -10273.720305 -20201.915348    294.510610  4  5  5  73       
PG15  -8410.884386 -13960.899802 -21438.494475    115.665250  5  6  6  88       
PG16   -696.182634  26210.491371   1823.182108   -387.252395  7  5  7  66       
PG17  23085.916370 -13015.575037  -2269.248825    720.226899  7  7  7  98       
PG18 -24297.994847  -3462.734358 -10367.247752   -528.329760  5  7  5  81       
PG19  19734.194636 -16328.220418   6097.604970    424.418876  6  7  2  28       
PG20    400.049508 -24640.307413  10189.103136    392.294040  4  4  4  71       
PG21  16053.741506  15875.147093 -14222.711425    138.886884  8  7  5  57       
PG22  10746.405136 -18128.446660 -15906.736409     50.887218  6  3  3  94       
PG23 -14895.138350    496.996020 -21972.204826    132.366351  6  6  6  99       
PG24 -17845.280842 -15757.532601 -12602.008825   -410.885542  6  6  5 100       
PG25 -15206.709162  -8963.491166  19591.330850    484.705678  6  2  4  69       
PG26  -4865.955236  22873.324705  12095.323526    201.728250  6  4  6  65       
PG28 -14510.273815   9361.431643  20153.613685    -94.226244  6  6  8  55       
PG29 -21417.497731    763.376866  15707.666914   -608.901947  4  6  6  62       
PG30  20156.972907  -4543.367237 -16709.801371   -447.305762  6  6  6  64       
PG31  -5920.020095  14077.875044  21512.671935   -227.207508  6  5  1  63       
PG32 -20978.787138  16096.982654    446.931294   -603.878548  6  6  5   2       
*  2024  1 10  3 45  0.00000000
PG01  21756.471270  13759.105043  -7593.593965    165.697168  3  6  4  38       
PG02  17768.114219  14320.641914 -13285.761639   -503.138461  4  4  4  49       
PG03  11488.772036  20951.649190  11580.341704    115.622598  7  4  4  89       
PG04  12218.845876   9478.222747  21617.287432    262.123242  3  5  3  59       
PG05  -6367.923564 -25727.393417   -801.496803   -157.395508  5  6  5  68       
PG06  14049.375725  -9214.158922  20667.471592    449.954973  4  5  5  81       
PG07  25616.069421   5106.932554  -5560.160958    -33.541110  4  5  3  26       
PG08   4848.671174  15556.275015 -20982.241088   -161.336446  7  9  9  70       
PG09  20407.329062  -2235.320090  16801.067803     53.949207  5  5  4  81       
PG10 -11696.237786  11923.982472 -20363.472968    -68.731530  5  5  5  70       
PG11   2342.064227 -15249.143232  21648.842681   -534.177467  5  4  5  77       
PG12 -10213.446409 -21630.202393  11338.558692   -466.335846  6  5  6  76       
PG13   6386.567412 -18528.556247 -18025.354857    614.337300  6  5  6  92       
PG14  14111.774276  -7929.283476 -21007.540491    294.519877  4  5  4  80       
PG15  -6757.320673 -15606.224742 -20848.854492    115.668639  5  6  6  81       
PG16  -1002.844378  25813.547755   4678.232990   -387.245484  7  5  7  76       
PG17  22823.956409 -12572.681251  -5096.528396    720.226228  7  7  7  78       
PG18 -25176.709820  -4035.055733  -7751.653464   -528.338139  4  7  5  83       
PG19  20344.147692 -16414.077053   3269.257077    424.423448  6  7  3  29       
PG20   1015.615485 -23482.510867  12593.261999    392.292365  4  4  4  66       
PG21  14301.517043  15492.571605 -16212.363233    138.885998  8  7  5  33       
PG22  11001.562411 -16151.737224 -17686.801552     50.881392  6  3  3  80       
PG23 -15300.055259  -1962.449434 -21625.978681    132.373008  6  7  5  92       
PG24 -16347.727284 -15544.160712 -14746.458815   -410.892130  6  6  5  99       
PG25 -15431.208896 -11181.348059  18277.644431    484.706884  6  2  4  69       
PG26  -5484.407701  21421.759507  14298.543440    201.725085  6  4  6  51       
PG28 -16577.859154   8492.508551  18906.370236    -94.236319  6  5  8  54       
PG29 -19910.463653   -411.802891  17577.183712   -608.901518  5  6  6  68       
PG30  21767.478522  -3664.981376 -14836.922669   -447.301615  6  6  6  43       
PG31  -8223.085465  13099.594477  21410.667390   -227.208042  5  5  2  58       
PG32 -21043.177866  15801.668833  -2419.585088   -603.881213  5  7  5  44       
*  2024  1 10  4  0  0.00000000
PG01  20805.113521  13559.228062 -10245.692541    165.697952  4  6  4   9       
PG02  16061.953690  14097.900687 -15421.383208   -503.133215  5  3  4  63       
PG03  11568.953655  22152.086035   9024.699993    115.646023  6  4  4  57       
PG04  10324.089493  11081.134682  21830.187524    262.132128  3  5  3  77       
PG05  -6114.369957 -25698.225373   2075.737226   -157.397353  4  6  5  77       
PG06  16176.308986  -8418.142096  19418.344100    449.943256  5  5  4  90       
PG07  26038.544895   5509.291084  -2807.118233    -33.549580  4  5  3  33       
PG08   3084.357457  17099.406124 -20053.989765   -161.338844  6  9 10  63       
PG09  19032.881342   -732.484437  18452.014259     53.960058  5  4  5  87       
PG10 -12271.811661   9566.375990 -21269.202928    -68.732738  6  5  5  83       
PG11   4667.463174 -14379.902327  21862.080212   -534.190250  5  4  5  75       
PG12 -10158.275568 -22836.944868   8808.506216   -466.339000  6  5  6  63       
PG13   8070.815384 -19481.465529 -16216.135798    614.340558  6  5  6  65       
PG14  14602.305046  -5537.808347 -21450.068762    294.529194  4  5  4  72       
PG15  -5238.233081 -17268.510829 -19914.059349    115.672342  5  6  6  63       
PG16  -1368.156660  25111.239675   7449.885064   -387.238949  7  5  6  75       
PG17  22338.615367 -11917.921156  -7835.956380    720.225461  6  7  7  79       
PG18 -25799.620417  -4457.213598  -5003.983551   -528.346543  4  7  5  47       
PG19  20681.385857 -16342.923911    383.232149    424.428390  5  7  3  53       
PG20   1784.108892 -22116.844255  14783.242213    392.290888  3  4  5  71       
PG21  12318.250655  15156.302912 -17924.112883    138.884821  8  7  5  41       
PG22  11381.323636 -14001.557155 -19155.437368     50.875754  6  3  3  88       
PG23 -15824.918750  -4335.445394 -20907.784832    132.379713  6  7  5  88       
PG24 -14624.259926 -15352.970430 -16647.973278   -410.898751  5  6  6  98       
PG25 -15731.056497 -13216.828725  16643.851707    484.708094  6  2  5  66       
PG26  -6233.230187  19773.481356  16249.284799    201.721937  6  4  6  18       
PG28 -18534.582312   7777.970677  17333.065643    -94.246357  6  6  7   8       
PG29 -18313.653335  -1785.649210  19144.290510   -608.900868  5  7  6  52       
PG30  23203.520432  -2939.687277 -12709.743405   -447.297509  6  6  6  32       
PG31 -10537.540918  12251.666673  20934.068424   -227.208184  5  5  2  58       
PG32 -20882.873106  15291.594590  -5243.807755   -603.883880  5  7  4  47       
*  2024  1 10  4 15  0.00000000
PG01  19568.909485  13335.642383 -12727.375991    165.698813  5  6  3  31       
PG02  14115.808793  13927.208456 -17285.335821   -503.128478  5  3  4  80       
PG03  11638.129232  23056.743816   6313.901065    115.669506  6  5  4  77       
PG04   8513.385505  12784.543125  21667.857697    262.141013  3  5  3  74       
PG05  -5757.762022 -25373.695456   4916.974121   -157.398978  5  6  6  82       
PG06  18190.400233  -7786.745674  17838.003371    449.931528  5  5  5  81       
PG07  26180.314098   5805.494293     -6.796079    -33.558112  3  5  3  37       
PG08   1482.839834  18641.842429 -18779.665370   -161.340943  6 10 10  80       
PG09  17621.081255    962.988989  19783.962090     53.970897  6  4  5  73       
PG10 -12996.432546   7166.652763 -21800.301165    -68.733792  6  6  5  80       
PG11   7038.863306 -13634.054078  21700.005052   -534.203056  5  4  4  90       
PG12 -10110.060061 -23752.587593   6125.813243   -466.342779  6  5  6  36       
PG13   9528.963612 -20390.597769 -14129.156851    614.343834  6  5  6  86       
PG14  15217.622172  -3147.126279 -21522.380516    294.538496  3  5  4  67       
PG15  -3871.548409 -18907.495765 -18648.433701    115.675734  6  5  7  54       
PG16  -1826.050799  24121.776143  10088.384028   -387.231907  6  5  6  73       
PG17  21663.262955 -11031.501866 -10439.614384    720.224985  6  7  7  28       
PG18 -26141.269074  -4759.164874  -2171.103344   -528.354957  3  6  4  70       
PG19  20764.969365 -16081.709924  -2509.555159    424.432684  5  6  3  57       
PG20   2720.541801 -20581.658487  16721.717553    392.289076  3  4  5  80       
PG21  10135.413972  14896.389220 -19325.587424    138.883403  8  7  5  14       
PG22  11899.531030 -11722.668049 -20285.182345     50.869636  6  3  4  74       
PG23 -16449.047631  -6577.042526 -19830.525483    132.386358  6  8  4  82       
PG24 -12701.031850 -15214.491473 -18275.462916   -410.905328  4  6  6  95       
PG25 -16077.218344 -15035.961977  14719.764829    484.709332  6  3  5  81       
PG26  -7125.723039  17968.911421  17913.402246    201.718770  5  4  6  46       
PG28 -20335.354869   7209.559201  15460.862142    -94.256443  6  6  7  14       
PG29 -16672.922558  -3349.165374  20381.710816   -608.900555  5  7  5  72       
PG30  24428.540703  -2351.601133 -10365.259738   -447.293381  6  6  5  52       
PG31 -12815.671983  11544.454005  20092.568087   -227.208208  5  6  3  63       
PG32 -20528.889096  14545.457634  -7976.206942   -603.886564  5  7  3  75       
*  2024  1 10  4 30  0.00000000
PG01  18063.369565  13128.039520 -14997.841415    165.699699  6  6  2   6       
PG02  11963.098080  13838.847596 -18843.127883   -503.123590  5  3  4  70       
PG03  11656.462231  23658.773166   3494.753669    115.692948  6  5  4  56       
PG04   6820.819748  14552.930839  21132.678949    262.149882  4  5  3  62       
PG05  -5264.985440 -24772.886814   7672.793216   -157.400169  5  6  6  90       
PG06  20044.981417  -7310.161988  15953.463013    449.919815  5  6  5  78       
PG07  26030.540643   6030.017174   2793.685026    -33.566589  3  5  4  55       
PG08     61.842113  20139.847295 -17180.098141   -161.341219  6 11 10  67       
PG09  16214.035549   2831.175774  20773.584972     53.981741  6  4  5  78       
PG10 -13863.107477   4776.219712 -21948.265879    -68.735018  6  6  5  82       
PG11   9408.618373 -13024.027754  21165.245152   -534.215703  5  5  4  82       
PG12 -10031.171961 -24368.147845   3337.320661   -466.346300  6  5  6  76       
PG13  10750.371278 -21212.788525 -11799.432193    614.347037  6  5  6  82       
PG14  15946.946761   -804.038351 -21223.773513    294.547764  3  5  4  70       
PG15  -2668.018748 -20480.933955 -17071.735171    115.679029  6  5  7  45       
PG16  -2406.232182  22871.820682  12546.208436   -387.224726  6  5  5  68       
PG17  20835.964521  -9901.501638 -12861.456105    720.224343  6  7  7  66       
PG18 -26183.939144  -4975.229303    698.733185   -528.363409  3  6  4  42       
PG19  20621.471080 -15603.014345  -5358.298470    424.437306  5  6  3  51       
PG20   3832.492846 -18918.895083  18375.563698    392.287240  3  4  5  68       
PG21   7791.362592  14737.379878 -20389.236224    138.882601  8  7  5  74       
PG22  12562.076554  -9363.319040 -21054.512492     50.863773  6  4  4  80       
PG23 -17144.917580  -8647.270390 -18413.207120    132.393017  6  8  4  81       
PG24 -10610.128117 -15154.593614 -19602.178331   -410.911924  4  5  6 107       
PG25 -16436.168017 -16612.066189  12540.053102    484.710541  6  4  5  63       
PG26  -8167.813055  16051.894409  19262.006906    201.715627  5  5  7  44       
PG28 -21938.711204   6771.434100  13322.078826    -94.266526  7  6  7  44       
PG29 -15033.012411  -5084.897841  21267.801555   -608.900212  6  7  5  77       
PG30  25411.249046  -1878.561001  -7843.972287   -447.289251  6  6  5  17       
PG31 -15009.758227  10980.134097  18902.201501   -227.208544  5  6  3  33       
PG32 -20017.227496  13549.603008 -10568.709047   -603.889153  4  6  2  60       
*  2024  1 10  4 45  0.00000000
PG01  16312.062482  12973.197972 -17019.822470    165.700591  6  6     55       
PG02   9644.105632  13857.289517 -20065.515250   -503.118571  5  4  5  66       
PG03  11584.464350  23960.464745    615.739923    115.716428  5  5  4  72       
PG04   5274.020900  16345.816025  20233.456940    262.158733  4  5  3  81       
PG05  -4607.770373 -23922.635290  10295.086399   -157.401447  5  6  6  71       
PG06  21697.187497  -6970.698050  13796.870106    449.908086  5  6  5  67       
PG07  25586.434471   6219.121251   5547.738483    -33.574866  3  5  4  60       
PG08  -1168.918183  21548.301239 -15281.954590   -161.343754  5 11 10  73       
PG09  14850.736781   4844.522747  21403.476879     53.992572  5  4  5  84       
PG10 -14856.461184   2444.732009 -21711.490532    -68.736424  6  6  5  75       
PG11  11727.960692 -12554.165189  20266.819374   -534.228437  5  4  3  86       
PG12  -9883.790652 -24683.607987    491.376511   -466.349713  6  5  6  65       
PG13  11732.966292 -21905.053881  -9266.368187    614.350193  6  5  6  64       
PG14  16772.083171   1447.295091 -20559.937634    294.557034  2  5  4  68       
PG15  -1630.936234 -21946.059540 -15208.946186    115.682410  6  5  7  53       
PG16  -3132.736914  21395.491528  14779.040213   -387.217999  6  5  4  74       
PG17  19897.976954  -8524.621976 -15058.180488    720.223241  6  7  6  72       
PG18 -25918.343300  -5142.583796   3556.680806   -528.371891  3  5  4  50       
PG19  20283.755582 -14886.273313  -8113.245573    424.442326  4  5  3  87       
PG20   5119.625462 -17172.564217  19716.411895    392.285668  2  4  5  69       
PG21   5330.157770  14697.176217 -21093.033222    138.881212  8  7  6  50       
PG22  13366.477583  -6973.509264 -21448.360948     50.858422  6  4  4  85       
PG23 -17879.255092 -10512.459577 -16680.582393    132.399666  5  8  5  72       
PG24  -8388.563236 -15193.462190 -20606.088251   -410.918474  3  5  6 107       
PG25 -16771.324307 -17926.539700  10143.540792    484.711752  6  4  5  73       
PG26  -9357.659343  14068.058783  20271.979168    201.712469  5  5  7  64       
PG28 -23308.292817   6440.953156  10953.629340    -94.276642  7  6  6  72       
PG29 -13435.894019  -6967.410462  21786.948666   -608.899548  6  7  5  86       
PG30  26126.727157  -1493.193110  -5189.179986   -447.285122  6  7  5  24       
PG31 -17073.761083  10552.789849  17384.962533   -227.208835  5  6  4  46       
PG32 -19387.365032  12298.777069 -12975.597844   -603.891809  4  6  2  48       
*  2024  1 10  5  0  0.00000000
PG01  14345.863236  12903.524446 -18760.113691    165.701607  6  6     61       
PG02   7204.612835  14000.049956 -20929.178502   -503.113385  4  4  5  66       
PG03  11384.676773  23973.020144  -2273.817055    115.739960  5  5  4           
PG04   3893.240065  18119.187147  18985.298643    262.167551  4  5  4  79       
PG05  -3764.025047 -22856.486757  12737.933972   -157.402596  5  5  6  89       
PG06  23109.471059  -6743.605246  11404.971953    449.896340  5  5  5  64       
PG07  24853.310683   6409.314481   8210.001557    -33.583553  3  6  4  59       
PG08  -2207.968112  22822.402510 -13117.341321   -161.346106  5 11 10  82       
PG09  13565.605308   6968.715394  21662.476995     54.003450  5  4  5  80       
PG10 -15953.307656    218.328291 -21095.223595    -68.738353  6  6  6  77       
PG11  13948.696628 -12220.628623  19019.995179   -534.241244  5  4  3  85       
PG12  -9631.541486 -24707.755599  -2363.019078   -466.353111  6  6  5  46       
PG13  12483.181786 -22426.304258  -6573.134223    614.353643  6  5  7  78       
PG14  17668.101336   3566.851726 -19542.819475    294.566288  2  5  4  77       
PG15   -756.120323 -23261.101272 -13089.986438    115.685913  6  5  7  24       
PG16  -4022.724013  19733.053475  16746.673659   -387.210893  6  5  3  73       
PG17  18892.103689  -6906.611551 -16990.085973    720.222666  6  7  6  82       
PG18 -25344.006079  -5299.652466   6354.107707   -528.380335  3  5  4  57       
PG19  19789.526913 -13918.727029 -10726.604347    424.447015  3  5  3  58       
PG20   6573.508851 -15387.153835  20721.130167    392.283934  1  5  5  76       
PG21   2800.121576  14786.128948 -21421.113218    138.880693  8  7  5  69       
PG22  14301.808815  -4603.160891 -21458.510172     50.851958  6  5  5  59       
PG23 -18614.358956 -12146.318291 -14662.700540    132.406300  5  8  5  78       
PG24  -6077.111068 -15344.782086 -21270.205371   -410.925035  2  5  6 102       
PG25 -17044.599434 -18969.329958   7572.451739    484.712970  6  5  5  77       
PG26 -10685.584799  12063.125534  20926.357881    201.709315  4  5  7  71       
PG28 -24414.144946   6189.722079   8396.379836    -94.286745  7  6  5  54       
PG29 -11919.227810  -8964.075670  21929.860362   -608.899331  6  7  4  82       
PG30  26557.296833  -1164.170142  -2446.241982   -447.281031  6  7  5  49       
PG31 -18964.931396  10248.826282  15568.322695   -227.208976  5  7  4  62       
PG32 -18680.607033  10796.551714 -15154.378806   -603.894482  5  5  3  70       
*  2024  1 10  5 15  0.00000000
PG01  12201.953100  12945.766039 -20190.038968    165.702635  6  6     70       
PG02   4694.283266  14276.831233 -21417.289948   -503.108372  4  4  5  59       
PG03  11023.269960  23715.995578  -5124.587366    115.763441  4  4  4  38       
PG04   2690.720686  19827.091114  17409.378421    262.176377  4  5  3  93       
PG05  -2718.932290 -21613.394971  14958.450540   -157.404169  4  5  6  89       
PG06  24250.926387  -6598.183871   8818.509002    449.884531  5  5  5  74       
PG07  23844.371285   6635.833302  10736.979223    -33.591639  3  6  3  67       
PG08  -3061.988982  23919.388333 -10723.294678   -161.347926  6 11 10  87       
PG09  12387.219814   9163.817306  21545.883582     54.014354  5  5  4  81       
PG10 -17123.542259  -1861.972107 -20111.394830    -68.740340  6  5  6  68       
PG11  16024.888586 -12011.635472  17446.039665   -534.254093  5  4  2  79       
PG12  -9241.065327 -24457.698898  -5177.057083   -466.356786  6  6  5  82       
PG13  13015.563491 -22739.015407  -3765.950789    614.356666  5  5  7  83       
PG14  18604.288459   5520.075547 -18190.381673    294.575558  2  6  4  61       
PG15    -32.184637 -24386.797854 -10749.342005    115.689253  6  5  7  80       
PG16  -5085.560024  17929.357578  18413.836045   -387.204111  6  6  3  92       
PG17  17860.973202  -5062.333982 -18621.884061    720.221764  6  7  5  64       
PG18 -24469.326603  -5484.452970   9043.395887   -528.388759  3  5  4  54       
PG19  19179.709040 -12696.052218 -13153.389782    424.451933  3  5  3  57       
PG20   8177.750190 -13606.028446  21372.224342    392.282111     5  5  83       
PG21    252.171808  15006.435013 -21364.313650    138.879065  8  6  6  71       
PG22  15349.001350  -2300.280535 -21083.839710     50.846086  5  5  5  61       
PG23 -19309.597307 -13530.725387 -12394.375505    132.412922  5  8  5  77       
PG24  -3719.004148 -15615.157677 -21582.857601   -410.931598  2  5  6 110       
PG25 -17217.993517 -19739.071786   4871.619308    484.714185  6  5  5  64       
PG26 -12134.333395  10081.236008  21214.600281    201.706154  4  6  6  83       
PG28 -25233.775607   5984.873969   5694.438634    -94.296849  7  6  4           
PG29 -10514.997608 -11036.154258  21693.751370   -608.898886  6  7  5  64       
PG30  26693.122750   -857.611735    338.180351   -447.276936  6  7  5  51       
PG31 -20645.276187  10047.689928  13484.667438   -227.209304  5  7  5  28       
PG32 -17938.372976   9055.397854 -17066.585989   -603.897164  5  5  4  79       
*  2024  1 10  5 30  0.00000000
PG01   9922.605884  13119.935446 -21285.862389    165.703598  5  6  2  63       
PG02   2164.865697  14688.997129 -21519.947846   -503.103267  4  5  5  81       
PG03  10471.501712  23216.442971  -7888.057050    115.786996  4  4  5  52       
PG04   1670.384378  21423.314451  15532.595641    262.185186  4  5  3  85       
PG05  -1465.761429 -20236.210564  16917.582428   -157.405530  5  5  7  92       
PG06  25098.373785  -6499.120838   6081.542611    449.872750  5  5  5  66       
PG07  22580.224305   6931.197300  13087.639736    -33.600177  3  7  4  66       
PG08  -3745.395739  24800.207200  -8141.161509   -161.351159  6 10 10  96       
PG09  11337.287057  11385.638377  21055.551681     54.025351  4  5  5  60       
PG10 -18331.313241  -3761.648081 -18778.317245    -68.741536  5  5  5  89       
PG11  17914.459547 -11908.011515  15571.867194   -534.266853  5  4  2  86       
PG12  -8683.459661 -23958.082561  -7902.936713   -466.360196  6  6  5  66       
PG13  13352.058563 -22810.789492   -893.304541    614.359945  5  4  7  71       
PG14  19545.331525   7278.987546 -16526.263370    294.584808  1  6  4  85       
PG15    558.918769 -25287.859808  -8225.608008    115.692570  5  5  8  58       
PG16  -6322.239100  16032.097794  19750.895817   -387.197207  6  6  3  83       
PG17  16845.311618  -3015.466024 -19923.449262    720.221604  7  7  4  66       
PG18 -23311.319091  -5732.961268  11578.725846   -528.397203  3  4  4  56       
PG19  18496.728411 -11222.658925 -15352.196158    424.456544  3  5  3  68       
PG20   9908.435398 -11869.876911  21658.151992    392.280551  1  5  6  83       
PG21  -2262.002202  15351.876731 -20920.592643    138.878456  8  6  6  87       
PG22  16481.502421   -109.189859 -20330.416755     50.840343  5  5  5  73       
PG23 -19923.022346 -14656.212868  -9914.581708    132.419567  4  8  5  87       
PG24  -1358.543462 -16003.789749 -21537.901663   -410.938238  1  5  6 109       
PG25 -17255.172007 -20242.898492   2087.679026    484.715401  6  5  6  66       
PG26 -13679.639348   8163.367050  21132.710857    201.702995  4  6  6  66       
PG28 -25752.936469   5790.527413   2894.390283    -94.306971  7  6  4  45       
PG29  -9248.373372 -13140.123739  21082.413382   -608.898576  6  7  5  64       
PG30  26532.530775   -538.573285   3116.889829   -447.272815  6  7  4  53       
PG31 -22082.831868   9922.855441  11170.665372   -227.209530  4  7  5  38       
PG32 -17200.485785   7096.402366 -18678.512112   -603.899895  5  5  5  32       
*  2024  1 10  5 45  0.00000000
PG01   7553.800809  13438.484686 -22029.139491    165.704525  5  5  3  75       
PG02   -331.708436  15229.411273 -21234.458910   -503.098344  4  5  5  94       
PG03   9706.979427  22507.783842 -10517.326856    115.810467  5  2  5  78       
PG04    827.846132  22863.092713  13387.128049    262.193983  4  6  2  89       
PG05     -6.359327 -18770.021280  18580.838661   -157.407186  5  4  7  83       
PG06  25637.163506  -6408.010184   3240.727307    449.860970  5  5  5  39       
PG07  21088.161845   7323.882563  15223.961275    -33.608625  3  7  4  68       
PG08  -4279.598488  25431.072427  -5415.879905   -161.353537  7  9  9 105       
PG09  10429.892042  13587.279027  20199.871806     54.036320  3  5  5  68       
PG10 -19536.420759  -5453.781103 -17120.276495    -68.742190  5  5  5  92       
PG11  19580.658821 -11884.041651  13429.588649   -534.279656  6  3  2  82       
PG12  -7935.538618 -23240.039443 -10494.644231   -466.363669  6  6  5  60       
PG13  13521.009687 -22615.741674   1994.897122    614.363278  5  4  7  75       
PG14  20452.683709   8823.039055 -14579.349591    294.594025  2  7  5  74       
PG15   1041.089763 -25934.322838  -5560.943398    115.695864  5  5  8  60       
PG16  -7725.165145  14089.962678  20734.438615   -387.190210  5  7  3  79       
PG17  15882.283169   -797.828854 -20870.482383    720.220518  7  7  4  79       
PG18 -21895.040349  -6077.556241  13916.834269   -528.405634  3  4  4  61       
PG19  17782.769954  -9511.645282 -17285.881688    424.461481  2  6  3  86       
PG20  11734.864427 -10215.267205  21573.543145    392.278708  1  5  5  82       
PG21  -4691.848521  15807.932100 -20095.295421    138.876692  8  6  6  89       
PG22  17666.271377   1931.095165 -19211.421997     50.834683  5  6  5  56       
PG23 -20413.041049 -15522.122558  -7265.788068    132.426179  4  7  5  74       
PG24    960.337034 -16502.423321 -21134.875041   -410.944805  2  5  6 100       
PG25 -17122.966047 -20495.941876   -731.740442    484.716638  5  6  6  55       
PG26 -15291.081114   6345.896401  20683.241075    201.699856  4  6  5  77       
PG28 -25966.095804   5569.365564     44.487676    -94.317056  7  6  3  13       
PG29  -8136.847765 -15229.205098  20106.168917   -608.898344  6  7  5  68       
PG30  26082.033130   -172.566998   5842.917563   -447.268724  6  7  4  59       
PG31 -23252.700435   9843.035109   8666.585752   -227.209896  4  7  5  70       
PG32 -16503.536915   4948.638345 -19961.844363   -603.902619  6  6  5  72       
*  2024  1 10  6  0  0.00000000
PG01   5143.707351  13905.755378 -22407.006474    165.705459  5  5  4  87       
PG02  -2745.249173  15882.652589 -20565.455070   -503.093395  4  5  5  71       
PG03   8714.680521  21628.460585 -12967.875706    115.834005  5  1  6  68       
PG04    150.759440  24104.781564  11009.887291    262.202782  5  7  2  87       
PG05   1648.702475 -17260.410486  19918.938756   -157.408090  5  4  6  74       
PG06  25861.668771  -6284.999121    344.537997    449.849208  4  5  6  73       
PG07  19401.224726   7837.154568  17111.429916    -33.617044  3  7  4  61       
PG08  -4691.972691  25784.830335  -2595.172455   -161.355614  7  7  9 107       
PG09   9671.058676  15720.790313  18993.629228     54.047265  3  5  5  72       
PG10 -20695.883674  -6919.847073 -15167.021392    -68.743213  5  5  4  46       
PG11  20993.332619 -11908.585752  11055.969123   -534.292399  5  3  2  72       
PG12  -6980.867585 -22339.922287 -12908.683257   -466.367334  6  6  4  68       
PG13  13555.891113 -22135.652924   4848.216893    614.366814  4  4  7  64       
PG14  21286.061428  10139.678220 -12383.258372    294.603286  2  7  5  80       
PG15   1443.027640 -26302.738497  -2800.438591    115.699494  5  6  7  64       
PG16  -9278.304835  12150.764994  21347.696473   -387.183330  5  7  3  93       
PG17  15003.971903   1551.627773 -21445.065097    720.219899  7  6  4  70       
PG18 -20252.724709  -6545.602849  16017.733703   -528.414051  4  4  5  41       
PG19  17078.076612  -7584.418026 -18922.156348    424.466142  2  6  3  48       
PG20  13620.556099  -8673.362718  21119.322644    392.276878  2  5  5  77       
PG21  -6989.861610  16352.267700 -18901.244813    138.875981  7  5  6  62       
PG22  18865.070469   3788.262664 -17746.909284     50.828910  4  6  5  75       
PG23 -20740.078748 -16136.433786  -4493.241281    132.432815  4  7  4  58       
PG24   3195.504561 -17095.572580 -20379.081350   -410.951411  2  5  6  87       
PG25 -16792.740971 -20520.548131  -3538.814227    484.717823  5  6  6  61       
PG26 -16933.181835   4659.373329  19875.165117    201.696725  4  7  5  65       
PG28 -25876.585814   5284.273938  -2806.183367    -94.327146  7  6  3  65       
PG29  -7189.681153 -17255.029493  18781.708002   -608.897921  6  7  5  62       
PG30  25356.062018    272.941124   8470.274742   -447.264609  6  7  4  70       
PG31 -24137.815603   9773.560175   6015.578877   -227.210077  4  7  5  72       
PG32 -15879.396076   2648.213805 -20894.191024   -603.905311  6  6  6  75       
*  2024  1 10  6 15  0.00000000
PG01   2741.091422  14517.725574 -22412.404377    165.706384  5  5  5  86       
PG02  -5029.166789  16625.602683 -19524.836525   -503.088067  4  5  6  89       
PG03   7487.694337  20620.417137 -15198.278558    115.857537  5  1  6  66       
PG04   -380.521261  25111.423699   8441.885155    262.211566  5  7  2  86       
PG05   3480.333044 -15751.704957  20908.362352   -157.408990  5  5  6  82       
PG06  25775.448569  -6090.497427  -2557.536510    449.837402  3  4  6  61       
PG07  17557.086453   8488.095672  18719.489595    -33.625708  3  7  4  56       
PG08  -5014.578121  25842.082822    271.332004   -161.356753  7  6  8 119       
PG09   9058.638406  17738.884843  17457.745965     54.058159  1  5  6  57       
PG10 -21765.609354  -8150.171471 -12953.170450    -68.744513  4  5  3  62       
PG11  22129.950285 -11946.416678   8491.802548   -534.305176  6  2  3  88       
PG12  -5810.537548 -21297.866058 -15104.748255   -466.370703  6  6  4  63       
PG13  13493.835004 -21360.838082   7616.606376    614.370295  4  4  7  80       
PG14  22005.014428  11224.611088  -9975.755370    294.612545  2  7  5  47       
PG15   1796.968887 -26377.150930      8.600392    115.702684  5  7  7  92       
PG16 -10957.702251  10259.632131  21580.821294   -387.176200  5  8  3  86       
PG17  14236.073718   3988.151756 -21636.085961    720.219133  7  6  4  44       
PG18 -18422.657551  -7158.227669  17845.383482   -528.422465  4  5  5  81       
PG19  16419.358340  -5469.999664 -20234.066873    424.470975  2  5  3  58       
PG20  15524.487171  -7268.849253  20302.730131    392.275364  2  5  5  80       
PG21  -9113.400728  16955.605492 -17358.637557    138.875070  7  4  6  65       
PG22  20035.993800   5437.817343 -15963.403912     50.822974  4  6  6  63       
PG23 -20868.173225 -16515.270873  -1644.209722    132.439520  4  7  4  73       
PG24   5308.012371 -17761.020912 -19281.603417   -410.957970  2  5  6  95       
PG25 -16241.585175 -20345.245748  -6286.294488    484.719029  5  6  6  80       
PG26 -18566.708586   3127.539466  18723.639593    201.693592  4  7  4  59       
PG28 -25496.419307   4899.972453  -5608.552249    -94.337261  7  6  4  41       
PG29  -6407.677542 -19169.380346  17131.809393   -608.897549  5  7  5  78       
PG30  24376.423434    827.113046  10954.682812   -447.260521  6  7  4  72       
PG31 -24729.416857   9677.878477   3262.932995   -227.210354  4  6  5  49       
PG32 -15353.928033    237.038056 -21459.487155   -603.907977  6  7  6  72       
*  2024  1 10  6 30  0.00000000
PG01    393.695132  15262.064455 -22044.234486    165.707334  5  5  6  91       
PG02  -7142.180069  17428.380982 -18131.539906   -503.083204  4  5  6  69       
PG03   6027.659375  19527.466488 -17170.869489    115.881061  5  2  6  75       
PG04   -791.986245  25852.149306   5727.521214    262.220378  5  8  3  52       
PG05   5461.473329 -14285.283813  21531.788024   -157.410293  5  5  6  93       
PG06  25391.073062  -5786.885191  -5415.821592    449.825572  3  4  6  80       
PG07  15596.793375   9286.856175  20021.944765    -33.634292  3  7  4  81       
PG08  -5282.678657  25592.013731   3133.029006   -161.359226  6  6  7 124       
PG09   8582.531066  19596.631135  15618.910034     54.069068  2  5  6  78       
PG10 -22702.099624  -9144.037745 -10517.549943    -68.745983  4  6  3  73       
PG11  22976.346170 -11959.728550   5781.213486   -534.317962  5  2  4  70       
PG12  -4423.654479 -20156.235997 -17046.334718   -466.374156  6  6  4  96       
PG13  13374.006588 -20290.689042  10251.333517    614.373228  3  5  6  74       
PG14  22570.509204  12081.750329  -7398.106334    294.621788  3  7  5  42       
PG15   2137.258651 -26149.813836   2817.444239    115.705976  5  7  7  60       
PG16 -12732.328698   8457.335819  21430.999682   -387.169376  5  8  3  74       
PG17  13596.859747   6462.772657 -21439.521447    720.218414  7  6  5  60       
PG18 -16447.828121  -7929.333929  19368.301570   -528.430878  4  6  5  78       
PG19  15838.369840  -3204.054615 -21200.375886    424.475730  2  5  3  54       
PG20  17402.521080  -6019.114561  19137.234929    392.273525  2  5  5  82       
PG21 -11026.326527  17582.933496 -15494.736313    138.873669  7  4  7  77       
PG22  21135.165652   6863.857248 -13893.350623     50.816916  3  6  6  56       
PG23 -20766.439913 -16682.110795   1232.800558    132.446180  4  7  4  45       
PG24   7263.387203 -18470.585257 -17859.237821   -410.964522  2  5  5 109       
PG25 -15453.279727 -20003.508864  -8928.250333    484.720262  5  5  6  62       
PG26 -20150.115998   1766.633275  17249.657370    201.690492  3  7  4  70       
PG28 -24845.783536   4384.577653  -8314.409531    -94.347411  7  6  4  51       
PG29  -5783.300809 -20925.942828  15184.950394   -608.897159  5  7  5  78       
PG30  23171.492351   1514.450621  13254.273390   -447.256390  6  7  3  73       
PG31 -25027.220493   9519.110628    455.320035   -227.210419  4  6  6  72       
PG32 -14945.969504  -2238.642783 -21648.271085   -603.910698  6  7  6  71       
*  2024  1 10  6 45  0.00000000
PG01  -1853.355890  16118.497056 -21307.440613    165.708268  5  5  6  74       
PG02  -9049.795968  18255.585587 -16411.137416   -503.077967  4  4  6  77       
PG03   4344.880809  18393.605796 -18852.341872    115.904596  6  2  6  84       
PG04  -1114.761678  26303.353882   2913.804523    262.229148  5  8  4  60       
PG05   7557.972151 -12898.018021  21778.411392   -157.411606  5  5  6  93       
PG06  24729.616820  -5340.153538  -8181.293778    449.813821  3  4  6  87       
PG07  13563.401202  10236.151437  20997.316004    -33.642590  3  6  4  67       
PG08  -5533.124967  25032.880827   5939.299868   -161.358606  5  7  7 117       
PG09   8225.228616  21253.064568  13509.098984     54.080026  2  5  6  76       
PG10 -23464.126690  -9909.452556  -7902.478964    -68.746906  4  6  3  40       
PG11  23527.147990 -11909.756501   2970.897776   -534.330771  5  2  4  70       
PG12  -2827.529635 -18958.018963 -18701.281095   -466.377643  6  7  4 100       
PG13  13235.894298 -18933.866082  12705.897985    614.376654  3  5  6  74       
PG14  22946.466083  12722.856169  -4694.378339    294.631060  4  7  5  61       
PG15   2498.808727 -25621.609721   5576.798205    115.709382  5  7  7  70       
PG16 -14565.226079   6778.831127  20902.411914   -387.162632  4  8  4  81       
PG17  13096.460367   8924.077231 -20858.560057    720.217662  7  7  5  66       
PG18 -14374.410674  -8864.894714  20560.107461   -528.439189  5  6  6  79       
PG19  15360.707744   -827.676309 -21805.834783    424.480690  2  5  2  61       
PG20  19208.973992  -4933.713281  17642.344595    392.271871  2  4  5  64       
PG21 -12700.370249  18195.009219 -13343.357185    138.872020  7  3  7  77       
PG22  22118.531034   8059.481668 -11574.428110     50.811210  2  6  6  46       
PG23 -20410.353838 -16666.722079   4088.846122    132.452845  4  7  4  48       
PG24   9032.772411 -19191.124932 -16134.344434   -410.971107  3  4  5  88       
PG25 -14419.018097 -19532.364867 -11420.766810    484.721462  5  5  6  16       
PG26 -21641.075628    584.999271  15479.607247    201.687416  3  7  4  83       
PG28 -23952.231514   3711.033881 -10877.235874    -94.357544  7  6  5  53       
PG29  -5301.126923 -22481.991945  12974.811715   -608.896845  6  8  5  76       
PG30  21775.179080   2353.684150  15330.249857   -447.252285  6  7  3  62       
PG31 -25039.287616   9261.606879  -2359.958917   -227.210994  4  5  6  64       
PG32 -14666.607459  -4729.880019 -21457.827142   -603.913388  6  7  5  61       
*  2024  1 10  7  0  0.00000000
PG01  -3959.063307  17059.471553 -20213.013274    165.709182  5  5  6  87       
PG02 -10725.493968  19067.782171 -14395.279678   -503.072896  5  4  7  90       
PG03   2458.124694  17261.341173 -20214.278487    115.928108  6  3  6  87       
PG04  -1383.694317  26449.605784     49.523744    262.237919  6  9  5  58       
PG05   9729.751720 -11620.904267  21644.135741   -157.412924  5  5  6  85       
PG06  23819.837634  -4721.414880 -10806.413313    449.802099  3  4  6  40       
PG07  11500.550525  11331.020903  21629.148100    -33.651284  4  6  4  62       
PG08  -5802.669088  24172.149823   8640.480612   -161.361278  4  7  6 109       
PG09   7962.659296  22672.651411  11165.006986     54.090954  2  4  6  75       
PG10 -24014.316081 -10462.584359  -5153.016501    -68.747019  4  6  3  57       
PG11  23785.874599 -11758.444330    109.315134   -534.343539  5  3  5  53       
PG12  -1037.567118 -17745.216091 -20042.238785   -466.381402  6  7  4  95       
PG13  13117.585987 -17308.125172  14936.913172    614.379849  3  5  6  88       
PG14  23101.192527  13166.885316  -1910.700982    294.640423  4  7  5  26       
PG15   2915.502758 -24802.143961   8237.710629    115.712862  5  7  7  88       
PG16 -16414.889691   5252.062950  20006.043091   -387.155496  4  9  4  86       
PG17  12736.504372  11320.099778 -19903.562898    720.216627  7  7  6  80       
PG18 -12250.129589  -9962.553082  21399.986840   -528.447592  5  7  6  79       
PG19  15004.867907   1614.015405 -22041.352128    424.485279  2  4  3  74       
PG20  20898.259725  -4014.139667  15843.307622    392.270577  1  4  5  72       
PG21 -14116.161907  18750.085960 -10944.163355    138.871271  6  3  7  92       
PG22  22943.657363   9026.815475  -9048.751670     50.804961  2  5  6  57       
PG23 -19782.800720 -16503.875517   6875.351160    132.459502  4  7  4  79       
PG24  10593.882505 -19885.765782 -14134.604812   -410.977688  3  4  5  78       
PG25 -13137.854802 -18970.898573 -13722.597025    484.722655  5  5  6  94       
PG26 -22998.030768   -416.989503  13444.752232    201.684297  2  7  5  84       
PG28 -22849.602747   2858.357468 -13252.999693    -94.367608  7  5  5  78       
PG29  -4938.614241 -23799.952597  10539.686133   -608.896683  6  8  5  88       
PG30  20225.704251   3356.877827  17147.503049   -447.248154  6  7  3  75       
PG31 -24781.599345   8872.448511  -5135.718840   -227.211070  4  5  6  49       
PG32 -14518.786510  -7186.758515 -20892.193875   -603.916083  6  7  5  66       
*  2024  1 10  7 15  0.00000000
PG01  -5887.931690  18051.111801 -18777.910489    165.710131  6  5  6  80       
PG02 -12151.563917  19823.171091 -12121.001100   -503.067980  5  3  7  95       
PG03    394.096673  16170.083364 -21233.605352    115.951590  6  3  7  76       
PG04  -1635.786395  26284.246532  -2815.618494    262.246745  6  9  5  52       
PG05  11932.215200 -10477.948591  21131.631646   -157.414357  5  4  5  84       
PG06  22697.070568  -3908.223619 -13245.938695    449.790410  3  4  6  51       
PG07   9451.025651  12558.857928  21906.269185    -33.659475  4  5  4  83       
PG08  -6126.283693  23026.263002  11188.814400   -161.362948  4  6  6 112       
PG09   7765.297544  23826.548341   8627.386823     54.101884  3  4  6  63       
PG10 -24320.579042 -10826.903401  -2316.184698    -68.748786  4  6  3  12       
PG11  23764.698974 -11470.094373  -2754.152093   -534.356313  4  3  5  74       
PG12    923.144745 -16557.293536 -21047.067532   -466.384433  6  7  4  97       
PG13  13054.103921 -15439.784886  16904.933686    614.383152  3  5  6  83       
PG14  23008.659370  13439.074191    905.501029    294.649658  5  7  5  39       
PG15   3418.614951 -23709.498908  10752.513199    115.716307  5  7  6  80       
PG16 -18236.827253   3897.083944  18759.358803   -387.148724  4  9  4  83       
PG17  12510.130868  13600.244094 -18591.859985    720.216647  7  7  6  76       
PG18 -10122.568868 -11211.546771  21873.069483   -528.455981  5  7  6  76       
PG19  14781.592603   4073.411865 -21904.060986    424.490184  3  4  4  68       
PG20  22426.551115  -3253.918970  13770.712640    392.268921     4  5  77       
PG21 -15263.861506  19205.777288  -8341.786223    138.870424  6  4  8  63       
PG22  23571.466800   9776.654158  -6361.989179     50.799097  2  5  6  54       
PG23 -18874.858149 -16231.875385   9544.905726    132.466148  4  8  4  81       
PG24  11931.729242 -20515.301412 -11892.684136   -410.984289  3  4  5  72       
PG25 -11616.871260 -18358.707010 -15795.762874    484.723822  5  4  6  85       
PG26 -24181.717191  -1246.699543  11180.639646    201.681191  2  7  5  58       
PG28 -21576.715647   1812.645401 -15400.909920    -94.377684  7  5  6  71       
PG29  -4667.161041 -24848.769867   7921.801851   -608.896128  6  8  5  84       
PG30  18564.226227   4528.784810  18675.173823   -447.244024  6  6  4  79       
PG31 -24277.358886   8322.841078  -7825.618493   -227.211247  5  5  6  63       
PG32 -14497.258572  -9560.163394 -19962.040524   -603.918775  6  7  4  87       
*  2024  1 10  7 30  0.00000000
PG01  -7611.158284  19054.427789 -17024.889851    165.711027  6  5  6  83       
PG02 -13319.564152  20479.354926  -9629.911518   -503.062823  6  4  7  71       
PG03  -1813.375978  15154.672710 -21892.963839    115.975084  6  3  7  77       
PG04  -1908.543756  25809.659253  -5631.890192    262.255513  6  9  6  68       
PG05  14117.838739  -9485.344194  20250.265445   -157.415113  5  4  5  80       
PG06  21401.877990  -2885.654800 -15457.709403    449.778739  4  5  6  36       
PG07   7455.341988  13899.712193  21822.998252    -33.667932  4  5  4  68       
PG08  -6535.558906  21620.051566  13539.363757   -161.363705  4  6  7  92       
PG09   7599.494239  24693.608268   5940.319873     54.112816  3  3  6  62       
PG10 -24357.344011 -11032.061127    559.818647    -68.749614  5  6  3  45       
PG11  23483.885375 -11012.934222  -5570.058948   -534.369077  4  4  6  75       
PG12   3024.521949 -15429.745088 -21699.154246   -466.387943  6  7  4  86       
PG13  13075.869505 -13362.852440  18575.208212    614.386897  3  5  6  88       
PG14  22649.572741  13569.792232   3706.292382    294.658897  5  7  6  41       
PG15   4035.311415 -22369.647883  13075.770564    115.719867  5  7  6  81       
PG16 -19985.225368   2725.512321  17185.861060   -387.142100  4  9  4  91       
PG17  12402.373356  15717.151896 -16947.387576    720.215442  7  8  7  88       
PG18  -8037.489115 -12592.963234  21970.712697   -528.464367  6  7  6  74       
PG19  14693.526035   6502.030557 -21397.289866    424.494837  4  4  4  68       
PG20  23753.393724  -2639.016039  11459.988540    392.266836     4  4  75       
PG21 -16143.359681  19520.965747  -5584.805126    138.869595  5  4  8  27       
PG22  23967.823756  10327.751993  -3562.417768     50.793176  2  5  6  15       
PG23 -17686.277458 -15890.966204  12052.045841    132.472828  4  8  4  85       
PG24  13039.085575 -21039.724556  -9445.792947   -410.990897  3  4  4  73       
PG25  -9871.056570 -17734.358947 -17606.100974    484.725013  5  4  6  92       
PG26 -25156.593380  -1918.710765   8726.456308    201.678020  2  7  5  63       
PG28 -20175.882526    567.809170 -17284.111263    -94.387794  7  5  6  88       
PG29  -4453.407668 -25605.035032   5166.573348   -608.895926  5  8  5  82       
PG30  16833.369763   5866.476226  19887.155603   -447.239880  6  6  4  77       
PG31 -23556.048637   7589.351611 -10384.863540   -227.211430  5  5  6  62       
PG32 -14588.873135 -11803.505829 -18684.417891   -603.921461  6  7  4  75       
*  2024  1 10  7 45  0.00000000
PG01  -9107.590562  20026.746858 -14982.246942    165.711898  7  5  6  76       
PG02 -14230.386283  20995.125300  -6967.301365   -503.057600  6  5  7  35       
PG03  -4124.429831  14244.087099 -22180.996443    115.998557  6  3  7  68       
PG04  -2238.303985  25037.194051  -8350.416123    262.264286  6  9  6  61       
PG05  16237.882904  -8650.975061  19015.899688   -157.416554  5  4  5  81       
PG06  19978.505967  -1647.096968 -17403.383069    449.767076  4  5  6  35       
PG07   5550.407259  15326.859126  21379.297178    -33.676253  4  5  5  63       
PG08  -7057.245966  19985.817087  15650.860171   -161.365847  4  6  7 100       
PG09   7428.973113  25261.093649   3150.428648     54.123756  3  2  6  61       
PG10 -24106.545404 -11112.555109   3426.406535    -68.751320  5  6  3  64       
PG11  22970.922485 -10360.538047  -8289.761066   -534.381936  3  4  6  51       
PG12   5230.428176 -14392.816063 -21987.653755   -466.391287  6  8  4  96       
PG13  13207.363422 -11117.843606  19918.339404    614.389961  4  5  6  79       
PG14  22012.202049  13593.209162   6444.017284    294.668194  5  7  6  22       
PG15   4787.302582 -20815.544652  15165.214003    115.723304  5  6  6  97       
PG16 -21614.652809   1740.341853  15314.542467   -387.135076  4  9  5  91       
PG17  12390.897262  17628.435214 -15000.177672    720.214828  7  8  7  92       
PG18  -6037.215472 -14080.318404  21690.683706   -528.472752  6  8  6  73       
PG19  14735.185261   8852.148670 -20530.442673    424.499572  4  5  5  69       
PG20  24843.208611  -2148.547171   8950.812122    392.265188     5  4  66       
PG21 -16764.039100  19657.659072  -2724.624356    138.868070  5  4  8  51       
PG22  24104.911004  10705.792192   -699.949188     50.787248  3  4  6  72       
PG23 -16225.647727 -15521.674576  14354.004316    132.479478  5  8  5  80       
PG24  13916.661826 -21419.833958  -6835.147186   -410.997510  3  4  4  65       
PG25  -7922.909891 -17133.911902 -19123.751150    484.726166  5  3  6  91       
PG26 -25892.128662  -2454.021918   6124.341708    201.674913  2  7  5  55       
PG28 -18691.304633   -873.994798 -18870.310464    -94.397841  7  5  6  55       
PG29  -4260.730718 -26053.822992   2321.794210   -608.895706  5  8  6  59       
PG30  15075.708286   7359.259126  20762.530247   -447.235726  6  5  4  61       
PG31 -22652.277728   6654.947978 -12770.878956   -227.211947  5  5  6  31       
PG32 -14773.192093 -13874.339403 -17082.392556   -603.924197  6  7  4  69       
*  2024  1 10  8  0  0.00000000
PG01 -10364.411381  20923.319121 -12683.456059    165.712763  7  5  6  74       
PG02 -14893.932576  21332.189149  -4181.189394   -503.052874  6  5  7  57       
PG03  -6494.479775  13460.380139 -22092.542252    116.021935  6  3  7  61       
PG04  -2658.612255  23986.753132 -10924.048011    262.273096  6  8  6  84       
PG05  18244.154010  -7974.262997  17450.571746   -157.417224  5  4  5  75       
PG06  18473.205356   -194.725964 -19049.113698    449.755375  4  6  5  56       
PG07   3768.300947  16807.623104  20580.862059    -33.684960  4  5  5  73       
PG08  -7712.010093  18162.122244  17486.470911   -161.367090  4  6  7  97       
PG09   7216.432661  25525.070435    306.047462     54.134709  4  3  6  77       
PG10 -23558.337543 -11106.231813   6235.377658    -68.752605  6  5  4  80       
PG11  22259.386457  -9493.045748 -10866.265228   -534.394705  3  4  6  14       
PG12   7499.839776 -13470.432117 -21907.650254   -466.394622  6  7  4  86       
PG13  13466.038495  -8750.344947  20910.835041    614.393378  4  5  5  89       
PG14  21092.933300  13545.826701   9072.083795    294.677442  5  6  6  60       
PG15   5689.710876 -19085.920033  16982.632103    115.726941  5  6  5 100       
PG16 -23081.731440    936.100954  13179.257801   -387.128338  5  9  5  83       
PG17  12447.055229  19298.197512 -12785.716040    720.213806  6  9  6  95       
PG18  -4159.158100 -15640.440206  21037.235657   -528.481168  6  8  6  81       
PG19  14893.242575  11078.397520 -19318.793523    424.504407  5  6  6  77       
PG20  25666.624276  -1755.768957   6286.432072    392.263560     5  4  63       
PG21 -17144.113577  19582.701165    185.709022    138.867216  4  4  8  57       
PG22  23962.339807  10942.091437   2174.848941     50.781510  4  4  5  52       
PG23 -14510.234698 -15163.148028  16411.421419    132.486173  5  8  5  98       
PG24  14572.978345 -21618.855871  -4105.327981   -411.004121  4  4  4  49       
PG25  -5801.779664 -16589.536604 -20323.585236    484.727371  5  2  5  89       
PG26 -26363.904275  -2879.022155   3418.671435    201.671750  1  7  5  67       
PG28 -17167.409108  -2502.254967 -20132.323422    -94.407864  7  6  6  87       
PG29  -4050.868823 -26189.208067   -563.212341   -608.895429  4  8  6  83       
PG30  13332.254035   8988.888639  21285.930773   -447.231582  5  5  4  61       
PG31 -21604.461512   5509.805537 -14943.945320   -227.212175  5  6  7  52       
PG32 -15023.399931 -15735.804454 -15184.575831   -603.926822  6  7  4  84       
*  2024  1 10  8 15  0.00000000
PG01 -11377.519518  21699.041990 -10166.710731    165.713610  7  6  6  85       
PG02 -15328.430203  21456.760183  -1321.342189   -503.047869  6  5  7  41       
PG03  -8875.715830  12817.888805 -21628.738877    116.045382  6  3  7  71       
PG04  -3198.710558  22686.052314 -13308.201608    262.281929  6  8  6  77       
PG05  20090.744463  -7446.361044  15582.059506   -157.418822  4  4  5  81       
PG06  16932.481661   1460.361596 -20366.158088    449.743673  4  6  5  42       
PG07   2135.214530  18304.433458  19439.147536    -33.693281  4  5  5  81       
PG08  -8513.444851  16192.343784  19014.465873   -161.369209  5  6  7  94       
PG09   6925.188991  25490.468761  -2543.632549     54.145642  4  3  5  67       
PG10 -22711.511745 -11052.683703   8939.670504    -68.753709  6  5  4  89       
PG11  21387.578452  -8398.131122 -13255.051625   -534.407471  3  5  6  62       
PG12   9788.192223 -12679.369807 -21460.238294   -466.397920  6  7  4  87       
PG13  13861.531335  -6309.378194  21535.537785    614.396739  3  5  5  84       
PG14  19896.527031  13464.929916  11545.731133    294.686712  5  6  6  63       
PG15   6750.209696 -17223.832631  18494.690897    115.730169  5  5  5  99       
PG16 -24346.710047    299.343461  10818.032352   -387.121461  5  9  5  93       
PG17  12537.209628  20698.279454 -10344.189387    720.213084  5  9  6  97       
PG18  -2434.522516 -17234.625895  20021.073400   -528.489536  6  8  6  83       
PG19  15147.105046  13139.262679 -17783.202414    424.509175  6  7  6  77       
PG20  26201.583796  -1429.306353   3512.920307    392.262024     6  4  55       
PG21 -17309.585705  19269.255379   3092.701443    138.866381  3  5  8  61       
PG22  23527.953622  11072.101342   5011.710857     50.775538  4  4  5  66       
PG23 -12565.499121 -14851.553115  18189.004832    132.492838  5  8  5  96       
PG24  15023.930390 -21604.015096  -1303.546282   -411.010753  4  4  4  81       
PG25  -3542.962736 -16128.294979 -21185.574140    484.728546  5  2  5  97       
PG26 -26554.490174  -3224.270746    655.322317    201.668634  2  7  5  58       
PG28 -15647.191629  -4298.319327 -21048.534429    -94.417925  7  6  6  46       
PG29  -3785.614441 -26014.438544  -3438.468604   -608.895053  4  8  6  44       
PG30  11641.010575  10730.069421  21447.824745   -447.227428  5  5  5  69       
PG31 -20453.379274   4151.854032 -16867.794052   -227.212231  5  6  7  56       
PG32 -15307.468474 -17357.846191 -13024.560620   -603.929481  6  6  4  48       
*  2024  1 10  8 30  0.00000000
PG01 -12151.583270  22310.241511  -7474.363598    165.714457  8  6  7  57       
PG02 -15559.422659  21340.950523   1561.706711   -503.042868  6  6  7  48       
PG03 -11218.728986  12322.740514 -20797.028328    116.068810  6  3  7  56       
PG04  -3882.201303  21169.588763 -15461.644413    262.290734  6  7  6  92       
PG05  21735.682955  -7050.681866  13443.345477   -157.420165  4  4  5  68       
PG06  15401.341148   3298.363390 -21331.398503    449.732043  4  6  4  55       
PG07    670.591906  19776.084359  17971.316858    -33.701977  5  5  5  55       
PG08  -9467.387950  14123.050442  20208.770912   -161.371226  5  7  6  90       
PG09   6520.793904  25170.809896  -5349.427645     54.156592  4  3  5  63       
PG10 -21573.605092 -10991.599427  11494.088579    -68.754974  6  5  5  84       
PG11  20396.990310  -7071.680062 -15414.852673   -534.420223  4  5  6  66       
PG12  12048.862031 -12028.697861 -20652.522230   -466.401442  6  7  4  77       
PG13  14395.205491  -3845.635094  21781.924519    614.400018  4  5  5  68       
PG14  18436.070727  13387.016324  13822.768965    294.695984  5  6  6  70       
PG15   7968.478115 -15275.034191  19673.656921    115.733722  5  5  4 100       
PG16 -25374.883253   -190.558741   8272.325697   -387.114601  6  9  5  82       
PG17  12624.260055  21809.179541  -7719.645461    720.212108  5  9  5  79       
PG18   -887.260527 -18820.031248  18659.206946   -528.497912  6  8  5  88       
PG19  15469.767297  14998.438895 -15949.757658    424.514085  7  7  7  71       
PG20  26434.181548  -1134.571974    678.363800    392.260160  1  6  4  53       
PG21 -17292.884153  18697.993091   5943.579800    138.865223  3  5  8  60       
PG22  22798.300246  11133.775781   7761.587316     50.769743  4  5  5  62       
PG23 -10424.310673 -14618.593163  19656.128746    132.499477  5  8  6  86       
PG24  15292.053770 -21347.988829   1521.178483   -411.017379  4  4  3  85       
PG25  -1186.593624 -15771.112710 -21695.090954    484.729764  5  2  4  97       
PG26 -26454.069046  -3523.132559  -2119.070185    201.665463  2  7  5  58       
PG28 -14170.628107  -6235.926989 -21603.260336    -94.428000  7  6  6  80       
PG29  -3428.503536 -25541.763994  -6254.226192   -608.894842  3  8  6  12       
PG30  10035.640647  12551.231351  21244.712418   -447.223292  4  5  5  64       
PG31 -19240.659941   2587.045972 -18510.156868   -227.212493  5  7  7  66       
PG32 -15589.526104 -18718.162719 -10640.280608   -603.932177  6  6  4  61       
*  2024  1 10  8 45  0.00000000
PG01 -12699.756309  22716.442785  -4652.268005    165.715259  8  6  7  82       
PG02 -15618.491517  20963.909450   4417.612895   -503.038131  5  6  6  70       
PG03 -13474.207732  11972.679084 -19611.065136    116.092231  6  3  7  80       
PG04  -4725.938916  19477.356524 -17347.218993    262.299611  6  7  5  69       
PG05  23142.430066  -6763.736014  11071.992472   -157.421337  4  5  5  62       
PG06  13921.601463   5291.329701 -21927.770790    449.720386  5  6  4  73       
PG07   -613.494903  21179.161814  16200.109905    -33.710002  5  5  5  68       
PG08 -10571.564422  12002.275168  21049.397999   -161.373571  5  7  6  97       
PG09   5972.563976  24587.612238  -8063.018735     54.167576  4  4  5  80       
PG10 -20160.699862 -10961.126265  13855.989696    -68.756441  7  6  5  97       
PG11  19330.658715  -5518.151255 -17308.374080   -534.432999  5  6  6  58       
PG12  14234.733521 -11519.509430 -19497.533020   -466.404979  6  7  4  92       
PG13  15060.043971  -1409.656271  21646.270006    614.403523  4  5  5  78       
PG14  16732.626643  13346.261656  15864.277960    294.705225  5  5  6  70       
PG15   9336.001099 -13286.220736  20497.999146    115.737520  5  6  4  99       
PG16 -26137.806361   -560.361305   5586.268259   -387.107766  6  8  6  99       
PG17  12669.305498  22620.616355  -4959.091598    720.211485  5  9  6  76       
PG18    466.696115 -20351.239944  16974.692436   -528.506338  6  7  5  94       
PG19  15828.905077  16625.994406 -13849.350852    424.518791  8  8  7  86       
PG20  26359.194296   -835.320233  -2167.988189    392.258058  2  7  4  60       
PG21 -17131.256831  17857.939553   8687.390219    138.864082  3  6  7  61       
PG22  21778.762643  11165.875644  10377.498859     50.763905  5  5  4  83       
PG23  -8125.884721 -14490.202027  20787.362451    132.506146  4  8  6  91       
PG24  15405.513288 -20830.178056   4318.912124   -411.023981  5  4  3  72       
PG25   1223.639492 -15531.981426 -21843.147622    484.730957  6  2  4 100       
PG26 -26060.788359  -3810.320733  -4857.852723    201.662333  3  7  5  35       
PG28 -12773.215898  -8282.036803 -21787.014019    -94.438071  7  6  6  85       
PG29  -2946.435366 -24791.923338  -8961.841509   -608.894512  3  8  6  80       
PG30   8544.299066  14415.554470  20679.234180   -447.219155  4  5  5  58       
PG31 -18007.247668    829.336516 -19843.264765   -227.212509  6  7  7  59       
PG32 -15831.374323 -19802.850894  -8073.306908   -603.934842  7  6  4  73       
*  2024  1 10  9  0  0.00000000
PG01 -13043.057958  22882.058750  -1749.026927    165.716143  8  6  6  26       
PG02 -15541.770941  20312.669953   7197.130767   -503.033056  5  6  6  59       
PG03 -15594.643814  11757.217911 -18090.525924    116.115629  6  2  7  55       
PG04  -5739.193577  17653.361455 -18932.488578    262.308441  6  6  5  75       
PG05  24281.162044  -6556.242804   8509.445462   -157.422700  5  5  4  74       
PG06  12530.333109   7404.046044 -22144.588617    449.708655  5  5  4  85       
PG07  -1712.705615  22469.593404  14153.621305    -33.718434  5  5  5  89       
PG08 -11815.568255   9877.754097  21522.746640   -161.375127  5  7  7  93       
PG09   5254.960552  23769.501704 -10637.786066     54.178549  4  4  5  63       
PG10 -18496.922710 -10996.302598  15985.933040    -68.757798  7  6  6  94       
PG11  18231.472629  -3750.604465 -18902.945018   -534.445780  5  6  5  78       
PG12  16299.796634 -11144.956267 -18014.061398   -466.408294  6  7  4  68       
PG13  15840.893535    949.970723  21131.673576    614.406792  4  5  5  64       
PG14  14814.586897  13373.080043  17635.261260    294.714534  5  5  6  74       
PG15  10836.228238 -11303.247627  20952.849692    115.741064  5  6  4  92       
PG16 -26614.266940   -841.679165   2805.886183   -387.100802  6  8  6  84       
PG17  12633.366787  23131.716609  -2111.557694    720.210103  5  9  6  83       
PG18   1619.887791 -21781.953581  14996.262627   -528.514766  6  7  5  93       
PG19  16188.169777  17999.305932 -11517.189927    424.523540  8  8  7  95       
PG20  25980.283602   -495.273766  -4976.604952    392.256445  3  7  3  84       
PG21 -16865.005326  16746.949758  11275.996617    138.862702  4  6  7  77       
PG22  20483.353499  11206.281650  12815.313487     50.757934  5  5  4  71       
PG23  -5714.479574 -14485.464239  21562.919370    132.512732  4  7  6  86       
PG24  15396.849631 -20037.736046   7039.753798   -411.030601  5  4  4  70       
PG25   3641.910057 -15417.418725 -21626.562250    484.732179  6  3  3  91       
PG26 -25380.830721  -4120.400132  -7515.084246    201.659195  3  6  5  56       
PG28 -11484.699904 -10397.921819 -21596.663156    -94.448158  6  7  6  73       
PG29  -2311.157825 -23793.315298 -11514.626386   -608.893821  2  7  6  69       
PG30   7188.675305  16282.208750  19760.182480   -447.214995  4  5  5  79       
PG31 -16791.899947  -1099.626131 -20844.291603   -227.212903  6  7  7  63       
PG32 -15994.090238 -20606.730470  -5368.097483   -603.937525  7  5  5  90       
*  2024  1 10  9 15  0.00000000
PG01 -13209.434011  22777.926313   1184.841432    165.716985  8  5  6  42       
PG02 -15368.322965  19382.678262   9852.959449   -503.028133  5  6  5  77       
PG03 -17535.984606  11658.116840 -16260.820720    116.139044  5  2  7  47       
PG04  -6923.119964  15743.994840 -20190.293465    262.317273  7  5  5  92       
PG05  25129.795056  -6394.466169   5800.275080   -157.423927  5  5  4  50       
PG06  11258.493498   9595.208169 -21977.756212    449.696996  5  5  4  86       
PG07  -2630.505364  23604.269399  11864.981476    -33.726829  6  5  5  70       
PG08 -13181.178767   7795.204307  21621.774872   -161.378217  5  7  7  79       
PG09   4348.767025  22751.063167 -13029.606694     54.189490  5  5  4  75       
PG10 -16613.662391 -11127.615207  17848.278352    -68.759062  6  6  6  93       
PG11  17140.500488  -1790.394596 -20171.085696   -534.458510  6  6  5  24       
PG12  18200.720181 -10890.585911 -16226.406671   -466.411799  7  7  4  80       
PG13  16715.047859   3188.320794  20247.951255    614.410213  4  5  5  64       
PG14  12716.758358  13492.833139  19105.236937    294.723807  5  5  6  75       
PG15  12445.086128  -9369.389225  21030.308405    115.744567  5  6  4  94       
PG16 -26790.984577  -1069.557820    -21.672027   -387.094107  7  8  6  73       
PG17  12479.094783  23350.830613    772.851238    720.209243  5  9  7  90       
PG18   2573.445286 -23066.737061  12757.851186   -528.523158  5  7  5  75       
PG19  16508.637828  19103.733298  -8992.255688    424.528350  9  8  7  82       
PG20  25309.859860    -79.756060  -7698.565696    392.254870  3  7  3  63       
PG21 -16535.649014  15371.807751  13664.955173    138.861337  5  6  7  81       
PG22  18934.191781  11290.381854  15034.438640     50.752019  6  5  3  90       
PG23  -3237.901000 -14615.803986  21969.018215    132.519389  4  7  6  95       
PG24  15301.533118 -18966.301900   9634.816443   -411.037218  5  4  3  76       
PG25   6021.753181 -15426.206567 -21048.053633    484.733458  6  3  4  93       
PG26 -24428.202465  -4486.305498 -10046.247696    201.656019  4  6  5  78       
PG28 -10328.031752 -12540.488361 -21035.481938    -94.458215  7  7  6  66       
PG29  -1500.559583 -22580.885370 -13868.658207   -608.893447  4  7  5  69       
PG30   5983.283672  18107.765732  18502.414293   -447.210864  4  6  6  72       
PG31 -15629.770284  -3171.091662 -21495.737078   -227.213100  6  7  7  68       
PG32 -16039.651708 -21133.339856  -2571.214377   -603.940284  7  5  5  85       
*  2024  1 10  9 30  0.00000000
PG01 -13232.528532  22382.621912   4097.808038    165.717803  8  5  6  73       
PG02 -15138.443377  18177.995982  12340.511867   -503.023116  6  6  4  62       
PG03 -19259.170505  11650.167417 -14152.707583    116.162452  5  2  7  52       
PG04  -8270.551396  13796.330137 -21099.208942    262.326075  7  5  5  84       
PG05  25674.713317  -6241.719819   2991.378642   -157.425087  6  6  4  63       
PG06  10129.808156  11818.845499 -21429.863999    449.685343  5  6  5  88       
PG07  -3377.939460  24542.677927   9371.934718    -33.735227  6  4  5  80       
PG08 -14642.993932   5796.708784  21346.041782   -161.380335  5  7  7  84       
PG09   3242.018251  21571.479316 -15197.601315     54.200414  5  5  5  83       
PG10 -14548.533688 -11379.731702  19411.731970    -68.760547  6  6  6  89       
PG11  16095.402709    333.457058 -21090.982289   -534.471312  7  7  5  54       
PG12  19898.344813 -10734.972797 -14164.040821   -466.415269  7  7  4  50       
PG13  17653.142283   5265.679938  19011.399270    614.413353  4  5  5  78       
PG14  10479.209774  13724.737610  20248.761997    294.733069  6  5  6  71       
PG15  14131.821772  -7523.721939  20729.582398    115.748139  5  6  3  91       
PG16 -26663.020977  -1280.940680  -2848.895840   -387.087162  7  7  6  83       
PG17  12172.393296  23294.993061   3643.889679    720.208889  5  8  7  86       
PG18   3336.867836 -24162.750914  10298.017502   -528.531598  5  6  5  71       
PG19  16750.364140  19933.011073  -6316.707155    424.533154  9  8  7  75       
PG20  24368.612190    442.736549 -10286.443200    392.253067  4  6  3  38       
PG21 -16184.104650  13747.961834  15814.249536    138.860178  6  6  6  67       
PG22  17160.691075  11449.593986  16998.421284     50.746027  6  5  3  73       
PG23   -745.868420 -14884.475806  21998.148834    132.526051  4  6  5  89       
PG24  15156.383874 -17620.398815  12057.214149   -411.043848  5  4  4  78       
PG25   8317.600560 -15549.420150 -20116.259222    484.734652  5  4  4  79       
PG26 -23224.249584  -4937.927041 -12408.935964    201.652870  5  6  5  54       
PG28  -9318.601306 -14663.769950 -20113.094999    -94.468281  6  7  6  40       
PG29   -499.718423 -21194.774402 -15983.535127   -608.893362  5  7  5  71       
PG30   4935.030638  19847.731700  16926.661358   -447.206737  5  6  5  74       
PG31 -14551.125404  -5350.062783 -21785.743422   -227.213245  6  6  7  80       
PG32 -15932.522673 -21394.609348    269.476804   -603.942972  8  5  5  82       
*  2024  1 10  9 45  0.00000000
PG01 -13150.211068  21683.495008   6938.290154    165.718618  7  4  6  43       
PG02 -14891.966779  16711.178003  14618.598266   -503.018274  6  5  4  57       
PG03 -20731.498923  11702.259452 -11801.813564    116.185866  5  2  6  43       
PG04  -9766.126579  11856.409798 -21643.897670    262.334918  6  4  4  87       
PG05  25911.176794  -6059.980425    131.154519   -157.425954  7  6  4  88       
PG06   9159.944150  14025.938728 -20510.163740    449.673731  6  6  5  89       
PG07  -3973.107063  25248.492357   6716.310785    -33.743837  6  4  5  68       
PG08 -16169.350212   3919.270555  20701.626666   -161.382636  5  7  8  81       
PG09   1930.647054  20273.010942 -17104.818459     54.211389  5  6  5  89       
PG10 -12344.123262 -11770.452558  20649.834614    -68.762269  5  7  6  90       
PG11  15128.991500   2585.190254 -21646.861004   -534.484065  7  7  5  76       
PG12  21359.041463 -10650.623940 -11861.188364   -466.418675  7  7  4  74       
PG13  18620.320106   7148.873020  17444.437873    614.416999  4  5  5  77       
PG14   8145.922498  14081.013449  21045.879117    294.742327  5  5  6  74       
PG15  15860.137943  -5799.702851  20056.958151    115.751820  4  5  4  83       
PG16 -26233.893221  -1513.090007  -5628.650892   -387.080385  7  7  6  66       
PG17  11683.892377  22989.061477   6452.072903    720.208099  5  8  7  74       
PG18   3927.468202 -25031.401710   7659.281141   -528.540000  5  6  4  69       
PG19  16873.985282  20489.343686  -3535.241141    424.537621  9  7  7  65       
PG20  23184.722359   1099.088136 -12695.161497    392.250968  4  6  2  43       
PG21 -15848.959945  11898.924446  17688.879966    138.859571  6  6  6  70       
PG22  15198.498689  11710.074388  18675.453338     50.740209  6  5  3  74       
PG23   1711.697001 -15286.378944  21649.236404    132.532758  4  5  5  84       
PG24  14997.926579 -16013.471475  14263.028727   -411.050447  4  4  4  83       
PG25  10486.298207 -15770.750397 -18845.672398    484.735881  5  5  4  84       
PG26 -21796.919055  -5500.813458 -14563.505368    201.649845  5  6  5  60       
PG28  -8463.769377 -16720.539673 -18845.314492    -94.478328  6  7  5  74       
PG29    698.334765 -19678.782866 -17823.063456   -608.892941  6  7  5  46       
PG30   4043.079128  21458.146235  15059.236900   -447.202650  5  6  5  83       
PG31 -13580.243464  -7596.388428 -21708.339798   -227.213514  6  6  7  87       
PG32 -15641.139159 -21410.229476   3105.611644   -603.945667  8  5  5  94       
*  2024  1 10 10  0  0.00000000
PG01 -13002.916489  20677.368000   9655.640255    165.719491  7  4  6  82       
PG02 -14666.635305  15002.841529  16650.019325   -503.013223  6  5  3  43       
PG03 -21927.761860  11778.690843  -9248.066705    116.209273  5  2  6  34       
PG04 -11386.742932   9967.588801 -21815.351761    262.343722  6  4  5  92       
PG05  25843.397051  -5811.544588  -2731.334774   -157.427378  7  6  4  62       
PG06   8356.009345  16166.169004 -19234.422185    449.662051  6  6  5  85       
PG07  -4440.343424  25691.046644   3943.389445    -33.752446  5  3  5  19       
PG08 -17723.487637   2193.589092  19700.932530   -161.383623  6  7  8  90       
PG09    418.824045  18899.378101 -18718.845645     54.222315  5  6  5  86       
PG10 -10046.560211 -12309.920159  21541.385884    -68.763389  4  7  6  78       
PG11  14267.993946   4923.496156 -21829.255070   -534.496709  8  7  5  81       
PG12  22555.884367 -10605.129842  -9356.323422   -466.422152  7  7  4  35       
PG13  19577.619823   8812.321046  15575.146970    614.420156  4  5  5  98       
PG14   5763.293689  14566.307067  21482.477988    294.751534  5  4  5  81       
PG15  17589.567343  -4224.005670  19025.610240    115.755436  4  5  4  76       
PG16 -25515.392956  -1802.018116  -8314.887881   -387.073530  7  6  6  56       
PG17  10990.216742  22464.576521   9149.527758    720.207210  5  7  7  90       
PG18   4369.505653 -25639.844171   4887.377425   -528.548361  5  5  4  63       
PG19  16842.316214  20783.199984   -694.411722    424.542221  9  7  6  92       
PG20  21792.794060   1910.301307 -14882.809782    392.249811  4  6  1  67       
PG21 -15564.908855   9855.378230  19259.307020    138.858016  7  6  5  62       
PG22  13088.231486  12091.655699  20038.782522     50.734111  6  5  2  89       
PG23   4086.398443 -15808.205286  20927.698859    132.539455  4  5  5  85       
PG24  14860.753186 -14167.553807  16212.226783   -411.057065  4  4  4  85       
PG25  12488.554092 -16067.113614 -17256.494936    484.737125  5  5  4  89       
PG26 -20179.791727  -6195.038225 -16473.690215    201.646674  6  5  5  62       
PG28  -7762.718999 -18663.980066 -17253.872853    -94.488451  6  7  5  33       
PG29   2092.165297 -18078.711559 -19355.866011   -608.892536  7  7  5  70       
PG30   3299.018690  22897.186004  12931.639401   -447.198541  5  6  5  74       
PG31 -12734.534797  -9866.060648 -21263.608000   -227.213733  6  6  6  89       
PG32 -15139.241556 -21206.742835   5889.123454   -603.948353  8  4  5  85       
*  2024  1 10 10 15  0.00000000
PG01 -12831.865424  19370.864327  12201.142705    165.720348  7  4  5  76       
PG02 -14496.589307  13080.952009  18402.067351   -503.008281  6  4  3  45       
PG03 -22831.111579  11840.672619  -6535.045638    116.232709  5  2  6  61       
PG04 -13102.317622   8168.998565 -21611.022033    262.352605  6  4  5  92       
PG05  25484.282652  -5460.664974  -5547.196175   -157.428704  7  5  4  81       
PG06   7716.398090  18189.730356 -17624.654750    449.650326  6  6  5 100       
PG07  -4809.133119  25846.634501   1101.161514    -33.760632  5  2  5  43       
PG08 -19264.910395    643.101569  18362.383656   -161.384886  7  7  8 101       
PG09  -1281.021071  17494.104657 -20012.338766     54.233228  5  6  5  90       
PG10  -7703.959917 -13000.114144  22070.800312    -68.765489  4  7  6  76       
PG11  13532.066124   7302.924594 -21635.160429   -534.509435  8  7  4  81       
PG12  23469.592864 -10562.521655  -6691.586860   -466.425409  6  7  4  40       
PG13  20483.524630  10238.790588  13436.706960    614.423486  5  5  5  99       
PG14   3378.546831  15177.413230  21550.564019    294.760801  5  4  5  77       
PG15  19277.021644  -2815.661973  17655.256811    115.759056  4  6  3  80       
PG16 -24527.123615  -2180.983020 -10863.316715   -387.066522  8  6  6  68       
PG17  10075.005039  21758.397459  11690.779326    720.206318  5  6  7  83       
PG18   4693.040742 -25962.273939   2030.447761   -528.556768  5  5  4  52       
PG19  16621.884023  20832.812951   2158.084258    424.546842  9  6  6  87       
PG20  20232.540770   2890.472109 -16811.395785    392.248339  5  6  1  76       
PG21 -15361.403366   7654.038909  20501.756432    138.856812  7  6  5  66       
PG22  10874.059177  12607.045159  21067.030918     50.728186  6  5  2  89       
PG23   6333.038364 -16428.918186  19845.393981    132.546061  5  4  5  88       
PG24  14775.968351 -12112.576486  17869.499080   -411.063657  3  4  4  86       
PG25  14290.263472 -16409.532065 -15374.400785    484.738367  5  6  4  89       
PG26 -18410.920354  -7034.269596 -18107.172219    201.643618  6  5  5  89       
PG28  -7206.630547 -20449.347246 -15366.055432    -94.498554  7  7  5  64       
PG29   3671.813815 -16440.643637 -20555.902097   -608.892091  7  7  4  77       
PG30   2687.338743  24126.711852  10580.056123   -447.194403  6  6  5  60       
PG31 -12023.920260 -12112.672910 -20457.762942   -227.213839  6  5  6  86       
PG32 -14407.005530 -20816.397006   8573.020358   -603.951053  8  4  6  71       
*  2024  1 10 10 30  0.00000000
PG01 -12677.241083  17780.342469  14528.992014    165.721215  7  4  5  92       
PG02 -14411.030553  10979.860241  19846.936726   -503.003229  6  4  2  70       
PG03 -23433.618390  11847.972670  -3709.255302    116.256182  5  3  6  30       
PG04 -14876.825589   6494.189595 -21034.834077    262.361449  6  4  4  95       
PG05  24854.867970  -4975.103065  -8268.522791   -157.429870  8  4  4  40       
PG06   7230.989975  20049.133946 -15708.743353    449.638668  6  6  5  87       
PG07  -5112.789777  25699.571450  -1760.505499    -33.769299  4  1  5  67       
PG08 -20750.887064   -716.680222  16710.028355   -161.386763  7  7  8  95       
PG09  -3148.496365  16098.889328 -20963.462605     54.244167  5  6  5  96       
PG10  -5364.794363 -13834.653273  22228.389679    -68.766670  4  7  6  76       
PG11  12933.095938   9675.453867 -21068.078033   -534.522224  8  7  4  87       
PG12  24089.203182 -10484.786974  -3912.128051   -466.429037  6  6  4  28       
PG13  21295.610337  11419.811385  11066.759513    614.426928  5  5  5  88       
PG14   1038.108425  15903.308966  21248.428167    294.770079  5  3  5  75       
PG15  20878.444516  -1585.539741  15971.677119    115.762506  4  6  3  44       
PG16 -23295.776108  -2679.098857 -13232.041827   -387.059681  8  5  5  59       
PG17   8929.647481  20911.172190  14033.463437    720.205512  5  5  7  81       
PG18   4932.557530 -25980.957981   -861.819758   -528.565191  5  4  4  58       
PG19  16184.343373  20663.400127   4974.148830    424.551784  8  5  5  93       
PG20  18547.285340   4046.043725 -18447.523359    392.246278  5  6  1  77       
PG21 -15261.562682   5336.331007  21398.396276    138.855664  7  7  4  90       
PG22   8602.188409  13261.304946  21744.425056     50.722155  6  4  2  78       
PG23   8411.177947 -17120.546631  18420.454268    132.552752  5  3  5  81       
PG24  14769.789493  -9885.341670  19204.996099   -411.070252  3  3  5  82       
PG25  15863.662033 -16764.259184 -13230.208029    484.739609  5  6  4  78       
PG26 -16531.512746  -8025.078199 -19436.098538    201.640461  6  5  4  89       
PG28  -6779.173618 -22035.566150 -13214.238737    -94.508666  7  7  4  86       
PG29   5419.008752 -14809.234422 -21402.891690   -608.891273  8  7  5  70       
PG30   2186.190006  25113.697822   8044.771475   -447.190319  6  6  5  83       
PG31 -11450.494390 -14288.990726 -19303.141497   -227.214135  6  5  5  89       
PG32 -13431.932089 -20275.803799  11112.132893   -603.953801  8  4  6  88       
*  2024  1 10 10 45  0.00000000
PG01 -12576.402483  15931.431580  16597.225442    165.722099  7  5  5  73       
PG02 -14433.099817   8739.131474  20962.046709   -502.998355  6  4  1  57       
PG03 -23736.495809  11760.635144   -819.339355    116.279699  5  3  6  58       
PG04 -16669.573372   4970.003531 -20097.092820    262.370278  6  4  4  83       
PG05  23983.450686  -4327.540321 -10849.181370   -157.431183  8  4  4  79       
PG06   6881.693879  21700.932726 -13519.945063    449.626970  6  5  4  85       
PG07  -5386.950562  25242.965408  -4590.783870    -33.777766  3     4  55       
PG08 -22138.031024  -1878.518768  14773.058869   -161.388062  7  7  8  88       
PG09  -5155.850444  14752.064641 -21556.237099     54.255122  5  6  4  91       
PG10  -3076.245233 -14798.914193  22010.566131    -68.767264  3  7  6  77       
PG11  12474.820919  11992.162580 -20137.942671   -534.534963  8  6  4  87       
PG12  24412.440136 -10333.489199  -1065.377842   -466.432210  6  6  4  35       
PG13  21972.225428  12355.751984   8506.703798    614.430228  5  4  4  97       
PG14  -1213.988282  16725.500925  20580.712889    294.779348  5  3  4  76       
PG15  22350.494907   -536.174139  14006.110505    115.765905  4  6  2  75       
PG16 -21854.170810  -3320.106525 -15382.155602   -387.052781  8  5  5  72       
PG17   7553.721704  19965.704470  16138.958380    720.205197  5  4  7  69       
PG18   5125.408830 -25686.960069  -3739.082437   -528.573628  6  4  4  15       
PG19  15507.721374  20306.129867   7706.044047    424.556443  8  4  5  89       
PG20  16782.332063   5375.369258 -19762.981008    392.244375  6  6  1  85       
PG21 -15281.366881   2946.934688  21937.400353    138.854153  7  7  3  66       
PG22   6319.301835  14051.625653  22060.942243     50.716169  6  4  2  80       
PG23  10286.520298 -17849.266625  16677.009662    132.559430  5  3  5  85       
PG24  14862.366357  -7528.209348  20194.937234   -411.076821  2  3  5  80       
PG25  17188.261098 -17094.113459 -10859.457033    484.740828  4  5  4  47       
PG26 -14584.505340  -9166.508492 -20437.542149    201.637303  7  4  4  91       
PG28  -6457.296472 -23386.696155 -10835.341599    -94.518729  7  8  4  84       
PG29   7307.702843 -13226.074386 -21882.638299   -608.890906  9  7  5  81       
PG30   1768.407221  25831.483880   5369.487981   -447.186203  6  6  5  63       
PG31 -11008.491369 -16348.579833 -17818.093789   -227.214264  6  5  5  81       
PG32 -12209.466520 -19624.455895  13463.823267   -603.956470  7  5  6  74       
*  2024  1 10 11  0  0.00000000
PG01 -12562.214221  13858.183382  18368.582993    165.723039  7  4  5  65       
PG02 -14579.001435   6402.212003  21730.280986   -502.993522  7  4     83       
PG03 -23749.980927  11540.708181   2084.758141    116.303163  6  4  6  62       
PG04 -18436.658817   3615.715953 -18814.279087    262.379088  6  4  4  88       
PG05  22904.473496  -3496.795874 -13245.559456   -157.432621  8  3  4  66       
PG06   6643.315429  23107.297979 -11096.300716    449.615214  5  5  4  70       
PG07  -5667.945095  24479.151559  -7338.865732    -33.786506  3     5  74       
PG08 -23383.900425  -2843.479328  12585.260755   -161.389640  7  7  8  71       
PG09  -7268.857557  13487.201268 -21780.785455     54.266026  5  5  3  92       
PG10   -882.597625 -15870.467086  21419.960599    -68.768319  3  6  6  81       
PG11  12152.774764  14204.939188 -18860.940292   -534.547722  8  6  3  79       
PG12  24445.769067 -10071.429575   1799.738443   -466.435727  6  6  4  75       
PG13  22474.137425  13055.556986   5800.943803    614.433712  4  4  4 100       
PG14  -3337.611928  17618.675715  19558.370621    294.788629  4  2  4  63       
PG15  23652.187965    338.051490  11794.559019    115.769061  4  6  3  77       
PG16 -20240.100016  -4121.344076 -17278.287499   -387.046041  8  5  5  65       
PG17   5955.118686  18965.281556  17972.932143    720.204063  5  3  6  68       
PG18   5310.147707 -25080.531170  -6551.249718   -528.582009  6  3  5  70       
PG19  14577.444199  19796.867776  10307.163904    424.561239  7  3  4  90       
PG20  14983.276874   6868.600905 -20735.230361    392.242804  6  6     74       
PG21 -15429.149118    532.261501  22112.913091    138.853306  7  7  2  66       
PG22   4071.005480  14967.394254  22012.378223     50.710515  6  4  1  81       
PG23  11932.062604 -18576.729930  14644.800366    132.566075  5  4  5  84       
PG24  15066.874232  -5087.554269  20822.075895   -411.083397  2  3  5  75       
PG25  18251.525197 -17359.975749  -8301.894504    484.742032  4  5  4           
PG26 -12613.076513 -10449.931922 -21093.898085    201.634143  7  4  4  72       
PG28  -6212.282403 -24473.211103  -8270.198038    -94.528845  7  8  3 108       
PG29   9304.912116 -11728.187193 -21987.246855   -608.890461  9  7  5  59       
PG30   1402.754937  26260.799848   2600.570265   -447.182076  6  6  5  51       
PG31 -10684.561339 -18247.433059 -16026.771907   -227.214526  6  4  5  77       
PG32 -10743.325794 -18903.155993  15588.648491   -603.959217  7  5  6  65       
*  2024  1 10 11 15  0.00000000
PG01 -12661.568677  11601.873715  19811.269476    165.723987  7  4  5  68       
PG02 -14857.398084   4014.981712  22140.148978   -502.988331  6  4     89       
PG03 -23492.871332  11153.911074   4952.667316    116.326644  6  4  6  54       
PG04 -20132.560091   2442.480451 -17208.743368    262.387909  6  5  4  89       
PG05  21657.194118  -2468.806789 -15417.262491   -157.434009  8  2  5  68       
PG06   6484.712622  24237.385097  -8479.954898    449.603490  5  5  4  56       
PG07  -5991.107808  23419.760756  -9954.983255    -33.794812  3     5  60       
PG08 -24448.558135  -3620.643775  10184.403945   -161.390802  7  6  7  87       
PG09  -9447.951242  12331.909262 -21633.481781     54.276947  6  5  2  84       
PG10   1176.267886 -17019.817313  20465.451097    -68.769497  3  6  6  60       
PG11  11954.563538  16268.163732 -17259.217713   -534.560457  7  6  3  74       
PG12  24204.120013  -9664.287330   4633.636751   -466.439054  6  6  3  69       
PG13  22766.082757  13536.162374   2996.102189    614.436799  4  4  3  80       
PG14  -5297.895924  18551.630889  18198.512852    294.797874  4  2  4  65       
PG15  24746.425813   1050.392407   9377.017264    115.772952  3  6  2  82       
PG16 -18495.010334  -5092.949922 -18889.106722   -387.039121  8  5  5  40       
PG17   4149.861926  17952.023824  19505.803988    720.203257  5  2  6  73       
PG18   5524.813358 -24171.148394  -9249.385975   -528.590425  6  3  4  72       
PG19  13387.104173  19174.746075  12732.807180    424.565864  7  3  4  84       
PG20  13194.323334   8507.909319 -21347.786142    392.240990  7  6     57       
PG21 -15705.388815  -1861.085702  21924.931396    138.852149  7  7  2  54       
PG22   1900.335537  15990.548730  21600.341123     50.704541  5  4  1  89       
PG23  13328.970812 -19261.589786  12358.684270    132.572758  5  4  5  57       
PG24  15388.921074  -2612.063491  21076.008520   -411.089968  3  3  4  74       
PG25  19049.260224 -17522.396621  -5600.865428    484.743257  4  5  3  21       
PG26 -10659.151667 -11859.190445 -21393.208919    201.631027  7  4  4  89       
PG28  -6011.032085 -25273.044667  -5562.861981    -94.538951  7  8  3  78       
PG29  11371.824503 -10346.718922 -21715.234767   -608.889964 10  7  5  85       
PG30   1055.347946  26390.516261   -213.774875   -447.177968  6  6  4  58       
PG31 -10458.353268 -19945.534672 -13958.812525   -227.214398  6  5  4  82       
PG32  -9045.524273 -18152.415655  17450.970543   -603.961975  6  6  6  60       
*  2024  1 10 11 30  0.00000000
PG01 -12894.168134   9209.504442  20899.596332    165.724927  7  4  5  78       
PG02 -15269.089784   1624.242429  22185.873972   -502.983435  6  4  1  82       
PG03 -22991.733816  10571.173102   7734.487251    116.350112  6  5  6  50       
PG04 -21711.792977   1453.092703 -15308.303466    262.396768  6  5  4  72       
PG05  20284.194523  -1237.336229 -17327.752406   -157.435033  8  3  4  56       
PG06   6370.192596  25068.434449  -5716.400726    449.591776  4  5  4  49       
PG07  -6389.108895  22085.407036 -12391.441183    -33.803271  3     4  57       
PG08 -25296.035444  -4226.526609   7611.587458   -161.392317  7  6  6  63       
PG09 -11649.563802  11306.880022 -21116.997227     54.287887  6  4     80       
PG10   3066.229118 -18211.431301  19162.095830    -68.770996  4  5  5  59       
PG11  11860.459575  18140.297465 -15360.490411   -534.573182  7  5  3  64       
PG12  23710.288887  -9082.171988   7386.945158   -466.442676  6  6  3  61       
PG13  22818.162590  13821.617161    140.215404    614.440284  4  4  3  54       
PG14  -7066.402346  19488.452984  16524.149712    294.807059  4  2  4  74       
PG15  25601.358181   1620.928968   6796.653215    115.776346  4  6  1  72       
PG16 -16662.568752  -6237.324733 -20187.776264   -387.032137  9  6  4  93       
PG17   2161.633424  16965.314208  20713.121080    720.202286  5     5  83       
PG18   5805.241473 -22977.200702 -11786.590840   -528.598872  6  3  4  81       
PG19  11938.934078  18480.606092  14940.940113    424.570666  7  3  3  85       
PG20  11456.671171  10268.023382 -21590.481815    392.239320  7  6     78       
PG21 -16102.798204  -4187.817428  21379.117981    138.850965  7  6  2  66       
PG22   -153.627593  17096.203173  20832.176178     50.698608  5  4  2  81       
PG23  14467.140816 -19861.164618   9858.045948    132.579362  5  4  4  46       
PG24  15826.292908   -150.951754  20953.321721   -411.096526  3  3  4  87       
PG25  19585.690196 -17543.253527  -2802.617561    484.744440  4  5  3  39       
PG26  -8761.953270 -13371.029358 -21329.412785    201.627879  7  5  3  99       
PG28  -5817.522128 -25772.360802  -2759.855288    -94.549055  7  8  2  77       
PG29  13465.135359  -9105.866832 -21071.535933   -608.889611 10  6  5  73       
PG30    691.189675  26218.088404  -3024.366738   -447.173844  6  6  4  37       
PG31 -10303.388525 -21408.300978 -11648.911825   -227.214782  6  4  4  77       
PG32  -7136.097873 -17410.881412  19019.507501   -603.964698  6  6  6  64       
*  2024  1 10 11 45  0.00000000
PG01 -13271.622027   6732.071190  21614.485014    165.725866  7  3  6  69       
PG02 -15806.982230   -723.807920  21867.412815   -502.978454  6  3  3  73       
PG03 -22279.813684   9769.980381  10381.683528    116.373634  6  5  7  45       
PG04 -23130.573339    642.081014 -13145.754001    262.405588  7  5  4  70       
PG05  18829.785252    195.615001 -18944.920444   -157.436461  8  4  4  55       
PG06   6261.092645  25586.564065  -2853.664498    449.580054  4  5  4  59       
PG07  -6890.381332  20504.998288 -14603.630937    -33.812117  4  1  5  80       
PG08 -25895.647756  -4684.219868   4910.548848   -161.393548  8  6  6  87       
PG09 -13827.621612  10425.203649 -20240.244957     54.298821  6  3     89       
PG10   4760.070220 -19405.014116  17530.966734    -68.773080  4  5  4  77       
PG11  11844.288883  19785.319914 -13197.555828   -534.585857  6  5  3  54       
PG12  22994.033575  -8301.023311  10011.393941   -466.446022  7  6  2  77       
PG13  22607.034340  13941.949746  -2718.076145    614.443528  4  4  3  53       
PG14  -8622.040538  20389.898780  14563.822065    294.816358  4  2  4  42       
PG15  26191.523074   2075.496257   4098.962747    115.779868  4  6  2  59       
PG16 -14787.159328  -7548.870327 -21152.355783   -387.025098  9  6  4  67       
PG17     21.029167  16040.360215  21575.852268    720.201758  4     5  69       
PG18   6183.468086 -21525.334255 -14118.839129   -528.607305  7  4  4  66       
PG19  10243.964951  17755.370077  16892.936591    424.575429  6  3  3  93       
PG20   9807.040457  12117.067682 -21459.617771    392.237513  7  6     62       
PG21 -16606.686240  -6405.380553  20486.559190    138.849290  7  6  3  54       
PG22  -2056.994527  18253.519659  19720.825055     50.692878  4  4  2  56       
PG23  15345.422288 -20333.174253   7186.116576    132.586011  6  5  4  74       
PG24  16369.044814   2247.825614  20457.578109   -411.103092  4  3  4  88       
PG25  19873.212069 -17387.392922     44.473751    484.745663  5  4  3  65       
PG26  -6956.648592 -14955.808373 -20902.507218    201.624767  7  5  3  79       
PG28  -5594.383131 -25966.019409     90.628401    -94.559171  7  8  2  50       
PG29  15538.558970  -8022.086618 -20067.399072   -608.889203 10  6  6  68       
PG30    275.765691  25749.672090  -5781.949716   -447.169783  6  6  4  59       
PG31 -10188.197148 -22607.838184  -9136.293748   -227.215272  7  4  4  71       
PG32  -5042.536954 -16713.844205  20267.820215   -603.967430  5  6  6  60       
*  2024  1 10 12  0  0.00000000
PG01 -13796.899265   4222.673644  21943.818811    165.726785  7  3  6  64       
PG02 -16456.341125  -2985.066458  21190.411196   -502.973364  6  3  4  73       
PG03 -21395.686285   8735.474010  12847.970339    116.397162  7  5  7  64       
PG04 -24348.421928     -3.882578 -10758.296839    262.414404  7  5  5  69       
PG05  17338.363562   1819.707310 -20241.588078   -157.438127  8  5  4  69       
PG06   6117.481185  25787.223449     58.553431    449.568312  4  5  3   1       
PG07  -7517.719349  18714.693375 -16550.993997    -33.820245  4  2  4  62       
PG08 -26223.117318  -5022.302449   2126.948975   -161.395554  9  6  6  68       
PG09 -15935.140755   9691.986117 -19018.225463     54.309754  6  4  2  90       
PG10   6238.377690 -20556.995972  15598.880126    -68.773996  4  5  3  77       
PG11  11874.576501  21173.958938 -10807.721107   -534.598618  5  5  3  63       
PG12  22090.896075  -7303.798599  12460.706962   -466.449482  6  6  2  75       
PG13  22116.857307  13931.825705  -5530.330234    614.446753  5  4  4  20       
PG14  -9951.703210  21214.927193  12351.130305    294.825591  4  2  4  51       
PG15  26498.729258   2444.408823   1330.918703    115.783434  5  5  4  57       
PG16 -12912.359611  -9014.015846 -21766.150200   -387.018151  9  7  4  77       
PG17  -2235.425397  15206.934844  22080.601899    720.200891  5     5  52       
PG18   6686.291827 -19849.484276 -16205.763550   -528.615734  7  4  4  72       
PG19   8321.854564  17038.402894  18554.282454    424.580276  6  3  3  85       
PG20   8276.388263  14017.663249 -20957.991523    392.235719  7  6  1  63       
PG21 -17195.577087  -8475.258979  19263.478266    138.848697  7  6  4   6       
PG22  -3782.112997  19426.796455  18284.622702     50.686991  3  4  3  52       
PG23  15971.494705 -20637.479404   4389.216526    132.592640  6  5  4  79       
PG24  16999.928053   4539.284291  19599.147209   -411.109663  5  3  4  86       
PG25  19931.830790 -17024.190051   2890.749206    484.746887  5  4  3  67       
PG26  -5273.145691 -16578.469795 -20118.622383    201.621652  6  5  3  77       
PG28  -5304.535702 -25857.719007   2939.550510    -94.569271  7  8  2  73       
PG29  17544.458905  -7103.606409 -18720.183191   -608.888394 10  5  5  83       
PG30   -223.373855  24999.903476  -8438.103740   -447.165668  6  6  4  51       
PG31 -10077.676924 -23523.963560  -6464.075548   -227.215101  7  4  4  79       
PG32  -2798.947887 -16091.885149  21174.729536   -603.970199  4  6  6  52       
*  2024  1 10 12 15  0.00000000
PG01 -14464.158215   1734.552113  21882.635615    165.727699  7  3  6  74       
PG02 -17195.321235  -5118.934947  20166.097614   -502.968061  6  3  4  73       
PG03 -20381.703585   7461.252342  15090.158593    116.420636  7  5  7  46       
PG04 -25329.651259   -505.268486  -8186.902485    262.423213  8  6  5  56       
PG05  15852.785132   3616.474354 -21195.930808   -157.439169  8  6  4  54       
PG06   5899.909738  25675.291775   2969.764444    449.556556  4  4  3  25       
PG07  -8287.117075  16756.547989 -18197.902628    -33.828704  4  2  4  92       
PG08 -26261.465339  -5273.556424   -692.358260   -161.398264  9  5  6  48       
PG09 -17925.863990   9104.279574 -17471.774903     54.320683  6  4  3  81       
PG10   7490.146352 -21622.175661  13398.022696    -68.776016  4  4  2  67       
PG11  11915.904464  22284.667521  -8232.155563   -534.611363  5  4  3  24       
PG12  21040.794173  -6081.394185  14691.474926   -466.453227  6  5  2  90       
PG13  21339.960743  13829.050068  -8249.085914    614.450042  5  3  5  60       
PG14 -11050.593504  21922.322383   9924.166402    294.834813  5  2  4  42       
PG15  26512.654745   2761.038067  -1459.867259    115.786860  5  4  5  41       
PG16 -11079.446966 -10611.533209 -22018.000127   -387.011038  9  7  4  80       
PG17  -4566.462908  14488.335566  22219.746899    720.200116  6     6  65       
PG18   7334.052594 -17989.633078 -18011.364994   -528.624121  7  4  4  87       
PG19   6200.385761  16365.926461  19895.229598    424.585052  6  4  3  77       
PG20   6888.866182  15928.246975 -20094.811788    392.233989  7  5  2  42       
PG21 -17842.055061 -10364.116995  17730.912784    138.847732  7  6  4  31       
PG22  -5308.392189  20576.736315  16547.033834     50.680933  3  3  3  69       
PG23  16361.399251 -20737.754198   1515.934501    132.599248  7  5  3  88       
PG24  17695.128121   6682.975105  18394.893114   -411.116230  5  3  4  77       
PG25  19788.290310 -16428.959750   5686.163018    484.748074  5  4  3  71       
PG26  -3735.084227 -18199.732802 -18989.997760    201.618437  6  5  4  73       
PG28  -4912.820507 -25459.810554   5737.870939    -94.579370  7  8  3  46       
PG29  19435.535975  -6350.264167 -17053.054315   -608.888236 10  5  5  69       
PG30   -835.109425  23991.349606 -10946.145927   -447.161570  6  6  4  62       
PG31  -9934.624528 -24144.943543  -3678.538089   -227.215580  7  3  5  72       
PG32   -444.972245 -15569.705890  21724.659488   -603.972927  4  6  6  61       
*  2024  1 10 12 30  0.00000000
PG01 -15258.958613   -680.863484  21433.159925    165.728590  7  2  6  74       
PG02 -17995.751500  -7089.603907  18811.118140   -502.963145  5  4  3  80       
PG03 -19282.297753   5949.842045  17068.951730    116.444106  7  5  7  56       
PG04 -26044.679077   -888.702066  -5475.613202    262.432057  8  6  6  59       
PG05  14412.808041   5559.840182 -21791.820519   -157.440464  8  6  4  77       
PG06   5571.145261  25264.818158   5829.586631    449.544812  4  3  3  34       
PG07  -9206.905004  14676.908585 -19514.428276    -33.837101  4  3  4  96       
PG08 -26001.644309  -5473.538580  -3500.062341   -161.400276 10  5  6  29       
PG09 -19755.878568   8651.327694 -15627.220262     54.331619  6  4  3  80       
PG10   8513.066835 -22555.461005  10965.473021    -68.776939  5  4     62       
PG11  11930.428960  23104.310859  -5515.179351   -534.624114  4  4  4  38       
PG12  19886.437185  -4633.257916  16663.990167   -466.456588  7  5  3  86       
PG13  20277.213193  13672.971379 -10828.617456    614.453481  6  3  5  67       
PG14 -11922.228602  22472.344162   7324.858075    294.844027  5  3  4   8       
PG15  26231.147861   3060.302467  -4225.954763    115.790492  6  4  6  38       
PG16  -9325.984911 -12313.135234 -21902.509423   -387.003983  8  7  4  65       
PG17  -6927.422560  13900.592718  21991.500285    720.199533  6  1  6  49       
PG18   8139.675376 -15990.344857 -19504.637152   -528.632533  8  4  4  64       
PG19   3914.646484  15769.549801  20891.384982    424.589967  6  4  3  84       
PG20   5661.056892  17804.557006 -18885.500592    392.232471  6  5  3  31       
PG21 -18513.803768 -12044.756258  15914.362664    138.846461  7  6  4  50       
PG22  -6622.879149  21661.853593  14536.330312     50.675152  2  3  3  41       
PG23  16538.744490 -20603.023604  -1383.740970    132.605884  7  5  2  79       
PG24  18425.274981   8644.338110  16867.734640   -411.122808  5  3  4  57       
PG25  19474.930057 -15584.155301   8381.216264    484.749267  5  4  4  76       
PG26  -2359.061896 -19777.473570 -17534.857271    201.615312  6  6  4  80       
PG28  -4387.558422 -24792.789285   8437.393438    -94.589477  7  7  4  19       
PG29  21166.510656  -5753.673055 -15094.588881   -608.887686 10  4  5  79       
PG30  -1583.388826  22753.650668 -13262.002892   -447.157440  6  5  4  60       
PG31  -9721.378687 -24467.912619   -828.311952   -227.215564  7  3  5  42       
PG32   1975.499279 -15165.185764  21907.901992   -603.975656  3  5  4  65       
*  2024  1 10 12 45  0.00000000
PG01 -16158.841571  -2975.808275  20604.678052    165.729468  6  2  6  95       
PG02 -18824.150631  -8867.171065  17147.312992   -502.958136  4  4  3  63       
PG03 -18142.210284   4212.816190  18749.671791    116.467548  7  4  7  73       
PG04 -26471.119640  -1185.741466  -2670.799263    262.440867  8  6  7  43       
PG05  13053.664897   7616.922914 -22019.082728   -157.441762  8  6  4  79       
PG06   5097.813454  24578.416192   8588.631647    449.533066  4  2  3  68       
PG07 -10277.227153  12524.627636 -20476.972102    -33.845771  4  3  4  87       
PG08 -25442.890633  -5659.059349  -6249.130457   -161.401409 10  5  6  46       
PG09 -21385.155088   8315.116399 -13515.946234     54.342552  6  4  4  71       
PG10   9313.477580 -23313.640460   8342.621279    -68.777314  4  4  1  52       
PG11  11879.497334  23628.538561  -2703.500747   -534.636914  4  4  4  15       
PG12  18671.629244  -2967.661685  18343.022390   -466.459893  7  5  3  84       
PG13  18938.082797  13502.847032 -13225.650331    614.456913  6  3  5  72       
PG14 -12578.118389  22828.339784   4598.236283    294.853268  5  2  4  54       
PG15  25660.229327   3377.130810  -6920.844558    115.793725  6  4  6  56       
PG16  -7684.538236 -14084.341125 -21420.204283   -386.997096  8  6  5  90       
PG17  -9271.713535  13451.950462  21399.903905    720.198429  7  2  7  73       
PG18   9108.016708 -13899.136440 -20660.094500   -528.640939  8  4  5  88       
PG19   1505.916252  15274.975108  21524.219504    424.594706  6  4  3  92       
PG20   4601.516410  19601.225571 -17351.389474    392.230484  6  5  4  56       
PG21 -19174.804078 -13496.862992  13843.412927    138.845594  7  6  4  49       
PG22  -7720.568034  22639.974841  12285.210070     50.669253  3  3  4  78       
PG23  16533.617329 -20209.002684  -4259.320418    132.612528  8  5     65       
PG24  19156.675799  10395.796073  15046.096760   -411.129388  5  3  3  60       
PG25  19028.309550 -14480.299354  10927.905263    484.750491  5  3  4  72       
PG26  -1154.129669 -21268.242666 -15777.179134    201.612173  6  6  5  82       
PG28  -3701.979397 -23884.483893  10991.598192    -94.599564  6  7  5           
PG29  22695.737241  -5297.707199 -12878.290347   -608.887420 10  3  5  75       
PG30  -2486.063611  21322.388570 -15345.033653   -447.153292  6  5  5  67       
PG31  -9401.508294 -24498.949420   2036.505909   -227.216116  6  3  5  63       
PG32   4415.774030 -14888.700471  21720.799000   -603.978335  4  4  3  79       
*  2024  1 10 13  0  0.00000000
PG01 -17134.247009  -5107.863314  19413.265590    165.730335  6  2  6  69       
PG02 -19642.941327 -10428.558494  15201.435040   -502.953115  3  4  3  66       
PG03 -17004.718769   2270.552332  20102.899732    116.490872  6  4  6  76       
PG04 -26594.612490  -1431.468308    179.619808    262.449645  8  6  7  39       
PG05  11804.814366   9749.096545 -21873.665736   -157.442696  8  6  4  69       
PG06   4451.887780  23646.338687  11199.366726    449.521338  4  1  3  44       
PG07 -11489.884205  10349.183116 -21068.737813    -33.854237  4  3  3  87       
PG08 -24592.786743  -5866.623619  -8893.532174   -161.403590 10  5  6  56       
PG09 -22778.950284   8071.209148 -11173.879831     54.353479  6  5  4  70       
PG10   9905.977102 -23857.116281   5574.492652    -68.777847  4  3  3  73       
PG11  11725.301925  23861.828849    154.584813   -534.649665  5  3  5  64       
PG12  17439.529849  -1101.617386  19698.515396   -466.463572  7  5  4  80       
PG13  17340.389071  13356.229554 -15400.031495    614.460128  7  3  5  67       
PG14 -13037.130917  22958.252044   1791.639335    294.862546  6  2  4  23       
PG15  24813.804659   3744.956341  -9499.699001    115.797223  6  5  7  75       
PG16  -6181.563080 -15885.585189 -20577.617559   -386.990155  8  6  5  59       
PG17 -11552.344815  13142.635062  20454.752610    720.197591  7  3  7  67       
PG18  10235.538524 -11764.749223 -21458.195105   -528.649338  9  4  5  80       
PG19   -979.703461  14900.935063  21781.482097    424.599474  6  4  3  85       
PG20   3710.636429  21273.417293 -15519.317562    392.228876  6  5  4  78       
PG21 -19786.653238 -14707.527628  11551.333324    138.844345  7  6  5  53       
PG22  -8604.430485  23469.784295   9830.357794     50.663019  3  2  4  65       
PG23  16381.243229 -19539.182426  -7060.724384    132.619157  8  6  2  66       
PG24  19852.712804  11917.550546  12963.273847   -411.135971  5  3  3  63       
PG25  18487.655673 -13116.601131  13280.661883    484.751676  6  3  5  84       
PG26   -121.579775 -22628.864205 -13746.358533    201.609046  5  5  5  90       
PG28  -2835.463600 -22768.974175  13356.446976    -94.609642  6  7  5  67       
PG29  23986.689605  -4959.288443 -10442.026647   -608.886961 10  3  4  88       
PG30  -3553.974818  19737.728414 -17158.784283   -447.149153  6  5  5  72       
PG31  -8941.474282 -24252.800756   4865.286816   -227.216118  6  3  5  47       
PG32   6827.915608 -14742.728486  21165.838110   -603.981021  4  3  2  82       
*  2024  1 10 13 15  0.00000000
PG01 -18149.723266  -7041.395382  17881.380540    165.731187  6  2  5  78       
PG02 -20411.825429 -11758.197999  13004.809547   -502.948095  2  5  3  62       
PG03 -15909.933771    151.638691  21105.015918    116.514276  6  4  6  52       
PG04 -26409.358228  -1662.945478   3026.976845    262.458448  8  6  7  43       
PG05  10688.917197  11913.273566 -21357.719259   -157.444059  8  6  4  66       
PG06   3611.965744  22505.271010  13616.936138    449.509640  4  1  2  76       
PG07 -12828.548875   8198.789744 -21280.033777    -33.862834  4  3  3  90       
PG08 -23467.031564  -6130.888679 -11388.947301   -161.404490 10  5  6  72       
PG09 -23909.021417   7889.835405  -8640.899834     54.364397  6  5  4  67       
PG10  10312.706029 -24151.528757   2708.983044    -68.779731  5  2  4  60       
PG11  11432.506529  23817.204209   3010.020295   -534.662470  5  3  5  39       
PG12  16230.944593    939.564897  20706.186275   -466.466870  7  5  5  90       
PG13  15509.757100  13267.431812 -17315.347261    614.463548  7  4  6  71       
PG14 -13324.569432  22835.962180  -1046.131196    294.871758  6  2  4  54       
PG15  23713.105783   4194.295577 -11920.006785    115.800749  5  5  7  69       
PG16  -4836.514063 -17673.536026 -19387.291477   -386.983372  8  6  6  95       
PG17 -13723.471347  12964.916696  19171.451388    720.196337  7  4  7  58       
PG18  11510.320763  -9635.390678 -21885.652287   -528.657731  9  4  5  76       
PG19  -3492.865809  14658.408877  21657.505391    424.603951  6  4  3  80       
PG20   2980.828511  22778.450030 -13421.140668    392.227603  5  4  5  35       
PG21 -20309.965704 -15671.524566   9074.655166    138.843176  8  7  5  29       
PG22  -9285.163413  24112.363531   7211.947465     50.657475  3  2  4  56       
PG23  16120.450194 -18585.617302  -9739.187651    132.625828  9  6  3  36       
PG24  20475.344373  13198.058227  10656.725819   -411.142582  6  3  4  70       
PG25  17893.196873 -11501.227100  15397.261338    484.752866  6  3  5  77       
PG26    744.960348 -23818.056098 -11476.763383    201.605906  5  5  5  64       
PG28  -1774.545572 -21485.278843  15491.146650    -94.619705  5  6  6  62       
PG29  25009.263235  -4709.443602  -7827.397153   -608.886577 10  2  4  44       
PG30  -4790.326807  18042.889364 -18671.657332   -447.145014  6  4  5  58       
PG31  -8312.193159 -23752.259884   7607.835137   -227.216615  6  2  5   4       
PG32   9164.358672 -14721.761815  20251.658066   -603.983701  5  2  2  80       
*  2024  1 10 13 30  0.00000000
PG01 -19165.371913  -8748.701503  16037.338823    165.732029  5  3  5  84       
PG02 -21089.277203 -12848.460392  10592.933959   -502.942941  3  5  4  62       
PG03 -14893.235460  -2108.048533  21738.629174    116.537679  5  4  5  61       
PG04 -25918.341683  -1917.600941   5822.669148    262.467265  8  6  7  50       
PG05   9721.074145  14063.363284 -20479.580689   -157.445316  7  6  4  52       
PG06   2564.282966  21196.892212  15799.927718    449.497933  4  2  2  70       
PG07 -14269.340494   6118.588808 -21108.398848    -33.871325  4  3  3  77       
PG08 -22088.927642  -6483.193686 -13693.450017   -161.405655  9  5  6  71       
PG09 -24754.606549   7737.191460  -5960.179328     54.375273  6  5  4  70       
PG10  10562.322463 -24169.203078   -203.980947    -68.781088  5  1  4  76       
PG11  10969.782500  23515.630457   5813.823308   -534.675270  5  3  5  23       
PG12  15082.718590   3123.061656  21348.010806   -466.470142  7  5  5  86       
PG13  13478.795000  13266.125658 -18939.482836    614.467135  7  4  6  59       
PG14 -13470.997800  22442.412441  -3865.686111    294.881015  6  2  3  41       
PG15  22385.888873   4751.459903 -14142.187978    115.804200  6  5  7  71       
PG16  -3661.205000 -19402.585072 -17867.691713   -386.976161  8  6  6  97       
PG17 -15741.906210  12903.462468  17570.806258    720.195765  7  4  7  59       
PG18  12912.410331  -7557.014166 -21935.631604   -528.666127  9  4  5  79       
PG19  -5982.702679  14550.154269  21153.390961    424.608801  6  5  4  84       
PG20   2397.019640  24077.336830 -11093.161683    392.225656  5  4  5  27       
PG21 -20705.815104 -16391.345202   6452.724196    138.842164  8  7  6  19       
PG22  -9780.658883  24532.673395   4473.087149     50.651195  3  2  4  71       
PG23  15791.999325 -17349.382024 -12248.138055    132.632506  9  6  4  72       
PG24  20986.646127  14234.179731   8167.327848   -411.149222  6  4  4  67       
PG25  17284.455331  -9651.207533  17239.672699    484.754098  6  3  6  86       
PG26   1459.126768 -24798.007785  -9007.186147    201.602760  4  5  4  84       
PG28   -513.641260 -20075.864193  17358.857463    -94.629787  5  6  6  77       
PG29  25740.844924  -4514.591732  -5079.038744   -608.886256  9  3  5  84       
PG30  -6190.375350  16282.508584 -19857.481598   -447.140890  6  4  5  71       
PG31  -7490.432844 -23027.221174  10215.359828   -227.216859  5  2  5           
PG32  11379.523046 -14812.527445  18992.961026   -603.986388  4  1  3  82       
*  2024  1 10 13 45  0.00000000
PG01 -20138.462533 -10210.818873  13914.691201    165.732866  5  4  4  83       
PG02 -21634.107431 -13699.811046   8005.016379   -502.937781  3  5  5  26       
PG03 -13983.913673  -4466.559862  21992.885519    116.561059  5  4  4  68       
PG04 -25133.234385  -2231.599182   8518.968697    262.476076  8  6  7  70       
PG05   8908.354343  16151.854355 -19253.667756   -157.446692  7  6  4  67       
PG06   1303.426507  19766.261608  17711.071681    449.486266  5  3  2  40       
PG07 -15781.727878   4148.997651 -20558.553770    -33.879522  5  3  3  79       
PG08 -20488.602390  -6950.212698 -15768.162472   -161.407183  8  4  6  92       
PG09 -25303.133342   7576.904652  -3177.470664     54.386191  6  5  4  88       
PG10  10688.707992 -23890.355740  -3113.342642    -68.782485  5  2  5  66       
PG11  10311.195119  22985.123170   8517.919082   -534.688032  5  3  5  10       
PG12  14026.301335   5409.633309  21612.581792   -466.473677  7  5  5  96       
PG13  11286.024418  13376.123555 -20245.118242    614.470374  7  4  6  56       
PG14 -13510.861822  21766.461934  -6617.938041    294.890240  5  2  3  71       
PG15  20865.422071   5437.441502 -16130.137350    115.807557  6  5  7  40       
PG16  -2659.452589 -21026.455689 -16043.026092   -386.969368  8  6  6  90       
PG17 -17568.549273  12935.969782  15678.749130    720.194391  7  4  6  43       
PG18  14414.490753  -5571.703302 -21607.832130   -528.674553  9  4  6  72       
PG19  -8398.628844  14570.580125  20277.064586    424.613551  6  5  3  74       
PG20   1937.436917  25136.191275  -8575.493340    392.224029  6  4  5  21       
PG21 -20937.175885 -16876.982775   3727.227219    138.841364  8  7  6  37       
PG22 -10115.209546  24700.926545   1659.207086     50.645559  2  2  4  64       
PG23  15436.850200 -15840.678796 -14544.031841    132.639201  9  7  4  67       
PG24  21350.330392  15031.006474   5538.592938   -411.155832  6  4  4  67       
PG25  16698.571549  -7591.978112  18774.828241    484.755326  6  3  6  89       
PG26   2041.121623 -25535.851400  -6380.197651    201.599613  4  4  5  75       
PG28    944.531469 -18585.031363  18927.333546    -94.639953  4  5  7  76       
PG29  26167.110014  -4338.012374  -2243.881472   -608.885863  9  3  5  67       
PG30  -7741.442340  14500.966102 -20695.970712   -447.136727  6  3  5  76       
PG31  -6459.977817 -22113.448661  12641.428022   -227.217041  5  1  5  39       
PG32  13431.368738 -14994.514925  17410.329171   -603.989044  5  1  3  86       
*  2024  1 10 14  0  0.00000000
PG01 -21025.147424 -11417.976805  11551.521787    165.733683  5  4  4  84       
PG02 -22007.047382 -14320.681762   5283.451596   -502.933072  4  5  5  19       
PG03 -13204.066298  -6877.330124  21863.650752    116.584453  4  4  4  80       
PG04 -24073.980083  -2638.262150  11069.818166    262.484961  7  6  7  69       
PG05   8249.632701  18131.465134 -17700.277122   -157.447866  6  6  4  93       
PG06   -167.278945  18260.094592  19317.860747    449.474580  5  2  2  62       
PG07 -17329.713927   2324.289582 -19642.186958    -33.888169  5  2  3  84       
PG08 -18701.989532  -7552.779435 -17577.870959   -161.408008  8  5  6 102       
PG09 -25550.628802   7371.605604   -340.343292     54.397121  6  5  4  72       
PG10  10729.454451 -23304.005868  -5967.858289    -68.783877  5  3  5  55       
PG11   9437.386717  22259.596443  11075.956428   -534.700833  5  3  5  57       
PG12  13086.544403   7754.989503  21495.330694   -466.477061  7  5  6  94       
PG13   8974.601939  13614.386252 -21210.155799    614.473838  6  4  6  61       
PG14 -13480.962588  20805.440275  -9254.986514    294.899422  5  3  3  81       
PG15  19189.301849   6267.007804 -17851.705446    115.811350  7  6  7  77       
PG16  -1827.023693 -22499.877285 -13942.962003   -386.962688  8  6  6 103       
PG17 -19169.684746  13034.060854  13525.996339    720.193655  7  4  5  62       
PG18  15982.844427  -3716.222087 -20908.453170   -528.682924  9  4  6  74       
PG19 -10692.153280  14705.970427  19043.194912    424.618252  5  5  3  74       
PG20   1574.648638  25927.444342  -5911.365023    392.222095  6  4  5  54       
PG21 -20970.322802 -17145.473185    941.689511    138.840254  8  7  6  45       
PG22 -10318.472005  24593.800403  -1182.606764     50.639536  1  2  4  69       
PG23  15094.431829 -14078.590896 -16587.128731    132.645887  9  7  5  71       
PG24  21533.186326  15601.383588   2815.884738   -411.162468  6  4  4  60       
PG25  16168.735362  -5356.572836  19975.289735    484.756632  6  4  6  96       
PG26   2516.743465 -26004.964698  -3641.412050    201.596469  5  4  5  66       
PG28   2588.856330 -17057.244621  20169.484229    -94.650041  4  5  7  80       
PG29  26282.517071  -4141.438944    629.634934   -608.885629  8  4  6  94       
PG30  -9423.255325  12740.739456 -21173.062295   -447.132565  6  3  5  60       
PG31  -5212.510299 -21051.109781  14842.875706   -227.217549  4  2  5  63       
PG32  15282.834331 -15240.794505  15529.944191   -603.991687  5  2  3  90       
*  2024  1 10 14 15  0.00000000
PG01 -21782.204896 -12369.683246   8989.688514    165.734523  5  5  5  70       
PG02 -22172.299114 -14727.057309   2473.234287   -502.927857  5  5  5  27       
PG03 -12567.799707  -9290.819874  21353.564165    116.607838  4  4  3  52       
PG04 -22768.078669  -3166.599847  13431.600628    262.493781  6  5  7  60       
PG05   7735.744203  19956.802378 -15845.289257   -157.448668  6  5  5  69       
PG06  -1835.725423  16724.994919  20593.082471    449.462915  5  3  2  70       
PG07 -18873.243219    671.461141 -18377.589369    -33.896474  5  2  4  40       
PG08 -16769.604863  -8304.926733 -19091.597591   -161.409931  7  5  6  83       
PG09 -25501.813302   7084.548585   2502.614073     54.408012  6  5  3  69       
PG10  10724.192409 -22408.548402  -8717.061757    -68.785364  5  4  6  79       
PG11   8336.510841  21377.498623  13444.093321   -534.713630  5  3  5  14       
PG12  12280.783081  10111.365483  20998.606941   -466.480466  7  5  6  82       
PG13   6590.875990  13990.292003 -21818.074667    614.477059  6  4  6  85       
PG14 -13418.844249  19565.376076 -11730.980401    294.908661  4  3  3  85       
PG15  17398.140531   7248.030989 -19279.117807    115.814858  7  6  6  65       
PG16  -1151.896626 -23780.263620 -11602.238116   -386.955741  8  6  6  73       
PG17 -20518.103160  13164.410978  11147.640396    720.192705  7  4  4  92       
PG18  17578.568383  -2020.784721 -19850.049656   -528.691311  9  4  6  88       
PG19 -12818.622658  14935.054741  17472.972590    424.622712  5  5  3  64       
PG20   1276.819821  26430.828477  -3146.385648    392.220871  6  4  6  65       
PG21 -20776.146401 -17220.201681  -1859.060245    138.839814  7  7  6  46       
PG22 -10424.219459  24195.443505  -4004.329935     50.633834     2  4  70       
PG23  14800.989326 -12090.493091 -18342.191557    132.652583  9  7  6  63       
PG24  21506.389022  15965.157259     45.635627   -411.169087  6  4  5  68       
PG25  15722.793016  -2984.501238  20819.792958    484.757867  6  3  6  88       
PG26   2916.181567 -26186.049321   -838.675370    201.593346  4  3  5  62       
PG28   4400.051030 -15535.465482  21063.846157    -94.660103  4  4  7  88       
PG29  26090.480953  -3886.716591   3492.371749   -608.885188  7  4  6  94       
PG30 -11208.596239  11040.854818 -21281.132826   -447.128410  6  3  5  56       
PG31  -3748.166925 -19883.137035  16780.651421   -227.217463  4  3  5  54       
PG32  16903.103979 -15519.099161  13383.209485   -603.994326  5  3  3  87       
*  2024  1 10 14 30  0.00000000
PG01 -22368.741764 -13074.453517   6274.025260    165.735301  6  5  5  66       
PG02 -22098.997175 -14941.784041   -378.689803   -502.922899  5  5  6  37       
PG03 -12080.762021 -11656.274245  20471.963806    116.631232  4  4  3  74       
PG04 -21249.594946  -3840.006633  15563.871183    262.502613  6  5  7  88       
PG05   7349.951731  21585.967592 -13719.781057   -157.449841  6  5  5  72       
PG06  -3681.316712  15205.711459  21515.256602    449.451242  5  2  2  70       
PG07 -20369.765482   -790.572498 -16789.157759    -33.905085  6  2  5  68       
PG08 -14735.157570  -9213.177064 -20283.120053   -161.411627  7  6  6  67       
PG09 -25169.873942   6681.217797   5302.614551     54.418909  6  5  3  65       
PG10  10712.830797 -21211.960069 -11312.228316    -68.786912  5  5  6  84       
PG11   7004.881342  20380.287574  15581.739354   -534.726407  5  4  5  46       
PG12  11618.240137  12429.243166  20131.613576   -466.484089  6  5  6  85       
PG13   4182.829353  14505.194136 -22058.208150    614.480539  6  3  6  79       
PG14 -13361.162106  18060.890771 -14002.940116    294.917881  4  3  3  50       
PG15  15534.169901   8381.071186 -20389.333257    115.818341  8  7  6  90       
PG16   -614.835272 -24829.330995  -9060.168201   -386.948693  8  5  6 104       
PG17 -21594.007788  13290.075436   8582.674652    720.192004  7  4  4  88       
PG18  19158.995143   -508.089760 -18451.281248   -528.699699  8  4  6  77       
PG19 -14738.823328  15229.905000  15593.750964    424.627785  5  5  3  79       
PG20   1009.132783  26634.093681   -327.774772    392.218586  6  4  6  37       
PG21 -20331.343151 -17129.991361  -4629.460490    138.838134  7  7  6           
PG22 -10468.923618  23498.233020  -6757.761711     50.627846     3  4  66       
PG23  14588.072771  -9911.143399 -19779.097377    132.659331  9  7  6  55       
PG24  21246.633243  16148.183308  -2725.417496   -411.175701  6  5  5  66       
PG25  15382.091865   -520.357873  21293.655710    484.759107  5  3  6  96       
PG26   3272.621572 -26067.936152   1978.806785    201.590232  4  3  5  49       
PG28   6351.220617 -14059.557193  21594.957804    -94.670160  4  4  7  87       
PG29  25603.217112  -3537.461241   6295.316614   -608.884760  6  4  6  86       
PG30 -13064.230814   9435.496170 -21019.086680   -447.124300  6  3  5  57       
PG31  -2075.745285 -18653.488621  18420.570940   -227.217707  4  3  5  62       
PG32  18268.653175 -15793.133366  11006.276499   -603.997005  5  4  3  94       
*  2024  1 10 14 45  0.00000000
PG01 -22747.790282 -13549.202732   3451.523887    165.736116  6  5  6  53       
PG02 -21762.526917 -14993.617671  -3224.132068   -502.917678  5  5  6  56       
PG03 -11740.025800 -13923.528513  19234.686721    116.654650  5  4  3  56       
PG04 -19557.928914  -4675.173352  17430.039171    262.511440  5  5  6  64       
PG05   7068.712586  22982.051151 -11359.548918   -157.451326  5  5  6  61       
PG06  -5675.591277  13743.485633  22068.972183    449.439583  5  2  3  59       
PG07 -21775.883645  -2051.430528 -14906.788743    -33.913521  6  2  5  76       
PG08 -12644.044409 -10276.112695 -21131.431705   -161.414250  7  6  6  53       
PG09 -24575.924361   6130.857280   8011.504247     54.429848  6  4  2  79       
PG10  10733.782384 -19731.625086 -13707.313908    -68.788403  5  5  6  40       
PG11   5447.311019  19310.803986  17452.243082   -534.739194  5  4  5  26       
PG12  11099.775273  14659.144389  18910.202164   -466.487341  6  5  6  77       
PG13   1798.461446  15152.284296 -21925.939631    614.484015  5  3  6  71       
PG14 -13342.097544  16314.762194 -16031.523028    294.927140  4  3  3  66       
PG15  13639.807081   9659.224199 -21164.342221    115.821704  8  7  5  86       
PG16   -190.262322 -25614.590876  -6360.037760   -386.941754  7  5  6  95       
PG17 -22385.670742  13371.972466   5873.450933    720.190908  8  5  5  90       
PG18  20679.263104    807.347409 -16736.561706   -528.708121  8  5  5  72       
PG19 -16420.373115  15557.123168  13438.553715    424.632510  5  5  2  73       
PG20    735.317834  26533.430530   2496.425897    392.216880  6  4  6  19       
PG21 -19619.440028 -16907.995725  -7323.824980    138.836774  7  7  6  28       
PG22 -10490.213937  22503.247899  -9395.324263     50.622052  2  4  3  86       
PG23  14481.228312  -7581.493526 -20873.349379    132.665977  9  6  6  79       
PG24  20737.055840  16181.140330  -5450.969757   -411.182324  6  5  5  89       
PG25  15160.612943   1987.775335  21389.039360    484.760339  5  3  5  87       
PG26   3620.719246 -25648.080235   4761.384013    201.587075  4  3  5  72       
PG28   8408.711333 -12664.821378  21753.629707    -94.680166  4  4  7  82       
PG29  24841.262212  -3060.656160   8990.410622   -608.884187  5  4  6  85       
PG30 -14952.078928   7952.826426 -20392.321013   -447.120099  6  3  4  70       
PG31   -212.550988 -17405.383728  19733.963841   -227.217935  3  4  4  64       
PG32  19364.030390 -16024.061773   8439.478602   -603.999656  5  5  3  71       
*  2024  1 10 15  0  0.00000000
PG01 -22887.741752 -13818.335142    570.512592    165.736907  6  5  6  84       
PG02 -21145.646571 -14916.037165  -6014.423746   -502.912588  5  4  6  55       
PG03 -11534.322123 -16044.788430  17663.750360    116.678040  5  4  3  73       
PG04 -17736.393045  -5681.257543  18997.990187    262.520222  4  5  6  77       
PG05   6862.717618  24114.457266  -8804.546466   -157.452658  5  5  6  71       
PG06  -7783.148054  12374.551479  22245.120912    449.427896  5  2  4  72       
PG07 -23049.014882  -3109.361662 -12765.187580    -33.921541  6  2  6  93       
PG08 -10541.778922 -11484.245166 -21621.133911   -161.415268  7  7  6  61       
PG09 -23748.170114   5407.864485  10582.589642     54.440728  6  4  2  63       
PG10  10822.251511 -17993.784523 -15859.846250    -68.789733  6  5  6  91       
PG11   3677.126273  18211.604949  19023.513211   -534.751967  5  4  5  43       
PG12  10717.988133  16753.421166  17356.533987   -466.490928  5  4  6  72       
PG13   -515.833036  15916.768542 -21422.813160    614.487148  5  2  5  75       
PG14 -13391.884093  14357.175926 -17781.717103    294.936519  3  4  3  62       
PG15  11756.229057  11068.236808 -21591.405772    115.825304  8  7  5  82       
PG16    152.595157 -26110.653080  -3548.397757   -386.934986  7  5  6  73       
PG17 -22889.811239  13370.473335   3065.071325    720.190047  8  5  6  85       
PG18  22093.975834   1919.541546 -14735.616464   -528.716504  7  5  5  82       
PG19 -17838.842764  15879.270671  11045.459208    424.637436  5  5  2  88       
PG20    419.235634  26133.585998   5278.148607    392.214984  6  4  6           
PG21 -18631.615383 -16590.424137  -9896.989394    138.836335  7  7  6  71       
PG22 -10525.269245  21220.430653 -11870.887894     50.616160  3  4  4  84       
PG23  14498.942658  -5147.266322 -21606.481366    132.672665  8  6  6  91       
PG24  19967.919709  16098.195106  -8085.849645   -411.188928  6  5  6  85       
PG25  15064.427700   4490.064023  21105.059052    484.761578  5  3  5  92       
PG26   3995.006080 -24932.720720   7459.897747    201.583926  3  4  5  82       
PG28  10533.232732 -11380.723454  21537.105567    -94.690263  5  4  7  79       
PG29  23832.688234  -2428.124391  11531.363899   -608.883887  4  5  6 101       
PG30 -16830.576857   6614.064553 -19412.571033   -447.115951  7  3  3  82       
PG31   1816.107365 -16179.588924  20698.196742   -227.218043  3  5  4  68       
PG32  20182.340604 -16172.122649   5726.678125   -604.002362  6  6  3  92       
*  2024  1 10 15 15  0.00000000
PG01 -22763.567669 -13912.573369  -2320.155260    165.737663  6  5  6  59       
PG02 -20239.364168 -14745.861773  -8701.225458   -502.907953  6  4  6  18       
PG03 -11444.613535 -17976.315213  15786.923827    116.701469  5  4  3  62       
PG04 -15830.649395  -6859.344601  20240.637806    262.529068  3  6  5  79       
PG05   6698.166169  24960.007952  -6098.242848   -157.453504  4  5  6  69       
PG06  -9962.838976  11128.843828  22041.024981    449.416283  5  2  4  77       
PG07 -24148.996322  -3970.991322 -10403.115760    -33.930042  6  2  6  80       
PG08  -8472.411213 -12820.193882 -21742.752266   -161.417125  7  7  6  64       
PG09 -22720.810192   4492.992155  12971.446987     54.451718  6  4  2  51       
PG10  11008.658431 -16032.630409 -17731.745069    -68.792034  6  4  5  82       
PG11   1715.856422  17123.321435  20268.563637   -534.764715  5  4  6  70       
PG12  10457.666967  18667.968764  15498.618199   -466.494499  5  4  6  87       
PG13  -2716.831659  16776.352961 -20556.554972    614.490693  4  2  5  76       
PG14 -13535.503847  12224.695076 -19223.449780    294.945788  3  4  3  82       
PG15   9922.001425  12586.885170 -21663.235531    115.828781  8  7  5  75       
PG16    448.327589 -26300.280287   -674.263790   -386.928142  7  5  6  89       
PG17 -23111.676529  13247.044899    204.716576    720.189090  8  5  6  64       
PG18  23358.887059   2831.054052 -12482.957327   -528.724918  6  5  5  83       
PG19 -18978.558657  16156.479050   8456.875473    424.642056  5  5  3  80       
PG20     26.451328  25447.669145   7970.091519    392.213398  5  4  6  57       
PG21 -17367.281018 -16215.135772 -12304.995129    138.835117  7  7  6  38       
PG22 -10609.202342  19668.421098 -14140.608800     50.610177  4  4  4  84       
PG23  14651.881240  -2657.357364 -21966.349288    132.679356  7  6  6  94       
PG24  18937.041199  15935.570647 -10586.679686   -411.195549  5  5  6  88       
PG25  15091.499665   6936.718193  20447.742849    484.762784  6  3  5  83       
PG26   4428.294623 -23936.695836  10026.617567    201.580806  4  4  5  61       
PG28  12681.205364 -10229.856031  20949.111316    -94.700298  6  4  7  84       
PG29  22612.038882  -1617.819703  13874.446363   -608.883410  4  5  6  97       
PG30 -18656.175538   5432.851382 -18097.642699   -447.111828  7  3  3  95       
PG31   3977.751847 -15012.828858  21297.062330   -227.218351  3  5  4  82       
PG32  20725.407486 -16198.304395   2914.534670   -604.005003  6  7  3 110       
*  2024  1 10 15 30  0.00000000
PG01 -22357.789050 -13867.577869  -5171.889967    165.738462  6  5  7  70       
PG02 -19043.526654 -14521.717765 -11237.372774   -502.902846  5  3  5           
PG03 -11444.979674 -19679.949843  13637.199772    116.724819  6  3  4  61       
PG04 -13887.064760  -8202.222091  21136.395718    262.537923  3  6  5  70       
PG05   6538.230290  25503.781358  -3286.909387   -157.455125  4  4  6  61       
PG06 -12169.182572  10028.961746  21460.459179    449.404595  5  2  4  77       
PG07 -25039.573376  -4650.744955  -7862.600343    -33.938509  5  2  6  81       
PG08  -6476.995574 -14259.173015 -21492.968305   -161.419727  7  8  7  70       
PG09 -21532.715718   3374.310036  15136.699327     54.462470  5  3  2  45       
PG10  11317.268807 -13889.082016 -19290.050742    -68.793376  7  4  5  83       
PG11   -407.391403  16083.102323  21165.973539   -534.777422  5  4  6  64       
PG12  10296.559942  20363.791975  13369.740707   -466.497860  4  4  6  73       
PG13  -4765.941487  17702.024704 -19341.002577    614.493978  4     4  77       
PG14 -13791.606034   9958.990458 -20332.101260    294.955058  3  5  3  82       
PG15   8171.805191  14187.604513 -21378.113762    115.832550  8  7  5  72       
PG16    733.784104 -26175.142494   2211.766552   -386.921185  7  6  6  92       
PG17 -23064.815286  12965.885781  -2659.084571    720.188165  7  5  7  69       
PG18  24432.547841   3552.681492 -10017.284128   -528.733335  5  5  4  81       
PG19 -19833.052344  16348.172365   5718.723238    424.646828  5  5  4  68       
PG20   -474.258676  24496.654988  10526.495165    392.211416  5  5  6  64       
PG21 -15834.394853 -15820.144390 -14505.806286    138.834175  7  7  5  49       
PG22 -10773.501721  17874.057445 -16163.763005     50.604344  4  4  4  82       
PG23  14942.448022   -162.124076 -21947.306782    132.686053  7  5  6  93       
PG24  17649.951724  15730.068138 -12912.492745   -411.202111  5  5  6  95       
PG25  15231.835433   9279.773926  19429.845058    484.764000  6  3  5  85       
PG26   4950.152238 -22682.918294  12416.154400    201.577630  4  4  6  61       
PG28  14806.282470  -9227.180200  19999.791207    -94.710377  6  4  7  79       
PG29  21219.027749   -614.885177  15979.240411   -608.883115  5  5  5  89       
PG30 -20384.914653   4414.924435 -16471.041955   -447.107654  7  3  2  82       
PG31   6233.859442 -13936.387692  21521.027953   -227.218377  3  5  3  73       
PG32  21003.603096 -16066.019148     51.705377   -604.007628  6  7  4  83       
*  2024  1 10 15 45  0.00000000
PG01 -21661.165079 -13722.412035  -7937.122415    165.739231  6  5  7  47       
PG02 -17567.087113 -14282.410143 -13577.743697   -502.897967  6  2  5  31       
PG03 -11503.777155 -21124.418711  11252.179367    116.748206  6  3  4  69       
PG04 -11951.045515  -9694.477871  21669.561876    262.546835  3  7  5  69       
PG05   6344.653378  25739.648988   -418.844324   -157.456820  4  5  7  25       
PG06 -14353.945158   9089.424470  20513.568467    449.392873  5  3  4  75       
PG07 -25689.717012  -5169.983383  -5188.125962    -33.947045  5  2  6  70       
PG08  -4592.163109 -15769.774771 -20874.758486   -161.422578  7  9  7  52       
PG09 -20225.935884   2047.886760  17040.746917     54.473323  6  3  3  30       
PG10  11765.087601 -11609.296193 -20507.543459    -68.794431  7  4  4  86       
PG11  -2656.848992  15123.204329  21700.255019   -534.790177  5  5  6  78       
PG12  10206.432552  21808.362550  11007.800005   -466.501416  3  4  6  71       
PG13  -6630.492249  18659.103760 -17795.938662    614.497265  3  1  2  83       
PG14 -14171.689922   7605.382330 -21088.913874    294.964330  3  5  3  74       
PG15   6535.302880  15837.351217 -20739.952114    115.835749  7  7  5  76       
PG16   1046.395557 -25736.231043   5058.460996   -386.914302  7  6  6  96       
PG17 -22770.544030  12495.494926  -5477.238385    720.187566  7  5  7  62       
PG18  25277.854454   4102.830713  -7380.823807   -528.741678  4  5  4  92       
PG19 -20405.138929  16414.827029   2879.547631    424.651491  5  6  4  75       
PG20  -1109.523756  23308.605644  12903.892416    392.209841  5  5  6  75       
PG21 -14049.479619 -15442.082625 -16460.052645    138.832896  8  7  5  49       
PG22 -11044.595619  15871.553338 -17903.557611     50.598379  5  3  4  88       
PG23  15364.681752   2288.370680 -21550.264183    132.692712  6  5  6  95       
PG24  16119.792824  15517.593562 -15025.301566   -411.208716  4  5  6 102       
PG25  15467.973354  11474.785352  18070.523368    484.765254  6  3  5  88       
PG26   5585.509515 -21201.531883  14586.328026    201.574452  4  5  6  85       
PG28  16860.987278  -8379.573725  18705.531982    -94.720461  7  4  6  85       
PG29  19697.046945    587.563020  17809.342617   -608.882726  5  5  5  91       
PG30 -21974.010583   3558.109367 -14561.511194   -447.103531  7  4  2  80       
PG31   8541.226468 -12974.957725  21367.342203   -227.218623  3  6  3  83       
PG32  21035.347255 -15742.705728  -2812.009557   -604.010249  6  8  4  99       
*  2024  1 10 16  0  0.00000000
PG01 -20673.082814 -13517.911267 -10570.021656    165.740074  7  4  7  68       
PG02 -15828.027007 -14065.261769 -15680.130618   -502.892950  6  1  5  64       
PG03 -11585.024887 -22286.372191   8673.384095    116.771642  6  3  5  73       
PG04 -10065.414872 -11312.920580  21830.607380    262.555671  2  7  5  57       
PG05   6079.421893  25670.487220   2456.452559   -157.458094  4  5  6  48       
PG06 -16467.830391   8316.245986  19216.683582    449.381195  5  3  4  76       
PG07 -26074.726269  -5555.895174  -2425.827646    -33.955425  5  3  7  84       
PG08  -2848.854416 -17315.025783 -19897.432776   -161.425237  7 10  8 103       
PG09 -18844.088381    518.162825  18650.437232     54.484239  6  4  4  36       
PG10  12361.064397  -9242.975544 -21363.238591    -68.795561  7  4  4  98       
PG11  -4991.261635  14269.781690  21862.122097   -534.802906  5  5  6  81       
PG12  10154.363048  22976.716010   8454.567822   -466.505037  3  4  6  87       
PG13  -8284.816340  19608.530557 -15946.827957    614.500706  3  2  2  56       
PG14 -14679.583106   5211.251927 -21481.291666    294.973581  3  5  3  74       
PG15   5036.181674  17498.671641 -19758.286525    115.839308  7  6  6  84       
PG16   1422.449846 -24993.905767   7814.943319   -386.907745  7  6  6  90       
PG17 -22257.118118  11810.110484  -8200.912352    720.186344  6  5  7  63       
PG18  25863.439678   4506.606519  -4618.617852   -528.750121  3  5  3  83       
PG19 -20706.622985  16319.693032    -10.418931    424.656279  5  6  5  73       
PG20  -1900.171698  21917.637932  15061.821479    392.208309  5  5  6  72       
PG21 -12037.330897 -15114.680232 -18131.787555    138.832190  8  7  5  91       
PG22 -11442.601883  13701.373585 -19327.898469     50.592491  5  3  4  44       
PG23  15904.489989   4646.092749 -20782.632718    132.699367  5  6  5  89       
PG24  14366.951943  15331.737986 -16890.620100   -411.215300  4  4  6  89       
PG25  15775.783359  13482.358234  16394.893131    484.766489  6  3  5  94       
PG26   6353.463665 -19528.784507  16498.967561    201.571312  4  5  6  70       
PG28  18798.402951  -7685.703143  17088.678162    -94.730560  7  5  6  77       
PG29  18091.542518   1987.958896  19333.002002   -608.882253  6  6  4  97       
PG30 -23383.397166   2852.623058 -12402.484788   -447.099513  7  4  2  79       
PG31  10853.513350 -12145.779327  20840.002318   -227.218651  3  6  2  66       
PG32  20846.292380 -15201.295354  -5626.560376   -604.012798  6  8  4  83       
*  2024  1 10 16 15  0.00000000
PG01 -19401.640221 -13295.015256 -13027.167528    165.740947  7  4  7  45       
PG02 -13852.923437 -13904.487420 -17506.096233   -502.887590  7  2  5  73       
PG03 -11649.957852 -23151.119008   5945.508891    116.795053  6  4  6  72       
PG04  -8268.894171 -13027.308861  21616.363956    262.564517  3  7  5  84       
PG05   5706.444574  25308.050872   5289.141741   -157.459617  4  6  6  29       
PG06 -18462.214285   7706.842540  17592.038389    449.369487  4  4  3  73       
PG07 -26177.083001  -5840.197383    377.300423    -33.963796  4  2  7  67       
PG08  -1271.263122 -18853.682314 -18576.566186   -161.427865  7 11  8  87       
PG09 -17430.696596  -1202.002547  19937.661547     54.495106  6  4  4  75       
PG10  13105.642725  -6841.546822 -21842.748047    -68.796468  8  4  4  91       
PG11  -7365.276936  13541.921912  21648.656391   -534.815662  5  6  6  85       
PG12  10104.218974  23852.248285   5754.893324   -466.508608  2  4  6  82       
PG13  -9711.072976  20508.345028 -13824.456337    614.503923  3  3     70       
PG14 -15311.233960   2824.385420 -21502.986824    294.982845  3  5  4  79       
PG15   3691.406894  19130.945588 -18448.204987    115.842579  7  5  6  80       
PG16   1895.394932 -23967.564946  10431.702758   -386.900761  7  6  6  88       
PG17 -21558.630886  10890.958881 -10782.392465    720.185762  5  5  7  48       
PG18  26164.856380   4794.648125  -1777.769372   -528.758523  2  5  3  84       
PG19 -20757.647727  16030.403042  -2900.218896    424.660970  5  5  5  68       
PG20  -2860.242278  20362.675623  16963.491930    392.206367  5  5  6  87       
PG21  -9830.407642 -14867.315094 -19489.245567    138.830916  8  7  4  73       
PG22 -11980.322190  11408.845513 -20410.092087     50.586501  6  2  4  61       
PG23  16540.209023   6866.682656 -19658.157598    132.706079  5  6  5  84       
PG24  12418.453595  15202.457659 -18477.935661   -411.221859  4  4  6  80       
PG25  16125.538386  15269.465462  14433.474965    484.767722  6  3  5  91       
PG26   7266.328460 -17705.665711  18120.625703    201.568112  4  5  6  76       
PG28  20573.850073  -7136.224109  15177.143448    -94.740632  7  5  5  77       
PG29  16448.318381   3576.137723  20523.683223   -608.881500  6  6  4  92       
PG30 -24577.161266   2281.671495 -10031.476210   -447.095401  7  4  3  71       
PG31  13122.903617 -11458.102305  19949.589098   -227.218832  3  6  2  77       
PG32  20468.223182 -14421.477674  -8342.562443   -604.015452  5  8  4  96       
*  2024  1 10 16 30  0.00000000
PG01 -17863.424877 -13093.121805 -15268.174206    165.741826  8  4  7  44       
PG02 -11676.166346 -13829.672559 -19021.790429   -502.882431  7  3  4  68       
PG03 -11658.686764 -23713.031740   3115.631578    116.818505  6  4  6  43       
PG04  -6594.746381 -14801.363844  21030.105340    262.573348  2  7  6  68       
PG05   5193.171834  24672.509795   8029.926733   -157.461049  4  6  6  60       
PG06 -20290.861440   7250.275114  15667.393842    449.357738  4  4  2  85       
PG07 -25987.036717  -6057.699732   3174.168301    -33.972541  3  2  7  58       
PG08    123.965307 -20341.719479 -16933.818066   -161.428960  7 11  8 100       
PG09 -16027.538451  -3091.615178  20879.866108     54.505984  6  4  4  71       
PG10  13990.670141  -4456.286809 -21938.501731    -68.797828  8  4  4  82       
PG11  -9730.996063  12950.964680  21063.366282   -534.828426  5  6  6  84       
PG12  10018.251818  24427.186044   2955.869799   -466.512475  3  5  6  70       
PG13 -10899.782135  21315.304450 -11464.473066    614.507165  3  3     75       
PG14 -16054.824319    491.314810 -21154.171991    294.992109  3  5  4  75       
PG15   2510.713751  20691.766365 -16830.204156    115.846162  6  5  6  94       
PG16   2494.246042 -22684.945473  12861.594908   -386.893986  6  6  6  91       
PG17 -20713.676388   9727.258335 -13175.956627    720.184975  5  6  7  74       
PG18  26165.510106   5001.759505   1093.338688   -528.766924     5  3  87       
PG19 -20585.718994  15520.401844  -5739.132962    424.665372  5  5  6  62       
PG20  -3996.259212  18686.032227  18576.394323    392.204742  5  5  5  90       
PG21  -7467.910107 -14723.698411 -20505.580410    138.829930  8  7  4  82       
PG22 -12662.530980   9042.556450 -21129.459207     50.580858  6  2  4  76       
PG23  17243.465379   8910.951826 -18196.645544    132.712727  4  6  5  86       
PG24  10307.127339  15154.896337 -19761.131069   -411.228428  4  4  6  96       
PG25  16483.207354  16810.496126  12221.553699    484.768942  5  4  5  89       
PG26   8328.970910 -15776.367027  19423.190355    201.564931  3  5  6  77       
PG28  22146.487048  -6714.301432  13003.925064    -94.750710  8  6  5  79       
PG29  14811.833753   5333.523211  21360.543947   -608.881241  6  6  3  91       
PG30 -25524.820520   1822.314815  -7489.409570   -447.091289  7  4  3  77       
PG31  15301.808102 -10912.984117  18712.979329   -227.219151  2  6  2  85       
PG32  19937.713382 -13390.711785 -10912.212566   -604.018082  5  8  4  95       
*  2024  1 10 16 45  0.00000000
PG01 -16083.000122 -12948.518111 -17256.261742    165.742725  8  3  7  73       
PG02  -9338.846568 -13864.425690 -20198.703460   -502.877411  7  4  4  77       
PG03 -11571.897926 -23975.611841    232.393554    116.841962  5  4  6  81       
PG04  -5069.634286 -16594.028282  20081.519359    262.582202  3  7  6  83       
PG05   4512.089083  23791.663135  10630.940896   -157.462144  4  6  6  73       
PG06 -21911.559040   6927.816652  13475.574475    449.345913  5  4     77       
PG07 -25502.907988  -6244.788697   5918.316964    -33.980960  3  2  7  44       
PG08   1328.243636 -21733.960438 -14996.635992   -161.432024  7 11  9 108       
PG09 -14673.071753  -5122.151714  21460.467339     54.516895  6  5  4  80       
PG10  14999.669506  -2136.474031 -21649.827577    -68.799971  7  4  5  85       
PG11 -12039.629268  12500.130294  20116.137941   -534.841192  4  6  6  91       
PG12   9858.743846  24702.718582    105.982182   -466.515855  3  5  6  60       
PG13 -11850.043807  21986.580571  -8906.838930    614.510610  3  4     40       
PG14 -16891.195690  -1744.280513 -20441.399728    295.001403  2  5  4 101       
PG15   1496.358928  22138.413930 -14929.970427    115.849581  6  5  6  83       
PG16   3242.170521 -21181.078630  15060.805629   -386.886609  6  6  6  98       
PG17 -19763.822529   8316.928237 -15338.746422    720.184405  4  6  6  66       
PG18  25857.306771   5165.385929   3945.842628   -528.775312     5  3  79       
PG19 -20224.449361  14770.137543  -8477.621850    424.670132  5  5  6  70       
PG20  -5306.788679  16931.876326  19872.844516    392.202975  5  5  5  92       
PG21  -4994.563510 -14700.755569 -21159.559933    138.828868  8  7  4  87       
PG22 -13485.598152   6652.599865 -21471.838275     50.575058  6  3  4  73       
PG23  17980.303390  10746.174012 -16423.593763    132.719457  4  6  4  91       
PG24   8070.580092  15208.387661 -20718.855714   -411.234993  4  3  6  93       
PG25  16811.911968  18088.002824   9798.467673    484.770201  5  4  5  96       
PG26   9538.461686 -13786.630877  20384.380720    201.561769  3  5  6  90       
PG28  23480.771689  -6396.427782  10606.529673    -94.760819  8  6  4  76       
PG29  13223.559776   7233.646121  21828.816944   -608.881151  6  6  4  95       
PG30 -26202.397554   1446.562504  -4819.908378   -447.087169  7  4  4  72       
PG31  17344.545630 -10503.425580  17152.948210   -227.219214  2  6  2  89       
PG32  19294.592823 -12104.936834 -13290.186457   -604.020745  5  7  5  98       
*  2024  1 10 17  0  0.00000000
PG01 -14092.119073 -12892.941603 -18958.773359    165.743602  8  3  7  81       
PG02  -6887.351988 -14025.268536 -21014.330232   -502.872452  7  4  4  80       
PG03 -11352.527261 -23951.215774  -2654.833606    116.865403  5  3  6  70       
PG04  -3712.738074 -18360.925875  18786.569239    262.591013  4  6  6  89       
PG05   3642.021658  22699.859452  13046.620361   -157.463814  5  6  6  69       
PG06 -23287.608251   6713.822019  11053.924324    449.334118  5  4     64       
PG07 -24731.108839  -6437.887304   8564.602181    -33.989383  2  2  7  61       
PG08   2341.236444 -22985.783874 -12797.843615   -161.433730  6 11  8  77       
PG09 -13400.998355  -7258.465904  21669.162171     54.527796  5  5  4  89       
PG10  16108.456051     72.358060 -20982.892802    -68.801562  7  4  5  93       
PG11 -14243.193350  12184.472307  18823.078295   -534.853948  4  6  6  80       
PG12   9589.640976  24688.792978  -2745.747281   -466.519273  3  5  6  58       
PG13 -12569.429445  22481.471670  -6195.185270    614.513754  2  4  1  39       
PG14 -17794.570157  -3843.051094 -19377.452408    295.010604  2  4  4  94       
PG15    643.146187  23429.373015 -12778.081076    115.852721  5  4  6  89       
PG16   4155.316597 -19496.944249  16989.749701   -386.879880  6  6  6  91       
PG17 -18751.951647   6666.965751 -17231.617077    720.183451  4  6  6  73       
PG18  25240.991881   5323.994349   6731.202758   -528.783713     5  2  84       
PG19 -19712.079174  13767.967727 -11068.225377    424.674640  5  5  6  49       
PG20  -6782.302361  15144.635832  20830.454421    392.200973  6  5  4  98       
PG21  -2459.140576 -14807.761125 -21436.191398    138.827514  7  7  4  97       
PG22 -14437.470430   4288.742300 -21429.959004     50.568953  6  3  5  85       
PG23  18712.533673  12347.125420 -14369.728644    132.726136  3  6  4  85       
PG24   5750.005690  15375.670157 -21334.843973   -411.241530  4  3  6  94       
PG25  17073.485010  19093.125581   7206.847461    484.771441  5  5  5  80       
PG26  10884.052053 -11782.057812  20988.118765    201.558594  3  5  6  83       
PG28  24547.727713  -6153.508326   8026.321054    -94.770887  8  6  4  86       
PG29  11720.459198   9242.976705  21920.088821   -608.880446  6  6  4  96       
PG30 -26593.253444   1122.654116  -2068.554032   -447.083066  7  4  5  72       
PG31  19208.934757 -10214.830800  15297.676021   -227.219602  2  7  2  96       
PG32  18580.287463 -10568.949096 -15434.496420   -604.023355  5  7  5  75       
*  2024  1 10 17 15  0.00000000
PG01 -11928.694761 -12952.317549 -20347.636692    165.744535  8  2  6  63       
PG02  -4371.724634 -14320.819934 -21452.721296   -502.867551  7  4  5  83       
PG03 -10967.344506 -23660.456532  -5496.781583    116.888854  5  4  6  85       
PG04  -2535.167478 -20055.965977  17167.244522    262.599778  4  6  6  82       
PG05   2569.195758  21436.663496  15234.544519   -157.464830  5  6  5  76       
PG06 -24389.117798   6576.867586   8443.690168    449.322326  5  3     27       
PG07 -23685.887567  -6671.944210  11069.831828    -33.997603     3  7  51       
PG08   3170.724035 -24054.842685 -10375.114857   -161.434943  6 11  8  79       
PG09 -12239.024163  -9459.961694  21502.126516     54.538693  5  5  4  83       
PG10  17286.070139   2129.996915 -19950.512716    -68.802718  7  3  5  54       
PG11 -16296.186807  11991.156669  17206.251665   -534.866713  3  6  6  83       
PG12   9178.108208  24403.587299  -5550.599471   -466.522773  4  6  6  58       
PG13 -13073.544933  22763.062579  -3376.091404    614.517201  2  4  2  11       
PG14 -18733.535936  -5771.278636 -17981.087632    295.019857  2  5  5  86       
PG15    -61.268194  24525.844400 -10409.621542    115.856354  5  4  6  62       
PG16   5241.941292 -17677.881404  18613.877633   -386.872966  6  6  6  96       
PG17 -17720.533930   4793.463548 -18819.943641    720.182614  4  6  6  69       
PG18  24326.168937   5515.418562   9402.002290   -528.792127     5  2  87       
PG19 -19089.839462  12510.747185 -13466.400261    424.679641  5  5  6  70       
PG20  -8405.352029  13367.399979  21432.521614    392.199121  6  5  4  90       
PG21     87.228770 -15045.779693 -21327.248381    138.826483  7  7  4  81       
PG22 -15498.020024   1998.589542 -21003.669515     50.563142  6  3  5  82       
PG23  19399.249617  13696.836941 -12070.463450    132.732815  3  6  3  86       
PG24   3388.869306  15662.341514 -21598.178656   -411.247987  4  4  6  79       
PG25  17230.066072  19825.684644   4491.822423    484.772650  5  5  5  96       
PG26  12347.475519  -9806.442460  21224.770907    201.555443  2  5  6  78       
PG28  25325.967429  -5952.168166   5307.801195    -94.780997  8  7  4  67       
PG29  10333.648629  11322.040933  21632.468995   -608.879730  6  7  5  94       
PG30 -26688.652611    816.475048    717.873988   -447.078985  6  4  5  26       
PG31  20857.737021 -10025.765445  13180.174298   -227.219855  2  7  2  79       
PG32  17836.101041  -8796.426571 -17307.288866   -604.026029  5  7  5 107       
*  2024  1 10 17 30  0.00000000
PG01  -9635.561497 -13145.714704 -21399.767181    165.745459  9  2  6  69       
PG02  -1843.845374 -14751.317314 -21504.898424   -502.862110  7  5  5  75       
PG03 -10388.388052 -23131.306725  -8245.105524    116.912348  5  3  7  80       
PG04  -1539.692419 -21633.032600  15251.203990    262.608642  4  5  6  77       
PG05   1288.009195  20045.321693  17156.225637   -157.466509  6  6  5  61       
PG06 -25194.051588   6481.117479   5689.340931    449.310522  5  3  2  54       
PG07 -22388.813481  -6979.001969  13393.354761    -34.006093  1  3  7  39       
PG08   3832.136952 -24902.724022  -7770.340209   -161.436019  6 10  8  66       
PG09 -11207.864537 -11681.988460  20962.097061     54.549599  5  5  4  82       
PG10  18495.982930   4002.895278 -18571.836659    -68.804039  6  2  5  75       
PG11 -18157.178938  11900.057153  15293.313580   -534.879477  3  6  5  76       
PG12   8595.949061  23872.688436  -8260.971004   -466.526107  5  6  7  65       
PG13 -13385.277449  22799.765794   -498.290592    614.520319     5  3  64       
PG14 -19672.257774  -7501.953651 -16276.685799    295.029146  2  4  5  77       
PG15   -635.793595  25393.195151  -7863.715975    115.859924  5  4  6  62       
PG16   6501.878390 -15771.826151  19904.367127   -386.865822  6  6  6  92       
PG17 -16709.904911   2721.257353 -20074.360369    720.181953  4  6  6  74       
PG18  23130.996206   5775.231310  11912.728950   -528.800569  1  4  3  91       
PG19 -18400.226607  11004.078210 -15631.281142    424.684203  5  6  6  54       
PG20 -10151.051439  11640.378328  21668.330948    392.197698  6  4  3  92       
PG21   2592.897521 -15407.453906 -20831.670130    138.825455  7  6  4  83       
PG22 -16639.751636   -174.167072 -20200.004931     50.557206  5  3  5  69       
PG23  19998.453337  14787.033065  -9565.285097    132.739482  2  5  3  78       
PG24   1031.508253  16066.572190 -21503.496312   -411.254489  4  4  6  75       
PG25  17245.671771  20293.947622   1700.212213    484.773841  5  5  5  74       
PG26  13903.558349  -7900.205894  21091.258676    201.552273  3  5  6  83       
PG28  25802.431440  -5756.230797   2497.837625    -94.791128  8  7  4  61       
PG29   9087.296164  13426.779012  20970.644379   -608.879568  6  7  5  85       
PG30 -26488.041467    493.053074   3492.164834   -447.074878  6  4  6  47       
PG31  22259.900101  -9908.976655  10837.647037   -227.220000  2  7  2  74       
PG32  17101.510432  -6809.597435 -18875.562483   -604.028682  6  6  5  79       
*  2024  1 10 17 45  0.00000000
PG01  -7259.068491 -13484.553535 -22097.411607    165.746348  9     6 103       
PG02    644.476246 -15308.504484 -21169.116379   -502.856827  6  5  5 106       
PG03  -9594.197329 -22397.939919 -10853.178741    116.935870  5  4  7  71       
PG04   -720.803886 -23047.692550  13071.315120    262.617500  5  5  6  94       
PG05   -198.522593  18571.087496  18777.829737   -157.467857  6  6  5  76       
PG06 -25688.991077   6387.865052   2837.832964    449.298715  4  4  3  53       
PG07 -20868.024029  -7386.889908  15497.600756    -34.014139  1  4  7  45       
PG08   4347.775438 -25496.481167  -5028.894521   -161.437893  6  9  7  81       
PG09 -10320.534863 -13877.404538  20058.333883     54.560529  4  5  4  82       
PG10  19697.521874   5665.235063 -16871.923114    -68.805268  6  2  5  73       
PG11 -19790.252084  11884.644572  13117.047039   -534.892224  3  5  5  70       
PG12   7820.837425  23128.011384 -10831.147037   -466.529670  5  6  7  70       
PG13 -13533.751858  22566.679568   2388.182591    614.523842     5  3  18       
PG14 -20571.864321  -9015.591151 -14293.807737    295.038423  2  5  5  68       
PG15  -1105.060328  26002.292789  -5182.969846    115.863013  5  5  6  70       
PG16   7926.370728 -13827.455371  20838.680053   -386.858632  6  6  6  92       
PG17 -15756.620978    483.208294 -20971.410361    720.181249  4  5  6  70       
PG18  21681.572627   6135.204507  14220.528066   -528.808977  2  4  3  98       
PG19 -17685.260130   9262.219091 -17526.352582    424.689347  5  7  6  53       
PG20 -11987.849990   9999.474400  21533.362188    392.196626  6  4  3  83       
PG21   5007.615566 -15877.166169 -19955.805783    138.824883  7  6  4  67       
PG22 -17828.841059  -2191.345291 -19033.090748     50.551232  5  4  5  69       
PG23  20468.729081  15618.243835  -6897.080635    132.746155  2  5  2  92       
PG24  -1278.306170  16579.091256 -21051.130232   -411.261053  4  5  5  86       
PG25  17087.681000  20514.088676  -1120.281329    484.775037  5  5  5  84       
PG26  15521.110233  -6098.986407  20591.040735    201.548971  3  5  5  79       
PG28  25972.817236  -5528.309131   -355.149204    -94.801219  8  7  5  52       
PG29   7997.798200  15510.094797  19945.817282   -608.879212  6  6  6  86       
PG30 -25999.033502    118.079412   6207.439289   -447.070786  6  4  6  62       
PG31  23391.558795  -9832.629213   8310.802221   -227.220073  2  7  3  74       
PG32  16412.546486  -4638.564328 -20111.789906   -604.031347  6  6  6  80       
*  2024  1 10 18  0  0.00000000
PG01  -4847.551668 -13972.094065 -22428.429274    165.747224  9  2  6 103       
PG02   3043.422424 -15975.896909 -20450.957589   -502.852023  6  5  5  90       
PG03  -8570.797865 -21499.355952 -13276.850664    116.959386  5  4  7  63       
PG04    -65.103778 -24258.856080  10665.096736    262.626282  5  6  5  65       
PG05  -1878.666432  17059.474340  20070.812212   -157.469248  6  6  4  91       
PG06 -25869.583342   6257.191529    -62.168151    449.286899  4  4  4  63       
PG07 -19157.262724  -7918.081660  17348.571836    -34.022774  1  4  7  48       
PG08   4745.742326 -25809.971252  -2198.819279   -161.441174  6  8  6  95       
PG09  -9581.954724 -15998.248081  18806.463805     54.571502  3  5  4  73       
PG10  20847.455381   7099.674589 -14881.217885    -68.806907  6  2  4  34       
PG11 -21166.241494  11913.135819  10714.808254   -534.904967  3  5  4  75       
PG12   6837.318727  22206.505026 -13218.024327   -466.533352  5  6  7  62       
PG13 -13553.034942  22046.704726   5232.888059    614.527104     5  4  61       
PG14 -21391.958472 -10300.756287 -12066.671388    295.047660  2  5  6  53       
PG15  -1498.335978  26330.669476  -2412.825738    115.866269  5  6  6  55       
PG16   9498.273159 -11892.319833  21400.971041   -386.852014  6  6  6  87       
PG17 -14891.965884  -1880.857828 -21494.083605    720.180493  5  3  7  57       
PG18  20011.034833   6621.915705  16285.916138   -528.817388  2  4  5  90       
PG19 -16984.793299   7307.660455 -19120.023224    424.693776  4  7  5  64       
PG20 -13878.571702   8475.027905  21029.398663    392.194540  6  4  2  76       
PG21   7284.431799 -16431.583043 -18713.479830    138.823608  7  6  4  87       
PG22 -19026.461703  -4021.634985 -17523.880288     50.545491  5  3  5  59       
PG23  20770.900956  16199.588305  -4111.414566    132.752841  2  6  2  67       
PG24  -3498.798928  17183.449584 -20247.186138   -411.267586  4  5  5  70       
PG25  16728.181341  20509.368052  -3921.868474    484.776253  5  5  6  53       
PG26  17164.055272  -4432.442398  19733.971861    201.545816  3  5  5  82       
PG28  25841.680682  -5231.446388  -3202.024031    -94.811322  8  7  6  24       
PG29   7073.268491  17523.536641  18575.526234   -608.878938  6  6  6  72       
PG30 -25237.103864   -340.601846   8817.899136   -447.066656  5  5  7  48       
PG31  24236.762258  -9761.706164   5643.128185   -227.220121  2  7  3  68       
PG32  15800.328525  -2320.311643 -20994.428371   -604.034023  6  5  6  68       
*  2024  1 10 18 15  0.00000000
PG01  -2449.733471 -14603.222224 -22386.507740    165.748183  9  3  6 107       
PG02   5307.010773 -16729.416809 -19363.252553   -502.847004  6  5  5  94       
PG03  -7312.403717 -20477.843062 -15475.157933    116.982931  5  4  7  83       
PG04    447.990676 -25230.324548   8074.073749    262.635090  4  7  5  77       
PG05  -3732.223736  15554.507525  21012.453444   -157.470159  7  5  4  96       
PG06 -25740.657207   6049.679063  -2961.097843    449.275124  3  5  4  41       
PG07 -17294.741201  -8588.751641  18916.285709    -34.030810  3  4  6  65       
PG08   5058.631167 -25824.939754    670.064149   -161.442967  5  8  5  87       
PG09  -8988.881420 -17997.449714  17228.206938     54.582432  3  4  5  73       
PG10  21901.671483   8297.756931 -12634.950389    -68.807451  5  2  4  55       
PG11 -22263.724774  11949.858427   8127.890649   -534.917741  3  5  4  76       
PG12   5637.546886  21148.695794 -15381.776519   -466.536862  6  6  7  61       
PG13 -13480.637375  21231.370511   7985.901448    614.530319     5  4  70       
PG14 -22092.192698 -11354.282998  -9633.557367    295.056903  3  5  6  54       
PG15  -1848.237397  26363.465556    399.163602    115.869960  5  7  6  38       
PG16  11192.614523 -10011.049055  21582.339581   -386.844978  5  6  6  96       
PG17 -14140.676487  -4325.515343 -21632.224027    720.179797  5  2  7  67       
PG18  18158.397805   7255.553858  18073.444241   -528.825729  2  5  5  95       
PG19 -16334.941712   5170.391997 -20386.096503    424.698791  4  7  5  76       
PG20 -15781.682870   7090.773814  20164.533086    392.193071  5  4  2  88       
PG21   9381.493256 -17040.570781 -17125.861488    138.822213  7  6  5  92       
PG22 -20190.340598  -5641.667658 -15699.731967     50.539590  4  4  5  79       
PG23  20869.612885  16548.239928  -1255.768307    132.759488  2  6  3  69       
PG24  -5591.565558  17856.557177 -19103.544735   -411.274147  5  5  5  84       
PG25  16145.129898  20309.069238  -6657.440731    484.777427  5  5  6  72       
PG26  18792.754581  -2923.310805  18536.047172    201.542713  4  5  4  94       
PG28  25422.207174  -4830.742269  -5993.785534    -94.821477  7  7  6  38       
PG29   6313.360196  19419.044546  16883.351772   -608.878552  5  6  6  82       
PG30 -24225.006460   -911.590316  11279.553686   -447.062556  5  5  7  62       
PG31  24787.906988  -9659.517918   2880.148249   -227.220363  2  6  3  67       
PG32  15289.813811    102.563150 -21508.308059   -604.036720  6  5  6  86       
*  2024  1 10 18 30  0.00000000
PG01   -113.103201 -15364.544875 -21971.309279    165.749143  9  3  6 108       
PG02   7394.776765 -17538.371490 -17925.825717   -502.841987  6  5  5  83       
PG03  -5821.812564 -19377.334825 -17410.979566    117.006415  5  5  7  86       
PG04    845.255051 -25932.163474   5343.054920    262.643877  4  8  5  38       
PG05  -5731.126839  14097.046723  21586.282140   -157.471668  7  5  4  81       
PG06 -25316.001934   5728.113060  -5809.322648    449.263303     6  4  62       
PG07 -15321.862797  -9408.058544  20175.171957    -34.039700  3  3  6  66       
PG08   5322.023248 -25531.802697   3527.090794   -161.444631  4  8  5  90       
PG09  -8530.175230 -19830.519521  15350.991310     54.593360  3  4  4  54       
PG10  22816.883532   9259.971174 -10172.463578    -68.808947  5  2  4  46       
PG11 -23069.722312  11956.777742   5400.817519   -534.930549  3  5  3  44       
PG12   4221.733805  19997.124744 -17286.455369   -466.540246  6  6  7  72       
PG13 -13355.873112  20121.331021  10598.741202    614.533909  1  5  5  62       
PG14 -22633.849522 -12181.180276  -7036.153859    295.066208  3  6  6  46       
PG15  -2189.283132  26094.107571   3204.137394    115.873193  5  7  7  18       
PG16  12977.489997  -8223.705508  21380.923502   -386.838080  5  6  5  96       
PG17 -13519.947338  -6801.352977 -21382.789656    720.178701  5  2  8  68       
PG18  16167.181086   8048.970406  19552.300941   -528.834109  3  6  6  85       
PG19 -15766.688083   2886.893393 -21304.135291    424.703729  4  7  4  70       
PG20 -17652.742695   5863.059019  18953.068014    392.191729  5  5  2  74       
PG21  11263.650483 -17668.449029 -15221.129120    138.820911  6  6  6  82       
PG22 -21276.473716  -7036.744771 -13593.838236     50.533797  4  4  6  63       
PG23  20734.771982  16688.595724   1621.246639    132.766156  3  7  3  68       
PG24  -7522.842497  18569.482641 -17637.784841   -411.280745  5  5  4  76       
PG25  15323.290148  19947.238008  -9281.305510    484.778613  6  5  6  82       
PG26  20365.465309  -1586.752872  17019.042007    201.539546  4  5  4  86       
PG28  24735.662043  -4294.900589  -8682.410780    -94.831494  7  8  7  72       
PG29   5709.428448  21150.695317  14898.511568   -608.878265  5  6  6  78       
PG30 -22991.936020  -1618.662690  13550.914913   -447.058431  4  5  7  71       
PG31  25045.866162  -9489.261950     68.665764   -227.220564  3  6  4  38       
PG32  14898.813559   2583.341188 -21644.890366   -604.039383  6  6  6  74       
*  2024  1 10 18 45  0.00000000
PG01   2117.668052 -16234.794435 -21188.543621    165.750107  9  4  6 108       
PG02   9273.218062 -18366.730633 -16165.073564   -502.837109  6  5  5  92       
PG03  -4110.479929 -18241.722991 -19051.628225    117.029914  5  5  6  92       
PG04   1158.417392 -26341.845850   2519.346561    262.652621  4  8  5  63       
PG05  -7840.356103  12723.247986  21782.376857   -157.472894  7  5  3  78       
PG06 -24617.815488   5259.108503  -8557.977339    449.251535     6  5  89       
PG07 -13281.848189 -10377.677457  21104.421174    -34.047683  4  2  6  71       
PG08   5572.856630 -24930.090287   6321.716023   -161.446405  3  8  5  94       
PG09  -8187.385278 -21457.141824  13207.462911     54.604299  3  4  3  61       
PG10  23552.297074   9995.472036  -7536.492948    -68.810463  5  2  3  48       
PG11 -23580.081099  11895.127046   2580.575262   -534.943303  2  6  3  59       
PG12   2598.298673  18794.735774 -18900.523152   -466.543517  7  6  6  77       
PG13 -13218.143266  18726.507196  13025.280694    614.537045  2  5  5  68       
PG14 -22981.367675 -12794.232163  -4318.851784    295.075453  4  6  6  74       
PG15  -2556.340317  25524.684064   5952.792690    115.877003  5  8  7  47       
PG16  14815.240326  -6564.356757  20801.837383   -386.831191  5  5  5  93       
PG17 -13038.761503  -9256.769698 -20749.954670    720.178426  6  4  8  79       
PG18  14083.870606   9007.013092  20696.844973   -528.842483  3  6  7  99       
PG19 -15304.712635    498.892490 -21859.720390    424.708461  3  7  4  58       
PG20 -19445.983575   4800.348064  17415.309935    392.189815  5  5  3  72       
PG21  12903.784749 -18275.528923 -13033.930895    138.819884  6  6  6  78       
PG22 -22240.922673  -8201.194145 -11244.523730     50.527882  3  4  6  65       
PG23  20342.801771  16651.181686   4470.690241    132.772819  3  7  4  75       
PG24  -9264.626785  19288.493656 -15873.020638   -411.287340  5  5  3  63       
PG25  14254.915452  19461.272760 -11749.878933    484.779772  6  5  6  80       
PG26  21839.877077   -430.006576  15210.059387    201.536416  4  5  4  93       
PG28  23810.542181  -3597.637753 -11221.680654    -94.841589  7  8  7  49       
PG29   5245.027251  22676.377071  12655.351644   -608.877751  5  6  6  87       
PG30 -21572.466010  -2479.688639  15593.653215   -447.054279  4  6  8  71       
PG31  25019.816733  -9215.575341  -2743.989697   -227.220553  3  6  4  25       
PG32  14637.314984   5072.834665 -21402.392087   -604.042070  5  6  6  78       
*  2024  1 10 19  0  0.00000000
PG01   4202.223575 -17185.534373 -20049.961940    165.750915  9  4  6 113       
PG02  10916.935862 -19174.643058 -14113.388487   -502.831881  6  5  5 109       
PG03  -2198.270494 -17113.188268 -20369.370560    117.053401  5  5  6  98       
PG04   1422.718709 -26445.119409   -348.083237    262.661447  4  9  5  64       
PG05 -10019.140886  11463.228092  21597.539388   -157.473943  7  4  3  98       
PG06 -23675.841785   4614.597291 -11159.795751    449.239789     6  5  81       
PG07 -11218.306003 -11491.595506  21688.286458    -34.056085  4  2  6  76       
PG08   5847.737003 -24028.530568   9004.483683   -161.448548  2  8  5  97       
PG09  -7935.631853 -22842.614859  10834.900708     54.615268  3  3  3  47       
PG10  24071.175556  10521.475985  -4772.409550    -68.811816  5  3  3  46       
PG11 -23799.526611  11727.076701   -284.199540   -534.956019  2  6  3  81       
PG12    783.714853  17583.272962 -20197.312732   -466.546951  7  7  6  65       
PG13 -13105.215938  17065.864305  15222.624040    614.540228  3  5  5  88       
PG14 -23103.756934 -13213.308762  -1528.001485    295.084671  4  6  6  40       
PG15  -2983.027629  24665.993350   8596.298515    115.880288  6  8  7  63       
PG16  16663.862367  -5059.921913  19856.964537   -386.824287  4  5  5  93       
PG17 -12697.579989 -11639.874291 -19745.047468    720.177786  6  5  9  75       
PG18  11956.272513  10126.169797  21487.058485   -528.850778  3  6  7  97       
PG19 -14966.488326  -1948.058993 -22044.604921    424.713255  3  7  4  66       
PG20 -21115.961945   3903.038855  15577.257708    392.188231  4  5  3  94       
PG21  14283.785539 -18819.863388 -10604.653770    138.819164  5  6  7  71       
PG22 -23041.611552  -9138.342329  -8694.434769     50.522116  3  3  6  79       
PG23  19677.658769  16471.336175   7244.098648    132.779486  4  8  5  70       
PG24 -10795.601372  19976.308049 -13837.646975   -411.293917  5  5  2  73       
PG25  12940.159326  18890.418785 -14022.331078    484.780958  6  5  7  76       
PG26  23174.665491    547.647484  13140.997896    201.533309  4  5  4 102       
PG28  22681.462371  -2718.897026 -13567.972048    -94.851635  7  8  7  17       
PG29   4896.721002  23959.326966  10192.742745   -608.877656  6  6  7  95       
PG30 -20005.300813  -3505.768520  17373.206247   -447.050165  4  6  8  80       
PG31  24726.775867  -8806.024419  -5510.705650   -227.220909  4  6  4  69       
PG32  14507.135170   7521.131540 -20785.775232   -604.044734  5  6  6  82       
*  2024  1 10 19 15  0.00000000
PG01   6105.875278 -18182.146969 -18573.266768    165.751835  9  4  6 103       
PG02  12309.424273 -19920.121827 -11808.447954   -502.827191  7  5  5  93       
PG03   -112.895809 -16030.610012 -21341.870494    117.076902  5  5  5  88       
PG04   1675.332004 -26236.562503  -3209.473910    262.670265  4  9  6  48       
PG05 -12222.395380  10339.985267  21035.336900   -157.475348  7  4  2  86       
PG06 -22526.228217   3773.118311 -13569.921648    449.228039  1  7  5  72       
PG07  -9173.792892 -12736.178967  21916.335663    -34.064440  4  3  5  87       
PG08   6181.263342 -22844.767925  11527.974409   -161.449545  3  8  5  99       
PG09  -7744.748934 -23959.078800   8274.548221     54.626272  3  3  2  33       
PG10  24342.248170  10862.363402  -1927.441053    -68.813430  4  3  3  50       
PG11 -23741.380335  11417.376444  -3144.064869   -534.968814  2  6  3  53       
PG12  -1197.937749  16401.743457 -21155.412714   -466.550366  7  7  6  77       
PG13 -13051.574740  15166.830748  17151.924559    614.543704  4  5  5  83       
PG14 -22975.849086 -13464.415913   1288.857638    295.093917  5  6  6  22       
PG15  -3500.141203  23537.250373  11087.238861    115.883618  6  8  7  63       
PG16  18478.586758  -3729.334330  18564.615461   -386.817274  4  5  5  94       
PG17 -12488.404878 -13900.404961 -18386.324872    720.176988  6  6  9  59       
PG18   9831.819937  11394.538461  21908.912392   -528.859144  4  7  7  86       
PG19 -14761.669177  -4406.137067 -21856.768207    424.717950  2  7  4  82       
PG20 -22619.216888   3163.597546  13470.187997    392.186190  4  6  3  75       
PG21  15395.125154 -19259.123347  -7978.523563    138.817819  5  6  7  60       
PG22 -23640.043805  -9860.109685  -5989.645814     50.516185  2  3  6  78       
PG23  18731.574576  16187.720960   9894.280584    132.786095  5  8  6  73       
PG24 -12101.826924  20593.515971 -11564.987607   -411.300477  6  5  1  49       
PG25  11387.202098  18274.220623 -16061.179311    484.782180  7  4  6  76       
PG26  24331.003538   1354.612191  10847.953254    201.530187  5  5  4  94       
PG28  21387.819868  -1645.821240 -15681.003342    -94.861744  6  8  8  58       
PG29   4635.178108  24969.471257   7553.393041   -608.876934  6  6  6  38       
PG30 -18331.886714  -4700.624527  18859.333697   -447.046110  4  6  8  94       
PG31  24190.867637  -8232.479362  -8185.311462   -227.220911  4  6  5  62       
PG32  14501.917878   9879.360937 -19806.605748   -604.047410  4  6  6  86       
*  2024  1 10 19 30  0.00000000
PG01   7800.765776 -19185.074720 -16781.932503    165.752731  9  5  5 102       
PG02  13443.477016 -20560.819170  -9292.393290   -502.821996  7  6  5  65       
PG03   2110.941355 -15028.112709 -21952.550168    117.100406  6  4  4 102       
PG04   1953.703557 -25719.805729  -6015.158292    262.679081  4  9  6  71       
PG05 -14402.330570   9368.619107  20106.013165   -157.476581  6  4  3  86       
PG06 -21210.145616   2720.858837 -15746.685839    449.216269  2  7  5  86       
PG07  -7188.408350 -14090.512651  21783.651596    -34.072571  5  3  5  75       
PG08   6604.440970 -21404.727860  13847.710504   -161.452639  2  7  5 102       
PG09  -7580.640233 -24786.484206   5570.874983     54.637266  3  3  2  32       
PG10  24340.910584  11048.525967    950.116273    -68.815289  5  2  4  38       
PG11 -23426.953712  10934.905777  -5949.634665   -534.981575  3  7  3  68       
PG12  -3315.697343  15284.999220 -21758.975801   -466.553881  8  7  6  91       
PG13 -13086.906380  13064.379831  18779.125936    614.547266  4  5  5  84       
PG14 -22579.338722 -13578.520488   4083.783028    295.103163  5  6  6  18       
PG15  -4134.172721  22165.454626  13380.561673    115.887141  6  7  7  74       
PG16  20213.553496  -2583.046768  16949.068862   -386.810470  3  5  5  81       
PG17 -12395.213127 -15991.583879 -16698.588558    720.175933  6  7  9  82       
PG18   7755.895952  12792.127175  21954.636314   -528.867476  4  7  7  97       
PG19 -14691.788534  -6826.866415 -21300.373979    424.722840  2  8  5  85       
PG20 -23915.872371   2567.009473  11130.142401    392.184763  3  6  3  85       
PG21  16239.000024 -19552.505111  -5204.568389    138.817504  4  6  8  46       
PG22 -24002.864747 -10386.253007  -3178.710379     50.510300  2  4  6  58       
PG23  17505.495520  15840.715664  12376.094105    132.792748  5  9  6  80       
PG24 -13177.167418  21100.125117  -9092.842866   -411.307085  6  5     52       
PG25   9612.092879  17650.986510 -17832.826423    484.783401  7  4  6  78       
PG26  25273.974947   2006.408827   8370.566822    201.527092  5  4  4 101       
PG28  19972.289176   -373.446044 -17524.520692    -94.871807  6  7  8  68       
PG29   4426.502585  25684.514396   4783.090174   -608.876455  6  6  6  38       
PG30 -16594.931129  -6060.268385  20026.611122   -447.041975  4  6  8  83       
PG31  23442.349192  -7472.326673 -10723.277614   -227.221166  5  6  5  27       
PG32  14607.469612  12101.407975 -18482.787691   -604.050133  4  6  7  71       
*  2024  1 10 19 45  0.00000000
PG01   9266.792677 -20151.276979 -14704.931687    165.753619  9  5  5  76       
PG02  14321.200427 -21055.809980  -6610.925632   -502.817086  7  6  5  79       
PG03   4432.665527 -14133.802152 -22190.863958    117.123882  6  4  4  87       
PG04   2293.883535 -24907.410023  -8716.447650    262.687932  5  8  6  83       
PG05 -16510.176489   8555.879508  18826.272376   -157.477659  6  5  3  80       
PG06 -19772.222258   1452.404857 -17652.335845    449.204546  3  7  5  87       
PG07  -5298.469496 -15527.004928  21290.976084    -34.080976  5  4  5  72       
PG08   7143.250575 -19741.655552  15922.995234   -161.454797  3  7  5 108       
PG09  -7406.793542 -25313.263627   2770.782570     54.648253  3  3  3   3       
PG10  24050.178037  11115.006395   3811.683003    -68.816419  5  3  4  23       
PG11 -22884.642018  10254.070790  -8652.441227   -534.994307  3  7  4  71       
PG12  -5532.695651  14262.486278 -21997.948900   -466.557337  8  8  6  83       
PG13 -13234.792093  10799.811276  20075.608094    614.550610  4  6  5  71       
PG14 -21903.575373 -13590.196204   6809.218940    295.112420  5  6  6  31       
PG15  -4905.987779  20584.436944  15434.508234    115.890532  6  7  7  44       
PG16  21823.514766  -1622.889234  15040.013460   -386.803705  3  5  5  87       
PG17 -12394.739921 -17871.824956 -14712.655612    720.175554  6  8  8  88       
PG18   5770.236111  14291.476132  21622.886651   -528.875856  5  7  7  85       
PG19 -14750.272856  -9162.751991 -20385.638363    424.727414  2  9  5  89       
PG20 -24971.120133   2091.530476   8597.323180    392.183050  3  6  4  67       
PG21  16826.033553 -19662.572352  -2334.484989    138.815814  4  6  8  66       
PG22 -24103.204538 -10743.296501   -311.684352     50.504360  2  4  6  47       
PG23  16009.202778  15470.755577  14647.192592    132.799444  5  9  6  65       
PG24 -14023.425166  21457.173388  -6462.935649   -411.313660  6  4     44       
PG25   7638.314769  17056.317355 -19308.040987    484.784582  7  4  6  80       
PG26  25973.838824   2524.847828   5751.333849    201.523947  5  4  4  92       
PG28  18479.205239   1094.913309 -19066.913831    -94.881911  6  7  8  54       
PG29   4233.749893  26090.734340   1929.887368   -608.876229  6  6  6  13       
PG30 -14836.882746  -7572.959281  20854.856217   -447.037830  4  6  8  82       
PG31  22516.432692  -6509.478585 -13082.383487   -227.221474  5  6  5  27       
PG32  14802.417025  14145.510162 -16838.182192   -604.052828  3  7  7  79       
*  2024  1 10 20  0  0.00000000
PG01  10492.255781 -21035.854099 -12376.363140    165.754474  9  5  5  86       
PG02  14953.641199 -21367.304537  -3812.348246   -502.812065  7  6  5  78       
PG03   6807.170256 -13368.737603 -22052.481727    117.147329  7  4  4  80       
PG04   2728.913520 -23820.405944 -11266.498341    262.696744  5  8  6  95       
PG05 -18497.944860   7900.060253  17218.942166   -157.478591  6  5  4  82       
PG06 -18258.851171    -28.831317 -19253.704779    449.192855  4  7  5  95       
PG07  -3535.310036 -17012.244145  20444.792559    -34.089169  5  5  5  74       
PG08   7817.434297 -17894.870333  17717.666729   -161.457205  3  6  5  99       
PG09  -7185.892057 -25536.681185    -77.229103     54.659228  4  3  3  31       
PG10  23461.359987  11099.983465   6609.169120    -68.817602  5  4  4  48       
PG11 -22148.753638   9355.991625 -11205.782784   -535.007073  4  7  4  89       
PG12  -7807.349868  13357.204328 -21868.223756   -466.560724  8  8  5  74       
PG13 -13511.658802   8419.282597  21018.722364    614.553939  4  6  5  73       
PG14 -20946.077581 -13536.141144   9418.779084    295.121620  6  6  6  74       
PG15  -5829.727817  18833.618997  17211.495728    115.894365  6  6  6  74       
PG16  23265.496304   -842.274345  12871.909833   -386.796692  3  5  5  83       
PG17 -12457.573676 -19506.220875 -12464.700184    720.174584  6  8  8  89       
PG18   3911.471671  15858.580776  20918.807660   -528.884208  6  7  7  83       
PG19 -14922.765617 -11368.863757 -19128.613561    424.732547  3  9  5 103       
PG20 -25756.524009   1709.710714   5915.406709    392.181537  3  5  4  46       
PG21  17175.560798 -19556.940952    578.548110    138.814818  3  6  8  73       
PG22 -23921.748874 -10963.205114   2560.851261     50.498743  3  4  6  80       
PG23  14261.107355  15116.674949  16668.729166    132.806150  6  9  7  80       
PG24 -14650.171012  21628.347396  -3720.257637   -411.320199  5  4  2  74       
PG25   5496.089627  16521.749737 -20462.377763    484.785772  7  4  6  89       
PG26  26407.101552   2936.971131   3034.883659    201.520841  5  4  5  86       
PG28  16952.897314   2747.596836 -20281.751414    -94.892041  6  7  8  63       
PG29   4018.565674  26183.452726   -956.750579   -608.875756  7  6  6  19       
PG30 -13098.426989  -9219.455928  21329.481111   -447.033671  4  6  8  96       
PG31  21451.945288  -5335.145603 -15223.348312   -227.221736  6  6  5  73       
PG32  15059.154726  15975.673768 -14902.122861   -604.055447  3  7  7  73       
*  2024  1 10 20 15  0.00000000
PG01  11474.196190 -21793.782980  -9834.979694    165.755342  9  5  5  77       
PG02  15360.055399 -21462.217207   -946.584336   -502.806823  7  6  5  50       
PG03   9186.335404 -12746.177994 -21539.378167    117.170805  7  4  5  94       
PG04   3287.336174 -22487.512666 -13621.143081    262.705548  5  7  6  92       
PG05 -20320.161327   7391.238300  15312.525083   -157.479843  5  6  4  79       
PG06 -16716.435429  -1710.525700 -20522.806715    449.181178  4  7  5  77       
PG07  -1924.245582 -18508.084361  19257.340702    -34.097527  5  5  4  69       
PG08   8639.549620 -15908.290512  19200.749794   -161.457814  3  6  5 101       
PG09  -6881.457806 -25462.848046  -2923.918953     54.670201  4  4  3  93       
PG10  22574.435757  11043.159292   9295.724615    -68.818848  6  4  5  84       
PG11 -21258.120726   8229.432987 -13565.540652   -535.019757  5  6  4  69       
PG12 -10094.730160  12584.912446 -21371.706985   -466.564164  8  8  5  82       
PG13 -13926.034386   5972.151531  21592.203822    614.557108  4  6  5  88       
PG14 -19712.749570 -13453.622724  11868.010750    295.130873  6  6  5  64       
PG15  -6911.990263  16956.534488  18678.925492    115.897538  6  6  6  78       
PG16  24500.353375   -226.731016  10483.291606   -386.789941  2  5  5  92       
PG17 -12549.510408 -20867.747108  -9995.487392    720.173793  6  9  7 109       
PG18   2209.870070  17454.083667  19853.981903   -528.892605  6  7  7  88       
PG19 -15187.745634 -13404.319925 -17550.893198    424.736905  4 10  5  96       
PG20 -26251.092728   1389.651737   3130.785970    392.179538  3  5  5  59       
PG21  17314.538809 -19209.726061   3481.065522    138.813940  4  6  8  37       
PG22 -23447.498975 -11081.863835   5388.743446     50.492656  3  4  5  58       
PG23  12287.726002  14814.117874  18406.009001    132.812864  6  8  7  90       
PG24 -15074.267138  21581.541336   -912.321369   -411.326799  5  4  3  56       
PG25   3221.446502  16073.558388 -21276.536051    484.786941  7  4  5  92       
PG26  26557.359958   3273.808998    267.243087    201.517623  5  4  5  89       
PG28  15436.037405   4564.859147 -21148.227372    -94.902127  6  7  8  63       
PG29   3742.881297  25967.162167  -3826.824664   -608.875837  7  6  6  23       
PG30 -11417.051193 -10973.556467  21441.764490   -447.029549  4  6  8  78       
PG31  20289.873951  -3948.346181 -17110.420415   -227.222156  6  6  5  69       
PG32  15345.041303  17562.857286 -12708.841024   -604.058035  4  7  7  53       
*  2024  1 10 20 30  0.00000000
PG01  12218.406373 -22381.700886  -7123.615412    165.756144  9  5  5  60       
PG02  15566.860962 -21313.527541   1935.802096   -502.801703  7  6  5  39       
PG03  11520.665889 -12271.130770 -20659.825796    117.194309  7  4  5  87       
PG04   3991.887133 -20944.068214 -15739.670672    262.714388  5  6  6  97       
PG05 -21935.498551   7011.845429  13140.650113   -157.481133  5  6  5  76       
PG06 -15189.639189  -3571.705876 -21437.346751    449.169480  4  7  5  93       
PG07   -483.744267 -19972.930403  17746.555776    -34.105600  5  5  4  74       
PG08   9614.329148 -13828.792446  20346.992615   -161.459039  3  6  5 110       
PG09  -6459.461491 -25106.405090  -5720.168964     54.681149  5  4  3  87       
PG10  21398.121135  10984.107747  11826.460218    -68.820136  6  4  5  84       
PG11 -20254.545908   6871.440222 -15690.950912   -535.032498  6  6  5  65       
PG12 -12348.055988  11953.608770 -20516.308411   -466.567449  8  8  4  84       
PG13 -14478.137794   3509.198763  21786.452224    614.560701  4  7  5  69       
PG14 -18217.791918 -13378.908421  14115.129444    295.140132  6  6  5  74       
PG15  -8151.329439  14999.174216  19809.890654    115.901451  6  5  6  70       
PG16  25494.164602    245.264889   7916.024519   -386.783076  3  5  6  93       
PG17 -12633.103875 -21938.135272  -7349.523515    720.172764  6  9  5  46       
PG18    688.322342  19034.691652  18446.268224   -528.900958  6  6  7  86       
PG19 -15517.414703 -15233.618462 -15679.245240    424.742324  5 10  6  97       
PG20 -26442.076853   1096.447555    291.755457    392.177854  3  5  5  63       
PG21  17276.146134 -18602.686752   6320.475047    138.812843  4  7  8  69       
PG22 -22678.197796 -11137.432461   8123.174530     50.486908  4  4  5  33       
PG23  10122.855773  14594.076726  19829.079460    132.819555  6  8  7  96       
PG24 -15319.092838  21290.289499   1911.672041   -411.333423  5  3  3  52       
PG25    855.084893  15731.758391 -21736.653781    484.788154  7  3  5  75       
PG26  26415.888495   3568.999542  -2504.906406    201.514436  5  4  5  67       
PG28  13968.066348   6519.443690 -21651.511312    -94.912221  6  7  8  90       
PG29   3370.597984  25455.306554  -6630.685380   -608.875217  7  5  6  37       
PG30  -9825.732116 -12802.909784  21189.037736   -447.025367  4  6  8  80       
PG31  19071.845303  -2356.136018 -18711.920041   -227.222143  6  6  5  83       
PG32  15623.792335  18885.879656 -10296.815347   -604.060657  4  7  6  37       
*  2024  1 10 20 45  0.00000000
PG01  12739.102035 -22759.669292  -4288.515034    165.756990  9  5  6  61       
PG02  15606.328261 -20901.382428   4784.557549   -502.796760  7  6  5  67       
PG03  13760.993051 -11940.221418 -19428.290035    117.217745  7  4  6  81       
PG04   4858.421619 -19230.714034 -17585.539386    262.723205  5  6  6  75       
PG05 -23308.246563   6737.545460  10741.437670   -157.482491  4  6  5  80       
PG06 -13719.712598  -5583.355670 -21981.135140    449.157837  4  7  6  92       
PG07    775.163031 -21363.184424  15935.924828    -34.114407  6  5  4  70       
PG08  10738.370165 -11704.473813  21137.279259   -161.461298  4  6  5 111       
PG09  -5889.834939 -24489.887306  -8417.839334     54.692157  5  4  3  79       
PG10  19949.626271  10960.643092  14159.131279    -68.820856  6  4  5  95       
PG11 -19181.146159   5287.655111 -17545.316466   -535.045191  6  6  5  85       
PG12 -14520.270169  11463.303185 -19315.846637   -466.570919  8  8  4  79       
PG13 -15159.819795   1080.804922  21598.676884    614.564341  5  7  5  87       
PG14 -16483.308593 -13345.741143  16121.713367    295.149470  5  5  5  88       
PG15  -9538.105842  13008.227371  20583.759582    115.905020  6  5  6  77       
PG16  26219.415820    601.204228   5214.540511   -386.776633  3  6  6  69       
PG17 -12669.340405 -22708.384915  -4574.148173    720.171803  6  9  4  63       
PG18   -638.381771  20554.765497  16719.527389   -528.909354  6  6  6  63       
PG19 -15878.821018 -16827.772302 -13545.178214    424.746501  6 10  6  85       
PG20 -26325.456232    793.752348  -2552.346332    392.176236  4  5  5  70       
PG21  17098.149305 -17726.022991   9046.144785    138.811479  5  7  8  74       
PG22 -21620.414806 -11168.647470  10717.506003     50.480993  4  4  5  40       
PG23   7806.475928  14481.613826  20913.248467    132.826214  5  8  7  98       
PG24 -15413.497220  20735.007617   4701.735329   -411.340013  5  4  4  41       
PG25  -1558.929800  15509.341317 -21834.534779    484.789400  8  3  4  92       
PG26  25981.952537   3857.322831  -5234.968485    201.511303  5  5  5  75       
PG28  12583.757451   8577.450347 -21782.997551    -94.922332  6  6  8  80       
PG29   2869.191981  24669.724270  -9319.905801   -608.875144  7  5  6  66       
PG30  -8351.794899 -14670.071929  20574.779663   -447.021233  4  6  7  77       
PG31  17838.592512   -573.548158 -20000.731031   -227.222288  6  6  6  82       
PG32  15857.012536  19932.022858  -7708.061025   -604.063289  5  7  6  75       
*  2024  1 10 21  0  0.00000000
PG01  13058.259686 -22892.846820  -1378.571720    165.757836  8  5  6  56       
PG02  15515.072173 -20213.901875   7550.641422   -502.791725  6  6  4  87       
PG03  15860.176866 -11741.890398 -17865.225700    117.241169  7  4  6  79       
PG04   5895.118418 -17391.886699 -19127.010893    262.732015  6  4  5  73       
PG05 -24409.564308   6538.378248   8156.792762   -157.483299  4  5  6  75       
PG06 -12342.956437  -7709.340464 -22144.396401    449.146202  4  6  6  78       
PG07   1849.204571 -22634.808572  13854.251966    -34.122534  6  5  4  54       
PG08  12000.163027  -9582.893695  21558.912976   -161.462486  4  6  5 114       
PG09  -5147.826799 -23642.796874 -10970.599053     54.703138  6  4  3  81       
PG10  18254.115353  11007.266295  16254.778659    -68.822236  6  4  5  82       
PG11 -18080.659033   3492.298218 -19096.646503   -535.057899  7  6  5  93       
PG12 -16565.636490  11106.092647 -17789.870876   -466.574223  8  7  4  80       
PG13 -15954.854623  -1264.843005  21032.904682    614.567678  5  6  5  78       
PG14 -14538.623743 -13383.916659  17853.347445    295.158739  5  5  4  94       
PG15 -11054.694337  11029.297832  20986.615711    115.908379  6  5  6  81       
PG16  26655.936154    873.251397   2425.062087   -386.769629  4  6  6  70       
PG17 -12619.363765 -23178.900310  -1718.594407    720.170772  6  9  4  68       
PG18  -1763.961014  21968.021490  14703.237659   -528.917752  6  6  6  54       
PG19 -16235.177586 -18165.210546 -11184.446266    424.751265  7 10  6  80       
PG20 -25906.096674    445.411626  -5352.020159    392.174903  4  5  6  70       
PG21  16821.122492 -16578.800499  11610.386290    138.810437  5  7  8  82       
PG22 -20289.296197 -11213.141248  13128.045171     50.474702  5  5  5  55       
PG23   5383.416162  14494.815749  21639.522159    132.832903  5  7  7  91       
PG24 -15390.516275  19903.983551   7408.049061   -411.346638  5  4  5  53       
PG25  -3974.595935  15411.772446 -21567.806223    484.790617  8  4  4  70       
PG26  25262.839458   4173.203250  -7877.159959    201.508142  5  5  6  58       
PG28  11311.972170  10699.463743 -21540.449018    -94.932385  7  6  7  60       
PG29   2211.176884  23639.777729 -11848.127640   -608.874632  7  5  6  83       
PG30  -7015.987313 -16533.772002  19608.615154   -447.017046  4  6  7  82       
PG31  16628.461916   1376.755817 -20954.736413   -227.222576  6  6  6  72       
PG32  16005.805176  20697.311108  -4987.373846   -604.065895  5  7  6  74       
*  2024  1 10 21 15  0.00000000
PG01  13204.637922 -22753.000490   1555.517042    165.758680  8  4  6  56       
PG02  15332.414058 -19247.665534  10187.062650   -502.786816  6  6  4  80       
PG03  17774.746432 -11656.912422 -15996.775369    117.264614  6  4  6  77       
PG04   7101.992466 -15474.176905 -20337.693572    262.740895  6  3  5  72       
PG05 -25218.466062   6380.121615   5431.641924   -157.484708  4  5  6  86       
PG06 -11089.387372  -9907.619480 -21923.966037    449.134511  5  6  7  79       
PG07   2742.901138 -23744.951557  11535.325641    -34.131209  6  5  4  66       
PG08  13380.452631  -7509.361186  21605.769122   -161.463762  4  6  6 110       
PG09  -4215.148892 -22600.422988 -13334.717373     54.714104  7  4  4  69       
PG10  16343.888062  11153.743304  18078.321004    -68.823852  6  4  5  87       
PG11 -16993.777734   1507.817825 -20318.211906   -535.070611  7  6  6  89       
PG12 -18441.305220  10866.538856 -15963.398352   -466.578024  8  7  4  83       
PG13 -16839.567596  -3483.443001  20099.854168    614.571214  5  6  6  78       
PG14 -12419.332134 -13518.017043  19280.207029    295.167976  6  5  5  90       
PG15 -12676.043933   9105.176176  21011.539603    115.911841  6  5  5  64       
PG16  26791.559233   1096.798220   -405.169895   -386.762980  4  6  6  70       
PG17 -12446.175807 -23359.256166   1166.958366    720.169896  6  8  5  70       
PG18  -2690.714315  23229.279161  12432.004954   -528.926118  6  6  5  59       
PG19 -16547.328866 -19232.415713  -8636.498409    424.756009  7 10  6  70       
PG20 -25197.568015     17.090481  -8058.497368    392.172988  4  4  6  84       
PG21  16486.608699 -15168.999639  13969.311065    138.809463  5  7  7  83       
PG22 -18708.000523 -11305.844560  15314.725067     50.469002  5  5  5  78       
PG23   2901.839058  14644.021501  21994.953592    132.839573  5  6  6  87       
PG24 -15285.904399  18794.066677   9981.944617   -411.353238  4  4  5  30       
PG25  -6345.483363  15436.768518 -20940.002844    484.791825  8  4  3  78       
PG26  24273.608657   4549.233991 -10387.219254    201.504993  5  5  6  78       
PG28  10174.654902  12841.899731 -20928.033894    -94.942411  7  6  7  53       
PG29   1375.365325  22401.204944 -14171.864734   -608.874025  7  4  6  78       
PG30  -5831.806138 -18350.343458  18306.213879   -447.012909  4  6  7  78       
PG31  15476.011192   3465.114127 -21557.192610   -227.222882  6  6  6  66       
PG32  16032.395506  21186.461719  -2181.544107   -604.068506  6  7  6  68       
*  2024  1 10 21 30  0.00000000
PG01  13212.514688 -22319.787990   4462.161562    165.759504  8  3  6  56       
PG02  15098.683561 -18007.871454  12649.638134   -502.781883  6  5  3  80       
PG03  19466.417412 -11659.221141 -13854.371366    117.288064  6  4  7  73       
PG04   8470.734632 -13524.620745 -21196.986209    262.749706  6  2  4  72       
PG05 -25722.507739   6225.814632   2613.129784   -157.486003  5  6  6  79       
PG06  -9981.657217 -12131.699587 -21323.369562    449.122825  5  6  7  70       
PG07   3468.299564 -24653.581031   9017.482341    -34.139366  5  5  4  48       
PG08  14852.913367  -5525.340218  21278.320165   -161.465677  4  6  6 107       
PG09  -3080.869325 -21402.455966 -15469.802952     54.725057  7  5  5  68       
PG10  14257.311642  11423.864852  19599.093176    -68.825225  5  4  5  87       
PG11 -15957.580258   -635.781353 -21189.006787   -535.083305  8  5  6  87       
PG12 -20108.790869  10722.337816 -13866.567035   -466.581248  8  7  4  79       
PG13 -17783.769563  -5536.099852  18816.682096    614.574579  6  6  6  84       
PG14 -10166.116974 -13766.348694  20377.571908    295.177227  5  5  4  91       
PG15 -14370.564140   7274.245514  20658.725247    115.915582  6  5  6  49       
PG16  26622.493183   1308.921704  -3228.654027   -386.756109  5  6  6  48       
PG17 -12116.242597 -23267.612264   4032.315630    720.169198  6  8  5  49       
PG18  -3429.252441  24296.186453   9944.974633   -528.934536  6  5  5  47       
PG19 -16775.314219 -20024.275626  -5943.877326    424.760812  8 10  6  90       
PG20 -24221.629733   -522.167751 -10624.621035    392.170961  5  4  6  73       
PG21  16135.307578 -13513.203175  16083.546377    138.807956  6  7  7  63       
PG22 -16906.850890 -11477.531369  17241.691916     50.462873  6  5  5  74       
PG23    411.592068  14931.356059  21972.895217    132.846287  4  6  6  67       
PG24 -15136.541301  17411.017536  12376.890351   -411.359826  4  4  6  70       
PG25  -8626.268997  15574.366926 -19960.573994    484.793076  8  5  4  62       
PG26  23036.570978   5014.776115 -12723.088193    201.501836  5  6  6  59       
PG28   9186.104757  14958.519264 -19956.254490    -94.952517  7  6  7  64       
PG29    347.880698  20994.739609 -16251.249771   -608.873584  8  4  6  85       
PG30  -4805.103990 -20075.269620  16689.086519   -447.008781  5  6  6  57       
PG31  14410.748671   5655.754248 -21797.036582   -227.223101  6  5  5  66       
PG32  15901.705954  21412.515163    661.445296   -604.071188  7  7  5  68       
*  2024  1 10 21 45  0.00000000
PG01  13120.186701 -21581.750575   7289.842317    165.760307  7  3  6  50       
PG02  14853.528393 -16508.171925  14897.664742   -502.776820  6  4  3  86       
PG03  20903.428611 -11717.010668 -11474.244608    117.311504  5  4  7  80       
PG04   9984.884083 -11588.990291 -21690.415361    262.758488  6  3  4  63       
PG05 -25918.150491   6037.380433   -250.208934   -157.487298  6  6  6  49       
PG06  -9034.269776 -14332.275035 -20352.780739    449.111136  5  6  7  93       
PG07   4044.405762 -25325.059517   6343.063497    -34.147677  5  5  4  63       
PG08  16385.105444  -3667.031454  20583.538239   -161.467547  5  6  6 109       
PG09  -1742.018797 -20091.450515 -17339.478861     54.736020  8  5  6  80       
PG10  12037.540314  11834.431386  20791.325768    -68.826210  5  4  5  96       
PG11 -15004.113905  -2901.903928 -21694.108223   -535.095939  8  5  6  85       
PG12 -21535.308335  10645.260559 -11534.204287   -466.584864  7  7  5  70       
PG13 -18751.956564  -7390.618664  17206.611743    614.577870  6  4  6  65       
PG14  -7823.377572 -14140.126326  21126.261909    295.186505  5  5  4  86       
PG15 -16101.296707   5569.092172  19935.429097    115.919152  6  4  6  82       
PG16  26153.393590   1546.803177  -5998.362941   -386.749271  6  7  6  64       
PG17 -11600.942797 -22929.811108   6828.163167    720.168107  6  7  6  65       
PG18  -3997.898736  25130.853663   7285.154339   -528.942933  6  5  4  64       
PG19 -16879.973535 -20544.137653  -3151.573128    424.765039  8  9  7  94       
PG20 -23007.404101  -1198.516550 -13005.698692    392.169453  5  3  6  90       
PG21  15805.367095 -11635.953615  17918.804661    138.806876  6  7  6  82       
PG22 -14922.243762 -11753.556523  18877.797805     50.457077  6  5  5  83       
PG23  -2037.510115  15350.589628  21573.148917    132.852966  4  5  6  83       
PG24 -14978.783368  15769.494330  14549.453017   -411.366375  4  4  6  71       
PG25 -10774.247927  15807.288171 -18644.809480    484.794271  8  5  4  72       
PG26  21580.516666   5594.681658 -14845.560354    201.498706  6  5  6  71       
PG28   8352.551654  17002.052491 -18641.769523    -94.962591  6  6  6  69       
PG29   -877.120127  19464.554797 -18050.711522   -608.873250  8  4  6  83       
PG30  -3933.994990 -21664.786570  14784.277428   -447.004641  5  6  6  76       
PG31  13456.059671   7907.916251 -21669.119790   -227.223151  6  5  5  57       
PG32  15582.824185  21396.163529   3493.223220   -604.073881  7  7  5  76       
*  2024  1 10 22  0  0.00000000
PG01  12968.289791 -20536.966648   9988.101213    165.761193  6  4  6  71       
PG02  14634.295894 -14770.203263  16894.500510   -502.772055  6  4  2  86       
PG03  22061.645581 -11794.074471  -8896.845280    117.334964  5  5  7  78       
PG04  11620.325395  -9710.149907 -21809.861899    262.767367  6  3  4  72       
PG05 -25810.791890   5777.284120  -3109.286694   -157.488797  7  5  7  94       
PG06  -8253.127173 -16458.989632 -19028.858379    449.099476  6  6  7  93       
PG07   4496.328600 -25729.599468   3557.765586    -34.156345  5  5  4  25       
PG08  17939.670076  -1964.183004  19534.683304   -161.469947  6  7  6 108       
PG09   -203.887897 -18711.198173 -18911.983271     54.746908  7  5  6  82       
PG10   9731.065669  12394.499482  21634.560618    -68.827432  5  4  5  84       
PG11 -14159.190122  -5248.586775 -21824.928221   -535.108610  8  5  6  93       
PG12 -22694.917108  10602.334355  -9005.313012   -466.588174  7  7  5  51       
PG13 -19704.722839  -9022.522038  15298.454783    614.581030  6  4  7  70       
PG14  -5437.716645 -14642.935621  21512.986051    295.195772  6  5  4  93       
PG15 -17827.317919   4015.381195  18855.756799    115.922737  6  4  6  71       
PG16  25397.143544   1846.165211  -8668.447747   -386.742434  6  7  6  68       
PG17 -10877.804457 -22378.204231   9506.909871    720.167549  6  6  6  76       
PG18  -4421.781648  25701.330319   4498.659717   -528.951401  6  4  4  65       
PG19 -16824.538692 -20803.562596   -306.337826    424.770203  7  8  7  80       
PG20 -21590.269936  -2032.073666 -15160.308946    392.167712  5  3  6  85       
PG21  15530.845134  -9568.823128  19446.308013    138.805867  7  7  6  73       
PG22 -12795.361131 -12152.827117  20196.998957     50.451159  6  5  5  73       
PG23  -4397.408540  15887.330870  20802.008706    132.859638  5  5  6  79       
PG24 -14846.833323  13892.670012  16460.205707   -411.372965  4  4  6  96       
PG25 -12750.767222  16111.583843 -17013.680043    484.795499  7  5  3  68       
PG26  19939.719171   6308.185964 -16718.889665    201.495562  6  5  6  61       
PG28   7672.052461  18925.871670 -17007.112568    -94.972686  6  6  6  53       
PG29  -2297.040393  17856.591750 -19539.571657   -608.872608  8  4  6  99       
PG30  -3209.066635 -23077.482913  12623.954577   -447.000539  5  6  5  77       
PG31  12628.360580  10177.174463 -21174.362572   -227.223385  6  5  5  89       
PG32  15050.310461  21164.807104   6265.824786   -604.076565  7  7  4  60       
*  2024  1 10 22 15  0.00000000
PG01  12798.009308 -19193.329709  12508.537384    165.762074  6  5  6  56       
PG02  14474.543738 -12822.836564  18608.053922   -502.767040  6  3  2  85       
PG03  22925.386911 -11851.332367  -6166.182112    117.358436  5  5  7  40       
PG04  13346.089836  -7926.541371 -21553.674571    262.776173  6  4  4  45       
PG05 -25414.467827   5410.161267  -5915.295248   -157.489741  7  5  7  93       
PG06  -7635.424383 -18462.252378 -17374.463585    449.087788  6  6  7  93       
PG07   4854.158850 -25844.533558    709.887543    -34.164457  4  5  4  55       
PG08  19475.712756   -439.170947  18150.986836   -161.471937  7  7  7 103       
PG09   1519.994811 -17305.071649 -20160.687305     54.757833  7  5  6  72       
PG10   7386.147344  13104.917850  22113.997182    -68.829162  5  4  4  86       
PG11 -13441.436151  -7629.931884 -21579.354000   -535.121315  8  5  6  96       
PG12 -23569.428604  10557.224198  -6322.478397   -466.591738  7  6  5  54       
PG13 -20600.327644 -10415.755310  13126.040338    614.584304  5  4  7  48       
PG14  -3056.342757 -15270.497158  21530.598145    295.205031  6  5  4  90       
PG15 -19505.306311   2631.042565  17440.298518    115.926149  6  4  6  72       
PG16  24374.354038   2239.780062 -11194.907101   -386.735429  7  7  6  72       
PG17  -9931.487477 -21650.261448  12023.464857    720.166899  6  5  6  91       
PG18  -4731.654654  25982.864882   1633.896909   -528.959830  7  4  4  76       
PG19 -16576.154379 -20821.785283   2544.033290    424.774693  7  7  7  63       
PG20 -20010.521607  -3035.931701 -17051.045413    392.166034  6  3  6  90       
PG21  15340.393980  -7349.247601  20643.075132    138.803734  7  7  5  79       
PG22 -10570.737236 -12687.037967  21178.662163     50.445375  7  5  4  80       
PG23  -6623.462986  16519.549657  19672.192707    132.866324  5  5  5  59       
PG24 -14771.202781  11811.491839  18074.554308   -411.379532  5  4  7  87       
PG25 -14522.530401  16457.552460 -15093.588693    484.796720  7  5  3  69       
PG26  18152.749265   7168.008822 -18311.352968    201.492415  6  5  6  61       
PG28   7134.710738  20685.649520 -15080.311085    -94.982763  7  6  5  28       
PG29  -3900.768116  16216.839036 -20692.552046   -608.871850  9  4  6  89       
PG30  -2613.893438 -24275.834387  10244.899778   -446.996423  5  6  5  83       
PG31  11936.514771  12416.914207 -20319.822409   -227.223646  6  5  5  37       
PG32  14285.297681  20751.377826   8932.464979   -604.079225  7  7  5  74       
*  2024  1 10 22 30  0.00000000
PG01  12649.257147 -17568.430617  14805.781159    165.762943  6  6  6  77       
PG02  14402.729233 -10701.184677  20011.182733   -502.762036  6  3  1  95       
PG03  23487.938664 -11848.488106  -3329.089104    117.381923  4  5  8  77       
PG04  15125.428580  -6270.855193 -20926.670466    262.784944  7  4  4  62       
PG05 -24751.240561   4904.354945  -8620.519132   -157.491015  8  4  7  98       
PG06  -7169.896627 -20295.034993 -15418.261888    449.076065  6  7  7  89       
PG07   5151.620477 -25655.339978  -2150.515733    -34.172892  4  5  4  36       
PG08  20950.318120    893.621181  16457.242343   -161.473743  7  7  7 106       
PG09   3408.201906 -15914.404109 -21064.523208     54.768762  7  5  6  89       
PG10   5051.177659  13958.171863  22220.764428    -68.830840  5  4  5  78       
PG11 -12861.639687  -9997.693816 -20961.774745   -535.133995  8  5  6  90       
PG12 -24149.038889  10471.765894  -3531.200034   -466.594957  7  6  5  51       
PG13 -21396.351512 -11563.057778  10727.566069    614.587909  5  3  7  92       
PG14   -725.447146 -16010.743199  21178.252754    295.214323  6  4  3  93       
PG15 -21091.204280   1425.797818  15715.628796    115.929783  6  5  7  58       
PG16  23112.606221   2756.099379 -13536.216983   -386.728470  7  7  6  66       
PG17  -8754.480969 -20787.023090  14335.939303    720.165946  6  4  6  96       
PG18  -4962.490708  25958.895578  -1259.302404   -528.968227  6  4  4  66       
PG19 -16107.273301 -20624.898709   5351.446430    424.779230  6  6  7  89       
PG20 -18311.847655  -4215.452310 -18645.182963    392.164403  6  4  6 101       
PG21  15256.206695  -5019.181352  21492.082271    138.803185  7  7  5  77       
PG22  -8294.733410 -13360.191215  21807.783309     50.439360  7  4  4  88       
PG23  -8675.990976  17218.412077  18202.662816    132.872995  6  4  5  65       
PG24 -14777.338889   9563.613315  19363.456785   -411.386108  4  4  7  92       
PG25 -16062.723180  16810.895581 -12916.029877    484.797948  7  5  3  54       
PG26  16261.140303   8179.697300 -19595.760357    201.489256  6  5  6  65       
PG28   6723.211300  22240.940048 -12894.411984    -94.992852  6  6  5  60       
PG29  -5668.933548  14589.628514 -21490.185381   -608.871056  9  5  6  85       
PG30  -2125.835795 -25227.612252   7687.904653   -446.992338  6  6  4  73       
PG31  11381.536363  14579.913662 -19118.669706   -227.223973  6  5  5  62       
PG32  13276.345853  20192.975762  11448.281475   -604.081911  7  7  5  66       
*  2024  1 10 22 45  0.00000000
PG01  12558.895661 -15689.042339  16838.418915    165.763889  6  6  6  88       
PG02  14441.117884  -8445.406971  21082.005654   -502.756915  6  3     90       
PG03  23751.733811 -11745.753792   -434.430491    117.405403  4  5  8  70       
PG04  16917.115323  -4768.937663 -19940.024361    262.793746  7  5  4  69       
PG05 -23850.299664   4233.303801 -11179.118374   -157.492281  8  3  7 103       
PG06  -6837.409874 -21914.580098 -13194.217325    449.064351  6  7  7  83       
PG07   5424.544189 -25156.369529  -4972.559765    -34.181519  4  6  4  67       
PG08  22320.136652   2028.107137  14483.314720   -161.475519  7  6  7 103       
PG09   5432.049617 -14576.964409 -21608.317625     54.779714  6  5  6  95       
PG10   2773.036844  14938.545597  21952.112780    -68.832302  4  4  5  77       
PG11 -12422.411132 -12302.960570 -19982.995051   -535.146682  8  5  5  84       
PG12 -24432.658064  10307.594771   -679.156300   -466.598545  7  6  5  35       
PG13 -22051.375610 -12465.991667   8144.886853    614.591135  5  3  8  81       
PG14   1511.384081 -16844.207206  20461.456691    295.223580  6  4  3  92       
PG15 -22541.899784    401.039624  13713.690824    115.933370  5  5  7  72       
PG16  21645.464256   3418.049812 -15653.918223   -386.721649  7  7  6  56       
PG17  -7347.497018 -19831.458058  16406.266802    720.165435  6  4  6  87       
PG18  -5151.907987  25621.731368  -4130.576221   -528.976643  7  4  4  78       
PG19 -15396.874000 -20244.788174   8068.272445    424.784008  5  5  7  94       
PG20 -16539.690578  -5567.872601 -19915.253296    392.162292  7  4  6  93       
PG21  15293.250621  -2623.630871  21982.312405    138.802286  7  7  5  73       
PG22  -6013.975191 -14168.409821  22075.122827     50.433558  7  4  4  87       
PG23 -10521.622695  17949.397926  16418.332372    132.879671  6  4  6  75       
PG24 -14884.478658   7192.045103  20304.013345   -411.392663  4  4  7  93       
PG25 -17351.915455  17134.076891 -10517.154712    484.799154  7  5  3  69       
PG26  14307.950508   9341.235410 -20549.906940    201.486080  6  5  6  77       
PG28   6413.648763  23556.621650 -10486.921257    -95.003036  7  6  5  33       
PG29  -7574.488467  13016.013186 -21919.123864   -608.870449  9  5  6  81       
PG30  -1717.095597 -25907.107815   4997.080449   -446.988234  6  6  3  70       
PG31  10956.598472  16619.975439 -17590.065252   -227.224097  6  4  5  34       
PG32  12020.022030  19529.370352  13771.037975   -604.084601  6  7  5  76       
*  2024  1 10 23  0  0.00000000
PG01  12559.088290 -13590.224241  18569.842008    165.764887  6  7  6  87       
PG02  14604.942563  -6099.357873  21804.131400   -502.751675  6  2  2  96       
PG03  23728.186305 -11505.573483   2467.743186    117.428914  3  5  8  48       
PG04  18676.927357  -3438.973533 -18611.050681    262.802586  7  5  5  95       
PG05 -22746.812624   3376.730259 -13547.869519   -157.493901  8  2  7  98       
PG06  -6611.870630 -23283.952182 -10740.987899    449.052622  6  7  7  87       
PG07   5709.224357 -24351.231930  -7705.517565    -34.189995  5  6  5  78       
PG08  23542.982610   2966.482431  12263.580799   -161.477518  7  6  7 110       
PG09   7556.518694 -13325.585053 -21783.026342     54.790629  5  5  6  85       
PG10    595.496759  16022.599909  21311.520618    -68.833400  4  4  5  92       
PG11 -12118.175478 -14497.863227 -18660.037274   -535.159415  8  4  5  87       
PG12 -24427.918107  10027.808506   2184.589883   -466.602065  7  6  6  23       
PG13 -22526.618606 -13134.634209   5422.756693    614.594485  5  3  8  58       
PG14   3614.662012 -17744.713955  19392.012657    295.232842  6  4  3  79       
PG15 -23816.855983   -449.939975  11471.087564    115.936666  5  6  8  62       
PG16  20011.293725   4242.033265 -17513.159428   -386.714660  8  7  6  68       
PG17  -5719.554278 -18826.790882  18200.738931    720.164370  6  5  5  81       
PG18  -5338.491021  24972.894746  -6929.939521   -528.985062  7  5  4  66       
PG19 -14431.454383 -19717.850931  10648.119465    424.788773  4  4  7  93       
PG20 -14739.553868  -7082.239264 -20839.519173    392.161008  7  4  6  98       
PG21  15458.800449   -209.125155  22108.708000    138.800720  7  7  6  93       
PG22  -3773.804809 -15100.044992  21977.263129     50.427566  8  4  4  67       
PG23 -12134.418036  18673.659291  14349.664405    132.886399  6  4  6  91       
PG24 -15104.783379   4743.585586  20879.910482   -411.399223  4  4  7  99       
PG25 -18378.700821  17387.837850  -7937.242266    484.800370  7  5  3  76       
PG26  12336.272099  10642.937231 -21156.959560    201.482919  7  5  6  75       
PG28   6176.617925  24604.147356  -7899.166650    -95.013133  7  7  5  61       
PG29  -9583.584074  11532.288143 -21972.342573   -608.869728  9  5  6  81       
PG30  -1355.988868 -26296.121611   2219.092482   -446.984127  7  6  3  48       
PG31  10647.351980  18493.548527 -15758.934543   -227.224293  6  4  5  45       
PG32  10521.186682  18801.421908  15861.780417   -604.087329  6  7  6  91       
*  2024  1 10 23 15  0.00000000
PG01  12675.851931 -11314.081686  19968.994779    165.765814  6  7  6  96       
PG02  14901.835317  -3709.127911  22166.810150   -502.746934  6  2  3  99       
PG03  23437.182953 -11094.277023   5327.073237    117.452440  3  5  8  80       
PG04  20359.247761  -2290.973274 -16962.883504    262.811389  7  5  5  76       
PG05 -21480.570225   2321.586112 -15686.855400   -157.495092  8  3  7 103       
PG06  -6461.418088 -24373.369721  -8101.234161    449.040887  6  7  7  69       
PG07   6040.729346 -23252.812659 -10299.843244    -34.198107  6  7  5  87       
PG08  24579.383911   3718.895799   9836.313262   -161.479801  7  6  8 118       
PG09   9741.418563 -12186.993472 -21585.868315     54.801543  4  5  5  81       
PG10  -1442.269293  17179.954191  20308.709937    -68.834777  4  4  6  86       
PG11 -11935.492965 -16537.248866 -17015.836915   -535.172161  8  4  5 100       
PG12 -24150.852877   9598.599187   5010.432347   -466.605454  7  6  6  53       
PG13 -22787.468844 -13586.950995   2608.039202    614.597881  6  2  9  65       
PG14   5550.333661 -18680.346369  17987.853354    295.242093  6  4  4  90       
PG15 -24879.621938  -1141.392731   9028.303423    115.940044  5  6  8  74       
PG16  18251.925685   5237.163877 -19083.193182   -386.707911  8  7  6  80       
PG17  -3887.756096 -17814.858875  19690.455136    720.163824  6  5  5  93       
PG18  -5560.075764  24023.111973  -9608.685051   -528.993486  7  6  5  63       
PG19 -13205.760713 -19083.545197  13046.605002    424.793578  4  3  7  93       
PG20 -12955.324021  -8739.672342 -21402.339220    392.159343  8  5  6 104       
PG21  15752.271803   2177.822571  21872.042751    138.799559  7  6  6  80       
PG22  -1616.799808 -16136.068557  21516.592950     50.421754  8  4  4  82       
PG23 -13496.700642  19349.568600  12032.165287    132.893054  6  5  6  49       
PG24 -15442.791305   2267.102396  21081.707772   -411.405794  3  5  7  99       
PG25 -19140.043050  17532.815466  -5220.079189    484.801585  7  5  4  73       
PG26  10387.739514  12067.630803 -21405.771831    201.479784  7  5  6  67       
PG28   5978.523722  25362.554251  -5175.593724    -95.023239  7  7  6  67       
PG29 -11656.713240  10168.709802 -21649.235856   -608.869284  9  5  6  87       
PG30  -1008.385809 -26384.674233   -597.667347   -446.980007  7  6  3  53       
PG31  10432.549410  20161.279305 -13655.635646   -227.224424  6  4  6  62       
PG32   8792.977779  18049.480750  17685.439336   -604.090064  6  8  6  93       
*  2024  1 10 23 30  0.00000000
PG01  12927.877153  -8908.233684  21010.999771    165.766751  7  7  6  96       
PG02  15331.544573  -1321.527242  22165.012470   -502.741651  6  2  4  90       
PG03  22906.250187 -10483.596752   8093.788924    117.475941  4  6  8  70       
PG04  21918.727258  -1326.582000 -15024.061475    262.820166  8  5  5  89       
PG05 -20094.478394   1062.722097 -17560.095370   -157.496399  9  4  7 112       
PG06  -6349.850065 -25161.265664  -5320.854575    449.029124  6  7  7  87       
PG07   6451.240971 -21882.908322 -12708.203926    -34.206738  6  7  5  93       
PG08  25394.028361   4302.826010   7243.019792   -161.481023  8  7  8 102       
PG09  11942.750961 -11180.889276 -21020.358180     54.812456  3  5  5  79       
PG10  -3307.015381  18374.348562  18959.566175    -68.835735  4  4  6  76       
PG11 -11853.694863 -18380.252833 -15078.837016   -535.184812  7  4  5  98       
PG12 -23625.256762   8990.788663   7749.096102   -466.608750  7  6  6  20       
PG13 -22804.855164 -13847.880324   -251.098716    614.600942  7  2  9  75       
PG14   7290.914938 -19614.653996  16272.766243    295.251338  6  5  4 102       
PG15 -25699.165672  -1694.262419   6428.880131    115.943712  5  6  8  95       
PG16  16411.210609   6404.766618 -20337.823293   -386.700860  9  8  7  56       
PG17  -1876.778034 -16834.556682  20851.687883    720.163123  7  6  4  94       
PG18  -5852.068763  22791.950991 -12120.259117   -529.001876  8  7  5  78       
PG19 -11723.219984 -18382.819622  15222.116262    424.798207  5  4  7  93       
PG20 -11227.673935 -10513.947066 -21594.417823    392.157421  8  5  6 108       
PG21  16165.346494   4492.211129  21278.726650    138.798745  7  6  7  55       
PG22    418.594937 -17250.733031  20701.223035     50.415727  8  3  5  87       
PG23 -14599.574460  19934.396080   9505.781075    132.899713  6  5  6  70       
PG24 -15895.210614   -188.257310  20906.962516   -411.412323  3  5  7 101       
PG25 -19641.309078  17531.201251  -2412.252767    484.802769  7  4  4  58       
PG26   8501.089966  13591.130382 -21291.120761    201.476684  7  5  6  47       
PG28   5783.059887  25819.193174  -2363.006915    -95.033368  7  7  7  83       
PG29 -13750.073134   8948.460577 -20955.606802   -608.868457  9  5  6  89       
PG30   -639.260532 -26171.406650  -3403.954125   -446.975927  8  6  4  85       
PG31  10284.956386  21589.430514 -11315.519373   -227.224802  6  3  6  82       
PG32   6856.494139  17311.821413  19211.372401   -604.092804  5  8  7  84       
*  2024  1 10 23 45  0.00000000
PG01  13325.669622  -6424.055755  21677.642572    165.767683  7  8  7  93       
PG02  15885.941749   1017.438453  21799.440378   -502.736605  6  3  5  83       
PG03  22169.426305  -9651.984213  10719.603982    117.499504  5  6  8  93       
PG04  23311.942517   -539.214768 -12828.025769    262.828989  8  6  5  87       
PG05 -18632.952892   -396.741622 -19136.108903   -157.497864  9  5  7 116       
PG06  -6238.224663 -25635.034669  -2448.162975    449.017337  6  6  7  73       
PG07   6968.500549 -20271.487194 -14886.488857    -34.215161  7  8  6  94       
PG08  25957.055200   4742.191965   4527.748466   -161.481998  8  7  8  89       
PG09  14114.222199 -10319.300846 -20096.237714     54.823417  3  5  5  80       
PG10  -4972.539184  19564.952510  17285.957955    -68.837232  4  4  6  40       
PG11 -11845.808515 -19991.710580 -12882.489160   -535.197562  7  4  5  92       
PG12 -22881.741724   8181.203106  10352.528674   -466.612320  7  7  6  16       
PG13 -22556.407182 -13948.168171  -3105.996349    614.604570  8  2 10 105       
PG14   8816.372692 -20508.057989  14276.011242    295.260584  6  5  5  98       
PG15 -26250.981285  -2135.082935   3718.569348    115.947152  6  7  9  90       
PG16  14533.509513   7738.154725 -21255.800502   -386.693765  9  8  7  57       
PG17    281.911387 -15920.420115  21666.165304    720.162233  7  6  4  95       
PG18  -6245.869023  21307.121868 -14421.094569   -529.010292  8  8  4  86       
PG19  -9996.053406 -17656.480113  17136.546205    424.803245  6  3  7  95       
PG20  -9592.610068 -12372.369405 -21412.937347    392.155426  8  5  6 104       
PG21  16682.372420   6691.960131  20340.557142    138.797958  7  6  8  34       
PG22   2299.278938 -18412.474690  19544.836826     50.409922  8  3  5  92       
PG23 -15443.100729  20386.050518   6814.206249    132.906402  7  6  7  59       
PG24 -16451.057672  -2574.848071  20360.193606   -411.418855  2  5  7 108       
PG25 -19895.979565  17348.375975    437.634359    484.803948  7  3  5  57       
PG26   6710.828864  15182.984583 -20813.858289    201.473557  7  5  6  56       
PG28   5552.798807  25970.150395    490.231732    -95.043501  8  7  8  85       
PG29 -15817.096372   7886.896549 -19903.551345   -608.867907  9  5  6  95       
PG30   -214.287035 -25663.650370  -6150.571671   -446.971850  8  6  4  81       
PG31  10172.521020  22751.109759  -8778.383124   -227.225025  6  3  7  93       
PG32   4740.189666  16623.167693  20413.841765   -604.095537  5  7  7  68       
EOF
