#cP2024  1 14  0  0  0.00000000      96 ORBIT IGS20 HLM  IGS
## 2297      0.00000000   900.00000000 60323 0.0000000000000
+   31   G01G02G03G04G05G06G07G08G09G10G11G12G13G14G15G16G17
+        G18G19G20G21G22G23G24G25G26G28G29G30G31G32  0  0  0
+          0  0  0  0  0  0  0  0  0  0  0  0  0  0  0  0  0
+          0  0  0  0  0  0  0  0  0  0  0  0  0  0  0  0  0
+          0  0  0  0  0  0  0  0  0  0  0  0  0  0  0  0  0
++         2  2  2  2  2  1  2  2  2  2  2  2  2  2  2  2  2
++         2  3  1  2  2  2  2  2  2  2  2  2  2  2  0  0  0
++         0  0  0  0  0  0  0  0  0  0  0  0  0  0  0  0  0
++         0  0  0  0  0  0  0  0  0  0  0  0  0  0  0  0  0
++         0  0  0  0  0  0  0  0  0  0  0  0  0  0  0  0  0
%c G  cc GPS ccc cccc cccc cccc cccc ccccc ccccc ccccc ccccc
%c cc cc ccc ccc cccc cccc cccc cccc ccccc ccccc ccccc ccccc
%f  1.2500000  1.025000000  0.00000000000  0.000000000000000
%f  0.0000000  0.000000000  0.00000000000  0.000000000000000
%i    0    0    0    0      0      0      0      0         0
%i    0    0    0    0      0      0      0      0         0
/* FINAL ORBIT COMBINATION FROM WEIGHTED AVERAGE OF:        
/* cod emr esa gfz grg jgx jpl mit ngs sio                  
/* REFERENCED TO GPS CLOCK AND TO WEIGHTED MEAN POLE:       
/* PCV:IGS20      OL/AL:FES2014b NONE     Y  ORB:CMB CLK:CMB
*  2024  1 14  0  0  0.00000000
PG01  14369.914847  -2082.590277  21910.665676    166.036339 10  9  8  93       
PG02  17139.659473   4885.908073  20272.038044   -501.275010  7 10  5  88       
PG03  20445.267425  -7594.184321  14937.654275    124.281180  5  8  9  46       
PG04  25301.569706    517.444550  -8272.603481    265.378384  8  7  5  78       
PG05 -15960.453276  -3463.705749 -21140.475382   -157.863032  7  9  8  68       
PG06  -5865.459012 -25689.553621   2907.949697    445.612224  8  6  6           
PG07   8248.778920 -16843.593199 -18133.949300    -36.648106 10  7  5 108       
PG08  26257.931738   5300.952163   -614.991323   -161.960996  8 10  9  86       
PG09  17799.584317  -9151.018245 -17576.408068     57.995703  9  8  4  49       
PG10  -7425.974773  21575.055089  13513.170253    -69.226726  8  6  7  57       
PG11 -11909.229512 -22247.319814  -8340.711375   -538.858169  8  7  6  48       
PG12 -21099.282841   6163.883442  14573.695051   -467.605057  5  5  8  67       
PG13 -21379.427389 -13837.867004  -8129.913881    615.582700  7  8  9  79       
PG14  11005.627504 -21894.231363  10034.927857    297.937201 11  4  9  64       
PG15 -26513.656768  -2778.288881  -1375.147819    116.962664  6  8  7  74       
PG16  11179.975747  10525.030363 -22011.692278   -384.682350  8 10  6  69       
PG17   4468.240924 -14516.794221  22220.233715    719.935491 10  5  6  66       
PG18  -7312.787137  18060.186609 -17948.952596   -531.417330  7  5  5  52       
PG19  -6310.477751 -16397.904008  19837.176361    426.176737 12  7 10  52       
PG20  -6960.912073 -15831.855469 -20144.240633    391.666058  8  8  6  84       
PG21  17811.705573  10249.377043  17826.074271    138.486922  8  7  4  77       
PG22   5221.648187 -20521.205826  16643.249493     48.718357  9  5  5  77       
PG23 -16336.180432  20746.224846   1667.766265    134.848361  7  6  8  57       
PG24 -17659.965292  -6583.021117  18461.922010   -413.297302  6  6  7  75       
PG25 -19808.617131  16438.675669   5590.836481    485.159166  5  6  5  71       
PG26   3741.009065  18173.936459 -19015.479105    200.567073  5  7  4  87       
PG28   4885.088429  25479.337400   5676.459748    -97.973305  6  7  7  43       
PG29 -19353.339962   6379.724357 -17135.383052   -608.721901 11  9  9  79       
PG30    794.526695 -24044.890500 -10830.107543   -445.767109  8  5  6  61       
PG31   9935.201112  24128.208986  -3795.724143   -227.279622  6  7  8  83       
PG32    525.458366  15585.820400  21712.588456   -604.849355  7  6  5  57       
*  2024  1 14  0 15  0.00000000
PG01  15162.181631    340.155352  21505.399097    166.037327  9  9  8 102       
PG02  17941.935894   6870.104257  18945.691200   -501.269977  7  9  5  87       
PG03  19353.177191  -6097.499884  16936.329482    124.304654  3  8  9  69       
PG04  26025.269331    904.604615  -5564.911933    265.387166  9  7  5  88       
PG05 -14519.293746  -5400.236823 -21761.320046   -157.864570  8  8  7  82       
PG06  -5540.197502 -25284.705661   5769.596063    445.600457  7  5  6  76       
PG07   9161.665346 -14767.890735 -19465.658664    -36.656666  9  7  4  91       
PG08  26006.103294   5501.736747  -3423.459991   -161.963532  8  9  9 102       
PG09  19641.177183  -8692.169474 -15749.114630     58.006714  8  8  4  67       
PG10  -8460.001391  22516.126842  11091.399107    -69.228598  8  6  7  34       
PG11 -11925.575206 -23079.014141  -5628.441181   -538.870689  7  7  6  81       
PG12 -19950.582037   4727.079054  16561.008340   -467.608338  6  5  7  84       
PG13 -20329.517398 -13682.782047 -10716.901452    615.586228  7  8  9  71       
PG14  11887.593743 -22451.677514   7442.658372    297.946395 10  4  9  46       
PG15 -26240.816340  -3077.127863  -4142.833263    116.966122  6  8  7  75       
PG16   9422.463127  12222.415584 -21915.349491   -384.675208  8 10  6  79       
PG17   6828.678580 -13922.555439  22007.957229    719.934540 10  6  5  73       
PG18  -8111.324220  16064.964378 -19454.734964   -531.425744  7  5  5  74       
PG19  -4031.969116 -15797.476121  20850.695977    426.181541 12  7  9  59       
PG20  -5725.561298 -17711.351654 -18951.515573    391.664723  7  8  6  83       
PG21  18484.617226  11941.882380  16024.811111    138.485421  7  6  4  86       
PG22   6547.299221 -21611.056387  14646.443789     48.712550  9  4  5  62       
PG23 -16524.207452  20624.460169  -1231.623115    134.855088  6  6  8  78       
PG24 -18389.816610  -8553.596076  16949.174971   -413.303737  6  6  7  72       
PG25 -19500.205316  15602.543121   8289.797215    485.160345  5  5  5  91       
PG26   2359.102400  19750.606049 -17567.199796    200.563914  5  7  5  76       
PG28   4364.584464  24817.161450   8379.002724    -97.983510  6  7  6  62       
PG29 -21092.404812   5776.002694 -15189.615147   -608.721456 11  9  9  74       
PG30   1535.863475 -22817.408112 -13156.487725   -445.762935  8  4  6  63       
PG31   9725.954468  24463.296583   -946.947307   -227.279848  6  7  8  81       
PG32  -1893.127603  15175.103079  21909.734160   -604.851987  7  6  4  58       
*  2024  1 14  0 30  0.00000000
PG01  16061.992266   2647.168957  20719.692140    166.038289  9  9  8 101       
PG02  18774.812499   8663.471205  17308.361323   -501.265013  6  9  5  97       
PG03  18217.615372  -4374.028682  18639.249586    124.328114  3  8  9  76       
PG04  26461.033792   1203.988688  -2762.172451    265.395925  9  7  6  84       
PG05 -13156.877944  -7452.799849 -22014.054427   -157.865438  8  8  7  83       
PG06  -5071.453659 -24603.107502   8531.492581    445.588511  7  4  6  49       
PG07  10225.316972 -12617.362978 -20444.230443    -36.665011  9  7  4  86       
PG08  25455.310295   5686.665722  -6174.577992   -161.966157  8  9  9  79       
PG09  21284.208721  -8351.206606 -13653.031428     58.017674  8  8  4  84       
PG10  -9271.085123  23284.126342   8477.185135    -69.229567  7  6  7  52       
PG11 -11878.103092 -23615.257009  -2819.520533   -538.883284  7  6  6  83       
PG12 -18739.136486   3072.157582  18256.659325   -467.611698  6  5  7  64       
PG13 -19002.572974 -13511.882155 -13123.267721    615.589428  7  7  9  60       
PG14  12553.178553 -22816.672355   4721.021707    297.955629 10  4  9  48       
PG15 -25678.220999  -3392.199336  -6840.708840    116.969591  6  8  7  59       
PG16   7775.380087  13991.235181 -21452.086857   -384.668346  8 10  7  76       
PG17   9174.516032 -13467.202306  21432.038868    719.933846 10  6  5  82       
PG18  -9072.533146  13975.904354 -20623.554193   -531.434066  7  5  6  63       
PG19  -1628.346378 -15297.740086  21501.688259    426.186430 12  7  8  54       
PG20  -4658.193439 -19513.373876 -17432.802506    391.663062  7  7  5  84       
PG21  19148.731380  13406.775599  13967.371790    138.484536  7  6  4  79       
PG22   7656.317679 -22596.026111  12407.407418     48.706882  8  4  5  55       
PG23 -16528.181233  20244.425467  -4109.562932    134.861800  6  6  8  78       
PG24 -19122.598097 -10315.357197  15140.456677   -413.310195  6  5  7  45       
PG25 -19057.054553  14507.684650  10842.024102    485.161563  4  5  5  69       
PG26   1148.233233  21241.483463 -15815.870245    200.560788  5  6  5  93       
PG28   3684.642073  23912.729565  10937.243335    -97.993743  6  7  6  63       
PG29 -22631.549263   5313.800303 -12984.390492   -608.720939 11  9  9  86       
PG30   2430.997250 -21394.539367 -15251.880218   -445.758790  8  4  6  66       
PG31   9411.614651  24505.959464   1918.512949   -227.279915  6  6  8  85       
PG32  -4333.388059  14892.206540  21736.553040   -604.854615  7  5  4  57       
*  2024  1 14  0 45  0.00000000
PG01  17040.346445   4795.467794  19568.859299    166.039240  8  9  8  99       
PG02  19600.951965  10242.401217  15386.380559   -501.259946  5  9  6  72       
PG03  17081.982571  -2443.608248  20016.601848    124.351515  3  8  8  87       
PG04  26594.198039   1450.583218     87.730686    265.404692  9  7  6  97       
PG05 -11903.033912  -9583.079925 -21894.202301   -157.866790  8  7  6  72       
PG06  -4431.021267 -23674.821337  11146.053116    445.576546  6  3  6  58       
PG07  11431.901080 -10441.515537 -21052.558876    -36.673460  9  6  3  44       
PG08  24612.862221   5892.274970  -8822.282723   -161.967476  8  9  9  91       
PG09  22693.593576  -8104.017795 -11323.826220     58.028729  7  8  4  71       
PG10  -9873.435699  23839.245909   5715.384616    -69.230967  7  5  8  54       
PG11 -11728.933516 -23860.161411     37.799007   -538.895938  7  6  6  54       
PG12 -17508.163579   1215.685710  19630.290720   -467.615126  6  5  7  78       
PG13 -17416.043553 -13362.843223 -15308.702846    615.592870  7  7  9  72       
PG14  13020.930138 -22956.934267   1917.269135    297.964932 10  4 10  10       
PG15 -24839.513776  -3757.022581  -9423.873723    116.973037  6  8  6  67       
PG16   6265.498588  15792.162577 -20628.123200   -384.661495  8  9  7  48       
PG17  11458.751632 -13151.322199  20502.027650    719.932152 10  6  4  80       
PG18 -10193.220480  11841.738105 -21435.635046   -531.442376  7  5  6  61       
PG19    854.496278 -14917.782247  21777.586944    426.191435 11  8  7  77       
PG20  -3759.586659 -21193.020661 -15614.681540    391.661367  6  7  5  67       
PG21  19765.731249  14630.752443  11686.832943    138.483357  6  5  5  56       
PG22   8551.272245 -23434.729494   9962.627263     48.700781  8  3  6  59       
PG23 -16383.097360  19589.199974  -6915.932274    134.868508  6  6  8  36       
PG24 -19821.780098 -11848.125651  13068.847481   -413.316667  6  5  7  79       
PG25 -18518.311737  13152.977740  13201.851481    485.162766  4  5  5  83       
PG26    109.922809  22603.387133 -13790.767914    200.557629  5  6  5  81       
PG28   2824.430770  22799.971739  13307.078098    -98.003941  6  7  6  44       
PG29 -23933.985110   4970.341745 -10557.388571   -608.720563 11  9  9  77       
PG30   3491.118324 -19816.276982 -17079.605921   -445.754634  7  4  5  72       
PG31   8958.477254  24270.591987   4750.029412   -227.280372  6  5  8  74       
PG32  -6747.402175  14739.938992  21195.301255   -604.857245  6  5  4  39       
*  2024  1 14  1  0  0.00000000
PG01  18062.229670   6748.731416  18074.650706    166.040144  8  9  8  88       
PG02  20380.190188  11590.754819  13210.685087   -501.254815  4  9  7  74       
PG03  15986.616521   -334.334565  21044.337650    124.374922  3  8  7  70       
PG04  26418.645004   1681.415597   2936.139622    265.413464  9  7  6  99       
PG05 -10780.847809 -11748.217060 -21403.486614   -157.868173  8  7  6  42       
PG06  -3597.284180 -22536.381855  13568.352797    445.564677  6  3  5  63       
PG07  12765.436885  -8288.673005 -21280.635019    -36.681862  9  6  3  70       
PG08  23494.195629   6153.304754 -11322.202814   -161.968508  8  9  9  75       
PG09  23840.685136  -7921.089254  -8801.156601     58.039710  6  8  4  76       
PG10 -10288.845508  24146.839493   2853.764080    -69.231819  6  4  8  54       
PG11 -11442.591703 -23826.404681   2894.470524   -538.908595  6  5  6  63       
PG12 -16298.615083   -817.440960  20657.288595   -467.618368  6  5  7  68       
PG13 -15595.217019 -13270.168530 -17236.609929    615.596474  7  7  8  64       
PG14  13315.877486 -22846.063152   -919.846837    297.974169  9  4 10  98       
PG15 -23745.688710  -4202.248124 -11849.734733    116.976453  6  8  6  47       
PG16   4912.630918  17582.036631 -19455.686484   -384.654434  8  9  7  54       
PG17  13635.461384 -12967.538115  19233.090123    719.931764 10  6  4  77       
PG18 -11461.803191   9710.733459 -21877.447458   -531.450654  7  5  6   7       
PG19   3367.339580 -14668.967631  21672.395554    426.196137 11  9  7  75       
PG20  -3022.523331 -22707.468702 -13528.776995    391.659764  6  6  5  63       
PG21  20296.243290  15608.185297   9219.555515    138.482339  6  5  5  70       
PG22   9242.474595 -24088.101588   7352.106502     48.695116  7  3  6  45       
PG23 -16127.633961  18650.393623  -9601.877323    134.875203  7  7  8  47       
PG24 -20449.337742 -13139.964873  10771.629605   -413.323131  7  5  7  77       
PG25 -17924.190475  11546.251573  15326.925180    485.164014  4  5  6  96       
PG26   -761.977413  23794.982440 -11526.152117    200.554490  4  6  5  79       
PG28   1770.248349  21517.800037  15447.632524    -98.014176  6  6  5  56       
PG29 -24969.289360   4716.903134  -7950.050598   -608.720199 10  9  9  71       
PG30   4719.800131 -18125.743793 -18607.813250   -445.750383  7  4  5  80       
PG31   8337.230103  23779.669742   7497.368056   -227.280527  6  5  7  62       
PG32  -9087.554379  14713.118468  20294.386853   -604.859819  6  4  5  20       
*  2024  1 14  1 15  0.00000000
PG01  19088.039784   8478.476062  16264.740368    166.041094  7  9  8  91       
PG02  21071.022282  12700.309086  10816.420114   -501.249639  4  9  7  82       
PG03  14967.218268   1918.340762  21704.609950    124.398315  3  8  7  50       
PG04  25937.040631   1933.939356   5734.434836    265.422260  9  7  6  88       
PG05  -9805.885063 -13902.255263 -20549.822279   -157.869116  8  7  6  55       
PG06  -2556.238765 -21229.362851  15756.895904    445.552826  5  3  5  66       
PG07  14202.354956  -6204.162822 -21125.680400    -36.690483  8  6  3  73       
PG08  22122.370737   6501.226250 -13632.342854   -161.971053  8  9  9  75       
PG09  24704.270150  -7768.795617  -6128.016395     58.050766  6  8  5  72       
PG10 -10545.679245  24178.879300    -57.836043    -69.232792  6  4  7  64       
PG11 -10987.549045 -23534.640249   5701.488158   -538.921325  6  5  5  84       
PG12 -15147.563769  -2994.765349  21319.274832   -467.621835  7  5  6  87       
PG13 -13572.409029 -13263.779870 -18874.667325    615.599749  7  6  8  64       
PG14  13468.366326 -22464.673559  -3740.947123    297.983414  9  5 10  50       
PG15 -22424.296636  -4754.363727 -14078.613279    116.979998  5  8  5  46       
PG16   3728.977386  19315.341943 -17952.932679   -384.647358  8  8  8  68       
PG17  15661.313465 -12900.848888  17645.803993    719.931073 10  6  4  78       
PG18 -12858.644166   7628.971538 -21941.907860   -531.458935  8  5  6  83       
PG19   5859.357011 -14554.456050  21186.878762    426.200965 11 10  8  80       
PG20  -2432.271159 -24017.520220 -11211.191107    391.658060  6  6  5  69       
PG21  20701.277928  16341.168713   6604.738843    138.481279  5  5  5  59       
PG22   9747.462972 -24520.883599   4618.812171     48.689403  7  3  6  81       
PG23 -15802.487590  17428.620967 -12120.691767    134.881952  7  7  8  50       
PG24 -20967.292254 -14187.344941   8289.538460   -413.329578  7  5  7  75       
PG25 -17314.263924   9704.207793  17179.055772    485.165252  5  5  6  88       
PG26  -1480.893473  24778.360903  -9060.718377    200.551328  4  5  6  44       
PG28    516.256852  20108.621441  17321.970549    -98.024400  6  6  5           
PG29 -25714.485536   4520.089637  -5206.888375   -608.719976 10  9  9  53       
PG30   6112.672056 -16367.559573 -19810.053195   -445.746209  7  4  5  94       
PG31   7524.357799  23062.817067  10111.659685   -227.280800  6  4  7  78       
PG32 -11308.149677  14798.781633  19048.285592   -604.862386  6  5  5  59       
*  2024  1 14  1 30  0.00000000
PG01  20075.189793   9964.897378  14172.113509    166.042018  6  8  8  93       
PG02  21632.162889  13570.933299   8242.483728   -501.244785  5  9  7  85       
PG03  14053.477941   4272.808080  21986.090996    124.421662  3  8  6  52       
PG04  25160.748280   2244.404655   8434.845591    265.431052  9  7  7  91       
PG05  -8985.700513 -15997.719135 -19347.215355   -157.870081  8  6  5  66       
PG06  -1302.216483 -19798.767553  17674.316182    445.540887  5  3  4  72       
PG07  15712.386770  -4228.655454 -20592.105932    -36.698918  8  6  3  58       
PG08  20527.301426   6962.889915 -15713.737767   -161.974693  8  9  8  67       
PG09  25271.293703  -7610.856641  -3350.023885     58.061770  6  8  5  71       
PG10 -10677.592197  23915.174936  -2968.399108    -69.233874  6  4  7  53       
PG11 -10337.616980 -23012.615411   8410.720731   -538.934017  6  4  5  74       
PG12 -14086.757950  -5277.350973  21604.473082   -467.625524  7  5  6  76       
PG13 -11385.903801 -13367.789547 -20195.327539    615.603173  7  6  8  43       
PG14  13512.688711 -21801.262995  -6496.915323    297.992631  8  5 10 115       
PG15 -20908.439544  -5434.573401 -16074.290588    116.983508  5  8  4  79       
PG16   2718.755545  20945.812229 -16143.769680   -384.640540  8  8  8  34       
PG17  17497.001404 -12929.250404  15765.885740    719.929916 10  6  4  78       
PG18 -14356.709279   5638.725760 -21628.464881   -531.467206  8  5  6  69       
PG19   8279.916080 -14569.057878  20328.624291    426.205505 10 10  9  69       
PG20  -1967.354850 -25089.016240  -8701.869440    391.656378  6  5  5  96       
PG21  20943.671987  16839.316684   3883.948753    138.480330  5  5  6  69       
PG22  10090.220477 -24703.001615   1808.066018     48.683327  7  3  6  76       
PG23 -15448.640452  15933.626289 -14428.654707    134.888739  8  7  8  59       
PG24 -21339.233418 -14994.984361   5665.985811   -413.336071  7  5  7  71       
PG25 -16725.787089   7651.975984  18724.991556    485.166447  4  5  6  83       
PG26  -2066.840112  25520.514699  -6436.954697    200.548163  4  4  6  44       
PG28   -935.087288  18616.727496  18897.736404    -98.034615  6  6  6  62       
PG29 -26154.854260   4343.296364  -2374.742183   -608.719344 10  8  9  67       
PG30   7657.418760 -14586.165518 -20665.743628   -445.741997  6  4  5 104       
PG31   6503.318024  22155.586549  12546.354618   -227.281202  6  3  6  82       
PG32 -13366.972269  14976.699149  17477.361239   -604.864974  6  5  6  45       
*  2024  1 14  1 45  0.00000000
PG01  20979.817218  11197.356538  11834.373082    166.042939  5  8  8  94       
PG02  22024.130115  14210.481397   5531.008462   -501.239771  5  8  8  72       
PG03  13267.955652   6682.743619  21884.164182    124.445055  4  8  5  78       
PG04  24109.425757   2646.276025  10991.246593    265.439787  8  7  6  96       
PG05  -8319.656757 -17987.261807 -17815.568071   -157.871259  8  6  6  52       
PG06    161.720097 -18291.306331  19287.998559    445.529038  5  3  4  77       
PG07  17259.738500  -2396.732231 -19691.304609    -36.707250  7  5  3  59       
PG08  18744.744480   7559.344001 -17531.069939   -161.976028  8  9  8  47       
PG09  25537.286391  -7409.905196   -514.662259     58.072722  6  7  5  82       
PG10 -10722.026614  23344.300018  -5826.673279    -69.235310  6  4  7  46       
PG11  -9473.139643 -22294.029702  10975.728798   -538.946626  5  4  4  80       
PG12 -13141.405839  -7621.134653  21507.938326   -467.628900  7  5  6  83       
PG13  -9078.683873 -13599.496655 -21176.247851    615.606861  7  5  7  64       
PG14  13485.562036 -20852.779425  -9139.783363    298.001891  8  5  9  89       
PG15 -19235.592119  -6257.883916 -17804.490654    116.987034  4  8  4  82       
PG16   1878.132032  22428.101601 -14057.580354   -384.633343  8  7  8  32       
PG17  19108.548221 -13024.618943  13623.852001    719.929107 10  6  4  43       
PG18 -15922.518417   3777.004239 -20943.070501   -531.475516  8  5  6  85       
PG19  10580.390409 -14699.440809  19111.968627    426.210530 10 11 10  41       
PG20  -1600.586012 -25894.063548  -6043.909714    391.654797  5  5  5  24       
PG21  20989.491035  17119.315588   1100.616709    138.479079  5  5  6  78       
PG22  10300.150068 -24610.788217  -1033.119248     48.677374  6  3  6  52       
PG23 -15105.629635  14184.054990 -16485.809174    134.895459  8  6  8  76       
PG24 -21531.765245 -15575.386606   2946.272268   -413.342535  6  5  7  88       
PG25 -16192.122682   5422.319518  19937.089254    485.167643  4  6  6  94       
PG26  -2545.458968  25994.644775  -3700.408796    200.544976  3  3  6  52       
PG28  -2572.926761  17086.623123  20147.717516    -98.044860  6  5  6  59       
PG29 -26284.442498   4148.297086    498.001082   -608.719023  9  8  9  59       
PG30   9334.104857 -12824.175330 -21160.514428   -445.737847  6  4  4  88       
PG31   5265.435917  21098.001254  14758.135451   -227.281363  6  3  6  61       
PG32 -15226.729819  15220.182437  15607.588881   -604.867556  5  5  6  10       
*  2024  1 14  2  0  0.00000000
PG01  21758.528544  12174.500787   9292.985872    166.043819  4  8  8  88       
PG02  22210.799710  14634.398994   2726.780077   -501.234476  6  8  8  68       
PG03  12625.262021   9098.741270  21400.987103    124.468361  4  8  5  75       
PG04  22810.319934   3168.757575  13359.928749    265.448530  8  6  6  91       
PG05  -7799.059244 -19825.324868 -15980.390008   -157.872425  7  5  6  76       
PG06   1823.721635 -16753.628959  20570.613202    445.517190  5  3  3  74       
PG07  18804.490690   -735.738487 -18441.292457    -36.715624  7  5  4  74       
PG08  16815.081901   8304.866369 -19053.242010   -161.978198  8  9  7  55       
PG09  25506.476400  -7129.106847   2329.516356     58.083742  6  6  5  92       
PG10 -10718.546696  22464.182568  -8582.135290    -69.236913  6  4  6  81       
PG11  -8381.939252 -21417.178178  13352.551740   -538.959262  5  4  4  87       
PG12 -12329.241448  -9978.493557  21031.644165   -467.632119  6  5  5  87       
PG13  -6696.993183 -13968.643514 -21800.648191    615.610308  7  5  7  57       
PG14  13424.519628 -19624.864418 -11623.595297    298.011106  8  6  9  51       
PG15 -17446.292890  -7232.425619 -19241.301252    116.990383  4  8  3  81       
PG16   1195.467952  23719.463208 -11728.840181   -384.626353  8  6  8  38       
PG17  20468.436924 -13153.829615  11254.614206    719.928120 10  6  4  80       
PG18 -17517.351815   2074.309796 -19898.039810   -531.483751  8  5  6  88       
PG19  12715.907728 -14924.683665  17557.783384    426.215160  9 11 10  48       
PG20  -1300.309709 -26412.030625  -3282.826088    391.653227  5  4  5  55       
PG21  20809.349786  17204.242406  -1700.493185    138.477795  6  5  6  65       
PG22  10410.837137 -24227.999771  -3856.754634     48.671833  6  3  6  69       
PG23 -14809.888581  12206.881006 -18256.666034    134.902193  8  6  8  73       
PG24 -21515.822755 -15948.099342    176.804290   -413.348985  6  5  7  93       
PG25 -15741.340429   3054.524046  20793.863495    485.168825  4  6  6  77       
PG26  -2946.819615  26181.245981   -898.878650    200.541764  3  2  6  46       
PG28  -4378.225832  15561.359340  21050.318453    -98.055016  6  5  7  30       
PG29 -26106.251869   3896.900320   3362.217602   -608.718405  8  8  9  73       
PG30  11115.809955 -11120.819790 -21286.428414   -445.733642  6  4  5  79       
PG31   3810.475344  19932.922037  16707.763800   -227.281737  6  3  5  58       
PG32 -16856.328533  15497.155651  13470.180989   -604.870112  5  6  6  34       
*  2024  1 14  2 15  0.00000000
PG01  22370.109005  12904.024714   6592.487961    166.044734  3  8  8  79       
PG02  22160.874688  14865.051745   -123.405694   -501.229699  6  8  8  66       
PG03  12131.569966  11470.066178  20545.425972    124.491700  4  7  4  58       
PG04  21297.284987   3835.481960  15500.332237    265.457343  7  5  6  92       
PG05  -7407.605432 -21469.749554 -13872.416799   -157.873626  7  5  6  70       
PG06   3663.437212 -15230.579487  21500.554696    445.505329  5  3  3  86       
PG07  20304.156962    735.036467 -16866.216892    -36.724347  6  5  4  61       
PG08  14781.937313   9206.246192 -20253.897961   -161.980172  8  8  6  48       
PG09  25191.580862  -6733.768867   5133.710918     58.094735  6  6  4  76       
PG10 -10707.081196  21282.329439 -11185.954490    -69.238113  5  5  6  87       
PG11  -7059.977655 -20423.431919  15500.452112   -538.971869  4  4  4  83       
PG12 -11659.910990 -12299.960590  20184.426256   -467.635796  6  5  5  77       
PG13  -4288.783373 -14476.959475 -22057.591947    615.613784  7  5  7  55       
PG14  13366.278720 -18131.761842 -13905.231598    298.020347  7  6  9   9       
PG15 -15582.749848  -8359.026470 -20361.533949    116.994178  3  8  4  57       
PG16    651.877249  24781.371132  -9196.627174   -384.619262  7  6  8  48       
PG17  21556.527133 -13280.075112   8697.006165    719.927856 10  6  5  84       
PG18 -19098.663670    553.662639 -18511.804280   -531.492048  8  5  6  86       
PG19  14646.960003 -15217.157769  15693.123177    426.219730  8 11 11  74       
PG20  -1031.818565 -26630.276903   -465.781126    391.651099  4  4  5  31       
PG21  20379.609219  17122.663885  -4473.852373    138.477090  6  4  6  30       
PG22  10458.639277 -23546.586941  -6614.634849     48.665703  6  4  6  42       
PG23 -14593.227496  10036.514046 -19710.820105    134.908940  8  6  8  86       
PG24 -21267.815118 -16138.732861  -2595.671658   -413.355442  6  5  6  64       
PG25 -15395.051800    593.016138  21280.400191    485.170063  4  6  6  80       
PG26  -3304.030469  26068.920702   1918.458214    200.538570  3  1  6  20       
PG28  -6324.314139  14080.934487  21589.937484    -98.065214  6  4  7  28       
PG29 -25632.098274   3552.609537   6168.871685   -608.718170  7  7  9  67       
PG30  12969.546113  -9510.546729 -21042.076402   -445.729422  6  4  5  79       
PG31   2146.860796  18704.310684  18360.838862   -227.281999  6  3  4  34       
PG32 -18231.928926  15771.456142  11101.117603   -604.872635  5  6  6  66       
*  2024  1 14  2 30  0.00000000
PG01  22777.132360  13402.092458   3779.668057    166.045574  4  8  8  91       
PG02  21849.215572  14930.791373  -2971.446019   -501.224213  6  8  7  53       
PG03  11784.475309  13746.459606  19332.864600    124.515036  5  7  4  57       
PG04  19609.560539   4663.413480  17375.730518    265.466128  6  4  6  90       
PG05  -7122.133871 -22883.279231 -11527.139020   -157.874930  6  5  6           
PG06   5652.627948 -13763.539971  22062.281083    445.493500  5  3  3  87       
PG07  21715.330520   2004.828277 -14995.754768    -36.732496  6  5  4  69       
PG08  12690.673575  10262.344402 -21111.884720   -161.981793  8  8  5  69       
PG09  24613.282902  -6192.876362   7849.702408     58.105696  5  5  4  81       
PG10 -10726.148156  19815.670876 -13591.933622    -69.239833  5  5  6  72       
PG11  -5511.708270 -19355.614087  17382.605271   -538.984505  4  4  3  75       
PG12 -11134.704120 -14536.015811  18981.784590   -467.639377  5  5  5  80       
PG13  -1902.097321 -15118.009858 -21942.185595    615.617041  7  5  6  65       
PG14  13345.152334 -16395.895907 -15945.177345    298.029561  7  6  8  67       
PG15 -13687.406718  -9631.050377 -21147.024074    116.997805  4  7  4  63       
PG16    222.085021  25581.020141  -6504.024585   -384.612180  7  5  8  69       
PG17  22360.722921 -13364.342580   5993.244661    719.926771  9  6  6  43       
PG18 -20621.647700   -770.079837 -16808.565062   -531.500326  8  5  6  80       
PG19  16340.806729 -15543.701223  13550.740146    426.224514  8 11 10  67       
PG20   -758.879658 -26544.589779   2359.202369    391.649535  4  4  4  65       
PG21  19683.410206  16907.538568  -7173.773436    138.476232  7  4  5  46       
PG22  10481.150870 -22567.182528  -9259.135597     48.660204  6  4  5  70       
PG23 -14481.513136   7713.623359 -20823.467638    134.915708  8  5  7  68       
PG24 -20770.558759 -16177.780780  -5324.807704   -413.361933  6  5  6  74       
PG25 -15167.530899  -1914.227781  21388.623573    485.171205  4  6  6  84       
PG26  -3651.716040  25654.883144   4701.958380    200.535365  3     6  49       
PG28  -8377.731743  12680.825827  21757.239066    -98.075424  6  4  7  62       
PG29 -24882.147313   3082.223834   8869.843189   -608.717507  7  7  8  74       
PG30  14857.418401  -8021.830720 -20432.547903   -445.725250  5  4  5  80       
PG31    291.539893  17455.464473  19688.448637   -227.281877  6  3  4  60       
PG32 -19337.739101  16004.316957   8540.583929   -604.875180  5  7  6  67       
*  2024  1 14  2 45  0.00000000
PG01  22947.412116  13692.453148    902.745316    166.046412  4  8  8  94       
PG02  21257.978269  14864.785672  -5768.688766   -501.219042  7  8  7  46       
PG03  11573.209053  15879.923057  17784.893938    124.538402  5  6  4  56       
PG04  17790.354932   5662.007886  18953.854500    265.474941  5  2  5  88       
PG05  -6913.647764 -24034.895969  -8984.245363   -157.876502  6  4  6  60       
PG06   7756.084357 -12388.925163  22246.549257    445.481682  5  3  4  94       
PG07  22995.346732   3071.508399 -12864.424053    -36.740967  5  5  5  86       
PG08  10586.823640  11463.952856 -21611.646249   -161.983262  8  8  5  64       
PG09  23799.412840  -5480.495295  10430.681894     58.116617  4  5  4  60       
PG10 -10811.138142  18090.028272 -15757.402723    -69.240925  5  5  6  77       
PG11  -3750.104360 -18256.333675  18966.723203   -538.997141  4  4  3  94       
PG12 -10746.638737 -16638.878677  17445.551450   -467.642727  5  4  5  79       
PG13    416.553561 -15877.357706 -21455.693178    615.620486  7  4  6  56       
PG14  13391.569497 -14447.135953 -17708.219255    298.038817  7  6  8  78       
PG15 -11801.516273 -11034.503174 -21584.871369    117.001158  4  8  4  71       
PG16   -124.440325  26092.639356  -3697.420444   -384.605342  7  5  8  74       
PG17  22877.363863 -13366.999822   3188.324087    719.925948  9  6  7  68       
PG18 -22040.894242  -1890.583424 -14817.854098   -531.508610  7  5  6  81       
PG19  17772.610719 -15867.037627  11168.474605    426.229338  8 12 10  44       
PG20   -445.315819 -26159.314768   5144.037604    391.647820  4  4  4  74       
PG21  18711.505411  16594.950196  -9755.053986    138.474866  7  4  5           
PG22  10515.597237 -21299.279191 -11744.037535     48.654299  6  4  5  23       
PG23 -14493.599611   5283.725776 -21575.816841    134.922497  7  5  7  49       
PG24 -20013.972869 -16099.290641  -7965.358197   -413.368413  6  5  6  76       
PG25 -15065.158421  -4417.412601  21117.411830    485.172396  4  6  5  85       
PG26  -4024.424083  24945.129308   7402.448625    200.532177  4  2  6  55       
PG28 -10499.343587  11390.708319  21549.317402    -98.085620  6  3  7  33       
PG29 -23884.142119   2457.317241  11418.744090   -608.716798  6  7  8  87       
PG30  16737.979925  -6676.237062 -19469.281891   -445.721023  5  4  5  84       
PG31  -1730.506872  16227.298619  20667.698400   -227.282367  6  3  3  35       
PG32 -20166.511133  16155.976547   5832.320842   -604.877747  5  7  6  70       
*  2024  1 14  3  0  0.00000000
PG01  22855.244154  13805.291759  -1989.443862    166.047285  5  8  8  36       
PG02  20377.510388  14703.648721  -8466.737817   -501.214201  7  7  7  66       
PG03  11479.189733  17826.411339  15928.890715    124.561800  5  6  3  55       
PG04  15885.286200   6832.662168  20207.446704    265.483715  4  1  5 101       
PG05  -6748.576842 -24900.939027  -6286.985946   -157.877758  5  3  6  44       
PG06   9932.811635 -11136.883842  22050.544918    445.469866  5  3  4  78       
PG07  24103.893235   3941.346089 -10510.833230    -36.749270  5  5  5  87       
PG08   8514.510066  12793.962352 -21743.541767   -161.984691  7  7  4  74       
PG09  22783.863473  -4576.986765  12832.061499     58.127561  3  4  3  67       
PG10 -10992.730495  16139.225360 -17644.043384    -69.242740  5  5  5  70       
PG11  -1796.361824 -17166.340562  20225.602588   -539.009746  4  4  4  88       
PG12 -10480.892221 -18564.226804  15603.435555   -467.646617  4  4  5  87       
PG13   2623.760822 -16733.035458 -20605.561903    615.623821  7  4  6  66       
PG14  13530.763309 -12321.778164 -19164.058427    298.048079  6  6  8  73       
PG15  -9963.766309 -12548.401974 -21667.621466    117.004843  4  8  5  80       
PG16   -422.120150  26298.560329   -825.712024   -384.598477  7  4  7  61       
PG17  23111.319537 -13249.436579    329.347593    719.925099  9  6  7 109       
PG18 -23312.075689  -2810.067154 -12574.011947   -531.516843  7  5  6  71       
PG19  18926.257408 -16147.379235   8588.535502    426.234068  9 12  9  74       
PG20    -56.581504 -25487.175388   7841.366369    391.646194  5  3  4  74       
PG21  17462.854267  16222.707728 -12173.657712    138.474131  7  4  5  37       
PG22  10597.218672 -19761.079870 -14025.363493     48.648375  6  4  4  74       
PG23 -14640.551079   2795.594790 -21955.385700    134.929319  7  4  7  32       
PG24 -18995.518793 -15939.434722 -10473.842781   -413.374888  6  5  5 107       
PG25 -15086.210048  -6866.720480  20472.561424    485.173644  4  6  5  64       
PG26  -4455.030415  23954.262205   9972.162313    200.529003  4  3  6  57       
PG28 -12645.680943  10233.410013  20969.748121    -98.095815  6  3  8  37       
PG29 -22672.351879   1655.539075  13771.710825   -608.716274  5  7  8  64       
PG30  18567.725637  -5487.773314 -18169.804556   -445.716764  5  4  5  94       
PG31  -3887.086322  15056.750047  21282.105392   -227.282291  6  4  3  50       
PG32 -20719.716840  16187.354246   3022.896286   -604.880273  5  8  6  66       
*  2024  1 14  3 15  0.00000000
PG01  22482.400490  13775.865189  -4848.237931    166.048198  5  7  8  93       
PG02  19206.962859  14485.917192 -11018.295406   -501.209166  7  7  7  31       
PG03  11476.890464  19547.368799  13797.495812    124.585162  5  6  3  15       
PG04  13940.738841   8168.476925  21114.736103    265.492529  4  2  4  77       
PG05  -6590.231528 -25465.960127  -3481.463415   -157.879075  4  3  6  56       
PG06  12137.437480 -10030.254171  21477.906848    445.458026  5  4  5  76       
PG07  25004.505127   4628.445033  -7976.891475    -36.757711  4  5  5  72       
PG08   6514.910450  14227.839052 -21504.079740   -161.986119  7  7  5  50       
PG09  21605.279921  -3469.983577  15012.253911     58.138485  3  4  3  77       
PG10 -11295.511493  14003.879403 -19218.622558    -69.244451  5  5  5  58       
PG11    320.713092 -16122.964611  21137.588269   -539.022363  4  4  4  81       
PG12 -10315.556858 -20272.771261  13488.456074   -467.650093  3  4  5  77       
PG13   4680.682676 -17656.312983 -19405.355488    615.627319  7  4  5  43       
PG14  13781.678989 -10061.285643 -20287.827938    298.057322  6  6  7  65       
PG15  -8209.002204 -14145.396362 -21393.387597    117.008432  5  8  5  54       
PG16   -707.715175  26189.987690   2060.572322   -384.591482  6  4  7  68       
PG17  23075.776734 -12975.702064  -2535.201093    719.924033  8  7  8  96       
PG18 -24393.596725  -3539.005025 -10115.592086   -531.525150  6  5  6  74       
PG19  19794.822459 -16344.145515   5856.687930    426.238667  9 12  8  67       
PG20    438.726039 -24548.790571  10405.336538    391.644030  5  3  4  86       
PG21  15944.950217  15828.853894 -14387.428855    138.472998  8  4  5  37       
PG22  10757.708336 -17979.015627 -16062.212737     48.642711  6  4  3  56       
PG23 -14925.184990    299.553761 -21956.183912    134.936159  6  3  7  75       
PG24 -17720.373683 -15735.032390 -12809.165088   -413.381362  5  6  5  70       
PG25 -15220.994318  -9214.094549  19466.605158    485.174927  3  6  5  71       
PG26  -4973.210102  22704.977216  12365.653311    200.525788  5  3  6  42       
PG28 -14770.458579   9224.144250  20028.527097    -98.106041  6  3  8  55       
PG29 -21286.280043    661.684088  15888.159159   -608.715677  5  8  8  91       
PG30  20302.664865  -4462.549316 -16557.363079   -445.712567  5  4  5  87       
PG31  -6139.905276  13975.369237  21521.853329   -227.282315  6  4  4  47       
PG32 -21007.391275  16061.725638    160.908117   -604.882792  5  8  5  73       
*  2024  1 14  3 30  0.00000000
PG01  21818.844304  13642.978678  -7625.911333    166.049143  6  7  8  83       
PG02  17754.582133  14250.427380 -13378.027696   -501.204256  7  7  6  60       
PG03  11534.982948  21011.050209  11428.004758    124.608559  6  6  4  51       
PG04  12002.197922   9654.342422  21659.825229    265.501358  4  3  4  71       
PG05  -6400.395003 -25723.279469   -615.861483   -157.880411  4  3  6  75       
PG06  14321.789177  -9083.810605  20538.646695    445.446139  4  4  5  83       
PG07  25665.891164   5153.890134  -5307.000637    -36.766135  4  4  5  53       
PG08   4624.825933  15734.397738 -20896.059438   -161.988214  6  6  6  39       
PG09  20305.573640  -2155.088903  16933.406150     58.149406  4  4  3  64       
PG10 -11736.854202  11729.923581 -20453.617852    -69.245717  6  5  4  55       
PG11   2565.608856 -15158.698314  21686.944590   -539.034931  4  4  4  70       
PG12 -10222.683514 -21731.625888  11138.282634   -467.653675  3  3  5  71       
PG13   6554.346023 -18612.737735 -17874.592482    615.630616  7  5  5  38       
PG14  14156.144553  -7710.837694 -21060.506781    298.066583  6  6  6  74       
PG15  -6567.087411 -15792.622729 -20765.911005    117.011775  4  7  5  65       
PG16  -1018.653499  25767.431379   4910.217094   -384.584644  6  4  7  81       
PG17  22791.719471 -12514.077633  -5356.238549    719.923196  8  7  8  86       
PG18 -25248.147714  -4095.513456  -7484.702107   -531.533454  5  5  6  64       
PG19  20380.668760 -16417.722867   3021.368050    426.243533 10 12  7  73       
PG20   1067.476901 -23371.908285  12792.353506    391.642300  5  4  3  65       
PG21  14173.855371  15450.130680 -16356.833081    138.471912  8  4  4  63       
PG22  11023.769224 -15986.938861 -17817.573571     48.636525  6  4  3  57       
PG23 -15341.951346  -2154.279890 -21578.778232    134.942889  6  4  7  79       
PG24 -16201.337314 -15522.074866 -14933.184600   -413.387826  5  6  4  86       
PG25 -15452.328930 -11414.935557  18118.493495    485.176155  3  6  5  57       
PG26  -5604.041331  21227.227878  14540.664840    200.522581  5  4  6  71       
PG28 -16826.209444   8370.048045  18741.897411    -98.116227  6  3  7  69       
PG29 -19769.180571   -531.510426  17731.488566   -608.715253  6  8  7  91       
PG30  21899.910594  -3598.753875 -14660.466058   -445.708402  4  5  5  76       
PG31  -8445.925810  13008.157095  21383.904973   -227.282713  6  4  4  58       
PG32 -21047.645497  15746.330102  -2703.868443   -604.885284  5  8  5  39       
*  2024  1 14  3 45  0.00000000
PG01  20863.147058  13447.360771 -10276.396974    166.049941  6  7  7  87       
PG02  16037.659009  14034.654897 -15503.436456   -501.199155  8  6  6  52       
PG03  11617.710214  22193.577235   8861.684043    124.631929  6  5  4  41       
PG04  10112.623306  11267.347335  21832.982190    265.510155  4  4  4  68       
PG05  -6140.992159 -25675.217241   2260.377431   -157.881805  3  3  5  57       
PG06  16436.580891  -8303.828843  19248.966750    445.434279  4  4  5  82       
PG07  26063.046749   5544.649084  -2547.247349    -36.774502  4  5  5  67       
PG08   2875.407920  17276.849075 -19928.612400   -161.990203  6  6  6  79       
PG09  18928.317508   -636.267307  18562.073750     58.160339  5  3  3  76       
PG10 -12326.107716   9366.923763 -21327.719774    -69.246685  6  4  4  57       
PG11   4897.273147 -14299.977093  21864.128419   -539.047570  4  4  4  75       
PG12 -10169.566000 -22915.418319   8594.499168   -467.657005  3  4  5  65       
PG13   8218.737395 -19563.412608 -16038.487631    615.633938  7  5  5  80       
PG14  14658.335662  -5317.746248 -21469.224221    298.075807  5  6  6  95       
PG15  -5061.939736 -17452.766347 -19794.557653    117.015257  5  7  5  62       
PG16  -1391.307151  25040.773190   7672.308327   -384.577504  6  4  6  88       
PG17  22287.112875 -11838.522538  -8084.906180    719.922198  7  8  8  90       
PG18 -25844.103688  -4504.449973  -4726.292763   -531.541834  5  5  6  56       
PG19  20695.170724 -16331.189590    132.747953    426.248281 10 12  6 105       
PG20   1850.791959 -21990.384093  14961.795085    391.640670  5  4  3  74       
PG21  12173.925480  15120.455792 -18045.714023    138.471019  8  4  4  81       
PG22  11415.853766 -13825.013903 -19259.093477     48.630806  6  4  2  79       
PG23 -15877.150015  -4517.731679 -20830.242769    134.949624  6  4  7  82       
PG24 -14458.479028 -15334.301539 -16811.240185   -413.394307  5  6  4  90       
PG25 -15756.329427 -13429.642462  16453.152410    485.177382  3  5  5  74       
PG26  -6366.802545  19557.106913  16458.931893    200.519430  5  4  6  80       
PG28 -18765.974049   7670.044035  17132.067434    -98.126457  6  3  7  69       
PG29 -18166.438209  -1922.873333  19269.723683   -608.714745  6  8  7  65       
PG30  23319.224297  -2886.943717 -12512.342377   -445.704176  4  5  5  85       
PG31 -10758.903630  12172.691514  20871.975411   -227.282718  5  5  4  57       
PG32 -20865.863827  15213.843804  -5521.373115   -604.887820  5  8  5  68       
*  2024  1 14  4  0  0.00000000
PG01  19622.599073  13229.996110 -12755.964230    166.050889  6  7  7  95       
PG02  14082.123085  13873.084134 -17355.716668   -501.194120  8  7  6  60       
PG03  11686.431537  23079.692600   6143.027743    124.655305  6  6  5  63       
PG04   8310.925694  12977.497004  21630.831473    265.518999  5  5  4  75       
PG05  -5775.770069 -25332.987618   5097.411913   -157.882899  3  4  5  88       
PG06  18433.148352  -7687.983462  17630.979421    445.422362  4  5  5  82       
PG07  26178.120244   5832.279920    255.389467    -36.783031  4  4  5  74       
PG08   1291.093958  18814.086926 -18617.137140   -161.992282  5  6  6  76       
PG09  17517.084053   1074.089795  19869.822271     58.171216  5  2  3  80       
PG10 -13064.129137   6966.261677 -21826.200454    -69.247541  6  4  5  47       
PG11   7270.493584 -13566.203907  21665.959105   -539.060172  4  4  5  89       
PG12 -10120.209580 -23807.102475   5901.810354   -467.660458  3  4  5  73       
PG13   9655.639848 -20466.467525 -13927.595529    615.637157  7  5  6  46       
PG14  15284.553980  -2929.801927 -21507.451071    298.085058  5  6  5  86       
PG15  -3710.776882 -19085.299310 -18494.247940    117.018888  5  7  5  67       
PG16  -1859.292386  24028.956438  10297.242526   -384.570692  6  4  6  87       
PG17  21595.813917 -10929.932477 -10673.426423    719.921583  6  8  8  76       
PG18 -26156.717490  -4796.258948  -1887.406142   -531.550139  4  5  6  64       
PG19  20758.080610 -16051.932171  -2758.225942    426.252771  9 12  5  60       
PG20   2803.045337 -20442.942474  16876.679851    391.638901  6  4  3  80       
PG21   9977.217836  14869.468665 -19422.050601    138.469847  8  5  4  60       
PG22  11947.144920 -11538.341185 -20359.784690     48.625145  6  5  3  92       
PG23 -16509.474878  -6746.222145 -19723.997857    134.956353  5  5  7  79       
PG24 -12518.539200 -15201.874172 -18412.624336   -413.400771  5  6  3  98       
PG25 -16103.471166 -15224.936875  14500.933870    485.178623  3  5  6  93       
PG26  -7274.014690  17735.490137  18086.897897    200.516245  5  4  6  70       
PG28 -20544.979487   7115.030716  15226.824920    -98.136691  6  3  7  65       
PG29 -16523.874386  -3502.635449  20476.081106   -608.714207  6  8  6  79       
PG30  24524.458119  -2310.628395 -10150.331032   -445.699998  4  5  5  90       
PG31 -13031.043665  11478.574387  19996.372574   -227.282926  5  5  5  42       
PG32 -20493.614419  14443.655444  -8242.174884   -604.890384  4  8  5  72       
*  2024  1 14  4 15  0.00000000
PG01  18113.015066  13030.474593 -15023.848222    166.051835  7  7  6  90       
PG02  11921.786566  13795.677200 -18900.577297   -501.188802  8  7  5  54       
PG03  11701.277206  23663.186501   3318.969449    124.678676  6  6  5  75       
PG04   6630.602839  14748.716124  21056.438757    265.527781  5  5  5  69       
PG05  -5271.922684 -24716.255437   7845.883247   -157.884734  3  5  5  90       
PG06  20265.166677  -7225.580625  15712.333207    445.410463  4  4  5  71       
PG07  26001.009981   6051.499529   3053.803637    -36.791569  3  4  5  66       
PG08   -111.202577  20302.171334 -16983.121864   -161.994675  5  6  6  50       
PG09  16113.791636   2955.429449  20833.744067     58.182170  6     3  75       
PG10 -13943.175886   4579.261577 -21941.142678    -69.249063  6  4  5  47       
PG11   9637.443225 -12969.055650  21095.682096   -539.072729  4  4  5  88       
PG12 -10036.920869 -24398.445733   3107.209592   -467.663973  4  4  5  57       
PG13  10855.180987 -21278.672443 -11577.357339    615.640385  7  5  6  62       
PG14  16023.325650   -593.614218 -21175.076834    298.094320  5  6  5  85       
PG15  -2523.599376 -20647.856451 -16885.315475    117.022015  5  7  5  53       
PG16  -2451.870203  22759.305115  12737.728736   -384.563407  6  4  6  87       
PG17  20756.243931  -9777.154946 -13075.975768    719.920936  6  9  8  73       
PG18 -26169.063428  -5005.609182    983.605513   -531.558458  4  5  6  84       
PG19  20596.567734 -15553.085111  -5600.797010    426.257495  9 12  4  93       
PG20   3931.123671 -18771.766482  18504.279499    391.637261  5  4  3  73       
PG21   7622.586315  14721.207288 -20458.696053    138.469082  8  5  4  66       
PG22  12622.829560  -9175.364842 -21098.642616     48.618911  6  5  3  77       
PG23 -17210.861078  -8800.272119 -18279.542912    134.963153  5  5  7  91       
PG24 -10414.106410 -15150.191565 -19711.007296   -413.407207  5  6  3  88       
PG25 -16459.874821 -16774.922592  12296.977001    485.179839  3  5  6  87       
PG26  -8330.769133  15806.501326  19396.329141    200.513059  5  4  6  64       
PG28 -22122.243417   6688.392873  13059.053904    -98.146915  7  3  7  60       
PG29 -14886.043606  -5252.601283  21329.450795   -608.713816  6  8  6  65       
PG30  25484.841438  -1847.123937  -7615.214769   -445.695825  4  4  5  81       
PG31 -15214.703933  10927.215110  18773.714853   -227.283009  5  5  5  54       
PG32 -19967.314788  13422.889029 -10818.388850   -604.892956  4  8  5  80       
*  2024  1 14  4 30  0.00000000
PG01  16358.245663  12885.413116 -17042.827309    166.052791  7  7  6  78       
PG02   9597.257072  13826.511300 -20109.000750   -501.183662  8  7  5  69       
PG03  11622.847602  23946.982866    438.064469    124.702092  6  7  5  67       
PG04   5098.588679  16540.099670  20119.286527    265.536603  5  5  5  80       
PG05  -4601.593409 -23852.369415  10457.802304   -157.885816  3  6  5  72       
PG06  21890.287840  -6898.116033  13525.751040    445.398574  4  4  5  78       
PG07  25529.680028   6238.669605   5801.490293    -36.799889  4  4  5  57       
PG08  -1322.612842  21695.953421 -15053.851955   -161.996341  5  6  6  74       
PG09  14757.123553   4979.625400  21436.879655     58.193101  6     3  68       
PG10 -14947.159609   2255.338796 -21671.527433    -69.251052  5  3  6  70       
PG11  11949.332936 -12512.098192  20162.924554   -539.085349  4  4  5  92       
PG12  -9881.953246 -24690.177955    259.126933   -467.667455  5  5  6  79       
PG13  11816.067172 -21957.132553  -9027.553243    615.643774  6  6  6  45       
PG14  16855.813751   1646.990457 -20478.373905    298.103534  4  6  4  94       
PG15  -1502.932674 -22097.705981 -14993.290520    117.025765  5  6  5  59       
PG16  -3192.520820  21266.496985  14949.755334   -384.556584  6  5  6  94       
PG17  19809.869223  -8377.712426 -15249.556936    719.920356  6  9  8  84       
PG18 -25872.697069  -5169.875394   3837.878703   -531.566775  4  5  6  77       
PG19  20243.975229 -14814.735095  -8345.342168    426.262287  8 12  3 110       
PG20   5233.970824 -17020.967470  19816.666312    391.635419  5  5  3  69       
PG21   5154.481134  14692.977329 -21134.075603    138.467642  7  5  4  77       
PG22  13439.703818  -6786.125658 -21461.155304     48.613203  5  5  4  76       
PG23 -17947.600381 -10646.805740 -16522.090217    134.969886  4  6  6  94       
PG24  -8182.597640 -15198.882771 -20684.810071   -413.413667  5  6  2  75       
PG25 -16788.757934 -18061.844349   9880.498950    485.181040  4  5  6  85       
PG26  -9534.368724  13815.863579  20364.813939    200.509892  5  4  6  68       
PG28 -23462.041160   6366.811529  10666.162906    -98.157107  7  3  6  33       
PG29 -13294.586057  -7146.652659  21814.782534   -608.713047  6  7  5  76       
PG30  26176.065740  -1468.638636  -4950.510322   -445.691725  4  5  5  91       
PG31 -17264.078896  10511.951882  17226.538175   -227.283212  5  6  5  68       
PG32 -19326.705242  12147.127776 -13204.575085   -604.895532  3  8  5  85       
*  2024  1 14  4 45  0.00000000
PG01  14389.414634  12827.002400 -18779.746523    166.053774  6  6  5  91       
PG02   7154.555402  13982.649205 -20957.915882   -501.178876  7  6  5  40       
PG03  11413.890487  23942.886264  -2450.342981    124.725513  6  7  6  57       
PG04   3734.360435  18307.365915  18835.138940    265.545437  4  5  6  75       
PG05  -3743.192923 -22775.299245  12887.423746   -157.887317  3  6  6  78       
PG06  23271.637271  -6680.136434  11108.487880    445.386678  4  4  5  63       
PG07  24770.192689   6430.255950   8453.231753    -36.808467  4  4  5  60       
PG08  -2342.517195  22950.780834 -12862.001510   -161.997272  5  7  6  73       
PG09  13481.082563   7111.868420  21668.534664     58.204072  6     2  72       
PG10 -16052.247035     40.246073 -21023.182343    -69.252768  5  3  6  62       
PG11  14158.108439 -12190.725245  18883.542915   -539.097917  4  4  5  81       
PG12  -9619.141596 -24691.803415  -2593.425645   -467.671197  6  5  6  80       
PG13  12545.490217 -22461.001488  -6321.665495    615.647106  6  6  6  36       
PG14  17756.526393   3752.452115 -19429.852042    298.112911  4  6  4  92       
PG15   -643.842899 -23393.266849 -12848.603732    117.029000  4  6  5  71       
PG16  -4097.758843  19591.232447  16893.493192   -384.549591  7  5  5  69       
PG17  18799.546415  -6738.194292 -17154.850146    719.919694  6  9  7  86       
PG18 -25268.007207  -5327.521114   6626.843664   -531.575115  4  5  5  78       
PG19  19738.350593 -13824.842052 -10944.274002    426.267045  7 11  3 109       
PG20   6702.436472 -15234.991104  20791.187485    391.634188  5  5  4  69       
PG21   2621.485523  14794.472200 -21432.816377    138.466779  6  5  3  76       
PG22  14386.136021  -4420.431043 -21439.684017     48.607601  5  5  4  76       
PG23 -18681.679909 -12260.204182 -14482.107891    134.976623  4  6  6  95       
PG24  -5865.074194 -15361.011633 -21317.524802   -413.420123  5  6  3  69       
PG25 -17051.990276 -19076.523711   7294.034585    485.182244  4  4  6  58       
PG26 -10874.295166  11809.206888  20976.137273    200.506704  5  5  6  71       
PG28 -24535.179410   6121.341072   8089.434591    -98.167283  7  4  6  57       
PG29 -11786.700439  -9151.567174  21923.369354   -608.712774  6  7  4  71       
PG30  26581.130127  -1143.546618  -2201.727829   -445.687564  4  4  5  80       
PG31 -19136.796672  10218.498118  15382.806699   -227.283707  5  6  5  51       
PG32 -18613.192399  10620.805466 -15358.598592   -604.898095  4  8  5 107       
*  2024  1 14  5  0  0.00000000
PG01  12243.909477  12881.726600 -20205.985129    166.054797  6  6  4  81       
PG02   4643.489820  14273.299451 -21430.760076   -501.173517  6  6  5  52       
PG03  11040.892346  23671.003007  -5296.953504    124.748898  6  7  5  39       
PG04   2549.339185  20004.456998  17225.796302    265.554232  4  5  6  61       
PG05  -2682.476199 -21524.316685  15092.089082   -157.888894  3  6  6  95       
PG06  24379.114166  -6540.371913   8501.715397    445.374730  4  3  5  56       
PG07  23736.464885   6661.314814  10965.736862    -36.816897  4  3  4  48       
PG08  -3178.420546  24024.216814 -10445.111160   -161.998404  5  7  6  53       
PG09  12313.738306   9311.825689  21524.485255     58.215051  5  2  2  69       
PG10 -17227.778395  -2025.512395 -20008.597139    -69.254377  5  3  6  75       
PG11  16218.127823 -11992.423900  17279.364033   -539.110566  4  4  4  81       
PG12  -9215.462720 -24421.089780  -5401.695798   -467.674542  6  5  6  42       
PG13  13058.705293 -22753.145659  -3506.159425    615.650487  5  7  6  79       
PG14  18694.290895   5688.786814 -18048.008140    298.122120  4  6  4  91       
PG15     65.767657 -24495.621165 -10486.206230    117.032522  4  6  5  66       
PG16  -5176.245034  17778.656550  18534.108445   -384.542752  6  5  5  91       
PG17  17767.797559  -4874.290765 -18757.021509    719.919085  6 10  7  75       
PG18 -24364.247186  -5516.443847   9303.023847   -531.583437  4  6  5  66       
PG19  19120.814708 -12579.842973 -13352.882519    426.271584  6 10  3  96       
PG20   8319.436129 -13457.018375  21410.858672    391.632080  4  5  4  72       
PG21     74.636668  15027.196277 -21346.280987    138.465612  6  5  4  63       
PG22  15442.396721  -2126.020220 -21033.698224     48.601427  5  6  5  82       
PG23 -19372.291641 -13623.072980 -12194.781279    134.983326  3  5  6 106       
PG24  -3504.930796 -15642.519572 -21597.980284   -413.426530  5  6  3  90       
PG25 -17211.688958 -19818.463861   4582.643490    485.183444  4  4  6  60       
PG26 -12332.501367   9830.402338  21220.525644    200.503521  5  5  6  68       
PG28 -25320.027531   5918.710748   5373.308464    -98.177560  7  4  6  65       
PG29 -10393.796783 -11228.121999  21653.021460   -608.712017  5  7  4  78       
PG30  26690.919227   -837.798938    584.388554   -445.683379  4  4  5  76       
PG31 -20795.370266  10025.688616  13275.342320   -227.283798  4  6  5  70       
PG32 -17868.131409   8857.245640 -17242.429867   -604.900652  4  7  5  93       
*  2024  1 14  5 15  0.00000000
PG01   9964.159917  13069.297512 -21297.866570    166.055792  6  5  3  93       
PG02   2115.852451  14699.311136 -21517.908055   -501.168410  6  5  5  69       
PG03  10475.523921  23158.861924  -8053.333851    124.772318  6  7  6  26       
PG04   1546.608340  21585.226170  15318.741464    265.563023  4  6  6  62       
PG05  -1413.331911 -20142.472000  17033.020122   -157.890168  2  6  6  86       
PG06  25190.447109  -6443.096248   5749.842585    445.362766  4  3  5  66       
PG07  22449.763568   6964.056421  13298.231858    -36.825243  5  3  4  70       
PG08  -3845.498174  24877.703133  -7844.957796   -161.998250  4  7  5  67       
PG09  11276.217583  11535.025123  21007.067082     58.226034  5  3  3  58       
PG10 -18437.461177  -3908.038179 -18646.615531    -69.255110  5  4  6  87       
PG11  18087.755733 -11897.357130  15377.823308   -539.123216  4  3  4  73       
PG12  -8642.462560 -23903.260213  -8118.005151   -467.677954  7  6  5  36       
PG13  13378.291823 -22801.692705   -629.692434    615.653928  5  7  6  69       
PG14  19633.454643   7428.674661 -16356.977894    298.131335  3  6  4  74       
PG15    644.588390 -25369.967549  -7945.103079    117.035918  4  6  5  81       
PG16  -6428.236414  15876.604090  19842.461127   -384.535514  6  5  5  74       
PG17  16755.086113  -2810.456881 -20026.465614    719.918318  6 10  6  55       
PG18 -23179.244327  -5772.344685  11820.818452   -531.591787  3  6  4  39       
PG19  18433.839039 -11084.918774 -15530.100782    426.276267  5 10  3  76       
PG20  10060.418870 -11727.420877  21664.669891    391.630693  3  5  4  88       
PG21  -2434.406954  15384.233125 -20872.975585    138.464759  6  5  4  83       
PG22  16581.347754     53.194568 -20249.852654     48.595793  5  6  5  65       
PG23 -19977.454361 -14726.696934  -9699.402836    134.990053  3  5  6  74       
PG24  -1146.499214 -16041.926942 -21520.549523   -413.432971  5  6  3  39       
PG25 -17231.790278 -20295.628365   1793.101459    485.184644  5  4  6  44       
PG26 -13884.013306   7919.990799  21094.760786    200.500373  5  5  6  64       
PG28 -25803.266919   5722.798959   2564.609384    -98.187800  7  5  6   4       
PG29  -9140.382363 -13332.442050  21008.126061   -608.711714  5  6  5  59       
PG30  26504.495313   -516.417988   3360.627442   -445.679288  4  4  5  70       
PG31 -22208.450783   9906.489213  10941.188487   -227.283966  4  6  5  70       
PG32 -17131.118851   6878.344351 -18822.866813   -604.903223  5  7  6  97       
*  2024  1 14  5 30  0.00000000
PG01   7596.244880  13401.838537 -22037.008836    166.056811  6  5  3  80       
PG02   -376.485543  15253.033328 -21216.948634   -501.163594  5  5  5  69       
PG03   9695.886438  22440.270934 -10672.713531    124.795753  6  7  6  46       
PG04    720.962184  23005.146651  13146.682596    265.571791  3  6  6  66       
PG05     61.751105 -18674.926409  18676.044961   -157.891768  2  6  6  86       
PG06  25691.965403  -6349.664154   2899.782004    445.350843  4  2  5  47       
PG07  20937.962406   7366.531257  15413.002218    -36.833456  5  3  4  54       
PG08  -4365.825836  25478.097341  -5106.825414   -162.000953  4  7  4  49       
PG09  10381.977938  13734.411239  20125.145131     58.237069  4  4  4  58       
PG10 -19640.786513  -5581.117372 -16962.015442    -69.255866  4  4  6  94       
PG11  19730.813204 -11879.241326  13211.504973   -539.135844  4  1  4  83       
PG12  -7877.498290 -23169.924909 -10696.524370   -467.681184  7  6  5  32       
PG13  13533.122351 -22581.399797   2257.736326    615.657119  4  8  6  52       
PG14  20535.265074   8952.287419 -14386.097233    298.140617  2  7  4  66       
PG15   1117.064686 -25986.960413  -5267.798906    117.039249  3  6  6  78       
PG16  -7845.399899  13933.746517  20795.670176   -384.528380  6  5  5  77       
PG17  15798.167616   -579.210796 -20939.459275    719.917527  6 10  5  64       
PG18 -21738.797800  -6127.183637  14137.256765   -531.600162  3  6  3  86       
PG19  17719.502439  -9353.919098 -17439.181988    426.281359  5  9  3  74       
PG20  11894.127751 -10082.328091  21547.797753    391.628624  3  5  4  82       
PG21  -4855.276695  15850.386373 -20018.804681    138.463327  5  6  4  56       
PG22  17769.464479   2078.731748 -19101.899407     48.589746  4  6  5  76       
PG23 -20455.686126 -15571.168369  -7038.701194    134.996817  3  5  6  51       
PG24   1166.389055 -16550.306177 -21085.295276   -413.439394  5  6  4  72       
PG25 -17079.538691 -20523.911163  -1026.908010    485.185854  5  5  6  35       
PG26 -15497.813052   6113.768321  20602.164501    200.497171  4  5  5  76       
PG28 -25980.329873   5496.222113   -288.264328    -98.198054  7  5  5  65       
PG29  -8043.224994 -15417.541532  19999.590540   -608.711422  4  6  5  75       
PG30  26029.096879   -145.019058   6080.073692   -445.675090  5  3  5  47       
PG31 -23351.840095   9829.224918   8420.923615   -227.284195  4  6  5  82       
PG32 -16438.368225   4713.907791 -20072.160703   -604.905813  5  7  6 103       
*  2024  1 14  5 45  0.00000000
PG01   5188.373471  13883.346105 -22410.612880    166.057796  5  5  4  88       
PG02  -2783.495904  15918.551687 -20532.795576   -501.158666  4  5  5  60       
PG03   8687.513109  21553.954573 -13110.745431    124.819182  6  7  6  78       
PG04     59.283727  24222.975468  10746.998946    265.580503  3  7  5  63       
PG05   1731.562322 -17167.207915  19992.239835   -157.893019  2  6  6  73       
PG06  25879.056733  -6220.167456      0.172293    445.338891  4  2  5  49       
PG07  19234.587923   7891.479453  17275.885807    -36.841777  5  3  3  33       
PG08  -4767.322147  25799.018125  -2278.689928   -162.003401  3  8  4  74       
PG09   9636.393617  15862.011934  18893.964245     58.248013  4  5  5  47       
PG10 -20794.607865  -7026.984050 -14984.991436    -69.257227  4  4  6  38       
PG11  21117.827358 -11906.485323  10817.591463   -539.148512  3     4  70       
PG12  -6904.751722 -22257.796780 -13093.998914   -467.685047  7  6  5           
PG13  13557.077130 -22074.783131   5105.680259    615.660428  3  8  6  84       
PG14  21359.375076  10247.827197 -12169.382486    298.149813  2  7  3  66       
PG15   1512.322272 -26323.881164  -2499.656654    117.042837  3  6  6  87       
PG16  -9410.996757  11997.723669  21377.530586   -384.521504  6  5  5  81       
PG17  14928.588196   1779.912243 -21478.704588    719.916966  6 10  4  70       
PG18 -20075.786529  -6607.778972  16212.713303   -531.608488  3  6  2  70       
PG19  17017.797448  -7408.954068 -19048.278931    426.285948  6  9  4  84       
PG20  13783.626987  -8552.360818  21061.718962    391.627474  3  6  4  77       
PG21  -7140.798134  16402.703206 -18797.148695    138.462594  5  6  4  56       
PG22  18968.148366   3918.916079 -17610.434170     48.584082  4  6  5  76       
PG23 -20767.664110 -16165.186628  -4258.120471    135.003562  3  4  5  76       
PG24   3391.834278 -17151.532176 -20298.048624   -413.445815  5  6  4           
PG25 -16726.838809 -20526.325796  -3829.588721    485.187015  5  5  6  75       
PG26 -17137.963390   4441.582239  19752.460162    200.494030  4  5  5  48       
PG28 -25855.511577   5201.975388  -3136.178723    -98.208304  7  6  5  49       
PG29  -7110.827245 -17434.999776  18644.668591   -608.710764  4  6  5  68       
PG30  25279.846261    308.697218   8696.858631   -445.670937  5  3  5  66       
PG31 -24209.230867   9758.974902   5757.938642   -227.284775  4  6  4  76       
PG32 -15821.236472   2400.671400 -20968.531550   -604.908374  5  6  6  91       
*  2024  1 14  6  0  0.00000000
PG01   2789.289431  14509.448204 -22411.686049    166.058781  5  5  5  91       
PG02  -5058.845452  16672.296202 -19477.624769   -501.153603  4  5  6  79       
PG03   7444.089996  20542.024963 -15326.220268    124.842615  6  7  6  47       
PG04   -458.762048  25202.306715   8161.098358    265.589287  3  7  5  76       
PG05   3576.400421 -15663.461665  20958.472028   -157.893832  2  6  6  70       
PG06  25756.293148  -6015.147591  -2899.431600    445.326954  3  3  5  38       
PG07  17377.688270   8555.377772  18856.718060    -36.850264  5  3  3  38       
PG08  -5082.444581  25821.939428    589.665716   -162.005327  3  8  4  54       
PG09   9036.670393  17870.650806  17334.882628     58.259083  3  6  5  46       
PG10 -21854.816892  -8236.745482 -12750.554358    -69.258378  4  4  6  70       
PG11  22227.032512 -11943.547066   8237.230570   -539.161178  3     4  57       
PG12  -5715.980026 -21207.242379 -15270.417363   -467.688253  8  6  4  44       
PG13  13487.553857 -21272.958445   7864.165979    615.663915  1  7  6  85       
PG14  22065.415944  11311.758798  -9744.939065    298.159009  1  7  3  80       
PG15   1862.885788 -26365.590562    311.826568    117.046184  3  7  6  86       
PG16 -11100.427131  10113.343105  21578.774204   -384.514615  6  5  5  79       
PG17  14171.399414   4221.711949 -21633.741766    719.916492  6  9  3  87       
PG18 -18229.019246  -7234.603855  18011.573110   -531.616764  2  6  1  89       
PG19  16365.051574  -5279.674971 -20330.920088    426.290792  6  9  4  47       
PG20  15687.559693  -7161.579319  20214.221146    391.625525  3  5  4  80       
PG21  -9248.797936  17011.370215 -17228.746407    138.461501  5  6  5  84       
PG22  20135.272227   5549.963799 -15802.481895     48.578202  3  6  5  78       
PG23 -20877.809638 -16525.538686  -1405.061248    135.010239  3  5  5  82       
PG24   5491.246199 -17822.807087 -19170.414822   -413.452263  5  6  4  40       
PG25 -16151.423420 -20331.950843  -6567.801859    485.188195  6  5  6  59       
PG26 -18764.925545   2926.381763  18561.519127    200.490831  4  5  5  93       
PG28 -25441.751501   4805.060822  -5930.113133    -98.218552  7  6  5  54       
PG29  -6343.232913 -19336.706450  16966.671234   -608.710754  3  6  5  69       
PG30  24279.178924    873.536014  11166.887787   -445.666854  5  3  4  50       
PG31 -24772.652917   9659.078529   2997.692201   -227.284854  4  6  4  61       
PG32 -15304.963207    -18.959017 -21496.561434   -604.911015  5  7  5  75       
*  2024  1 14  6 15  0.00000000
PG01    446.651359  15267.470959 -22039.196827    166.059829  5  6  6  96       
PG02  -7161.593698  17483.994919 -18070.636679   -501.148414  4  5  6  79       
PG03   5967.870868  19448.343889 -17281.725793    124.866070  6  6  6  64       
PG04   -859.746222  25912.952387   5433.697435    265.598102  2  8  5  84       
PG05   5568.649096 -14204.766586  21557.831314   -157.895606  2  6  5  79       
PG06  25337.219528  -5697.299271  -5749.388294    445.315021  3  3  5  42       
PG07  15408.561854   9367.712543  20129.729868    -36.858704  6  3  2  27       
PG08  -5346.692297  25536.983819   3447.586728   -162.006863  3  7  4  60       
PG09   8572.092414  19715.637599  15474.993093     58.270098  3  6  6  56       
PG10 -22778.049534  -9210.460191 -10297.863746    -69.259858  4  5  5  47       
PG11  23045.083635 -11952.455274   5514.830711   -539.173849  3  2  4  55       
PG12  -4310.979994 -20060.723423 -17189.615948   -467.691807  8  6  4  35       
PG13  13363.831813 -20176.153527  10484.620798    615.667096     7  6  91       
PG14  22614.578174  12148.729821  -7154.309116    298.168247  1  7  3  68       
PG15   2203.236015 -26105.217029   3117.819136    117.049398  2  7  7  80       
PG16 -12882.106826   8320.924999  21397.171719   -384.507587  5  6  5  83       
PG17  13544.149478   6696.927109 -21401.215743    719.915421  6  9  3  68       
PG18 -16241.868317  -8020.826624  19502.836942   -531.625085  2  7  1  91       
PG19  15792.522203  -3002.277207 -21266.379537    426.295418  6  8  6  54       
PG20  17561.590894  -5926.687276  19019.308428    391.623973  2  6  4  78       
PG21 -11143.722219  17640.949953 -15341.372733    138.459906  5  6  5  79       
PG22  21226.888457   6956.728781 -13710.933499     48.572486  2  5  5  83       
PG23 -20755.739385 -16676.282209   1471.905284    135.016974  3  5  5  54       
PG24   7430.619933 -18535.447905 -17719.700181   -413.458635  5  5  5  85       
PG25 -15337.798848 -19974.675608  -9195.801798    485.189384  6  5  6  65       
PG26 -20337.014945   1583.555202  17051.002440    200.487625  4  5  5  36       
PG28 -24760.093405   4274.038820  -8622.005190    -98.228815  6  6  5  57       
PG29  -5732.173898 -21076.608000  14994.567000   -608.709956  2  6  5  71       
PG30  23056.016430   1573.534054  13448.537551   -445.662649  5  3  4  36       
PG31 -25042.615990   9492.694555    186.955636   -227.285158  5  6  4  60       
PG32 -14907.674710  -2498.391603 -21647.457855   -604.913514  4  7  5  71       
*  2024  1 14  6 30  0.00000000
PG01  -1794.557342  16136.815041 -21298.156486    166.060825  4  5  6 102       
PG02  -9057.658223  18317.930772 -16337.650126   -501.143563  4  5  6  84       
PG03   4269.771782  18316.836934 -18944.242715    124.889467  6  6  6  85       
PG04  -1175.243797  26332.095368   2612.037161    265.606896  2  9  5  63       
PG05   7673.675466 -12827.587395  21779.940225   -157.897121  3  6  5  85       
PG06  24643.811178  -5233.100021  -8500.807096    445.303099  3  4  5  53       
PG07  13370.386249  10330.500409  21073.898433    -36.867076  5  3  2  13       
PG08  -5596.978679  24943.378295   6244.510144   -162.007466  3  7  4  79       
PG09   8224.590675  21356.370099  13346.639246     58.281120  3  6  6  83       
PG10 -23523.356311  -9956.873683  -7669.508549    -69.261440  4  5  5  57       
PG11  23567.454036 -11894.436719   2697.296195   -539.186449  2  4  4  51       
PG12  -2697.752615 -18861.186572 -18819.814487   -467.695033  8  6  4  64       
PG13  13225.357218 -18793.866975  12920.786251    615.670538     6  5  95       
PG14  22971.140589  12771.184158  -4441.769033    298.177472  2  7  3  77       
PG15   2568.259456 -25544.543930   5869.018764    117.053277  2  8  8  82       
PG16 -14718.633498   6654.861738  20837.479068   -384.500526  5  6  5  93       
PG17  13056.198841   9154.024421 -20784.985111    719.914893  6  9  4  83       
PG18 -14160.737071  -8971.632463  20660.656574   -531.633362  1  7  2  74       
PG19  15325.215028   -618.268247 -21839.940526    426.300364  7  8  7  62       
PG20  19359.982811  -4856.523531  17497.000637    391.622289  2  5  4  63       
PG21 -12797.981514  18251.905547 -13169.312252    138.458749  5  6  5  72       
PG22  22199.022728   8133.078152 -11373.850842     48.566632  1  5  5  79       
PG23 -20377.528904 -16647.663042   4323.838397    135.023655  3  6  4  76       
PG24   9181.663343 -19255.916165 -15968.753528   -413.465081  5  5  5  62       
PG25 -14277.937948 -19491.795314 -11669.930205    485.190562  7  5  6  85       
PG26 -21811.936074    420.573508  15247.909770    200.484475  3  5  5  61       
PG28 -23838.845554   3582.442290 -11165.577200    -98.239030  6  6  5  62       
PG29  -5261.551922 -22612.386615  12762.477903   -608.709527  2  7  5  74       
PG30  21644.713685   2426.865925  15503.312747   -445.658473  5  2  4  44       
PG31 -25027.949872   9224.355658  -2626.941352   -227.285332  5  6  3  77       
PG32 -14639.692731  -4988.496225 -21419.182987   -604.916074  4  7  4  83       
*  2024  1 14  6 45  0.00000000
PG01  -3893.534552  17089.634108 -20199.622675    166.061814  5  5  7  94       
PG02 -10720.981884  19134.443119 -14310.540224   -501.138635  4  4  6  74       
PG03   2369.142626  17189.821673 -20285.670271    124.912859  6  5  6  84       
PG04  -1440.400349  26445.167897   -254.951485    265.615665  2  9  5  76       
PG05   9851.014974 -11562.425266  21621.136535   -157.897988  3  5  5  86       
PG06  23705.619623  -4594.302504 -11106.379053    445.291168  4  4  5           
PG07  11306.790221  11438.072076  21673.250560    -36.875535  6  4  1  21       
PG08  -5869.943164  24049.550537   8930.933542   -162.007586  3  6  4  71       
PG09   7969.609671  22757.784314  10986.836027     58.292088  3  5  6  40       
PG10 -24053.774225 -10492.829449  -4910.751126    -69.263356  3  6  5  71       
PG11  23798.501415 -11731.585246   -166.784291   -539.199093  2  5  4  46       
PG12   -892.365196 -17650.459436 -20134.080123   -467.698554  8  7  4  18       
PG13  13110.021178 -17144.662427  15129.596304    615.673699     5  5  95       
PG14  23103.890709  13198.685668  -1653.588053    298.186692  2  7  4  89       
PG15   2991.651635 -24694.069484   8516.565243    117.056508  3  7  8  96       
PG16 -16568.187216   5142.449365  19911.236666   -384.493555  5  6  5  76       
PG17  12708.393208  11541.094616 -19796.067345    719.914182  6  8  5  83       
PG18 -12033.416811 -10083.854196  21464.791047   -531.641598  1  7  3  80       
PG19  14980.965764   1826.949398 -22043.054650    426.304648  7  8  8  45       
PG20  21037.243531  -3951.863018  15673.026792    391.620284  2  5  4  64       
PG21 -14192.949800  18802.342171 -10752.639762    138.457570  5  6  6  52       
PG22  23009.471981   9081.884239  -8833.661880     48.560649     5  5  80       
PG23 -19726.741622 -16474.808495   7102.232556    135.030369  3  6  4  64       
PG24  10722.732023 -19947.059777 -13945.716163   -413.471526  5  5  5  47       
PG25 -12971.700537 -18922.508349 -13949.262678    485.191765  7  5  6  49       
PG26 -23148.336068   -563.052708  13184.048427    200.481324  3  5  5  66       
PG28 -22712.474265   2709.998103 -13517.129589    -98.249269  6  6  6  46       
PG29  -4908.236019 -23907.005429  10309.080107   -608.709183  2  7  5  83       
PG30  20083.818524   3444.970572  17296.457604   -445.654295  5  3  4  49       
PG31 -24745.352987   8821.462401  -5396.854963   -227.285779  5  6  3  81       
PG32 -14503.174455  -7439.347348 -20816.448395   -604.918671  4  7  3  79       
*  2024  1 14  7  0  0.00000000
PG01  -5815.028371  18091.797573 -18760.619585    166.062810  5  5  7  91       
PG02 -12134.351349  19891.603619 -12026.539398   -501.133435  5  4  7  83       
PG03    293.224198  16106.410989 -21283.275252    124.936241  5  5  5  81       
PG04  -1692.354889  26246.419686  -3117.516032    265.624428  3  9  6  63       
PG05  12055.794489 -10432.721813  21084.524617   -157.898990  3  5  5  78       
PG06  22558.637594  -3759.231181 -13521.188278    445.279240  4  4  4  61       
PG07   9260.413269  12677.127315  21917.116862    -36.883910  5  4  2  54       
PG08  -6200.275322  22872.859824  11459.364728   -162.009389  4  6  5  53       
PG09   7777.236627  23891.595973   8436.606088     58.303105  4  4  6  73       
PG10 -24337.743272 -10842.384265  -2068.748683    -69.265270  3  6  5  61       
PG11  23751.199290 -11428.506707  -3027.981642   -539.211715  2  5  4  85       
PG12   1081.481535 -16467.709352 -21110.716291   -467.701834  8  7  4  44       
PG13  13052.502993 -15255.603337  17071.999134    615.677335     5  4  99       
PG14  22987.383609  13456.979214   1162.740677    298.195896  3  7  4  53       
PG15   3504.340840 -23572.726117  11012.982873    117.059877  3  7  8  96       
PG16 -18386.101471   3803.033588  18636.434191   -384.486497  4  6  5  76       
PG17  12493.109872  13807.772360 -18452.420154    719.913798  6  8  5  89       
PG18  -9907.394271 -11345.928733  21900.975422   -531.649863  1  6  3  82       
PG19  14769.813922   4285.625170 -21873.400242    426.309526  8  9  9  44       
PG20  22549.786417  -3205.536661  13578.415410    391.618815  1  5  4  69       
PG21 -15319.563147  19249.879696  -8136.329923    138.456536  5  5  7  72       
PG22  23619.526574   9814.638669  -6136.271422     48.554883     4  5  60       
PG23 -18795.185041 -16196.245720   9759.814341    135.037081  4  7  4  82       
PG24  12039.532525 -20569.527936 -11683.675124   -413.477984  5  4  5  90       
PG25 -11426.970517 -18306.369648 -15996.203569    485.192913  7  5  6  76       
PG26 -24307.317777  -1375.507823  10895.435783    200.478190  3  5  5  57       
PG28 -21420.274108   1643.608260 -15636.287927    -98.259495  6  6  6  74       
PG29  -4643.143820 -24930.058859   7676.920402   -608.708769  3  8  5  66       
PG30  18414.687975   4631.929959  18797.512955   -445.650102  5  3  4  51       
PG31 -24218.670009   8255.664287  -8076.553337   -227.285732  6  6  2  94       
PG32 -14492.095371  -9801.990469 -19850.578393   -604.921247  4  7  2  96       
*  2024  1 14  7 15  0.00000000
PG01  -7530.518408  19104.110048 -17003.969335    166.063840  5  4  7  98       
PG02 -13289.834706  20546.988303  -9527.425357   -501.128446  5  4  7  89       
PG03  -1923.689633  15101.049621 -21920.059128    124.959653  5  5  5  93       
PG04  -1968.582508  25739.152352  -5925.968218    265.633178  3  9  6  86       
PG05  14240.335400  -9454.059945  20179.895729   -157.900322  3  5  5  84       
PG06  21243.925080  -2713.831679 -15703.489746    445.267354  5  4  4  57       
PG07   7271.497953  14027.062303  21800.334150    -36.892356  5  5  2  46       
PG08  -6619.123881  21438.973443  13785.228707   -162.009618  4  5  5  47       
PG09   7613.547152  24737.284864   5740.245201     58.314115  4  3  6  66       
PG10 -24350.317904 -11035.666633    808.234890    -69.266078  3  6  5  46       
PG11  23446.544016 -10953.874631  -5836.887564   -539.224361  2  6  4  75       
PG12   3193.164336 -15348.018378 -21733.574977   -467.705319  8  7  4  73       
PG13  13082.749429 -13161.349243  18713.702454    615.680831  2  4  4 105       
PG14  22602.992699  13576.825630   3959.285082    298.205134  3  7  4  70       
PG15   4133.001547 -22207.260223  13313.129642    117.063269  4  7  8 101       
PG16 -20126.535580   2647.497378  17037.056899   -384.479936  4  6  5  74       
PG17  12394.675128  15907.094893 -16778.564820    719.912708  6  8  6  85       
PG18  -7828.172697 -12738.183757  21961.194474   -531.658123  1  6  3  75       
PG19  14693.686048   6709.279503 -21334.844739    426.314541  9  9 10  64       
PG20  23857.536105  -2602.867679  11248.986234    391.617075  1  5  4  63       
PG21 -16178.486086  19553.562034  -5369.227664    138.455370  6  5  7  66       
PG22  23995.541781  10350.712530  -3330.114874     48.548960     4  5  69       
PG23 -17583.365694 -15852.300698  12251.320247    135.043840  4  7  4  82       
PG24  13125.560856 -21083.311489  -9220.216168   -413.484451  5  4  5  86       
PG25  -9659.508331 -17681.754245 -17777.025673    485.194093  8  5  5  58       
PG26 -25253.856282  -2032.114040   8421.648354    200.475010  3  6  5  36       
PG28 -20004.866490    378.052500 -17486.690986    -98.269706  6  6  6  88       
PG29  -4432.563102 -25658.874319   4911.661350   -608.708474  4  8  5  77       
PG30  16680.010426   5984.123393  19980.812839   -445.645943  5  3  4  50       
PG31 -23477.927370   7504.080503 -10621.417358   -227.285992  6  7  2  88       
PG32 -14592.571926 -12030.160733 -18539.248505   -604.923810  5  7  1  85       
*  2024  1 14  7 30  0.00000000
PG01  -9019.163302  20083.749958 -14958.029588    166.064811  5  3  7  85       
PG02 -14188.825425  21059.464538  -6858.623310   -501.123212  6  4  7  70       
PG03  -4241.354852  14202.237207 -22185.038619    124.982952  5  5  5  87       
PG04  -2305.223816  24935.610320  -8631.569466    265.641952  4  9  6  95       
PG05  16355.871183  -8633.692266  18923.520508   -157.901350  2  5  5  69       
PG06  19806.047822  -1452.430216 -17615.439895    445.255480  5  4  4  58       
PG07   5376.560187  15460.563043  21323.392008    -36.900771  5  5  2  53       
PG08  -7152.659475  19780.915576  15867.709656   -162.011345  4  5  5  66       
PG09   7442.112518  25282.784120   2944.531327     58.325138  5  2  5  51       
PG10 -24074.132508 -11107.525165   3671.615051    -69.267762  4  6  5  53       
PG11  22912.660434 -10281.834760  -8544.977416   -539.237021  3  6  4  73       
PG12   5406.100515 -14321.123438 -21992.290824   -467.708445  8  8  4  74       
PG13  13224.655079 -10902.949646  20025.824251    615.684085  2  4  4 100       
PG14  21939.713570  13592.655115   6688.463756    298.214361  3  7  4  62       
PG15   4898.725725 -20631.289915  15375.127810    117.066919  4  6  8  94       
PG16 -21744.177753   1678.101193  15142.531669   -384.473120  4  7  6  67       
PG17  12390.132468  17797.217498 -14805.063154    719.911918  6  7  6  83       
PG18  -5837.669936 -14233.446844  21643.854861   -531.666398  2  6  4  71       
PG19  14746.394496   9050.336189 -20437.316567    426.319301  9 10 10           
PG20  24925.418037  -2122.409231   8724.750214    391.615432  1  5  3  74       
PG21 -16779.838929  19675.706374  -2502.918550    138.454409  6  5  7  51       
PG22  24110.292999  10716.302627   -465.182923     48.543072  2  3  5  63       
PG23 -16100.625262 -15483.437623  14534.244279    135.050535  4  7  5  87       
PG24  13982.251441 -21449.353487  -6596.875185   -413.490934  5  3  5  80       
PG25  -7692.526317 -17084.383459 -19262.352228    485.195291  8  5  5  58       
PG26 -25958.067992  -2554.509193   5805.130427    200.471717  3  6  5  26       
PG28 -18510.584727  -1083.615006 -19036.608517    -98.279932  6  6  6  71       
PG29  -4239.660204 -26079.321929   2061.269731   -608.707871  5  8  5  52       
PG30  14922.286257   7490.171641  20825.913871   -445.641729  5  3  4           
PG31 -22558.162735   6550.319158 -12989.110166   -227.286017  6  7  2  91       
PG32 -14783.506592 -14081.885664 -16906.108281   -604.926319  5  7  2  94       
*  2024  1 14  7 45  0.00000000
PG01 -10268.474556  20985.880479 -12656.333335    166.065788  6  3  7  71       
PG02 -14841.699512  21390.913143  -4068.251551   -501.118322  6  4  8  67       
PG03  -6614.906188  13431.484570 -22073.435782    125.006320  5  5  5  90       
PG04  -2735.468792  23856.532382 -11187.398613    265.650694  4  9  6  86       
PG05  18354.309722  -7970.413563  17337.820042   -157.902746  2  5  4  78       
PG06  18291.387314     21.828911 -19223.766702    445.243724  5  4  3  51       
PG07   3607.181785  16944.450954  20492.518263    -36.908986  5  5  3  64       
PG08  -7820.852553  17937.830358  17670.507956   -162.013100  5  5  5  75       
PG09   7225.607505  25524.848538     97.892952     58.336196  5  2  5  49       
PG10 -23500.089648 -11096.019658   6473.260110    -69.269646  4  6  5  69       
PG11  22183.641149  -9393.202365 -11105.458809   -539.249623  3  6  4  49       
PG12   7678.929337 -13410.364709 -21882.435848   -467.711959  8  8  5  90       
PG13  13495.000228  -8526.385083  20985.433391    615.687364  3  4  3 104       
PG14  20994.691070  13541.089976   9303.828819    298.223582  4  7  5  52       
PG15   5815.915572 -18884.073908  17161.248618    117.070441  4  6  8  94       
PG16 -23195.909940    888.671377  12987.092030   -384.466352  4  7  6  78       
PG17  12450.324368  19442.911452 -12567.864810    719.911139  6  8  6  86       
PG18  -3972.754789 -15797.956903  20953.850538   -531.674610  2  6  4  76       
PG19  14913.946815  11263.710482 -19196.592428    426.324154 10 11 11  61       
PG20  25724.672081  -1736.956059   6049.226763    391.613596  2  5  3  49       
PG21 -17142.504852  19583.600031    409.457074    138.453496  6  5  8  53       
PG22  23944.061247  10943.117158   2407.955840     48.537100  2  3  4  57       
PG23 -14364.951663 -15128.600707  16569.544505    135.057306  5  7  5  78       
PG24  14618.821802 -21631.168650  -3858.489796   -413.497425  5  3  4  77       
PG25  -5556.003003 -16545.963344 -20427.579016    485.196471  8  5  5  84       
PG26 -26396.288142  -2969.595075   3090.474433    200.468548  3  6  5  69       
PG28 -16981.807808  -2729.990435 -20259.478709    -98.290157  6  6  6  75       
PG29  -4026.114368 -26186.300410   -824.835916   -608.707458  6  8  5  85       
PG30  13182.321283   9131.175196  21317.951004   -445.637561  5  3  5  31       
PG31 -21498.090491   5385.260812 -15140.209987   -227.286280  6  7  2  92       
PG32 -15037.524876 -15920.910112 -14980.300084   -604.928856  5  7  2  74       
*  2024  1 14  8  0  0.00000000
PG01 -11274.684829  21765.377423 -10137.128320    166.066731  6  3  7  80       
PG02 -15267.111015  21507.811657  -1206.139641   -501.113453  6  4  8  32       
PG03  -8996.364816  12802.541875 -21586.774387    125.029702  5  5  6  76       
PG04  -3288.060468  22530.381947 -13549.184821    265.659458  4  8  6  98       
PG05  20189.969487  -7454.779320  15450.924616   -157.903842  3  5  4  79       
PG06  16746.386886   1696.887638 -20500.366528    445.231815  5  4  3  78       
PG07   1988.967524  18440.758926  19319.696934    -36.917556  5  6  4  77       
PG08  -8636.517589  15953.513199  19162.495429   -162.016102  5  5  5  78       
PG09   6927.454080  25469.089092  -2750.447079     58.347195  5  2  5  68       
PG10 -22627.750030 -11040.811697   9166.243095    -69.271298  5  6  5  67       
PG11  21298.165053  -8276.404368 -13474.090333   -539.262342  4  5  3  44       
PG12   9966.871096 -12631.878408 -21405.593656   -467.715138  8  7  5           
PG13  13902.691164  -6080.916197  21575.967772    615.690857  4  4  3 105       
PG14  19773.449809  13459.392258  11760.830847    298.232788  4  6  5  50       
PG15   6891.452722 -17009.039977  18638.723599    117.073885  4  5  8  97       
PG16 -24442.370193    265.118171  10609.081557   -384.459438  4  7  6  27       
PG17  12541.236016  20816.781628 -10107.545899    719.910352  7  8  6  78       
PG18  -2263.978374 -17392.545910  19902.517743   -531.682927  3  6  4  82       
PG19  15175.150515  13308.298141 -17634.006031    426.328787 11 11 11  24       
PG20  26233.936948  -1414.791404   3268.689522    391.611992  2  4  3  47       
PG21 -17293.059285  19250.963331   3314.400946    138.452563  5  5  8  45       
PG22  23485.409741  11066.863991   5239.109491     48.531190  3  3  4  55       
PG23 -12402.470621 -14823.620554  18322.298092    135.064058  5  7  5  77       
PG24  15051.809807 -21596.406400  -1052.456521   -413.503927  5  2  4  80       
PG25  -3285.760155 -16092.980954 -21253.234522    485.197653  8  4  5  76       
PG26 -26551.920460  -3308.298995    323.684442    200.465391  3  6  5  77       
PG28 -15461.306777  -4541.569787 -21134.356817    -98.300376  6  6  6  76       
PG29  -3753.811994 -25983.880514  -3696.662029   -608.707134  6  8  5  69       
PG30  11497.787421  10881.240869  21447.913514   -445.633366  5  3  4  30       
PG31 -20338.649943   4007.580014 -17038.801380   -227.286699  6  7  2  92       
PG32 -15322.162486 -17517.890128 -12795.887190   -604.931392  6  7  3  43       
*  2024  1 14  8 15  0.00000000
PG01 -12042.788728  22378.611552  -7442.815682    166.067665  6  4  7  61       
PG02 -15490.966905  21382.614208   1677.152952   -501.108346  5  4  7  53       
PG03 -11336.271132  12320.927901 -20732.880062    125.053029  5  5  6  71       
PG04  -3985.978775  20992.287027 -15676.089460    265.668299  4  7  6  88       
PG05  21821.220623  -7069.657803  13296.131570   -157.904592  3  4  4  72       
PG06  15215.801535   3552.026998 -21422.815942    445.219979  5  4  3  92       
PG07    540.705790  19908.008237  17822.611327    -36.925676  5  6  4  44       
PG08  -9604.662166  13874.774053  20318.255610   -162.018747  5  6  6  64       
PG09   6513.435156  25129.674175  -5551.335816     58.358216  6  2  5  57       
PG10 -21465.413705 -10981.513631  11705.563990    -69.272353  5  6  6  71       
PG11  20297.949439  -6928.128337 -15609.955338   -539.274937  4  4  3  34       
PG12  12223.217424 -11994.062216 -20569.352071   -467.718713  8  7  5  38       
PG13  14448.334366  -3617.309773  21787.521314    615.694259  4  4  3  93       
PG14  18289.818944  13383.894426  14017.554922    298.242060  4  6  5  46       
PG15   8124.187011 -15052.134748  19780.456103    117.077702  4  5  8  91       
PG16 -25449.355428   -213.747492   8050.214267   -384.452761  4  8  6  70       
PG17  12625.537838  21900.155425  -7468.462787    719.909883  7  8  6  54       
PG18   -734.550523 -18974.047984  18507.477587   -531.691256  4  6  3  72       
PG19  15502.488504  15148.314946 -15776.084185    426.333914 11 12 11  34       
PG20  26440.060667  -1121.120371    431.353923    391.610406  1  4  3  66       
PG21 -17264.384163  18659.112806   6159.221438    138.451697  5  5  8  71       
PG22  22731.627685  11125.610778   7979.372792     48.525861  3  3  4  43       
PG23 -10246.634824 -14599.745186  19762.294729    135.070808  5  7  5  62       
PG24  15304.313208 -21318.290808   1772.096928   -413.510420  4  2  4  61       
PG25   -922.333475 -15745.698886 -21725.275925    485.198877  8  4  5  85       
PG26 -26416.031541  -3604.196701  -2448.566781    200.462238  3  7  5           
PG28 -13988.666880  -6491.313845 -21646.267921    -98.310561  7  6  6  44       
PG29  -3386.532661 -25485.101436  -6504.523899   -608.706505  6  7  5  71       
PG30   9901.903300  12708.280769  21212.835360   -445.629137  5  3  5  30       
PG31 -19121.486296   2423.986893 -18653.020186   -227.286891  7  7  2  98       
PG32 -15601.251716 -18851.313013 -10391.205745   -604.933931  6  6  3  66       
*  2024  1 14  8 30  0.00000000
PG01 -12586.245760  22785.217445  -4619.290220    166.068587  6  4  7  79       
PG02 -15545.135166  20994.875520   4531.292591   -501.103546  5  5  7  30       
PG03 -13585.383961  11983.779176 -19525.782536    125.076393  5  5  6  84       
PG04  -4845.357380  19282.732673 -17531.422102    265.677129  4  7  6  91       
PG05  23211.966916  -6791.089684  10911.275611   -157.905910  4  4  4  73       
PG06  13741.019657   5558.461747 -21974.787938    445.208162  5  4  2  90       
PG07   -726.232604  21302.648877  16024.504431    -36.934537  5  6  4  39       
PG08 -10722.165284  11749.702509  21118.499850   -162.021054  4  6  6  70       
PG09   5953.214464  24528.711361  -8256.546416     58.369267  6  2  4  75       
PG10 -20029.892385 -10956.055035  14048.835400    -69.273107  6  6  6  95       
PG11  19226.096688  -5353.652032 -17476.176561   -539.287551  5  4  3  81       
PG12  14400.901926 -11497.332827 -19387.213087   -467.722315  8  6  4  44       
PG13  15124.161050  -1186.015624  21616.994938    615.697779  4  4  3  91       
PG14  16565.553104  13348.471992  16035.417128    298.251291  5  5  5  17       
PG15   9504.772970 -13060.066933  20565.609306    117.081245  4  5  7 100       
PG16 -26189.016256   -575.139304   5354.809258   -384.445707  4  8  6  78       
PG17  12664.256050  22683.611310  -4697.846672    719.908704  7  8  6  67       
PG18    600.397615 -20496.883330  16792.366243   -531.699549  5  6  3  78       
PG19  15863.232016  16754.441893 -13654.116013    426.338516 11 12 11   8       
PG20  26338.602975   -819.632736  -2413.478348    391.608611  2  4  3  58       
PG21 -17094.044292  17797.778213   8893.127225    138.450150  4  5  7  68       
PG22  21688.832777  11158.088440  10581.974691     48.519370  4  4  4  14       
PG23  -7937.138847 -14482.351635  20864.558841    135.077563  4  6  5  84       
PG24  15404.954733 -20776.872489   4565.210283   -413.516884  4  2  4  65       
PG25   1490.325913 -15517.382506 -21835.318395    485.200056  9  3  5  97       
PG26 -25987.671763  -3892.048413  -5179.677679    200.459033  4  7  5  23       
PG28 -12598.845561  -8545.507440 -21786.458397    -98.320784  7  7  6  48       
PG29  -2891.559289 -24711.429328  -9199.919791   -608.706767  7  7  5  55       
PG30   8422.284114  14575.057828  20615.894538   -445.624950  5  3  4  35       
PG31 -17887.416447    649.179666 -19955.547463   -227.287274  7  6  3  80       
PG32 -15836.449400 -19908.112644  -7808.155757   -604.936510  6  7  4  79       
*  2024  1 14  8 45  0.00000000
PG01 -12926.348102  22949.778132  -1715.187929    166.069487  5  5  7  70       
PG02 -15465.949006  20332.080455   7307.080047   -501.098127  4  5  7  50       
PG03 -15696.384579  11780.026434 -17985.519234    125.099702  5  5  6  85       
PG04  -5874.676595  17446.058372 -19083.277397    265.685916  5  6  5  89       
PG05  24332.912042  -6589.417097   8338.026229   -157.907077  4  3  4  56       
PG06  12358.522616   7680.256402 -22146.363390    445.196303  5  4  3  93       
PG07  -1808.228869  22580.618256  13953.948788    -36.942711  5  6  5  48       
PG08 -11977.794452   9625.907316  21550.354108   -162.023091  4  6  6  68       
PG09   5221.702830  23695.335951 -10819.610733     58.380300  6  3  4  76       
PG10 -18345.982903 -10999.124214  16156.925439    -69.274905  6  6  6  85       
PG11  18125.400540  -3566.839807 -19040.558630   -539.300183  5  3  4  71       
PG12  16454.097155 -11134.185736 -17878.419216   -467.725610  7  6  4  34       
PG13  15914.303044   1164.630472  21068.110580    615.701200  5  4  3 103       
PG14  14629.662283  13383.115592  17779.811167    298.260536  5  5  6  47       
PG15  11015.865269 -11078.522630  20980.051082    117.084815  4  5  7  97       
PG16 -26640.805629   -851.011518   2569.014978   -384.438887  5  8  6  79       
PG17  12618.496673  23167.132738  -1844.864826    719.907524  7  8  6  66       
PG18   1734.234277 -21914.756810  14786.454937   -531.707864  5  5  3  82       
PG19  16220.750589  18104.738027 -11303.660812    426.343347 12 13 10           
PG20  25934.007756   -474.132259  -5216.301412    391.606907  2  4  3  45       
PG21 -16822.511803  16665.547764  11468.218470    138.449230  4  6  7  39       
PG22  20371.738549  11202.008415  13003.049436     48.513760  4  3  4  49       
PG23  -5518.598287 -14489.887835  21609.791619    135.084318  4  6  5  80       
PG24  15386.609523 -19960.032651   7277.041944   -413.523400  4  2  4  78       
PG25   3906.276702 -15413.787271 -21580.794734    485.201261  9  3  5  97       
PG26 -25273.914178  -4206.301667  -7823.846153    200.455847  4  7  5  50       
PG28 -11320.921004 -10664.880680 -21552.542305    -98.330996  7  7  6  68       
PG29  -2241.148285 -23691.900716 -11736.378775   -608.705994  7  7  5  59       
PG30   7080.004807  16440.442688  19666.416645   -445.620730  5  3  4  50       
PG31 -16674.932298  -1294.492054 -20924.047482   -227.287569  7  6  3  95       
PG32 -15988.844681 -20683.961823  -5091.446428   -604.939061  7  7  4  73       
*  2024  1 14  9  0  0.00000000
PG01 -13091.269827  22843.354520   1218.949715    166.070366  5  5  7  56       
PG02 -15292.575475  19390.155078   9957.294582   -501.093127  4  6  7  60       
PG03 -17625.522910  11690.894103 -16137.840577    125.123056  4  5  5  83       
PG04  -7074.264054  15528.820342 -20305.081619    265.694762  5  5  5  90       
PG05  25162.563109  -6430.633817   5621.127805   -157.908329  4  3  4  73       
PG06  11098.543194   9875.529413 -21934.230419    445.184602  5  4  4  99       
PG07  -2709.462966  23698.966373  11644.518669    -36.951024  5  6  5  61       
PG08 -13352.556274   7548.802175  21607.515219   -162.024686  4  6  7  60       
PG09   4300.217794  22664.543787 -13196.613725     58.391374  6  4  4  74       
PG10 -16445.661390 -11140.739202  17994.552267    -69.276308  6  6  6  70       
PG11  17036.678502  -1589.805368 -20276.146921   -539.312797  5  3  4  88       
PG12  18339.782316 -10889.557484 -16067.695498   -467.729010  7  6  4  72       
PG13  16795.405725   3390.104734  20151.291046    615.704524  5  4  3  79       
PG14  12517.474109  13512.656637  19220.695172    298.269767  5  5  6  36       
PG15  12632.666407  -9150.433466  21016.641394    117.088701  5  5  7  86       
PG16 -26792.153688  -1076.619300   -259.963592   -384.431924  5  8  6  27       
PG17  12451.148661  23359.890567   1040.326499    719.907077  6  7  6  68       
PG18   2668.912754 -23182.405469  12524.164208   -531.716197  6  5  4  70       
PG19  16535.972556  19185.290622  -8763.999936    426.348311 12 13  9  36       
PG20  25239.437081    -50.166242  -7928.296134    391.605250  2  4  3  57       
PG21 -16491.327271  15269.936623  13840.352193    138.447895  4  6  7  26       
PG22  18803.105846  11292.459827  15202.321515     48.507937  4  4  4           
PG23  -3039.040561 -14633.086511  21984.724582    135.091075  4  5  5  58       
PG24  15284.944399 -18864.188171   9858.850441   -413.529856  4  2  4  86       
PG25   6279.092492 -15432.925884 -20965.041931    485.202483  9  2  5 102       
PG26 -24289.612298  -4579.614808 -10336.778344    200.452691  5  7  4  82       
PG28 -10177.078544 -12805.949882 -20948.540517    -98.341185  7  7  6  30       
PG29  -1413.801539 -22461.986016 -14070.266713   -608.705257  7  6  5  95       
PG30   5888.913817  18260.838308  18379.778815   -445.616542  5  3  4  83       
PG31 -15518.793489  -3377.644149 -21541.544540   -227.287674  7  6  3  99       
PG32 -16020.583309 -21183.236200  -2287.810831   -604.941659  7  7  5  57       
*  2024  1 14  9 15  0.00000000
PG01 -13114.828555  22444.791880   4131.581342    166.071243  5  5  7  43       
PG02 -15065.318514  18173.649654  12437.460600   -501.088209  4  6  7  23       
PG03 -19334.144413  11690.706600 -14013.818647    125.146382  5  5  5  73       
PG04  -8436.122203  13578.083645 -21176.039771    265.703518  6  5  5  82       
PG05  25687.935820  -6277.900368   2807.598297   -157.909860  4  3  4  42       
PG06   9983.976530  12097.900365 -21341.766253    445.172766  5  4  4  96       
PG07  -3441.660733  24617.489630   9134.358864    -36.959651  5  5  5  69       
PG08 -14820.361313   5560.005706  21290.279004   -162.026809  4  6  7  77       
PG09   3177.392156  21475.815374 -15346.936324     58.402384  6  4  5  80       
PG10 -14367.026608 -11404.998049  19530.825034    -69.277813  5  6  6  65       
PG11  15997.195683    547.746458 -21161.692926   -539.325434  6  4  4  86       
PG12  20019.226062 -10741.480414 -13984.906939   -467.732663  6  5  4  30       
PG13  17737.549471   5451.226654  18883.411940    615.708117  5  4  3  87       
PG14  10269.461743  13755.695397  20333.109345    298.279035  5  4  6  18       
PG15  14323.802234  -7314.375914  20675.353964    117.091973  5  5  6  97       
PG16 -26638.851971  -1288.980154  -3084.623771   -384.424824  6  8  6  60       
PG17  12128.495627  23279.673205   3907.514498    719.905963  6  6  6  62       
PG18   3414.716886 -24257.326382  10044.479388   -531.724478  6  5  4  82       
PG19  16768.944855  19990.580881  -6077.538016    426.353277 12 13  7  51       
PG20  24276.272350    483.411343 -10502.211769    391.603196  3  4  3  34       
PG21 -16141.282992  13627.092647  15969.867249    138.447150  4  7  7  57       
PG22  17012.908989  11460.446049  17143.698478     48.502086  5  4  4  53       
PG23   -548.262338 -14914.483039  21982.377329    135.097825  4  5  5  70       
PG24  15136.829358 -17494.658584  12263.980533   -413.536330  4  2  4  78       
PG25   8563.396606 -15565.126500 -19997.310779    485.203716  9  3  6  74       
PG26 -23056.886951  -5041.453622 -12676.370793    200.449511  5  7  4  39       
PG28  -9181.873178 -14922.527623 -19984.812053    -98.351398  7  7  6           
PG29   -395.290500 -21062.219141 -16161.536039   -608.704972  7  6  5  76       
PG30   4855.226101  19991.721414  16777.211323   -445.612316  5  3  4  10       
PG31 -14448.759274  -5564.737024 -21796.732916   -227.288082  7  6  4  86       
PG32 -15896.446156 -21418.656840    554.795723   -604.944207  7  7  5  64       
*  2024  1 14  9 30  0.00000000
PG01 -13035.004470  21741.742162   6971.123738    166.072164  5  5  7  64       
PG02 -14823.924949  16695.597538  14706.528238   -501.083089  4  6  6  45       
PG03 -20790.039561  11747.973594 -11649.362370    125.169750  5  6  5  60       
PG04  -9944.088508  11639.711132 -21681.476441    265.712271  6  5  5  79       
PG05  25904.937876  -6093.162470    -54.097646   -157.910856  5  4  5  39       
PG06   9029.587482  14298.124981 -20378.998472    445.160945  5  4  4  96       
PG07  -4023.540274  25300.311132   6465.646680    -36.967916  5  5  5  70       
PG08 -16348.971536   3695.916683  20605.445676   -162.028466  5  6  8  64       
PG09   1849.797217  20171.585845 -17233.934856     58.413400  6  4  5  68       
PG10 -12153.028801 -11809.052293  20739.726176    -69.278844  5  5  5  52       
PG11  15039.241566   2809.473692 -21682.018152   -539.337992  6  4  5  79       
PG12  21459.330430 -10662.009761 -11664.631887   -467.736124  6  5  4  42       
PG13  18705.438525   7315.464342  17287.434895    615.711312  5  4  4  76       
PG14   7929.879497  14123.773282  21097.615565    298.288275  5  4  6  13       
PG15  16052.484657  -5603.173158  19963.230516    117.095369  5  5  6  93       
PG16 -26185.140705  -1525.293983  -5857.901099   -384.418031  6  8  6  74       
PG17  11621.672520  22951.997973   6707.327326    719.904946  6  6  6  51       
PG18   3989.674922 -25101.416029   7390.276623   -531.732761  7  5  4  76       
PG19  16880.437661  20523.552472  -3289.158905    426.358157 12 13  6           
PG20  23073.301901   1153.007438 -12893.220082    391.601424  3  3  3  65       
PG21 -15810.706331  11761.169387  17822.162687    138.445979  4  7  7  22       
PG22  15037.256264  11731.611696  18795.769094     48.496288  5  3  4  61       
PG23   1903.885822 -15328.258223  21602.213179    135.104585  4  5  5  75       
PG24  14978.690040 -15865.670796  14448.826097   -413.542812  4  3  4  78       
PG25  10716.374449 -15793.384159 -18692.694461    485.204950  8  3  6  58       
PG26 -21604.361146  -5616.810669 -14803.359271    200.446360  5  7  4   9       
PG28  -8341.795819 -16967.344902 -18677.878750    -98.361583  7  7  6  37       
PG29    820.607214 -19536.647995 -17974.406558   -608.704260  7  6  5  76       
PG30   3977.414359  21589.244219  14885.495705   -445.608118  5  3  3  63       
PG31 -13488.505634  -7815.189930 -21684.213906   -227.288230  7  5  4  81       
PG32 -15585.322858 -21410.630177   3388.000201   -604.946692  8  7  5  75       
*  2024  1 14  9 45  0.00000000
PG01 -12892.274365  20731.351094   9686.941339    166.073057  5  6  7  67       
PG02 -14605.957767  14977.066061  16727.463190   -501.078126  5  6  6  38       
PG03 -21968.563340  11826.715402  -9084.644049    125.193133  5  6  4  59       
PG04 -11574.320979   9756.715758 -21813.065898    265.721086  6  5  5  75       
PG05  25818.420187  -5838.808472  -2914.885794   -157.912197  5  4  5  22       
PG06   8241.546639  16425.854639 -19062.444850    445.149102  6  4  4  97       
PG07  -4479.968353  25717.343098   3683.946987    -36.976444  5  5  5  58       
PG08 -17901.188090   1986.516626  19566.110583   -162.029998  5  6  8  67       
PG09    322.257855  18795.620573 -18825.546715     58.424388  6  4  6  91       
PG10  -9850.027373 -12362.340316  21600.530019    -69.280037  5  5  5  79       
PG11  14188.914974   5153.610092 -21828.270537   -539.350620  7  4  5  79       
PG12  22633.785427 -10618.392894  -9145.652907   -467.739490  6  5  4  60       
PG13  19659.805793   8957.965355  15391.933807    615.714674  5  5  4  81       
PG14   5545.255626  14620.822449  21500.650934    298.297566  5  4  5  60       
PG15  17777.907077  -4042.759989  18894.172345    117.099173  5  5  6  91       
PG16 -25443.502831  -1821.378273  -8533.875342   -384.410923  6  9  6  49       
PG17  10907.912931  22408.948792   9392.079816    719.904487  5  5  6  61       
PG18   4418.663914 -25682.455171   4607.571169   -531.741071  7  4  4  70       
PG19  16833.537545  20795.379709   -445.542057    426.362587 12 13  5  25       
PG20  21665.627496   1979.047168 -15059.724286    391.599774  3  4  3  39       
PG21 -15533.909960   9703.408913  19368.130620    138.444803  4  7  6  45       
PG22  12917.111165  12125.201370  20132.207080     48.490334  5  3  4  58       
PG23   4269.223475 -15860.414894  20850.187713    135.111346  5  4  5  73       
PG24  14844.874814 -13999.994344  16373.741103   -413.549291  4  3  4  80       
PG25  12699.210535 -16093.998070 -17071.971991    485.206162  8  4  6  57       
PG26 -19966.170009  -6325.092609 -16681.927948    200.443105  5  7  4  62       
PG28  -7655.159416 -18893.724072 -17050.145991    -98.371813  7  7  6  67       
PG29   2231.686572 -17931.167127 -19477.966207   -608.703827  7  6  5  84       
PG30   3246.406369  23011.836052  12736.560070   -445.603918  5  3  3  64       
PG31 -12654.768598 -10084.695309 -21204.653550   -227.288489  7  5  4  98       
PG32 -15061.526753 -21186.314698   6163.806938   -604.949258  8  7  5  70       
*  2024  1 14 10  0  0.00000000
PG01 -12727.829028  19420.572349  12230.343076    166.073959  5  6  6  46       
PG02 -14445.294637  13046.425821  18467.744348   -501.073040  5  6  6           
PG03 -22853.479907  11887.979798  -6363.443951    125.216483  5  6  5  62       
PG04 -13296.088892   7967.739539 -21568.949154    265.729888  5  5  5  79       
PG05  25441.898258  -5479.301220  -5725.915153   -157.913731  5  5  5  35       
PG06   7617.314178  18431.451583 -17414.833593    445.137252  6  4  4  83       
PG07  -4840.850376  25845.567357    837.464154    -36.984714  5  5  5  79       
PG08 -19436.228869    454.441067  18191.350209   -162.030291  6  7  8  73       
PG09  -1392.151442  17391.359095 -20094.813650     58.435380  6  4  6  86       
PG10  -7506.226426 -13066.109099  22098.152535    -69.281136  4  5  5  78       
PG11  13465.164081   7534.390127 -21598.069396   -539.363187  7  5  5  82       
PG12  23523.989036 -10574.441051  -6470.368112   -467.742722  6  5  4  48       
PG13  20558.974321  10362.276854  13230.527633    615.718329  5  5  4  79       
PG14   3162.797590  15242.915839  21534.788029    298.306819  6  4  5  42       
PG15  19456.807707  -2651.357174  17488.579948    117.103150  5  5  6  80       
PG16 -24434.177635  -2210.172254 -11068.441283   -384.403849  6  8  5  53       
PG17   9971.543744  21687.794174  11916.554066    719.903336  5  4  6  57       
PG18   4732.239726 -25975.378783   1744.701788   -531.749367  7  4  4  67       
PG19  16595.172695  20824.941961   2405.554505    426.367307 12 12  5  42       
PG20  20093.333840   2974.971919 -16964.106185    391.598293  3  4  3  43       
PG21 -15339.862755   7490.985747  20584.450707    138.443343  4  7  6  49       
PG22  10696.865390  12653.281182  21132.082776     48.484568  5  3  4  71       
PG23   6502.907611 -16489.284511  19738.686721    135.118101  5  4  5  79       
PG24  14766.111122 -11928.218169  18003.870655   -413.555768  3  3  4  90       
PG25  14478.398171 -16437.477455 -15161.362715    485.207365  8  4  6  69       
PG26 -18180.780073  -7179.215248 -18280.272633    200.439867  5  7  3  78       
PG28  -7112.308885 -20657.239163 -15129.523846    -98.382044  7  7  5  59       
PG29   3827.224535 -16291.797690 -20646.682576   -608.703280  7  6  5  98       
PG30   2646.084606  24221.742882  10366.974457   -445.599763  5  4  3  61       
PG31 -11956.748164 -12326.690262 -20364.854519   -227.288958  7  5  4  79       
PG32 -14305.904211 -20778.452777   8835.372174   -604.951842  8  7  5  80       
*  2024  1 14 10 15  0.00000000
PG01 -12581.750014  17826.087148  14555.560354    166.074918  5  6  6  62       
PG02 -14370.801852  10938.373223  19899.770572   -501.068087  6  6  6  75       
PG03 -23437.497202  11891.493198  -3532.421642    125.239958  6  6  4           
PG04 -15072.836838   6305.716799 -20953.737866    265.738722  4  5  6  69       
PG05  24796.958528  -4982.722084  -8439.372976   -157.914498  6  5  5  55       
PG06   7145.876651  20267.788317 -15464.708306    445.125378  6  5  4  82       
PG07  -5139.790676  25670.073387  -2023.800544    -36.993211  5  4  5  86       
PG08 -20911.239551   -885.650987  16505.814729   -162.032851  6  7  8  73       
PG09  -3272.428284  16000.290457 -21020.315671     58.446343  6  4  6  86       
PG10  -5170.041650 -13913.243750  22223.426939    -69.283224  4  5  5  66       
PG11  12879.118115   9903.631021 -20995.536972   -539.375726  7  5  5  88       
PG12  24119.694567 -10492.055285  -3684.127637   -467.746559  5  5  4  42       
PG13  21360.511226  11520.732362  10841.234591    615.721587  5  5  4  65       
PG14    828.768912  15978.329786  21198.895711    298.316084  6  4  5  58       
PG15  21045.129373  -1438.985597  15772.856551    117.106497  6  5  5  49       
PG16 -23184.415132  -2720.360015 -13419.940343   -384.396993  6  8  5  51       
PG17   8804.695778  20829.445295  14238.705135    719.903089  5  4  6  51       
PG18   4965.239368 -25963.278884  -1148.533009   -531.757708  7  3  4  60       
PG19  16137.515102  20638.020673   5216.037757    426.371971 12 12  5  61       
PG20  18399.974967   4146.519256 -18573.396472    391.596350  4  4  4  75       
PG21 -15251.121122   5165.668398  21453.757654    138.442344  4  6  5  89       
PG22   8422.817116  13320.243601  21780.086659     48.478650  5  3  4  77       
PG23   8564.979174 -17186.347144  18286.351825    135.124849  5  3  5  72       
PG24  14768.122522  -9687.697928  19309.876228   -413.562228  3  4  4  76       
PG25  16026.872271 -16789.688782 -12992.188818    485.208601  8  4  6  66       
PG26 -16289.658546  -8184.939379 -19571.111923    200.436681  5  6  3  83       
PG28  -6696.146413 -22217.300556 -12948.954574    -98.392274  7  7  5  38       
PG29   5588.222476 -14662.981211 -21460.817961   -608.702582  6  5  5  91       
PG30   2154.072195  25186.443539   7817.351545   -445.595594  5  3  3  68       
PG31 -11395.799238 -14493.935423 -19177.735791   -227.289122  6  5  4  86       
PG32 -13306.699736 -20224.013557  11357.748141   -604.954399  7  7  5  82       
*  2024  1 14 10 30  0.00000000
PG01 -12491.225872  15973.825689  16620.678896    166.075899  4  6  5  62       
PG02 -14405.225039   8692.747516  21001.179783   -501.062985  5  6  5  70       
PG03 -23722.467632  11797.382769   -640.324772    125.263361  6  6  4  71       
PG04 -16863.479912   4796.771559 -19978.407007    265.747516  3  5  6  56       
PG05  23912.375749  -4322.169351 -11009.269737   -157.915733  6  4  5  58       
PG06   6808.327419  21891.959848 -13245.924617    445.113495  6  5  4  88       
PG07  -5412.572435  25184.800293  -4848.972272    -37.001756  5  4  5  88       
PG08 -22282.878424  -2027.392214  14539.239163   -162.034394  6  7  8  90       
PG09  -5290.268614  14660.421190 -21586.510305     58.457326  6  4  6  78       
PG10  -2888.455034 -14888.414285  21973.299648    -69.284675  3  5  6  77       
PG11  12433.735852  12212.410948 -20031.216701   -539.388269  7  5  5  91       
PG12  24419.356109 -10332.851067   -834.501984   -467.749869  5  5  4  46       
PG13  22022.907745  12434.496300   8265.763257    615.724891  5  6  4  60       
PG14  -1413.101411  16807.919569  20498.195580    298.325397  5  4  5  68       
PG15  22499.701951   -407.333340  13778.795320    117.109856  6  5  5  47       
PG16 -21727.499603  -3375.157440 -15549.750053   -384.389832  6  8  5  48       
PG17   7407.711341  19876.816991  16320.285452    719.902298  5  3  6  49       
PG18   5155.212112 -25638.098823  -4021.769696   -531.766039  7  3  4  69       
PG19  15439.207765  20266.244957   7938.242016    426.376447 11 11  6  66       
PG20  16630.938741   5491.313870 -19859.855099    391.594642  4  5  3  82       
PG21 -15283.046724   2772.356892  21964.695909    138.440903  4  6  5  87       
PG22   6141.608721  14122.605945  22066.669404     48.472940  6  3  4  65       
PG23  10421.728391 -17917.335685  16517.794010    135.131600  5  3  5  77       
PG24  14870.470501  -7321.219583  20268.532954   -413.568658  3  4  5  61       
PG25  17324.920121 -17113.207428 -10600.444013    485.209815  8  5  6  36       
PG26 -14335.838311  -9340.472783 -20532.139930    200.433474  5  6  3  89       
PG28  -6382.951672 -23538.603656 -10545.853943    -98.402523  7  7  5  14       
PG29   7487.971153 -13085.952356 -21906.742607   -608.702144  5  5  6 102       
PG30   1742.777301  25879.884775   5131.660633   -445.591412  5  4  4  53       
PG31 -10965.426605 -16540.146012 -17662.214255   -227.289431  6  4  4  75       
PG32 -12060.147476 -19562.698424  13688.587943   -604.956990  7  6  6  86       
*  2024  1 14 10 45  0.00000000
PG01 -12488.887896  13898.105746  18388.497573    166.076873  5  6  5  45       
PG02 -14564.328709   6353.188152  21755.084870   -501.057498  5  6  5  95       
PG03 -23719.243658  11567.901970   2262.851960    125.286755  6  6  5  44       
PG04 -18623.879352   3459.389367 -18660.080010    265.756338  2  6  6  47       
PG05  22822.977633  -3476.959654 -13392.183100   -157.917220  6  4  5  91       
PG06   6578.767374  23266.840741 -10797.047815    445.101588  6  5  4  75       
PG07  -5695.517922  24392.939493  -7587.287752    -37.010189  5  4  5  77       
PG08 -23508.914417  -2972.701871  12325.885464   -162.035385  6  7  7  80       
PG09  -7410.973044  13404.893017 -21783.973415     58.468303  6  4  5  79       
PG10   -705.415291 -15968.538695  21350.941100    -69.285409  3  5  6  76       
PG11  12123.783487  14412.778848 -18721.880312   -539.400858  7  5  5  82       
PG12  24430.153342 -10059.820333   2029.508815   -467.753186  6  5  4  17       
PG13  22507.219755  13113.271034   5548.756242    615.728413  6  5  4  46       
PG14  -3523.116458  17705.796380  19444.210619    298.334594  5  4  5  70       
PG15  23779.875189    450.028034  11542.872674    117.113505  6  5  5  49       
PG16 -20101.576957  -4191.301988 -17422.829000   -384.382842  6  8  4  68       
PG17   5789.241634  18873.154868  18127.384457    719.901443  5  2  5  65       
PG18   5340.743236 -25000.990103  -6824.987255   -531.774341  7  2  5  15       
PG19  14486.369757  19745.820851  10525.701255    426.381406 11 10  6  60       
PG20  14831.755342   6998.785749 -20801.450957    391.593139  5  5  3  87       
PG21 -15443.323652    357.554062  22111.876945    138.440127  5  6  4  81       
PG22   3898.677175  15049.103050  21988.103566     48.467157  6  3  3  72       
PG23  12046.824769 -18643.583448  14463.197474    135.138318  5  2  6  84       
PG24  15085.674076  -4875.439325  20863.181690   -413.575116  2  4  5  77       
PG25  18360.831118 -17368.827759  -8026.268350    485.211041  7  5  6  49       
PG26 -12362.428338 -10636.355227 -21146.414125    200.430307  6  6  3  89       
PG28  -6143.465121 -24592.386202  -7961.475341    -98.412718  6  7  5  34       
PG29   9492.915562 -11597.252159 -21977.142681   -608.701722  5  5  6  79       
PG30   1380.656773  26283.483223   2356.465536   -445.587242  4  4  4  62       
PG31 -10651.590512 -18421.615862 -15842.983355   -227.289517  6  4  3  78       
PG32 -10570.769739 -18835.364462  15788.803570   -604.959618  6  6  6  89       
*  2024  1 14 11  0  0.00000000
PG01 -12601.341051  11640.422462  19827.288936    166.077973  6  6  5  79       
PG02 -14856.307319   3965.681120  22150.231440   -501.052621  5  6  4  87       
PG03 -23447.190628  11169.090597   5126.743101    125.310136  6  6  5  49       
PG04 -20308.441473   2303.892913 -17021.711783    265.765131  2  6  6  52       
PG05  21568.301414  -2433.589158 -15547.951263   -157.918266  7  4  5  89       
PG06   6425.489364  24362.425051  -8160.663168    445.089699  5  5  4  60       
PG07  -6023.798764  23306.968723 -10189.118176    -37.018683  5  4  5  73       
PG08 -24549.779018  -3731.467376   9903.927746   -162.036730  6  7  7  74       
PG09  -9594.598718  12260.801289 -21609.539354     58.479293  7  5  4  63       
PG10   1339.658399 -17123.550466  20365.766003    -69.287022  3  4  6  78       
PG11  11936.141573  16459.430367 -17090.227769   -539.413445  7  4  5  82       
PG12  24167.688743  -9638.966225   4858.313818   -467.756431  6  5  3  53       
PG13  22778.606294  13574.684075   2737.001778    615.731787  6  5  5  64       
PG14  -5466.958122  18640.282302  18054.604236    298.343819  5  4  5  57       
PG15  24849.034756   1147.097550   9105.471411    117.116825  5  5  5  34       
PG16 -18348.325793  -5178.277719 -19008.215146   -384.375985  7  8  4  82       
PG17   3966.038188  17860.389820  19630.882456    719.901030  5  2  5  55       
PG18   5559.738900 -24062.316800  -9509.408851   -531.782652  7     4  41       
PG19  13273.338531  19116.087687  12933.921393    426.386147 10  9  6  57       
PG20  13046.417375   8650.418189 -21382.232582    391.591185  5  5  3  66       
PG21 -15731.776524  -2032.174390  21895.754587    138.438956  6  6  3  76       
PG22   1736.768070  16081.065566  21546.471803     48.461347  5  3  3  65       
PG23  13422.166094 -19323.563983  12157.818536    135.145058  5  2  5  62       
PG24  15418.646142  -2399.170657  21084.024375   -413.581559  3  3  5  70       
PG25  19131.254618 -17517.177484  -5313.331314    485.212258  7  5  6  48       
PG26 -10411.121704 -12055.634065 -21402.671671    200.427151  5  5  3  60       
PG28  -5944.192361 -25357.445980  -5240.206995    -98.422991  6  7  5  54       
PG29  11563.785844 -10227.437196 -21671.121304   -608.701352  5  5  6  75       
PG30   1033.649832  26386.850813   -459.900300   -445.583090  4  4  5  60       
PG31 -10433.317871 -20098.773142 -13750.185382   -227.289690  6  4  3  75       
PG32  -8851.373330 -18082.423219  17623.170267   -604.962261  5  6  6  85       
*  2024  1 14 11 15  0.00000000
PG01 -12847.957148   9247.940624  20911.439233    166.079007  7  6  5  88       
PG02 -15281.481270   1577.044243  22181.082570   -501.047478  5  6  3  69       
PG03 -22933.373088  10572.301818   7901.507814    125.333555  7  6  5  58       
PG04 -21871.778565   1332.238929 -15091.676431    265.773856  4  6  6  44       
PG05  20191.093673  -1186.420545 -17440.307340   -157.919657  7  3  4  99       
PG06   6312.398134  25156.896012  -5382.612536    445.077785  5  5  4  67       
PG07  -6429.771850  21948.304539 -12607.001806    -37.027308  5  4  5  66       
PG08 -25370.016271  -4320.930520   7314.792480   -162.037745  6  7  6  72       
PG09 -11797.313314  11248.257306 -21066.339570     58.490307  7  5  4  70       
PG10   3213.213874 -18317.447845  19033.358002    -69.288310  3  4  6  84       
PG11  11850.427944  18311.285882 -15164.485897   -539.426144  6  4  5  85       
PG12  23655.362974  -9040.844644   7602.603822   -467.760069  6  5  3  58       
PG13  22807.709161  13843.384654   -121.372118    615.735153  6  5  5  50       
PG14  -7216.830297  19575.108724  16352.909835    298.353022  5  4  5  66       
PG15  25675.942495   1704.602503   6510.057344    117.120592  5  5  5  23       
PG16 -16511.516187  -6337.800781 -20279.475324   -384.368965  7  8  3  83       
PG17   1962.452796  16877.577479  20806.819573    719.899927  5  1  5  46       
PG18   5847.742301 -22841.307255 -12028.379128   -531.790892  6     4  42       
PG19  11803.116987  18417.952355  15121.141353    426.390915  9  7  6  59       
PG20  11315.778139  10420.314755 -21592.584284    391.589452  6  5  2  86       
PG21 -16140.481086  -4351.700146  21322.432880    138.437916  7  5  3  79       
PG22   -305.439251  17193.067022  20749.586086     48.455437  5  3  3  72       
PG23  14538.411414 -19914.563437   9641.386756    135.151837  5  2  5  66       
PG24  15866.469434     58.403814  20928.257439   -413.587965  2  3  5  85       
PG25  19641.245013 -17520.375609  -2508.128190    485.213471  6  4  5  54       
PG26  -8520.754403 -13574.328288 -21295.567535    200.423975  5  5  2  71       
PG28  -5748.878927 -25820.879721  -2428.813895    -98.433215  6  7  5  61       
PG29  13656.950692  -9000.032267 -20994.192628   -608.700608  5  5  6  63       
PG30    666.724444  26188.210799  -3268.205712   -445.578924  4  4  5  75       
PG31 -10283.602147 -21537.606581 -11418.976075   -227.290127  6  3  3  65       
PG32  -6922.744891 -17342.272257  19160.871296   -604.964863  5  6  6  84       
*  2024  1 14 11 30  0.00000000
PG01 -13239.984963   6771.755316  21621.949826    166.080028  8  5  6  81       
PG02 -15832.282411   -766.598603  21847.835277   -501.042392  6  5  3  76       
PG03 -22211.444366   9755.532936  10538.726890    125.356970  6  6  5  80       
PG04 -23270.368556    538.141588 -12903.267798    265.782646  5  6  6  39       
PG05  18735.709513    261.927939 -19037.447628   -157.921084  7  3  4  93       
PG06   6200.607910  25637.383403  -2511.172588    445.065811  5  5  4  74       
PG07  -6941.418366  20346.579062 -14796.655239    -37.035622  5  4  4  70       
PG08 -25939.579915  -4764.806076   4602.464776   -162.038585  6  6  5  78       
PG09 -13972.900665  10379.728441 -20163.740075     58.501304  7  6  3  92       
PG10   4888.693284 -19509.591351  17375.294445    -69.289526  3  3  6  80       
PG11  11839.911274  19932.910588 -12977.913206   -539.438601  5  4  4  82       
PG12  22923.447466  -8241.948376  10214.241989   -467.763405  6  5  3  49       
PG13  22571.824019  13949.888891  -2977.707252    615.738639  6  5  6  74       
PG14  -8752.352983  20470.813460  14368.153090    298.362202  5  4  5  76       
PG15  26235.852180   2148.904225   3802.332042    117.124019  4  5  4  50       
PG16 -14635.503354  -7663.582964 -21215.103334   -384.361603  7  8  3  69       
PG17   -190.330562  15959.474776  21636.681945    719.899420  5  1  5  40       
PG18   6236.349875 -21365.367322 -14338.199258   -531.799204  6     4  54       
PG19  10087.502543  17692.258094  17049.070473    426.395940  7  6  6  69       
PG20   9676.090679  12276.061451 -21429.364710    391.587807  6  5  1  92       
PG21 -16654.150631  -6558.747042  20403.419376    138.436860  7  5  3  74       
PG22  -2194.552292  18353.815323  19610.841641     48.449678  5  3  3  67       
PG23  15395.175237 -20374.419581   6957.417879    135.158540  5  3  5  73       
PG24  16418.517993   2449.516131  20400.044287   -413.594394  3  4  5  87       
PG25  19903.984661 -17343.668774    340.802229    485.214684  6  5  5  70       
PG26  -6725.967522 -15162.168863 -20825.827705    200.420831  5  5  2  39       
PG28  -5520.098126 -25978.514510    424.362906    -98.443508  6  7  5  32       
PG29  15725.941719  -7930.764570 -19958.170482   -608.700291  5  5  6  68       
PG30    245.473105  25694.484140  -6019.222938   -445.574768  4  4  5  59       
PG31 -10170.562737 -22710.903592  -8888.982773   -227.290163  6  3  3  22       
PG32  -4813.056463 -16649.815356  20375.977691   -604.967536  4  6  6  87       
*  2024  1 14 11 45  0.00000000
PG01 -13780.016652   4264.998007  21946.786978    166.081037  8  5  7  79       
PG02 -16493.525156  -3021.305496  21156.372725   -501.037302  6  5  3  79       
PG03 -21320.281872   8704.503799  12992.283153    125.380396  6  6  5  64       
PG04 -24464.150766    -92.484776 -10494.122015    265.791399  6  6  6  48       
PG05  17246.469979   1900.504353 -20312.527690   -157.922274  7  4  4  95       
PG06   6050.152685  25800.379342    403.808903    445.053929  4  4  4  65       
PG07  -7580.960996  18538.566097 -16717.930936    -37.043887  5  4  4  53       
PG08 -26234.933231  -5092.169011   1812.771110   -162.040209  6  6  5           
PG09 -16074.362137   9659.679602 -18917.179416     58.512309  7  6  4  76       
PG10   6347.404842 -20656.205966  15418.868043    -69.291427  3  2  5  69       
PG11  11872.678774  21295.722858 -10568.219965   -539.451198  5  4  4  77       
PG12  22007.886286  -7225.873952  12647.154432   -467.766812  6  5  3  27       
PG13  22055.822284  13929.220946  -5783.616090    615.741960  6  4  6  93       
PG14 -10061.170968  21286.283293  12134.371376    298.371421  4  4  4  42       
PG15  26511.363848   2510.704643   1029.382239    117.127535  4  5  4  49       
PG16 -12763.705411  -9141.382883 -21798.863484   -384.354819  7  8  3  43       
PG17  -2455.300633  15135.299373  22107.608148    719.898523  4  1  5  43       
PG18   6751.791900 -19669.083431 -16398.903076   -531.807521  6     4  74       
PG19   8146.886416  16978.148645  18683.588761    426.400727  6  4  6   1       
PG20   8157.743815  14179.848716 -20895.927471    391.586209  6  5     91       
PG21 -17250.774899  -8615.180126  19155.334675    138.435481  7  5  3  77       
PG22  -3903.493802  19527.257703  18149.008522     48.443967  5  3  3  68       
PG23  16000.873688 -20663.258031   4152.450530    135.165234  6  3  5  52       
PG24  17056.913206   4729.514705  19510.333743   -413.600850  3  4  4  55       
PG25  19940.188179 -16956.978673   3183.727071    485.215918  6  5  5  65       
PG26  -5056.022934 -16783.593093 -20000.311110    200.417658  6  5  2  63       
PG28  -5220.889995 -25835.014798   3270.236034    -98.453716  6  7  5  52       
PG29  17723.091189  -7027.106599 -18580.954566   -608.699322  6  5  7  63       
PG30   -262.308331  24921.039736  -8664.638528   -445.570608  4  4  6  68       
PG31 -10058.822878 -23599.246890  -6203.660438   -227.290524  6  3  3  73       
PG32  -2557.002129 -16035.123949  21247.858095   -604.970126  3  6  6  74       
*  2024  1 14 12  0  0.00000000
PG01 -14461.832360   1780.871906  21881.072618    166.082024  9  4  7  78       
PG02 -17242.951453  -5146.720023  20118.155284   -501.032305  7  4  4  45       
PG03 -20302.421668   7413.436463  15219.206731    125.403852  6  6  6  75       
PG04 -25417.997891   -580.782626  -7905.572164    265.800124  7  7  6  93       
PG05  15766.037369   3710.257851 -21244.081113   -157.923746  7  4  4  87       
PG06   5821.739855  25651.797274   3311.801410    445.041985  4  4  4  34       
PG07  -8363.727199  16566.800574 -18335.689210    -37.052387  6  5  4  72       
PG08 -26239.914976  -5336.153628  -1007.351902   -162.041112  6  6  4  65       
PG09 -18055.554552   9084.528487 -17347.909919     58.523293  7  7  5  33       
PG10   7579.101661 -21712.035198  13196.703816    -69.292577  3  2  5  69       
PG11  11913.011823  22378.945419  -7976.913925   -539.463827  4  3  4  76       
PG12  20948.871734  -5984.218850  14858.201250   -467.770125  6  4  4           
PG13  21252.793025  13819.403680  -8491.762603    615.745640  5  4  6 108       
PG14 -11139.251648  21980.381997   9690.037125    298.380651  4  3  5  49       
PG15  26492.992151   2823.611585  -1761.156133    117.130622  5  5  5  27       
PG16 -10937.115415 -10749.346019 -22020.075634   -384.347554  7  8  3  64       
PG17  -4790.823105  14427.710418  22212.519103    719.897636  4  1  5  32       
PG18   7413.734750 -17792.956298 -18174.959279   -531.815807  6  1  5  57       
PG19   6009.723404  16311.490724  19995.395632    426.405300  5  4  5           
PG20   6784.242745  16089.807884 -20002.025841    391.584563  6  5     86       
PG21 -17902.482887 -10488.134584  17599.586764    138.434510  7  4  4  82       
PG22  -5412.305867  20673.862388  16387.962861     48.438325  4  3  3  44       
PG23  16372.227573 -20745.155539   1275.220754    135.171969  6  3  4  78       
PG24  17757.287988   6858.412718  18276.536407   -413.607304  3  3  4  29       
PG25  19777.205151 -16336.294162   5970.621025    485.217103  6  4  4  58       
PG26  -3533.818549 -18398.960989 -18831.974426    200.414510  6  5  2  67       
PG28  -4816.387288 -25403.660564   6059.816350    -98.463925  6  7  6  65       
PG29  19601.221638  -6288.143284 -16886.218448   -608.699142  7  5  7  74       
PG30   -885.125292  23891.116454 -11157.953702   -445.566465  4  4  6  58       
PG31  -9911.054374 -24191.724079  -3409.553317   -227.290644  6  3  3  76       
PG32   -194.695540 -15522.287544  21761.514090   -604.972739  3  6  5  70       
*  2024  1 14 12 15  0.00000000
PG01 -15270.626668   -629.297257  21427.114459    166.083006  9  3  7  79       
PG02 -18052.030451  -7107.346659  18750.052468   -501.027067  7  4  4  70       
PG03 -19202.354804   5885.501695  17180.466963    125.427211  5  5  6  81       
PG04 -26103.009316   -953.937981  -5181.945898    265.808884  8  7  7  78       
PG05  14333.867029   5664.577556 -21816.356643   -157.925263  8  4  3  94       
PG06   5478.476527  25206.673476   6162.487119    445.030073  3  3  4  22       
PG07  -9297.315044  14477.952115 -19620.555257    -37.060759  5  5  3  55       
PG08 -25946.343058  -5532.513270  -3810.593929   -162.042689  6  6  3  57       
PG09 -19872.804161   8642.915585 -15482.646096     58.534416  7  7  5  54       
PG10   8582.240210 -22632.086568  10746.271727    -69.294535  4  1  4  72       
PG11  11922.915447  23170.263864  -5248.583263   -539.476423  3  3  4  57       
PG12  19789.248943  -4517.166686  16808.007590   -467.773593  6  4  4  20       
PG13  20164.384685  13659.856409 -11056.613138    615.748926  4  4  6 104       
PG14 -11990.858714  22513.599602   7077.394232    298.389892  4  3  4  51       
PG15  26179.436579   3122.623151  -4521.904349    117.134117  6  5  5  83       
PG16  -9192.897666 -12458.626284 -21873.836961   -384.340705  7  7  4  40       
PG17  -7152.001589  13852.041210  21950.174633    719.897003  4  1  6  65       
PG18   8234.352464 -15781.916867 -19635.886691   -531.824046  6  1  5  50       
PG19   3711.685165  15723.417531  20960.592221    426.410119  5  4  5           
PG20   5571.471485  17961.508783 -18763.605792    391.582845  6  5  1  75       
PG21 -18576.596970 -12150.955923  15762.016399    138.433349  7  4  4  77       
PG22  -6708.704077  21752.035318  14356.359038     48.432341  4  3  4  56       
PG23  16533.441410 -20589.662544  -1624.209646    135.178677  7  4  4  62       
PG24  18489.819253   8802.221548  16722.074987   -413.613799  4  3  3  35       
PG25  19447.852046 -15464.845643   8652.101938    485.218276  6  5  4  35       
PG26  -2175.143116 -19965.952408 -17339.734898    200.411358  6  5  3  36       
PG28  -4275.364687 -24705.804866   8745.057670    -98.474227  6  7  6  55       
PG29  21315.324246  -5704.766849 -14903.004886   -608.698536  8  6  7  66       
PG30  -1646.436145  22634.939235 -13455.353599   -445.562283  4  4  6  71       
PG31  -9689.628297 -24486.315153   -555.473680   -227.290871  6  2  3  65       
PG32   2229.633842 -15128.494660  21907.836666   -604.975349  3  5  5  82       
*  2024  1 14 12 30  0.00000000
PG01 -16183.602374  -2917.911265  20594.279488    166.083983  8  2  7  75       
PG02 -18886.986872  -8873.658085  17074.116788   -501.022354  7  4  4  63       
PG03 -18064.754271   4132.911565  18841.693572    125.450579  4  5  5  72       
PG04 -26497.577769  -1243.936921  -2369.817456    265.817609  8  7  7  86       
PG05  12984.791162   7730.116202 -22019.570051   -157.926189  8  4  3  83       
PG06   4987.499369  24488.524792   8906.646181    445.018153  3  1  4  43       
PG07 -10381.102994  12321.027123 -20549.536175    -37.069103  5  5  3  68       
PG08 -25354.337079  -5718.093095  -6550.004359   -162.043919  6  6  3  50       
PG09 -21486.436980   8316.278366 -13353.125217     58.545403  7  7  6  32       
PG10   9363.902447 -23373.402197   8109.297903    -69.295860  5  2  4  62       
PG11  11863.741837  23666.168372  -2430.129283   -539.489052  3  3  4  78       
PG12  18572.813554  -2833.730580  18461.734150   -467.777098  6  4  4  74       
PG13  18800.837291  13489.759354 -13435.148581    615.752217  4  3  6 102       
PG14 -12628.201427  22849.656997   4341.718917    298.399124  3  3  4  17       
PG15  25577.553161   3442.591217  -7206.505899    117.137642  6  6  5  94       
PG16  -7563.116872 -14234.273010 -21361.174811   -384.333438  8  7  4  58       
PG17  -9492.149121  13415.806183  21325.159456    719.896004  3  2  6  42       
PG18   9217.703933 -13683.684389 -20756.771899   -531.832317  7  1  5  76       
PG19   1294.522903  15239.053329  21561.182286    426.414901  5  5  6  56       
PG20   4527.262788  19749.559499 -17202.493561    391.581001  6  4  2  69       
PG21 -19236.842708 -13583.928544  13672.517552    138.432059  7  5  3  49       
PG22  -7788.363196  22719.626221  12087.243389     48.426330  4  3  4  46       
PG23  16515.091125 -20173.122484  -4495.353597    135.185432  8  4  4  78       
PG24  19220.478226  10534.019772  14875.827527   -413.620104  4  3  2  60       
PG25  18989.017219 -14334.006615  11180.379314    485.219499  6  5  4  39       
PG26   -988.202827 -21441.095605 -15548.227652    200.408207  6  5  3  62       
PG28  -3571.650287 -23770.031480  11279.686882    -98.484466  6  6  6  77       
PG29  22824.163393  -5260.190695 -12665.235100   -608.698087  9  6  7  81       
PG30  -2563.508398  21188.564983 -15516.525378   -445.558101  4  4  6  75       
PG31  -9358.304094 -24489.935596   2308.387295   -227.291299  6  2  3  73       
PG32   4669.100970 -14863.378221  21683.779728   -604.977955  3  3  3  73       
*  2024  1 14 12 45  0.00000000
PG01 -17170.900378  -5042.773098  19398.719918    166.084873  8  2  7  67       
PG02 -19710.025838 -10422.999104  15117.299562   -501.017264  6  5  4  79       
PG03 -16932.704779   2176.652133  20173.811216    125.473932  4  5  5  78       
PG04 -26588.189932  -1486.140121    482.774034    265.826334  9  7  7  91       
PG05  11747.785551   9867.869504 -21850.067765   -157.927358  8  4  3  86       
PG06   4321.443339  23528.390057  11497.015096    445.006268  2     4  49       
PG07 -11606.127233  10145.482981 -21106.478674    -37.077346  5  5  2  75       
PG08 -24472.349882  -5929.270523  -9179.715267   -162.044293  6  6  2  52       
PG09 -22862.168713   8079.707959 -10995.586124     58.556443  6  7  6  35       
PG10   9939.378600 -23896.784775   5331.080228    -69.298022  5  1  4  43       
PG11  11697.844623  23871.966690    430.037902   -539.501671  3  2  4  85       
PG12  17342.572562   -951.639239  19789.767219   -467.780471  6  3  4  54       
PG13  17180.706613  13346.444389 -15587.530176    615.756099  4  3  6 107       
PG14 -13070.772493  22957.000957   1530.518560    298.408292  3  3  4  62       
PG15  24702.037982   3816.721616  -9770.341272    117.141190  7  5  5  70       
PG16  -6073.645973 -16036.358512 -20489.124296   -384.326570  8  6  4  57       
PG17 -11764.321400  13118.496124  20347.800779    719.895157  1  2  6  56       
PG18  10359.439184 -11547.032311 -21518.681029   -531.840555  7  1  5  83       
PG19  -1195.322063  14876.473720  21785.477129    426.419690  5  6  7  57       
PG20   3651.288859  21409.246109 -15345.985634    391.579174  5  4  3  74       
PG21 -19844.676438 -14774.775397  11364.634888    138.431334  6  5  3  74       
PG22  -8654.923300  23535.475259   9617.609696     48.420505  4  3  4  33       
PG23  16352.765335 -19479.733478  -7288.209699    135.192142  8  4  4  51       
PG24  19912.440629  12034.722159  12771.484113   -413.626516  5  3  2  65       
PG25  18440.094561 -12943.877750  13510.192430    485.220712  6  5  4  59       
PG26     26.557476 -22781.371022 -13487.455830    200.405027  6  5  3  69       
PG28  -2685.343557 -22631.044970  13620.004851    -98.494645  6  6  6  86       
PG29  24091.747694  -4930.761878 -10211.139710   -608.697455 10  6  6  78       
PG30  -3646.528274  19592.505882 -17305.406438   -445.553927  4  5  6  60       
PG31  -8883.885611 -24218.127234   5131.397997   -227.291797  5  2  3  82       
PG32   7075.731385 -14728.650712  21092.446747   -604.980611  4  3  3  82       
*  2024  1 14 13  0  0.00000000
PG01 -18196.819925  -6968.517377  17862.965022    166.085684  7     6  70       
PG02 -20480.716129 -11740.257107  12911.107999   -501.011964  6  5  5  78       
PG03 -15846.007699     45.865424  21153.573482    125.497254  4  4  5  80       
PG04 -26369.931552  -1717.730205   3327.127806    265.835037  9  7  7  83       
PG05  10644.963760  12034.473288 -21310.399801   -157.928322  8  4  3  87       
PG06   3459.691705  22363.594933  13889.102613    444.994359  1     4           
PG07 -12955.330994   7999.342090 -21282.355169    -37.086061  5  6  1  80       
PG08 -23316.907970  -6200.418565 -11655.646775   -162.045883  6  6  3  34       
PG09 -23972.302388   7903.056158  -8450.173491     58.567416  6  7  6  30       
PG10  10331.421289 -24168.408485   2459.717223    -69.299038  6  1  4  73       
PG11  11390.199693  23801.469000   3282.826957   -539.514256  4  2  4  60       
PG12  16139.041302   1103.134113  20768.309806   -467.784078  6  3  4  68       
PG13  15330.292165  13263.869829 -17477.712344    615.759304  5  3  6  90       
PG14 -13344.400421  22810.128629  -1307.316163    298.417495  3  2  5  24       
PG15  23574.842331   4275.164237 -12171.186438    117.144710  7  6  5  80       
PG16  -4743.294310 -17821.312738 -19270.723777   -384.319675  8  6  5           
PG17 -13922.861692  12951.667061  19034.018995    719.894287  2  3  6  27       
PG18  11646.844755  -9420.030504 -21908.959953   -531.848814  7     5  90       
PG19  -3708.309708  14645.948262  21628.391064    426.424448  6  7  8  51       
PG20   2935.273602  22898.149411 -13226.350422    391.577631  5  4  4  64       
PG21 -20360.691117 -15718.916925   8875.138495    138.430155  5  5  3  82       
PG22  -9319.713398  24160.949330   6987.896581     48.414427  4  2  4  40       
PG23  16085.515571 -18502.308515  -9954.164842    135.198811  9  4  4  74       
PG24  20527.594594  13293.527571  10446.838152   -413.632974  5  3  1  73       
PG25  17841.310808 -11303.522054  15599.713547    485.221936  5  5  4  66       
PG26    876.326515 -23945.829281 -11192.334125    200.401796  6  4  3  63       
PG28  -1603.791440 -21328.336018  15725.643957    -98.504845  6  6  7  90       
PG29  25088.612713  -4687.040753  -7582.620039   -608.697056 10  6  6  21       
PG30  -4898.001380  17890.187396 -18790.845970   -445.549768  4  5  6  57       
PG31  -8237.772075 -23694.404663   7863.452808   -227.291809  5  2  3  72       
PG32   9402.078525 -14718.044777  20143.087018   -604.983181  4  3  2  77       
*  2024  1 14 13 15  0.00000000
PG01 -19221.271853  -8667.743807  16015.395565    166.086572  6     6  56       
PG02 -21157.488762 -12818.275161  10491.202325   -501.006675  5  5  5  78       
PG03 -14839.630492  -2223.095312  21763.984855    125.520577  4  4  4  82       
PG04 -25846.678583  -1976.091255   6114.693884    265.843851  9  7  8 100       
PG05   9690.835611  14183.672808 -20409.300196   -157.929828  8  3  2  77       
PG06   2389.359011  21036.290431  16041.948943    444.982473     2  3  42       
PG07 -14404.171178   5927.392326 -21075.373347    -37.094351  4  5     74       
PG08 -21912.070069  -6562.446236 -13936.187923   -162.046138  5  6  3           
PG09 -24796.688583   7752.251206  -5760.275844     58.578432  5  7  6  42       
PG10  10569.195812 -24161.246834   -454.737564    -69.300431  6  2  4  63       
PG11  10909.929764  23476.357823   6079.302212   -539.526930  4  3  4  62       
PG12  14998.648964   3297.183875  21379.857771   -467.787360  6  3  4  66       
PG13  13282.790731  13271.233414 -19073.996649    615.762824  5  3  6  76       
PG14 -13480.054285  22390.687023  -4122.389048    298.426704  4  2  5  46       
PG15  22224.347220   4843.740556 -14369.811307    117.148184  7  6  5  79       
PG16  -3583.192037 -19543.423228 -17724.921240   -384.312614  8  5  5  65       
PG17 -15924.907080  12899.319671  17405.112224    719.893166  3  3  6  45       
PG18  13059.224460  -7348.332388 -21921.419716   -531.857081  8     5  94       
PG19  -6193.534537  14549.501592  21091.615657    426.429108  7  8  9  20       
PG20   2363.514815  24177.677412 -10880.251987    391.575988  5  4  4  63       
PG21 -20746.059699 -16419.482901   6243.574600    138.429282  5  5  4  83       
PG22  -9801.198006  24561.416163   4241.427270     48.409135  4  2  4  72       
PG23  15754.178772 -17242.702802 -12446.869868    135.205583  9  4  4  89       
PG24  21028.083079  14308.039089   7943.032775   -413.639445  5  3     43       
PG25  17232.018035  -9430.835127  17411.391463    485.223159  5  4  5  63       
PG26   1575.492203 -24897.159606  -8702.129004    200.398630  6  4  3  63       
PG28   -322.283561 -19904.673574  17560.268831    -98.515106  5  5  7  80       
PG29  25792.867462  -4495.106480  -4824.549437   -608.696723 10  6  5  67       
PG30  -6312.469454  16126.305198 -19947.165643   -445.545534  4  5  5  68       
PG31  -7397.335075 -22949.280893  10455.942927   -227.292157  5  2  4  83       
PG32  11602.834718 -14817.564524  18850.998476   -604.985758  4  4  2  70       
*  2024  1 14 13 30  0.00000000
PG01 -20201.399331 -10121.814814  13889.619844    166.087466  5     5  64       
PG02 -21699.203363 -13657.990577   7896.931617   -501.001491  5  5  5  76       
PG03 -13942.363727  -4587.899255  21994.601948    125.543870  4  4  4  94       
PG04 -25030.967456  -2297.182155   8797.882340    265.852644  8  7  7  90       
PG05   8891.857827  16267.912269 -19161.573693   -157.931409  8  3  3  86       
PG06   1105.969727  19591.823657  17918.815729    444.970604     2  3  67       
PG07 -15921.549733   3969.554238 -20490.911772    -37.102929  4  5  1  58       
PG08 -20288.622176  -7041.467726 -15982.846223   -162.048637  5  6  4  55       
PG09 -25323.411640   7590.772853  -2971.806749     58.589407  5  6  6  46       
PG10  10686.965072 -23856.254949  -3361.180230    -69.302145  6  2  4  60       
PG11  10231.673789  22925.268022   8771.515866   -539.539554  3  3  4  47       
PG12  13952.320883   5590.793680  21613.547898   -467.790735  6  3  4  48       
PG13  11077.206011  13391.772480 -20349.521659    615.766196  6  3  5  91       
PG14 -13512.449274  21688.302074  -6865.688257    298.435898  3  3  5  71       
PG15  20684.331541   5542.849388 -16330.516322    117.151570  7  6  5  82       
PG16  -2596.459464 -21156.451015 -15876.384869   -384.305384  8  4  5  72       
PG17 -17731.806713  12938.557577  15487.474860    719.893020  5  4  6  45       
PG18  14568.598646  -5373.572819 -21556.406359   -531.865389  8     5  81       
PG19  -8600.532613  14580.816621  20183.663406    426.434075  7  9 10  49       
PG20   1913.693144  25214.456226  -8348.107024    391.574256  5  3  4  67       
PG21 -20963.974572 -16887.076235   3511.789960    138.428149  4  5  4  80       
PG22 -10124.160901  24707.604580   1423.792845     48.402579  5  1  5  63       
PG23  15399.640643 -15711.890773 -14723.070345    135.212293  9  5  5  81       
PG24  21377.819298  15084.063187   5303.781556   -413.645948  6  3  1  36       
PG25  16649.025910  -7352.051282  18912.711637    485.224363  5  4  5  48       
PG26   2144.913262 -25603.144805  -6059.801921    200.395445  6  4  3  80       
PG28   1155.561592 -18404.482209  19092.207860    -98.525384  5  5  7  50       
PG29  26190.965438  -4318.038690  -1984.025137   -608.696180 10  6  5  61       
PG30  -7876.554312  14345.149136 -20754.608164   -445.541333  4  5  5  69       
PG31  -6347.059356 -22019.011104  12862.706819   -227.292386  5  3  4  89       
PG32  13636.377468 -15006.041975  17237.334741   -604.988338  4  5  2  65       
*  2024  1 14 13 45  0.00000000
PG01 -21093.295879 -11321.294521  11523.771499    166.088360  5  1  5  83       
PG02 -22066.731224 -14268.289514   5170.807235   -500.996508  5  5  5  70       
PG03 -13175.739878  -7001.710730  21841.708329    125.567189  4  3  4  89       
PG04 -23943.549358  -2713.965630  11330.857060    265.861404  8  6  7  77       
PG05   8246.294659  18239.987893 -17587.888265   -157.932461  8  3  4  91       
PG06   -386.192385  18077.005092  19487.796019    444.958784     3  2  45       
PG07 -17471.021964   2159.484656 -19541.290904    -37.110951  4  5  2  89       
PG08 -18483.036092  -7657.648021 -17760.859002   -162.051035  5  6  3  94       
PG09 -25549.175082   7381.230851   -132.439683     58.600453  5  6  6  59       
PG10  10722.560249 -23243.252683  -6208.401841    -69.303730  6  3  5  73       
PG11   9336.748331  22182.612926  11313.321749   -539.552189  3  4  3  28       
PG12  13024.298318   7939.321693  21465.368535   -467.793844  6  3  4  68       
PG13   8757.052906  13641.793784 -21282.683922    615.769574  6  3  5 100       
PG14 -13478.509833  20701.102911  -9489.470082    298.445078  3  2  4  66       
PG15  18992.773061   6386.584301 -18021.606770    117.155342  7  6  5  97       
PG16  -1778.181110 -22615.306480 -13755.212036   -384.298536  8  3  6  46       
PG17 -19310.404720  13040.504557  13312.249836    719.891737  6  4  6  55       
PG18  16140.692730  -3531.937273 -20820.756527   -531.873675  8     5 101       
PG19 -10881.089266  14725.489059  18919.774592    426.438672  8  9 10  35       
PG20   1557.934133  25981.528072  -5673.386855    391.572366  5  2  5  61       
PG21 -20981.041225 -17139.293417    723.426878    138.427078  3  4  5  81       
PG22 -10318.649242  24576.801014  -1417.818685     48.396934  5  2  4  60       
PG23  15061.110662 -13929.689875 -16743.375789    135.219021  9  5  5  31       
PG24  21543.917909  15635.106839   2574.580751   -413.652408  6  4  2  52       
PG25  16125.047435  -5100.903495  20076.851229    485.225592  5  4  5  67       
PG26   2610.922107 -26037.941609  -3311.265022    200.392275  6  3  3  77       
PG28   2817.735658 -16872.167512  20295.004230    -98.535622  4  4  7  72       
PG29  26278.170995  -4117.518989    890.418061   -608.695544  9  6  5  77       
PG30  -9569.325927  12588.963091 -21199.665781   -445.537141  4  5  5  77       
PG31  -5079.395216 -20944.107027  15040.935358   -227.292734  5  3  4  96       
PG32  15466.193695 -15255.981952  15328.815034   -604.990927  4  5  3  74       
*  2024  1 14 14  0  0.00000000
PG01 -21853.749295 -12266.022118   8959.749450    166.089235  4  3  4  70       
PG02 -22224.501432 -14665.576534   2357.913505   -500.991439  5  4  6  65       
PG03 -12553.256775  -9414.841264  21308.360382    125.590435  5  3  4  85       
PG04 -22612.645042  -3254.952767  13670.301963    265.870205  7  6  7  97       
PG05   7744.395567  20054.704867 -15714.473878   -157.934006  7  3  4  79       
PG06  -2074.076108  16538.339880  20722.335431    444.946947     3  2  63       
PG07 -19012.222040    523.472265 -18245.394743    -37.119618  4  4  3  51       
PG08 -16536.226292  -8424.267269 -19239.759410   -162.052834  5  6  3  94       
PG09 -25479.370476   7086.986757   2709.191895     58.611489  5  6  6  59       
PG10  10715.699031 -22321.466602  -8946.053549    -69.305112  6  3  5  75       
PG11   8214.056068  21287.202057  13661.157326   -539.564797  3  5  3  48       
PG12  12231.245824  10294.791824  20938.227489   -467.797532  6  3  4  50       
PG13   6368.901626  14029.967714 -21857.485568    615.773369  5  3  5  91       
PG14 -13415.753234  19435.919569 -11948.118404    298.454304  3  3  4  80       
PG15  17190.525093   7382.088405 -19415.805286    117.158671  7  6  4  96       
PG16  -1115.693911 -23877.724017 -11396.532441   -384.291601  8  2  6  47       
PG17 -20634.143679  13171.452534  10914.914080    719.890649  7  4  5  56       
PG18  17736.174974  -1852.955412 -19727.642257   -531.881995  8     5  83       
PG19 -12990.972510  14961.627259  17321.684660    426.443468  8 10 10   8       
PG20   1264.080665  26459.312820  -2901.876519    391.570644  5  2  5  36       
PG21 -20768.584320 -17200.012000  -2076.614348    138.426359  3  4  5  39       
PG22 -10418.710165  24153.835614  -4235.343617     48.391141  4  2  4  64       
PG23  14774.478645 -11924.142820 -18472.952364    135.225766  9  5  5  47       
PG24  21497.990787  15981.601793   -198.072096   -413.658884  6  4  3  55       
PG25  15687.327198  -2717.471704  20883.210631    485.226825  5  4  5  74       
PG26   3004.096468 -26183.130751   -504.562143    200.389114  5  2  3  67       
PG28   4644.108033 -15350.454408  21147.876747    -98.545804  4  4  7  76       
PG29  26058.703038  -3855.491302   3749.620275   -608.695207  9  6  5  75       
PG30 -11362.977818  10896.407085 -21275.284153   -445.532905  4  5  4  57       
PG31  -3595.283297 -19767.685625  16952.007779   -227.292879  5  3  4  86       
PG32  17062.127559 -15534.667765  13157.336950   -604.993415  4  6  3  79       
*  2024  1 14 14 15  0.00000000
PG01 -22441.942136 -12964.827820   6242.419626    166.090079  4  3  4  45       
PG02 -22141.955136 -14873.067099   -494.743445   -500.986627  4  4  6  51       
PG03 -12079.935499 -11776.514222  20404.304791    125.613732  5  3  4  79       
PG04 -21072.927676  -3942.918627  15776.147937    265.878982  7  5  7  84       
PG05   7368.885730  21670.477411 -13572.729048   -157.935291  7  3  5  75       
PG06  -3936.194513  15020.291068  21601.657575    444.935109  1  3  2  67       
PG07 -20502.438012   -920.335621 -16628.162758    -37.127980  4  4  3  35       
PG08 -14492.147069  -9347.039508 -20393.889653   -162.054618  5  6  4  93       
PG09 -25127.825744   6673.756720   5504.316808     58.622520  5  5  6  64       
PG10  10706.221380 -21099.703162 -11525.608807    -69.307239  6  4  5  58       
PG11   6860.706258  20280.703757  15774.781261   -539.577429  2  5  3  51       
PG12  11581.683327  12607.623777  20041.876165   -467.800774  5  3  4  26       
PG13   3960.812177  14556.912866 -22063.804289    615.776648  5  3  5  83       
PG14 -13360.659630  17908.145948 -14198.962283    298.463591  3  3  4  66       
PG15  15319.913948   8529.164364 -20490.603477    117.162038  8  6  4  89       
PG16   -589.187375 -24905.871086  -8840.003422   -384.284633  8  2  6  77       
PG17 -21683.949148  13294.204527   8334.796942    719.890165  7  4  5  41       
PG18  19312.094338   -358.562700 -18296.310109   -531.890213  8     5  86       
PG19 -14891.518854  15260.775744  15417.253579    426.448080  9 10 10  27       
PG20    997.125782  26636.298712    -80.903204    391.568817  5  1  5  49       
PG21 -20303.824956 -17098.461645  -4842.748508    138.424693  3  4  5  57       
PG22 -10460.960581  23431.816252  -6980.608131     48.385178  4  3  4  78       
PG23  14570.818893  -9730.583938 -19882.126198    135.232552  9  5  6  65       
PG24  21217.263701  16149.893527  -2967.440901   -413.665317  6  4  3  77       
PG25  15356.512759   -246.768813  21317.807185    485.228080  5  3  5  57       
PG26   3357.848200 -26028.489588   2311.009026    200.385944  5  2  3  64       
PG28   6607.012812 -13878.802759  21636.082242    -98.556023  3  4  7  91       
PG29  25545.549960  -3495.817656   6544.622641   -608.694762  8  5  5  70       
PG30 -13223.780146   9301.182712 -20980.940359   -445.528687  4  5  4  63       
PG31  -1904.327655 -18533.723739  18562.236630   -227.293260  5  4  4  92       
PG32  18401.402619 -15805.489546  10759.493668   -604.995998  5  6  3  74       
*  2024  1 14 14 30  0.00000000
PG01 -22821.044178 -13434.913279   3418.796751    166.090926  5  3  4  69       
PG02 -21794.853322 -14919.820682  -3338.945978   -500.981354  4  5  5  66       
PG03 -11752.228323 -14036.671057  19145.771248    125.636987  5  3  4  91       
PG04 -19364.271335  -4793.838330  17612.249193    265.887761  6  5  6  84       
PG05   7095.753722  23050.812244 -11198.738013   -157.936185  6  2  5  68       
PG06  -5943.282407  13563.640636  22111.088738    444.923204  2  4  3  77       
PG07 -21898.264781  -2162.353232 -14719.974716    -37.136323  4  3  4  46       
PG08 -12396.277829 -10423.713420 -21202.853664   -162.054662  4  6  4  92       
PG09 -24516.240967   6111.133067   8204.857522     58.633539  4  5  5  70       
PG10  10732.317776 -19596.141444 -13901.299121    -69.308128  6  4  5  84       
PG11   5282.322964  19206.011685  17617.954655   -539.590033  2  5  3  25       
PG12  11075.765139  14828.429037  18792.693227   -467.804222  4  2  4  44       
PG13   1580.713667  15215.087410 -21897.581579    615.780192  5  3  5  78       
PG14 -13347.095031  16141.273705 -16203.035280    298.472894  3  3  3  73       
PG15  13423.303443   9820.149622 -21228.553633    117.165852  8  6  3  86       
PG16   -172.600881 -25667.826307  -6129.198389   -384.277628  8  2  6  55       
PG17 -22448.861124  13369.569415   5614.531681    719.889112  7  4  4  30       
PG18  20823.462261    937.537042 -16551.721319   -531.898465  7     5  72       
PG19 -16551.003490  15589.125819  13239.962903    426.452822  9 10 10  20       
PG20    720.750516  26509.438197   2741.453802    391.567150  5  2  5  27       
PG21 -19570.889128 -16868.101497  -7529.316180    138.423660  3  4  5  51       
PG22 -10483.038858  22412.575610  -9606.129884     48.379466  3  3  3  59       
PG23  14475.101283  -7390.427936 -20946.886784    135.239358  8  5  6  54       
PG24  20685.478678  16171.038682  -5687.285339   -413.671786  6  4  4  83       
PG25  15145.818109   2262.873922  21373.521584    485.229312  5  3  5  29       
PG26   3706.886909 -25572.451116   5085.814991    200.382742  4  2  3  63       
PG28   8672.133261 -12491.961567  21751.173113    -98.566262  3  4  7  86       
PG29  24759.961929  -3005.865838   9227.494026   -608.694230  7  5  4  80       
PG30 -15113.269817   7830.874947 -20322.596990   -445.524465  4  5  3  56       
PG31    -24.609324 -17285.294632  19843.503035   -227.293478  4  4  4  85       
PG32  19469.376208 -16029.447570   8175.999208   -604.998592  5  6  3  75       
*  2024  1 14 14 45  0.00000000
PG01 -22959.639297 -13700.930170    537.222564    166.091764  5  3  3  42       
PG02 -21166.385447 -14839.542063  -6126.029377   -500.976322  3  5  5  44       
PG03 -11558.277607 -16147.747236  17555.146697    125.660289  5  3  3  94       
PG04 -17530.311450  -5816.085019  19146.998318    265.896579  5  4  5  93       
PG05   6895.309433  24165.618793  -8632.702859   -157.937757  6  2  5  72       
PG06  -8059.253191  12204.009641  22242.278559    444.911382  3  4  3  75       
PG07 -23157.263545  -3201.618739 -12555.952432    -37.145298  3  3  4  62       
PG08 -10294.049111 -11643.973794 -21651.901107   -162.055662  4  6  5  83       
PG09 -23673.331722   5373.964980  10764.256733     58.644554  3  5  5  73       
PG10  10828.826288 -17837.750873 -16030.999732    -69.309576  6  5  5  70       
PG11   3493.028629  18105.577669  19159.055056   -539.602660  3  5  3  68       
PG12  10705.412501  16909.797483  17213.335134   -467.808039  3  2  4  32       
PG13   -725.214800  15988.993491 -21360.925284    615.783613  4  2  5  74       
PG14 -13404.851088  14166.116292 -17925.761692    298.482096  3  4  3  76       
PG15  11541.672814  11240.059123 -21617.501174    117.169328  8  6  3  76       
PG16    165.209734 -26138.863060  -3310.892955   -384.270709  8  2  6           
PG17 -22926.385557  13357.958929   2799.441269    719.888089  7  4  3  43       
PG18  22224.917420   2030.187078 -14524.100940   -531.906770  7     5  75       
PG19 -17945.735552  15908.963079  10828.290589    426.457404 10 10  9  53       
PG20    398.908024  26084.235733   5517.159613    391.565172  4  2  5  54       
PG21 -18561.609489 -16545.333333 -10091.232683    138.422434  3  4  5  56       
PG22 -10521.993973  21106.805166 -12065.944605     48.373458  2  3  2  62       
PG23  14505.159585  -4949.730197 -21649.282528    135.246113  8  5  6  85       
PG24  19893.555720  16079.459096  -8312.559319   -413.678239  6  4  4  67       
PG25  15060.514104   4761.551508  21050.192553    485.230539  5  3  5           
PG26   4085.622707 -24822.226325   7770.823891    200.379563  4  2  4  75       
PG28  10799.650422 -11218.717677  21491.145429    -98.576496  3  4  7  75       
PG29  23730.638788  -2357.967545  11752.145089   -608.693870  7  5  4  59       
PG30 -16989.627834   6506.053514 -19312.537105   -445.520244  4  5  3  73       
PG31   2017.850674 -16062.862714  20773.767434   -227.293607  4  4  4  98       
PG32  20259.993014 -16166.774709   5451.027542   -605.001145  5  7  4  70       
*  2024  1 14 15  0  0.00000000
PG01 -22832.937943 -13793.800246  -2353.445340    166.092598  5  4  3  61       
PG02 -20248.030443 -14669.188387  -8807.692604   -500.971336  3  5  5  60       
PG03 -11478.512119 -18066.347961  15660.539991    125.683584  5  4  2  77       
PG04 -15616.870676  -7009.921547  20353.870022    265.905363  4  5  5  69       
PG05   6733.474658  24992.294784  -5918.296677   -157.938886  5  2  5  82       
PG06 -10242.417867  10970.592107  21993.315157    444.899525  3  4  3  47       
PG07 -24239.559845  -4045.510183 -10175.202474    -37.153537  3  3  4   5       
PG08  -8229.265112 -12989.652402 -21732.234371   -162.057729  4  6  5  73       
PG09 -22633.711386   4443.543383  13138.284947     58.655495  3  5  5  80       
PG10  11025.672456 -15859.356411 -17877.042726    -69.310834  6  4  5  94       
PG11   1515.102870  17019.774565  20371.613400   -539.615321  3  6  4  51       
PG12  10454.790403  18808.000707  15332.264515   -467.811438  2  2  5  26       
PG13  -2914.104207  16855.690347 -20462.122794    615.787050  4  2  4  93       
PG14 -13558.360358  12019.754960 -19337.556882    298.491346  3  4  2  93       
PG15   9713.253446  12766.990261 -21650.757892    117.172728  7  6  3  83       
PG16    459.077130 -26302.479949   -434.257420   -384.263465  8  3  6  58       
PG17 -23122.547273  13221.031907    -63.138844    719.887268  7  3  3  62       
PG18  23472.410112   2922.762436 -12248.405003   -531.915050  6  1  5  84       
PG19 -19060.831300  16180.290418   8224.977791    426.462268 11 10  8  78       
PG20     -2.605882  25374.525706   8199.014989    391.563347  4  3  5  28       
PG21 -17276.085742 -16168.086615 -12484.673847    138.421923  3  4  5  58       
PG22 -10612.673084  19533.860454 -14316.443905     48.367585  2  4  1  76       
PG23  14670.956308  -2457.576336 -21977.703009    135.252927  8  6  6  98       
PG24  18839.996557  15911.502963 -10800.068278   -413.684696  6  4  4  80       
PG25  15097.764981   7199.584052  20354.560623    485.231773  5  3  5  60       
PG26   4526.576181 -23793.581571  10318.540087    200.376337  4  3  4  68       
PG28  12945.612115 -10080.887255  20860.474908    -98.586677  4  4  7  70       
PG29  22492.643355  -1530.690178  14075.116324   -608.693237  6  5  4  53       
PG30 -18809.187479   5339.665377 -17969.087291   -445.516097  4  5  2  75       
PG31   4189.953986 -14902.709186  21337.445400   -227.293924  4  5  4  83       
PG32  20775.915694 -16178.615825   2631.473910   -605.003715  6  7  4  82       
*  2024  1 14 15 15  0.00000000
PG01 -22423.736254 -13749.327485  -5204.622205    166.093475  5  5  3  22       
PG02 -19040.127919 -14447.429067 -11336.844482   -500.966427  3  4  5  73       
PG03 -11486.553679 -19754.758744  13495.247825    125.706919  5  4     99       
PG04 -13670.308867  -8367.306989  21211.884334    265.914171  4  5  4  92       
PG05   6573.259131  25516.543192  -3101.945673   -157.940349  5  3  6  68       
PG06 -12446.919636   9885.148776  21368.734664    444.887649  3  4  3  62       
PG07 -25109.318773  -4709.140239  -7620.022635    -37.162025  3  3  5  69       
PG08  -6242.580067 -14435.246330 -21441.230171   -162.059747  5  6  6  35       
PG09 -21436.554209   3308.542140  15285.814651     58.666440  3  5  5  65       
PG10  11346.519792 -13702.389942 -19406.937059    -69.313131  6  5  5  89       
PG11   -621.671439  15985.351537  21234.765233   -539.627935  4  6  4  55       
PG12  10301.104504  20484.542865  13183.170458   -467.815080  2  2  5  47       
PG13  -4947.840383  17785.601081 -19215.561568    615.790559  4  2  3  94       
PG14 -13825.637966   9744.249564 -20414.331134    298.500627  3  4  2  79       
PG15   7972.268079  14372.777487 -21327.215243    117.176445  7  6  2  76       
PG16    745.951757 -26151.127594   2450.031329   -384.256683  8  3  6  52       
PG17 -23051.634987  12923.326560  -2924.596537    719.885958  7  3  3  27       
PG18  24524.842817   3626.827466  -9763.715528   -531.923327  6  3  5  61       
PG19 -19890.632046  16362.556567   5476.205303    426.466815 11 10  7  72       
PG20   -514.654827  24401.949797  10741.430961    391.561671  4  3  5  31       
PG21 -15722.973566 -15774.318282 -14667.794439    138.420400  4  4  5  70       
PG22 -10786.171820  17721.234031 -16317.207722     48.361510  2  4     65       
PG23  14974.170967     35.635180 -21927.045153    135.259653  7  6  6  79       
PG24  17531.022013  15703.964495 -13109.081686   -413.691199  6  4  5  61       
PG25  15246.813787   9529.292852  19300.066698    485.232980  5  3  5  37       
PG26   5058.864159 -22510.278007  12683.913073    200.373160  4  3  4  81       
PG28  15063.469976  -9092.588818  19870.040067    -98.596909  5  4  6  49       
PG29  21086.080472   -509.872059  16156.326840   -608.692761  6  5  4  73       
PG30 -20528.012847   4336.737614 -16316.238100   -445.511895  4  5  2  39       
PG31   6452.673935 -13835.554191  21525.642766   -227.293958  3  5  4 101       
PG32  21028.322644 -16028.697830   -233.850761   -605.006247  6  7  5  69       
*  2024  1 14 15 30  0.00000000
PG01 -21723.093305 -13606.657977  -7968.752768    166.094390  5  5  3  64       
PG02 -17552.126129 -14213.014226 -13668.471055   -500.961221  4  4  5  56       
PG03 -11550.394854 -21182.233447  11097.134560    125.730214  5  4     99       
PG04 -11735.858990  -9872.027411  21705.980988    265.922960  4  6  3  95       
PG05   6376.366603  25732.885864   -232.050160   -157.942075  5  3  5  57       
PG06 -14624.329854   8961.296761  20379.426557    444.875776  3  4  4  83       
PG07 -25736.044538  -5214.466705  -4935.092885    -37.170289  2  2  5  45       
PG08  -4370.085472 -15948.730638 -20782.567628   -162.059112  5  6  6  40       
PG09 -20124.089838   1965.676711  17169.546863     58.677376  3  5  5  55       
PG10  11807.689231 -11413.380802 -20593.977897    -69.314540  6  5  4  97       
PG11  -2880.950917  15034.040667  21733.608885   -539.640522  4  6  5  66       
PG12  10215.680461  21907.497818  10804.297100   -467.818538  2  2  5  49       
PG13  -6794.340013  18743.587464 -17641.554310    615.793905  4  3  1  91       
PG14 -14217.490908   7385.166148 -21137.888892    298.509898  3  5  3  82       
PG15   6347.813387  16023.876972 -20651.396073    117.179924  7  6  2  81       
PG16   1063.218680 -25686.592452   5290.741075   -384.249780  8  4  6  65       
PG17 -22735.639994  12433.819399  -5735.830437    719.885548  6  3  4  74       
PG18  25345.605748   4161.481971  -7112.573928   -531.931632  6  3  5  71       
PG19 -20438.750232  16416.415500   2630.700366    426.471622 11 10  7  48       
PG20  -1163.392664  23195.153872  13101.175928    391.559750  4  3  5  50       
PG21 -13919.478172 -15400.476465 -16601.471774    138.419675  4  3  5  20       
PG22 -11068.412435  15703.705992 -18031.812394     48.355711  3  3  1  70       
PG23  15408.125437   2479.950237 -21498.762892    135.266434  7  7  6  82       
PG24  15980.443009  15492.612775 -15201.898471   -413.697638  6  4  4  59       
PG25  15489.503508  11706.679520  17906.515497    485.234218  5  3  4  44       
PG26   5706.826976 -21003.195459  14825.198250    200.369945  4  4  5  82       
PG28  17105.725564  -8259.825585  18536.933825    -98.607181  5  3  6  67       
PG29  19554.591311    710.620492  17959.770937   -608.692371  6  5  3  82       
PG30 -22103.485715   3494.397095 -14383.172694   -445.507716  5  5  2  33       
PG31   8762.439506 -12885.430847  21336.248930   -227.294126  3  5  4  98       
PG32  21036.376315 -15684.922658  -3095.078808   -605.008809  6  8  5  45       
*  2024  1 14 15 45  0.00000000
PG01 -20730.708711 -13406.646010 -10600.028424    166.095320  5  6  4  77       
PG02 -15802.484359 -14003.114410 -15760.506598   -500.956081  5  2  5  32       
PG03 -11633.798222 -22326.012152   8507.939732    125.753531  5  5     87       
PG04  -9856.011759 -11500.148250  21827.297807    265.931728  4  6  3  84       
PG05   6104.869227  25644.850146   2641.843650   -157.943260  5  4  5  50       
PG06 -16725.345673   8204.119989  19042.437457    444.863895  3  5  3  70       
PG07 -26095.661609  -5589.164439  -2166.668702    -37.178746  1  3  5  72       
PG08  -2642.062845 -17492.640981 -19766.255279   -162.060077  5  7  7  43       
PG09 -18739.987063    420.052031  18756.676308     58.688322  4  5  5  53       
PG10  12417.393370  -9042.250065 -21417.731260    -69.315850  5  5  4  81       
PG11  -5221.028491  14191.368082  21859.464583   -539.653016  4  7  5  59       
PG12  10165.276778  23052.581745   8237.698548   -467.821977  2  2  5  49       
PG13  -8428.609308  19690.256968 -15766.067023    615.797098  4  3     96       
PG14 -14737.024898   4989.979989 -21496.217783    298.519136  3  5  3  79       
PG15   4862.923248  17682.454963 -19633.442229    117.183300  7  5  2  76       
PG16   1446.972949 -24920.012490   8037.077146   -384.242666  7  4  6  81       
PG17 -22203.401148  11727.348857  -8448.079532    719.884305  5  3  4  59       
PG18  25903.950562   4552.422904  -4340.263766   -531.939950  5  3  5  56       
PG19 -20717.743849  16305.440833   -261.203434    426.476559 11 10  6  50       
PG20  -1969.074245  21788.734472  15238.084789    391.557936  3  4  5  40       
PG21 -11891.036601 -15079.982894 -18250.063204    138.418531  5  2  5  57       
PG22 -11478.912949  13522.195959 -19428.593337     48.350109  4  3  2  57       
PG23  15958.046600   4827.588357 -20700.802168    135.273246  6  7  6  46       
PG24  14209.273199  15310.778638 -17044.363947   -413.704044  6  4  5  50       
PG25  15801.105937  13692.940202  16199.617558    485.235330  5  4  4  69       
PG26   6488.856777 -19309.177446  16704.748431    200.366758  3  4  5  81       
PG28  19025.622236  -7580.392821  16884.166792    -98.617413  6  3  6  61       
PG29  17943.719804   2128.445500  19454.150109   -608.691683  6  5  3  83       
PG30 -23495.839821   2802.200910 -12203.715580   -445.503534  5  5  2  32       
PG31  11072.693746 -12068.854049  20773.891549   -227.294293  3  5  3  91       
PG32  20826.379196 -15120.816788  -5902.182229   -605.011330  6  8  5  75       
*  2024  1 14 16  0  0.00000000
PG01 -19454.993286 -13190.185658 -13055.059306    166.096263  5  7  4  97       
PG02 -13818.220582 -13851.699222 -17574.687722   -500.951356  6  2  5  71       
PG03 -11697.859743 -23172.032559   5772.527865    125.776829  5  5  2  87       
PG04  -8069.010355 -13220.773436  21573.347131    265.940619  4  6  4  92       
PG05   5722.884456  25264.817227   5469.907236   -157.945157  5  5  5  45       
PG06 -18701.526203   7610.113386  17380.677238    444.852027  3  5  3  75       
PG07 -26171.345424  -5865.310590    638.208361    -37.187312  1  3  5  77       
PG08  -1081.952224 -19025.390726 -18408.550510   -162.061807  6  7  7  66       
PG09 -17327.689334  -1314.816619  20019.482216     58.699289  5  6  5  90       
PG10  13175.316788  -6640.481488 -21864.384069    -69.317752  6  5  4  81       
PG11  -7596.239854  13475.715102  21610.029965   -539.665575  4  7  5  66       
PG12  10113.573552  23903.922775   5528.438949   -467.825566  3  3  5  61       
PG13  -9833.543357  20583.456872 -13620.349369    615.800712  4  4     96       
PG14 -15379.466386   2606.417058 -21483.664271    298.528380  3  5  3  70       
PG15   3533.845488  19307.647127 -18289.034649    117.186776  6  4     92       
PG16   1930.329072 -23871.515796  10639.691993   -384.235689  7  4  6  81       
PG17 -21489.480791  10785.843756 -11013.782592    719.883224  4  3  5  66       
PG18  26176.151740   4830.758739  -1494.054213   -531.948268  5  4  5  59       
PG19 -20748.436168  15997.721912  -3148.529484    426.480980 11 10  6  21       
PG20  -2945.090845  20221.973849  17115.720202    391.556214  4  4  5  61       
PG21  -9670.682836 -14841.793020 -19582.162080    138.417453  5  2  5  59       
PG22 -12029.805214  11222.354673 -20481.340080     48.344212  5  2  3  59       
PG23  16601.653316   7034.578372 -19547.425125    135.279971  6  7  6  89       
PG24  12245.098626  15188.045443 -18606.337329   -413.710475  6  4  4  71       
PG25  16151.417552  15455.756223  14210.426270    485.236633  5  3  4  71       
PG26   7416.477271 -17469.646596  18289.717115    200.363578  3  4  5  81       
PG28  20778.817665  -7044.113110  14940.267409    -98.627620  6  3  5  73       
PG29  16299.213394   3732.666719  20613.428850   -608.691311  6  5  2  88       
PG30 -24669.584940   2242.759665  -9815.714050   -445.499378  5  5  2  51       
PG31  13335.560106 -11394.312776  19849.759650   -227.294486  3  5  3  88       
PG32  20430.648087 -14316.775432  -8605.888501   -605.013824  5  8  6  65       
*  2024  1 14 16 15  0.00000000
PG01 -17912.835555 -12996.566185 -15293.497184    166.097178  5  7  4  82       
PG02 -11634.110161 -13788.024640 -19077.367528   -500.946059  6  3  5  59       
PG03 -11702.673300 -23715.311205   2938.095574    125.800135  5  6  2  90       
PG04  -6407.512947 -14997.084624  20948.085705    265.949420  4  6  5  89       
PG05   5198.187144  24613.534226   8202.913174   -157.946488  5  6  5  44       
PG06 -20507.002935   7167.461505  15422.532420    444.840124  3  5  2  53       
PG07 -25954.081535  -6077.938441   3432.471242    -37.195803     3  5  69       
PG08    294.420010 -20502.776830 -16731.766427   -162.064379  6  7  7  77       
PG09 -15928.767036  -3217.313226  20935.832882     58.710208  5  5  4  86       
PG10  14072.557812  -4259.246605 -21926.954034    -69.319153  5  5  4  82       
PG11  -9958.527084  12897.665508  20989.428963   -539.678211  4  7  5  57       
PG12  10022.773817  24454.502704   2723.756641   -467.829040  3  3  5  56       
PG13 -11000.432595  21379.902079 -11240.468345    615.803989  3  5     89       
PG14 -16132.304596    280.798407 -21100.995214    298.537601  4  6  4  84       
PG15   2369.559430  20856.950210 -16639.241938    117.190367  6  2     68       
PG16   2541.840998 -22569.490976  13051.684119   -384.228866  7  5  6  72       
PG17 -20632.808131   9599.301408 -13387.452160    719.883180  4  4  5  65       
PG18  26146.413189   5031.622440   1377.584260   -531.956607  5  4  5  53       
PG19 -20558.913691  15467.274809  -5980.620818    426.485614 11 10  6  59       
PG20  -4097.266879  18537.410075  18701.976582    391.554618  4  4  5  52       
PG21  -7298.101660 -14709.095308 -20571.332533    138.416406  5  3  5  29       
PG22 -12725.151382   8852.946759 -21169.901147     48.338257  5  2  4  70       
PG23  17310.042398   9062.239345 -18058.929141    135.286704  5  7  6  97       
PG24  10121.226427  15149.085772 -19862.109021   -413.716941  6  4  4  70       
PG25  16506.071429  16970.314075  11974.688149    485.237851  5  4  4  61       
PG26   8493.713780 -15529.049760  19552.657503    200.360375  3  5  6  71       
PG28  22324.972538  -6633.389715  12738.785975    -98.637865  7  3  5  72       
PG29  14665.323239   5503.971206  21417.303666   -608.690828  6  4     79       
PG30 -25594.768629   1792.625089  -7260.365151   -445.495252  5  5  2  50       
PG31  15503.547579 -10862.099957  18581.305389   -227.294765  3  6  4  88       
PG32  19886.149957 -13261.046818 -11158.596176   -605.016400  5  8  6  49       
*  2024  1 14 16 30  0.00000000
PG01 -16129.076298 -12861.907085 -17278.606238    166.098108  6  7  5  56       
PG02  -9291.557408 -13835.297625 -20240.265203   -500.941163  7  4  5  49       
PG03 -11609.030659 -23959.983868     53.350929    125.823460  4  6  3  71       
PG04  -4897.474824 -16787.622875  19961.875057    265.958262  3  6  5  93       
PG05   4503.690816  23719.305725  10793.121385   -157.948139  5  7  5  44       
PG06 -22100.101217   6856.640073  13201.392845    444.828209  3  5  2  58       
PG07 -25442.942639  -6263.516400   6169.750452    -37.204339     4  5  77       
PG08   1479.319157 -21879.619571 -14763.963266   -162.067021  5  7  7  77       
PG09 -14581.351333  -5258.351511  21489.593523     58.721129  5  5  4  86       
PG10  15091.930815  -1947.562236 -21605.358145    -69.320270  5  6  5  89       
PG11 -12259.100848  12459.664233  20008.152587   -539.690788  4  7  5  55       
PG12   9855.251346  24706.259912   -127.789310   -467.832605  4  4  5  37       
PG13 -11929.152902  22036.876616  -8666.748225    615.807352  3  6     83       
PG14 -16975.745728  -1943.549014 -20355.346790    298.546868  4  6  4  76       
PG15   1371.555053  22287.702043 -14710.292992    117.193673  6  2     85       
PG16   3304.105587 -21049.516197  15229.557857   -384.222045  7  5  6  75       
PG17 -19675.137893   8166.467584 -15526.545091    719.882192  4  5  5  67       
PG18  25807.487071   5192.635922   4225.780340   -531.964892  5  5  4  56       
PG19 -20183.248665  14695.210493  -8708.079421    426.490297 10  9  6  35       
PG20  -5423.445195  16779.294675  19969.618053    391.552672  4  4  4  42       
PG21  -4818.390756 -14698.210989 -21196.799537    138.415604  5  4  5  49       
PG22 -13560.596671   6464.088074 -21480.677130     48.332421  6  2  5  72       
PG23  18048.837149  10878.452333 -16261.267823    135.293451  5  8  6  99       
PG24   7875.640688  15212.681439 -20790.766594   -413.723397  6  4  4  87       
PG25  16828.006845  18220.020759   9532.125449    485.239074  5  4  5  55       
PG26   9716.779111 -13533.199114  20472.004732    200.357185  3  5  6  80       
PG28  23629.194193  -6324.055663  10317.711285    -98.648127  7  3  4  68       
PG29  13083.169520   7415.217184  21851.575933   -608.690384  6  4     95       
PG30 -26248.030630   1423.404154  -4581.500999   -445.491116  5  5  2  32       
PG31  17531.226138 -10464.479198  16991.837115   -227.295105  2  5  4  80       
PG32  19232.953754 -11950.412239 -13515.269633   -605.018962  4  8  6  48       
*  2024  1 14 16 45  0.00000000
PG01 -14135.711986 -12817.724713 -18977.779529    166.099056  6  7  4  38       
PG02  -6837.178038 -14009.581860 -21041.125921   -500.936135  6  5  5  57       
PG03 -11380.090866 -23919.007702  -2832.320275    125.846813  4  7  4  49       
PG04  -3557.293984 -18547.765373  18631.331042    265.967078  3  5  6  95       
PG05   3618.736209  22616.893858  13195.150251   -157.949419  5  7  5  47       
PG06 -23444.812841   6651.317194  10755.098644    444.816200  3  5  2  57       
PG07 -24645.082792  -6458.407821   8805.053809    -37.212513  1  4  5  70       
PG08   2473.261913 -23111.473845 -12538.523972   -162.069145  5  7  7  84       
PG09 -13318.711520  -7402.303728  21670.928635     58.732058  5  5  3  82       
PG10  16208.612307    249.444315 -20906.342681    -69.320689  5  6  5  87       
PG11 -14450.138549  12156.001001  18682.891797   -539.703423  3  7  5  52       
PG12   9575.178955  24669.856325  -2977.172990   -467.835985  4  4  5  57       
PG13 -12628.027277  22513.944155  -5943.121953    615.810804  3  6  1  73       
PG14 -17883.459388  -4027.755058 -19260.064293    298.556101  4  6  5  81       
PG15    533.887167  23558.601328 -12533.269348    117.197121  6  1     85       
PG16   4232.615066 -19352.990940  17134.115790   -384.215036  7  5  6  47       
PG17 -18659.382124   6495.180775 -17392.309262    719.881497  4  5  5  60       
PG18  25160.982358   5352.284102   7002.066805   -531.973189  5  5  4  63       
PG19 -19660.003775  13670.614427 -11283.661216    426.495131  9  8  6  46       
PG20  -6913.377924  14991.994454  20896.742159    391.551249  4  4  4  65       
PG21  -2280.565261 -14817.752248 -21444.067508    138.413773  5  5  5  73       
PG22 -14523.381993   4105.410414 -21406.982394     48.326838  6  3  6  55       
PG23  18779.552553  12458.677197 -14185.582343    135.300180  4  7  6  93       
PG24   5549.798861  15390.958846 -21376.507885   -413.729812  6  4  4  82       
PG25  17079.033917  19196.894289   6925.670213    485.240276  5  4  4  64       
PG26  11074.086415 -11527.579282  21032.432635    200.354072  3  5  6  78       
PG28  24663.279592  -6086.484685   7718.810263    -98.658369  7  3  4  87       
PG29  11589.235423   9432.293454  21908.420716   -608.689979  6  4     83       
PG30 -26613.413475   1103.054479  -1824.844909   -445.486944  5  5  2  57       
PG31  19376.807468 -10186.173897  15110.018085   -227.295051  2  6  4  79       
PG32  18512.561369 -10390.529992 -15634.292077   -605.021516  4  7  6  67       
*  2024  1 14 17  0  0.00000000
PG01 -11970.855676 -12889.677478 -20362.999357    166.100033  7  7  5  38       
PG02  -4321.146100 -14318.999846 -21464.266790   -500.931158  6  5  5  60       
PG03 -10982.955353 -23613.540318  -5669.687330    125.870152  4  7  4  61       
PG04  -2397.254243 -20231.341678  16979.063191    265.975883  4  5  6  98       
PG05   2530.132130  21346.168684  15366.814100   -157.951097  6  7  5  48       
PG06 -24512.065199   6519.519994   8125.315483    444.804251  3  5  2  63       
PG07 -23575.457079  -6697.364953  11295.399247    -37.220899  2  4  5  79       
PG08   3284.845941 -24156.344573 -10093.616658   -162.070805  5  7  7  65       
PG09 -12168.032483  -9608.193183  21476.492047     58.742997  5  5  3  85       
PG10  17391.099561   2292.093489 -19843.281348    -69.322218  5  6  5  77       
PG11 -16486.454171  11973.120047  17036.264343   -539.716073  3  7  5  64       
PG12   9150.074132  24364.124316  -5775.740311   -467.839270  4  4  5  81       
PG13 -13113.359555  22774.600459  -3116.401708    615.814218  3  7  2  70       
PG14 -18823.586255  -5938.688299 -17834.438038    298.565326  4  6  5  75       
PG15   -156.490541  24631.215133 -10143.713386    117.200436  5        88       
PG16   5334.912635 -17525.529742  18731.257372   -384.208099  6  5  6  67       
PG17 -17627.881211   4602.355963 -18950.584319    719.880536  4  6  5  78       
PG18  24217.351866   5548.259709   9659.178387   -531.981502  5  5  4  84       
PG19 -19030.584536  12391.105382 -13663.108367    426.499925  8  7  6  52       
PG20  -8548.928922  13218.396427  21467.161820    391.549725  5  4  3  74       
PG21    264.145823 -15068.089896 -21305.438665    138.413168  5  6  5  81       
PG22 -15592.723611   1824.232349 -20949.259258     48.321030  6  4  6  70       
PG23  19461.123626  13786.678804 -11867.652512    135.306937  4  7  6  88       
PG24   3187.306728  15688.865733 -21608.898869   -413.736228  6  4  4  85       
PG25  17221.429209  19901.623020   4200.668069    485.241500  5  4  4  62       
PG26  12546.585699  -9555.690726  21225.080303    200.350893  3  5  5  82       
PG28  25406.709815  -5886.919885   4986.902316    -98.668618  7  4  4  71       
PG29  10214.048811  11515.259191  21586.545313   -608.689441  6  4  1  77       
PG30 -26682.902399    797.310056    962.749681   -445.482814  5  4  3  64       
PG31  21003.572108 -10005.151758  12969.286074   -227.295178  2  5  4  81       
PG32  17766.187037  -8595.925655 -17478.256443   -605.024070  5  7  6  81       
*  2024  1 14 17 15  0.00000000
PG01  -9677.490788 -13096.530603 -21411.239774    166.100828  7  7  5  68       
PG02  -1795.372533 -14763.274485 -21500.986878   -500.926087  6  5  5  64       
PG03 -10390.089657 -23072.022799  -8410.493339    125.893506  4  7  4  63       
PG04  -1419.288672 -21792.327858  15033.306455    265.984695  5  5  6 106       
PG05   1232.903241  19950.561589  17269.908651   -157.952342  6  7  5  53       
PG06 -25280.739726   6425.022708   5356.847010    444.792259  3  4  2  71       
PG07 -22256.282978  -7012.106578  13600.399005    -37.229363  2  5  5  87       
PG08   3930.250986 -24976.336305  -7471.550036   -162.073285  4  7  7  68       
PG09 -11149.441087 -11831.104998  20909.500004     58.753988  5  5  3  95       
PG10  18602.437975   4147.475514 -18435.851292    -69.323502  4  6  5  83       
PG11 -18327.076222  11890.244521  15096.439214   -539.728674  3  6  4  62       
PG12   8552.203998  23815.221080  -8476.018712   -467.843105  4  5  5  71       
PG13 -13408.653736  22787.800984   -235.479017    615.817573  3  8  3  65       
PG14 -19759.966351  -7650.010479 -16103.342180    298.574575  4  6  5  67       
PG15   -719.116004  25471.419736  -7581.149678    117.203938  5  1     70       
PG16   6610.090827 -15615.189287  19992.660518   -384.201135  6  5  6  63       
PG17 -16620.685741   2513.598019 -20172.533439    719.879823  4  6  5  73       
PG18  22995.558124   5815.841033  12151.831129   -531.989803  4  5  3  62       
PG19 -18337.509573  10863.055747 -15805.903564    426.504974  7  6  6  58       
PG20 -10304.582514  11498.375041  21670.698780    391.547692  5  5  3  69       
PG21   2764.147376 -15441.170668 -20780.402069    138.411872  5  7  4  77       
PG22 -16740.549337   -336.182985 -20115.132952     48.315089  6  4  6  59       
PG23  20051.537934  14854.938154  -9347.277747    135.313636  3  7  6  84       
PG24    832.513788  16103.908734 -21483.073069   -413.742653  6  4  4  93       
PG25  17219.499593  20343.300607   1404.068791    485.242748  5  4  4  50       
PG26  14108.406655  -7657.496644  21047.647611    200.347677  3  5  5  72       
PG28  25847.357967  -5688.967516   2169.081372    -98.678890  7  4  4  54       
PG29   8981.103607  13619.721693  20891.233230   -608.688890  6  4  2  65       
PG30 -26456.677770    471.182754   3734.066190   -445.478674  5  4  3  62       
PG31  22381.092186  -9893.667150  10607.209423   -227.295530  1  5  4  63       
PG32  17033.057348  -6589.626528 -19014.675135   -605.026600  5  7  6  87       
*  2024  1 14 17 30  0.00000000
PG01  -7302.059032 -13449.374681 -22104.809250    166.101835  7  7  6  59       
PG02    688.406707 -15333.637950 -21149.823105   -500.920808  5  6  5  37       
PG03  -9580.539228 -22329.004079 -11008.247622    125.916909  4  7  5  64       
PG04   -617.073780 -23186.553126  12827.450115    265.993468  5  5  5 100       
PG05   -269.288865  18475.383428  18870.926676   -157.953605  6  7  4  65       
PG06 -25738.401343   6328.903993   2496.894376    444.780302  3  4  3  30       
PG07 -20716.266490  -7430.024254  15682.794771    -37.237938  3  5  5  76       
PG08   4432.427338 -25539.167720  -4718.031539   -162.075747  3  8  7  58       
PG09 -10275.320462 -14023.760613  19979.684966     58.764971  5  5  4  80       
PG10  19801.663272   5790.488191 -16709.599217    -69.325010  4  6  5  98       
PG11 -19936.673384  11880.291998  12896.664087   -539.741269  3  6  4  49       
PG12   7759.798685  23055.528072 -11032.486109   -467.846421  4  5  5  51       
PG13 -13543.545713  22529.299929   2649.532510    615.821020  3  8  4  57       
PG14 -20653.539405  -9142.966040 -14096.784466    298.583782  4  7  6  76       
PG15  -1179.148361  26050.719837  -4888.518463    117.207385  5  3  2  51       
PG16   8048.655448 -13670.608400  20896.327352   -384.194385  6  5  6  75       
PG17 -15673.923180    262.451348 -21035.283170    719.879607  4  6  5  78       
PG18  21522.429969   6186.363601  14437.471995   -531.998129  4  5  3  70       
PG19 -17622.670141   9101.470188 -17675.934332    426.509605  6  6  6  32       
PG20 -12148.242032   9867.379040  21503.382631    391.546465  5  5  2  58       
PG21   5169.393370 -15920.709601 -19875.865953    138.410933  5  7  4  66       
PG22 -17932.563029  -2338.204635 -18919.301160     48.309201  6  5  7  69       
PG23  20509.510099  15664.735836  -6667.598669    135.320348  3  6  6  64       
PG24  -1470.926066  16626.163928 -20999.868353   -413.749074  6  4  4  81       
PG25  17041.055430  20538.855450  -1416.381150    485.244004  5  4  4  69       
PG26  15727.777785  -5868.034605  20504.362469    200.344467  3  5  4  77       
PG28  25981.883580  -5455.196867   -686.100513    -98.689151  7  5  4  75       
PG29   7906.063805  15698.399858  19834.271298   -608.688598  6  4  3  57       
PG30 -25943.073704     90.483260   6442.287170   -445.474568  5  4  3  56       
PG31  23486.208574  -9819.515220   8064.794691   -227.295845  1  5  4  69       
PG32  16348.803494  -4402.453717 -20216.591652   -605.029130  6  7  6  85       
*  2024  1 14 17 45  0.00000000
PG01  -4892.928573 -13951.124712 -22431.631034    166.102849  7  7  6  67       
PG02   3080.548285 -16013.118060 -20416.638901   -500.915738  5  6  6  50       
PG03  -8540.895115 -21423.752958 -13418.980727    125.940330  5  7  5           
PG04     23.548130 -24373.352291  10399.470743    266.002223  5  6  4 101       
PG05  -1964.071378  16966.075455  20141.687451   -157.954542  6  7  4  76       
PG06 -25881.711036   6191.214755   -405.726453    444.768326  3  4  3  39       
PG07 -18989.621983  -7973.056713  17508.944215    -37.245859  4  5  5  79       
PG08   4820.001506 -25819.485608  -1881.341477   -162.077339  3  8  7  57       
PG09  -9549.939655 -16138.194600  18703.130242     58.775865  5  5  5  83       
PG10  20945.397361   7204.555435 -14695.411672    -69.326890  4  6  5  67       
PG11 -21286.772922  11911.046065  10474.702963   -539.753853  3  6  4  51       
PG12   6758.030838  22122.341220 -13402.289299   -467.849843  4  4  5  71       
PG13 -13552.486802  21982.743097   5488.196151    615.824305  3  8  4  83       
PG14 -21463.862915 -10406.879689 -11849.376029    298.593039  4  7  6  68       
PG15  -1566.261679  26347.392464  -2111.522645    117.210821  5  4  3  69       
PG16   9632.759927 -11739.144223  21426.980587   -384.187396  6  5  5  81       
PG17 -14818.322100  -2110.690526 -21522.449748    719.878659  4  6  5  85       
PG18  19831.732968   6685.843525  16476.987815   -532.006428  4  4  3  50       
PG19 -16925.648381   7129.533511 -19242.058747    426.514446  6  6  5  44       
PG20 -14042.290744   8355.191473  20967.550510    391.544727  4  5  2  61       
PG21   7433.283342 -16482.764851 -18606.210037    138.410192  4  8  4  55       
PG22 -19129.592425  -4151.173364 -17383.258021     48.303410  5  5  7  72       
PG23  20796.135097  16225.907361  -3874.370496    135.327086  3  6  5  49       
PG24  -3681.481599  17238.564739 -20165.896030   -413.755586  6  4  4  84       
PG25  16658.739845  20512.203964  -4212.930816    485.245194  4  4  4  54       
PG26  17368.180891  -4216.245603  19605.825720    200.341321  3  5  4  70       
PG28  25815.798832  -5148.783185  -3529.473447    -98.699398  7  5  4  88       
PG29   6996.282068  17702.813363  18433.759874   -608.688346  5  4  4  64       
PG30 -25158.246839   -376.694643   9041.742026   -445.470413  5  4  3  72       
PG31  24303.731865  -9747.445470   5385.760360   -227.295978  1  4  4  57       
PG32  15744.013473  -2072.000430 -21063.079842   -605.031738  6  7  6  57       
*  2024  1 14 18  0  0.00000000
PG01  -2498.792370 -14596.318164 -22385.458119    166.103833  7  7  7  70       
PG02   5335.337963 -16777.193523 -19314.538674   -500.910854  4  6  5  41       
PG03  -7265.975011 -20398.711029 -15601.951980    125.963672  5  7  5  45       
PG04    523.834126 -25317.098842   7791.278323    266.011033  5  7  4 101       
PG05  -3830.638279  15466.464476  21059.865438   -157.955651  6  7  4  82       
PG06 -25716.505218   5972.693375  -3301.398036    444.756386  2  4  4  57       
PG07 -17114.919524  -8656.766117  19049.259642    -37.254709  4  5  5  91       
PG08   5125.942200 -25799.920139    988.559999   -162.077560  2  8  7  56       
PG09  -8969.413357 -18127.467993  17101.988091     58.786807  5  6  5  85       
PG10  21989.532320   8382.005510 -12428.904608    -69.328443  3  5  5  80       
PG11 -22356.724588  11946.538848   7872.192891   -539.766489  3  5  4  31       
PG12   5539.728589  21056.403664 -15545.903988   -467.853372  4  4  4  78       
PG13 -13473.229949  21140.465749   8230.674850    615.827932  4  8  5  65       
PG14 -22150.689664 -11439.346136  -9399.731108    298.602253  4  8  6  49       
PG15  -1913.338446  26347.405400    702.107300    117.214111  5  6  4  48       
PG16  11336.796928  -9865.086917  21576.302912   -384.180338  5  5  5  87       
PG17 -14077.961504  -4559.974904 -21624.532765    719.877905  5  5  4  83       
PG18  17962.987143   7333.804931  18235.362916   -532.014709  4  4  3  70       
PG19 -16282.158967   4977.851361 -20478.567216    426.519157  6  6  6  20       
PG20 -15944.877670   6984.910495  20071.843711    391.542923  4  5  1  55       
PG21   9514.448971 -17096.681862 -16993.140962    138.409293  4  8  4  99       
PG22 -20289.160748  -5752.443214 -15534.858823     48.297235  5  6  7  84       
PG23  20876.458492  16556.281814  -1015.199639    135.333798  3  6  5  67       
PG24  -5761.110950  17917.463193 -18993.536419   -413.762021  6  5  3  85       
PG25  16051.168184  20293.165742  -6938.590686    485.246364  4  5  4  59       
PG26  18989.691355  -2724.062769  18368.742283    200.338111  3  5  3  62       
PG28  25363.204681  -4735.129013  -6312.098990    -98.709682  7  5  5  60       
PG29   6250.652485  19585.032047  16713.808381   -608.687671  5  4  5  28       
PG30 -24125.569223   -958.580575  11488.631027   -445.466281  4  4  3  74       
PG31  24826.847656  -9640.678539   2615.789902   -227.296167     4  4  35       
PG32  15243.004750    358.661171 -21539.619799   -605.034251  6  7  5  75       
*  2024  1 14 18 15  0.00000000
PG01   -167.049222 -15371.221838 -21966.019011    166.104839  7  7  7  22       
PG02   7412.661805 -17594.790515 -17863.607965   -500.905507  3  6  6  90       
PG03  -5759.195711 -19297.844778 -17520.300669    125.987120  4  7  5  75       
PG04    911.121723 -25988.557533   5047.986664    266.019831  5  8  4  83       
PG05  -5840.371091  14017.093784  21609.406045   -157.957048  6  7  4  75       
PG06 -25257.537704   5636.463021  -6140.533135    444.744403     4  4  75       
PG07 -15133.797433  -9489.643622  20278.599427    -37.262922  5  5  5  87       
PG08   5386.041314 -25471.833504   3840.973352   -162.079552  2  7  6   8       
PG09  -8521.993035 -19947.350637  15204.086393     58.797806  6  6  6  77       
PG10  22890.935504   9324.101959  -9949.747805    -69.330072  4  5  4  76       
PG11 -23134.372374  11948.590767   5133.930332   -539.779121  2  4  3  20       
PG12   4105.799666  19900.336872 -17427.730274   -467.856831  4  4  4  66       
PG13 -13345.179066  20003.958102  10828.658058    615.831145  4  7  5  47       
PG14 -22675.544862 -12246.107706  -6789.807201    298.611529  3  8  6  64       
PG15  -2255.008607  26045.065942   3503.422577    117.217513  5  7  5  36       
PG16  13128.317246  -8088.029882  21343.017656   -384.173138  5  5  5  79       
PG17 -13469.303859  -7035.723421 -21339.160751    719.877289  5  5  5  82       
PG18  15960.074840   8142.356757  19682.275266   -532.022979  4  5  4  60       
PG19 -15722.671731   2683.418488 -21365.537903    426.524145  6  7  6  14       
PG20 -17811.381868   5772.190908  18831.098802    391.541472  4  4     71       
PG21  11378.340244 -17726.372310 -15065.342515    138.407409  4  8  4  78       
PG22 -21367.211174  -7128.078768 -13407.737753     48.291670  4  6  7  65       
PG23  20720.905160  16680.826704   1861.244946    135.340522  4  6  5  46       
PG24  -7676.520107  18633.451722 -17500.854585   -413.768444  6  5  3  46       
PG25  15203.840170  19916.185498  -9547.863115    485.247610  4  5  4  43       
PG26  20550.448482  -1405.790199  16815.549162    200.335006  3  5  2  59       
PG28  24646.207849  -4183.400278  -8986.113478    -98.719929  7  6  5  15       
PG29   5659.803769  21299.417084  14704.120789   -608.687358  5  4  5  29       
PG30 -22874.768553  -1678.475240  13741.717114   -445.462142  4  4  3  67       
PG31  25057.217724  -9462.468217   -198.223769   -227.296359  1  4  4  48       
PG32  14862.867947   2842.490580 -21638.342991   -605.036820  5  7  5  79       
*  2024  1 14 18 30  0.00000000
PG01   2057.778387 -16254.248091 -21179.089815    166.105850  6  7  7  49       
PG02   9279.435739 -18429.575482 -16090.486225   -500.900571  3  6  5  76       
PG03  -4032.624293 -18164.958040 -19141.632951    126.010476  4  6  5  28       
PG04   1217.565933 -26366.002132   2217.121207    266.028638  5  8  4  62       
PG05  -7957.778160  12653.698376  21780.819158   -157.958641  6  6  3  74       
PG06 -24527.892722   5149.645904  -8874.411844    444.732463     4  4  28       
PG07 -13089.580838 -10472.665245  21176.612391    -37.271431  5  5  5  74       
PG08   5637.273889 -24835.727070   6625.425436   -162.082031  2  7  6  10       
PG09  -8188.677279 -21557.906193  13042.431382     58.808827  6  5  6  66       
PG10  23609.110086  10040.733857  -7300.939658    -69.331746  4  5  4  63       
PG11 -23616.407577  11878.447419   2307.099238   -539.791761  2  4  3  60       
PG12   2465.354814  18697.027875 -19016.618981   -467.860111  4  4  4  84       
PG13 -13207.669109  18583.974711  13236.271717    615.834610  4  7  5  74       
PG14 -23003.243641 -12840.626994  -4064.196614    298.620714  3  8  6  75       
PG15  -2626.088997  25443.364317   6243.127644    117.221152  5  7  5  49       
PG16  14969.231299  -6441.463204  20732.814720   -384.166148  4  5  5  86       
PG17 -13000.557945  -9486.240208 -20671.177938    719.876832  5  5  5  76       
PG18  13869.689458   9115.555376  20792.621415   -532.031207  4  5  4  72       
PG19 -15271.263826    288.358454 -21889.085958    426.528790  7  7  7  79       
PG20 -19596.001246   4724.777051  17266.132379    391.539543  4  4  1  74       
PG21  12998.527635 -18331.872546 -12857.922482    138.406485  4  7  4  82       
PG22 -22319.905834  -8273.179002 -11040.596648     48.285700  4  6  7  61       
PG23  20306.513508  16630.532327   4706.034039    135.347269  4  6  5  53       
PG24  -9400.266719  19352.423550 -15711.429832   -413.774923  6  4  2  62       
PG25  14109.796350  19418.911598 -11997.430187    485.248786  3  5  3  59       
PG26  22008.196566   -267.789848  14973.952402    200.331914  3  4  2  71       
PG28  23694.041914  -3467.916991 -11505.550676    -98.730171  6  6  5  60       
PG29   5206.625492  22804.285453  12439.477974   -608.687086  5  5  5  46       
PG30 -21440.847443  -2553.684488  15762.977569   -445.457985  4  4  4  74       
PG31  25004.779466  -9177.651001  -3008.931834   -227.296779  2  4  4  51       
PG32  14612.819780   5330.143954 -21358.142977   -605.039391  5  7  4  78       
*  2024  1 14 18 45  0.00000000
PG01   4135.535482 -17216.671342 -20036.487613    166.106851  6  7  7  74       
PG02  10910.729345 -19241.483998 -14027.785880   -500.895644  3  5  5  88       
PG03  -2106.706778 -17042.026806 -20438.537544    126.033872  4  6  5 102       
PG04   1478.682551 -26436.053029   -652.221065    266.037379  5  9  5  69       
PG05 -10141.714589  11405.886728  21571.344253   -157.959729  6  6  3  68       
PG06 -23558.089690   4484.831904 -11456.010747    444.720571     5  5   2       
PG07 -11025.849328 -11599.112261  21728.034474    -37.279861  5  5  4  85       
PG08   5916.107306 -23901.287196   9292.637033   -162.083093  2  7  6  20       
PG09  -7944.116198 -22924.917334  10654.616177     58.819847  6  5  6  67       
PG10  24107.749057  10549.784606  -4528.047230    -69.332656  4  5  4  75       
PG11 -23808.389044  11698.449247   -559.545775   -539.804368  2  4  3  35       
PG12    635.529210  17488.030560 -20286.325391   -467.863689  4  5  4  67       
PG13 -13098.248657  16900.279066  15410.950031    615.837995  5  6  5  67       
PG14 -23103.292284 -13243.372840  -1269.380654    298.629940  3  8  6  76       
PG15  -3059.985459  24553.987105   8872.498241    117.224499  5  7  5  33       
PG16  16817.236755  -4951.645613  19758.130818   -384.159021  4  5  5  93       
PG17 -12671.402315 -11859.716176 -19632.566934    719.875981  5  5  5  91       
PG18  11739.681968  10249.079276  21546.961179   -532.039448  4  6  5  73       
PG19 -14944.739760  -2161.514414 -22041.508727    426.533635  7  7  8  48       
PG20 -21253.406423   3842.346900  15403.420326    391.538150  3  3  1  63       
PG21  14357.649874 -18871.108086 -10411.668870    138.405765  4  7  4  81       
PG22 -23105.418076  -9191.817182  -8476.387207     48.279873  3  6  7  63       
PG23  19617.929417  16441.078187   7470.782521    135.353997  4  7  5  70       
PG24 -10911.665874  20036.840473 -13654.092923   -413.781341  6  4  2  63       
PG25  12769.999935  18840.684034 -14246.793424    485.249990  3  5  3  65       
PG26  23321.836374    691.518098  12876.385980    200.328760  3  4  1  73       
PG28  22541.927155  -2569.344189 -13827.129579    -98.740423  6  6  6  38       
PG29   4867.106421  24063.431915   9959.126191   -608.686626  5  6  5  38       
PG30 -19862.820733  -3594.678371  17518.208060   -445.453813  4  4  4  73       
PG31  24687.256061  -8754.127696  -5769.271825   -227.296928  2  5  4  52       
PG32  14493.889676   7771.724532 -20704.651809   -605.041928  5  7  4  71       
*  2024  1 14 19  0  0.00000000
PG01   6031.781893 -18223.625873 -18555.979747    166.107892  5  7  7  90       
PG02  12290.535684 -19988.414028 -11713.377319   -500.890653  3  5  5  85       
PG03     -9.684323 -15967.617178 -21389.024152    126.057268  4  6  4  94       
PG04   1731.756104 -26194.200519  -3510.243523    266.046167  5  9  6  61       
PG05 -12346.833091  10296.082423  20984.984217   -157.961211  6  6  3  63       
PG06 -22384.912337   3621.343905 -13840.810420    444.708624  1  5  4  44       
PG07  -8984.998284 -12854.663421  21922.936045    -37.288320  6  5  4  82       
PG08   6256.832856 -22687.066231  11795.468039   -162.086010  2  6  6  42       
PG09  -7757.772759 -24021.095155   8082.146812     58.830922  6  4  6  41       
PG10  24356.126587  10876.209769  -1678.425562    -69.334693  5  5  4  50       
PG11 -23724.429391  11373.668146  -3416.526689   -539.816990  1  4  3           
PG12  -1358.989396  16312.037187 -21215.887904   -467.866947  4  5  4  82       
PG13 -13051.037661  14981.030640  17314.247983    615.841421  5  5  5  66       
PG14 -22951.121184 -13480.848153   1547.042138    298.639149  3  8  6  85       
PG15  -3587.124839  23396.989391  11344.326147    117.227613  5  7  6  61       
PG16  18627.407492  -3636.795603  18437.797232   -384.152334  3  4  5  76       
PG17 -12473.082836 -14106.145437 -18242.207996    719.875442  5  6  5  53       
PG18   9617.366457  11530.230750  21931.873718   -532.047691  4  6  5  45       
PG19 -14752.046520  -4618.255259 -21821.330751    426.538151  8  8  9  78       
PG20 -22740.396600   3116.675518  13274.674419    391.536648  3  3  2  78       
PG21  15447.955668 -19301.776934  -7772.138917    138.404620  4  6  5  79       
PG22 -23685.638327  -9896.605133  -5761.412432     48.273848  3  6  7  58       
PG23  18648.122918  16151.331748  10108.444374    135.360693  5  7  6  51       
PG24 -12197.459261  20647.167754 -11362.566025   -413.787776  5  4  2  62       
PG25  11193.434609  18220.986029 -16258.861155    485.251164  3  5  3  32       
PG26  24452.928081   1481.348139  10559.405924    200.325619  4  4  2  57       
PG28  21229.713716  -1475.636673 -15910.993977    -98.750671  6  6  6  85       
PG29   4611.451373  25047.448321   7306.083016   -608.686165  5  6  5           
PG30 -18182.315927  -4804.506097  18977.571994   -445.449645  4  5  4  78       
PG31  24129.399126  -8164.225301  -8433.190641   -227.297107  2  5  3  42       
PG32  14498.949736  10118.546748 -19690.085751   -605.044493  5  7  3  79       
*  2024  1 14 19 15  0.00000000
PG01   7718.945650 -19235.355987 -16761.103669    166.108873  5  6  7 105       
PG02  13412.157388 -20628.004748  -9189.564194   -500.885576  4  5  5  65       
PG03   2223.282047 -14975.443989 -21976.879334    126.080665  3  6  4  96       
PG04   2014.176646 -25644.992221  -6307.336615    266.054913  5  9  6  87       
PG05 -14525.206368   9338.767551  20032.408342   -157.962050  6  5  3  57       
PG06 -21050.005464   2546.249346 -15987.567487    444.696727  3  5  5  30       
PG07  -7006.839164 -14217.759115  21756.916925    -37.296733  6  6  4  86       
PG08   6689.992064 -21219.811778  14089.816773   -162.086980  2  5  6  40       
PG09  -7595.293596 -24827.025676   5369.699207     58.841973  6  3  7  30       
PG10  24330.278213  11050.863977   1199.570936    -69.335695  5  5  4  54       
PG11 -23386.559209  10873.446072  -6214.504517   -539.829575  1  4  3  39       
PG12  -3486.707519  15203.473079 -21789.929771   -467.870600  4  5  4  56       
PG13 -13095.230458  12861.837501  18912.574823    615.845076  5  4  5  64       
PG14 -22529.103940 -13584.397319   4337.142221    298.648418  3  8  5  78       
PG15  -4233.486226  22000.128728  13613.867318    117.231504  4  7  6  45       
PG16  20353.874346  -2506.626592  16796.571447   -384.145385  3  4  5  76       
PG17 -12388.879571 -16179.168998 -16525.481554    719.874517  5  6  6  86       
PG18   7547.848020  12938.267483  21940.217607   -532.055926  4  6  6  57       
PG19 -14693.999651  -7033.412972 -21233.253462    426.542967  9  8 10  67       
PG20 -24017.493320   2532.113580  10916.321151    391.535268  3  3  2  64       
PG21  16271.410747 -19583.256552  -4988.613712    138.403512  5  5  5  66       
PG22 -24027.719790 -10407.908150  -2944.374851     48.268154  2  6  7  79       
PG23  17398.800567  15801.735708  12574.087029    135.367451  5  7  6  51       
PG24 -13252.215720  21143.427419  -8875.002051   -413.794237  5  4  2  42       
PG25   9396.918172  17597.913156 -18000.480364    485.252328  2  5  3  49       
PG26  25367.090233   2117.953688   8063.032931    200.322426  3  3  2  39       
PG28  19800.360856   -182.700731 -17721.391400    -98.760915  5  6  6  86       
PG29   4405.431544  25734.787734   4526.373878   -608.685788  6  7  5  34       
PG30 -16442.086509  -6178.489127  20116.088328   -445.445408  3  5  4  87       
PG31  23361.993773  -7385.892567 -10956.341442   -227.297654  2  5  3  61       
PG32  14613.082943  12324.842917 -18332.967197   -605.047034  5  7  4  76       
*  2024  1 14 19 30  0.00000000
PG01   9177.237060 -20208.679773 -14680.892440    166.109839  4  6  7  80       
PG02  14278.198904 -21119.419592  -6502.176651   -500.880462  5  4  5  52       
PG03   4551.247066 -14093.122614 -22191.935291    126.104020  4  7  3  92       
PG04   2361.772675 -24801.876710  -8994.961917    266.063692  5  9  7  74       
PG05 -16628.054813   8540.056702  18730.728230   -157.963344  5  5  3  73       
PG06 -19598.291903   1255.076712 -17859.037568    444.684810  3  5  5  58       
PG07  -5127.283890 -15660.230147  21231.244967    -37.305019  6  6  4  83       
PG08   7240.965702 -19533.473357  16135.451363   -162.088716  2  5  5  62       
PG09  -7420.033531 -25331.817047   2564.321833     58.853014  6  3  7  15       
PG10  24013.930176  11109.124627   4057.373460    -69.337460  5  6  4  50       
PG11 -22823.793965  10172.774462  -8905.141189   -539.842132  1  5  3  62       
PG12  -5710.320786  14191.262674 -21998.882485   -467.874034  5  6  4  63       
PG13 -13253.808121  10584.512511  20177.830654    615.848037  5  4  5  69       
PG14 -21827.324887 -13588.838666   7053.448340    298.657631  3  8  5  92       
PG15  -5019.299192  20397.880763  15639.767736    117.234833  4  6  6  39       
PG16  21951.527018  -1562.234989  14864.571047   -384.138687  2  3  5  96       
PG17 -12394.920292 -18037.764585 -14513.726378    719.873431  5  7  6  82       
PG18   5572.436256  14445.054535  21571.288600   -532.064173  4  6  6  64       
PG19 -14763.324830  -9359.659851 -20288.015150    426.547792 10  9 10  96       
PG20 -25050.409407   2066.364218   8368.889909    391.533330  3  3  3  60       
PG21  16839.366923 -19678.437877  -2112.958401    138.402660  4  4  5  75       
PG22 -24105.399834 -10752.752525    -75.399414     48.261956  2  6  7  87       
PG23  15880.497460  15432.644029  14825.634006    135.374194  5  8  6  58       
PG24 -14078.439641  21486.813789  -6233.422477   -413.800696  5  4  2  69       
PG25   7404.640832  17006.712127 -19442.910512    485.253539  3  5  3  62       
PG26  26035.244725   2623.770721   5430.056260    200.319276  3  3  2  85       
PG28  18298.311079   1305.252934 -19227.280291    -98.771150  5  6  6  83       
PG29   4211.913782  26112.531500   1668.213993   -608.685543  6  7  6  17       
PG30 -14684.491073  -7704.205254  20914.051295   -445.441224  3  5  4  84       
PG31  22420.663039  -6403.688929 -13296.748468   -227.297672  2  5  3  62       
PG32  14814.270348  14349.345113 -16657.732398   -605.049585  5  7  4  66       
*  2024  1 14 19 45  0.00000000
PG01  10395.284474 -21098.618476 -12349.501996    166.110793  4  5  6 104       
PG02  14900.174230 -21425.054264  -3699.611716   -500.875545  5  4  5  78       
PG03   6928.836945 -13341.159680 -22030.247728    126.127408  4  7  3  86       
PG04   2807.207684 -23686.709488 -11526.516061    266.072519  5  9  7  73       
PG05 -18607.509416   7897.616163  17103.153329   -157.964745  5  5  4  60       
PG06 -18076.269651   -247.793434 -19422.635876    444.672935  4  5  4  80       
PG07  -3377.157377 -17148.176199  20352.932744    -37.313177  6  6  4  83       
PG08   7928.785711 -17667.930000  17896.753664   -162.091158  2  4  5  64       
PG09  -7194.672081 -25533.423290   -285.400188     58.864038  6  3  7  54       
PG10  23399.148026  11089.365831   6846.969934    -69.338847  6  6  4  55       
PG11 -22070.940158   9253.459325 -11441.945042   -539.854729  1  4  3  13       
PG12  -7987.921964  13297.809157 -21839.129637   -467.877443  5  6  4  84       
PG13 -13542.515172   8195.584423  21087.931022    615.851918  5  4  5  59       
PG14 -20844.066583 -13530.973647   9649.728520    298.666794  4  8  5  79       
PG15  -5957.971611  18630.171799  17384.939595    117.238510  4  6  6  30       
PG16  23377.668669   -796.334723  12676.629220   -384.131723  2  2  5  81       
PG17 -12461.301317 -19647.709636 -12243.570773    719.873290  6  8  6  68       
PG18   3727.205106  16016.014933  20830.870043   -532.072462  4  6  6  55       
PG19 -14945.008564 -11552.369313 -19002.167181    426.552971 10 10 11 108       
PG20 -25811.334311   1691.529225   5676.319834    391.531917  3  3  3  66       
PG21  17171.815311 -19555.395202    801.567811    138.401982  5  4  5  71       
PG22 -23900.045489 -10963.480610   2794.942144     48.256316  3  6  7  82       
PG23  14112.344286  15082.668884  16824.565070    135.380920  4  8  6  66       
PG24 -14686.373939  21641.309254  -3483.055828   -413.807162  5  4  3  11       
PG25   5247.445245  16478.438387 -20562.237184    485.254777  3  4  3  70       
PG26  26434.664639   3026.337454   2705.311033    200.316122  4  3  2  72       
PG28  16767.821757   2975.678965 -20402.855594    -98.781337  5  6  6  45       
PG29   3992.507006  26176.829186  -1218.848363   -608.684678  6  7  6  10       
PG30 -12949.992701  -9361.766630  21357.375669   -445.437106  3  5  4  84       
PG31  21344.514454  -5209.533662 -15415.434486   -227.297776  3  5  3  87       
PG32  15074.365101  16156.681375 -14694.236890   -605.052173  5  6  4  55       
*  2024  1 14 20  0  0.00000000
PG01  11370.461105 -21860.135092  -9805.737840    166.111721  4  5  6  75       
PG02  15297.757525 -21512.096783   -831.849976   -500.870341  5  4  5  79       
PG03   9307.777049 -12732.220128 -21494.179625    126.150799  5  7  3  90       
PG04   3378.505175 -22328.941153 -13858.157518    266.081294  5  8  7  88       
PG05 -20418.339105   7400.928278  15178.535550   -157.965920  5  5  4  53       
PG06 -16530.254329  -1949.080932 -20651.022868    444.661070  4  5  4  48       
PG07  -1781.180122 -18643.071189  19134.745758    -37.321739  6  6  5  81       
PG08   8765.219535 -15667.494388  19343.359324   -162.092802  2  5  5  74       
PG09  -6882.856920 -25438.633527  -3130.203278     58.875082  6  4  7  69       
PG10  22486.684899  11031.339819   9521.653317    -69.339864  6  6  4  57       
PG11 -21167.187652   8105.025304 -13781.084334   -539.867354  1  4  3  75       
PG12 -10274.380657  12538.222813 -21313.070117   -467.880781  5  5  3  92       
PG13 -13969.143880   5744.625937  21627.207630    615.854824  4  4  5  79       
PG14 -19585.998839 -13448.028741  12081.751633    298.676044  4  7  5  82       
PG15  -7055.300687  16740.878712  18817.360338    117.241821  4  6  6  35       
PG16  24593.559828   -193.817895  10271.591197   -384.124684  2  2  5  77       
PG17 -12553.462244 -20982.756457  -9756.158184    719.872090  6  8  5  99       
PG18   2041.755021  17611.345293  19731.172514   -532.080748  4  6  6  52       
PG19 -15216.941429 -13571.087382 -17397.772452    426.557598 11 11 11  78       
PG20 -26279.983614   1375.384431   2885.196869    391.529720  3  3  4  68       
PG21  17296.269208 -19188.812194   3701.506719    138.400798  4  3  4  70       
PG22 -23401.385888 -11076.217593   5616.580994     48.250176  3  6  6  85       
PG23  12121.516516  14787.100514  18536.563454    135.387690  4  8  6  69       
PG24 -15093.496139  21575.234627   -671.582755   -413.813627  5  3  3  36       
PG25   2961.873181  16038.777409 -21339.723490    485.255975  3  4  3  70       
PG26  26549.789898   3357.033676    -65.059834    200.312960  4  3  2  84       
PG28  15251.318176   4807.991259 -21227.984416    -98.791577  5  7  6  86       
PG29   3709.259298  25932.994618  -4084.810536   -608.684489  6  7  6  44       
PG30 -11275.732871 -11124.384547  21437.861444   -445.432840  3  5  4  84       
PG31  20174.675996  -3803.190071 -17277.005986   -227.298033  3  5  2  91       
PG32  15360.310143  17718.534299 -12477.172171   -605.054722  6  6  4  69       
*  2024  1 14 20 15  0.00000000
PG01  12108.882327 -22449.918860  -7092.481097    166.112665  5  5  5  88       
PG02  15497.719524 -21353.876443   2050.523874   -500.865279  5  3  4  32       
PG03  11638.537047 -12270.698527 -20592.388532    126.174105  5  7  4  93       
PG04   4097.761627 -20764.520540 -15949.580242    266.090071  4  8  7  96       
PG05 -22019.574058   7031.886644  12990.814684   -157.967350  4  5  4  35       
PG06 -15004.634873  -3826.906972 -21522.603308    444.649235  4  5  3  66       
PG07   -357.159388 -20103.064849  17595.134765    -37.330055  6  6  5  78       
PG08   9754.163571 -13579.258290  20450.681340   -162.095409  2  5  5  55       
PG09  -6450.808640 -25062.729022  -5921.009508     58.886144  6  4  7  95       
PG10  21286.020383  10974.524804  12036.739285    -69.341311  7  6  4  60       
PG11 -20154.543592   6725.322285 -15882.153786   -539.879909  2  4  4  63       
PG12 -12522.847540  11919.825183 -20429.099574   -467.884008  4  5  3  93       
PG13 -14533.155579   3282.468585  21786.676991    615.858370  4  5  4  85       
PG14 -18068.061666 -13376.088468  14308.018589    298.685326  5  7  5  98       
PG15  -8309.008353  14776.159600  19910.768444    117.245376  4  6  6  32       
PG16  25565.795535    267.390804   7691.570110   -384.117687  2  2  5  79       
PG17 -12633.750190 -22025.473390  -7096.291451    719.871284  6  8  4  90       
PG18    538.226354  19187.452131  18290.660956   -532.089009  4  6  6  64       
PG19 -15550.827926 -15380.848187 -15502.032036    426.562791 11 11 11  80       
PG20 -26444.369289   1082.834194     43.934568    391.528246  3  4  4  62       
PG21  17246.341477 -18561.100736   6534.358392    138.399403  4  3  4  68       
PG22 -22607.909885 -11129.219779   8340.853685     48.244675  4  6  6  85       
PG23   9942.384383  14576.459640  19932.100147    135.394430  4  7  6  71       
PG24 -15323.719085  21262.667450   2151.702146   -413.820084  5  3  4  39       
PG25    589.010599  15707.069404 -21762.096971    485.257167  3  3  2  79       
PG26  26372.784516   3649.688425  -2834.348743    200.309784  4  3  3  91       
PG28  13787.830921   6774.170158 -21688.544970    -98.801816  5  7  6  69       
PG29   3326.337440  25395.255360  -6880.099003   -608.683790  6  6  5  31       
PG30  -9694.232266 -12959.203675  21153.372155   -445.428629  3  5  4  80       
PG31  18952.771819  -2192.467946 -18850.191437   -227.298184  3  5  3  88       
PG32  15635.547541  19014.520829 -10045.408302   -605.057304  6  6  5  74       
*  2024  1 14 20 30  0.00000000
PG01  12625.064741 -22828.147281  -4256.016675    166.113618  5  5  5  92       
PG02  15532.604964 -20930.950967   4897.271870   -500.860198  5  3  4  55       
PG03  13872.034400 -11952.611909 -19339.715785    126.197447  5  7  4  99       
PG04   4980.099001 -19034.556999 -17764.719458    266.098853  4  7  7  68       
PG05 -23375.961811   6765.694392  10578.378141   -157.968614  4  4  5  71       
PG06 -13540.210470  -5851.434755 -22021.928339    444.637380  4  5  3  60       
PG07    884.577173 -21484.442016  15758.084336    -37.338660  6  6  5  55       
PG08  10891.368063 -11451.349741  21200.308478   -162.096666  2  5  5  80       
PG09  -5868.823262 -24428.823603  -8609.780506     58.897206  7  5  7  32       
PG10  19815.091286  10956.498300  14350.246417    -69.342234  7  6  4  68       
PG11 -19076.169591   5120.809892 -17708.880112   -539.892504  3  4  4  75       
PG12 -14686.331736  11441.947273 -19201.509089   -467.887769  4  4  2  87       
PG13 -15225.653395    859.378720  21564.172694    615.861899  5  5  4  76       
PG14 -16313.045497 -13348.578315  16290.452574    298.694560  5  7  4  97       
PG15  -9708.626979  12782.688401  20645.232715    117.249003  4  5  5  62       
PG16  26267.468745    615.227963   4981.179299   -384.110932  2  2  6  80       
PG17 -12663.102002 -22767.722637  -4311.521367    719.870595  6  8  4  85       
PG18   -769.396201  20698.555191  16533.769610   -532.097328  4  6  6  23       
PG19 -15913.328716 -16953.289541 -13346.845709    426.567505 12 12 10  65       
PG20 -26301.258134    777.487055  -2798.086028    391.526447  3  4  4  47       
PG21  17060.095234 -17663.168867   9249.662903    138.397896  3  3  3  54       
PG22 -21526.922402 -11161.175938  10921.339990     48.238558  4  6  6  79       
PG23   7615.393284  14475.237602  20986.945711    135.401194  4  7  6  76       
PG24 -15406.321392  20684.663769   4936.797257   -413.826550  5  4  5  33       
PG25  -1826.830945  15495.570891 -21821.769421    485.258358  4  3  2  62       
PG26  25903.818631   3939.108180  -5556.022208    200.306586  5  4  3  93       
PG28  12411.577024   8839.660123 -21776.663603    -98.812057  5  7  6  73       
PG29   2811.621581  24586.166652  -9556.440819   -608.683728  6  5  6  79       
PG30  -8232.267151 -14828.378584  20507.921501   -445.424400  3  5  4  76       
PG31  17719.390014   -393.136390 -20108.327857   -227.298729  4  5  3  82       
PG32  15861.561097  20032.764033  -7441.277660   -605.059899  6  5  5  43       
*  2024  1 14 20 45  0.00000000
PG01  12941.251424 -22960.154650  -1345.269677    166.114537  5  5  5  86       
PG02  15439.214882 -20231.895146   7659.403978   -500.855201  4  3  3  48       
PG03  15961.334287 -11765.820042 -17756.977052    126.220820  5  7  4 102       
PG04   6032.898386 -17183.795496 -19272.376700    266.107612  4  6  6  95       
PG05 -24459.200726   6572.025951   7983.349835   -157.969568  4  4  5  87       
PG06 -12172.674133  -7985.827720 -22139.991681    444.625465  4  5  3  71       
PG07   1941.477820 -22743.193631  13652.869855    -37.346856  6  6  6  55       
PG08  12164.500919  -9331.174710  21580.273940   -162.097440  3  5  6  62       
PG09  -5112.613556 -23566.915286 -11150.345739     58.908219  7  5  7  69       
PG10  18099.725652  11011.393142  16423.532815    -69.343677  7  5  4  76       
PG11 -17974.687570   3306.507977 -19229.753736   -539.905108  4  5  5  70       
PG12 -16719.297036  11096.030616 -17650.300120   -467.891271  4  3  2  76       
PG13 -16029.705261  -1476.730287  20964.340878    615.865609  5  5  4  70       
PG14 -14350.882987 -13394.854742  17995.038013    298.703761  5  7  4 107       
PG15 -11235.744189  10805.872689  21007.576108    117.252787  4  5  5  50       
PG16  26679.083137    882.182989   2186.756178   -384.104245  2  3  6  76       
PG17 -12602.769691 -23210.762930  -1451.205403    719.869233  5  8  4  61       
PG18  -1875.659220  22098.396708  14490.507226   -532.105637  4  5  5  65       
PG19 -16267.393885 -18267.531560 -10968.311897    426.572263 12 12  9  77       
PG20 -25856.298311    423.288991  -5591.400682    391.524771  3  3  4  35       
PG21  16778.254528 -16494.815021  11799.975942    138.396908  3  3  3  64       
PG22 -20174.267517 -11209.531700  13314.622798     48.232554  5  6  6  82       
PG23   5185.714355  14500.872993  21682.600744    135.407951  4  6  6  69       
PG24 -15374.646208  19830.224551   7633.950652   -413.833042  5  4  5  55       
PG25  -4239.553366  15408.979576 -21516.986614    485.259534  4  2  3  68       
PG26  25151.068079   4259.579346  -8184.446853    200.303400  5  4  3  89       
PG28  11150.738703  10964.524086 -21490.846331    -98.822310  5  7  5  76       
PG29   2138.151555  23535.714360 -12067.706619   -608.683358  6  5  6  64       
PG30  -6909.964604 -16690.356186  19511.663621   -445.420233  3  5  4  85       
PG31  16512.595035   1571.451886 -21029.790746   -227.298620  4  4  3  87       
PG32  15999.490124  20770.140401  -4709.815128   -605.062445  7  5  5  51       
*  2024  1 14 21  0  0.00000000
PG01  13086.421852 -22817.936390   1589.040006    166.115453  6  5  4  88       
PG02  15256.962513 -19253.768860  10290.012867   -500.850184  5  4  3  21       
PG03  17863.283362 -11690.567248 -15870.654692    126.244095  6  7  4  84       
PG04   7255.344807 -15258.965313 -20446.753098    266.116343  5  5  6  71       
PG05 -25248.905296   6416.402792   5250.823857   -157.971119  4  4  5  68       
PG06 -10931.303100 -10187.490320 -21874.412848    444.613614  4  5  4  81       
PG07   2818.773100 -23836.646645  11313.715946    -37.355305  6  5  6  42       
PG08  13553.543183  -7263.714716  21585.193619   -162.099279  3  5  6  72       
PG09  -4164.437172 -22512.688012 -13499.190740     58.919229  7  6  7  68       
PG10  16172.800886  11168.490083  18221.883626    -69.345428  7  5  4  75       
PG11 -16890.520808   1305.614416 -20418.575386   -539.917726  4  5  5  80       
PG12 -18579.221253  10866.030023 -15800.915054   -467.894668  3  2  2  85       
PG13 -16921.000902  -3681.977138  19998.502171    615.869082  5  5  5  86       
PG14 -12217.677183 -13538.955776  19392.398471    298.712964  5  6  4  97       
PG15 -12864.597575   8888.135351  20991.640552    117.256073  4  5  5  42       
PG16  26789.189189   1103.841631   -644.409344   -384.097190  3  3  6  90       
PG17 -12416.015074 -23364.982410   1434.438639    719.868919  5  7  4  82       
PG18  -2783.679642  23341.990341  12195.957367   -532.113981  5  5  5  75       
PG19 -16573.739998 -19310.789165  -8406.172368    426.577147 12 12  8 121       
PG20 -25123.807400    -13.852182  -8287.352693    391.523199  3  4  4  47       
PG21  16442.363480 -15064.746307  14141.716153    138.396142  3  3  2  81       
PG22 -18573.739228 -11308.902370  15480.960823     48.226772  5  6  5  83       
PG23   2701.713792  14663.005223  22006.636834    135.414705  4  5  6  64       
PG24 -15264.619381  18696.957041  10194.643803   -413.839500  5  4  6  66       
PG25  -6602.784258  15444.241109 -20851.904422    485.260761  5     3  66       
PG26  24130.433719   4643.398824 -10675.594896    200.300181  5  5  3 107       
PG28  10026.485851  13104.810982 -20836.002941    -98.832554  5  7  5  83       
PG29   1285.367734  22280.143723 -14370.709729   -608.682612  6  5  6  81       
PG30  -5740.152718 -18501.319371  18180.783304   -445.416086  3  5  3  81       
PG31  15366.536514   3671.014521 -21598.362082   -227.298919  4  4  3  94       
PG32  16011.751079  21232.198959  -1897.969676   -605.065008  7  5  5  40       
*  2024  1 14 21 15  0.00000000
PG01  13095.019303 -22381.422070   4495.310995    166.116374  6  5  4  87       
PG02  15026.172774 -18002.256745  12745.029904   -500.845176  5  4  2  49       
PG03  19540.016191 -11700.327974 -13712.493798    126.267437  6  6  4  88       
PG04   8638.300464 -13307.067714 -21267.882167    266.125107  5  5  6  81       
PG05 -25733.269166   6261.726085   2428.058846   -157.971785  5  4  6  82       
PG06  -9837.908441 -12409.544743 -21229.502306    444.601773  4  6  4  70       
PG07   3529.181823 -24725.094327   8779.350895    -37.363867  6  5  7  50       
PG08  15031.495115  -5289.947535  21216.276724   -162.102348  4  4  7  84       
PG09  -3013.968453 -21306.111657 -15616.192110     58.930242  8  7  7  76       
PG10  14073.155530  11450.996048  19715.044269    -69.346570  7  4  4  74       
PG11 -15860.335117   -851.195369 -21254.907990   -539.930326  5  6  5  68       
PG12 -20228.063216  10729.106695 -13683.883229   -467.897998  3  2  2  76       
PG13 -17868.812435  -5718.016376  18684.386792    615.872489  6  5  5  85       
PG14  -9954.500605 -13798.560176  20458.304118    298.722225  6  5  4  97       
PG15 -14562.992575   7067.337787  20598.385421    117.259815  4  5  5  67       
PG16  26594.728138   1317.338411  -3464.831108   -384.090224  4  3  6  90       
PG17 -12069.703858 -23249.283052   4295.261377    719.867577  5  7  4  80       
PG18  -3504.844047  24387.340981   9689.681059   -532.122303  5  4  5  53       
PG19 -16792.419205 -20078.697845  -5703.207007    426.581806 12 13  7  75       
PG20 -24126.229408   -564.517827 -10838.971823    391.521240  3  4  4  53       
PG21  16092.978623 -13390.237156  16235.870729    138.394659  4  4  2  75       
PG22 -16756.211819 -11489.632594  17384.868676     48.220829  5  6  5  75       
PG23    213.296747  14963.035582  21952.940787    135.421526  4  5  6  68       
PG24 -15113.148729  17291.393805  12572.576242   -413.845975  5  4  6  34       
PG25  -8871.411716  15590.647734 -19836.587461    485.261971  5     4  56       
PG26  22864.991970   5119.484787 -12987.722026    200.296970  5  5  3  88       
PG28   9052.279091  15214.084865 -19823.363374    -98.842785  5  7  5  89       
PG29    240.097930  20860.561198 -16425.947255   -608.682129  6  5  6  69       
PG30  -4727.993276 -20216.740115  16537.283628   -445.411895  3  5  3  79       
PG31  14310.203766   5869.252458 -21803.530656   -227.299085  4  4  3  90       
PG32  15863.605058  21432.760917    946.198447   -605.067590  7  5  5  35       
*  2024  1 14 21 30  0.00000000
PG01  13005.442409 -21639.457010   7322.023745    166.117353  5  5  4  95       
PG02  14786.393484 -16491.485179  14983.894239   -500.840168  5  4  2  62       
PG03  20960.276836 -11762.926750 -11319.005263    126.290765  6  6  4  78       
PG04  10164.510444 -11373.669705 -21721.955582    266.133874  6  5  5  82       
PG05 -25909.404256   6069.904152   -436.351131   -157.972849  5  4  6  71       
PG06  -8906.086276 -14602.487084 -20216.205772    444.589941  4  6  5  84       
PG07   4092.317016 -25373.364377   6092.454047    -37.372647  5  5  7  43       
PG08  16565.359586  -3445.450974  20481.214675   -162.105091  5  4  7  91       
PG09  -1658.881184 -19989.895692 -17465.287602     58.941272  8  7  7  66       
PG10  11844.292101  11875.051032  20877.694320    -69.347774  7  4  4  60       
PG11 -14915.640954  -3126.760233 -21724.426151   -539.942924  6  6  5  89       
PG12 -21633.583810  10656.590140 -11334.383032   -467.901633  3  2  2  71       
PG13 -18837.215931  -7553.308913  17045.752426    615.875868  6  5  5  81       
PG14  -7606.008373 -14184.195851  21174.100075    298.731476  6  5  4 100       
PG15 -16293.500775   5375.414718  19835.818830    117.263341  4  5  5  55       
PG16  26101.078941   1559.775458  -6227.558958   -384.083211  4  4  6  91       
PG17 -11535.736681 -22890.151835   7082.073205    719.866921  4  6  4  89       
PG18  -4058.178530  25197.066830   7015.031451   -532.130570  6  3  5  50       
PG19 -16884.425578 -20575.341276  -2904.584083    426.586246 12 13  6  85       
PG20 -22893.281906  -1254.368593 -13201.823262    391.519366  4  4  4  55       
PG21  15767.971041 -11496.460277  18048.554110    138.393803  4  4  2  88       
PG22 -14758.530510 -11776.552625  18995.602173     48.215011  6  5  5  83       
PG23  -2229.812981  15394.015151  21521.855992    135.428262  5  4  5  60       
PG24 -14956.474033  15628.947480  14724.623190   -413.852425  5  4  7  41       
PG25 -11003.089427  15830.229735 -18486.926123    485.263211  5  2  4  66       
PG26  21384.196637   5712.116756 -15082.011057    200.293796  5  5  3  84       
PG28   8233.479548  17245.057861 -18470.287709    -98.853021  5  7  5  74       
PG29  -1002.747676  19321.365227 -18198.270577   -608.681399  6  5  6  67       
PG30  -3870.914365 -21792.984833  14608.670088   -445.407718  3  5  2  79       
PG31  13366.371465   8124.993846 -21640.718627   -227.299520  5  3  3  58       
PG32  15524.612687  21393.220163   3774.321621   -605.070182  7  5  5  16       
*  2024  1 14 21 45  0.00000000
PG01  12858.360053 -20590.442977  10018.732426    166.118279  5  5  4  96       
PG02  14574.781910 -14743.534129  16970.130739   -500.835081  6  5  2  53       
PG03  22100.503966 -11841.892297  -8730.880955    126.314075  6  5  4  90       
PG04  11809.131735  -9501.270103 -21801.537739    266.142672  6  5  5  84       
PG05 -25783.347241   5803.510185  -3293.313949   -157.974515  5  5  6  60       
PG06  -8140.801133 -16715.958772 -18851.927219    444.578079  4  6  5  75       
PG07   4533.804323 -25752.260348   3298.996497    -37.380906  5  5  7  66       
PG08  18117.359252  -1759.240388  19393.956571   -162.107787  6  5  8  77       
PG09   -105.120984 -18607.856849 -19015.071208     58.952290  8  8  7  72       
PG10   9532.915128  12448.999258  21689.857016    -69.348777  7  4  4  77       
PG11 -14081.610678  -5478.678206 -21819.157464   -539.955517  6  7  6  95       
PG12 -22770.471188  10615.177391  -8791.721823   -467.904867  4  2  2  63       
PG13 -19786.521204  -9164.112345  15111.896836    615.879446  6  5  5  96       
PG14  -5218.915769 -14698.729349  21527.047663    298.740750  6  4  4  98       
PG15 -18014.882528   3837.279330  18718.767407    117.267089  4  6  4  43       
PG16  25321.813202   1866.663982  -8886.880268   -384.076122  5  4  6  92       
PG17 -10792.264210 -22320.465169   9747.481829    719.866222  5  6  4  94       
PG18  -4469.413182  25739.858315   4218.392505   -532.138799  6  3  5  28       
PG19 -16813.282286 -20812.978923    -57.171747    426.591204 11 12  6  53       
PG20 -21460.827428  -2102.931688 -15334.809067    391.517847  4  5  4  70       
PG21  15501.003473  -9415.533882  19551.421791    138.392482  4  5  3  88       
PG22 -12622.209561 -12187.971175  20287.549436     48.209349  6  5  5  72       
PG23  -4579.793063  15940.866758  20720.216135    135.435046  5  4  5  44       
PG24 -14828.541791  13733.496439  16611.737402   -413.858879  5  5  7  70       
PG25 -12959.659190  16138.430917 -16824.467931    485.264447  5  3  4  56       
PG26  19722.860166   6439.849532 -16923.175018    200.290629  5  5  3  85       
PG28   7567.279763  19151.265203 -16799.972732    -98.863228  5  7  4  38       
PG29  -2439.799795  17708.567862 -19657.474436   -608.680903  6  4  6  56       
PG30  -3158.849286 -23188.911272  12427.532172   -445.403535  4  5  2  90       
PG31  12550.776643  10393.532563 -21111.427884   -227.299672  5  3  3  54       
PG32  14969.923429  21141.575255   6538.517727   -605.072754  7  5  5  23       
*  2024  1 14 22  0  0.00000000
PG01  12694.919076 -19242.602168  12537.060935    166.119195  5  5  5 101       
PG02  14424.623685 -12787.671548  18671.835760   -500.829896  6  6  2  83       
PG03  22945.635777 -11897.995857  -5992.327982    126.337436  6  5  5  79       
PG04  13540.563733  -7727.800581 -21505.667135    266.151501  6  6  5  85       
PG05 -25369.737494   5427.405850  -6094.070624   -157.975826  6  5  6  58       
PG06  -7538.318690 -18700.563895 -17160.232744    444.566230  5  6  6  85       
PG07   4884.138216 -25839.812619    447.479543    -37.389170  5  5  8  36       
PG08  19646.336007   -252.879708  17974.381413   -162.110567  6  5  8  88       
PG09   1633.141864 -17203.263616 -20239.304826     58.963277  7  8  7  67       
PG10   7187.354123  13172.951948  22137.239191    -69.349994  6  3  4  82       
PG11 -13376.156519  -7860.756367 -21537.611975   -539.968094  7  7  6  88       
PG12 -23621.225793  10568.328627  -6098.736843   -467.908538  4  2  2  73       
PG13 -20674.849771 -10535.156666  12917.079012    615.882754  6  5  5  79       
PG14  -2840.396133 -15337.158104  21510.571473    298.750139  6  4  4  92       
PG15 -19683.667912   2470.043067  17268.496006    117.270430  5  6  4  56       
PG16  24278.172125   2270.441790 -11398.985618   -384.069342  6  4  5  73       
PG17  -9824.644586 -21578.081481  12246.663148    719.865270  5  5  4  91       
PG18  -4769.777911  25991.714385   1348.355824   -532.147109  6  1  5  68       
PG19 -16546.553198 -20811.481549   2791.182994    426.595740 11 12  7  81       
PG20 -19869.514717  -3122.635180 -17200.905662    391.516175  4  5  4  80       
PG21  15320.234295  -7185.337423  20721.947008    138.391117  4  5  3  85       
PG22 -10391.989286 -12734.934408  21240.530409     48.203494  6  4  4  85       
PG23  -6792.377212  16580.935435  19561.267982    135.441810  6  4  5  53       
PG24 -14759.479180  11636.614852  18199.767410   -413.865345  5  5  7  81       
PG25 -14708.439083  16485.049504 -14876.159474    485.265641  5  4  4  80       
PG26  17919.949543   7314.639877 -18480.013470    200.287457  5  5  3  82       
PG28   7042.957995  20888.718876 -14841.059649    -98.873484  5  7  4  50       
PG29  -4059.185031  16068.072758 -20778.795678   -608.680372  6  4  7  82       
PG30  -2574.776303 -24367.394885  10031.025557   -445.399393  5  5  1  87       
PG31  11871.560426  12628.117428 -20223.299700   -227.299902  5  3  2  69       
PG32  14181.353474  20711.232481   9192.161018   -605.075315  7  5  5  50       
*  2024  1 14 22 15  0.00000000
PG01  12554.921603 -17613.845111  14831.676607    166.120100  5  6  4  96       
PG02  14364.033138 -10659.346110  20062.072318   -500.825067  6  6  3  83       
PG03  23489.600957 -11890.915711  -3150.330983    126.360791  6  5  5  98       
PG04  15321.546834  -6085.318366 -20839.844732    266.160282  5  6  5  87       
PG05 -24691.182830   4910.268968  -8791.007007   -157.977168  6  5  6  43       
PG06  -7086.491033 -20509.660741 -15170.439980    444.554344  5  6  6  68       
PG07   5177.314483 -25622.279139  -2411.919836    -37.397811  5  5  8  26       
PG08  21109.275795   1060.106224  16247.878508   -162.111505  7  5  8  78       
PG09   3533.876242 -15817.220593 -21117.339762     58.974269  7  8  7  76       
PG10   4855.925458  14038.659728  22211.496321    -69.351732  6  3  5  57       
PG11 -12809.304386 -10224.609762 -20884.798160   -539.980731  7  7  6  90       
PG12 -24176.768206  10477.809860  -3301.122060   -467.911779  4  2  2  61       
PG13 -21459.796260 -11659.984571  10499.863801    615.886322  6  5  5  75       
PG14   -516.458602 -16086.715982  21124.406257    298.759371  6  4  4  96       
PG15 -21255.824033   1282.578038  15512.193855    117.273809  6  7  4  74       
PG16  22998.287669   2799.116167 -13722.594852   -384.062485  6  5  5  77       
PG17  -8626.113537 -20704.282349  14538.056209    719.864627  5  5  4  98       
PG18  -4994.577780  25936.905341  -1545.148421   -532.155389  7     6  52       
PG19 -16057.224194 -20597.492327   5592.400834    426.600745 10 11  7  71       
PG20 -18163.244819  -4318.128821 -18767.822591    391.514478  4  6  4  89       
PG21  15247.286280  -4848.152736  21543.572181    138.389767  4  6  4  84       
PG22  -8114.305696 -13420.770268  21840.008830     48.197519  6  4  4  85       
PG23  -8828.380487  17284.849003  18064.481757    135.448580  6  4  5  59       
PG24 -14774.237925   9376.478501  19460.166741   -413.871806  5  5  7  78       
PG25 -16223.328248  16835.415891 -12673.996038    485.266870  6  5  4  73       
PG26  16017.238243   8341.217990 -19725.915834    200.284243  5  5  3  88       
PG28   6642.445804  22417.477049 -12627.149104    -98.883736  5  7  4  64       
PG29  -5840.813202  14443.975982 -21543.314687   -608.680005  6  3  7  68       
PG30  -2095.541637 -25296.723809   7460.260555   -445.395195  5  5  1  75       
PG31  11328.999667  14781.541592 -18990.081339   -227.300614  5  3  2  82       
PG32  13148.214812  20139.626745  11690.621266   -605.077896  6  5  5  48       
*  2024  1 14 22 30  0.00000000
PG01  12475.052290 -15731.241289  16861.214357    166.121061  5  7  4 108       
PG02  14414.875215  -8398.980272  21119.178097   -500.820056  6  6  3  83       
PG03  23735.473451 -11780.963748   -253.853465    126.384168  7  5  5  59       
PG04  17110.485670  -4598.939234 -19815.911481    266.169099  5  7  5  78       
PG05 -23777.340619   4225.968249 -11338.433883   -157.978212  7  5  6  16       
PG06  -6765.383147 -22101.056537 -12917.100338    444.542454  5  6  7  58       
PG07   5449.289992 -25094.843497  -5228.282005    -37.406203  4  6  8  64       
PG08  22462.898807   2174.502516  14244.848190   -162.113691  7  6  8  80       
PG09   5567.855892 -14487.153452 -21634.442970     58.985269  7  8  7  95       
PG10   2585.289921  15029.702800  21910.417197    -69.352608  6  3  5  62       
PG11 -12382.886952 -12521.347787 -19872.125789   -539.993279  7  7  6  79       
PG12 -24436.741932  10305.326261   -446.687959   -467.915062  5  2  2  33       
PG13 -22100.106890 -12540.949372   7902.405602    615.889829  6  6  5  72       
PG14   1709.633293 -16927.290921  20374.638910    298.768583  6  4  4  88       
PG15 -22688.434822    275.432853  13482.347339    117.277373  6  7  5  86       
PG16  21516.177245   3475.076258 -15819.540614   -384.055333  6  5  5  61       
PG17  -7198.149747 -19742.125212  16583.976219    719.863798  6  5  3  85       
PG18  -5181.605485  25568.622365  -4411.749099   -532.163711  7     6  62       
PG19 -15324.902751 -20203.340782   8298.934393    426.605400 10 10  7  52       
PG20 -16387.524060  -5685.918878 -20008.569767    391.512884  4  6  4  77       
PG21  15296.504275  -2449.189113  22005.749545    138.388853  3  6  5  86       
PG22  -5835.726870 -14240.927067  22077.221429     48.191695  7  4  4  78       
PG23 -10655.035640  18017.657999  16255.249639    135.455304  6  4  6  65       
PG24 -14891.470848   6996.494231  20370.572515   -413.878232  5  5  7  85       
PG25 -17485.683856  17151.769014 -10254.577289    485.268074  6  5  3  63       
PG26  14057.860608   9516.728010 -20639.305416    200.281072  4  5  4  84       
PG28   6341.186787  23703.069506 -10196.231181    -98.893981  5  7  4  65       
PG29  -7756.984815  12876.954479 -21938.254400   -608.679566  6  3  8  66       
PG30  -1692.936219 -25951.805200   4759.605101   -445.391032  5  5  2  56       
PG31  10915.544191  16807.776212 -17431.493857   -227.300649  5  3  1  85       
PG32  11867.867476  19466.712485  13991.962590   -605.080529  6  5  4  62       
*  2024  1 14 22 45  0.00000000
PG01  12487.235237 -13630.110288  18589.124442    166.122009  5  8  4  99       
PG02  14591.939775  -6050.609966  21826.990861   -500.814938  5  7  3  90       
PG03  23695.281628 -11530.806253   2647.008858    126.407537  7  5  6  78       
PG04  18862.945253  -3286.049669 -18451.818957    266.177903  4  7  5  96       
PG05 -22663.751694   3354.734755 -13693.324707   -157.979072  7  5  6  57       
PG06  -6548.215398 -23438.537990 -10439.383751    444.530555  5  6  7  73       
PG07   5736.331776 -24261.968812  -7950.936487    -37.414608  4  6  8  49       
PG08  23665.254547   3093.355108  12000.135192   -162.116016  7  6  8  85       
PG09   7699.601135 -13245.450914 -21782.024496     58.996265  6  8  7  98       
PG10    418.863886  16121.996397  21238.022704    -69.354170  6  3  6  57       
PG11 -12090.566827 -14703.283231 -18517.198081   -540.005816  7  7  6  81       
PG12 -24409.493887  10014.184292   2415.436437   -467.918812  5  3  2  38       
PG13 -22557.309649 -13188.877097   5169.686749    615.893164  7  6  5  81       
PG14   3798.841906 -17832.141471  19273.642278    298.777871  6  4  5  99       
PG15 -23941.321561   -558.904138  11216.022135    117.280815  6  7  5  75       
PG16  19870.547390   4314.113100 -17655.307076   -384.048416  6  5  5  86       
PG17  -5550.529988 -18734.770693  18351.142541    719.863068  6  5  3  87       
PG18  -5369.455618  24889.286687  -7201.542004   -532.172030  7     6  68       
PG19 -14336.789458 -19665.745857  10864.541125    426.610161  8  9  8  66       
PG20 -14587.770186  -7214.331338 -20901.922746    391.511242  4  6  4  82       
PG21  15474.513210    -35.049771  22103.886440    138.388031  3  7  5  88       
PG22  -3601.409083 -15183.105603  21949.229441     48.185964  7  4  4  80       
PG23 -12247.087374  18740.212613  14164.475068    135.462064  7  4  6  38       
PG24 -15122.692376   4543.714752  20915.236924   -413.884651  4  6  7 101       
PG25 -18484.932284  17394.784125  -7658.569236    485.269321  6  5  3  57       
PG26  12084.818762  10830.653134 -21204.017617    200.277864  4  5  4  80       
PG28   6109.253194  24717.724572  -7590.039556    -98.904210  5  7  4  35       
PG29  -9773.294414  11402.802955 -21957.173733   -608.678941  7  3  8  88       
PG30  -1334.985584 -26315.132038   1975.913303   -445.386873  6  5  3  73       
PG31  10616.164638  18663.588833 -15572.996402   -227.300947  5  4     55       
PG32  10345.976913  18733.380356  16057.594435   -605.083133  6  5  4  64       
*  2024  1 14 23  0  0.00000000
PG01  12617.195343 -11352.769830  19984.418923    166.122987  6  8  4 105       
PG02  14902.389749  -3660.419852  22174.996384   -500.809763  5  7  3  92       
PG03  23389.476061 -11107.109985   5501.907900    126.430931  6  5  6  71       
PG04  20533.262157  -2155.825941 -16771.298719    266.186653  4  7  5  72       
PG05 -21390.472740   2284.087986 -15816.001518   -157.981168  7  5  6  80       
PG06  -6402.583708 -24493.176789  -7780.377868    444.518630  5  6  7  53       
PG07   6073.326185 -23137.380131 -10530.487977    -37.422873  4  7  8  60       
PG08  24677.262800   3827.610173   9552.406842   -162.118686  7  6  7  80       
PG09   9888.560726 -12118.313761 -21557.764039     59.007274  6  9  7  91       
PG10  -1604.658471  17284.598253  20204.573339    -69.356379  6  3  6  79       
PG11 -11918.187786 -16725.598549 -16843.497410   -540.018400  7  7  6  57       
PG12 -24111.727321   9570.917608   5235.647611   -467.922134  5  4  2  74       
PG13 -22797.234341 -13622.412086   2348.725873    615.896597  7  6  5  65       
PG14   5717.677428 -18768.887279  17839.899267    298.787124  6  4  5  99       
PG15 -24978.537959  -1235.415771   8754.078455    117.284319  6  7  5  68       
PG16  18103.446898   5324.678759 -19199.521749   -384.041362  7  5  4  79       
PG17  -3701.079681 -17723.845458  19811.120913    719.862154  6  5  3  84       
PG18  -5595.809631  23910.505399  -9865.989335   -532.180308  7  2  6  67       
PG19 -13088.381844 -19024.352598  13245.054767    426.614827  7  8  7  67       
PG20 -12807.639309  -8883.804234 -21432.778163    391.509161  4  7  5  90       
PG21  15780.076462   2347.805709  21839.210649    138.386460  4  7  6  86       
PG22  -1453.623198 -16227.675097  21458.897282     48.179719  7  4  4  80       
PG23 -13587.600203  19410.724180  11828.057942    135.468780  7  4  6  79       
PG24 -15471.759881   2067.110802  21085.300910   -413.891064  4  6  7  96       
PG25 -19218.884902  17525.196844  -4930.075011    485.270512  6  5  2  62       
PG26  10139.494503  12265.031643 -21409.605709    200.274698  4  5  4  72       
PG28   5912.677074  25441.350439  -4853.340286    -98.914486  5  7  4  48       
PG29 -11849.794571  10051.173707 -21600.053935   -608.678275  7  3  8  74       
PG30   -987.402457 -26377.468217   -842.306812   -445.382701  6  5  3  79       
PG31  10409.004362  20310.085032 -13445.443841   -227.301223  5  4  1  66       
PG32   8596.468755  17979.857141  17852.868047   -605.085755  6  6  4  63       
*  2024  1 14 23 15  0.00000000
PG01  12883.289773  -8946.994052  21022.295045    166.123975  6  9  5 109       
PG02  15345.495342  -1275.224188  22158.404000   -500.804647  5  8  4  81       
PG03  22846.073988 -10482.046436   8261.139863    126.454354  6  6  7  46       
PG04  22076.209019  -1209.075929 -14803.437421    266.195394  5  7  5  79       
PG05 -20000.559264   1009.483970 -17670.760867   -157.982115  8  6  5  81       
PG06  -6291.907755 -25244.358335  -4986.315579    444.506690  6  6  8  77       
PG07   6492.124203 -21743.664956 -12919.847968    -37.431414  4  7  7  80       
PG08  25464.145311   4395.461471   6943.487848   -162.119122  7  6  7  83       
PG09  12090.489448 -11124.852888 -20965.635941     59.018241  5  9  7  92       
PG10  -3452.616907  18480.793852  18826.480521    -69.357781  6  3  7  66       
PG11 -11844.439191 -18547.905727 -14879.970636   -540.030982  7  7  7  80       
PG12 -23567.834743   8946.810908   7964.743573   -467.925622  5  4  1  80       
PG13 -22791.366478 -13867.076751   -512.229230    615.900049  8  6  5  61       
PG14   7439.309598 -19700.737475  16097.717620    298.796384  5  4  5  95       
PG15 -25769.682054  -1775.676142   6140.343028    117.287907  6  7  5  45       
PG16  16258.813944   6507.408784 -20426.398135   -384.034138  7  5  4  68       
PG17  -1675.134642 -16747.897452  20940.680976    719.861987  6  5  3  77       
PG18  -5895.761649  22652.675616 -12358.792290   -532.188569  7  3  6  71       
PG19 -11583.879276 -18320.154126  15399.143941    426.619641  7  6  7  48       
PG20 -11087.439823 -10667.496431 -21592.394037    391.507587  5  7  6  93       
PG21  16204.244945   4654.552736  21218.570116    138.385423  5  8  7  86       
PG22    569.601690 -17348.355017  20614.802765     48.174055  6  3  4  78       
PG23 -14668.446445  19986.450582   9286.283188    135.475499  7  5  7  63       
PG24 -15934.696466   -384.221221  20878.905669   -413.897463  4  6  7  89       
PG25 -19693.739088  17505.462045  -2115.919833    485.271746  6  5  2  40       
PG26   8260.219354  13794.960276 -21251.567431    200.271541  4  5  4  71       
PG28   5714.944295  25862.233030  -2033.167018    -98.924740  5  7  4  27       
PG29 -13942.375751   8844.565729 -20873.278124   -608.677855  7  3  9  74       
PG30   -615.143718 -26138.220738  -3645.770297   -445.378528  6  5  4  73       
PG31  10266.316739  21714.112384 -11084.636715   -227.301261  5  4  2  69       
PG32   6641.183541  17244.146259  19347.612577   -605.088349  6  6  4  67       
*  2024  1 14 23 30  0.00000000
PG01  13295.662401  -6464.249589  21684.618056    166.124923  7  9  7 101       
PG02  15912.657726   1059.056790  21778.154436   -500.799812  5  8  5  78       
PG03  22099.512049  -9634.591822  10876.541115    126.477833  6  6  7  84       
PG04  23448.649072   -438.407190 -12582.165954    266.204238  6  7  5  73       
PG05 -18538.455712   -465.336944 -19226.432763   -157.983067  8  7  5  76       
PG06  -6177.048209 -25680.493292  -2105.746347    444.494762  6  6  8  93       
PG07   7020.000373 -20111.500274 -15075.240653    -37.439747  4  8  7  78       
PG08  25996.698026   4821.434618   4217.662676   -162.120812  7  6  7  78       
PG09  14258.970036 -10276.468955 -20015.833187     59.029270  5  9  7  64       
PG10  -5099.480073  19669.424583  17126.117490    -69.358965  5  3  7  39       
PG11 -11841.806715 -20135.640443 -12660.521795   -540.043567  7  6  7  66       
PG12 -22808.931646   8119.257920  10554.815523   -467.929082  6  5     79       
PG13 -22517.986564 -13954.085960  -3364.510707    615.903521  8  6  6  58       
PG14   8944.424807 -20587.910974  14076.837854    298.805638  5  4  5  96       
PG15 -26290.977801  -2206.725605   3420.760167    117.291565  6  7  6  73       
PG16  14380.964688   7854.924490 -21315.126600   -384.026840  7  5  3  70       
PG17    495.261347 -15840.994910  21722.071417    719.860995  7  5  4  65       
PG18  -6300.253470  21144.253245 -14636.719055   -532.196829  7  4  6  77       
PG19  -9836.267591 -17593.856217  17289.045345    426.624473  8  5  7  44       
PG20  -9462.695160 -12532.187451 -21378.512343    391.505921  5  7  6  82       
PG21  16730.779218   6843.401747  20254.179658    138.384357  6  8  8  82       
PG22   2435.674906 -18513.137511  19431.082472     48.168342  6  3  4  83       
PG23 -15490.453364  20425.439026   6583.122619    135.482222  7  5  7  55       
PG24 -16499.858745  -2762.836441  20301.143821   -413.903900  4  6  8  86       
PG25 -19923.756803  17301.381919    735.141296    485.272910  6  5  2  35       
PG26   6480.955130  15389.371405 -20731.485785    200.268373  4  5  4  65       
PG28   5478.593269  25977.423326    821.984590    -98.935002  5  7  4  20       
PG29 -16004.309579   7797.599683 -19789.505705   -608.677131  7  3  9  68       
PG30   -184.007898 -25605.480491  -6385.318941   -445.374401  7  5  5  80       
PG31  10155.657068  22849.468655  -8530.765137   -227.301607  5  4  3  75       
PG32   4509.243978  16560.564342  20516.605478   -605.090956  7  6  5  65       
*  2024  1 14 23 45  0.00000000
PG01  13855.758401  -3957.787646  21960.251153    166.125914  8 10  8 115       
PG02  16587.717225   3298.876370  21040.863853   -500.794799  5  8  6  63       
PG03  21189.251312  -8551.567877  13302.365013    126.501285  5  6  7  69       
PG04  24611.118297    171.287568 -10145.671937    266.212983  7  7  4  76       
PG05 -17048.351854  -2128.314106 -20456.866703   -157.984620  8  7  4  75       
PG06  -6018.027261 -25799.384602    811.332033    444.482810  6  5  8  80       
PG07   7678.299664 -18278.533834 -16957.150695    -37.448192  4  8  7  83       
PG08  26252.360516   5135.245610   1420.955773   -162.122270  7  6  7  87       
PG09  16347.023031  -9576.535726 -18724.592190     59.040265  5  9  7  70       
PG10  -6527.679351  20806.413866  15131.526805    -69.360056  5  4  8  33       
PG11 -11877.771411 -21461.237763 -10223.421384   -540.056158  7  6  8  57       
PG12 -21871.624870   7072.894545  12960.136914   -467.932327  6  6  1  66       
PG13 -21963.055375 -13918.964404  -6159.829377    615.906652  7  6  6  84       
PG14  10221.793613 -21389.194362  11811.939125    298.814833  5  5  6 112       
PG15 -26526.091106  -2559.754326    642.542182    117.294823  6  7  6  82       
PG16  12513.072759   9351.923539 -21850.210201   -384.020045  7  6  3  65       
PG17   2772.391027 -15031.513920  22143.215753    719.860113  7  5  4  94       
PG18  -6834.682301  19420.716425 -16660.371693   -532.205096  7  4  6  85       
PG19  -7867.073250 -16884.245731  18881.257875    426.629453  9  5  6  48       
PG20  -7962.910545 -14439.431508 -20795.363797    391.504252  5  7  7  71       
PG21  17336.820499   8876.867517  18963.325229    138.383218  6  8  8  87       
PG22   4118.443905 -19685.418626  17927.215072     48.162316  6  3  5  84       
PG23 -16063.202110  20688.256455   3765.462332    135.488946  7  6  7  46       
PG24 -17148.436517  -5024.626550  19363.857873   -413.910303  5  6  8  76       
PG25 -19930.626056  16883.635872   3573.281169    485.274102  6  5  3  69       
PG26   4830.134706  17012.060362 -19857.077670    200.265138  4  5  4  66       
PG28   5166.856013  25792.798890   3662.989551    -98.945281  6  7  4  18       
PG29 -17987.897240   6916.604400 -18367.444860   -608.676581  7  3  9  88       
PG30    337.793386 -24795.727108  -9012.832004   -445.370257  7  5  5  79       
PG31  10041.286554  23697.861761  -5827.751422   -227.301901  5  4  4  32       
PG32   2236.156871  15958.425924  21339.972342   -605.093639  7  6  5  58       
EOF
