#cP2024  1  7  0  0  0.00000000      96 ORBIT IGS20 HLM  IGS
## 2296      0.00000000   900.00000000 60316 0.0000000000000
+   31   G01G02G03G04G05G06G07G08G09G10G11G12G13G14G15G16G17
+        G18G19G20G21G22G23G24G25G26G28G29G30G31G32  0  0  0
+          0  0  0  0  0  0  0  0  0  0  0  0  0  0  0  0  0
+          0  0  0  0  0  0  0  0  0  0  0  0  0  0  0  0  0
+          0  0  0  0  0  0  0  0  0  0  0  0  0  0  0  0  0
++         2  2  2  2  2  2  1  2  1  2  2  2  2  2  2  2  2
++         2  2  2  2  1  2  2  2  1  2  2  2  2  2  0  0  0
++         0  0  0  0  0  0  0  0  0  0  0  0  0  0  0  0  0
++         0  0  0  0  0  0  0  0  0  0  0  0  0  0  0  0  0
++         0  0  0  0  0  0  0  0  0  0  0  0  0  0  0  0  0
%c G  cc GPS ccc cccc cccc cccc cccc ccccc ccccc ccccc ccccc
%c cc cc ccc ccc cccc cccc cccc cccc ccccc ccccc ccccc ccccc
%f  1.2500000  1.025000000  0.00000000000  0.000000000000000
%f  0.0000000  0.000000000  0.00000000000  0.000000000000000
%i    0    0    0    0      0      0      0      0         0
%i    0    0    0    0      0      0      0      0         0
/* FINAL ORBIT COMBINATION FROM WEIGHTED AVERAGE OF:        
/* cod emr esa gfz grg jgx jpl mit ngs sio                  
/* REFERENCED TO IGS TIME (IGST) AND TO WEIGHTED MEAN POLE: 
/* PCV:IGS20      OL/AL:FES2014b NONE     Y  ORB:CMB CLK:CMB
*  2024  1  7  0  0  0.00000000
PG01  13353.328554  -6383.644398  21672.805703    165.441072  5  9  7  51       
PG02  15857.234291    974.695261  21822.048121   -504.655923  6  9  7  58       
PG03  22237.127309  -9665.163167  10568.444405    108.509363  8  5  9  66       
PG04  23169.081172   -649.794301 -13078.044282    259.447023  8  8  6           
PG05 -18726.489668   -330.416351 -19045.511618   -157.003615  9  7  7  62       
PG06  -6299.493036 -25584.242643  -2793.107458    453.474996  6  7  6  80       
PG07   6912.674950 -20431.009062 -14695.660993    -30.974093  9  5  7  94       
PG08  25913.446261   4662.368169   4838.030972   -160.815028  8  9 10  70       
PG09  13962.814057 -10370.336962 -20176.142807     50.647646  6  7  4  89       
PG10  -4845.356134  19463.904467  17438.743130    -68.311684  6  2  5  61       
PG11 -11849.236025 -19844.127480 -13105.147170   -530.292212  7  8  4  82       
PG12 -22951.620987   8234.240820  10159.242496   -465.280332  7  7  7  83       
PG13 -22595.948477 -13937.552345  -2838.015705    613.312642  8  6  7  73       
PG14   8694.815441 -20429.293799  14464.411487    291.710797  8  5  7  46       
PG15 -26206.558083  -2056.653997   4021.629902    114.615507  7  9  9  69       
PG16  14678.702480   7630.357623 -21196.637044   -389.328904  7  7  3  46       
PG17     68.150416 -16004.632906  21603.912688    720.461952  6  5  3  45       
PG18  -6191.197340  21467.246280 -14203.884146   -525.777697  7  7  7  80       
PG19 -10153.567257 -17722.537010  16978.278138    422.990465  4  5  6  27       
PG20  -9723.371343 -12214.438919 -21443.661060    392.813917  8  9  6  39       
PG21  16632.303978   6539.990166  20426.657764    139.215411  7  9  6  89       
PG22   2171.080750 -18316.487054  19650.607029     52.672147  3  6  5  59       
PG23 -15393.886891  20347.513400   7038.678939    130.364071  7  6  8  44       
PG24 -16389.118460  -2306.951029  20437.414327   -408.880946  5  6  5  72       
PG25 -19869.392704  17389.271968    151.911824    484.335806  9  6  8 104       
PG26   6933.410357  14982.362399 -20889.732213    202.667842  5  6  4  45       
PG28   5628.956420  25958.061855    153.864023    -91.203903  8  6  6  57       
PG29 -15630.604198   7978.739551 -20013.114558   -609.026955  8  5  6  95       
PG30   -247.428366 -25720.018874  -5913.172810   -448.545127  9  5  5  94       
PG31  10188.779733  22648.590486  -9028.733139   -227.139635  6  6  6  64       
PG32   4980.401476  16689.515205  20301.559197   -603.055154  7  5  6  90       
*  2024  1  7  0 15  0.00000000
PG01  13883.922583  -3871.597239  21957.438380    165.441925  5  8  7  52       
PG02  16508.854956   3228.154556  21113.601873   -504.650775  6  9  6  65       
PG03  21340.359483  -8614.805560  13019.756119    108.532876  7  5  9  78       
PG04  24380.977040     -9.459581 -10684.890701    259.455842  8  7  6  24       
PG05 -17231.678839  -1964.947653 -20319.028172   -157.004918  9  7  6  59       
PG06  -6155.142440 -25778.468427    119.640531    453.463389  6  6  5  84       
PG07   7546.001298 -18632.412378 -16630.626432    -30.982589  9  6  6 106       
PG08  26233.788497   4997.452141   2052.932785   -160.816062  8  9 10  75       
PG09  16063.864965  -9644.020404 -18934.644724     50.658519  6  7  4  61       
PG10  -6312.652760  20612.180038  15492.071497    -68.312995  6  3  5  38       
PG11 -11881.083255 -21221.825822 -10706.907740   -530.305155  6  7  4  70       
PG12 -22037.905778   7225.010224  12597.278896   -465.284303  7  6  7  70       
PG13 -22093.643264 -13923.294484  -5646.983585    613.316202  8  6  7  63       
PG14  10013.414592 -21249.791587  12240.348508    291.720054  8  5  7  45       
PG15 -26506.039697  -2423.709247   1252.644228    114.619110  6  8  9  55       
PG16  12804.176652   9102.497482 -21790.909133   -389.321931  7  7  3  31       
PG17   2328.676361 -15176.182286  22093.385995    720.461086  6  5  4  43       
PG18  -6699.926791  19783.732842 -16280.710242   -525.786200  6  7  6  87       
PG19  -8221.249055 -17006.726801  18624.932707    422.995310  3  5  6  21       
PG20  -8198.840100 -14116.069885 -20923.647771    392.811968  8  8  6  59       
PG21  17223.432363   8600.927429  19185.411964    139.214482  7  9  6  79       
PG22   3886.149622 -19488.689697  18196.700093     52.666442  3  6  4  58       
PG23 -16006.987926  20641.484653   4236.438822    130.370597  7  6  8  74       
PG24 -17024.398896  -4593.776072  19567.999073   -408.887626  5  6  5  79       
PG25 -19919.860569  17018.114094   2997.451626    484.337003  8  6  8 106       
PG26   5255.310112  16608.086622 -20097.307749    202.664736  5  6  4  57       
PG28   5337.173328  25843.618220   3002.310596    -91.213922  8  6  6  55       
PG29 -17632.343270   7067.801370 -18651.021067   -609.026411  8  5  6  85       
PG30    256.139332 -24956.983237  -8563.327208   -448.541053  9  5  5  88       
PG31  10078.022586  23552.748412  -6350.713559   -227.139780  6  5  7  59       
PG32   2731.831596  16072.585650  21196.367905   -603.057984  6  5  5  88       
*  2024  1  7  0 30  0.00000000
PG01  14555.401298  -1386.223775  21851.449404    165.442815  5  8  7  64       
PG02  17248.221903   5351.103607  20059.094287   -504.645672  6  9  6  53       
PG03  20316.528339  -7324.840342  15243.965756    108.556395  7  4  9  75       
PG04  25355.172590    487.321588  -8109.061430    259.464661  8  7  6  61       
PG05 -15745.326749  -3770.592199 -21248.911055   -157.006314  9  7  6  70       
PG06  -5935.518775 -25660.424332   3030.324448    453.451758  5  5  5  73       
PG07   8321.955072 -16667.940914 -18263.689977    -30.991046  8  6  6  93       
PG08  26264.562385   5246.983620   -766.632040   -160.817506  8  8 10  69       
PG09  18045.604481  -9062.819854 -17370.155215     50.669435  6  7  5  91       
PG10  -7553.059927  21671.382122  13278.402434    -68.315347  6  3  6  64       
PG11 -11922.404781 -22320.887349  -8124.673652   -530.318007  6  7  5  62       
PG12 -20979.468794   5990.386959  14814.348058   -465.287846  7  6  7  57       
PG13 -21304.510456 -13818.115883  -8360.486318    613.319585  8  5  6  78       
PG14  11101.150142 -21950.734310   9803.929150    291.729325  7  4  7  48       
PG15 -26512.065887  -2739.779633  -1537.742716    114.622327  6  8  9  65       
PG16  10973.662608  10705.710611 -22022.750131   -389.315054  7  7  4  46       
PG17   4661.935510 -14463.380868  22217.084463    720.459817  6  5  4  56       
PG18  -7354.313179  17917.914534 -18074.919131   -525.794760  6  7  6  69       
PG19  -6091.099725 -16336.990718  19949.890136    423.000112  3  4  5  74       
PG20  -6818.453831 -16025.569885 -20042.712210    392.810057  8  8  5  72       
PG21  17870.589442  10479.199231  17635.997421    139.213192  6  8  6  86       
PG22   5401.389447 -20635.416184  16442.854501     52.660443  3  5  4  63       
PG23 -16384.914852  20729.722796   1360.472889    130.377196  7  6  7  68       
PG24 -17723.050582  -6731.609461  18353.393507   -408.894289  5  5  4  54       
PG25 -19769.391583  16413.986558   5790.248439    484.338228  8  5  8 101       
PG26   3723.195127  18231.251290 -18960.463811    202.661668  5  6  4  52       
PG28   4942.323312  25440.078112   5799.072980    -91.223789  7  7  6  55       
PG29 -19517.152138   6321.776770 -16970.193334   -609.026240  9  5  6  79       
PG30    873.531394 -23936.399556 -11063.171872   -448.536966  9  5  5  96       
PG31   9933.098597  24161.441077  -3561.342276   -227.140036  6  5  7  47       
PG32    374.420637  15556.190717  21733.775994   -603.060746  6  5  5  95       
*  2024  1  7  0 45  0.00000000
PG01  15352.600617   1021.307757  21357.883451    165.443673  5  8  6  75       
PG02  18046.748985   7308.129247  18675.637864   -504.640813  6  8  5  70       
PG03  19210.151935  -5798.378792  17202.093143    108.579951  6  4  9  81       
PG04  26062.318290    867.360698  -5394.671270    259.473456  8  7  7  78       
PG05 -14306.960526  -5720.832885 -21819.437704   -157.007934  8  7  6  81       
PG06  -5603.475292 -25244.405985   5888.574544    453.440179  5  4  5  73       
PG07   9248.513706 -14584.093811 -19565.188856    -30.999690  8  6  5  77       
PG08  25996.978072   5446.580994  -3573.349917   -160.819772  8  8 10  74       
PG09  19864.309590  -8615.575188 -15509.304650     50.680342  6  7  5  76       
PG10  -8564.701024  22596.472319  10835.053303    -68.316624  6  4  6  67       
PG11 -11935.287243 -23128.537298  -5402.877008   -530.330870  6  6  5  81       
PG12 -19819.140344   4530.291760  16770.978647   -465.291186  7  6  6  23       
PG13 -20229.796974 -13661.382930 -10932.893325    613.323186  8  5  6  83       
PG14  11961.931690 -22492.484076   7197.250613    291.738575  7  5  7  44       
PG15 -26222.757041  -3039.795245  -4302.113346    114.625877  6  7  9  60       
PG16   9224.506959  12411.358314 -21887.083224   -389.308266  7  6  4  41       
PG17   7023.156856 -13881.927427  21973.464703    720.459361  5  5  5  70       
PG18  -8166.962801  15914.507680 -19555.706854   -525.803264  6  7  6           
PG19  -3798.528925 -15744.687163  20929.026849    423.005040  3  4  5  53       
PG20  -5598.414420 -17898.589865 -18816.580190    392.808668  8  7  5  66       
PG21  18541.235706  12147.949492  15804.150518    139.211678  6  8  6  76       
PG22   6704.261794 -21715.100814  14417.600523     52.654505  4  5  4  72       
PG23 -16551.639664  20581.571000  -1539.179797    130.383755  7  7  7  56       
PG24 -18455.520355  -8686.121050  16816.693799   -408.900926  5  5  4  21       
PG25 -19450.530769  15559.643469   8480.839453    484.339448  8  5  8  87       
PG26   2353.433141  19809.647040 -17497.569746    202.658599  6  6  5  66       
PG28   4412.850255  24768.160672   8495.981029    -91.233682  7  7  6  49       
PG29 -21239.884317   5731.916132 -14999.441027   -609.025768  9  4  6  84       
PG30   1628.437330 -22688.218875 -13368.780056   -448.532881  9  5  5  90       
PG31   9716.358347  24472.185010   -709.334409   -227.140339  6  5  7  52       
PG32  -2047.809234  15157.922892  21904.279410   -603.063555  6  5  4  86       
*  2024  1  7  1  0  0.00000000
PG01  16252.409210   3303.661365  20486.821967    165.444538  5  8  6  61       
PG02  18870.621818   9069.799414  16985.517693   -504.635714  6  8  5  48       
PG03  18065.942359  -4047.571756  18859.826176    108.603431  5  3  8  76       
PG04  26480.292535   1162.353671  -2588.141179    259.482248  8  7  7  80       
PG05 -12951.499231  -7782.405335 -22020.853571   -157.009108  8  7  6  82       
PG06  -5125.770785 -24553.251073   8645.032739    453.428594  5  4  5  83       
PG07  10325.452559 -12429.794211 -20511.814274    -31.008118  8  6  4  54       
PG08  25430.536598   5633.065264  -6320.203318   -160.821125  9  8 10  71       
PG09  21480.219650  -8283.909137 -13383.752340     50.691228  6  7  5  56       
PG10  -9354.336543  23344.381367   8203.621262    -68.318530  6  5  6  46       
PG11 -11881.077422 -23640.793722  -2588.306672   -530.343760  6  6  5  66       
PG12 -18600.751702   2853.475481  18432.219663   -465.294407  7  5  6  47       
PG13 -18879.342446 -13492.299041 -13321.054742    613.326437  8  6  6  64       
PG14  12607.640428 -22838.565277   4465.476023    291.747916  7  5  7  80       
PG15 -25644.398917  -3358.644496  -6994.012668    114.629162  6  7  8  61       
PG16   7588.993879  14184.658442 -21384.761809   -389.301187  7  6  4  43       
PG17   9365.704379 -13439.719427  21366.809712    720.458782  5  5  5  55       
PG18  -9142.393466  13821.112591 -20697.809091   -525.811757  7  8  6  34       
PG19  -1385.078334 -15255.212205  21544.106632    423.009763  3  5  5  53       
PG20  -4546.883152 -19689.753559 -17266.868658    392.806784  7  7  5  80       
PG21  19199.194195  13587.238352  13719.672098    139.211065  6  8  6  83       
PG22   7790.185427 -22685.570666  12153.871612     52.648668  4  4  4  38       
PG23 -16537.549711  20173.124724  -4412.028523    130.390307  8  7  7  65       
PG24 -19187.979232 -10429.995879  14986.482645   -408.907482  5  5  4  64       
PG25 -18999.983933  14445.941282  11021.293521    484.340669  8  5  8  79       
PG26   1154.832042  21299.786905 -15732.743653    202.655548  6  5  5  65       
PG28   3722.148718  23855.890322  11046.559666    -91.243662  7  7  6  51       
PG29 -22759.097830   5281.760460 -12772.476784   -609.025531  9  4  6  99       
PG30   2538.401183 -21248.275147 -15439.695467   -448.528806  8  5  5 105       
PG31   9391.455300  24491.437937   2155.166730   -227.140669  6  4  7  69       
PG32  -4488.092062  14887.852014  21704.430268   -603.066335  6  5  5  92       
*  2024  1  7  1 15  0.00000000
PG01  17224.714372   5418.993721  19255.094500    165.445370  5  7  6  60       
PG02  19682.025254  10613.564756  15015.905219   -504.630797  7  8  4  57       
PG03  16927.034945  -2093.344625  20188.154030    108.626903  5  3  8  75       
PG04  26595.020549   1407.466405    262.581143    259.491082  8  7  7  73       
PG05 -11708.018021  -9916.374334 -21849.535173   -157.010321  7  7  6  75       
PG06  -4474.553231 -23617.405421  11252.213993    453.416990  4  3  5  59       
PG07  11544.204574 -10254.506395 -21087.076859    -31.016746  7  6  4  46       
PG08  24573.082628   5842.900500  -8961.195200   -160.822195  9  7 10  77       
PG09  22858.929751  -8043.076883 -11029.666757     50.702156  5  7  6  62       
PG10  -9936.959568  23875.738692   5429.301602    -68.319580  6  5  6  61       
PG11 -11722.036284 -23862.498044    270.693930   -530.356651  6  5  5  70       
PG12 -17367.394955    977.415493  19768.331944   -465.297876  6  5  6  55       
PG13 -17271.317591 -13348.293648 -15484.969392    613.329744  8  6  6  78       
PG14  13057.480028 -22957.166400   1656.035824    291.757171  7  5  7  34       
PG15 -24791.145397  -3729.670734  -9568.666943    114.632604  6  7  8  56       
PG16   6093.244996  15985.806377 -20522.649614   -389.294367  7  6  5  33       
PG17  11642.608383 -13136.633884  20407.150321    720.457786  4  5  6  66       
PG18 -10276.722076  11686.482731 -21481.919668   -525.820184  7  8  6  64       
PG19   1102.959273 -14886.949030  21783.189764    423.014310  3  5  5  52       
PG20  -3663.858703 -21354.296280 -15420.679227    392.805160  7  6  5 110       
PG21  19805.974929  14784.549987  11416.026226    139.209917  5  7  6  79       
PG22   8662.551896 -23505.592378   9688.561955     52.642714  4  4  4  65       
PG23 -16378.096327  19488.302991  -7208.042073    130.396903  8  7  6  46       
PG24 -19883.724947 -11943.719214  12896.190395   -408.914160  5  5  4  86       
PG25 -18457.058658  13072.442624  13366.150563    484.341930  8  5  8  78       
PG26    128.437204  22658.507643 -13695.512210    202.652489  6  5  5  70       
PG28   2849.798693  22737.506690  13406.833342    -91.253593  7  7  6  35       
PG29 -24038.533587   4947.941181 -10327.350249   -609.025022  9  3  6  93       
PG30   3613.919938 -19656.917244 -17239.683166   -448.524707  8  5  5  75       
PG31   8925.005198  24234.307614   4981.526309   -227.140761  6  4  6  66       
PG32  -6898.479617  14748.143170  21136.929511   -603.069105  6  5  5  84       
*  2024  1  7  1 30  0.00000000
PG01  18233.635170   7332.367926  17685.857579    165.446215  5  6  5  40       
PG02  20440.529015  11924.426599  12798.513085   -504.625797  7  8  4  46       
PG03  15833.292249     35.218409  21163.899658    108.650381  4  3  8  67       
PG04  26400.999516   1639.789398   3108.823188    259.499893  8  7  7  76       
PG05 -10598.739287 -12079.428556 -21308.062519   -157.011484  7  6  5  77       
PG06  -3628.629096 -22473.708906  13665.326811    453.405460  5  3  6  52       
PG07  12888.091981  -8106.348615 -21281.601003    -31.025165  7  6  3  81       
PG08  23440.565646   6110.653216 -11452.056533   -160.824967  9  7  9  71       
PG09  23972.593088  -7863.066779  -8487.131074     50.713008  5  7  6  58       
PG10 -10335.061790  24156.489437   2560.118880    -68.320862  6  5  6  59       
PG11 -11422.963010 -23807.017312   3125.053128   -530.369485  6  5  5  47       
PG12 -16159.717016  -1072.145324  20755.381133   -465.301389  6  4  6  49       
PG13 -15431.665851 -13263.492614 -17388.400072    613.333121  7  6  6  98       
PG14  13337.040525 -22822.473829  -1182.218202    291.766436  7  5  7  79       
PG15 -23684.451373  -4183.255257 -11983.646438    114.636134  6  7  7  49       
PG16   4756.338446  17771.304660 -19313.618746   -389.287458  8  6  5  36       
PG17  13808.111022 -12964.601785  19110.119676    720.456667  4  5  6  75       
PG18 -11557.691113   9558.766343 -21894.997646   -525.828628  7  7  6  61       
PG19   3616.125285 -14650.498187  21640.932979    423.019129  3  5  5  56       
PG20  -2941.376751 -22849.683269 -13310.103222    392.803773  7  6  5  39       
PG21  20322.179110  15735.060153   8929.916001    139.208742  5  7  6  60       
PG22   9332.458519 -24136.410389   7062.025886     52.636852  4  4  4  59       
PG23 -16112.250314  18519.619378  -9878.552054    130.403551  9  7  6  66       
PG24 -20504.685492 -13216.041444  10583.389785   -408.920887  5  5  5  75       
PG25 -17861.995005  11447.672521  15473.327445    484.343139  7  5  8  31       
PG26   -732.364868  23844.590194 -11420.363568    202.649317  5  5  5  69       
PG28   1782.561968  21452.146109  15536.088484    -91.263545  7  7  6  31       
PG29 -25048.407654   4701.248795  -7705.812091   -609.024679  9  4  5  62       
PG30   4857.831576 -17957.473201 -18737.394491   -448.520631  7  6  5  86       
PG31   8288.143995  23723.915408   7719.583816   -227.141078  6  3  6  60       
PG32  -9231.457333  14732.979418  20210.629205   -603.071866  6  4  6  85       
*  2024  1  7  1 45  0.00000000
PG01  19238.984998   9016.867809  15808.058176    165.447156  5  6  4  44       
PG02  21104.588317  12995.347312  10369.189806   -504.620829  7  8  3  66       
PG03  14819.752109   2301.816897  21770.140185    108.673846  4  2  7  72       
PG04  25901.510744   1896.720527   5901.999765    259.508722  8  6  6  73       
PG05  -9638.287678 -14225.348078 -20405.199085   -157.012178  6  6  5  70       
PG06  -2574.469144 -21163.950672  15843.038528    453.393973  5  3  5  38       
PG07  14332.916242  -6030.288294 -21093.242876    -31.033652  6  6  2  59       
PG08  22056.518187   6467.524973 -13750.929995   -160.827035  9  6  9  57       
PG09  24800.887061  -7709.910887  -5799.482313     50.723901  5  6  6  72       
PG10 -10577.594330  24159.330715   -353.917001    -68.321670  6  6  5  76       
PG11 -10952.726092 -23495.630576   5925.807512   -530.382363  6  4  5  63       
PG12 -15014.320262  -3262.001354  21375.716026   -465.304979  6  4  5  73       
PG13 -13393.269521 -13267.324368 -18999.430291    613.336697  7  6  6  92       
PG14  13477.112605 -22415.782840  -3999.889564    291.775735  6  5  7  86       
PG15 -22352.263023  -4745.534605 -14199.468416    114.639905  6  7  7  36       
PG16   3589.683336  19495.459710 -17776.458653   -389.280656  8  6  6  66       
PG17  15819.175692 -12907.973390  17496.741522    720.456011  4  5  6  86       
PG18 -12965.031080   7483.789214 -21930.459648   -525.837085  7  7  6  78       
PG19   6103.524946 -14548.225282  21118.768367    423.023818  3  5  5  60       
PG20  -2364.020062 -24137.146290 -10971.648555    392.802060  7  5  5  46       
PG21  20708.942480  16441.656776   6300.835197    139.208340  6  6  6  79       
PG22   9818.163896 -24543.224752   4317.519566     52.630776  4  4  4  48       
PG23 -15780.827425  17268.620914 -12377.129716    130.410159  9  7  6  61       
PG24 -21012.960478 -14244.115416   8089.044877   -408.927619  5  5  5  41       
PG25 -17254.257205   9589.010159  17304.965626    484.344346  7  5  7   7       
PG26  -1441.435583  24820.335574  -8946.196354    202.646218  6  4  5  41       
PG28    515.100278  20042.345607  17397.580398    -91.273510  7  7  6  19       
PG29 -25766.469207   4507.929443  -4952.617647   -609.024308  9  4  5  61       
PG30   6265.018284 -16194.610656 -19906.931685   -448.516512  7  6  6  84       
PG31   7457.915149  22990.437503  10320.624574   -227.141480  6  3  6  47       
PG32 -11441.557280  14828.795245  18940.441357   -603.074625  6  5  6  92       
*  2024  1  7  2  0  0.00000000
PG01  20197.897802  10454.374972  13655.800923    165.447956  5  5  4  60       
PG02  21633.111850  13827.385931   7767.452874   -504.615866  7  7  3  58       
PG03  13915.282949   4664.165761  21996.506544    108.697289  3  2  7  77       
PG04  25108.511163   2214.337559   8594.422928    259.517560  7  6  6  69       
PG05  -8833.236980 -16306.592826 -19155.778141   -157.013839  5  5  5  84       
PG06  -1306.912523 -19733.251549  17748.172602    453.382457  6  3  5  64       
PG07  15847.874528  -4066.500284 -20527.034303    -31.042135  6  6  2  45       
PG08  20451.268820   6940.010179 -15819.023011   -160.828679  9  6  9  20       
PG09  25331.706272  -7547.156031  -3012.593525     50.734754  4  6  6  53       
PG10 -10698.661396  23864.904316  -3261.714388    -68.323214  6  6  5  82       
PG11 -10285.642311 -22956.623819   8624.934646   -530.395281  6  4  5  65       
PG12 -13962.338185  -5552.597580  21618.319232   -465.308190  6  4  5  65       
PG13 -11194.870550 -13383.310992 -20290.957202    613.340012  7  6  6  95       
PG14  13512.300252 -21726.339915  -6747.926585    291.784981  6  5  6  93       
PG15 -20827.999329  -5437.293421 -16180.138409    114.643166  6  7  6  76       
PG16   2596.678596  21111.996396 -15935.689265   -389.273719  8  6  6  83       
PG17  17636.910824 -12944.163199  15593.152458    720.455198  5  5  6  82       
PG18 -14471.142686   5503.444674 -21588.256478   -525.845561  7  7  6  78       
PG19   8514.633624 -14574.150228  20224.951799    423.028850  4  6  5  74       
PG20  -1909.716373 -25183.080990  -8445.599504    392.799949  6  5  6  83       
PG21  20929.376321  16914.712410   3570.593346    139.207013  5  6  6  68       
PG22  10144.279861 -24696.556849   1500.586030     52.625119  4  3  5  81       
PG23 -15424.752317  15745.976959 -14660.418299    130.416750  9  7  6  57       
PG24 -21372.338755 -15033.312373   5456.733423   -408.934303  5  5  6  36       
PG25 -16670.860846   7522.215979  18828.196771    484.345590  7  5  7  51       
PG26  -2019.177626  25553.032151  -6315.670832    202.643140  6  4  5  80       
PG28   -949.613792  18552.427329  18959.172061    -91.283388  7  7  7  63       
PG29 -26178.784479   4331.160028  -2114.780685   -609.023682  8  4  4  43       
PG30   7822.436529 -14412.661460 -20728.300881   -448.512420  7  6  6  89       
PG31   6418.423620  22069.861876  12738.332172   -227.141507  6  2  5  70       
PG32 -13486.909738  15014.815792  17347.150864   -603.077423  6  5  7  88       
*  2024  1  7  2 15  0.00000000
PG01  21066.547712  11635.986735  11267.639304    165.448747  5  5  4  70       
PG02  21987.045930  14429.549586   5035.959190   -504.610961  6  7  3  64       
PG03  13141.500517   7075.466235  21839.356766    108.720723  3  2  6  62       
PG04  24042.208281   2625.822292  11140.097424    259.526386  7  5  6  63       
PG05  -8181.966821 -18275.955341 -17580.494954   -157.014640  6  4  5  71       
PG06    170.456883 -18228.337607  19348.326982    453.370927  6  2  5  55       
PG07  17396.755567  -2248.958394 -19594.961590    -31.050588  6  5  2  31       
PG08  18660.916245   7548.727136 -17621.223250   -160.830414  8  6  9  56       
PG09  25561.555383  -7337.439680   -174.109463     50.745617  5  6  6  51       
PG10 -10735.997477  23262.691780  -6112.044779    -68.324823  6  6  5  83       
PG11  -9402.650356 -22224.128829  11176.168235   -530.408142  5  3  5  56       
PG12 -13028.247002  -7899.408121  21479.020699   -465.312023  6  4  5  27       
PG13  -8879.784140 -13628.087059 -21241.115936    613.343534  7  6  6  98       
PG14  13479.488294 -20751.881467  -9378.506616    291.794276  6  5  6  84       
PG15 -19149.363731  -6273.066780 -17893.629304    114.646795  7  7  6  85       
PG16   1772.676370  22575.734587 -13821.272480   -389.266782  8  6  6  83       
PG17  19227.860618 -13044.555023  13430.257871    720.454029  5  5  6  80       
PG18 -16042.070191   3654.251773 -20874.835318   -525.854071  7  7  7  76       
PG19  10801.106600 -14714.187886  18974.474490    423.032925  5  6  5  55       
PG20  -1550.790799 -25960.253459  -5775.321116    392.797926  6  5  6  78       
PG21  20949.964225  17171.612948    782.811257    139.206049  5  5  6  65       
PG22  10340.722740 -24573.452950  -1341.614152     52.619230  4  4  5  44       
PG23 -15083.331786  13971.214674 -16688.904167    130.423280  9  7  7  45       
PG24 -21549.734813 -15596.734800   2731.859943   -408.940983  6  5  6  58       
PG25 -16144.809444   5280.611103  20015.804566    484.346824  7  5  7  54       
PG26  -2491.556943  26016.252721  -3574.471484    202.640065  6  3  4  69       
PG28  -2600.210293  17026.825950  20193.893435    -91.293325  7  7  7  28       
PG29 -26280.217110   4132.645784    759.211435   -609.023710  7  5  5  56       
PG30   9509.471544 -12653.979279 -21187.745368   -448.508284  6  6  6  77       
PG31   5161.703792  21002.512914  14929.696855   -227.142059  6  2  5  65       
PG32 -15330.675863  15263.885786  15457.131211   -603.080143  6  5  7  83       
*  2024  1  7  2 30  0.00000000
PG01  21801.890902  12562.068954   8685.811111    165.449529  5  5  4  61       
PG02  22130.921042  14818.359671   2219.912485   -504.605894  6  6  3  63       
PG03  12511.989022   9486.056499  21301.820415    108.744161  3  2  6  69       
PG04  22730.334334   3159.996289  13495.489552    259.535227  6  4  5  79       
PG05  -7674.836406 -20088.218231 -15705.605306   -157.016135  6  3  5  84       
PG06   1845.274821 -16695.772143  20616.404479    453.359423  7  2  5  51       
PG07  18939.355678   -604.316446 -18315.594243    -31.059191  5  5  1  47       
PG08  16726.098849   8307.465114 -19126.669406   -160.831720  8  6  9  74       
PG09  25495.625832  -7044.110671   2667.352712     50.756504  5  6  6  67       
PG10 -10729.289589  22351.569439  -8854.508157    -68.326454  6  6  5  87       
PG11  -8292.233755 -21336.751043  13535.782377   -530.421003  5  3  5  63       
PG12 -12228.963675 -10254.522486  20960.568754   -465.315316  6  4  5  54       
PG13  -6494.450026 -14010.681269 -21833.630839    613.346897  6  6  7  87       
PG14  13416.227416 -19498.846631 -11845.896740    291.803578  6  5  6  84       
PG15 -17357.028502  -7260.478246 -19312.298665    114.650098  7  7  6  76       
PG16   1105.259796  23844.266555 -11468.217712   -389.259995  8  6  6  48       
PG17  20565.118485 -13175.639460  11043.321095    720.453312  5  5  6  78       
PG18 -17638.726409   1966.135160 -19802.990838   -525.862566  7  7  7  83       
PG19  12918.517320 -14946.734639  17388.834977    423.037792  5  6  5  68       
PG20  -1255.230465 -26448.772100  -3006.520247    392.796315  6  4  6  54       
PG21  20741.872739  17236.052743  -2017.616310    139.205033  4  5  6  57       
PG22  10441.455686 -24158.478775  -4161.022753     52.612823  4  4  5  73       
PG23 -14792.607257  11972.112370 -18427.611723    130.429887  9  7  7  73       
PG24 -21516.492487 -15954.454847    -39.125573   -408.947659  6  5  6  69       
PG25 -15703.709782   2903.942691  20846.764192    484.348063  6  5  6  38       
PG26  -2888.889967  26190.925186   -770.493562    202.636996  6  3  4  48       
PG28  -4417.164236  15508.423917  21080.411368    -91.303240  7  6  7  47       
PG29 -26074.586348   3874.279476   3620.209259   -609.023258  6  5  5  45       
PG30  11298.599944 -10957.396725 -21277.954418   -448.504189  6  6  6  84       
PG31   3688.261402  19831.406903  16855.855850   -227.141861  6  2  4  62       
PG32 -16942.306833  15543.561090  13301.962812   -603.082897  6  5  7  92       
*  2024  1  7  2 45  0.00000000
PG01  22363.360613  13241.952727   5955.437674    165.450272  5  5  5  38       
PG02  22034.305724  15017.140803   -633.591303   -504.600617  5  6  3  78       
PG03  12031.856514  11845.175319  20393.714809    108.767564  4  3  5  57       
PG04  21207.146439   3840.024156  15620.257682    259.544141  6  3  5  70       
PG05  -7294.671225 -21701.755579 -13562.531820   -157.017453  6  3  6  78       
PG06   3696.701545 -15180.214132  21531.048021    453.347864  7  2  5  43       
PG07  20433.047606    848.881132 -16713.583035    -31.067587  4  5  1  70       
PG08  14690.601193   9222.483613 -20309.269848   -160.833424  8  6  9  75       
PG09  25147.552072  -6632.832477   5463.025285     50.767389  5  6  6  55       
PG10 -10718.414346  21139.995181 -11440.496085    -68.327427  6  7  4  70       
PG11  -6951.057364 -20336.039216  15663.332146   -530.433899  4  3  5  48       
PG12 -11573.267807 -12568.372770  20072.557526   -465.318929  5  4  5  52       
PG13  -4086.871718 -14532.087323 -22058.089323    613.350362  6  5  7  74       
PG14  13359.102677 -17982.255304 -14107.273406    291.812855  5  5  5  78       
PG15 -15493.236831  -8399.832022 -20413.245225    114.653577  7  7  6  73       
PG16    574.833357  24879.570764  -8916.079441   -389.253041  8  6  6  39       
PG17  21629.223305 -13300.348340   8471.485462    720.452645  5  4  6  55       
PG18 -19218.320656    461.470910 -18391.610318   -525.871021  7  6  7  74       
PG19  14827.950633 -15243.579861  15495.672868    423.042714  6  6  4  73       
PG20   -988.111653 -26636.790045   -186.475429    392.794232  5  4  6  49       
PG21  20282.134507  17137.112368  -4785.093739    139.204059  4  4  6  63       
PG22  10483.062576 -23444.463119  -6909.448448     52.606930  4  4  4  56       
PG23 -14583.852757   9783.775931 -19846.709194    130.436533  8  6  7  82       
PG24 -21249.511908 -16132.515428  -2809.490963   -408.954336  6  5  7  80       
PG25 -15368.627176    436.983776  21306.644896    484.349285  6  5  5  45       
PG26  -3244.443777  26066.128854   2047.030705    202.633906  6  3  4  64       
PG28  -6373.358426  14036.959016  21603.401695    -91.313148  7  6  8  49       
PG29 -25574.496538   3519.798877   6419.226859   -609.022895  5  5  5  30       
PG30  13156.331448  -9356.843259 -20998.146324   -448.500065  6  6  6  61       
PG31   2007.264543  18600.509709  18482.843699   -227.142115  6  3  3  61       
PG32 -18298.579849  15817.425286  10917.955544   -603.085686  5  6  7  86       
*  2024  1  7  3  0  0.00000000
PG01  22714.451212  13693.297547   3123.704919    165.451015  4  5  5  51       
PG02  21673.112968  15055.050332  -3476.277905   -504.595855  5  5  3  75       
PG03  11697.640204  14102.767825  19131.336629    108.790997  4  3  5  68       
PG04  19512.189686   4682.334200  17477.933092    259.552994  5  2  4  58       
PG05  -7017.547219 -23080.018509 -11187.380893   -157.018193  6  3  6  84       
PG06   5696.054003 -13722.769234  22076.975539    453.336369  8  2  4  42       
PG07  21834.430766   2100.636484 -14819.049921    -31.076360  4  4  1  39       
PG08  12599.844927  10292.092146 -21148.161323   -160.833111  8  6  9  26       
PG09  24538.855114  -6073.106841   8164.821153     50.778251  5  5  5  57       
PG10 -10741.664752  19645.814749 -13824.128912    -68.328226  6  7  4  71       
PG11  -5384.292576 -19264.855657  17522.338546   -530.446782  3  3  5  33       
PG12 -11061.570111 -14791.528986  18831.213940   -465.322236  5  4  5  10       
PG13  -1704.997966 -15185.140885 -21910.134215    613.353570  6  5  7  92       
PG14  13342.151986 -16225.256497 -16123.484551    291.822157  5  6  5  62       
PG15 -13600.368756  -9683.969744 -21178.605507    114.657332  7  7  6  85       
PG16    155.511393  25649.496555  -6208.347706   -389.246191  8  5  6  62       
PG17  22408.804105 -13379.543257   5757.229342    720.451734  6  4  6  55       
PG18 -20735.933826   -845.568228 -16665.319426   -525.879511  6  7  6  84       
PG19  16497.382661 -15571.106137  13328.269985    423.047147  6  6  3  67       
PG20   -713.134295 -26520.913572   2636.752273    392.792524  5  4  6  43       
PG21  19554.663730  16908.141601  -7473.935564    139.202778  4  3  5  62       
PG22  10503.201879 -22432.955407  -9539.367759     52.601149  5  4  4  94       
PG23 -14482.277966   7447.436251 -20922.014735    130.443147  8  6  7  73       
PG24 -20732.164035 -16161.737449  -5532.957340   -408.961056  6  5  7  81       
PG25 -15153.230383  -2072.071451  21387.865914    484.350507  6  5  4  39       
PG26  -3592.906266  25639.579244   4828.447815    202.630779  6  3  4  72       
PG28  -8434.945970  12647.565922  21753.816935    -91.323061  6  6  8  23       
PG29 -24800.843472   3036.378930   9108.268635   -609.022410  4  5  5  32       
PG30  15044.389415  -7880.177355 -20354.027478   -448.495989  6  7  6  71       
PG31    136.375164  17352.972504  19782.233690   -227.142325  5  3  2  50       
PG32 -19384.368435  16046.584085   8345.578987   -603.088421  4  6  7 105       
*  2024  1  7  3 15  0.00000000
PG01  22824.134246  13941.155083    239.042366    165.451759  4  4  5  61       
PG02  21030.706385  14965.876112  -6259.462681   -504.590884  5  5  3  80       
PG03  11497.562728  16211.261516  17537.135267    108.814420  4  3  4  79       
PG04  17688.868943   5695.798436  19036.540354    259.561829  4  3  4  63       
PG05  -6813.845638 -24192.848199  -8620.374572   -157.020243  6  3  6  87       
PG06   7807.739964 -12359.495172  22245.211094    453.324838  8  3  4  57       
PG07  23100.991373   3149.577766 -12666.893742    -31.084750  3  4  1  58       
PG08  10499.316503  11506.529901 -21628.099559   -160.833984  8  6  9  69       
PG09  23698.093079  -5339.658013  10726.160482     50.789085  5  5  5  52       
PG10 -10834.043104  17895.692436 -15963.143495    -68.329407  6  7  4  73       
PG11  -3605.618206 -18165.709384  19080.906819   -530.459652  2  3  6  78       
PG12 -10686.034491 -16876.487334  17259.051504   -465.325887  4  5  5  29       
PG13    604.896871 -15954.709374 -21391.570619    613.357221  5  5  6  89       
PG14  13395.398643 -14258.365620 -17859.739325    291.831475  5  5  5  86       
PG15 -11719.517321 -11098.394725 -21595.791268    114.660914  7  7  6  66       
PG16   -183.722707  26129.055999  -3391.736051   -389.239163  8  6  6  57       
PG17  22900.945996 -13373.609038   2945.755396    720.451030  6  4  6  34       
PG18 -22146.179871  -1949.346444 -14654.036573   -525.887968  6  7  6  81       
PG19  17902.787730 -15891.728577  10924.928951    423.052248  6  6  3  48       
PG20   -394.205265 -26106.302899   5415.115416    392.790949  5  3  7  57       
PG21  18551.065811  16585.476829 -10039.016012    139.202194  5  3  5  35       
PG22  10538.995951 -21134.370609 -12004.751479     52.595193  5  4  4  69       
PG23 -14505.986971   5009.016505 -21635.394845    130.449797  7  5  7  32       
PG24 -19954.965943 -16076.381024  -8164.399202   -408.967776  5  5  7  69       
PG25 -15063.261858  -4573.346725  21089.801032    484.351723  6  5  3  51       
PG26  -3968.790252  24917.777291   7524.619901    202.627664  6  4  4  54       
PG28 -10562.479885  11369.508151  21529.044797    -91.332985  6  6  8  63       
PG29 -23782.015317   2396.097068  11641.144062   -609.022034  3  6  6  79       
PG30  16921.080839  -6548.276466 -19357.632101   -448.491938  6  7  6  53       
PG31  -1898.770829  16129.421901  20731.655353   -227.142495  6  4  2  63       
PG32 -20193.113457  16191.282101   5628.806120   -603.091157  4  6  8  82       
*  2024  1  7  3 30  0.00000000
PG01  22668.058194  14016.777297  -2649.686024    165.452511  3  4  5  57       
PG02  20098.757525  14786.640300  -8934.864708   -504.586003  5  4  3  69       
PG03  11412.125957  18127.242654  15639.276737    108.837868  4  3  4  89       
PG04  15782.882402   6881.204498  20269.147158    259.570705  4  4  3  71       
PG05  -6649.541153 -25017.564845  -5905.203398   -157.021066  5  3  6  73       
PG06   9990.457654 -11120.116738  22033.210462    453.313341  8  3  4  37       
PG07  24192.704381   4002.691395 -10296.035765    -31.093441  3  4  2  26       
PG08   8432.987309  12848.154742 -21739.773411   -160.837244  8  6  9  62       
PG09  22659.749922  -4413.622570  13102.778617     50.799797  5  4  5  62       
PG10 -11025.694142  15924.188148 -17819.708841    -68.330691  6  7  5  76       
PG11  -1636.896228 -17079.115854  20312.268161   -530.472495  2  4  6  60       
PG12 -10431.044971 -18779.377354  15384.401746   -465.329338  4  5  5  26       
PG13   2799.776149 -16818.190751 -20510.383573    613.360665  5  5  6  84       
PG14  13543.556882 -12118.421956 -19286.212540    291.840789  4  6  4  80       
PG15  -9889.120422 -12621.658916 -21657.667828    114.664379  7  6  6  56       
PG16   -477.627109  26301.463989   -515.375555   -389.232327  8  6  6  61       
PG17  23111.258075 -13244.097228     84.316486    720.450180  6  4  7  57       
PG18 -23404.890434  -2852.767919 -12392.444817   -525.896509  5  7  6  61       
PG19  19028.924546 -16165.512096   8328.243281    423.056594  6  6  3  45       
PG20      2.989433 -25406.463003   8101.371607    392.788911  4  1  7  59       
PG21  17271.206250  16207.028835 -12436.455632    139.200835  5  4  5  48       
PG22  10625.416558 -19567.805498 -14261.902816     52.589074  5  5  4  61       
PG23 -14665.232381   2517.526712 -21975.049690    130.456426  7  5  7  58       
PG24 -18915.999079 -15912.711054 -10660.503802   -408.974465  5  5  7  75       
PG25 -15096.353465  -7017.081645  20418.732278    484.352947  6  4  3  45       
PG26  -4404.839489  23915.813487  10087.860669    202.624483  6  4  4  65       
PG28 -12712.266819  10225.149368  20932.954638    -91.342906  6  6  8  24       
PG29 -22552.817430   1577.214612  13974.257058   -609.021613  3  6  5  66       
PG30  18742.799633  -5374.416931 -18027.049840   -448.487850  5  7  6  60       
PG31  -4065.410697  14966.377512  21315.177360   -227.142576  5  4     52       
PG32 -20726.972117  16212.580087   2814.378721   -603.093913  3  6  8  92       
*  2024  1  7  3 45  0.00000000
PG01  22229.493499  13956.219677  -5493.967572    165.453271  3  4  5  39       
PG02  18877.812121  14556.056473 -11455.455824   -504.580965  6  4  2  72       
PG03  11415.015356  19812.968081  13471.109019    108.861313  4  4  4  87       
PG04  13840.575233   8231.041254  21154.334282    259.579592  3  5  3  68       
PG05  -6487.676099 -25539.788409  -3088.308169   -157.023152  5  3  6  70       
PG06  12198.614992 -10026.997290  21444.881062    453.301785  8  3  4  59       
PG07  25073.515462   4674.731784  -7748.627925    -31.101816  2  4  2  34       
PG08   6441.783604  14291.940372 -21480.034116   -160.838587  8  6  9  82       
PG09  21462.903848  -3283.496729  15253.500862     50.810628  5  3  5  59       
PG10 -11340.546578  13772.519050 -19361.149121    -68.332094  6  7  5  17       
PG11    492.466178 -16042.045850  21195.236108   -530.485369  3  4  6  60       
PG12 -10273.993695 -20461.518660  13240.837268   -465.333073  4  5  5  25       
PG13   4841.291567 -17746.306769 -19280.663178    613.363758  4  5  6  97       
PG14  13804.961781  -9847.308714 -20378.553167    291.850128  4  6  4  87       
PG15  -8143.692122 -14226.000542 -21362.672606    114.667687  6  6  6  51       
PG16   -763.134488  26158.875702   2370.072057   -389.225581  8  6  5  52       
PG17  23053.633781 -12955.360758  -2778.517251    720.449022  5  3  7  79       
PG18 -24470.759178  -3566.952312  -9919.391122   -525.904990  4  7  7  53       
PG19  19869.768071 -16351.896965   5584.276627    423.061328  6  6  3  49       
PG20    509.482640 -24442.733287  10649.858841    392.787325  4     7  36       
PG21  15723.508374  15810.783705 -14624.340846    139.199252  6  5  4  46       
PG22  10793.730946 -17760.522212 -16270.290772     52.583327  5  5  4  73       
PG23 -14961.992120     23.349201 -21935.682452    130.463037  6  5  7  58       
PG24 -17621.061520 -15707.518490 -12980.386102   -408.981190  5  4  7  86       
PG25 -15242.191404  -9355.411509  19387.658111    484.354225  6  4  4  54       
PG26  -4930.505284  22656.832825  12472.847552    202.621315  6  4  4  53       
PG28 -14837.893087   9229.203612  19975.830998    -91.352806  6  6  8  36       
PG29 -21153.160917    565.223664  16067.356735   -609.021115  4  6  5  50       
PG30  20465.602879  -4363.963542 -16386.050355   -448.483738  6  7  5  52       
PG31  -6324.790584  13894.862939  21523.549861   -227.142996  5  5     63       
PG32 -20996.634350  16074.026539    -48.994717   -603.096672  3  7  8  68       
*  2024  1  7  4  0  0.00000000
PG01  21499.994914  13798.795360  -8246.393844    165.454049  3  4  5  27       
PG02  17377.531885  14312.896026 -13776.330151   -504.575856  6  5  2  84       
PG03  11474.275741  21237.655037  11070.541393    108.884786  4  5  4  85       
PG04  11907.275058   9729.608391  21676.577303    259.588453  3  6  3  74       
PG05  -6289.965524 -25753.956289   -218.100529   -157.024066  5  3  6  59       
PG06  14383.914745  -9094.403672  20490.497438    453.290204  8  3  4  76       
PG07  25712.649799   5187.344895  -5069.244542    -31.110555  2  3  1  49       
PG08   4562.163394  15806.269283 -20852.031449   -160.839903  8  6  9  87       
PG09  20149.725890  -1945.802072  17140.969934     50.821428  5  3  5  58       
PG10 -11795.221662  11487.058360 -20560.556390    -68.333322  6  7  5  74       
PG11   2746.444986 -15086.522678  21714.570145   -530.498244  3  5  6  72       
PG12 -10186.352746 -21890.765707  10866.502720   -465.336706  4  5  5  47       
PG13   6697.067519 -18704.165519 -17722.434468    613.367208  5  5  6  76       
PG14  14190.765252  -7490.487223 -21118.288653    291.859457  4  6  4  58       
PG15  -6512.694547 -15878.213295 -20714.872266    114.671196  6  5  6  69       
PG16  -1077.670287  25702.781741   5213.364798   -389.218784  8  6  5  55       
PG17  22749.704446 -12476.118331  -5593.643484    720.447879  5  3  7  76       
PG18 -25306.884473  -4110.597716  -7277.223435   -525.913487  4  7  7  57       
PG19  20428.569897 -16411.458171   2741.671865    423.065837  6  6  4           
PG20   1151.650454 -23243.495730  13017.243802    392.785322  4     7  58       
PG21  13924.955667  15433.265943 -16563.468878    139.198237  6  6  4  68       
PG22  11070.073677 -15747.108495 -17993.359767     52.577438  5  5  4  81       
PG23 -15389.883000  -2423.518005 -21518.552277    130.469627  6  6  7  60       
PG24 -16083.553788 -15496.647968 -15086.156960   -408.987878  4  4  7  81       
PG25 -15483.018102 -11544.054580  18015.965899    484.355481  6  5  4  70       
PG26  -5570.559789  21171.181835  14637.487562    202.618222  6  4  5  55       
PG28 -16891.864473   8388.293118  18674.195306    -91.362664  6  6  8  62       
PG29 -19626.564072   -646.382472  17884.236601   -609.020605  4  6  5  65       
PG30  22046.798079  -3514.375804 -14463.615690   -448.479695  5  7  5  28       
PG31  -8633.538940  12939.266180  21354.304887   -227.142906  4  6  1  65       
PG32 -21020.809333  15743.255929  -2911.495157   -603.099422  3  7  8  69       
*  2024  1  7  4 15  0.00000000
PG01  20479.763838  13585.438565 -10861.373599    165.454841  4  5  5  55       
PG02  15616.589647  14094.326821 -15855.576260   -504.570751  6  6  2  50       
PG03  11553.709048  22378.501225   8479.351536    108.908272  4  6  4  91       
PG04  10025.672003  11353.448105  21826.532779    259.597384  3  6  3  61       
PG05  -6018.471359 -25663.514041   2655.865665   -157.025725  5  3  7  72       
PG06  16497.046267  -8328.090347  19186.514901    453.278701  8  3  4  75       
PG07  26085.704417   5567.950970  -2304.075568    -31.118782  3  2  2  58       
PG08   2824.855243  17353.997892 -19865.249179   -160.841851  8  7  9  73       
PG09  18763.866219   -405.441151  18732.312284     50.832218  5  3  5  67       
PG10 -12398.255115   9117.635558 -21397.278943    -68.334662  6  6  6  75       
PG11   5083.583851 -14238.421260  21861.240449   -530.511107  4  5  6  44       
PG12 -10134.981168 -23042.589420   8303.371637   -465.340235  4  5  5  51       
PG13   8341.770320 -19652.557960 -15861.390198    613.370517  5  5  6  71       
PG14  14704.428603  -5095.403713 -21493.119328    291.868701  3  6  3  63       
PG15  -5019.587937 -17540.721210 -19723.955954    114.674676  6  5  6  68       
PG16  -1457.427162  24944.035310   7963.672847   -389.211876  8  6  4  65       
PG17  22227.998193 -11780.886528  -8312.255606    720.447601  5  3  7  78       
PG18 -25882.153359  -4509.057461  -4511.076489   -525.921976  3  7  7  78       
PG19  20717.546638 -16307.622543   -149.287417    423.070701  6  6  4  27       
PG20   1950.014541 -21843.131153  15163.232664    392.783566  4  2  7           
PG21  11900.782508  15108.018548 -18218.106741    139.197401  6  7  4  71       
PG22  11474.207545 -13568.338075 -19399.294515     52.571911  5  5  4  74       
PG23 -15934.411746  -4775.192184 -20731.412623    130.476255  6  7  6  83       
PG24 -14324.105740 -15313.580772 -16943.443099   -408.994586  4  4  7  84       
PG25 -15794.443958 -13543.838401  16328.982107    484.356725  6  5  5  68       
PG26  -6343.906084  19495.273390  16543.715605    202.615119  6  4  5  43       
PG28 -18827.296736   7700.830349  17050.518852    -91.372663  6  7  8  37       
PG29 -18018.523242  -2055.647145  19393.369794   -609.020144  4  7  5  57       
PG30  23446.480411  -2815.525322 -12293.392267   -448.475583  6  7  5  52       
PG31 -10945.217493  12116.492932  20811.717855   -227.143254  4  6     62       
PG32 -20825.398503  15193.447154  -5723.087445   -603.102164  3  7  7  59       
*  2024  1  7  4 30  0.00000000
PG01  19177.703798  13357.036550 -13295.800278    165.455668  4  6  5   9       
PG02  13622.208932  13934.291977 -17655.131166   -504.565865  6  6  3  41       
PG03  11614.436711  23221.398740   5742.434967    108.931758  3  7  5  84       
PG04   8234.304870  13072.084838  21601.222776    259.606241  3  6  4  79       
PG05  -5637.279886 -25280.767707   5483.758342   -157.027457  4  3  7  58       
PG06  18489.420870  -7725.216694  17555.285045    453.267111  8  3  4  68       
PG07  26175.491509   5848.437968    499.863679    -31.127341  3     2  40       
PG08   1253.809637  18893.759088 -18535.433210   -160.842137  8  7  9  69       
PG09  17348.790625   1324.273586  19999.730313     50.843035  5  3  4  75       
PG10 -13149.664218   6715.710675 -21857.275348    -68.336353  5  6  6  79       
PG11   7458.390806 -13516.515080  21632.589160   -530.523976  4  6  6  64       
PG12 -10083.609832 -23900.856815   5596.447948   -465.343920  5  6  5  21       
PG13   9757.919999 -20549.443691 -13728.525929    613.373639  5  5  6  76       
PG14  15341.529880  -2709.831484 -21497.099612    291.878044  3  6  3  48       
PG15  -3681.092013 -19172.826943 -18405.161270    114.677831  6  4  6  77       
PG16  -1935.671192  23902.502095  10571.588125   -389.205127  7  6  4  78       
PG17  21522.828229 -10851.219640 -10886.701295    720.446938  4  3  6  56       
PG18 -26172.415904  -4793.167371  -1668.117635   -525.930547  3  6  7  18       
PG19  20757.212974 -16008.270563  -3037.639217    423.074990  5  6  4  43       
PG20   2918.267394 -20280.762217  17051.234438    392.782060  4  2  7  35       
PG21   9683.847038  14864.159152 -19556.748764    139.196899  6  7  4  71       
PG22  12018.531821 -11269.768877 -20461.717906     52.565802  6  6  4  89       
PG23 -16573.550934  -6987.545540 -19588.338805    130.482892  6  7  6  56       
PG24 -12369.959456 -15188.119152 -18521.857896   -409.001267  4  4  7  67       
PG25 -16146.528930 -15322.005860  14357.416431    484.357978  6  5  5  44       
PG26  -7262.636276  17670.217672  18158.206089    202.611976  5  4  5  39       
PG28 -20599.591729   7157.228179  15132.832046    -91.382606  6  7  8  62       
PG29 -16374.815101  -3652.016679  20568.468701   -609.019879  4  7  4  46       
PG30  24628.962233  -2250.306949  -9913.075052   -448.471498  6  7  4  66       
PG31 -13211.983472  11435.442312  19906.637051   -227.143343  3  6  1  73       
PG32 -20442.385016  14404.580000  -8434.435102   -603.104897  4  7  7  81       
*  2024  1  7  4 45  0.00000000
PG01  17611.172251  13152.788262 -15509.670043    165.456507  4  6  4  23       
PG02  11429.354153  13861.998735 -19141.592865   -504.560890  6  7  3  79       
PG03  11616.563778  23761.317986   2907.011800    108.955284  2  7  5  78       
PG04   6566.211457  14849.047173  21004.113072    259.615093  3  6  5  79       
PG05  -5114.115193 -24626.399582   8216.350982   -157.028767  3  4  7  84       
PG06  20314.886575  -7274.599123  15624.678047    453.255502  7  3  4  60       
PG07  25972.611096   6063.720919   3295.494511    -31.135778  3     2  50       
PG08   -134.592925  20381.457085 -16884.407321   -160.842494  8  8  9  72       
PG09  15946.132122   3221.921347  20921.008542     50.853843  5  3  4  40       
PG10 -14040.875978   4332.500043 -21933.328510    -68.338126  5  6  6  60       
PG11   9822.895025 -12931.807619  21032.385070   -530.536845  4  6  5  71       
PG12  -9994.440952 -24458.283251   2792.931036   -465.347475  5  6  5  52       
PG13  10936.410677 -21351.572959 -11359.678357    613.376999  5  5  6  64       
PG14  16089.891462   -380.212950 -21130.705185    291.887329  3  6  3  60       
PG15  -2506.686360 -20732.095205 -16779.128965    114.681708  6  4  6  62       
PG16  -2541.156262  22606.341193  12990.123723   -389.197953  7  6  4  44       
PG17  20672.946444  -9676.701651 -13271.356603    720.446136  4  3  6  60       
PG18 -26161.407055  -4997.868865   1203.235851   -525.939034  4  6  7  16       
PG19  20575.391415 -15487.155533  -5872.705529    423.079653  4  5  4  63       
PG20   4062.557508 -18598.829366  18648.967456    392.780545  4  3  7  37       
PG21   7313.691825  14725.073746 -20552.852978    139.195663  6  7  4  71       
PG22  12707.387676  -8900.130243 -21160.299319     52.559934  5  6  4  85       
PG23 -17278.614974  -9021.692179 -18109.450330    130.489462  6  7  5  31       
PG24 -10254.129784 -15145.214252 -19795.422143   -409.007947  4  4  7  33       
PG25 -16505.083547 -16853.253162  12136.717961    484.359218  6  6  5  68       
PG26  -8331.377417  15740.277943  19452.981621    202.608871  5  3  5  49       
PG28 -22168.034533   6740.429304  12954.236831    -91.392452  7  7  7  50       
PG29 -14739.795391  -5416.542869  21388.958280   -609.019464  4  7  4  58       
PG30  25564.042429  -1795.515593  -7363.736734   -448.467417  6  6  4  50       
PG31 -15386.294031  10896.819691  18656.191192   -227.143459  3  6  1  52       
PG32 -19908.482289  13364.434705 -10997.815930   -603.107637  5  7  7  86       
*  2024  1  7  5  0  0.00000000
PG01  15805.441276  13008.645297 -17466.647479    165.457382  4  6  4  34       
PG02   9079.593704  13900.586095 -20286.966622   -504.555829  5  7  4  92       
PG03  11520.879012  24002.350828     21.805785    108.978737  2  7  5  84       
PG04   5047.795287  16643.134899  20045.081870    259.623993  3  6  5  82       
PG05  -4421.822493 -23728.662971  10805.909133   -157.030016  3  4  7  92       
PG06  21931.358884  -6957.287483  13427.617619    453.243875  7  3  4  62       
PG07  25475.741953   6250.223648   6036.399865    -31.144405  4     2  51       
PG08  -1332.041609  21771.900196 -14939.773454   -160.843874  8  9  9  31       
PG09  14594.122475   5258.595742  21479.923226     50.864591  5  3  4  48       
PG10 -15055.016022   2017.131737 -21625.118486    -68.339716  5  6  7  78       
PG11  12128.305288 -12487.174185  20070.770199   -530.549719  4  6  5  59       
PG12  -9829.796169 -24716.545928    -58.637317   -465.351066  5  6  5  40       
PG13  11876.715574 -22016.185201  -8794.969748    613.380486  5  6  6  52       
PG14  16930.020657   1849.934793 -20400.787416    291.896634  3  6  3  80       
PG15  -1498.371166 -22175.827702 -14871.681954    114.684956  6  3  6  69       
PG16  -3296.719844  21090.943481  15175.674710   -389.191139  7  6  4  66       
PG17  19720.009584  -8255.642141 -15423.497692    720.445494  4  4  6  27       
PG18 -25841.382377  -5160.680472   4054.116368   -525.947547  4  5  6  17       
PG19  20205.944814 -14725.082144  -8605.032118    423.084803  3  5  5  71       
PG20   5381.062196 -16841.551973  19929.000159    392.778491  3  4  6  64       
PG21   4835.311548  14707.309469 -21185.532738    139.194782  5  7  4  52       
PG22  13536.699209  -6509.562316 -21481.251653     52.554015  5  6  4  88       
PG23 -18015.400083 -10845.267793 -16320.535061    130.496080  6  8  5  84       
PG24  -8014.370263 -15203.975351 -20742.933698   -409.014622  3  5  7  73       
PG25 -16833.131390 -18120.464834   9706.362375    484.360459  6  6  5  51       
PG26  -9546.951819  13751.216977  20405.905954    202.605766  5  3  5  52       
PG28 -23497.250061   6426.733492  10552.330890    -91.402418  7  7  7  53       
PG29 -13154.759804  -7322.416385  21840.353643   -609.019134  4  7  3  73       
PG30  26228.070283  -1422.951269  -4689.114687   -448.463319  6  6  4  27       
PG31 -17422.584261  10493.286717  17083.387673   -227.143710  2  6  2  75       
PG32 -19263.595420  12069.289702 -13368.017922   -603.110383  5  7  7  72       
*  2024  1  7  5 15  0.00000000
PG01  13792.888290  12955.886913 -19134.576769    165.458251  4  5  3  27       
PG02   6619.674555  14066.035026 -21069.319796   -504.550572  5  6  4  86       
PG03  11290.524963  23957.415353  -2863.789723    109.002251  2  7  5  72       
PG04   3697.953183  18409.884414  18740.277610    259.632874  3  6  5  70       
PG05  -3539.659327 -22622.284952  13207.061639   -157.031420  2  5  7  89       
PG06  23302.307335  -6747.443384  11001.535551    453.232278  7  3  4  69       
PG07  24691.649593   6444.338648   8677.506279    -31.152845  4     2  36       
PG08  -2338.477740  23020.509636 -12734.496043   -160.846550  8  9  9  33       
PG09  13326.165731   7398.826540  21666.546584     50.875447  5  3  2  48       
PG10 -16167.542033   -185.093920 -20939.156861    -68.340729  5  5  7  74       
PG11  14326.707700 -12177.328289  18764.098418   -530.562630  4  6  5  71       
PG12  -9553.747179 -24686.061071  -2909.226883   -465.354711  5  6  4  57       
PG13  12586.764047 -22502.719619  -6078.163579    613.383668  4  5  6  75       
PG14  17835.843908   3941.490615 -19320.418434    291.905954  3  6  3  65       
PG15   -650.702236 -23462.581334 -12713.524256    114.688263  5  3  6  84       
PG16  -4218.125918  19397.571094  17088.912158   -389.184411  7  6  4  81       
PG17  18706.915437  -6595.437894 -17304.149929    720.444489  4  4  5  37       
PG18 -25213.444584  -5320.075576   6836.010883   -525.956099  4  5  6  45       
PG19  19687.288783 -13710.798228 -11187.284705    423.089116  2  5  5  51       
PG20   6863.865495 -15053.331211  20869.217976    392.777098  3  5  6  69       
PG21   2297.661714  14819.724653 -21440.176796    139.193284  5  7  4  64       
PG22  14493.974163  -4147.780139 -21417.697375     52.548287  5  6  4  61       
PG23 -18745.542665 -12433.455966 -14252.583532    130.502674  6  8  4  83       
PG24  -5691.977534 -15376.892769 -21348.284431   -409.021298  3  5  7  70       
PG25 -17092.470545 -19115.124721   7109.089213    484.361676  5  6  5  62       
PG26 -10898.364093  11748.604009  21001.052235    202.602664  5  3  5  43       
PG28 -24558.463009   6186.889603   7968.553876    -91.412375  7  7  6  40       
PG29 -11656.430738  -9335.812901  21914.533894   -609.018675  4  7  4  58       
PG30  26604.767037  -1100.707449  -1934.868206   -448.459236  5  6  4  47       
PG31 -19278.853608  10209.934644  15216.615759   -227.143932  2  7  2  70       
PG32 -18549.158199  10524.284996 -15503.194618   -603.113069  5  7  7  87       
*  2024  1  7  5 30  0.00000000
PG01  11611.945715  13019.875783 -20485.936529    165.459146  5  5  2  49       
PG02   4099.862487  14366.376338 -21473.320992   -504.545423  5  6  5  82       
PG03  10892.574258  23647.637358  -5700.544836    109.025726  4  7  5  77       
PG04   2527.498437  20103.177401  17111.866329    259.641726  3  5  5  74       
PG05  -2454.339591 -21347.118759  15377.638078   -157.032563  2  5  7  81       
PG06  24398.042776  -6613.487073   8387.753700    453.220648  7  3  4  47       
PG07  23634.919173   6680.918504  11175.719199    -31.161096  4  2  2  46       
PG08  -3161.947415  24085.037141 -10306.372901   -160.848562  8 10  9  97       
PG09  12169.610470   9601.766092  21477.438743     50.886312  4  4  2  38       
PG10 -17347.190995  -2234.269712 -19888.589211    -68.342266  5  5  7  81       
PG11  16372.738421 -11989.114330  17134.667899   -530.575521  4  5  4  55       
PG12  -9133.665598 -24385.440275  -5710.158173   -465.358325  6  6  4  69       
PG13  13082.490537 -22774.470840  -3255.938990    613.386866  4  5  6  68       
PG14  18775.704096   5861.021529 -17908.631957    291.915224  3  5  3  64       
PG15     48.894211 -24553.677768 -10339.855974    114.691684  5  2  7  57       
PG16  -5313.209605  17571.756886  18695.583932   -389.177483  6  5  4  75       
PG17  17676.074762  -4712.574707 -18878.892232    720.444141  4  4  4  25       
PG18 -24287.548919  -5513.827422   9501.559564   -525.964659  4  5  6  62       
PG19  19060.749244 -12441.566978 -13575.083175    423.093822     5  5  72       
PG20   8493.147640 -13277.153524  21453.208750    392.775224  3  6  6  54       
PG21   -248.042334  15062.947417 -21308.969045    139.192569  5  7  4  67       
PG22  15558.672090  -1862.241243 -20969.887280     52.542384  5  6  4  66       
PG23 -19428.042883 -13769.725070 -11941.242714    130.509285  5  7  4  60       
PG24  -3330.471986 -15669.300889 -21600.722109   -409.027821  3  5  7  82       
PG25 -17245.269964 -19837.395722   4390.107606    484.362914  5  6  4  54       
PG26 -12367.112658   9776.152527  21228.941491    202.599539  4  4  5  61       
PG28 -25330.512726   5987.408982   5247.467300    -91.422375  7  8  6  51       
PG29 -10275.629221 -11417.021325  21609.905922   -609.018323  4  7  3  64       
PG30  26685.777787   -794.592024    852.182000   -448.455199  5  5  3  56       
PG31 -20918.101458  10025.054593  13089.070005   -227.144153  2  7  3  65       
PG32 -17806.414704   8743.432831 -17365.659596   -603.115852  6  7  6  98       
*  2024  1  7  5 45  0.00000000
PG01   9305.845259  13219.035237 -21498.236490    165.460033  5  4  3           
PG02   1572.115722  14801.238998 -21490.641712   -504.540560  5  7  5  94       
PG03  10299.452913  23101.435404  -8440.212031    109.049235  5  7  6  57       
PG04   1538.903144  21676.931464  15187.671071    259.650615  3  5  5  83       
PG05  -1160.784875 -19946.598465  17279.453963   -157.034473  2  6  7  87       
PG06  25196.757473  -6519.469629   5630.802265    453.209005  6  3  4  60       
PG07  22327.429122   6991.848652  13490.509802    -31.169645  4  2  2  41       
PG08  -3818.124993  24927.221559  -7697.398541   -160.850433  8 10  9  99       
PG09  11144.769858  11822.595221  20915.722692     50.897203  3  4  2  50       
PG10 -18557.196914  -4097.212809 -18492.875313    -68.342262  4  5  6  72       
PG11  18225.167739 -11902.115864  15210.350992   -530.588381  4  5  4  73       
PG12  -8541.633839 -23840.653186  -8413.913038   -465.361872  6  6  3  42       
PG13  13387.068412 -22800.122836   -377.094299    613.390584  4  5  6  36       
PG14  19713.580714   7581.849280 -16190.066556    291.924499  3  6  3  68       
PG15    619.530739 -25414.650134  -7789.901465    114.694919  4  1  7  73       
PG16  -6581.363569  15661.534960  19967.199013   -389.170857  6  5  4  85       
PG17  16667.690406  -2632.258698 -20118.593600    720.443812  5  5  4  44       
PG18 -23082.187044  -5777.383565  12005.336692   -525.973130  4  5  5  43       
PG19  18368.835090 -10923.401289 -15727.758441    423.098694     5  5  64       
PG20  10243.681354 -11553.053923  21670.559915    392.773233  3  6  6  71       
PG21  -2750.172251  15429.183264 -20791.278849    139.190705  4  7  5  67       
PG22  16702.930055    303.602369 -20145.260082     52.536702  4  6  4  82       
PG23 -20020.894617 -14846.250853  -9426.199327    130.515907  5  7  3  50       
PG24   -974.196316 -16079.101118 -21495.054008   -409.034486  3  5  7  80       
PG25 -17255.637862 -20295.874271   1596.287541    484.364128  5  6  4  34       
PG26 -13927.809477   7874.156454  21086.650214    202.596442  4  4  4  65       
PG28 -25800.584112   5792.048212   2435.980952    -91.432335  7  7  5  67       
PG29  -9036.184398 -13521.812151  20931.453692   -609.017944  4  7  3  59       
PG30  26470.936492   -469.626417   3624.820740   -448.451134  5  5  4  73       
PG31 -22309.560701   9911.167650  10738.109394   -227.144431  2  7  3  51       
PG32 -17074.717443   6749.272608 -18922.601016   -603.118609  6  7  6  92       
*  2024  1  7  6  0  0.00000000
PG01   6921.198350  13564.081883 -22154.353981    165.460959  5  4  3  55       
PG02   -911.829728  15361.766308 -21120.202642   -504.535477  4  7  5  76       
PG03   9490.158068  22353.346836 -11036.318638    109.072735  5  7  6  62       
PG04    726.370941  23086.807451  13000.707928    259.659497  4  6  5  77       
PG05    337.450645 -18466.057666  18879.025973   -157.035481  3  6  6  83       
PG06  25685.278972  -6426.618810   2777.684062    453.197380  5  3  4  77       
PG07  20797.588263   7404.746623  15584.452857    -31.178242  4  3  2  57       
PG08  -4329.522326  25514.314978  -4953.029444   -160.852696  9 10  9  81       
PG09  10264.228721  14014.094223  19991.039850     50.908075  2  5  3  69       
PG10 -19756.725484  -5748.513551 -16777.359235    -68.342768  4  6  6  81       
PG11  19848.334908 -11889.556462  13024.126841   -530.601234  5  4  3  73       
PG12  -7755.665837 -23083.933838 -10974.904832   -465.365472  6  6  3  66       
PG13  13529.854857 -22555.097282   2508.307476    613.393570  3  5  6  14       
PG14  20610.484689   9084.853366 -14194.519309    291.933810  3  6  3  60       
PG15   1086.005709 -26016.571880  -5106.349582    114.698421  4  2  7  60       
PG16  -8013.389559  13715.581635  20881.576483   -389.163909  6  6  4  73       
PG17  15718.117625   -387.682876 -21000.058820    720.442403  5  5  4  65       
PG18 -21623.760666  -6142.330860  14304.602607   -525.981646  4  6  5  84       
PG19  17653.497258  -9170.956520 -17609.019917    423.103269     6  5  80       
PG20  12083.618878  -9916.696574  21517.061489    392.771729  2  7  6  78       
PG21  -5158.602710  15902.397473 -19893.894633    139.190368  4  8  5  66       
PG22  17892.618174   2311.889057 -18958.336426     52.530480  4  5  4  93       
PG23 -20482.759690 -15664.011676  -6750.503374    130.522452  5  7  3  60       
PG24   1333.123258 -16596.757420 -21031.788081   -409.041141  3  5  7  67       
PG25 -17091.102853 -20507.037675  -1224.648012    484.365354  4  6  4  52       
PG26 -15549.078944   6078.086495  20577.789496    202.593377  4  5  3  59       
PG28 -25964.626757   5563.402628   -417.460361    -91.442278  8  7  5  75       
PG29  -7954.123988 -15602.994086  19890.670677   -609.017555  4  7  3  76       
PG30  25968.237283    -91.566582   6336.201068   -448.447051  5  5  4  57       
PG31 -23429.687620   9836.269105   8204.567452   -227.144695  2  7  3  48       
PG32 -16389.913724   4572.182623 -20146.699182   -603.121395  6  7  6  84       
*  2024  1  7  6 15  0.00000000
PG01   4506.459079  14057.539944 -22442.807653    165.461830  5  5  4  34       
PG02  -3302.377963  16030.909636 -20368.251866   -504.530280  4  7  5  72       
PG03   8451.225841  21442.640949 -13444.921776    109.096240  6  6  6  59       
PG04     76.238395  24291.866836  10588.625547    259.668280  4  7  4  64       
PG05   2028.101983 -16950.980205  20148.200795   -157.036753  3  6  6  92       
PG06  25859.508984  -6295.000368   -122.904547    453.185796  4  3  4  85       
PG07  19079.365076   7941.827633  17423.715984    -31.186440  4  3  2  61       
PG08  -4724.412701  25820.412643  -2121.364357   -160.854480  9  9  9  73       
PG09   9532.465424  16128.317714  18719.386326     50.918962  2  5  4  77       
PG10 -20902.464844  -7171.266238 -14772.743252    -68.344145  4  6  5  64       
PG11  21213.378485 -11919.458731  10613.523813   -530.614106  5  3  3  69       
PG12  -6760.695000 -22152.476110 -13350.198325   -465.368573  7  6  2  66       
PG13  13545.085659 -22022.658397   5349.835561    613.396961  2  5  5  22       
PG14  21425.973611  10358.982895 -11956.418865    291.943064  3  6  3  67       
PG15   1477.712433 -26337.213946  -2334.707161    114.701667  3  3  7  64       
PG16  -9591.720465  11781.350026  21423.245593   -389.156928  5  6  4  77       
PG17  14858.378534   1981.048175 -21506.561542    720.442172  5  6  4  87       
PG18 -19945.667348  -6635.008996  16360.015679   -525.990148  4  6  4  85       
PG19  16954.443756  -7207.091904 -19187.524881    423.108313  2  6  4  65       
PG20  13975.542811  -8398.126415  20994.809919    392.770094  3  7  6  78       
PG21  -7426.610409  16458.879994 -18631.077505    139.189106  4  7  5  78       
PG22  19088.680457   4131.697060 -17430.447030     52.524846  3  5  3  90       
PG23 -20774.623202 -16232.555467  -3959.843022    130.529034  5  6  3  39       
PG24   3549.806200 -17205.569265 -20217.206604   -409.047794  3  5  6  61       
PG25 -16723.954197 -20494.413057  -4024.916701    484.366542  4  6  4  64       
PG26 -17194.695787   4417.400074  19712.361359    202.590298  4  5  2  66       
PG28 -25827.446694   5264.547782  -3263.715279    -91.452265  8  7  4  64       
PG29  -7037.178188 -17612.099202  18505.375260   -609.017239  4  7  4  55       
PG30  25193.515578    371.610251   8940.592914   -448.442962  4  5  4  61       
PG31 -24262.877004   9765.234824   5532.027754   -227.145042  3  7  4  82       
PG32 -15782.888168   2249.376325 -21016.632751   -603.124191  6  7  6 100       
*  2024  1  7  6 30  0.00000000
PG01   2110.319740  14693.555446 -22357.965311    165.462692  5  5  5  75       
PG02  -5553.907356  16784.090493 -19248.268577   -504.525405  4  7  5  87       
PG03   7177.414680  20411.772570 -15625.315672    109.119760  6  5  6  56       
PG04   -432.309818  25256.113741   7993.057030    259.677112  4  7  4  36       
PG05   3890.467409 -15445.254365  21064.683060   -157.038103  4  6  6  74       
PG06  25724.529943  -6085.231924  -3021.384638    453.174209  3  3  5  67       
PG07  17211.142663   8618.970497  18978.501036    -31.194949  4  4  2  26       
PG08  -5035.511726  25827.527931    747.743835   -160.855411  9  9  9  18       
PG09   8945.803582  18118.307538  17122.832469     50.929865  3  5  4  64       
PG10 -21950.307024  -8357.460400 -12514.480621    -68.345465  3  7  5  53       
PG11  22299.214496 -11956.016848   8019.980570   -530.626935  4  3  3  75       
PG12  -5549.296413 -21086.969933 -15500.171437   -465.371959  7  6  2  63       
PG13  13470.370208 -21194.725055   8097.613065    613.400342  2  5  5  66       
PG14  22119.729199  11401.460830  -9514.227783    291.952308  3  6  3  49       
PG15   1827.345384 -26361.979809    477.430050    114.705139  3  4  6  60       
PG16 -11291.000321   9903.280675  21583.689168   -389.150281  5  6  5  79       
PG17  14112.898642   4428.295707 -21628.245416    720.441280  5  6  4  63       
PG18 -18087.131434  -7275.325334  18136.293636   -525.998607  5  7  4  82       
PG19  16307.575488  -5062.123705 -20437.344296    423.112872  3  6  4  78       
PG20  15877.743693  -7020.739721  20112.208966    392.768074  3  7  5  53       
PG21  -9512.664880  17068.180167 -17024.418112    139.187948  3  7  5  79       
PG22  20248.701738   5740.097416 -15589.300977     52.518670  3  5  3  56       
PG23 -20861.367978 -16569.449380  -1101.782204    130.535636  5  6  3  66       
PG24   5637.589200 -17882.218477 -19063.366484   -409.054462  3  5  6  72       
PG25 -16132.394718 -20287.505436  -6757.444889    484.367787  4  6  3  69       
PG26 -18824.913046   2914.607949  18506.500625    202.587210  4  5  2  75       
PG28 -25402.467895   4860.664271  -6053.794689    -91.462243  8  6  4  64       
PG29  -6284.617200 -19501.131265  16799.411264   -609.016646  4  7  3  62       
PG30  24169.852527    948.307347  11394.108438   -448.438919  4  5  4  53       
PG31 -24801.882444   9661.333675   2766.078222   -227.145242  3  7  4  72       
PG32 -15278.322263   -176.375373 -21517.462411   -603.126942  5  7  5  94       
*  2024  1  7  6 45  0.00000000
PG01   -219.908254  15458.019617 -21900.181973    165.463573  5  5  5  83       
PG02  -7626.436970  17590.202927 -17780.692715   -504.520391  4  7  6  76       
PG03   5672.080183  19304.734323 -17540.682410    109.143279  6  5  6  69       
PG04   -826.239566  25949.860203   5258.895328    259.685922  4  8  5  50       
PG05   5896.025407 -13989.502145  21612.450275   -157.039555  4  6  5  84       
PG06  25294.374070  -5760.184219  -5868.125396    453.162603  2  3  4  60       
PG07  15234.436962   9445.011695  20223.438228    -31.203334  4  4  1  31       
PG08  -5298.469142  25526.363725   3603.625108   -160.856966  8  8  9  54       
PG09   8492.695257  19939.776248  15229.130769     50.940757  3  5  4  65       
PG10 -22857.053179  -9308.024977 -10042.102738    -68.347025  4  7  5  67       
PG11  23093.224250 -11961.129337   5288.136204   -530.639734  4  2  3  37       
PG12  -4122.120589 -19930.033986 -17389.112623   -465.375664  7  6  2  70       
PG13  13345.046750 -20072.352256  10703.243660    613.403538  1  5  5  41       
PG14  22653.137118  12217.675737  -6909.784645    291.961578  3  7  3  56       
PG15   2169.448578 -26084.573737   3281.181378    114.708465  2  5  6  71       
PG16 -13078.992805   8121.165364  21361.428500   -389.143106  4  6  5  62       
PG17  13498.524673   6904.511008 -21362.377556    720.440721  5  6  4  71       
PG18 -16091.822408  -8075.816817  19602.813963   -526.007103  5  7  4  72       
PG19  15743.600741  -2772.804370 -21338.322526    423.117702  3  6  4  77       
PG20  17745.678217  -5800.513962  18883.865156    392.767003  2  6  5  67       
PG21 -11382.020477  17694.377084 -15102.488490    139.186467  3  7  5  86       
PG22  21328.629952   7122.863384 -13468.406417     52.512817  2  5  4  80       
PG23 -20713.209523 -16699.434604   1775.027501    130.542211  5  6  4  80       
PG24   7562.892063 -18597.577676 -17588.019896   -409.061125  4  5  6  63       
PG25 -15301.468313 -19920.529525  -9376.600972    484.368977  4  6  3  36       
PG26 -20397.924790   1584.628947  16982.112721    202.584137  4  5  2  79       
PG28 -24711.173468   4320.582168  -8739.705932    -91.472146  8  6  4  32       
PG29  -5687.429254 -21224.308889  14802.238141   -609.016348  3  7  3  76       
PG30  22926.725610   1662.049327  13655.395559   -448.434861  3  6  4  50       
PG31 -25047.932862   9487.788098    -46.443745   -227.145426  3  7  4  55       
PG32 -14893.722093  -2658.242459 -21640.884413   -603.129713  4  8  5  99       
*  2024  1  7  7  0  0.00000000
PG01  -2439.873959  16329.001535 -21075.863662    165.464483  5  5  5  59       
PG02  -9487.049178  18412.910640 -15992.488019   -504.515361  4  7  6  68       
PG03   3947.228618  18165.368760 -19158.678220    109.166758  6  4  6  70       
PG04  -1137.419124  26350.859850   2433.505077    259.694760  5  8  5  47       
PG05   8009.370439 -12619.552163  21782.045483   -157.041169  4  6  5  78       
PG06  24591.462311  -5286.604475  -8614.281615    453.151032  2  3  4  53       
PG07  13192.518886  10421.288876  21137.933173    -31.212030  5  5  2  27       
PG08  -5550.234977  24916.744395   6395.756306   -160.858928  8  7  9  35       
PG09   8154.323751  21552.694707  13071.219607     50.951687  4  5  5  74       
PG10 -23582.076857 -10032.531511  -7398.496102    -68.347969  3  7  5  59       
PG11  23591.624679 -11896.032250   2465.061413   -530.652626  4  3  4  65       
PG12  -2488.026608 -18724.602645 -18985.749238   -465.379065  7  6  2  62       
PG13  13208.465140 -18665.857546  13120.722504    613.407017  2  4  5  57       
PG14  22990.809708  12820.767703  -4187.596910    291.970818  4  7  3  66       
PG15   2538.860388 -25507.365958   6027.248573    114.711950  2  5  6  77       
PG16 -14917.774015   6468.732139  20761.953594   -389.136204  4  7  5  55       
PG17  13023.870484   9358.037923 -20713.443328    720.439852  5  7  5  79       
PG18 -14006.311057  -9040.995925  20734.143623   -526.015556  5  7  5  78       
PG19  15286.877285   -381.071138 -21876.330990    423.122606  4  5  4  67       
PG20  19533.554471  -4745.527972  17330.376820    392.765196  2  6  5  72       
PG21 -13008.025840  18297.630728 -12900.290802    139.185853  4  7  5  91       
PG22  22284.575493   8274.806622 -11106.361506     52.507320  2  4  4  81       
PG23 -20306.938201 -16653.319258   4621.649089    130.548751  5  7  5  48       
PG24   9297.931336 -19317.758832 -15814.448805   -409.067726  4  5  6  61       
PG25 -14223.733067 -19430.994805 -11838.886627    484.370155  4  6  3  54       
PG26 -21871.404466    434.451788  15166.419373    202.581086  3  5  2  68       
PG28 -23782.248889   3618.184544 -11275.277687    -91.482190  8  5  4  69       
PG29  -5228.832319 -22739.734897  12548.417671   -609.016153  3  7  4  73       
PG30  21498.936725   2530.407619  15686.291690   -448.430814  3  5  4  22       
PG31 -25010.547116   9209.325134  -2858.204648   -227.145750  4  7  4  35       
PG32 -14638.753186  -5146.992328 -21385.350061   -603.132461  4  8  4  96       
*  2024  1  7  7 15  0.00000000
PG01  -4509.672702  17277.480451 -19897.451888    165.465358  5  5  5  63       
PG02 -11111.004887  19212.178360 -13916.552638   -504.510323  4  7  6  65       
PG03   2023.247817  17035.702419 -20451.948352    109.190317  6  4  6  70       
PG04  -1401.173898  26445.164109   -434.114440    259.703605  5  9  6  57       
PG05  10189.429773 -11365.118544  21570.741523   -157.042007  5  5  4  83       
PG06  23645.732882  -4636.598945 -11212.624660    453.139475  4  4  4  42       
PG07  11128.983389  11541.448404  21706.466237    -31.220445  5  5  1  34       
PG08  -5827.369924  24007.687519   9074.728683   -160.860418  8  7  9  54       
PG09   7905.501138  22922.721198  10686.632593     50.962562  5  5  4  49       
PG10 -24088.883149 -10548.575066  -4629.143959    -68.348750  3  8  5  66       
PG11  23799.506374 -11722.968652   -400.556008   -530.665504  4  3  4  71       
PG12   -663.912945 -17512.325134 -20263.703422   -465.382631  7  6  2  56       
PG13  13098.268716 -16994.582964  15307.310050    613.410099  3  4  5  70       
PG14  23101.994751  13230.926190  -1394.095796    291.980089  4  7  4  65       
PG15   2969.116612 -24641.429293   8666.830945    114.715528  2  5  6  59       
PG16 -16765.153463   4972.507208  19797.507628   -389.129572  3  6  5  53       
PG17  12689.022708  11737.015438 -19693.076905    720.439379  5  7  5  79       
PG18 -11878.420086 -10167.007532  21510.488939   -526.023999  6  7  5  77       
PG19  14954.520840   2067.385385 -22043.417815    423.127167  5  6  4  77       
PG20  21195.984840  -3855.792821  15478.017530    392.763447  1  6  5  72       
PG21 -14373.080176  18835.940826 -10458.515688    139.184119  3  7  5  69       
PG22  23074.606270   9199.728986  -8546.038028     52.500894  2  4  4  72       
PG23 -19626.922576 -16466.651613   7389.664881    130.555352  5  7  5  68       
PG24  10821.638074 -20005.371219 -13771.207323   -409.074396  4  5  5  70       
PG25 -12899.660461 -18858.196629 -14103.580315    484.371352  4  5  3  62       
PG26 -23204.058537   -536.889581  13091.425006    202.578008  3  5  3  57       
PG28 -22650.461048   2733.615244 -13616.951319    -91.492130  7  5  4  71       
PG29  -4885.099191 -24010.926107  10077.006390   -609.015883  3  7  4  67       
PG30  19925.356464   3564.149397  17452.430158   -448.426768  3  5  5  61       
PG31 -24707.058649   8793.662272  -5622.117455   -227.146055  4  6  4  35       
PG32 -14514.907700  -7592.735817 -20756.050990   -603.135214  4  8  4  96       
*  2024  1  7  7 30  0.00000000
PG01  -6395.185257  18268.358230 -18383.323480    165.466240  5  6  6  81       
PG02 -12482.503771  19945.965631 -11590.997346   -504.505485  4  6  6  73       
PG03    -71.674544  15954.362606 -21398.564516    109.213813  6  4  6  80       
PG04  -1654.701972  26227.666037  -3294.199216    259.712441  6  9  6  63       
PG05  12390.911774 -10248.739160  20982.574066   -157.043371  5  5  4  67       
PG06  22493.491066  -3788.916513 -13618.353164    453.127919  5  4  4  15       
PG07   9086.310020  12791.524583  21918.842518    -31.228822  5  5  1  41       
PG08  -6164.372984  22817.110663  11593.195024   -160.862274  7  6  9  59       
PG09   7715.823633  24022.415908   8116.825211     50.973434  5  4  4  51       
PG10 -24346.507401 -10880.862893  -1781.346624    -68.349972  4  8  5  43       
PG11  23730.537440 -11406.828523  -3259.256985   -530.678385  3  3  4  55       
PG12   1325.745560 -16332.033176 -21201.872997   -465.385758  7  6  2  34       
PG13  13048.747894 -15086.299009  17224.347730    613.413702  4  4  5  63       
PG14  22961.817964  13474.427965   1423.135342    291.989373  4  7  3  41       
PG15   3490.878768 -23506.234867  11152.568784    114.718724  2  6  6  73       
PG16 -18576.258724   3650.994850  18486.738736   -389.122594  3  6  5  64       
PG17  12485.620441  13991.296390 -18319.827978    720.438797  4  7  5  70       
PG18  -9755.530243 -11441.612266  21918.057245   -526.032465  5  7  5  74       
PG19  14755.807638   4524.677311 -21837.857198    423.132140  6  6  5  56       
PG20  22689.643688  -3123.402020  13358.316610    392.761610  2  5  5  64       
PG21 -15469.184458  19267.026548  -7822.633600    139.183732  4  7  6  73       
PG22  23660.458567   9909.997738  -5833.683474     52.494984  2  4  4  82       
PG23 -18665.836523 -16178.223650  10031.972294    130.561935  5  7  6  94       
PG24  12120.340775 -20620.948932 -11491.766800   -409.081068  4  4  5  41       
PG25 -11337.750640 -18241.667564 -16133.328746    484.372539  4  5  3  40       
PG26 -24357.136250  -1338.032918  10793.317121    202.574933  3  5  3  71       
PG28 -21355.316965   1654.243805 -15724.525234    -91.502121  7  4  5  61       
PG29  -4626.662838 -25008.142746   7430.864939   -609.015276  3  7  4  68       
PG30  18247.529439   4766.641315  18923.792160   -448.422687  4  5  5  37       
PG31 -24161.871462   8212.876195  -8292.065386   -227.146099  5  6  4   9       
PG32 -14515.514487  -9946.691180 -19764.773631   -603.137969  5  8  4  91       
*  2024  1  7  7 45  0.00000000
PG01  -8069.220497  19261.722409 -16557.600494    165.467089  5  6  6  67       
PG02 -13595.060454  20572.004222  -9058.315979   -504.500336  4  6  6  46       
PG03  -2302.424348  14955.134506 -21982.379623    109.237384  6  3  6  96       
PG04  -1935.414362  25702.309487  -6097.106385    259.721286  6  8  6  87       
PG05  14565.926380  -9285.015271  20028.243938   -157.044048  5  5  4  76       
PG06  21176.022740  -2729.982153 -15789.869657    453.116300  5  4  3  71       
PG07   7104.460247  14150.291012  21770.389647    -31.237518  5  5  1  61       
PG08  -6592.098841  21371.185198  13906.772758   -160.865426  7  5  9  51       
PG09   7551.037580  24832.193426   5406.432254     50.984386  6  3  4  63       
PG10 -24330.704575 -11060.050487   1096.566698    -68.351483  4  8  5  79       
PG11  23406.344423 -10916.694095  -6061.673092   -530.691295  4  3  4  79       
PG12   3449.636661 -15218.330236 -21784.735503   -465.389097  7  7  2  59       
PG13  13089.335742 -12976.272910  18837.995651    613.417015  5  4  5  80       
PG14  22552.313225  13582.452491   4216.147629    291.998621  5  7  3  42       
PG15   4130.456840 -22129.009353  13439.492130    114.722647  3  5  5  90       
PG16 -20305.214373   2514.200735  16854.235305   -389.116200  3  6  5  76       
PG17  12397.305091  16074.297257 -16618.771079    720.437400  4  7  5  85       
PG18  -7682.905294 -12844.499893  21949.322840   -526.040922  5  7  6  78       
PG19  14691.887427   6942.342158 -21264.103279    423.136784  6  6  6  83       
PG20  23974.865605  -2532.997345  11007.541525    392.760141  1  4  5  80       
PG21 -16298.058523  19550.232121  -5041.851843    139.182889  4  6  5  76       
PG22  24009.089634  10425.769928  -3017.969201     52.489288  2  4  4  54       
PG23 -17425.082709 -15828.461009  12503.559324    130.568526  5  8  6  80       
PG24  13188.181091 -21124.499634  -9014.060241   -409.087636  5  4  5  63       
PG25  -9554.363072 -17619.642953 -17894.683046    484.373689  4  5  3  67       
PG26 -25295.839745  -1984.714036   8311.813851    202.571877  3  5  3  80       
PG28 -19939.554329    375.349930 -17561.839786    -91.512078  7  4  5  30       
PG29  -4419.457457 -25709.464890   4655.897479   -609.015042  3  7  5  70       
PG30  16508.190272   6133.530653  20075.197418   -448.418613  4  5  5  44       
PG31 -23405.476924   7444.607535 -10823.599985   -227.146329  5  6  4  51       
PG32 -14626.087817 -12162.894883 -18429.629475   -603.140695  5  7  4  98       
*  2024  1  7  8  0  0.00000000
PG01  -9512.416344  20214.320564 -14449.865426    165.467921  5  7  6  81       
PG02 -14451.487179  21049.577976  -6364.475837   -504.495598  4  5  6  59       
PG03  -4628.095063  14065.711169 -22193.295353    109.260862  5  3  6  70       
PG04  -2279.267065  24881.954816  -8794.198584    259.730101  6  8  6  78       
PG05  16665.711647  -8480.181513  18724.892464   -157.045228  5  5  4  76       
PG06  19738.023515  -1454.638125 -17689.509351    453.104793  6  5  3   4       
PG07   5219.556756  15589.877124  21262.099235    -31.245786  5  5  2  57       
PG08  -7136.333319  19703.365119  15974.881008   -160.867743  6  5  9  69       
PG09   7374.560416  25340.976656   2602.470828     50.995283  6  2  4  52       
PG10 -24024.889234 -11121.372445   3956.022982    -68.353259  5  7  5  57       
PG11  22855.594362 -10227.229123  -8759.388890   -530.704176  4  3  4  50       
PG12   5670.598851 -14200.350756 -22002.573935   -465.392656  7  6  2  80       
PG13  13243.309929 -10706.038551  20119.874351    613.420698  5  4  5  81       
PG14  21863.202434  13589.720020   6937.416769    292.007836  5  7  3  51       
PG15   4908.494468 -20543.772083  15485.949238    114.725928  4  5  5  90       
PG16 -21906.844589   1563.508045  14929.963092   -389.109292  3  6  5  81       
PG17  12400.518439  17944.697539 -14620.969688    720.437031  4  7  5  70       
PG18  -5702.099166 -14347.923948  21603.190865   -526.049372  5  7  6  65       
PG19  14755.811958   9272.973467 -20332.654060    423.141662  7  6  6  72       
PG20  25017.121355  -2062.534048   8466.089153    392.758208  2  4  5  56       
PG21 -16870.820351  19648.361921  -2167.977140    139.181447  4  5  5  56       
PG22  24094.007453  10773.907614   -149.012670     52.483383  2  4  4  62       
PG23 -15914.895954 -15457.759468  14762.248624    130.575152  6  8  6  89       
PG24  14027.238239 -21477.118666  -6379.924977   -409.094305  5  4  4  63       
PG25  -7573.270850 -17027.593053 -19358.577082    484.374839  4  5  3  43       
PG26 -25990.583941  -2498.929861   5689.471509    202.568807  3  6  3  48       
PG28 -18447.522256  -1099.499152 -19097.391445    -91.522050  7  4  5  42       
PG29  -4226.441081 -26101.573464   1800.235897   -609.014864  4  7  5  72       
PG30  14749.743068   7652.717140  20886.726911   -448.414519  4  5  4  48       
PG31 -22473.268004   6473.061000 -13174.607533   -227.146586  5  6  4  48       
PG32 -14824.996318 -14199.791538 -16774.670562   -603.143389  6  7  4 100       
*  2024  1  7  8 15  0.00000000
PG01 -10713.860396  21081.197437 -12094.777980    165.468754  5  7  6  52       
PG02 -15063.492902  21341.226162  -3557.957235   -504.490717  4  4  5  69       
PG03  -7003.342162  13306.682145 -22027.438729    109.284318  5  2  6  80       
PG04  -2719.152446  23787.906416 -11338.709374    259.738914  6  8  6  64       
PG05  18642.396338  -7832.020982  17095.756591   -157.046382  5  5  5  79       
PG06  18225.902997     33.438405 -19284.207755    453.093292  6  4  3  72       
PG07   3462.688867  17076.635306  20400.706614    -31.254303  5  5  2  47       
PG08  -7816.587727  17853.133386  17761.491824   -160.869638  6  4  8  73       
PG09   7149.095020  25546.527723   -246.495299     51.006177  6  2  3  77       
PG10 -23420.795793 -11103.121354   6748.977102    -68.354724  6  7  5  75       
PG11  22112.813882  -9319.856568 -11305.788853   -530.717100  4  2  4  58       
PG12   7946.824127 -13300.731843 -21851.622963   -465.395905  7  6  2  75       
PG13  13526.756516  -8321.918668  21047.595337    613.423730  6  4  5  82       
PG14  20892.396056  13533.003894   9540.625253    292.017084  5  7  3  41       
PG15   5838.879610 -18790.086340  17254.487505    114.729461  5  5  5  87       
PG16 -23338.330867    791.900481  12748.623418   -389.102669  4  6  5  74       
PG17  12465.610315  19567.915251 -12362.812389    720.436431  4  7  5  77       
PG18  -3849.506216 -15917.636414  20885.054042   -526.057816  4  7  6  74       
PG19  14932.873072  11471.801921 -19059.831270    423.146360  7  7  7  61       
PG20  25788.312496  -1684.316982   5777.795166    392.756844  3  4  5  75       
PG21 -17207.249188  19529.353852    745.772244    139.180826  4  5  5  82       
PG22  23896.325674  10986.638575   2722.599324     52.477486  3  4  3  24       
PG23 -14154.121476 -15104.830125  16769.399368    130.581738  5  8  6  81       
PG24  14647.348257 -21642.606737  -3634.445664   -409.101013  5  4  4  62       
PG25  -5424.955290 -16496.871152 -20500.745763    484.376049  5  5  3  42       
PG26 -26418.062421  -2907.874213   2970.964279    202.565711  3  6  3  66       
PG28 -16923.514608  -2758.393267 -20304.866301    -91.532027  7  5  5  80       
PG29  -4009.238163 -26180.205134  -1086.615354   -609.014073  4  7  5  58       
PG30  13012.758816   9304.618840  21344.071287   -448.410425  4  5  5  55       
PG31 -21404.193387   5289.767368 -15305.938461   -227.146422  5  6  4  70       
PG32 -15084.420765 -16021.641760 -14829.401890   -603.146130  6  7  4  90       
*  2024  1  7  8 30  0.00000000
PG01 -11671.400035  21817.437977  -9531.591301    165.469579  5  7  6  55       
PG02 -15450.926644  21414.297809   -688.771167   -504.485596  4  4  5  58       
PG03  -9379.909883  12690.798278 -21487.244597    109.307796  5  2  6  74       
PG04  -3283.414980  22449.121068 -13686.572724    259.747760  6  7  6  63       
PG05  20450.727791  -7330.125557  15169.713211   -157.047605  4  4  5  77       
PG06  16686.029016   1721.660423 -20546.094363    453.081813  6  5  3  82       
PG07   1858.886124  18572.236179  19198.702323    -31.262516  4  5  2  49       
PG08  -8645.162411  15864.520585  19235.779014   -160.870439  5  5  8  83       
PG09   6838.272484  25455.444562  -3091.213706     51.017099  6  2  2  65       
PG10 -22518.839029 -11045.031772   9428.661156    -68.355958  6  7  5  58       
PG11  21216.991708  -8183.677481 -13656.873249   -530.729939  5  2  4  78       
PG12  10233.234032 -12534.832832 -21334.134476   -465.399291  7  6  2  83       
PG13  13947.839431  -5873.360904  21605.168351    613.427258  6  4  5  77       
PG14  19646.195499  13449.572957  11981.425474    292.026329  5  7  3  58       
PG15   6927.934989 -16911.574251  18712.659376    114.733013  5  5  5  82       
PG16 -24560.761225    184.512307  10348.951718   -389.095798  4  6  6  92       
PG17  12558.202971  20917.296859  -9885.242398    720.435659  4  7  5  87       
PG18  -2155.110936 -17514.089525  19806.738759   -526.066261  3  7  6  87       
PG19  15201.234238  13498.172493 -17467.482177    423.151145  8  8  7  86       
PG20  26267.832026  -1366.267878   2989.172973    392.755408  3  3  5  62       
PG21 -17334.677496  19167.711188   3645.959852    139.179449  4  4  4  77       
PG22  23405.506117  11100.026572   5546.761826     52.471444  4  5  2  52       
PG23 -12169.674725 -14805.115350  18490.556417    130.588357  5  7  6  96       
PG24  15065.615986 -21589.025607   -825.203329   -409.107722  5  4  4  51       
PG25  -3145.665222 -16053.522895 -21302.081228    484.377249  5  5  2  75       
PG26 -26562.083521  -3242.689361    202.347364    202.562589  3  6  3  42       
PG28 -15410.119790  -4581.348245 -21163.584421    -91.542002  7  5  6  80       
PG29  -3729.835942 -25950.263988  -3954.657000   -609.013965  5  7  5  31       
PG30  11334.545085  11062.725337  21438.798824   -448.406301  5  5  4  47       
PG31 -20239.298477   3894.081708 -17181.994893   -227.146740  5  6  4  71       
PG32 -15371.558182 -17599.695392 -12628.204177   -603.148841  7  6  4  91       
*  2024  1  7  8 45  0.00000000
PG01 -12391.622037  22379.952579  -6803.567859    165.470405  5  7  6  66       
PG02 -15640.708330  21242.294354   2192.517598   -504.480839  4  4  5  65       
PG03 -11708.275851  12222.540619 -20581.441640    109.331244  5  1  6  76       
PG04  -3994.551195  20901.129078 -15797.200496    259.756605  5  7  5  70       
PG05  22049.696621  -6956.487271  12980.724376   -157.048773  4  4  5  80       
PG06  15162.979675   3588.804779 -21453.000660    453.070278  6  5  3  83       
PG07    426.298813  20034.961694  17674.267989    -31.271183  5  5  2  37       
PG08  -9626.517197  13784.459983  20372.651613   -160.871726  4  5  8  65       
PG09   6408.257653  25082.825292  -5882.607302     51.028005  6  1  2  71       
PG10 -21328.165304 -10986.628287  11950.303522    -68.357056  6  7  5  79       
PG11  20210.019618  -6816.094025 -15772.027906   -530.742868  5  2  4  61       
PG12  12482.981983 -11910.230117 -20458.361352   -465.402869  7  6  2  55       
PG13  14506.405725  -3411.157236  21783.276948    613.430928  6  4  5  70       
PG14  18139.189248  13375.622516  14218.172804    292.035624  5  7  3  50       
PG15   8173.930434 -14954.257807  19833.726982    114.736601  6  5  5  88       
PG16 -25540.514584   -280.526531   7772.974910   -389.089151  5  6  6  70       
PG17  12640.748154  21974.974824  -7232.904648    720.434723  4  6  4  76       
PG18   -641.486427 -19093.860883  18386.338715   -526.074660  3  6  5  84       
PG19  15532.829993  15316.867605 -15582.609256    423.156142  9  8  7  93       
PG20  26443.347157  -1073.374060    148.595706    392.753222  4  3  5  37       
PG21 -17286.576140  18545.629248   6480.087157    139.178375  4  4  4  91       
PG22  22619.766650  11152.320942   8274.755895     52.465436  4  5  2  53       
PG23  -9995.701075 -14589.335287  19896.036762    130.594982  4  7  6  94       
PG24  15305.630621 -21290.125055   1998.559566   -409.114452  6  4  3  61       
PG25   -776.272421 -15717.296921 -21748.924690    484.378441  5  5     48       
PG26 -26414.149648  -3537.081772  -2569.686013    202.559481  3  6  3  46       
PG28 -13946.650052  -6540.889318 -21658.848100    -91.551971  7  6  6  42       
PG29  -3352.266307 -25425.586407  -6754.278332   -609.013794  5  6  5  70       
PG30   9747.840478  12894.421290  21168.537112   -448.402208  5  5  4  58       
PG31 -19020.203532   2293.400633 -18771.271609   -227.146957  6  6  4  11       
PG32 -15650.020748 -18913.088278 -10209.681530   -603.151538  7  6  4  70       
*  2024  1  7  9  0  0.00000000
PG01 -12889.493636  22729.235873  -3957.298028    165.471176  5  7  5  74       
PG02 -15665.502463  20805.950313   5035.737583   -504.475914  4  5  4  66       
PG03 -13939.354495  11898.010799 -19324.940376    109.354694  5     6  84       
PG04  -4868.145909  19184.711639 -17634.193225    259.765459  6  6  5  61       
PG05  23403.994999  -6686.393170  10567.196911   -157.050094  4  4  6  73       
PG06  13697.871341   5605.626863 -21988.871861    453.058832  6  5  4  79       
PG07   -824.380511  21421.157881  15851.128731    -31.279783  5  5  2  12       
PG08 -10756.972100  11661.049113  21153.163022   -160.875461  4  5  7  83       
PG09   5829.253859  24451.615659  -8572.628156     51.038961  6  1     75       
PG10 -19866.395379 -10965.596665  14271.810740    -68.358825  6  7  5 101       
PG11  19135.033202  -5223.111333 -17614.733730   -530.755703  6  3  5  19       
PG12  14649.030559 -11426.505828 -19238.458345   -465.406385  7  6  2  75       
PG13  15193.941779   -985.620866  21579.417841    613.434244  7  3  5  66       
PG14  16393.845661  13344.752721  16212.617976    292.044918  5  6  3  45       
PG15   9566.944177 -12964.798606  20597.241995    114.740477  6  4  5  90       
PG16 -26250.432932   -630.991901   5065.244633   -389.082510  5  6  6  78       
PG17  12674.205552  22732.362622  -4453.236151    720.433755  5  6  4  81       
PG18    676.918023 -20611.248702  16647.936348   -526.083119  3  6  5  86       
PG19  15894.499409  16899.232086 -13436.933443    423.160871  9  9  7  89       
PG20  26311.271153   -769.260882  -2694.563424    392.751652  5  4  5  52       
PG21 -17100.911161  17653.772789   9197.674802    139.177263  4  4  4  92       
PG22  21546.147608  11182.257158  10860.088259     52.459468  5  5  2  63       
PG23  -7672.464684 -14482.220325  20961.443680    130.601677  3  6  6  84       
PG24  15396.409265 -20726.576424   4786.843690   -409.121170  6  4  3  70       
PG25   1639.039250 -15500.890706 -21833.291357    484.379659  6  5     81       
PG26 -25973.762194  -3825.853980  -5298.544306    202.556385  3  7  2  64       
PG28 -12567.710056  -8602.927082 -21782.188658    -91.561916  6  6  6  55       
PG29  -2844.205762 -24628.369712  -9437.129286   -609.013111  5  6  5  59       
PG30   8279.682785  14762.053601  20537.063120   -448.398112  5  5  4  53       
PG31 -17787.571060    503.090176 -20046.845677   -227.147009  6  6  4  69       
PG32 -15881.371495 -19949.432624  -7615.949220   -603.154250  7  6  4  81       
*  2024  1  7  9 15  0.00000000
PG01 -13187.670210  22831.027939  -1041.927852    165.471960  5  7  5  54       
PG02 -15562.198481  20094.015668   7792.007154   -504.470540  5  5  4  67       
PG03 -16026.197359  11705.148869 -17738.622547    109.378150  5     6  82       
PG04  -5912.087041  17344.387477 -19165.971137    259.774303  6  6  5  91       
PG05  24485.253019  -6489.584191   7971.271214   -157.051227  5  4  6  65       
PG06  12326.828359   7735.795081 -22144.073349    453.047348  6  5  4  88       
PG07  -1890.226519  22686.801564  13758.314324    -31.288141  5  5  2  20       
PG08 -12024.746883   9541.790475  21564.790868   -160.877972  4  5  7  78       
PG09   5076.847841  23591.667160 -11115.085786     51.049905  6  2     60       
PG10 -18159.069780 -11016.235455  16354.406079    -68.359461  6  6  5  97       
PG11  18034.717754  -3419.305585 -19153.203047   -530.768547  7  3  5  89       
PG12  16685.749447 -11075.339484 -17694.299126   -465.409744  7  6  2  68       
PG13  15993.880039   1355.204285  20997.903342    613.437730  7  3  5  63       
PG14  14439.816306  13386.551692  17930.548505    292.054185  5  6  3  63       
PG15  11089.083093 -10988.715207  20989.481389    114.743716  6  4  5  86       
PG16 -26670.744047   -899.262769   2272.061488   -389.075550  6  6  6  66       
PG17  12619.767915  23190.274704  -1595.525513    720.432908  5  6  3  67       
PG18   1794.170729 -22019.976459  14621.214423   -526.091630  4  5  5  87       
PG19  16249.312486  18224.062529 -11066.396501    423.165714  9  9  7  80       
PG20  25876.903518   -417.824434  -5490.815657    392.749948  5  4  5  58       
PG21 -16818.358549  16491.680815  11751.238433    139.175774  4  4  4  98       
PG22  20200.244417  11227.378471  13259.253063     52.453383  6  5  2  50       
PG23  -5245.005958 -14501.478532  21668.099732    130.608269  2  6  6  87       
PG24  15371.106418 -19886.953500   7489.848300   -409.127875  6  4  3  70       
PG25   4054.208053 -15409.458541 -21553.025400    484.380893  6  5     79       
PG26 -25248.443998  -4143.406341  -7938.465447    202.553301  4  7  2  53       
PG28 -11301.959036 -10727.893030 -21531.508060    -91.571878  6  6  6  62       
PG29  -2178.429834 -23588.288512 -11956.964845   -609.012743  6  6  5  86       
PG30   6950.494324  16624.206132  19554.296987   -448.394051  5  5  4  77       
PG31 -16579.615139  -1453.875067 -20986.809808   -227.147108  6  6  3  58       
PG32 -16026.734889 -20705.083688  -4891.876822   -603.156957  7  6  3  74       
*  2024  1  7  9 30  0.00000000
PG01 -13315.488850  22657.807311   1891.693705    165.472730  4  6  5  22       
PG02 -15370.266380  19103.718185  10414.564114   -504.465445  4  4  4  52       
PG03 -17925.627737  11624.272778 -15849.032402    109.401594  4     6  63       
PG04  -7126.089767  15426.769109 -20366.314349    259.783110  6  5  4  75       
PG05  25273.007443  -6331.628676   5238.054838   -157.053020  5  4  6  64       
PG06  11079.655158   9937.111034 -21915.584553    453.035839  6  5  4  91       
PG07  -2776.101389  23789.128511  11429.822088    -31.296498  5  4     42       
PG08 -13410.333263   7471.883010  21601.586546   -160.879199  5  6  7  61       
PG09   4133.142717  22538.544498 -13466.435491     51.060840  6  2  1  77       
PG10 -16238.817182 -11168.042106  18163.219223    -68.361208  6  6  5  99       
PG11  16949.645815  -1427.458928 -20360.931332   -530.781370  7  4  6  82       
PG12  18550.478283 -10840.901808 -15851.208785   -465.413060  6  6  3  56       
PG13  16882.240732   3567.228796  20049.729991    613.441383  7  3  5  30       
PG14  12312.974273  13525.337157  19342.369295    292.063510  5  6  3  52       
PG15  12715.053972  -9068.658770  21003.725102    114.747176  6  3  5  81       
PG16 -26789.708197  -1120.868393   -559.296656   -389.068721  6  6  6  79       
PG17  12440.558725  23358.676048   1290.033530    720.432189  5  6  3  59       
PG18   2712.915530 -23274.940968  12340.962486   -526.100108  5  5  5  76       
PG19  16558.042464  19278.231528  -8510.607872    423.169992  9  9  6  66       
PG20  25154.231446     15.141925  -8191.448311    392.748152  6  4  5  67       
PG21 -16480.465260  15067.795984  14097.136939    139.174797  3  3  4  88       
PG22  18605.627073  11322.444224  15432.406405     52.447583  6  5  2  36       
PG23  -2761.615940 -14657.038853  22003.390427    130.614823  2  5  5  82       
PG24  15265.539920 -18768.410479  10058.954876   -409.134552  6  4  3  78       
PG25   6422.804771 -15440.400735 -20911.881501    484.382124  6  5  2  69       
PG26 -24253.480830  -4522.262544 -10445.224965    202.550090  4  7  2  68       
PG28 -10171.113331 -12872.091893 -20911.113235    -91.581797  6  7  6  69       
PG29  -1334.064458 -22341.335001 -14270.446319   -609.012371  6  6  5  71       
PG30   5773.420983  18437.137571  18236.195773   -448.389957  5  5  4  72       
PG31 -15430.704425  -3547.551767 -21574.644122   -227.147338  6  6  3  73       
PG32 -16048.419020 -21185.078331  -2084.301688   -603.159672  7  6  3  77       
*  2024  1  7  9 45  0.00000000
PG01 -13307.681441  22190.048891   4791.933759    165.473498  4  6  5  35       
PG02 -15130.057370  17840.898153  12859.516307   -504.460715  4  4  3  44       
PG03 -19599.748427  11628.921821 -13687.971739    109.425051  4     5  59       
PG04  -8501.548125  13478.853750 -21214.803322    259.791990  6  4  4  71       
PG05  25755.368585  -6175.453557   2414.816772   -157.053966  6  4  6  83       
PG06   9978.763866  12162.969595 -21307.075040    453.024346  6  5  4  88       
PG07  -3494.374966  24688.264753   8904.175992    -31.305019  5  4     40       
PG08 -14887.179693   5492.631868  21264.196932   -160.880889  6  6  7  71       
PG09   2987.635721  21332.130341 -15586.513576     51.071721  6  3  2  68       
PG10 -14144.275058 -11444.482932  19667.821845    -68.362537  6  6  5  94       
PG11  15916.711515    722.124994 -21217.154608   -530.794211  8  4  6  86       
PG12  20204.998766 -10700.539673 -13739.611610   -465.416693  6  6  3  93       
PG13  17828.578808   5611.830706  18752.319840    613.444623  6  3  5  47       
PG14  10054.221597  13779.104855  20423.613122    292.072760  5  5  3  51       
PG15  14413.060231  -7242.824933  20640.367728    114.750964  6  3  5  82       
PG16 -26603.973012  -1332.942319  -3381.331466   -389.062203  7  5  6  77       
PG17  12103.232413  23256.082019   4153.271813    720.431095  6  5  3  33       
PG18   3444.089802 -24333.935172   9846.485276   -526.108589  6  5  4  50       
PG19  16780.732460  20057.025785  -5812.241317    423.174827  9  8  5  60       
PG20  24165.399352    560.393891 -10749.405203    392.746734  6  4  5  60       
PG21 -16127.841192  13399.134368  16196.279588    139.173701  3  3  4  74       
PG22  16792.978143  11497.983489  17343.948180     52.441520  6  4  3  38       
PG23   -272.183262 -14950.600973  21961.011324    130.621457  3  4  5  74       
PG24  15116.594617 -17377.019042  12447.713050   -409.141248  6  3  2  59       
PG25   8699.568891 -15583.444637 -19919.529070    484.383387  6  6  3  82       
PG26 -23011.392584  -4991.671258 -12776.817245    202.546962  4  7  3  73       
PG28  -9189.226907 -14989.219734 -19931.642668    -91.591775  6  7  6  71       
PG29   -297.585420 -20928.430020 -16337.885311   -609.011947  7  7  5  92       
PG30   4753.952788  20156.330925  16604.544673   -448.385833  6  5  4  47       
PG31 -14370.108319  -5741.927873 -21799.520603   -227.147697  6  6  3  69       
PG32 -15911.487320 -21402.753413    758.772989   -603.162411  7  6  3  98       
*  2024  1  7 10  0  0.00000000
PG01 -13202.854671  21417.187185   7607.342504    165.474308  4  6  4  48       
PG02 -14881.117442  16319.821342  15086.505361   -504.455640  4  4  3  64       
PG03 -21017.265074  11686.974728 -11292.002042    109.448494  5  1  5  78       
PG04 -10021.719017  11546.315905 -21697.152892    259.800841  6  3  4  82       
PG05  25929.363516  -5982.971149   -449.841807   -157.055563  6  3  6  91       
PG06   9038.400668  14364.003068 -20328.859836    453.012937  7  5  4  76       
PG07  -4064.344638  25348.798623   6223.878874    -31.313780  5  4     26       
PG08 -16422.656281   3640.037055  20559.763843   -160.883543  6  6  7  68       
PG09   1637.807724  20015.082563 -17439.207841     51.082605  6  4  3  77       
PG10 -11918.799686 -11861.990159  20842.704031    -68.363968  5  5  5  83       
PG11  14967.722802   2992.598589 -21707.204671   -530.807003  8  4  6  70       
PG12  21616.862263 -10625.730940 -11394.594745   -465.420047  6  5  3  72       
PG13  18797.194014   7457.137827  17129.143878    613.447851  6  3  5  42       
PG14   7708.108689  14158.724771  21155.372275    292.082037  4  5  3  55       
PG15  16145.982407  -5543.572649  19906.862936    114.754841  5  3  4  69       
PG16 -26118.631257  -1572.640679  -6147.057309   -389.055272  7  5  6  71       
PG17  11579.414280  22908.643175   6944.937762    720.430868  6  5  3  11       
PG18   4006.312249 -25159.277041   7180.922634   -526.117085  6  4  4  62       
PG19  16878.301701  20564.186285  -3016.386803    423.179449  9  8  4  64       
PG20  22939.867223   1243.819294 -13120.137630    392.744729  6  5  5  75       
PG21 -15798.458768  11510.626992  18014.686787    139.172737  3  3  4  65       
PG22  14798.989791  11779.044063  18963.009097     52.435800  6  4  3  43       
PG23   2173.525285 -15375.511632  21541.112437    130.628057  4  2  4  72       
PG24  14960.573079 -15727.741747  14612.800808   -409.147947  5  4  1  73       
PG25  10841.918246 -15821.018904 -18591.475006    484.384607  6  6  4  64       
PG26 -21551.153653  -5576.333323 -14894.103247    202.543830  4  6  3  60       
PG28  -8362.276835 -17031.990528 -18609.886436    -91.601731  6  7  6           
PG29    936.472682 -19393.860363 -18123.917761   -609.011147  8  7  5  32       
PG30   3889.843921  21738.097610  14686.644714   -448.381745  6  5  3  57       
PG31 -13420.932021  -7996.055216 -21656.534112   -227.147988  6  6  3  79       
PG32 -15585.221053 -21379.063627   3588.982161   -603.165189  7  6  3  81       
*  2024  1  7 10 15  0.00000000
PG01 -13041.796811  20338.236014  10287.646466    165.475145  4  6  4  75       
PG02 -14660.577135  14562.687779  17059.279521   -504.450829  4  4  3  75       
PG03 -22154.573365  11762.002296  -8701.858798    109.472040  5     5  66       
PG04 -11662.230293   9671.867908 -21805.435500    259.809738  6  3  4  57       
PG05  25800.946642  -5716.737028  -3306.825036   -157.056494  7  3  6  49       
PG06   8264.202381  16489.845707 -18997.733416    453.001418  7  5  2  91       
PG07  -4511.366867  25741.229082   3434.757944    -31.322077  5  3     54       
PG08 -17979.256991   1943.612407  19501.709346   -160.885161  7  6  7  82       
PG09     89.403031  18631.204168 -18993.053242     51.093513  6  5  3  90       
PG10  -9609.009458 -12429.222061  21667.686468    -68.365666  5  5  5  84       
PG11  14128.206197   5341.803171 -21822.756300   -530.819917  8  5  6  90       
PG12  22760.522806 -10583.277915  -8855.389446   -465.423345  5  5  3  74       
PG13  19748.551803   9079.031848  15209.239451    613.451617  6  3  4  26       
PG14   5321.315867  14667.417412  21524.643384    292.091288  4  4  3  64       
PG15  17872.787153  -3996.309557  18817.505703    114.758168  5  3  4  59       
PG16 -25346.986068  -1875.581106  -8810.703982   -389.048391  7  4  5  59       
PG17  10846.926782  22348.961083   9617.537243    720.429589  6  4  2  37       
PG18   4424.963716 -25719.278941   4390.492729   -526.125576  7  4  3  42       
PG19  16814.134967  20811.648252   -169.863329    423.184175  9  7  3  14       
PG20  21513.291458   2085.216317 -15262.408236    392.743249  6  5  5  70       
PG21 -15526.125500   9434.176628  19523.906324    139.171511  2  3  4  92       
PG22  12665.066834  12184.177045  20263.843438     52.429647  6  3  3  69       
PG23   4527.586195 -15916.974980  20750.335123    130.634752  4  1  4  57       
PG24  14831.567294 -13844.036091  16514.930246   -409.154639  5  4  2  71       
PG25  12811.379173 -16128.912907 -16948.900865    484.385833  6  6  4  49       
PG26 -19907.189983  -6295.299522 -16761.418299    202.540695  4  6  4  68       
PG28  -7688.069130 -18953.809677 -16968.502493    -91.611698  6  7  6  20       
PG29   2365.124755 -17783.603981 -19598.097132   -609.010676  8  7  5  46       
PG30   3171.338977  23141.175524  12514.897852   -448.377678  6  5  3  42       
PG31 -12599.280910 -10265.378806 -21146.853558   -227.148224  6  6  3  58       
PG32 -15044.419295 -21141.628842   6358.392767   -603.167998  7  6  3  87       
*  2024  1  7 10 30  0.00000000
PG01 -12865.681308  18962.029804  12784.743323    165.475908  5  6  4  80       
PG02 -14501.674281  12598.864000  18746.174707   -504.445936  4  4  3  62       
PG03 -22996.566307  11814.804640  -5961.784961    109.495481  6  2  5  54       
PG04 -13391.891953   7893.751339 -21538.191438    259.818588  5  2  4  61       
PG05  25384.681621  -5341.574593  -6107.373721   -157.058080  7  2  6  67       
PG06   7653.101544  18490.949584 -17336.684316    452.989908  7  5  2  95       
PG07  -4865.725132  25843.226502    585.207841    -31.330724  6  3     38       
PG08 -19515.988147    425.475513  18109.416897   -160.887205  7  6  6  87       
PG09  -1643.610067  17223.788637 -20221.744333     51.104418  6  5  4  83       
PG10  -7263.211013 -13146.613832  22128.263256    -68.367556  5  4  5  67       
PG11  13416.470149   7723.709470 -21561.962666   -530.832800  8  5  6  91       
PG12  23618.230817 -10536.698769  -6164.773112   -465.426956  5  4  3  68       
PG13  20640.855256  10461.839210  13026.635415    613.454932  6  4  4   2       
PG14   2941.052730  15300.532273  21524.578377    292.100537  4  4  3  63       
PG15  19550.099318  -2618.689288  17393.063429    114.761690  5  4  3  48       
PG16 -24310.037395  -2274.355857 -11328.383839   -389.041585  7  4  5  77       
PG17   9890.759952  21614.689713  12126.107265    720.428651  6  3  2   8       
PG18   4730.997076 -25989.497626   1523.672578   -526.134116  7  3  2  50       
PG19  16555.598815  20818.988407   2679.501066    423.188839  9  6  2  18       
PG20  19926.173456   3097.317091 -17139.031269    392.741504  6  6  4  78       
PG21 -15339.181714   7207.481722  20701.292763    139.170280  2  4  4  94       
PG22  10435.887183  12724.686886  21226.130200     52.423779  6  2  3  64       
PG23   6745.577392 -16552.591893  19601.738137    130.641383  5     3  64       
PG24  14759.925907 -11757.101807  18119.670913   -409.161302  4  4  2  68       
PG25  14574.885264 -16477.203171 -15018.410671    484.387087  6  6  4  28       
PG26 -18118.187572  -7161.078337 -18347.133736    202.537594  4  6  4  63       
PG28  -7156.468118 -20710.431105 -15035.633641    -91.621609  6  8  6  49       
PG29   3976.874971 -16143.608485 -20735.397756   -609.010192  8  7  5  22       
PG30   2581.700483  24328.259062  10126.292592   -448.373565  6  5  3  52       
PG31 -11913.688085 -12503.219263 -20277.786656   -227.148380  6  6  3  56       
PG32 -14270.490065 -20723.549996   9020.276378   -603.170769  7  5  4  84       
*  2024  1  7 10 45  0.00000000
PG01 -12714.244295  17307.068096  15053.671742    165.476748  5  6  3  36       
PG02 -14432.458520  10463.874493  20120.505434   -504.441002  4  5  3  70       
PG03 -23537.127690  11805.075111  -3118.792528    109.519012  6  3  5  30       
PG04 -15173.777822   6244.416400 -20900.426132    259.827439  4     4  46       
PG05  24703.110741  -4826.104443  -8803.877161   -157.058939  7     6  61       
PG06   7193.584216  20320.380211 -15374.494904    452.978371  6  5     76       
PG07  -5161.272160  25640.645905  -2274.659712    -31.339150  6  2     58       
PG08 -20989.886592   -900.262676  16407.819623   -160.888678  7  7  6  88       
PG09  -3539.395352  15834.003638 -21104.557752     51.115351  6  5  3  72       
PG10  -4929.762071 -14006.237682  22215.869986    -68.368862  4  4  5  78       
PG11  12842.962702  10090.010173 -20929.477196   -530.845592  8  5  6  82       
PG12  24180.650298 -10447.767727  -3368.397026   -465.430339  5  4  3  75       
PG13  21431.703500  11598.687292  10619.699951    613.458189  6  4  3  11       
PG14    613.434786  16045.639524  21154.635505    292.109802  4  3  3  66       
PG15  21133.865420  -1420.149833  15660.272026    114.765462  5  4  2           
PG16 -23035.711536  -2797.168629 -13658.719449   -389.034616  7  3  5  46       
PG17   8703.755731  20746.982568  14428.914192    720.428342  6  3  1  42       
PG18   4959.523746 -25953.713519  -1369.668342   -526.142620  7  3  2  63       
PG19  16075.429701  20612.596811   5483.615187    423.193273  8  5  2   9       
PG20  18222.330735   4285.096605 -18717.534336    392.739570  6  6  4  76       
PG21 -15259.461694   4872.684068  21530.161700    139.169337  3  4  4  91       
PG22   8157.873308  13404.166351  21835.186680     52.417945  6  2  3  63       
PG23   8788.109223 -17253.210318  18114.611340    130.648046  5     3  61       
PG24  14770.887973  -9504.801947  19398.165169   -409.167985  4  4  3  60       
PG25  16105.895361 -16831.418874 -12831.686386    484.388328  6  6  4  49       
PG26 -16225.753361  -8178.986385 -19624.166148    202.534482  4  6  4  42       
PG28  -6749.940186 -22261.534989 -12844.431182    -91.631605  6  8  6  57       
PG29   5751.989180 -14518.089389 -21516.621186   -609.009700  9  7  5   5       
PG30   2098.020546  25267.400115   7561.795702   -448.369480  6  5  2  37       
PG31 -11364.830692 -14662.358186 -19062.751922   -227.148589  6  5  3  47       
PG32 -13252.294703 -20162.039909  11529.850840   -603.173571  7  5  4  87       
*  2024  1  7 11  0  0.00000000
PG01 -12624.016459  15400.963196  17053.528896    165.477610  4  6  2  62       
PG02 -14474.717544   8198.194224  21160.869038   -504.436026  4  5  3  84       
PG03 -23779.289382  11693.126759   -221.863236    109.542495  7  3  5  66       
PG04 -16966.534910   4749.438486 -19903.496399    259.836367  4     4  63       
PG05  23785.839215  -4144.121478 -11350.653336   -157.060499  7     6  32       
PG06   6866.290313  21935.520826 -13145.233358    452.966822  6  5     54       
PG07  -5433.896879  25128.239857  -5093.945430    -31.347928  6  2     70       
PG08 -22357.607681  -2027.792123  14426.907808   -160.890800  7  7  6  79       
PG09  -5568.906883  14499.373897 -21626.679640     51.126188  6  5  2  36       
PG10  -2655.427657 -14991.980643  21928.071629    -68.370001  4  3  5  60       
PG11  12409.947512  12391.803126 -19936.362272   -530.858476  8  5  6  78       
PG12  24447.171219 -10278.147703   -514.046827   -465.433906  5  3  4  65       
PG13  22079.770217  12491.518254   8030.426637    613.461717  6  3  2  42       
PG14  -1618.101666  16882.934211  20420.625707    292.119094  4  3  4  77       
PG15  22581.034656   -401.804994  13651.216959    114.768738  5  4  2  43       
PG16 -21557.862868  -3466.639460 -15763.428895   -389.027624  7  3  5  43       
PG17   7286.988244  19788.848447  16488.070352    720.427846  6  3  1  57       
PG18   5148.233936 -25604.598759  -4239.164160   -526.151144  7  3  1  71       
PG19  15352.942411  20224.600157   8194.888612    423.197962  8  4  2  69       
PG20  16447.252447   5645.394871 -19970.728814    392.737659  6  6  4  71       
PG21 -15301.542761   2474.898572  21999.833208    139.167699  4  4  4  93       
PG22   5877.628817  14218.325617  22082.099316     52.412053  6  1  3  66       
PG23  10622.168456 -17984.056255  16314.177496    130.654670  6     3  59       
PG24  14883.446499  -7130.304892  20327.713754   -409.174627  4  4  3  55       
PG25  17385.285998 -17153.908671 -10425.049324    484.389555  6  5  4  55       
PG26 -14272.974624  -9346.766425 -20570.427915    202.531327  5  5  5  63       
PG28  -6444.390751 -23572.166045 -10432.492777    -91.641538  7  8  6  36       
PG29   7663.088395 -12947.913063 -21928.700385   -609.009209  9  7  5  42       
PG30   1692.287628  25933.222664   4865.658234   -448.365390  6  5  2  24       
PG31 -10945.551262 -16696.670810 -17521.152102   -227.148741  6  5  4  57       
PG32 -11986.716878 -19496.920905  13844.982255   -603.176389  6  4  4  70       
*  2024  1  7 11 15  0.00000000
PG01 -12626.688889  13279.509947  18748.308976    165.478500  4  6  2  79       
PG02 -14643.155745   5845.888413  21851.367787   -504.431034  4  5  4  81       
PG03 -23735.042933  11441.613474   2678.898607    109.565960  7  5  5  60       
PG04 -18725.869239   3426.711446 -18564.889509    259.845193  5     4  76       
PG05  22668.371706  -3275.769248 -13704.686668   -157.061711  8     6  58       
PG06   6644.932255  23299.617606 -10687.647372    452.955277  6  5     49       
PG07  -5719.877672  24310.028956  -7821.951716    -31.356205  7  2     65       
PG08 -23577.022498  -2959.577757  12201.167898   -160.891977  8  7  6  54       
PG09  -7696.823769  13252.419662 -21779.434420     51.137048  6  5  2  52       
PG10   -483.787667 -16080.038083  21268.664696    -68.371953  4  3  5  80       
PG11  12111.509699  14581.300531 -18599.887036   -530.871308  8  5  5  66       
PG12  24425.899570  -9991.053604   2349.154985   -465.437497  5  2  4  10       
PG13  22546.436786  13150.766548   5303.674454    613.465097  6  3  1  24       
PG14  -3714.286063  17785.940296  19334.650975    292.128408  5  3  4  40       
PG15  23851.185407    443.315956  11402.621779    114.772171  5  5  2  68       
PG16 -19915.082990  -4298.816156 -17607.866361   -389.021047  7  2  5  47       
PG17   5649.833945  18783.478905  18270.065869    720.426826  6  3  2  72       
PG18   5335.714939 -24944.046164  -7034.860154   -526.159656  7  4  2  53       
PG19  14375.012144  19691.572421  10767.004775    423.202677  7  3  3  41       
PG20  14646.405543   7166.867193 -20877.178421    392.736281  6  6  4  67       
PG21 -15472.294090     60.682511  22105.579877    139.166914  5  4  5  85       
PG22   3640.393141  15155.115073  21963.776886     52.406136  6  2  2  75       
PG23  12222.221883 -18706.103450  14231.184794    130.661287  6     3  69       
PG24  15109.493691  -4680.508419  20892.214797   -409.181280  4  4  3  70       
PG25  18401.979800 -17405.362069  -7838.927614    484.390798  6  5  3  59       
PG26 -12302.926743 -10654.489301 -21169.212536    202.528234  4  5  4  81       
PG28  -6210.261948 -24613.977419  -7841.223542    -91.651543  7  8  6  51       
PG29   9676.039619 -11469.125420 -21964.898388   -609.009169 10  6  5  37       
PG30   1332.668214  26307.899800   2084.646769   -448.361328  6  5  2           
PG31 -10641.189654 -18562.746501 -15678.144232   -227.149017  6  5  4  62       
PG32 -10478.937577 -18769.044824  15926.839670   -603.179187  6  4  4  76       
*  2024  1  7 11 30  0.00000000
PG01 -12747.687265  10985.415076  20107.637995    165.479373  3  6  2  87       
PG02 -14944.846581   3453.148399  22181.753928   -504.425915  4  5  4  92       
PG03 -23424.809586  11017.176898   5533.146317    109.589442  7  5  5  62       
PG04 -20406.150649   2285.946118 -16907.900492    259.854045  5  2  3  17       
PG05  21390.746674  -2208.469372 -15826.313851   -157.062997  8     6  77       
PG06   6497.494644  24383.104479  -8044.471296    452.943647  6  5  1  44       
PG07  -6054.192287  23199.301927 -10409.207283    -31.364606  7  2  2  42       
PG08 -24608.765227  -3706.021000   9768.965256   -160.894071  8  6  5  82       
PG09  -9882.725935  12119.500928 -21560.412845     51.147924  6  4     62       
PG10   1546.246717 -17239.710059  20247.688297    -68.373483  3  2  5  65       
PG11  11933.890122  16613.498648 -16943.218564   -530.884195  7  4  5  78       
PG12  24133.319431  -9552.881253   5171.592817   -465.440684  5  2  3  51       
PG13  22797.318039  13594.718799   2486.377079    613.468697  6  2  2  25       
PG14  -5641.344118  18722.490071  17914.933136    292.137652  6  2  4  81       
PG15  24908.030591   1129.700950   8955.067893    114.775765  5  4  3  54       
PG16 -18149.357658  -5302.423948 -19161.515896   -389.013856  7  2  5  46       
PG17   3809.736788  17772.608369  19746.214885    720.426503  5  4  2  60       
PG18   5559.736164 -23983.145291  -9708.113139   -526.168107  6  4  2  71       
PG19  13136.790310  19053.077069  13155.693070    423.207844  7  2  3  28       
PG20  12863.559262   8830.263765 -21421.558020    392.733925  6  6  4  60       
PG21 -15770.725682  -2323.501159  21848.494731    139.166053  6  4  5  90       
PG22   1488.564931  16195.132358  21482.930939     52.400303  6  2  2  94       
PG23  13571.034873 -19377.629641  11901.395072    130.667919  6     4  71       
PG24  15453.285513  -2204.317451  21082.445321   -409.187938  5  4  3  58       
PG25  19153.279686 -17546.430583  -5117.232122    484.392046  6  5  2  66       
PG26 -10357.181719 -12084.746837 -21409.508095    202.525133  4  5  4  71       
PG28  -6013.848516 -25366.232441  -5115.130731    -91.661423  7  8  5  50       
PG29  11751.109256 -10111.681222 -21624.899903   -609.008298 10  6  5  82       
PG30    984.953348  26381.850654   -732.786565   -448.357265  6  5  1  58       
PG31 -10430.219659 -20221.435713 -13564.303092   -227.149258  6  5  4  77       
PG32  -8742.407703 -18018.692818  17740.495779   -603.182017  5  5  5  67       
*  2024  1  7 11 45  0.00000000
PG01 -13005.019456   8566.740462  21107.383469    165.480163  3  5  4  60       
PG02 -15378.970838   1066.773519  22147.502698   -504.420814  4  4  5  91       
PG03 -22876.586693  10391.951919   8291.187665    109.612990  7  6  5  28       
PG04 -21962.075065   1328.490745 -14961.214588    259.862872  6  2  3  74       
PG05  19996.020599   -937.573257 -17679.849592   -157.064422  8  2  6  57       
PG06   6387.666121  25164.655020  -5261.660405    452.932063  5  5  2  25       
PG07  -6468.860300  21818.234115 -12808.498758    -31.373437  7  3  2  46       
PG08 -25417.675023  -4284.827357   7171.882423   -160.895278  8  6  5  71       
PG09 -12082.466679  11119.909606 -20973.498578     51.158808  6  4  1  91       
PG10   3401.752608 -18434.476718  18881.339098    -68.375303  4  2  4  62       
PG11  11856.133879  18447.744288 -14995.012402   -530.897033  7  4  4  69       
PG12  23593.634321  -8934.736020   7904.033916   -465.444353  5     3  64       
PG13  22803.624299  13848.586282   -373.263940    613.471962  6  1  3  70       
PG14  -7372.120195  19655.943358  16185.533327    292.146972  7  3  4  62       
PG15  25720.743457   1678.494255   6352.169257    114.778900  5  4  4  61       
PG16 -16304.615903  -6478.377937 -20398.436115   -389.006975  7  2  5  49       
PG17   1791.683684  16794.963986  20893.017193    720.425908  5  4  4  67       
PG18   5855.571064 -22741.806399 -12212.466207   -526.176622  5  4  3  72       
PG19  11642.122359  18350.092231  15319.488670    423.212294  7  2  4  60       
PG20  11139.194245  10609.026384 -21594.897351    392.732402  6  6  3  65       
PG21 -16188.128203  -4632.776111  21235.293344    139.164512  6  5  6  90       
PG22   -539.658806  17312.295999  20647.987851     52.394017  5  2  2  60       
PG23  14660.170990 -19955.898975   9364.975133    130.674483  6  2  4  74       
PG24  15911.246981    249.146593  20896.180586   -409.194586  5  4  3  66       
PG25  19644.888809 -17539.387472  -2306.646060    484.393261  5  4  1  87       
PG26  -8474.370668 -13613.133005 -21286.232140    202.522037  4  5  4  80       
PG28  -5818.780782 -25816.525632  -2301.063650    -91.671397  7  8  5  38       
PG29  13844.334721  -8898.420778 -20914.795907   -609.007785 10  5  5  56       
PG30    614.111997  26154.125596  -3537.379358   -448.353160  5  5  1  63       
PG31 -10285.172256 -21639.262348 -11215.176896   -227.149576  6  5  5  23       
PG32  -6798.520210 -17284.012342  19255.467670   -603.184812  5  5  5  65       
*  2024  1  7 12  0  0.00000000
PG01 -13408.448540   6075.128679  21730.121961    165.481067  4  5  6  60       
PG02 -15936.844140  -1267.351173  21749.817904   -504.415879  4  4  6  79       
PG03 -22124.802012   9544.868271  10904.880701    109.636556  7  6  6  41       
PG04 -23350.321001    547.477611 -12758.403013    259.871659  7  3  4  21       
PG05  18528.658637    533.286314 -19234.145248   -157.065556  8  4  6  68       
PG06   6276.445118  25631.920184  -2387.567573    452.920472  6  4  2  65       
PG07  -6991.395591  20197.131860 -14975.878059    -31.381559  7  3  2  35       
PG08 -25974.081718  -4720.108404   4454.023928   -160.896301  8  6  5  70       
PG09 -14249.690861  10265.242408 -20028.793833     51.169658  6  3  2  12       
PG10   5056.900050 -19623.318260  17191.785947    -68.376221  3  1  4  58       
PG11  11851.026706  20049.138546 -12788.910145   -530.909959  6  4  4  81       
PG12  22837.808285  -8113.797215  10498.520165   -465.447789  6  1  4  70       
PG13  22543.310904  13943.330058  -3226.588530    613.475344  6  2  4  54       
PG14  -8886.946773  20546.600920  14175.964559    292.156279  7  2  4  63       
PG15  26265.055937   2116.387185   3639.724494    114.782498  5  4  4  52       
PG16 -14425.218786  -7819.575151 -21297.653210   -388.999997  7  2  5  60       
PG17   -372.585566  15884.856815  21692.437506    720.424588  5  5  4  50       
PG18   6254.424472 -21248.047715 -14504.480015   -526.185104  5  5  4  47       
PG19   9903.645840  17623.375967  17220.467488    423.217196  7  3  3  50       
PG20   9509.058328  12470.177308 -21394.707101    392.730423  6  6  3  73       
PG21 -16708.486323  -6825.255360  20278.062752    139.163890  6  5  7  86       
PG22  -2411.485239  18474.760595  19472.936114     52.388450  5  2  3  52       
PG23  15490.151233 -20398.904181   6665.800985    130.681085  7  2  4  84       
PG24  16472.122595   2632.325126  20338.152868   -409.201226  5  4  2  69       
PG25  19890.607856 -17349.760514    544.163315    484.394486  5  4     73       
PG26  -6688.852799 -15209.000538 -20800.381270    202.518959  4  5  4  53       
PG28  -5587.617039 -25961.194983    552.588503    -91.681378  7  8  5  48       
PG29  15909.062029  -7844.331139 -19846.962928   -609.007435 10  4  5  57       
PG30    185.887584  25632.460704  -6279.961458   -448.349108  6  6  1  71       
PG31 -10173.815318 -22789.643236  -8670.736703   -227.149896  6  5  5  53       
PG32  -4675.993756 -16599.546993  20446.192249   -603.187650  4  6  5  42       
*  2024  1  7 12 15  0.00000000
PG01 -13959.027453   3563.889499  21965.452730    165.481910  4  6  6  55       
PG02 -16602.228752  -3505.732814  20995.573895   -504.410761  4  3  6  86       
PG03 -21208.919896   8462.693218  13328.510253    109.660131  7  6  6  46       
PG04 -24531.137768    -71.712102 -10337.341282    259.880502  7  3  4  55       
PG05  17032.890814   2192.155348 -20463.074431   -157.067117  9  4  6  88       
PG06   6123.854255  25781.923418    527.921164    452.908874  6  4  2  30       
PG07  -7643.443319  18373.329603 -16871.613189    -31.390240  6  3  2  52       
PG08 -26254.891657  -5041.254999   1661.298074   -160.897151  8  6  5  55       
PG09 -16337.442417   9559.076807 -18742.445824     51.180556  6  3  3  57       
PG10   6493.797019 -20762.234899  15206.881087    -68.377343  3     3  80       
PG11  11886.281895  21389.724703 -10362.953214   -530.922851  6  4  3  88       
PG12  21902.340290  -7074.459067  12909.257506   -465.451215  6  2  4  69       
PG13  22001.975417  13914.286777  -6025.277548    613.478663  7     5  56       
PG14 -10174.225577  21353.258048  11920.702007    292.165523  7  2  4  45       
PG15  26524.093455   2474.313532    864.866871    114.786130  5  3  5  32       
PG16 -12554.437191  -9310.974999 -21843.499017   -388.992796  7     4  45       
PG17  -2645.602095  15070.959482  22132.105354    720.424170  5  5  5  49       
PG18   6782.029241 -19536.975292 -16544.504015   -526.193648  5  5  4  56       
PG19   7942.557966  16911.832810  18824.942661    423.221937  7  3  3  63       
PG20   8002.924431  14375.463829 -20824.987216    392.728524  6  5  2  83       
PG21 -17309.141716  -8863.314783  18993.967692    139.162908  6  6  6  81       
PG22  -4100.532511  19646.041978  17977.111665     52.382411  4  1  2  59       
PG23  16070.265042 -20667.098844   3850.687171    130.687695  7  3  3  73       
PG24  17117.459542   4900.913226  19419.857059   -409.207870  5  4  2  72       
PG25  19911.714294 -16947.870441   3385.399098    484.395748  5  3     56       
PG26  -5029.540920 -16836.470200 -19959.089039    202.515847  4  5  4  46       
PG28  -5283.483235 -25805.409316   3396.727265    -91.691320  6  8  5  31       
PG29  17897.591302  -6956.118000 -18439.840061   -609.006982 10  2  5  83       
PG30   -331.628758  24832.996399  -8912.365325   -448.345027  6  5  2  52       
PG31 -10060.547841 -23653.861892  -5974.724146   -227.150116  6  4  5  80       
PG32  -2409.989431 -15994.911491  21292.431408   -603.190455  4  5  5  42       
*  2024  1  7 12 30  0.00000000
PG01 -14649.013782   1086.032032  21810.151394    165.482784  4  6  7  69       
PG02 -17351.916854  -5608.657964  19897.196810   -504.405894  4  4  5  93       
PG03 -20171.854203   7140.770375  15519.626565    109.683676  6  6  6  68       
PG04 -25469.805837   -550.685076  -7739.560245    259.889313  8  4  5  58       
PG05  15551.093401   4019.031247 -21345.940603   -157.068567  9  4  6  86       
PG06   5890.693938  25621.098774   3434.274951    452.897237  5  3  3  37       
PG07  -8439.668463  16389.785235 -18461.050762    -31.398715  6  3  2  48       
PG08 -26244.437254  -5281.625372  -1159.314868   -160.898277  7  6  5  44       
PG09 -18299.801790   8996.961271 -17136.376914     51.191503  6  3  4  20       
PG10   7703.038282 -21805.913216  12959.766489    -68.380044  4     2  41       
PG11  11925.930800  22449.415640  -7758.923325   -530.935706  6  3  3  65       
PG12  20827.817665  -5809.196833  15093.483337   -465.454747  6  1  4  65       
PG13  21173.472701  13799.649143  -8722.131220    613.482138  7     5  75       
PG14 -11230.696011  22034.837913   9458.598010    292.174820  8  2  4  18       
PG15  26488.922575   2786.007938  -1924.770067    114.789554  6  4  6  20       
PG16 -10732.968916 -10929.968522 -22025.890074   -388.986086  7     4  57       
PG17  -4985.387569  14375.308084  22205.438843    720.423092  6  6  5  68       
PG18   7457.468739 -17649.497220 -18297.372713   -526.202124  6  4  5  54       
PG19   5788.054143  16250.944617  20104.108068    423.226838  7  3  3  74       
PG20   6643.597148  16282.712320 -19896.119793    392.726780  6  5  3  72       
PG21 -17961.676765 -10714.703600  17404.922433    139.161524  6  6  6  87       
PG22  -5587.609388  20786.315093  16184.923133     52.376684  4  2  2  39       
PG23  16418.039417 -20725.049697    968.555486    130.694237  7  3  2  55       
PG24  17822.396009   7015.391429  18159.215504   -409.214421  5  4  2  39       
PG25  19736.041757 -16310.208771   6167.039963    484.396959  5  3  2  63       
PG26  -3518.929205 -18455.660033 -18775.586374    202.512751  4  5  4  54       
PG28  -4871.695817 -25362.927017   6182.389770    -91.701308  6  8  4  16       
PG29  19762.868403  -6232.102766 -16717.608145   -609.006220 11     5  77       
PG30   -966.514582  23779.669563 -11388.323796   -448.340946  6  5  3  30       
PG31  -9907.956110 -24221.751823  -3173.905548   -227.150367  6  3  6  59       
PG32    -40.991024 -15493.659115  21779.602323   -603.193245  4  5  4  56       
*  2024  1  7 12 45  0.00000000
PG01 -15462.164849  -1307.671523  21268.163373    165.483606  4  6  7  64       
PG02 -18156.565225  -7541.445936  18472.486945   -504.400775  4  5  5  93       
PG03 -19058.251458   5583.421922  17439.827915    109.707165  6  6  6  74       
PG04 -26137.914888   -917.005068  -5009.540724    259.898105  8  5  6  39       
PG05  14122.253771   5986.437658 -21867.802458   -157.069826  8  5  6  65       
PG06   5540.264521  25164.972157   6281.212903    452.885646  5  1  2  45       
PG07  -9386.951136  14293.435862 -19715.361219    -31.407370  6  3  2  22       
PG08 -25935.062846  -5477.097093  -3960.499204   -160.900632  7  6  5  52       
PG09 -20093.492792   8566.719459 -15237.922468     51.202428  6  3  5  32       
PG10   8683.931671 -22709.477709  10488.375932    -68.381312  5     3  55       
PG11  11931.862326  23216.626285  -5021.621266   -530.948563  6  3  3  41       
PG12  19657.305012  -4319.116952  17012.291453   -465.458227  6  2  4  51       
PG13  20060.228682  13638.858875 -11271.816727    613.485345  7  2  6  48       
PG14 -12061.378782  22552.040137   6832.211111    292.184112  8  2  4  46       
PG15  26158.800154   3086.487561  -4681.856469    114.792723  6  4  6  65       
PG16  -8997.545035 -12647.028237 -21840.542801   -388.979152  7     4  56       
PG17  -7346.826668  13812.558235  21911.695392    720.422287  6  6  5  67       
PG18   8292.272068 -15630.824520 -19733.014085   -526.210603  7  3  5  92       
PG19   3476.451675  15671.328402  21034.613892    423.231461  7  4  2  75       
PG20   5446.204141  18147.337842 -18624.651043    392.725042  6  5  3  48       
PG21 -18632.986103 -12353.463798  15537.234125    139.160410  6  6  5  72       
PG22  -6861.242796  21853.842504  14125.518176     52.370600  4  1  2  74       
PG23  16558.386661 -20542.941504  -1930.440784    130.700856  8  4  2  70       
PG24  18556.713724   8942.337832  16580.118442   -409.221058  5  4  2  36       
PG25  19396.791496 -15420.593103   8839.777737    484.398211  5  3  2  61       
PG26  -2172.362859 -20024.092858 -17269.059632    202.509707  4  5  4  76       
PG28  -4321.304062 -24655.535124   8861.593174    -91.711282  6  8  4           
PG29  21460.159475  -5662.447140 -14709.776717   -609.006128 11     5  83       
PG30  -1741.685192  22503.302708 -13664.334796   -448.336859  6  5  3  61       
PG31  -9678.470301 -24492.055320   -317.244172   -227.150477  6  3  6  64       
PG32   2386.512766 -15112.382592  21899.028524   -603.196100  4  4  4  53       
*  2024  1  7 13  0  0.00000000
PG01 -16374.395380  -3570.507702  20350.442347    165.484432  4  6  7  67       
PG02 -18981.754465  -9275.528905  16744.383026   -504.395866  4  5  4  66       
PG03 -17912.713717   3803.995322  19055.470037    109.730621  6  6  6  63       
PG04 -26514.412149  -1202.935170  -2193.963242    259.906907  8  5  6  56       
PG05  12780.573807   8060.281062 -22019.713618   -157.070850  8  5  6  72       
PG06   5039.988147  24437.500235   9019.588073    452.874056  5     2  42       
PG07 -10483.928542  12133.389309 -20612.142131    -31.415938  5  3  3  37       
PG08 -25327.428290  -5664.535594  -6695.337067   -160.902229  7  7  5  40       
PG09 -21679.399437   8249.056598 -13079.381520     51.213391  5  3  5  40       
PG10   9444.387022 -23430.260768   7834.835997    -68.382049  6     3  66       
PG11  11865.451221  23688.587954  -2198.096522   -530.961426  6  3  3  46       
PG12  18434.633467  -2614.162926  18631.394012   -465.461558  6  2  4  50       
PG13  18673.244470  13470.971802 -13631.576331    613.488733  7  3  6  29       
PG14 -12679.195671  22868.938638   4087.060735    292.193379  8  2  4  47       
PG15  25541.124464   3410.516978  -7360.128105    114.796429  6  5  6  51       
PG16  -7379.673946 -14426.621608 -21289.119029   -388.972078  7     4  39       
PG17  -9683.145935  13389.516916  21255.952137    720.421781  6  6  5  70       
PG18   9289.817298 -13528.819240 -20826.959574   -526.219086  8  3  6  70       
PG19   1050.025815  15197.480800  21599.059209    423.236038  7  4  2  76       
PG20   4417.796780  19923.949977 -17032.968729    392.723469  6  4  4  74       
PG21 -19286.500181 -13760.636144  13421.221436    139.159409  6  6  5  60       
PG22  -7917.935393  22806.487485  11832.391403     52.364777  4  2  2  59       
PG23  16522.464713 -20097.872709  -4795.819579    130.707435  8  4  2  75       
PG24  19286.103508  10655.472263  14711.859198   -409.227738  5  5  2  46       
PG25  18931.120835 -14271.045467  11355.965998    484.399408  5  3  3  54       
PG26   -997.581444 -21498.232117 -15464.402887    202.506651  4  5  3  68       
PG28  -3606.491167 -23712.190179  11388.163892    -91.721264  6  8  5  39       
PG29  22948.645963  -5229.695450 -12450.685536   -609.005578 11  2  5  72       
PG30  -2673.772193  21040.427132 -15700.473045   -448.332760  6  4  4  34       
PG31  -9336.053467 -24472.436578   2544.994008   -227.150718  6  2  6  51       
PG32   4825.498842 -14860.081782  21648.107576   -603.198862  5  4  3  66       
*  2024  1  7 13 15  0.00000000
PG01 -17354.763601  -5661.453806  19074.643968    165.485203  4  6  7  86       
PG02 -19789.239660 -10789.324109  14740.668310   -504.390866  5  5  4  87       
PG03 -16778.033578   1824.550532  20338.286742    109.754065  5  6  5  80       
PG04 -26586.382315  -1444.001889    659.075276    259.915748  8  6  6  44       
PG05  11554.262050  10200.958879 -21798.873728   -157.072187  8  5  6  57       
PG06   4362.865962  23470.095103  11602.244008    452.862503  4     2  45       
PG07 -11720.905497   9959.035510 -21135.860912    -31.424239  5  3  3  16       
PG08 -24430.521168  -5880.233971  -9318.030882   -160.904870  7  7  5  59       
PG09 -23023.936438   8018.445150 -10697.486472     51.224296  5  3  5  22       
PG10  10000.466028 -23929.521067   5044.772043    -68.383292  6  1  3  61       
PG11  11689.211781  23871.333692    663.159017   -530.974216  6  3  3  64       
PG12  17202.660943   -712.963108  19921.800806   -465.465031  6  2  5  42       
PG13  17031.793282  13333.054608 -15761.888526    613.492379  7  4  6  15       
PG14 -13104.279620  22954.464084   1270.821203    292.202632  8  3  4  41       
PG15  24651.099326   3791.113603  -9915.097618    114.799971  6  5  6  72       
PG16  -5904.568650 -16228.362383 -20379.295460   -388.965195  7     4  61       
PG17 -11947.450064  13104.963355  20249.018106    720.421000  5  6  5  48       
PG18  10445.065145 -11392.255771 -21560.747608   -526.227580  8  3  6  87       
PG19  -1444.402151  14846.763204  21786.387042    423.240815  7  4  1  66       
PG20   3557.272077  21567.992534 -15148.883098    392.721704  5  4  4  56       
PG21 -19883.522802 -14924.736003  11090.810185    139.158608  6  6  5  68       
PG22  -8762.142915  23603.262647   9342.934064     52.358971  4     2  56       
PG23  16346.296185 -19374.888397  -7577.681248    130.714004  9  5  3  61       
PG24  19973.585454  12136.398193  12588.484809   -409.234447  5  4  2  33       
PG25  18378.565083 -12862.350084  13670.556328    484.400590  5  3  4  59       
PG26      5.441910 -22835.089521 -13391.862799    202.503534  4  4  3  78       
PG28  -2707.778712 -22567.893831  13718.537035    -91.731206  6  7  5  35       
PG29  24192.880737  -4909.613193  -9978.928515   -609.005312 10  3  5  81       
PG30  -3772.259343  19431.888624 -17461.130232   -448.328669  6  4  4  44       
PG31  -8847.851248 -24179.142631   5362.182248   -227.150976  6  2  6  65       
PG32   7227.981992 -14737.822733  21030.391484   -603.201667  5  3  3  40       
*  2024  1  7 13 30  0.00000000
PG01 -18366.737676  -7546.555634  17464.689096    165.486025  4  6  7  69       
PG02 -20538.353760 -12068.868865  12493.617627   -504.385814  5  5  3  76       
PG03 -15693.513466   -324.801177  21265.908154    109.777488  4  6  5  90       
PG04 -26349.530383  -1677.436236   3500.865600    259.924533  8  6  6  58       
PG05  10464.558248  12364.680185 -21208.688652   -157.073468  7  4  5  76       
PG06   3488.713592  22300.375084  13984.828372    452.850935  4  2  2  60       
PG07 -13080.136224   7818.165574 -21278.125273    -31.432863  4  4  3  78       
PG08 -23261.378101  -6158.379302 -11784.607918   -160.905977  7  7  5  57       
PG09 -24100.222148   7844.256551  -8132.799164     51.235177  4  3  5  58       
PG10  10375.605097 -24174.039984   2166.528446    -68.384428  6  1  3  75       
PG11  11368.412790  23779.356287   3513.039553   -530.987098  6  3  3  34       
PG12  16001.576414   1357.677714  20860.397685   -465.468396  6  3  4  42       
PG13  15162.822945  13258.670639 -17627.075662    613.495616  7  4  6  70       
PG14 -13363.002241  22783.710450  -1567.529455    292.211895  8  3  4  34       
PG15  23511.131672   4258.146479 -12304.709200    114.803416  6  6  6  67       
PG16  -4590.298464 -18008.365404 -19124.750108   -388.958435  6     4  68       
PG17 -14094.265480  12949.763613  18907.279564    720.420101  5  7  5  63       
PG18  11744.631956  -9269.064082 -21922.215108   -526.236036  8  3  6 103       
PG19  -3957.073555  14628.673344  21592.168527    423.245408  7  5  1  80       
PG20   2855.615429  23037.354357 -13005.120685    392.719972  5  4  5  22       
PG21 -20384.643007 -15841.987646   8583.105967    139.157763  6  6  4  27       
PG22  -9405.969123  24205.863042   6697.925633     52.352938  5  2  3  62       
PG23  16069.202373 -18367.707893 -10227.609398    130.720612  9  5  4  50       
PG24  20581.021401  13375.022621  10248.083153   -409.241114  6  5  3  61       
PG25  17779.358600 -11204.260277  15741.997660    484.401790  5  3  5  43       
PG26    844.354130 -23993.843148 -11086.576839    202.500424  4  4  3  86       
PG28  -1612.986638 -21262.346553  15812.511903    -91.741141  6  7  6  49       
PG29  25164.051080  -4672.289414  -7336.708894   -609.004927 10  4  4  65       
PG30  -5038.912282  17721.293771 -18915.667114   -448.324563  6  4  4  53       
PG31  -8185.730430 -23636.321238   8084.301042   -227.151296  6  1  6  62       
PG32   9546.633862 -14738.703007  20055.576284   -603.204465  5  3  3  62       
*  2024  1  7 13 45  0.00000000
PG01 -19369.683429  -9199.999941  15550.213949    165.486830  4  5  7  38       
PG02 -21187.519839 -13108.195307  10039.584098   -504.380824  5  5  3  42       
PG03 -14693.437891  -2606.880934  21822.265507    109.800900  4  5  5  84       
PG04 -25808.349736  -1940.551375   6282.898760    259.933395  8  6  6  72       
PG05   9525.026107  14504.952585 -20258.738022   -157.074578  7  5  5  57       
PG06   2405.127143  20970.692383  16126.549447    452.839413  4  2  1  81       
PG07 -14536.461070   5755.184679 -21037.777195    -31.441517  4  4  3  93       
PG08 -21844.525028  -6529.599570 -14053.600067   -160.908656  7  7  6  61       
PG09 -24889.009728   7692.096538  -5429.041748     51.246050  4  2  4  58       
PG10  10599.537396 -24137.528347   -749.684332    -68.385761  7  2  3  80       
PG11  10872.591160  23434.953086   6302.662144   -530.999954  5  3  3  37       
PG12  14867.320368   3563.625163  21430.408417   -465.471718  7  3  5  36       
PG13  13100.086504  13276.508515 -19195.852271    613.499057  7  5  6  55       
PG14 -13486.757649  22339.011947  -4378.588972    292.221103  8  3  4  31       
PG15  22149.990826   4837.075485 -14489.933124    114.806998  6  6  5  86       
PG16  -3447.200512 -19720.762267 -17545.058732   -388.951280  6  2  4  71       
PG17 -16081.040919  12907.275013  17252.479211    720.418978  5  7  5  35       
PG18  13167.197214  -7204.623342 -21905.673944   -526.244524  8  3  6  88       
PG19  -6437.036605  14544.438382  21018.764577    423.250049  6  5  1  70       
PG20   2296.451441  24293.890263 -10638.741385    392.718200  5  4  5  66       
PG21 -20751.180480 -16516.311123   5937.942353    139.156680  6  5  5  28       
PG22  -9868.584632  24580.131786   3940.967748     52.347067  5  2  3  70       
PG23  15732.116301 -17079.116984 -12699.542759    130.727188 10  5  5  69       
PG24  21070.656590  14369.648465   7732.027037   -409.247812  6  4  3  43       
PG25  17172.726961  -9315.339882  17533.074031    484.403003  5  2  5  53       
PG26   1533.969381 -24937.402062  -8588.008248    202.497331  4  3  3  65       
PG28   -317.910325 -19838.431539  17633.950122    -91.751130  6  7  6  55       
PG29  25841.001374  -4483.460732  -4569.135418   -609.004618  9  5  3  68       
PG30  -6467.525842  15953.361510 -20038.963596   -448.320410  6  4  4  73       
PG31  -7327.637852 -22875.020732  10662.908490   -227.151246  5  2  6  50       
PG32  11736.390948 -14848.127700  18739.397780   -603.207199  5  3  4  65       
*  2024  1  7 14  0  0.00000000
PG01 -20320.506785 -10604.845889  13365.926517    165.487559  5  5  7   8       
PG02 -21695.824123 -13909.428677   7418.524132   -504.375663  5  5  3  74       
PG03 -13805.760760  -4978.709065  21997.874273    109.824260  3  5  4  90       
PG04 -24975.969426  -2269.118566   8957.674692    259.942223  7  6  6  69       
PG05   8741.140902  16574.182659 -18964.649023   -157.075771  6  4  5  36       
PG06   1108.143122  19526.496520  17990.863039    452.827897  4  3     75       
PG07 -16058.264150   3809.498315 -20420.813618    -31.449993  4  4  4  76       
PG08 -20211.155393  -7019.642679 -16086.691998   -160.910904  7  7  5  82       
PG09 -25379.340916   7525.293795  -2632.371934     51.256933  4  1  4  17       
PG10  10706.953899 -23801.781737  -3652.700029    -68.387317  7  3  3  83       
PG11  10176.905803  22867.283594   8984.197784   -531.012843  5  3  2  62       
PG12  13830.189012   5864.567347  21621.727356   -465.475566  7  4  5  66       
PG13  10883.032252  13409.201952 -20441.808899    613.502530  7  5  7  61       
PG14 -13510.551903  21610.745820  -7113.420773    292.230351  7  3  4  61       
PG15  20601.764091   5547.871233 -16435.298419    114.810526  7  6  5  65       
PG16  -2477.578863 -21319.327642 -15665.494599   -388.944469  6  3  4  86       
PG17 -17869.555785  12954.028060  15311.429338    720.418441  4  7  4  37       
PG18  14684.227568  -5240.171497 -21511.971740   -526.252954  8  4  6  91       
PG19  -8833.957523  14586.951777  20075.356015    423.255065  6  6     76       
PG20   1856.878597  25304.795357  -8090.490026    392.716844  5  4  5  48       
PG21 -20946.622954 -16959.061290   3197.402188    139.155430  5  5  5  69       
PG22 -10175.384762  24697.406696   1117.861744     52.341096  5  3  4  42       
PG23  15375.843750 -15521.008801 -14950.600244    130.733801 10  5  6  71       
PG24  21406.629361  15126.747387   5084.194242   -409.254521  6  5  3  44       
PG25  16595.224848  -7222.441312  19011.657172    484.404251  5  2  5  60       
PG26   2095.523171 -25633.853592  -5939.284262    202.494225  4  3  3  86       
PG28   1173.312684 -18340.587439  19151.404018    -91.761108  5  6  6  42       
PG29  26210.977142  -4306.006613  -1723.470136   -609.004312  8  5  3  55       
PG30  -8043.998701  14172.248249 -20811.855873   -448.316287  6  4  4  51       
PG31  -6258.718167 -21931.911976  13052.088170   -227.151768  5  2  5  58       
PG32  13755.993199 -15044.389685  17103.431180   -603.209951  5  3  3  62       
*  2024  1  7 14 15  0.00000000
PG01 -21175.380363 -11753.395689  10950.889544    165.488301  5  6  7   5       
PG02 -22024.598164 -14482.600807   4673.459684   -504.370855  5  5  3  56       
PG03 -13051.060598  -7393.003746  21789.990407    109.847680  2  5  4  84       
PG04 -23873.686410  -2695.803185  11479.494679    259.951090  7  6  6  70       
PG05   8110.188537  18525.332861 -17347.876081   -157.076704  6  5  5  69       
PG06   -397.431951  18014.598064  19546.079063    452.816341  4  3     81       
PG07 -17608.702921   2014.140333 -19440.143787    -31.458459  4  4  4  91       
PG08 -18398.073766  -7648.234983 -17849.330778   -160.913711  7  7  5  90       
PG09 -25568.896837   7306.485533    209.386765     51.267838  4  1  4  43       
PG10  10735.955741 -23157.531656  -6491.345514    -68.388515  7  4  4  88       
PG11   9263.279419  22111.176659  11511.683086   -531.025719  5  4  3  68       
PG12  12913.681920   8215.425013  21431.114037   -465.478773  7  4  5  69       
PG13   8555.492325  13672.382604 -21343.826714    613.505979  7  5  6  77       
PG14 -13471.455535  20597.827743  -9724.436102    292.239629  7  2  4  47       
PG15  18904.648178   6404.148546 -18109.363362    114.814037  7  7  4  78       
PG16  -1675.710175 -22759.159556 -13516.725914   -388.937528  6  3  5  84       
PG17 -19427.189140  13060.665143  13115.658599    720.417686  4  7  4  64       
PG18  16260.987234  -3411.390828 -20748.438574   -526.261420  8  4  6  84       
PG19 -11099.925027  14741.061704  18777.836243    423.259619  6  6     71       
PG20   1508.553222  26043.782090  -5404.094159    392.714999  5  4  6  45       
PG21 -20938.013682 -17188.524118    405.308899    139.154540  5  5  5  55       
PG22 -10356.910459  24535.698188  -1724.067791     52.335484  4  4  4  65       
PG23  15039.343149 -13714.071941 -16941.842663    130.740423 10  5  7  73       
PG24  21556.392141  15660.432892   2350.180501   -409.261226  6  5  3  73       
PG25  16079.193191  -4959.839614  20151.352547    484.405474  5  2  5  48       
PG26   2555.659443 -26057.732258  -3186.447294    202.491140  4  3  3  67       
PG28   2848.161709 -16813.133003  20338.664045    -91.771058  5  6  7  54       
PG29  26270.062242  -4101.559035   1151.660801   -609.003917  7  6  3  85       
PG30  -9746.731032  12419.915210 -21221.453005   -448.312146  6  3  4  87       
PG31  -4972.139265 -20847.785987  15209.349610   -227.151997  5  2  5  66       
PG32  15569.396012 -15299.536484  15174.793373   -603.212687  5  3  4  73       
*  2024  1  7 14 30  0.00000000
PG01 -21891.483136 -12647.200454   8347.750312    165.489040  5  6  7  16       
PG02 -22138.956175 -14845.178892   1849.877567   -504.365610  5  5  4  69       
PG03 -12441.804945  -9799.850784  21202.637652    109.871101  2  5  5  87       
PG04 -22530.200029  -3248.720355  13805.225569    259.959976  6  6  5  73       
PG05   7621.481747  20313.574971 -15435.386984   -157.078380  6  5  6  60       
PG06  -2098.033438  16481.400262  20765.879032    452.804790  4  4  1  68       
PG07 -19147.149123    394.696994 -18115.198906    -31.466944  3  5  4  74       
PG08 -16446.440267  -8428.161251 -19311.289791   -160.915514  7  8  5  83       
PG09 -25464.031355   6999.239556   3047.548148     51.278788  5  2  4  70       
PG10  10726.360650 -22204.951963  -9215.407179    -68.390593  7  5  4  76       
PG11   8121.284124  21205.733439  13841.799268   -531.038552  4  4  3  68       
PG12  12133.641944  10567.960870  20862.244866   -465.482330  6  5  5  54       
PG13   6164.215532  14073.999867 -21886.418401    613.509499  7  5  6  74       
PG14 -13406.982405  19307.879263 -12166.250207    292.248844  7     4  57       
PG15  17099.619434   7412.538682 -19485.124304    114.817480  8  7  3  81       
PG16  -1028.164169 -23998.351963 -11134.406882   -388.930495  6  4  5  78       
PG17 -20728.005680  13193.107246  10700.991965    720.416818  4  7  3  76       
PG18  17857.793875  -1747.221871 -19628.723190   -526.269935  8  5  6  94       
PG19 -13191.173116  14984.203477  17148.564261    423.264366  6  6     80       
PG20   1218.979292  26492.017329  -2625.520146    392.713476  5  4  6  31       
PG21 -20697.247137 -17229.181279  -2393.315431    139.153146  5  4  5  50       
PG22 -10447.565307  24080.652176  -4536.699325     52.329309  4  5  5  56       
PG23  14758.093993 -11687.139071 -18638.956336    130.747041 10  5  7  75       
PG24  21491.993195  15991.663676   -423.480022   -409.267843  7  4  4  83       
PG25  15651.404019  -2568.058273  20932.020780    484.406683  4  3  5  37       
PG26   2945.188872 -26191.055105   -377.632087    202.488019  4  3  3  85       
PG28   4686.020423 -15298.608546  21175.215517    -91.781029  5  6  7  63       
PG29  26023.292332  -3832.165234   4007.081319   -609.003422  6  6  3  76       
PG30 -11547.327050  10734.604004 -21261.328674   -448.308021  6  3  4  70       
PG31  -3469.587392 -19665.891768  17096.457567   -227.152116  5  3  5  56       
PG32  17147.001542 -15580.495205  12985.747956   -603.215408  5  4  4  71       
*  2024  1  7 14 45  0.00000000
PG01 -22428.684594 -13296.712091   5601.936587    165.489781  5  6  7  37       
PG02 -22009.232401 -15021.318880  -1004.933005   -504.360339  4  4  4  66       
PG03 -11981.951948 -12148.477096  20246.506933    109.894484  2  4  4  71       
PG04 -20980.577015  -3950.165387  15895.024009    259.968855  5  6  4  74       
PG05   7256.887856  21897.879386 -13259.257128   -157.079361  6  5  6  70       
PG06  -3971.689898  14971.166435  21629.737573    452.793258  4  4  3  78       
PG07 -20630.772932  -1031.435339 -16471.414069    -31.475206  3  5  4  54       
PG08 -14400.358171  -9364.601222 -20447.179454   -160.918133  7  8  5  75       
PG09 -25079.484289   6569.650403   5833.387236     51.289655  5  3  4  58       
PG10  10717.934152 -20953.794398 -11776.591949    -68.392215  7  5  4  74       
PG11   6748.736584  20192.779931  15934.605807   -531.051398  4  4  4  50       
PG12  11497.722942  12872.520299  19925.621401   -465.485978  6  5  5  57       
PG13   3757.295380  14613.932803 -22059.991105    613.512876  6  5  6  52       
PG14 -13353.461136  17757.060344 -14396.495137    292.258130  6  1  4  25       
PG15  15229.028093   8572.317591 -20540.363802    114.821148  8  7  2  59       
PG16   -514.435460 -24999.594848  -8558.660712   -388.923848  6  4  5  76       
PG17 -21753.619432  13313.912167   8107.063528    720.415832  4  7  3  70       
PG18  19431.470156   -268.948540 -18172.524038   -526.278423  7  5  6  43       
PG19 -15069.649139  15287.352798  15215.979960    423.269122  6  6     70       
PG20    952.953542  26638.786020    197.800270    392.711508  5  4  6  38       
PG21 -20202.231694 -17110.760072  -5152.828103    139.152277  4  4  5  65       
PG22 -10484.170178  23326.256847  -7271.884403     52.323371  4  5  5  48       
PG23  14562.619249  -9476.223016 -20012.846001    130.753703  9  5  7  64       
PG24  21191.176197  16147.215306  -3190.074724   -409.274519  7  4  4  72       
PG25  15331.952782    -92.437179  21340.160558    484.407956  4  3  5  41       
PG26   3297.667503 -26024.076825   2437.815087    202.484891  4  4  4  67       
PG28   6658.782692 -13836.198503  21646.596530    -91.790974  5  6  7  58       
PG29  25484.439642  -3461.940008   6793.891971   -609.003201  5  6  4  53       
PG30 -13411.571790   9149.480758 -20931.587215   -448.303890  6  3  4  73       
PG31  -1761.409189 -18430.186519  18680.168549   -227.152340  4  4  5  52       
PG32  18466.660573 -15850.416584  10573.214817   -603.218109  5  4  3  86       
*  2024  1  7 15  0  0.00000000
PG01 -22751.110065 -13720.605459   2760.836556    165.490532  4  6  7  66       
PG02 -21612.263906 -15040.862531  -3842.601585   -504.355601  4  4  4  30       
PG03 -11666.902886 -14389.056677  18938.731833    109.917883  2  4  4  83       
PG04 -19264.985280  -4815.567908  17713.009484    259.977739  4  6  3  79       
PG05   6991.651054  23242.480736 -10856.174864   -157.080854  6  4  6  86       
PG06  -5988.698921  13524.388821  22123.242995    452.781711  4  5  3  80       
PG07 -22016.198682  -2255.438524 -14539.605239    -31.483778  3  5  4  31       
PG08 -12305.352949 -10454.749888 -21236.896897   -160.920128  8  7  6  77       
PG09 -24437.783883   5987.847577   8518.971670     51.300511  5  4  4  56       
PG10  10748.620827 -19423.143267 -14129.459199    -68.394204  7  5  3  45       
PG11   5151.979364  19115.228432  17754.216905   -531.064229  5  4  4  55       
PG12  11005.205969  15079.830110  18638.338933   -465.489353  5  5  5  71       
PG13   1382.547948  15283.909704 -21861.027294    613.516101  6  5  6  78       
PG14 -13344.465441  15969.573982 -16376.572883    292.267379  6     3  65       
PG15  13335.162814   9875.299665 -21257.938989    114.824354  8  7  2  75       
PG16   -107.870597 -25731.636441  -5833.455948   -388.916762  6  5  5  98       
PG17 -22493.801710  13383.780457   5376.762419    720.415159  4  6  4  65       
PG18  20936.934331   1010.413644 -16405.221970   -526.286850  7  6  6  78       
PG19 -16704.359790  15616.261773  13014.087911    423.273795  6  6     81       
PG20    674.110112  26481.858336   3017.760769    392.709800  5  5  6  55       
PG21 -19437.879332 -16867.092156  -7827.581914    139.150980  5  4  5   9       
PG22 -10504.405013  22275.259207  -9882.252727     52.317344  5  6  5  55       
PG23  14477.220297  -7123.279874 -21040.126785    130.760311  9  5  7  72       
PG24  20638.263167  16158.464423  -5903.443515   -409.281167  7  4  5  70       
PG25  15133.446080   2418.494777  21369.143920    484.409211  4  4  4  70       
PG26   3647.853870 -25555.729227   5210.256366    202.481798  4  4  4  80       
PG28   8731.754249 -12460.296131  21744.650694    -91.800927  5  5  7  56       
PG29  24675.476318  -2958.644138   9464.295865   -609.002729  4  6  4  64       
PG30 -15300.640467   7691.501040 -20238.806130   -448.299806  6  3  4  82       
PG31    133.605643 -17183.574361  19932.856137   -227.152630  4  5  4  28       
PG32  19514.403485 -16070.189674   7978.188067   -603.220879  5  5  3  67       
*  2024  1  7 15 15  0.00000000
PG01 -22828.531230 -13944.806319   -127.021386    165.491263  4  6  7  62       
PG02 -20932.466437 -14938.107198  -6614.450859   -504.350619  5  3  3  70       
PG03 -11483.804673 -16474.477291  17302.546863    109.941297  2  4  4  70       
PG04 -17427.243337  -5852.710422  19227.875451    259.986619  3  6  2  77       
PG05   6795.480938  24318.163702  -8266.862485   -157.081947  5  4  6  29       
PG06  -8112.600475  12176.319875  22238.313724    452.770135  5  5  4  81       
PG07 -23261.160912  -3277.103767 -12355.265341    -31.492099  2  5  4  58       
PG08 -10206.795611 -11687.739577 -21666.006427   -160.922171  8  7  7  84       
PG09 -23568.359850   5229.356601  11057.986671     51.311360  4  5  3  51       
PG10  10852.851962 -17640.796492 -16232.300049    -68.395586  8  5  3  83       
PG11   3345.837125  18015.410600  19269.409881   -531.077002  5  5  5  66       
PG12  10647.168784  17142.780087  17023.723136   -465.492960  4  5  5  74       
PG13   -914.103482  16067.740589 -21292.179614    613.519416  5  5  6  51       
PG14 -13409.366893  13976.863270 -18072.334254    292.276693  6  1  3  93       
PG15  11458.831768  11305.998753 -21626.010796    114.828133  7  7  2  62       
PG16    223.138959 -26170.544280  -3005.881149   -388.910029  6  5  6  91       
PG17 -22946.807187  13363.159079   2555.613184    720.413752  5  6  4  17       
PG18  22328.868652   2086.406137 -14357.422693   -526.295387  6  6  6  77       
PG19 -18072.436935  15932.926313  10581.820275    423.278762  6  6  1  51       
PG20    346.505885  26027.548226   5786.376661    392.708175  5  5  6  41       
PG21 -18396.884614 -16534.811183 -10372.579731    139.150223  5  3  4  75       
PG22 -10545.193970  20939.266195 -12322.041018     52.311554  5  6  5  39       
PG23  14518.973626  -4674.749285 -21703.507604    130.766940  9  5  7  58       
PG24  19824.795173  16060.033757  -8518.673567   -409.287820  7  5  5  99       
PG25  15060.518441   4914.771370  21019.299956    484.410512  4  4  4  57       
PG26   4030.109313 -24793.722908   7890.700443    202.478668  4  5  4  60       
PG28  10864.816126 -11199.265888  21467.670140    -91.810896  5  5  7  63       
PG29  23625.735696  -2295.127866  11972.410730   -609.002357  3  6  4  62       
PG30 -17172.489987   6380.537663 -19195.860127   -448.295600  6  3  4  88       
PG31   2188.790695 -15966.209721  20833.010653   -227.152819  3  5  4  61       
PG32  20284.868158 -16200.070757   5245.068409   -603.223639  5  5  3  71       
*  2024  1  7 15 30  0.00000000
PG01 -22637.534754 -14001.269838  -3012.775404    165.492029  4  5  7  27       
PG02 -19962.655485 -14750.387383  -9272.315861   -504.345762  5  2  3  53       
PG03 -11412.187067 -18361.998485  15366.837616    109.964731  2  4  4  91       
PG04 -15513.239250  -7061.242423  20413.428577    259.995492  2  6  1  77       
PG05   6633.868528  25103.318393  -5535.419137   -157.083444  5  3  6  70       
PG06 -10301.409946  10955.720242  21973.309092    452.758589  4  5  4  88       
PG07 -24326.093368  -4104.518139  -9957.803398    -31.500510  1  5  4  88       
PG08  -8148.326356 -13044.871836 -21726.042370   -160.923669  8  7  7  86       
PG09 -22506.399620   4276.258685  13406.539309     51.322193  4  5  3  52       
PG10  11060.003129 -15642.297267 -18047.941669    -68.396827  8  5  3  91       
PG11   1353.248501  16933.445742  20454.155723   -531.089839  5  6  5  79       
PG12  10406.997841  19018.113722  15110.846073   -465.496603  4  5  5  87       
PG13  -3090.179682  16941.857361 -20362.276043    613.522925  4  4  5  73       
PG14 -13572.068195  11816.533818 -19454.670859    292.286021  5  3  3  87       
PG15   9638.005610  12842.050678 -21638.214014    114.831633  7  7  3  49       
PG16    513.740096 -26300.707103   -125.327150   -388.903302  6  6  6  96       
PG17 -23119.400016  13213.887222   -308.906683    720.413360  5  5  4  62       
PG18  23563.402192   2963.085080 -12064.418070   -526.303846  6  6  6  85       
PG19 -19159.877165  16197.222445   7962.293395    423.283222  6  6  3  76       
PG20    -63.813416  25290.462513   8456.574810    392.706352  5  6  6  58       
PG21 -17080.258519 -16151.926251 -12744.165768    139.148937  6  3  3  62       
PG22 -10641.095373  19338.515854 -14547.931522     52.305733  5  6  5  17       
PG23  14697.027360  -2179.930316 -21992.060905    130.773574  8  6  6  66       
PG24  18749.914270  15888.348587 -10992.752701   -409.294494  7  4  5  77       
PG25  15109.696036   7346.788993  20297.848079    484.411784  3  4  3  51       
PG26   4476.809715 -23754.303734  10431.736577    202.475547  4  5  5  89       
PG28  13013.805486 -10074.451233  20820.426245    -91.820878  6  5  7  66       
PG29  22370.802288  -1450.583112  14275.053782   -609.002098  4  6  3  67       
PG30 -18983.375728   5228.801834 -17821.634127   -448.291504  6  3  4  98       
PG31   4370.491975 -14813.937636  21365.603147   -227.153238  3  6  4  57       
PG32  20781.403613 -16201.363830   2420.918530   -603.226402  5  6  3  85       
*  2024  1  7 15 45  0.00000000
PG01 -22162.431945 -13926.561236  -5848.012239    165.492814  4  5  7  48       
PG02 -18704.571363 -14516.516577 -11769.396461   -504.340758  5  2  2  82       
PG03 -11424.905855 -20014.736870  13165.593973    109.988174  3  5  4  80       
PG04 -13569.278080  -8432.510343  21249.046905    260.004387  1  6  1  86       
PG05   6469.581437  25584.722267  -2708.593854   -157.084907  5  2  7  54       
PG06 -12509.063728   9883.868958  21333.034529    452.747034  5  5  4  80       
PG07 -25175.590241  -4753.432917  -7389.749335    -31.509217  1  5  3  34       
PG08  -6170.335949 -14500.156437 -21414.725902   -160.925803  7  6  8  81       
PG09 -21291.490621   3118.102050  15523.927707     51.333013  4  6  3  80       
PG10  11393.068716 -13469.656616 -19544.456354    -68.398505  8  5  2  95       
PG11   -795.413201  15905.706615  21288.063202   -531.102704  6  6  6  79       
PG12  10261.217075  20667.959707  12933.935894   -465.500359  3  5  6  87       
PG13  -5108.076490  17876.145609 -19086.232108    613.526241  3  4  4  70       
PG14 -13849.967110   9531.045260 -20500.009869    292.295282  5  3  3  78       
PG15   7906.565784  14454.884205 -21293.767385    114.834858  7  7  3  81       
PG16    801.031617 -26115.528011   2757.409510   -388.896408  5  6  6  66       
PG17 -23026.571886  12900.824993  -3168.107246    720.412629  5  5  4  79       
PG18  24599.744769   3652.652800  -9565.576189   -526.312319  5  7  5  73       
PG19 -19961.923744  16368.640963   5201.976204    423.288110  7  6  4  79       
PG20   -587.325156  24292.950896  10982.965946    392.704120  6  6  6  75       
PG21 -15497.587473 -15756.314735 -14900.748972    139.147864  6  4  2  70       
PG22 -10822.761033  17501.316284 -16519.883314     52.299685  6  6  5  36       
PG23  15012.223165    310.742809 -21901.376230    130.780209  8  6  5  82       
PG24  17420.478892  15680.155924 -13285.177972   -409.301124  7  4  6  63       
PG25  15269.608848   9667.078071  19218.686908    484.413061  4  4  3  67       
PG26   5016.837232 -22461.672177  12788.441651    202.472423  4  5  5  57       
PG28  15132.061045  -9099.465999  19814.087440    -91.830872  6  5  6  33       
PG29  20951.171722   -411.554921  16332.486188   -609.001195  5  6  3  72       
PG30 -20689.432877   4240.575688 -16140.634667   -448.287410  6  3  4  66       
PG31   6639.239329 -13756.935778  21522.308346   -227.152996  3  6  3  50       
PG32  21015.840641 -16038.086180   -445.347291   -603.229147  5  6  2  86       
*  2024  1  7 16  0  0.00000000
PG01 -21395.882873 -13760.294769  -8585.515434    165.493588  5  5  7  44       
PG02 -17169.076259 -14275.146330 -14061.128202   -504.335386  6  4  2  72       
PG03 -11489.351380 -21402.922411  10737.279051    110.011675  3  6  4  90       
PG04 -11640.419771  -9949.711926  21720.048716    260.013242     6  2  85       
PG05   6264.281902  25758.015108    165.001104   -157.086356  5  1  6  29       
PG06 -14687.022818   8973.871349  20328.642598    452.735451  4  5  3  88       
PG07 -25779.687716  -5246.351474  -4695.944912    -31.517579     4  3  40       
PG08  -4308.561801 -16021.143588 -20736.087695   -160.926241  7  5  8  83       
PG09 -19966.100145   1752.527129  17373.361005     51.343840  4  6  4  95       
PG10  11867.610587 -11169.821189 -20695.758173    -68.398933  8  5  1  98       
PG11  -3063.305672  14963.441223  21756.729284   -531.115561  6  6  6  81       
PG12  10180.594530  22061.143898  10531.696771   -465.503769  3  5  6  77       
PG13  -6936.322546  18835.041482 -17484.867525    613.529742  2  4  3  69       
PG14 -14253.191306   7166.224538 -21190.703657    292.304603  5  4  3  96       
PG15   6293.198831  16110.620396 -20597.521996    114.838413  7  6  4  75       
PG16   1122.372316 -25617.770970   5591.084000   -388.889465  5  6  6  82       
PG17 -22690.954247  12393.403311  -5972.877663    720.411605  5  4  5  49       
PG18  25401.711098   4174.779742  -6903.670737   -526.320786  4  7  5  65       
PG19 -20483.075976  16408.045527   2349.791426    423.292492  7  6  4  53       
PG20  -1249.675463  23064.277876  13322.588512    392.702823  6  7  6  76       
PG21 -13666.994319 -15384.184467 -16803.550501    139.146784  7  5  1  72       
PG22 -11115.530090  15463.163637 -18201.937115     52.294000  5  6  4  79       
PG23  15457.055835   2747.457855 -21433.597491    130.786845  7  7  4  98       
PG24  15850.913379  15471.056961 -15358.517225   -409.307784  6  4  6  61       
PG25  15521.536929  11831.972106  17802.049070    484.414279  4  4  3  71       
PG26   5674.217430 -20947.088847  14919.237866    202.469317  4  5  6  56       
PG28  17172.073711  -8279.796401  18466.025507    -91.840833  7  6  6  26       
PG29  19410.730871    827.328555  18109.104260   -609.000768  5  6  3  73       
PG30 -22248.260384   3412.261448 -14182.510630   -448.283308  6  3  3  78       
PG31   8951.147852 -12818.612610  21301.585834   -227.153229  3  6  2  60       
PG32  21007.933957 -15678.551350  -3303.825631   -603.231864  5  6  2  59       
*  2024  1  7 16 15  0.00000000
PG01 -20339.218990 -13543.489734 -11179.972760    165.494427  5  5  6           
PG02 -15376.002712 -14063.106347 -16106.053255   -504.330717  6  5  2  82       
PG03 -11568.871823 -22504.879409   8124.127844    110.035113  3  7  4  77       
PG04  -9768.870242 -11588.371487  21817.964929    260.022102     6  3  82       
PG05   5980.205296  25627.844783   3035.724413   -157.087573  5  2  6  41       
PG06 -16785.974403   8230.288802  18977.432622    452.723876  4  5  3  87       
PG07 -26114.923974  -5611.383058  -1922.738414    -31.526239     3  3  58       
PG08  -2592.853260 -17570.024170 -19700.488883   -160.928772  7  5  8  90       
PG09 -18573.951164    185.578713  18922.616397     51.354654  5  6  4  89       
PG10  12491.025323  -8792.951900 -21482.073641    -68.400358  8  4  2 101       
PG11  -5408.333956  14131.603296  21851.989963   -531.128398  6  7  6  80       
PG12  10131.476898  23174.232143   7946.557211   -465.507453  3  5  6  84       
PG13  -8550.615683  19778.856962 -15584.625600    613.532843     5  3  68       
PG14 -14784.133001   4769.660111 -21515.308916    292.313939  4  4  4  92       
PG15   4820.473745  17771.173577 -19559.945346    114.842098  6  5  4  77       
PG16   1513.655271 -24819.537104   8324.999468   -388.882736  4  6  6  70       
PG17 -22141.938474  11667.033147  -8674.519048    720.410853  5  4  4  59       
PG18  25939.078839   4555.644698  -4124.160649   -526.329254  4  6  5  45       
PG19 -20736.727838  16279.378316   -543.827623    423.296952  7  5  5  74       
PG20  -2070.509373  21639.547545  15435.613608    392.700789  7  7  6  82       
PG21 -11614.786247 -15068.560622 -18417.363432    139.145389  7  6     81       
PG22 -11538.220178  13265.564542 -19562.972407     52.288026  5  6  3  46       
PG23  16015.969389   5082.747006 -20597.346036    130.793449  7  7  3  83       
PG24  14062.800237  15294.101372 -17178.922297   -409.314455  6  4  6  65       
PG25  15840.261740  13803.107041  16074.035809    484.415513  4  5  3  75       
PG26   6466.960890 -19247.703784  16786.680081    202.466245  3  5  6  45       
PG28  19087.178998  -7612.728570  16799.513700    -91.850777  7  6  6  27       
PG29  17795.115606   2262.937801  19574.065043   -609.000496  5  6  3  81       
PG30 -23620.446796   2732.740041 -11981.495289   -448.279239  6  3  3  72       
PG31  11259.488081 -12014.803329  20708.623037   -227.153554  3  6  2  50       
PG32  20784.494168 -15096.803424  -6104.522293   -603.234569  5  6  2  84       
*  2024  1  7 16 30  0.00000000
PG01 -19002.458757 -13316.902634 -13588.637594    165.495242  6  5  6  12       
PG02 -13353.646489 -13913.793884 -17866.670321   -504.325456  6  6  2  58       
PG03 -11624.352942 -23307.697418   5371.390167    110.058583  2  7  4  73       
PG04  -7992.486849 -13317.120347  21540.709146    260.030966     6  4  72       
PG05   5581.832954  25207.674076   5853.773229   -157.089461  5  3  6  11       
PG06 -18757.568202   7649.102656  17302.552819    452.712279  4  5  2  82       
PG07 -26165.146601  -5880.914676    882.802390    -31.534750     3  3  72       
PG08  -1046.155984 -19104.961780 -18324.533913   -160.930996  7  5  8  97       
PG09 -17158.357025  -1568.309862  20144.620375     51.365471  5  5  4  84       
PG10  13262.159741  -6390.586956 -21890.277029    -68.401744  8  4  3  98       
PG11  -7784.572301  13427.936207  21572.067081   -531.141142  6  7  6  82       
PG12  10077.293639  23992.266875   5223.865558   -465.511000  3  5  7  66       
PG13  -9934.596694  20665.287603 -13417.194955    613.536101     5  3  47       
PG14 -15437.299876   2389.040308 -21468.752331    292.323204  4  4  4  88       
PG15   3504.134823  19395.520769 -18197.037624    114.845334  6  4  4  83       
PG16   2007.624277 -23741.863748  10910.016903   -388.875681  4  7  6  73       
PG17 -21414.529651  10704.314550 -11225.606043    720.410110  5  4  4  67       
PG18  26188.730668   4826.731224  -1274.431358   -526.337804  3  6  4  63       
PG19 -20744.454744  15951.240773  -3427.900777    423.301888  7  5  5  52       
PG20  -3062.529446  20058.420964  17286.001182    392.699286  7  7  6  86       
PG21  -9374.784926 -14837.856904 -19711.308637    139.144688  7  6     83       
PG22 -12102.173225  10954.602534 -20577.394504     52.282160  5  6  3  73       
PG23  16665.975429   7273.109295 -19407.533573    130.800053  6  7  2  66       
PG24  12084.230984  15178.489046 -18716.592903   -409.321072  6  4  6  65       
PG25  16195.180965  15548.693107  14066.047928    484.416790  4  5  4  85       
PG26   7406.159074 -17405.159496  18358.153997    202.463127  3  5  6  58       
PG28  20833.225992  -7087.603754  14843.322005    -91.860777  7  7  5  44       
PG29  16150.008695   3883.553973  20701.834770   -608.999914  5  6  2  76       
PG30 -24770.980884   2184.020237  -9575.782262   -448.275116  6  3  3  63       
PG31  13516.358095 -11353.291090  19755.147382   -227.153847  2  6  2  56       
PG32  20378.241312 -14273.841312  -8798.268424   -603.237288  5  7  2  68       
*  2024  1  7 16 45  0.00000000
PG01 -17404.020713 -13119.393445 -15771.940450    165.496077  7  5  6  15       
PG02 -11137.912127 -13855.682439 -19310.239952   -504.320454  6  7  3  79       
PG03 -11615.890876 -23807.569949   2526.532919    110.082065  1  7  4  73       
PG04  -6343.455586 -15098.754954  20892.640847    260.039841     6  4  67       
PG05   5037.491992  24519.252247   8570.068328   -157.091285  5  4  6  19       
PG06 -20556.123282   7218.012195  15332.609957    452.700649  4  5  2  79       
PG07 -25922.047228  -6090.156548   3673.647633    -31.543111     1  3  66       
PG08    316.241521 -20581.610080 -16630.870432   -160.932616  6  6  8  66       
PG09 -15760.580097  -3486.662509  21017.942437     51.376326  5  5  4  88       
PG10  14171.288417  -4013.766992 -21914.085265    -68.403097  7  3  4  76       
PG11 -10143.838408  12862.345597  20921.608253   -531.154010  6  7  6  82       
PG12   9980.166928  24509.173975   2411.051567   -465.514353  4  5  7  71       
PG13 -11080.327784  21451.048705 -11019.034762    613.539751     5  3  71       
PG14 -16199.486004     70.500346 -21052.382240    292.332513  3  5  4  87       
PG15   2352.636899  20941.100543 -16530.176105    114.848934  6  4  4  49       
PG16   2632.308659 -22413.957085  13299.551028   -388.869071  4  7  6  62       
PG17 -20547.971499   9495.990753 -13580.861631    720.409434  5  4  4  74       
PG18  26135.538650   5023.426742   1596.990867   -526.346328  3  5  4  74       
PG19 -20534.982529  15398.283171  -6251.861701    423.306543  6  4  5  59       
PG20  -4230.818656  18363.673273  18842.098108    392.697284  7  7  6  81       
PG21  -6987.346235 -14714.592679 -20659.566567    139.143757  7  7  1  78       
PG22 -12810.604356   8579.301418 -21225.729051     52.276095  5  6  3  50       
PG23  17377.567273   9280.472531 -17885.070751    130.806681  5  7  2  54       
PG24   9948.938143  15148.420899 -19946.190386   -409.327739  5  4  6  24       
PG25  16551.635186  17044.513001  11814.131336    484.418053  4  5  4  83       
PG26   8495.372488 -15464.027542  19606.469421    202.459997  2  5  6  28       
PG28  22370.158574  -6686.390532  12631.216647    -91.870755  8  7  5  41       
PG29  14519.443154   5669.117146  21472.649660   -608.999859  6  6  2  88       
PG30 -25670.495480   1742.148853  -7006.848212   -448.271063  6  3  3  56       
PG31  15674.388345 -10833.666241  18459.118099   -227.154003  2  6  2  68       
PG32  19826.424232 -13198.579281 -11337.634693   -603.240040  5  6  3  85       
*  2024  1  7 17  0  0.00000000
PG01 -15570.147708 -12986.381159 -17694.047851    165.496920  7  5  5  60       
PG02  -8771.135559 -13911.017979 -20409.520380   -504.315373  6  7  3  74       
PG03 -11504.492062 -24009.791969   -361.583413    110.105523  2  8  4  94       
PG04  -4847.191326 -16891.534284  19884.518802    260.048737  1  6  5  71       
PG05   4320.816376  23591.768707  11137.139650   -157.092470  6  5  5  11       
PG06 -22140.242302   6917.054505  13101.192612    452.689003  5  5  2  67       
PG07 -25385.413697  -6275.617652   6403.524763    -31.551692        4  43       
PG08   1487.165012 -21954.759944 -14647.873476   -160.935050  6  8  8 100       
PG09 -14418.278963  -5539.625109  21527.190959     51.387173  5  4  4  81       
PG10  15200.450664  -1711.200394 -21554.111727    -68.403934  7  3  5  75       
PG11 -12437.361037  12436.585036  19911.618603   -531.166877  5  7  6  81       
PG12   9802.561188  24727.830410   -443.227751   -465.517837  4  5  7  73       
PG13 -11988.453213  22093.579439  -8430.806648    613.542867     6  3  53       
PG14 -17050.253812  -2142.958667 -20273.907910    292.341800  3  5  5 101       
PG15   1366.943337  22365.296983 -14585.883259    114.852202  5  3  4  46       
PG16   3409.648886 -20872.087164  15450.523736   -388.862111  4  6  6  34       
PG17 -19584.191179   8041.600319 -15698.026924    720.408483  5  4  4  86       
PG18  25772.958729   5183.477702   4441.239905   -526.354819  3  5  3  49       
PG19 -20142.886349  14602.346544  -8966.492932    423.311120  6  4  6  58       
PG20  -5572.453927  16599.643468  20077.169399    392.695540  8  7  5  77       
PG21  -4498.090732 -14714.317299 -21242.060869    139.142332  6  6  2  93       
PG22 -13658.290522   6189.850113 -21495.102429     52.270270  5  6  3  63       
PG23  18115.892424  11073.441135 -16056.478632    130.813277  5  7  2  71       
PG24   7695.236873  15222.135781 -20847.200162   -409.334336  5  4  6  61       
PG25  16872.387659  18274.613409   9358.256256    484.419337  4  4  4  80       
PG26   9730.335818 -13470.145317  20510.336292    202.456866  2  5  6  63       
PG28  23663.447939  -6384.550939  10201.372721    -91.880721  8  7  4           
PG29  12944.176604   7591.803768  21872.879785   -608.998983  6  6  3  87       
PG30 -26296.300331   1378.343503  -4318.735072   -448.267023  6  3  3  68       
PG31  17688.410906 -10447.521629  16844.310564   -227.154305  2  6  2  67       
PG32  19169.260947 -11868.500413 -13677.822878   -603.242808  6  6  3  75       
*  2024  1  7 17 15  0.00000000
PG01 -13534.064519 -12948.439754 -19323.366454    165.497766  7  5  5  48       
PG02  -6300.624530 -14094.765576 -21143.408687   -504.310616  6  7  4  72       
PG03 -11253.734415 -23928.420315  -3243.539437    110.129039  2  8  4 104       
PG04  -3521.504302 -18650.668448  18533.343531    260.057612  2  5  5  79       
PG05   3412.008041  22460.719554  13509.994128   -157.093711  6  6  5  50       
PG06 -23474.273537   6719.522257  10646.315037    452.677425  5  4  3  46       
PG07 -24563.099876  -6473.566845   9027.594313    -31.559882     2  4  16       
PG08   2467.691919 -23180.053621 -12409.213837   -160.938210  6  8  8 101       
PG09 -13164.105641  -7690.925292  21663.302649     51.398047  4  3  3  79       
PG10  16324.128704    472.456506 -20817.782254    -68.405599  7  3  5  67       
PG11 -14617.478112  12144.267216  18559.284661   -531.179746  5  6  6  83       
PG12   9508.906395  24659.796920  -3289.940980   -465.521641  4  5  7  50       
PG13 -12668.031193  22552.749940  -5696.718690    613.546328     6  3  27       
PG14 -17962.706133  -4212.919113 -19147.230053    292.351073  3  6  5  65       
PG15    540.599589  23626.959910 -12395.514190    114.855553  5  3  4  75       
PG16   4354.377469 -19158.191150  17324.247018   -388.855209  4  6  6  65       
PG17 -18566.122685   6349.790739 -17538.705382    720.407299  4  5  3  90       
PG18  25103.313705   5345.359209   7209.914451   -526.363277  3  4  2  54       
PG19 -19607.077979  13553.312510 -11524.814671    423.315637  5  4  6  31       
PG20  -7076.426298  14810.633828  20969.854447    392.693899  8  6  5  87       
PG21  -1956.380944 -14844.799072 -21445.066697    139.141441  6  7  3  90       
PG22 -14631.620862   3835.762629 -21379.588787     52.264434  5  7  3  48       
PG23  18842.136638  12628.285093 -13953.411528    130.819830  4  7  3  52       
PG24   5364.810021  15411.165058 -21404.241176   -409.340977  5  4  6  40       
PG25  17119.194306  19231.670700   6741.549094    484.420575  4  4  4  59       
PG26  11098.990328 -11468.923121  21054.715061    202.453758  2  4  6  53       
PG28  24685.321254  -6152.165937   7595.710394    -91.890745  8  8  4   7       
PG29  11460.199916   9616.913374  21895.288243   -608.998400  6  6  3  74       
PG30 -26633.168338   1060.302025  -1557.304194   -448.262938  6  3  3  70       
PG31  19517.028617 -10178.968318  14939.807623   -227.154446  2  6  2  51       
PG32  18448.263797 -10289.972273 -15777.514084   -603.245537  6  6  4  78       
*  2024  1  7 17 30  0.00000000
PG01 -11334.898693 -13030.080550 -20632.990615    165.498658  7  5  4  71       
PG02  -3776.972868 -14413.860105 -21497.463319   -504.306033  5  7  4  68       
PG03 -10831.326503 -23585.613748  -6070.188775    110.152521  3  7  4  66       
PG04  -2376.066121 -20329.942449  16862.089550    260.066454  3  5  5  93       
PG05   2298.844110  21166.530185  15646.947257   -157.095409  7  6  5  66       
PG06 -24529.566520   6593.144605   8009.789699    452.665764  5  4  4  35       
PG07 -23470.722094  -6718.532588  11503.078653    -31.568538     3  5  74       
PG08   3266.958158 -24215.698152  -9953.313582   -160.939911  6  9  7 104       
PG09 -12024.508666  -9899.091364  21423.718966     51.408916  4  3  3  77       
PG10  17510.234480   2498.136334 -19719.120384    -68.407205  7  2  5  29       
PG11 -16639.301035  11971.200727  16887.692493   -531.192441  5  6  5  74       
PG12   9067.132410  24324.732868  -6080.518418   -465.524709  5  5  7  27       
PG13 -13136.038671  22792.504276  -2863.789459    613.549563     6  3  72       
PG14 -18904.516394  -6106.810861 -17692.167928    292.360419  3  6  6  55       
PG15   -139.913395  24687.909095  -9994.859658    114.859116  5  3  4  32       
PG16   5473.207873 -17318.245562  18887.209308   -388.848589  3  6  6  61       
PG17 -17535.975482   4438.269858 -19069.159165    720.407678  4  5  3  96       
PG18  24137.754350   5546.620407   9855.874863   -526.371760  3  4  2  50       
PG19 -18969.147579  12249.630183 -13882.909285    423.320577  5  4  6  62       
PG20  -8723.872685  13039.318021  21504.540806    392.691932  8  5  4  67       
PG21    586.403265 -15105.528975 -21261.714779    139.140555  6  7  3 106       
PG22 -15709.014186   1564.052425 -20880.407886     52.258655  4  7  3  69       
PG23  19515.065476  13929.635428 -11612.100614    130.826418  3  6  4  41       
PG24   3001.374956  15719.830428 -21607.319918   -409.347626  5  4  6  12       
PG25  17254.399870  19917.025445   4009.495196    484.421807  4  4  5  66       
PG26  12581.839288  -9503.691667  21231.036926    202.450647  2  4  5  66       
PG28  25415.739221  -5955.275518   4859.166510    -91.900749  8  8  4  17       
PG29  10097.438623  11704.032313  21539.179541   -608.998008  6  6  4  51       
PG30 -26673.849199    753.637295   1230.525661   -448.258842  6  4  3  41       
PG31  21124.025870 -10005.443771  12779.413235   -227.154504  2  6  2  47       
PG32  17704.518926  -8478.208519 -17599.653350   -603.248286  7  6  5  45       
*  2024  1  7 17 45  0.00000000
PG01  -9016.401103 -13248.760867 -21601.091570    165.499515  7  5  5  84       
PG02  -1252.217899 -14866.801947 -21464.286573   -504.300862  5  7  5  83       
PG03 -10210.506281 -23010.681008  -8793.474145    110.176059  4  7  4  57       
PG04  -1412.197252 -21883.413090  14899.330150    260.075272  4  4  4  94       
PG05    977.386174  19752.988001  17510.400021   -157.096750  7  7  5  70       
PG06 -25285.474527   6501.486684   5236.537395    452.654098  5  3  4  59       
PG07 -22131.099044  -7041.890441  13789.842123    -31.577173     3  5  63       
PG08   3901.637002 -25024.108071  -7322.695090   -160.941754  5  9  7  45       
PG09 -11018.789876 -12118.883854  20812.445110     51.419775  3  3  2  84       
PG10  18721.360205   4333.656215 -18278.411838    -68.408672  7  1  5           
PG11 -18462.281816  11896.039977  14925.443873   -531.205359  5  5  5  75       
PG12   8450.056972  23749.521934  -8767.657898   -465.528453  5  5  7  56       
PG13 -13416.563809  22782.372701     18.957261    613.552864  2  6  4  58       
PG14 -19839.175526  -7798.943946 -15934.089901    292.369705  4  7  6  77       
PG15   -694.551045  25514.367983  -7423.662016    114.862193  5  3  4  41       
PG16   6764.369395 -15400.479927  20111.742529   -388.841404  3  5  6  38       
PG17 -16533.520399   2333.386640 -20261.034514    720.406657  4  5  4  91       
PG18  22895.899892   5822.267777  12334.020732   -526.380258  3  4     67       
PG19 -18271.630279  10698.503866 -16000.666628    423.325472  5  4  5  71       
PG20 -10488.612932  11325.217009  21671.648871    392.690637  8  5  4  79       
PG21   3078.725514 -15487.577767 -20692.362265    139.139474  6  7  3 106       
PG22 -16861.691262   -582.497941 -20005.962609     52.252634  4  7  3  72       
PG23  20092.663975  14970.862902  -9072.728510    130.833022  2  6  4  72       
PG24    649.274299  16145.003856 -21452.025633   -409.354245  5  5  6  47       
PG25  17242.497712  20340.393473   1209.129354    484.423057  4  4  5  70       
PG26  14152.608334  -7614.156951  21037.293284    202.447606  2  4  4  63       
PG28  25843.085133  -5757.380384   2038.914602    -91.910741  8  8  4  69       
PG29   8878.698407  13808.431079  20810.433045   -608.997739  6  5  5  69       
PG30 -26419.294637    423.382593   3997.545278   -448.254778  5  4  3  83       
PG31  22479.571082  -9898.774056  10401.003972   -227.154844  1  6  2  61       
PG32  16976.992264  -6456.875528 -19112.151823   -603.251031  7  5  5  59       
*  2024  1  7 18  0  0.00000000
PG01  -6625.508446 -13614.151903 -22211.246142    165.500383  7  6  5  65       
PG02   1222.079507 -15443.622870 -21043.749735   -504.295918  5  7  5  80       
PG03  -9371.227799 -22238.875502 -11367.215502    110.199636  5  7  5 105       
PG04   -622.985445 -23267.113425  12678.759650    260.084088  4  5  4  89       
PG05   -547.640420  18265.547905  19067.543573   -157.098203  7  6  4  73       
PG06 -25730.066208   6405.515062   2373.844837    452.642462  5  3  5  63       
PG07 -20573.458768  -7470.582809  15850.922222    -31.585515  1  3  5  72       
PG08   4395.106861 -25573.408257  -4563.233613   -160.943607  5  9  6  95       
PG09 -10158.452683 -14302.884252  19839.989498     51.430675  2  4  3  70       
PG10  19916.237983   5954.725175 -16521.760687    -68.410542  6     5  13       
PG11 -20051.623022  11891.223641  12706.176055   -531.218264  5  5  5  79       
PG12   7636.577234  22967.147148 -11306.088739   -465.532018  6  5  7  51       
PG13 -13539.714073  22498.790001   2901.353765    613.555930  2  6  4  60       
PG14 -20727.406449  -9271.273287 -13903.455570    292.378972  4  7  6  61       
PG15  -1148.817582  26078.272017  -4725.043232    114.865797  5  3  3  35       
PG16   8217.508960 -13453.512014  20976.551649   -388.834740  3  5  6  60       
PG17 -15594.466838     69.349303 -21091.993241    720.405892  4  5  4  82       
PG18  21405.170680   6203.247171  14602.037975   -526.388714  3  4     50       
PG19 -17556.268840   8915.739738 -17842.438566    423.330189  4  5  5  18       
PG20 -12337.974552   9703.299838  21467.821614    392.688754  8  4  3  71       
PG21   5470.811761 -15973.830065 -19744.803426    139.138256  6  7  3 106       
PG22 -18054.771859  -2566.893752 -18771.710506     52.246974  3  7  4  49       
PG23  20533.812031  15754.128520  -6378.745581    130.839583  1  6  4  13       
PG24  -1647.964320  16676.141211 -20939.662446   -409.360910  5  5  6  73       
PG25  17051.594637  20519.273149  -1611.770852    484.424273  4  5  5  47       
PG26  15779.180018  -5835.023213  20477.997349    202.444490  3  4  3  61       
PG28  25964.539258  -5521.045873   -816.452775    -91.920759  8  8  5  58       
PG29   7818.896671  15882.642186  19721.419390   -608.997375  5  5  6  62       
PG30 -25878.589801     35.511188   6697.016342   -448.250722  5  4  4  22       
PG31  23561.170586  -9826.443433   7845.833489   -227.154976  2  6  2  70       
PG32  16300.933375  -4257.358759 -20288.489791   -603.253758  7  5  5  42       
*  2024  1  7 18 15  0.00000000
PG01  -4210.794568 -14127.691174 -22452.702328    165.501285  7  7  5  78       
PG02   3596.746729 -16126.229349 -20243.048957   -504.290783  5  7  5  83       
PG03  -8301.092816 -21309.983903 -13747.859226    110.223127  5  6  5  91       
PG04      6.268440 -24440.698109  10238.620181    260.092916  3  6  4  85       
PG05  -2262.815567  16749.579281  20290.975465   -157.099270  7  6  4  75       
PG06 -25860.519130   6265.270130   -529.419553    452.630822  4  3  5  34       
PG07 -18832.442097  -8026.010010  17653.012283    -31.593903  2  3  5  72       
PG08   4776.338825 -25838.731956  -1723.326963   -160.945253  5  9  6  78       
PG09  -9446.867920 -16403.178916  18523.184159     51.441535  2  5  3  77       
PG10  21051.346820   7345.629809 -14480.551327    -68.412159  5  1  4  21       
PG11 -21379.476208  11924.165744  10267.992492   -531.231173  4  5  5  79       
PG12   6612.623503  22015.361722 -13653.284270   -465.535517  6  5  7  44       
PG13 -13540.280448  21926.162994   5732.989878    613.559516  3  6  5  70       
PG14 -21528.691203 -10513.869349 -11635.278620    292.388220  4  7  6  68       
PG15  -1532.644766  26358.398028  -1944.846557    114.869136  5  4  4  51       
PG16   9813.962766 -11524.487993  21467.093922   -388.827830  2  5  5  66       
PG17 -14749.003776  -2312.893936 -21546.228827    720.405251  4  5  5  55       
PG18  19699.836940   6715.081939  16621.104489   -526.397183  4  5  3  59       
PG19 -16862.341444   6925.263637 -19377.594475    423.334930  4  5  5  83       
PG20 -14233.876816   8202.762360  20896.014592    392.686856  8  4  2  70       
PG21   7716.540038 -16539.600435 -18434.297694    139.137309  6  7  3  90       
PG22 -19248.649859  -4359.240771 -17199.869918     52.240859  2  7  4  67       
PG23  20799.932360  16290.106543  -3576.139113    130.846140  2  6  5  34       
PG24  -3849.052348  17295.593324 -20077.313196   -409.367524  5  6  6  43       
PG25  16654.728001  20478.078911  -4405.475784    484.425512  4  5  5  65       
PG26  17424.761080  -4194.836115  19564.023969    202.441392  3  4  2  67       
PG28  25786.124692  -5209.544939  -3657.764837    -91.930715  8  8  5  27       
PG29   6924.611067  17878.157927  18290.800021   -608.996971  5  5  6  62       
PG30 -25068.595763   -441.585883   9283.417417   -448.246684  5  4  4  60       
PG31  24354.344337  -9753.018567   5157.804329   -227.155179  2  6  2  77       
PG32  15706.444290  -1917.718550 -21108.206599   -603.256517  7  5  5  50       
*  2024  1  7 18 30  0.00000000
PG01  -1820.861145 -14782.436510 -22320.578552    165.502172  6  7  5  86       
PG02   5826.816132 -16889.111620 -19076.586267   -504.285727  5  7  5  78       
PG03  -6995.994045 -20266.762700 -15895.178449    110.246682  5  6  5  87       
PG04    497.293895 -25368.964651   7621.042296    260.101768  3  7  3  82       
PG05  -4146.345341  15248.626097  21159.213210   -157.100336  8  5  4  64       
PG06 -25683.179556   6041.582134  -3423.620094    452.619230  3  4  5  65       
PG07 -16946.936706  -8723.125842  19166.896371    -31.602414  2  3  5  79       
PG08   5078.547939 -25803.256434   1147.000685   -160.947294  5  8  6  83       
PG09  -8879.270554 -18373.071970  16884.888951     51.452401  3  5  2  89       
PG10  22082.601278   8499.578535 -12190.831410    -68.413121  5  2  4  46       
PG11 -22425.882358  11958.653420   7652.813527   -531.244049  4  5  5  62       
PG12   5371.843544  20935.207964 -15770.115246   -465.538920  6  5  7  59       
PG13 -13456.209557  21057.639392   8464.136496    613.563020  4  6  5  59       
PG14 -22202.852231 -11525.079840  -9168.520340    292.397479  5  8  6   1       
PG15  -1879.073342  26341.264906    869.103513    114.872612  5  5  4  45       
PG16  11527.382846  -9657.309474  21575.800874   -388.820964  2  5  5  77       
PG17 -14020.571536  -4767.069528 -21614.848192    720.404575  4  5  5  26       
PG18  17819.817908   7376.719100  18356.543722   -526.405624  4  5  4  50       
PG19 -16225.118632   4758.334631 -20580.972685    423.339746  3  6  5  63       
PG20 -16134.135784   6846.030895  19965.482565    392.685509  7  3  1  55       
PG21   9775.209591 -17153.615947 -16783.399281    139.136293  5  7  3  93       
PG22 -20400.585484  -5937.754028 -15318.967591     52.234998  2  7  5  58       
PG23  20856.549391  16597.392610   -712.666768    130.852754  2  6  5  40       
PG24  -5916.300089  17979.189782 -18877.829088   -409.374147  6  6  6  82       
PG25  16030.989759  20247.039713  -7125.067556    484.426720  4  5  5  26       
PG26  19049.232444  -2715.087665  18312.336315    202.438308  4  4  2  56       
PG28  25322.423584  -4788.475554  -6436.121606    -91.940688  8  8  5  29       
PG29   6193.963394  19747.182098  16543.212332   -608.996801  5  5  6  64       
PG30 -24013.317913  -1035.717653  11713.165448   -448.242620  4  4  4  76       
PG31  24853.004926  -9641.670946   2382.720238   -227.155537  2  6  2  71       
PG32  15217.273084    518.621396 -21557.266758   -603.259291  7  5  5  66       
*  2024  1  7 18 45  0.00000000
PG01    497.279299 -15563.229780 -21815.992615    165.503074  6  7  5  72       
PG02   7873.163497 -17700.387994 -17565.677056   -504.280937  5  7  5  81       
PG03  -5460.447501 -19153.281472 -17772.915707    110.270156  5  6  6  53       
PG04    877.812784 -26023.189895   4871.310734    260.110544  3  8  3  79       
PG05  -6168.723421  13802.751530  21657.093408   -157.101591  8  5  3  56       
PG06 -25213.285018   5697.765461  -6259.186205    452.607579  2  4  5  55       
PG07 -14958.779811  -9569.764575  20367.836998    -31.610955  3  3  5  54       
PG08   5337.663656 -25458.929264   3997.040963   -160.950139  4  7  6  61       
PG09  -8443.087043 -20168.759696  14953.585016     51.463296  4  5  2  87       
PG10  22967.054856   9418.698823  -9692.631268    -68.414079  4  3  4  63       
PG11 -23179.417568  11956.397064   4905.657719   -531.256927  4  5  5  61       
PG12   3915.996172  19769.440390 -17621.438210   -465.542182  6  5  7  68       
PG13 -13326.944843  19895.541824  11046.671375    613.566142  4  6  6  34       
PG14 -22711.627829 -12311.379183  -6545.424392    292.406717  5  8  7  40       
PG15  -2222.783636  26021.761894   3667.814827    114.875888  5  6  4  61       
PG16  13324.686927  -7891.023557  21302.141990   -388.813947  1  5  5  58       
PG17 -13424.922020  -7243.231407 -21296.104040    720.404105  4  6  6  65       
PG18  15809.274862   8199.628190  19778.415968   -526.414081  4  6  5  68       
PG19 -15674.506139   2452.490022 -21433.225684    423.344474  2  6  5  55       
PG20 -17993.943077   5648.029993  18691.660474    392.683862  7  3  2  62       
PG21  11613.099383 -17779.328147 -14821.581409    139.135195  5  7  4  86       
PG22 -21466.442639  -7289.418101 -13163.240790     52.229041  2  6  5  64       
PG23  20674.701084  16701.620871   2162.934103    130.859337  3  7  5  68       
PG24  -7816.864299  18697.081880 -17359.738795   -409.380798  6  6  5  50       
PG25  15166.420604  19860.907715  -9725.167983    484.427852  5  5  6  66       
PG26  20610.625938  -1409.612620  16745.610100    202.435233  4  4  2  41       
PG28  24595.975445  -4227.289074  -9103.736269    -91.950650  7  7  5  39       
PG29   5616.843886  21444.367127  14508.845249   -608.996493  5  5  6  30       
PG30 -22743.024312  -1769.656690  13945.304338   -448.238433  4  4  4  73       
PG31  25059.532450  -9455.739491   -432.469128   -227.155520  3  5  1  45       
PG32  14849.881749   3004.398060 -21628.295133   -603.262035  6  5  5  71       
*  2024  1  7 19  0  0.00000000
PG01   2699.773768 -16447.169183 -20946.115761    165.503892  5  7  4  69       
PG02   9703.893489 -18523.136730 -15738.092421   -504.276048  6  7  5  88       
PG03  -3707.602695 -18013.234343 -19349.360148    110.293661  5  5  6  76       
PG04   1180.260834 -26382.228001   2037.068560    260.119378  3  8  4  35       
PG05  -8293.707039  12447.035002  21776.047598   -157.102885  8  4  2  61       
PG06 -24474.358767   5201.226135  -8987.449763    452.595960  2  5  5  21       
PG07 -12911.370523 -10566.219782  21235.915719    -31.619475  3  3  4  71       
PG08   5590.683975 -24806.851373   6776.367272   -160.952157  3  6  6  55       
PG09  -8118.579696 -21750.900308  12762.865259     51.474224  4  5  1  74       
PG10  23664.552679  10113.695229  -7029.235204    -68.415171  4  4  4  53       
PG11 -23637.518489  11878.672325   2073.865960   -531.269795  4  5  5  59       
PG12   2255.043389  18560.910975 -19176.614286   -465.545679  7  6  7  13       
PG13 -13191.704874  18451.444598  13434.986224    613.569618  4  6  6  67       
PG14 -23020.182569 -12886.913930  -3810.803848    292.415843  6  8  7  50       
PG15  -2598.530734  25403.469561   6402.002584    114.879328  5  6  4  56       
PG16  15167.285623  -6258.442402  20652.534655   -388.807401     4  5  64       
PG17 -12969.512308  -9689.581935 -20595.467453    720.403281  4  6  6  54       
PG18  13715.049359   9187.188462  20862.037681   -526.422527  5  6  5  67       
PG19 -15233.921246     50.266322 -21921.059441    423.349170  3  7  5  74       
PG20 -19767.463870   4615.743933  17095.938020    392.681997  7  4  2  62       
PG21  13204.733630 -18376.496916 -12584.658482    139.134034  6  7  4  97       
PG22 -22402.492414  -8410.271538 -10771.912450     52.222876  1  6  6  81       
PG23  20232.151279  16634.324433   5001.749685    130.865925  4  7  5  57       
PG24  -9523.837303  19414.822010 -15547.070578   -409.387424  6  6  5  66       
PG25  14054.646459  19357.527336 -12162.623561    484.429047  5  5  6  41       
PG26  22066.668308   -284.293627  14891.767417    202.432189  5  4  2  39       
PG28  23636.381543  -3500.669726 -11614.756193    -91.960603  7  7  6  50       
PG29   5175.467192  22928.468206  12222.912439   -608.995987  4  5  6  66       
PG30 -21293.146393  -2660.092825  15942.152679   -448.234338  4  4  5  76       
PG31  24984.548520  -9160.275850  -3240.420620   -227.155880  3  5     22       
PG32  14612.825526   5490.182203 -21320.677824   -603.264813  5  5  6  67       
*  2024  1  7 19 15  0.00000000
PG01   4747.398435 -17404.379204 -19724.146765    165.504755  5  6  4  63       
PG02  11295.410467 -19316.953243 -13627.451340   -504.271075  6  7  5  76       
PG03  -1758.930885 -16888.281591 -20597.852476    110.317185  5  5  6  81       
PG04   1440.319527 -26433.325443   -832.525441    260.128224  3  9  4  75       
PG05 -10479.567994  11210.282947  21514.249127   -157.104187  7  4  2  60       
PG06 -23497.297554   4524.920105 -11561.474007    452.584373  3  5  5  68       
PG07 -10848.235145 -11705.088649  21756.325873    -31.628066  4  4  4  55       
PG08   5873.983781 -23857.298183   9435.800973   -160.953365  2  5  6  62       
PG09  -7879.781445 -23086.017231  10350.831881     51.485168  5  4     80       
PG10  24139.272061  10603.188601  -4246.419432    -68.416078  4  4  4  50       
PG11 -23806.474448  11687.989415   -793.718178   -531.282663  3  6  5  59       
PG12    406.940786  17350.974326 -20409.955110   -465.549444  7  6  6  60       
PG13 -13087.770708  16745.885926  15586.853778    613.572957  5  5  6  69       
PG14 -23098.496345 -13272.763379  -1011.291804    292.425163  6  8  7  74       
PG15  -3039.546919  24498.649679   9023.009640    114.882770  5  6  4  66       
PG16  17012.529501  -4785.046123  19640.109875   -388.800493     3  5  59       
PG17 -12653.260973 -12054.381691 -19525.535936    720.402521  5  6  6  47       
PG18  11585.004068  10334.389828  21588.419752   -526.431016  5  6  6  43       
PG19 -14919.439941  -2402.252496 -22037.369164    423.353914  4  7  5  59       
PG20 -21409.494164   3748.090809  15205.328908    392.680461  6  5  3  85       
PG21  14533.785946 -18902.971006 -10114.020388    139.132921  6  7  5  81       
PG22 -23167.201316  -9305.306898  -8188.362312     52.217048  2  5  6  64       
PG23  19514.357592  16431.582481   7755.493889    130.872545  5  8  5  48       
PG24 -11017.134573  20094.647475 -13469.081477   -409.394078  7  6  5  70       
PG25  12697.239146  18776.317733 -14397.142058    484.430268  5  5  6  39       
PG26  23376.332210    662.920236  12783.433126    202.429123  5  4  2  22       
PG28  22479.150635  -2589.711326 -13926.048475    -91.970608  7  7  6  43       
PG29   4845.237961  24163.849189   9725.032658   -608.995689  5  5  6  46       
PG30 -19703.001622  -3716.815112  17669.903190   -448.230190  4  4  5  83       
PG31  24646.402708  -8723.517157  -5994.138048   -227.155891  3  5     65       
PG32  14506.466918   7926.131211 -20640.529094   -603.267563  4  6  6  70       
*  2024  1  7 19 30  0.00000000
PG01   6606.874955 -18399.057423 -18169.200690    165.505613  5  5  4  89       
PG02  12633.129371 -20039.659661 -11272.483378   -504.265841  6  6  5  85       
PG03    356.397101 -15816.481932 -21497.211711    110.340718  5  4  6  83       
PG04   1695.317310 -26172.619769  -3687.669966    260.137051  4  9  5  69       
PG05 -12680.567681  10114.005271  20876.628661   -157.105345  7  5  2  53       
PG06 -22319.185923   3648.605034 -13936.860278    452.572775  3  6  5  69       
PG07  -8811.590101 -12971.388461  21919.615657    -31.636482  4  4  4  76       
PG08   6221.650590 -22629.376466  11928.353809   -160.954126  2  4  6  48       
PG09  -7695.682668 -24147.680809   7759.412933     51.496106  5  4     87       
PG10  24361.095479  10912.767897  -1391.670511    -68.417732  4  4  4  77       
PG11 -23701.086151  11349.723854  -3647.597346   -531.295531  3  6  5  39       
PG12  -1602.864053  16177.968768 -21301.093470   -465.552596  7  6  6  86       
PG13 -13048.854817  14807.724288  17464.233911    613.576620  5  5  6  48       
PG14 -22922.580459 -13495.944849   1805.432948    292.434517  6  8  7  78       
PG15  -3575.978861  23327.893600  11483.752102    114.886149  5  6  4  50       
PG16  18815.310626  -3488.208068  18284.347325   -388.793870     3  5  66       
PG17 -12466.678990 -14287.863758 -18105.778181    720.401926  5  6  6  35       
PG18   9466.327708  11627.861487  21944.616469   -526.439440  5  6  6  76       
PG19 -14739.241065  -4857.003609 -21781.275354    423.358780  4  8  5  72       
PG20 -22877.114088   3036.116169  13052.037720    392.678930  6  5  4  61       
PG21  15593.573077 -19316.576931  -7455.703677    139.131714  6  6  5  85       
PG22 -23722.924875  -9987.996680  -5459.220155     52.211146  2  4  6  72       
PG23  18515.158757  16132.505032  10377.302041    130.879152  5  8  5  41       
PG24 -12284.142606  20696.927707 -11159.888670   -409.400696  7  6  4  71       
PG25  11103.792469  18156.722946 -16391.876549    484.431477  6  5  6           
PG26  24501.335360   1441.688908  10457.327062    202.426038  5  3  3  24       
PG28  21164.331146  -1482.845328 -15997.936703    -91.980558  7  7  6  67       
PG29   4595.891241  25121.780361   7058.528694   -608.995364  5  5  6  43       
PG30 -18014.383717  -4942.152167  19099.166755   -448.226129  4  4  5  74       
PG31  24070.393906  -8118.234953  -8647.692803   -227.156208  3  5     42       
PG32  14523.032908  10263.750037 -19600.528194   -603.270275  4  6  6  67       
*  2024  1  7 19 45  0.00000000
PG01   8251.984086 -19390.767353 -16306.107077    165.506461  6  5  3  87       
PG02  13711.800152 -20649.087299  -8716.187066   -504.261224  7  6  5  69       
PG03   2602.421153 -14830.872494 -22032.078624    110.364239  5  4  6  64       
PG04   1982.564614 -25605.301636  -6478.807941    260.145872  4  8  5  97       
PG05 -14848.595764   9171.697902  19874.759306   -157.106317  7  6  2  58       
PG06 -20981.880913   2559.835529 -16072.518740    452.561184  4  6  4  86       
PG07  -6840.947819 -14342.944707  21721.878518    -31.644828  4  4  3  42       
PG08   6663.919803 -21150.331169  14210.123137   -160.955978  2  3  6  59       
PG09  -7531.621554 -24917.422418   5033.611553     51.507001  5  3     89       
PG10  24306.768241  11073.795402   1486.603066    -68.419349  5  4  4  64       
PG11 -23344.004021  10833.643962  -6438.483314   -531.308411  3  6  5  77       
PG12  -3742.205924  15075.825857 -21835.276869   -465.556087  7  6  6  57       
PG13 -13103.621211  12673.163352  19033.999173    613.579851  5  5  6  55       
PG14 -22475.475777 -13588.202153   4591.433660    292.443764  7  8  7  86       
PG15  -4233.428815  21919.433731  13739.666824    114.889680  5  6  5  38       
PG16  20529.748826  -2376.765702  16610.596291   -388.786980  2  2  5  48       
PG17 -12392.368844 -16344.067656 -16362.122749    720.401049  4  7  6  52       
PG18   7403.867542  13046.230144  21923.977825   -526.447884  6  6  6  80       
PG19 -14693.362257  -7265.572570 -21158.065107    423.363552  5  8  6  77       
PG20 -24131.273113   2463.500798  10672.929507    392.677245  5  6  5  71       
PG21  16387.112516 -19577.020683  -4659.333431    139.130852  6  5  5  85       
PG22 -24037.433621 -10479.473208  -2633.408883     52.205395  2  4  6  67       
PG23  17237.155446  15777.612029  12822.502755    130.885770  6  8  5  30       
PG24 -13320.095724  21181.725421  -8657.999857   -409.407283  7  5  4  82       
PG25   9291.714322  17536.683588 -18113.953778    484.432709  6  5  6           
PG26  25407.532682   2068.669412   7953.605240    202.422971  5  4  3  52       
PG28  19734.982957   -176.484077 -17794.876620    -91.990506  7  6  6  50       
PG29   4392.861719  25781.476810   4269.658313   -608.994998  5  5  7  46       
PG30 -16270.070558  -6330.692281  20205.454250   -448.222028  4  3  5  74       
PG31  23287.757145  -7322.914173 -11156.917926   -227.156356  4  5     84       
PG32  14647.009121  12457.589341 -18219.633121   -603.273028  3  6  7  40       
*  2024  1  7 20  0  0.00000000
PG01   9664.432202 -20335.936779 -14165.112883    165.507331  6  4  4 100       
PG02  14535.438892 -21104.850939  -6004.911989   -504.256047  7  5  5  83       
PG03   4937.557897 -13958.248210 -22193.171439    110.387734  4  4  6  82       
PG04   2337.690032 -24745.433256  -9157.509360    260.154738  4  8  5 103       
PG05 -16934.905696   8388.458509  18526.615482   -157.107733  7  7  3  54       
PG06 -19530.420230   1254.661096 -17931.389391    452.549617  4  5  4  56       
PG07  -4971.810696 -15791.042824  21164.886529    -31.653616  4  5  3           
PG08   7225.776975 -19454.532283  16241.118180   -160.958039  2  2  6  59       
PG09  -7350.821439 -25385.345952   2220.702849     51.517927  5  3     57       
PG10  23960.802041  11122.013690   4339.854715    -68.420157  5  5  4  39       
PG11 -22764.771916  10115.274288  -9118.158103   -531.321231  3  6  4  73       
PG12  -5973.221327  14072.856005 -22003.582605   -465.559406  7  7  5  73       
PG13 -13274.420134  10384.484732  20268.562113    613.583354  5  5  6  83       
PG14 -21747.996009 -13584.623472   7299.305306    292.453002  7  8  7  80       
PG15  -5031.667353  20308.138662  15749.634876    114.893144  5  6  5  47       
PG16  22110.892146  -1450.944365  14649.500995   -388.780244  2  3  5  67       
PG17 -12405.867532 -18182.512294 -14326.403613    720.400704  4  7  6  47       
PG18   5438.552587  14560.797271  21526.298950   -526.456328  6  6  6  73       
PG19 -14773.771206  -9580.820524 -20179.044241    423.368131  6  9  6  72       
PG20 -25138.244659   2007.364700   8108.909409    392.675630  5  6  5  79       
PG21  16926.743767 -19647.706145  -1776.976400    139.129610  6  4  5  88       
PG22 -24085.208449 -10807.406056    238.834618     52.199102  3  4  6  53       
PG23  15691.769604  15407.167316  15049.356947    130.892368  6  8  6  46       
PG24 -14128.159051  21510.414955  -6005.741997   -409.413929  7  5  4  61       
PG25   7285.744226  16951.182065 -19534.944354    484.433883  6  4  5  54       
PG26  26066.151731   2566.645153   5315.162797    202.419891  6  4  3  38       
PG28  18235.547847   1324.645824 -19286.059591    -92.000500  6  6  6  82       
PG29   4198.826476  26130.836414   1406.792103   -608.994313  6  5  6  60       
PG30 -14512.302922  -7869.295259  20969.589574   -448.217882  4  4  5  74       
PG31  22334.453342  -6322.722491 -13480.069721   -227.156570  4  4  1  76       
PG32  14855.850664  14466.813926 -16522.681086   -603.275757  4  6  7  55       
*  2024  1  7 20 15  0.00000000
PG01  10834.433056 -21189.511917 -11781.486631    165.508113  6  4  4  77       
PG02  15116.878005 -21370.036563  -3187.393811   -504.251232  7  3  4  66       
PG03   7315.981120 -13218.185406 -21977.450106    110.411201  4  3  6  92       
PG04   2793.044995 -23615.430455 -11677.332768    260.163529  4  8  5  86       
PG05 -18891.876750   7760.948191  16856.212695   -157.109087  6  7  4  54       
PG06 -18011.314234   -262.002875 -19481.100090    452.538068  5  5  3  87       
PG07  -3234.497055 -17281.327931  20256.161224    -31.661741  5  5  3  12       
PG08   7925.786619 -17582.186147  17985.997946   -160.959876  3  2  5  54       
PG09  -7116.012898 -25550.413990   -630.605733     51.528849  5  3  1  61       
PG10  23316.095463  11096.008173   7120.168939    -68.421948  6  5  4  60       
PG11 -21998.613637   9177.040462 -11640.317551   -531.334126  4  5  4  70       
PG12  -8253.577192  13190.751783 -21803.053173   -465.562784  7  7  5  68       
PG13 -13576.291333   7988.540868  21146.389538    613.586885  4  6  6  72       
PG14 -20739.188517 -13522.140826   9882.954816    292.462314  7  8  7  90       
PG15  -5983.579695  18534.228453  17476.853643    114.896715  6  6  5  36       
PG16  23516.363452   -702.626008  12436.349604   -388.773465  3  2  5  56       
PG17 -12476.792726 -19769.635822 -12035.680428    720.399660  4  8  6  60       
PG18   3605.967997  16136.512612  20757.861833   -526.464798  6  6  6  71       
PG19 -14964.744892 -11758.454302 -18861.306192    423.373193  6 10  6  62       
PG20 -25870.891797   1639.337223   5404.221822    392.673880  4  6  6  59       
PG21  17233.338220 -19497.380228   1138.050233    139.128777  6  3  4  74       
PG22 -23848.455182 -11004.633153   3106.934173     52.193472  3  4  5  86       
PG23  13898.978872  15059.529789  17019.753178    130.899014  7  8  6  61       
PG24 -14719.205317  21647.295323  -3248.590932   -409.420615  7  5  4  63       
PG25   5117.214073  16430.910247 -20631.272630    484.435122  6  5  5  68       
PG26  26454.828681   2963.433510   2586.910702    202.416824  6  4  3  29       
PG28  16710.181326   3007.493159 -20445.934136    -92.010465  6  6  7  77       
PG29   3975.358903  26166.848553  -1480.445793   -608.994199  6  5  6  51       
PG30 -12781.288585  -9537.398000  21378.047521   -448.213715  4  3  4  75       
PG31  21249.805128  -5110.237546 -15578.451703   -227.156676  4  4  2  73       
PG32  15120.976569  16256.581259 -14539.887656   -603.278485  4  6  7  46       
*  2024  1  7 20 30  0.00000000
PG01  11760.975828 -21906.709567  -9195.021895    165.508931  6  4  4  25       
PG02  15476.965575 -21412.731156   -313.771101   -504.246236  6  3  4  66       
PG03   9689.167564 -12622.345857 -21388.186109    110.434663  4  2  6  82       
PG04   3376.241441 -22245.229189 -13994.648520    260.172383  4  7  5  87       
PG05 -20674.731953   7277.697328  14893.137958   -157.109938  6  7  5  59       
PG06 -16470.787204  -1976.348436 -20694.548961    452.526480  5  4  3  79       
PG07  -1653.140793 -18774.929041  19008.975223    -31.670360  5  5  3           
PG08   8775.196239 -15577.827453  19414.704712   -160.961534  3  3  5  62       
PG09  -6791.075369 -25420.399122  -3471.034208     51.539752  4  3  2  74       
PG10  22374.252816  11035.582697   9781.006998    -68.423596  6  5  4  78       
PG11 -21085.009957   8009.149546 -13961.381719   -531.346974  4  5  4  75       
PG12 -10537.866803  12443.843287 -21236.750842   -465.566235  7  7  5  94       
PG13 -14016.277972   5535.070877  21652.392124    613.590599  5  6  6  83       
PG14 -19456.495215 -13437.967520  12298.360712    292.471581  7  7  6  93       
PG15  -7094.398443  16641.761442  18889.630125    114.900195  6  6  5  44       
PG16  24707.890428   -115.941289  10010.366151   -388.766640  3  2  6  54       
PG17 -12570.237487 -21079.942627  -9531.455309    720.398884  4  8  6  70       
PG18   1935.136100  17733.209404  19631.366010   -526.473220  6  6  6  72       
PG19 -15243.539325 -13758.485432 -17227.423653    423.377891  7 10  6  61       
PG20 -26309.692478   1326.852118   2605.680852    392.671802  4  6  6  49       
PG21  17335.145534 -19101.526815   4032.369629    139.127565  5  3  4  75       
PG22 -23317.802801 -11107.610632   5920.920329     52.187257  4  4  5  80       
PG23  11886.734401  14769.583592  18699.848934    130.905642  6  7  6  70       
PG24 -15111.285111  21561.132093   -434.408189   -409.427306  7  5  4  42       
PG25   2823.077487  16001.104181 -21384.564169    484.436352  6  5  4  45       
PG26  26558.410232   3290.615644   -184.962554    202.413792  6  5  4  57       
PG28  15201.109774   4850.995461 -21254.637243    -92.020428  6  6  7  60       
PG29   3684.627119  25895.658308  -4342.057200   -608.993651  6  4  6  52       
PG30 -11113.785978 -11307.605659  21423.210377   -448.209596  4  3  4  58       
PG31  20075.026279  -3685.907560 -17416.996012   -227.156888  4  4  3  77       
PG32  15409.003975  17799.178954 -12306.258195   -603.281209  5  6  6  41       
*  2024  1  7 20 45  0.00000000
PG01  12451.760967 -22444.802783  -6449.440669    165.509817  6  4  4  55       
PG02  15643.458824 -21207.333394   2565.389058   -504.241298  6  3  4  24       
PG03  12007.552933 -12174.087926 -20434.935571    110.458164  4  2  7  64       
PG04   4108.881377 -20671.170172 -16069.407911    260.181243  5  7  5  91       
PG05 -22243.144017   6919.739529  12671.982826   -157.110811  5  7  5  52       
PG06 -14953.035874  -3865.996806 -21550.399571    452.514952  6  4  3  75       
PG07   -244.902892 -20229.776343  17442.277170    -31.678796  5  5  3  22       
PG08   9777.351351 -13488.657063  20502.980652   -160.963419  4  3  4  74       
PG09  -6342.632790 -25011.504348  -6251.593631     51.550674  4  3  2  78       
PG10  21145.593187  10980.107257  12277.921314    -68.424520  6  5  4  68       
PG11 -20066.122133   6610.170345 -16041.257211   -531.359818  4  5  4  90       
PG12 -12779.125289  11838.631808 -20313.730310   -465.569721  7  7  5  78       
PG13 -14593.079321   3074.909721  21778.181490    613.594041  5  7  6  92       
PG14 -17915.606998 -13368.032166  14504.301232    292.480876  7  7  6 101       
PG15  -8361.262896  14676.956697  19962.069513    114.903812  6  6  5  44       
PG16  25652.663763    331.848366   7413.963673   -388.759796  4  2  5  63       
PG17 -12648.348287 -22096.812769  -6858.810609    720.397782  4  8  5  76       
PG18    447.552321  19307.056150  18165.746715   -526.481732  6  6  6  76       
PG19 -15581.323054 -15546.528788 -15305.068867    423.382401  8 10  6  86       
PG20 -26443.481733   1034.616609   -238.154205    392.670727  3  5  6  57       
PG21  17266.343132 -18443.448392   6853.693421    139.126122  5  3  4  65       
PG22 -22492.665226 -11154.751645   8632.326789     52.181068  4  4  4  87       
PG23   9690.081859  14567.306685  20060.647835    130.912297  6  7  5  71       
PG24 -15328.803253  21226.561452   2387.404503   -409.433969  7  5  4  55       
PG25    444.740124  15680.585122 -21781.928536    484.437592  6  5  4  70       
PG26  26369.495762   3582.137508  -2953.734050    202.410684  6  5  4  56       
PG28  13747.075589   6826.704495 -21698.328742    -92.030451  6  6  6  54       
PG29   3291.068563  25332.284470  -7128.552732   -608.993611  7  3  6  59       
PG30  -9541.819528 -13146.550118  21103.537482   -448.205477  4  3  4  69       
PG31  18851.695324  -2058.229304 -18964.797612   -227.157260  4  4  3  59       
PG32  15683.169455  19074.880897  -9860.926297   -603.283905  5  6  6  39       
*  2024  1  7 21  0  0.00000000
PG01  12922.797407 -22764.870979  -3591.700065    165.510630  6  3  4  42       
PG02  15649.668445 -20735.596717   5400.032691   -504.236421  5  3  4  53       
PG03  14222.238509 -11868.400637 -19133.414193    110.481617  5  2  6  72       
PG04   5005.529224 -18934.646507 -17865.843658    260.190127  5  6  5  57       
PG05 -23562.666909   6661.544435  10231.692738   -157.112278  5  7  6  70       
PG06 -13498.573250  -5900.658935 -22033.478494    452.503349  6  4  4  59       
PG07    980.571827 -21602.072319  15580.532125    -31.687156  5  5  4  39       
PG08  10927.442871 -11362.796330  21232.759202   -160.965147  4  3  5  77       
PG09  -5741.540137 -24347.669549  -8924.437425     51.561610  5  2  3  74       
PG10  19648.851984  10966.896739  14569.231831    -68.426076  6  5  4  74       
PG11 -18985.124018   4987.290060 -17844.037398   -531.372652  5  5  4  78       
PG12 -14930.412870  11373.619150 -19048.928341   -465.573461  7  7  5  52       
PG13 -15297.055243    658.165128  21522.190731    613.597414  5  7  7  86       
PG14 -16140.016098 -13345.468070  16463.040335    292.490141  7  7  5 104       
PG15  -9773.129754  12686.425838  20674.636020    114.907326  7  6  4  38       
PG16  26324.477472    669.221610   4691.975369   -388.753131  5  3  6  65       
PG17 -12672.014300 -22812.946146  -4065.493494    720.396992  4  8  5  92       
PG18   -843.485067  20812.170587  16385.881013   -526.490188  6  5  6  63       
PG19 -15944.339486 -17094.897493 -13126.568261    423.387341  8 10  6  65       
PG20 -26269.879380    726.195833  -3077.842842    392.668850  3  5  7  47       
PG21  17065.368644 -17514.994006   9551.890417    139.125216  5  3  4  64       
PG22 -21381.261862 -11184.725783  11195.020288     52.175124  4  3  3  78       
PG23   7350.016366  14476.532441  21078.503329    130.918920  6  6  5  73       
PG24 -15401.427618  20625.292301   5166.817985   -409.440663  8  5  4  49       
PG25  -1973.270705  15481.039905 -21816.174759    484.438832  7  5  3  77       
PG26  25888.703394   3872.834371  -5672.884961    202.407587  6  5  4  77       
PG28  12381.929519   8899.700342 -21769.423598    -92.040452  6  6  6  25       
PG29   2762.973726  24500.003834  -9791.821015   -608.992907  7  3  6  42       
PG30  -8091.574941 -15015.987690  20423.642508   -448.201370  4  4  4  51       
PG31  17620.225623   -243.636262 -20195.596491   -227.157486  4  3  3  65       
PG32  15904.878793  20072.493828  -7246.434427   -603.286607  6  6  6  83       
*  2024  1  7 21 15  0.00000000
PG01  13197.668126 -22833.443217   -671.209294    165.511406  6  3  4  21       
PG02  15532.918455 -19987.370378   8141.507659   -504.231330  5  3  4  42       
PG03  16286.686312 -11692.165119 -17505.273593    110.505036  5  2  6  67       
PG04   6072.967693 -17080.568542 -19353.088957    260.199043  6  5  5  60       
PG05 -24605.938771   6472.208442   7614.847608   -157.113196  4  7  6  61       
PG06 -12142.722888  -8043.111895 -22135.066445    452.491778  6  4  4  45       
PG07   2021.425748 -22847.870043  13453.469697    -31.695628  5  5  4  46       
PG08  12212.593365  -9247.530579  21592.426778   -160.966818  5  3  5  67       
PG09  -4964.202635 -23459.593233 -11443.685162     51.572483  5  2  3  71       
PG10  17910.587260  11029.677684  16616.658273    -68.427601  5  5  4  72       
PG11 -17884.508366   3156.236465 -19338.627813   -531.385559  6  5  5  74       
PG12 -16946.411269  11039.440390 -17462.969463   -465.576832  7  7  5  50       
PG13 -16110.579971  -1667.562704  20889.658267    613.600665  5  6  7  72       
PG14 -14160.281719 -13399.214930  18140.961377    292.499540  7  6  5 107       
PG15 -11311.042735  10715.393621  21014.567336    114.910752  7  6  4  31       
PG16  26704.615531    929.070891   1890.878665   -388.746296  5  3  6  70       
PG17 -12602.593143 -23230.431197  -1200.973157    720.396454  3  7  5  84       
PG18  -1933.223438  22202.334279  14322.184587   -526.498658  6  5  5  54       
PG19 -16295.256066 -18383.457729 -10728.396917    423.392069  8 11  5  95       
PG20 -25795.384327    365.648653  -5863.949837    392.667095  2  5  7  68       
PG21  16773.122255 -16316.913065  12079.946418    139.123996  4  3  4  80       
PG22 -20000.306405 -11234.788769  13565.951052     52.169472  4  3  3  81       
PG23   4912.112099  14513.952261  21735.540047    130.925584  6  5  6  84       
PG24 -15362.770122  19747.048167   7854.136425   -409.447334  7  5  5  75       
PG25  -4384.753527  15406.566535 -21485.956404    484.440120  7  6  3  70       
PG26  25124.653265   4196.932703  -8296.826064    202.404467  6  5  4  65       
PG28  11133.423525  11029.759710 -21466.718620    -92.050391  6  6  6  36       
PG29   2073.916043  23429.427458 -12285.968057   -608.992509  7  3  6  55       
PG30  -6782.517089 -16874.098801  19394.273856   -448.197293  4  4  3  56       
PG31  16418.384526   1733.901145 -21088.202888   -227.157314  4  3  4  67       
PG32  16035.322966  20789.578855  -4507.972047   -603.289358  6  6  5  59       
*  2024  1  7 21 30  0.00000000
PG01  13306.485191 -22623.964374   2261.032285    165.512159  6  2  4   8       
PG02  15332.890522 -18961.018587  10743.383615   -504.226414  5  3  4  50       
PG03  18158.340248 -11624.736026 -15577.779711    110.528473  5  2  6  82       
PG04   7309.766300 -15155.707070 -20505.704349    260.207947  6  4  5  75       
PG05 -25353.611953   6316.852821   4866.889298   -157.114875  4  7  6  46       
PG06 -10914.323451 -10250.455300 -21853.076003    452.480267  6  4  5  71       
PG07   2883.568212 -23924.705273  11095.733033    -31.704148  5  5  5  52       
PG08  13612.273976  -7187.613021  21576.954307   -160.968777  5  3  5  85       
PG09  -3993.676618 -22383.509552 -13766.204532     51.583343  5  2  3  75       
PG10  15964.312516  11197.196587  18385.902790    -68.428482  5  5  4  64       
PG11 -16804.433859   1140.868044 -20499.285512   -531.398395  6  5  5  76       
PG12 -18784.977452  10819.297892 -15581.887069   -465.580179  7  7  5  70       
PG13 -17008.727599  -3858.846574  19892.478582    613.604323  6  6  7  89       
PG14 -12013.034763 -13552.785968  19509.138688    292.508825  7  6  5 110       
PG15 -12948.750710   8805.987860  20976.129526    114.914182  7  6  4  38       
PG16  26782.459720   1147.233682   -941.975076   -388.739629  6  4  6  78       
PG17 -12403.599268 -23360.445105   1684.504713    720.395612  3  7  5  89       
PG18  -2825.467081  23432.741293  12010.104217   -526.507158  6  4  5  62       
PG19 -16594.652563 -19400.215033  -8150.618257    423.396644  9 10  6  50       
PG20 -25035.130232    -80.851836  -8547.936417    392.665056     5  7  74       
PG21  16431.127088 -14858.834820  14394.794117    139.122646  5  3  4  80       
PG22 -18374.386193 -11339.207186  15705.815119     52.163458  4  3  3  99       
PG23   2424.975976  14688.398757  22019.984792    130.932253  5  5  5  82       
PG24 -15248.892023  18590.200173  10400.982869   -409.454021  7  4  5  29       
PG25  -6743.349627  15453.502961 -20795.842703    484.441378  7  6  4  70       
PG26  24093.670758   4586.583196 -10781.602510    202.401348  6  5  4  22       
PG28  10022.249830  13172.734389 -20795.411729    -92.060359  6  6  6  70       
PG29   1203.971547  22157.306692 -14568.111461   -608.992018  7  3  5  43       
PG30  -5626.765924 -18676.944192  18032.194606   -448.193186  4  4  3  51       
PG31  15279.913147   3843.552247 -21626.860159   -227.157657  4  3  4  48       
PG32  16037.097060  21232.345194  -1692.586082   -603.292121  7  6  4  60       
*  2024  1  7 21 45  0.00000000
PG01  13284.569722 -22118.018048   5153.361263    165.512957  5  3  3  46       
PG02  15089.922476 -17663.512087  13162.191707   -504.221375  5  3  4  36       
PG03  19800.112443 -11638.823642 -13383.395318    110.551904  5  2  6  61       
PG04   8706.178824 -13206.980388 -21304.103755    260.216767  7  4  5  79       
PG05 -25794.977533   6158.171427   2035.311910   -157.116052  4  7  6  61       
PG06  -9834.695376 -12475.600449 -21192.110972    452.468743  6  4  5  49       
PG07   3580.354456 -24793.223377   8546.423444    -31.712820  5  4  5  64       
PG08  15099.030147  -5223.695808  21187.901536   -160.971730  6  3  6  84       
PG09  -2820.510041 -21159.769703 -15852.338551     51.594230  5  1  3  63       
PG10  13849.386361  11492.018300  19847.177804    -68.429523  5  4  4  61       
PG11 -15781.177576  -1027.552402 -21306.062925   -531.411171  7  5  5  82       
PG12 -20408.599246  10689.684183 -13436.759836   -465.583688  7  7  4  25       
PG13 -17960.257738  -5877.916939  18548.926761    613.607693  6  5  7  87       
PG14  -9739.757040 -13823.247866  20543.837792    292.518149  6  6  5 109       
PG15 -14653.646427   6995.675907  20560.705395    114.917759  7  6  4  31       
PG16  26555.804326   1360.938299  -3759.114635   -388.732791  6  4  5  69       
PG17 -12042.285825 -23222.608239   4540.843793    720.394438  3  7  5  94       
PG18  -3532.249072  24461.712132   9489.513408   -526.515660  6  4  6  42       
PG19 -16802.596397 -20141.612301  -5436.274249    423.401573  9 10  6  88       
PG20 -24012.311276   -643.479536 -11083.037737    392.663695     5  7  71       
PG21  16079.731434 -13158.891581  16458.000739    139.121959  5  4  5  80       
PG22 -16535.065087 -11527.835838  17579.623474     52.157541  4  3  3  88       
PG23    -61.418096  15000.438973  21926.400056    130.938933  5  5  5  83       
PG24 -15096.696066  17162.055040  12761.283315   -409.460678  7  4  5  64       
PG25  -9004.078663  15610.548410 -19756.311808    484.442603  7  6  4  59       
PG26  22819.221658   5070.476976 -13085.570798    202.398279  6  5  4  46       
PG28   9061.362323  15282.087882 -19767.013540    -92.070334  6  6  5  52       
PG29    140.680678  20725.117100 -16599.115512   -608.991943  8  4  5  82       
PG30  -4628.756962 -20380.025287  16359.959683   -448.189066  4  4  4  61       
PG31  14233.295807   6048.559731 -21801.539524   -227.157857  4  3  4  42       
PG32  15875.760376  21415.225759   1151.622076   -603.294899  7  6  3  60       
*  2024  1  7 22  0  0.00000000
PG01  13170.905896 -21306.247815   7954.421725    165.513751  5  4  3  11       
PG02  14843.328386 -16110.199598  15358.076690   -504.216408  5  3  4  65       
PG03  21181.677846 -11701.645907 -10959.270198    110.575385  6  3  6  57       
PG04  10244.372804 -11279.752278 -21734.873354    260.225589  7  4  5  54       
PG05 -25928.264193   5958.065450   -831.169394   -157.116901  5  7  7  66       
PG06  -8916.911404 -14668.935137 -20163.404748    452.457169  6  4  5  60       
PG07   4131.965189 -25418.738262   5848.537973    -31.721272  5  4  5   5       
PG08  16639.482137  -3390.947670  20433.300071   -160.973719  6  3  6  79       
PG09  -1443.291172 -19831.283686 -17666.566566     51.605130  5  2  4  74       
PG10  11609.697127  11929.556872  20975.673995    -68.431492  5  4  4  58       
PG11 -14845.753241  -3311.372699 -21745.148612   -531.423968  7  6  5  72       
PG12 -21785.699426  10621.371044 -11063.264191   -465.587239  7  7  4  55       
PG13 -18928.857691  -7693.908734  16883.266677    613.611088  6  5  7  77       
PG14  -7385.378922 -14220.453454  21226.935680    292.527422  6  5  4 118       
PG15 -16387.982107   5315.917054  19776.715929    114.921272  7  6  4  17       
PG16  26030.873784   1607.221767  -6513.678357   -388.726039  6  4  5  53       
PG17 -11491.058320 -22844.029210   7318.983836    720.393648  3  6  5  99       
PG18  -4073.175325  25252.304519   6804.020995   -526.524138  7  3  5  53       
PG19 -16880.249924 -20612.528965  -2630.731597    423.405969  9  9  6 103       
PG20 -22757.300568  -1347.361673 -13425.108491    392.662002  2  6  7  84       
PG21  15756.428151 -11243.018930  18236.309145    139.120384  5  4  5  93       
PG22 -14519.751398 -11824.896488  19157.176294     52.151351  4  4  3  89       
PG23  -2497.452748  15442.295803  21455.814108    130.945609  5  5  5  67       
PG24 -14942.275668  15478.777562  14892.221119   -409.467354  7  4  6  57       
PG25 -11124.840480  15859.177431 -18383.662018    484.443882  7  7  5  66       
PG26  21331.099824   5672.593865 -15170.041285    202.395102  6  5  4  52       
PG28   8255.605781  17310.532168 -18399.152697    -92.080314  7  6  5  23       
PG29  -1120.284755  19177.476740 -18344.254742   -608.991005  8  4  5  72       
PG30  -3785.202815 -21939.891060  14405.589498   -448.185004  4  4  4  81       
PG31  13300.724213   8307.401398 -21608.160511   -227.158030  5  3  4  64       
PG32  15521.279621  21360.155752   3976.299875   -603.297665  7  5  3  61       
*  2024  1  7 22 15  0.00000000
PG01  13006.430322 -20188.929651  10614.160075    165.514569  5  5  3   1       
PG02  14629.802774 -14324.278177  17295.357851   -504.211429  5  4  4  62       
PG03  22280.526351 -11776.308813  -8346.644337    110.598817  6  4  6  64       
PG04  11898.980986  -9416.206897 -21790.979200    260.234473  6  4  6  49       
PG05 -25760.604278   5679.300567  -3683.455880   -157.118645  5  7  7  85       
PG06  -8165.400674 -16780.099522 -18784.637456    452.445670  6  4  6  68       
PG07   4564.500423 -25772.658775   3048.300565    -31.729654  5  3  6  41       
PG08  18195.556206  -1717.908194  19327.423535   -160.975197  6  4  7  72       
PG09    131.114458 -18441.883120 -19178.089197     51.616046  5  2  4  81       
PG10   9292.187205  12517.373738  21751.963365    -68.432960  5  4  5  64       
PG11 -14022.748865  -5667.815588 -21809.099362   -531.436805  7  6  5 102       
PG12 -22891.738818  10580.632274  -8501.144704   -465.590472  7  7  4  42       
PG13 -19874.587685  -9283.824442  14925.254953    613.614526  6  5  7  94       
PG14  -4996.746394 -14746.558057  21546.253270    292.536675  6  5  5 112       
PG15 -18110.305031   3791.088670  18639.380768    114.925073  6  5  4  57       
PG16  25222.049148   1921.375759  -9160.112345   -388.719243  7  5  5  76       
PG17 -10728.668178 -22258.087933   9971.732205    720.392962  3  6  5 100       
PG18  -4474.465859  25773.756037   4000.204882   -526.532648  7  2  5  36       
PG19 -16791.453207 -20825.980392    219.010289    423.410585  8  9  6  91       
PG20 -21306.496557  -2211.387598 -15533.419108    392.660441  3  6  6  75       
PG21  15494.354895  -9143.977792  19702.035164    139.119076  4  5  5  91       
PG22 -12370.378588 -12247.996834  20413.443183     52.145662  4  4  4  94       
PG23  -4835.583848  15998.103527  20615.743015    130.952250  6  6  5  62       
PG24 -14819.295389  13564.944411  16755.133015   -409.474009  6  3  6  57       
PG25 -13067.830236  16174.337156 -16699.836883    484.445149  7  7  5  23       
PG26  19664.395958   6411.127048 -16999.879907    202.391961  5  5  4  79       
PG28   7601.666601  19211.702687 -16715.277973    -92.090302  7  6  4  51       
PG29  -2574.774577  17560.461126 -19773.795311   -608.990911  8  5  6  90       
PG30  -3085.360986 -23315.730471  12202.141288   -448.180913  5  4  4  84       
PG31  12497.296026  10575.143071 -21048.730647   -227.158117  5  3  4  72       
PG32  14949.302741  21095.585622   6733.635131   -603.300402  7  5  2  77       
*  2024  1  7 22 30  0.00000000
PG01  12832.227869 -18776.162594  13084.818187    165.515430  5  5  2  44       
PG02  14481.964739 -12335.991333  18942.998227   -504.206512  5  4  4  56       
PG03  23082.729845 -11823.364124  -5590.171315    110.622305  6  4  6  50       
PG04  13637.952056  -7653.862804 -21471.861749    260.243337  6  4  6  61       
PG05 -25307.672644   5287.122278  -6472.894727   -157.119813  4  6  7  80       
PG06  -7575.902768 -18759.803486 -17079.634175    452.434129  6  5  6  57       
PG07   4908.814131 -25833.719088    194.391751    -31.738179  5  1  6  37       
PG08  19725.894548   -225.617731  17890.455059   -160.977282  5  4  7  75       
PG09   1887.646725 -17034.668031 -20361.329057     51.626946  5  3  4  71       
PG10   6945.267312  13254.769731  22162.332181    -68.434036  4  4  5  71       
PG11 -13329.428497  -8050.443500 -21496.960116   -531.449633  7  6  5  82       
PG12 -23710.074637  10530.658212  -5793.605821   -465.593952  7  7  4  32       
PG13 -20755.468518 -10633.180199  12709.554659    613.617845  6  5  7  81       
PG14  -2621.013876 -15395.840185  21495.793101    292.545982  5  5  5 115       
PG15 -19777.046589   2437.729278  17170.329535    114.928566  6  5  4  56       
PG16  24151.318278   2335.473703 -11654.832450   -388.712295  7  5  5  72       
PG17  -9741.145553 -21503.012234  12454.527775    720.392605  3  6  5  94       
PG18  -4767.731032  26002.699810   1126.785155   -526.541142  7  3  5  42       
PG19 -16504.225951 -20802.526363   3065.043248    423.415401  8  8  7 102       
PG20 -19700.944107  -3247.269057 -17371.386220    392.658757  4  7  6  85       
PG21  15321.025523  -6900.151041  20833.329410    139.117956  3  5  5 102       
PG22 -10131.950520 -12807.418189  21328.852274     52.139741  4  4  4  92       
PG23  -7031.985071  16644.490621  19420.101539    130.958923  6  6  5  54       
PG24 -14757.477031  11452.744313  18316.319029   -409.480754  6  2  6  51       
PG25 -14800.815160  16525.408360 -14732.160498    484.446405  8  7  4  16       
PG26  17858.283137   7297.622668 -18544.062879    202.388842  5  4  5  63       
PG28   7088.346523  20941.808103 -14744.261809    -92.100291  7  7  3  14       
PG29  -4210.145609  15919.880536 -20863.485460   -608.990239  8  5  6  66       
PG30  -2511.601303 -24470.888445   9787.181574   -448.176857  5  4  5  87       
PG31  11830.480587  12804.938147 -20131.397871   -227.158662  6  3  4  52       
PG32  14142.218173  20655.268567   9377.124934   -603.303254  7  4  3  66       
*  2024  1  7 22 45  0.00000000
PG01  12687.711752 -17087.661585  15321.898133    165.516273  5  6  2  51       
PG02  14427.089673 -10181.591538  20274.984038   -504.201564  5  4  4  71       
PG03  23583.391771 -11802.485495  -2737.171172    110.645807  6  4  6  49       
PG04  15423.666542  -6024.282284 -20783.417552    260.252155  6  5  6  68       
PG05 -24593.016007   4750.768095  -9152.087341   -157.121101  4  6  7  65       
PG06  -7135.773922 -20561.613808 -15077.949153    452.422548  6  5  6  57       
PG07   5199.129356 -25588.953833  -2662.913440    -31.746669  5     6  28       
PG08  21187.386745   1072.949970  16148.063557   -160.979155  5  5  8  73       
PG09   3803.448924 -15650.400407 -21196.340715     51.637812  5  3  4  75       
PG10   4617.175032  14132.688059  22199.038471    -68.436043  4  4  5  59       
PG11 -12775.132312 -10410.767230 -20814.270286   -531.462484  7  7  4  84       
PG12 -24232.537925  10433.111816  -2986.630102   -465.597620  7  7  4  82       
PG13 -21529.146668 -11736.315327  10275.073768    613.621347  7  5  7  93       
PG14   -304.022537 -16154.836035  21075.876413    292.555314  5  5  5 113       
PG15 -21344.192557   1264.125386  15397.080724    114.931866  7  6  4  63       
PG16  22847.472662   2877.027921 -13956.846361   -388.705558  7  5  5  76       
PG17  -8522.442886 -20620.308670  14726.128286    720.391884  4  7  5  89       
PG18  -4988.531715  25924.103224  -1766.247415   -526.549630  7  3  5  57       
PG19 -15992.134081 -20569.407239   5859.299192    423.420085  7  7  7  93       
PG20 -17984.786141  -4458.890300 -18907.222759    392.656694  5  7  6  93       
PG21  15257.329012  -4554.171722  21614.315776    139.116714  3  6  5  98       
PG22  -7851.005049 -13505.689908  21889.492372     52.133534  5  4  4  87       
PG23  -9048.056928  17351.470182  17889.001622    130.965554  7  7  5  56       
PG24 -14781.261494   9180.857558  19547.741143   -409.487395  5  2  7  59       
PG25 -16298.224137  16877.400953 -12512.980139    484.447649  8  7  4  75       
PG26  15954.660846   8336.366013 -19776.178118    202.385726  5  4  5  62       
PG28   6697.148512  22461.192149 -12519.911492    -92.110307  8  7  4  57       
PG29  -6005.578834  14299.586085 -21594.948178   -608.990030  8  5  6  77       
PG30  -2040.254234 -25374.244733   7202.165673   -448.172746  6  4  5  82       
PG31  11299.876212  14949.622749 -18870.409339   -227.158771  6  3  5  71       
PG32  13089.962839  20076.869803  11862.312276   -603.306033  6  4  3  68       
*  2024  1  7 23  0  0.00000000
PG01  12608.868408 -15152.154849  17285.071199    165.517179  5  6  1  43       
PG02  14486.067319  -7902.109719  21270.617974   -504.196551  4  5  4  83       
PG03  23786.758493 -11674.198230    163.176003    110.669307  6  5  6  63       
PG04  17214.273777  -4552.023924 -19737.870351    260.260986  6  6  6  62       
PG05 -23647.101663   4044.820243 -11675.664505   -157.122101  5  6  7  81       
PG06  -6824.633237 -22143.640312 -12814.343406    452.410964  6  5  7  87       
PG07   5471.485844 -25034.366467  -5472.684395    -31.755175  5     6  88       
PG08  22536.762670   2173.137717  14130.900889   -160.980827  6  5  8  63       
PG09   5848.565126 -14326.004837 -21669.125030     51.648714  5  3  4  63       
PG10   2354.334597  15133.935349  21860.488548    -68.437266  5  4  6  53       
PG11 -12360.997357 -12699.936590 -19772.957068   -531.475278  7  7  4  71       
PG12 -24459.703170  10249.769109   -128.230308   -465.601072  7  7  4  61       
PG13 -22154.570461 -12596.359583   7664.244029    613.624674  7  5  7  90       
PG14   1911.274850 -17002.785472  20293.175009    292.564615  5  6  6  66       
PG15 -22768.960784    270.251716  13352.408558    114.935586  7  6  5  41       
PG16  21345.080879   3567.820435 -16028.332986   -388.698714  8  6  4  69       
PG17  -7074.772852 -19653.110670  16749.215502    720.391231  4  7  4  90       
PG18  -5174.781651  25531.890821  -4628.530073   -526.558145  8  4  5  66       
PG19 -15235.469923 -20159.435951   8554.315818    423.424727  7  7  7 103       
PG20 -16203.608487  -5841.974265 -20114.495144    392.655152  6  8  6  96       
PG21  15316.818666  -2151.441207  22035.121131    139.115206  2  6  6  97       
PG22  -5574.050002 -14337.458447  22087.233053     52.127858  6  4  4  92       
PG23 -10851.741116  18083.605971  16048.439214    130.972182  7  7  5  56       
PG24 -14908.708317   6793.064094  20427.589528   -409.494003  5  1  7  77       
PG25 -17542.006043  17192.344909 -10079.214750    484.448898  8  6  3  45       
PG26  13996.704218   9524.038078 -20674.867067    202.382614  6  4  5  54       
PG28   6403.151976  23735.748068 -10080.395738    -92.120301  8  7  5  19       
PG29  -7932.715088  12739.869108 -21955.971126   -608.989287  8  6  7  84       
PG30  -1642.709472 -26001.399008   4491.732853   -448.168664  6  4  5  77       
PG31  10897.273922  16963.350219 -17285.970944   -227.159052  6  3  5  71       
PG32  11790.551585  19400.450122  14147.481890   -603.308816  6  5  5  51       
*  2024  1  7 23 15  0.00000000
PG01  12626.646361 -13006.407201  18939.004643    165.518154  4  6  2  66       
PG02  14672.615601  -5541.978340  21914.730980   -504.191342  3  5  5  69       
PG03  23705.984716 -11401.594523   3060.682487    110.692832  6  5  6  68       
PG04  18965.197750  -3253.876526 -18353.535632    260.269810  6  6  6  41       
PG05 -22506.124084   3150.349447 -14001.017786   -157.123813  5  6  7  84       
PG06  -6615.322803 -23470.054010 -10328.165554    452.399349  6  6  7  66       
PG07   5762.083118 -24175.250520  -8184.330505    -31.763759  6     6  81       
PG08  23732.186274   3078.534979  11874.032263   -160.982279  7  6  9  54       
PG09   7986.909861 -13093.231951 -21771.844473     51.659584  5  3  3  79       
PG10    199.775908  16233.717290  21151.327090    -68.438416  5  4  6  66       
PG11 -12080.008721 -14870.448063 -18391.118338   -531.488124  7  7  4  76       
PG12 -24400.834116   9944.181649   2732.355054   -465.604545  7  7  3  38       
PG13 -22593.612127 -13224.865880   4922.255886    613.628127  7  6  7  92       
PG14   3986.282433 -17912.375196  19160.634821    292.573850  6  6  6  79       
PG15 -24011.414796   -551.942320  11073.620590    114.939163  7  6  6  37       
PG16  19683.274673   4422.944980 -17835.176824   -388.691736  8  6  4  72       
PG17  -5408.636242 -18644.506869  18490.915329    720.390552  5  8  4  89       
PG18  -5365.057080  24829.225384  -7410.235708   -526.566606  8  4  6  55       
PG19 -14222.200179 -19609.682906  11104.010144    423.429641  6  6  7 104       
PG20 -14402.744538  -7384.077829 -20972.577401    392.653563  6  8  6 102       
PG21  15505.301749    261.405561  22091.811666    139.114529  3  6  6 101       
PG22  -3346.024274 -15289.649344  21919.767790     52.121864  6  4  5  91       
PG23 -12418.587865  18801.410648  13929.872370    130.978808  7  7  5  74       
PG24 -15150.683003   4336.642989  20940.700332   -409.500622  5     7  70       
PG25 -18522.219404  17430.828678  -7471.809653    484.450120  8  6  3  54       
PG26  12027.368783  10849.657572 -21224.200386    202.379513  6  4  5  55       
PG28   6176.143406  24738.131564  -7467.595866    -92.130341  8  7  5  58       
PG29  -9956.583968  11276.014170 -21940.690764   -608.988890  8  6  7  93       
PG30  -1286.723161 -26335.612027   1702.928395   -448.164635  6  5  6  83       
PG31  10607.031620  18803.205124 -15404.002933   -227.159150  7  3  6  57       
PG32  10250.310852  18666.879674  16194.307826   -603.311644  6  5  5  61       
*  2024  1  7 23 30  0.00000000
PG01  12765.562456 -10693.909052  20254.081852    165.519025  4  6  4  61       
PG02  14992.770321  -3147.557146  22197.817635   -504.186318  3  6  5  67       
PG03  23362.558935 -10951.965320   5905.036293    110.716373  6  6  6  33       
PG04  20630.753628  -2138.401318 -16654.484283    260.278709  6  7  6  49       
PG05 -21210.615975   2055.808813 -16088.977842   -157.125013  5  6  7 111       
PG06  -6475.142707 -24512.376948  -7662.647894    452.387691  6  6  8  72       
PG07   6105.590319 -23026.137894 -10748.628474    -31.772429  6  2  6  55       
PG08  24734.791609   3800.597398   9416.312047   -160.985945  7  6  9 124       
PG09  10177.473310 -11977.533838 -21502.937534     51.670455  6  3  3  80       
PG10  -1808.329928  17400.474505  20082.435408    -68.440284  6  4  6  46       
PG11 -11917.377922 -16877.804082 -16692.699628   -531.500935  7  7  4  78       
PG12 -24073.501813   9483.295695   5545.510706   -465.608105  7  7  3  48       
PG13 -22812.574404 -13641.128874   2096.264733    613.631402  7  6  7  83       
PG14   5888.066389 -18850.753065  17697.289810    292.583189  6  5  6  73       
PG15 -25035.947633  -1217.922425   8601.769859    114.942468  7  6  6  35       
PG16  17904.388624   5450.091020 -19347.455236   -388.684833  8  6  4  74       
PG17  -3542.546378 -17635.910201  19923.232362    720.389512  5  8  4 101       
PG18  -5596.882700  23828.435374 -10062.970766   -526.575046  8  5  6  79       
PG19 -12948.642766 -18959.999072  13464.449609    423.434275  6  6  7 108       
PG20 -12625.607396  -9064.915528 -21466.994625    392.651753  7  8  6  93       
PG21  15820.728574   2638.033679  21786.251125    139.113624  3  6  6  88       
PG22  -1208.834218 -16341.911522  21390.584928     52.116195  6  4  5  99       
PG23 -13732.532980  19462.922819  11569.695919    130.985444  8  7  6  68       
PG24 -15510.367606   1860.636030  21078.814947   -409.507294  4     7  67       
PG25 -19237.324480  17553.629333  -4735.100268    484.451359  8  5  3  52       
PG26  10087.903321  12294.814108 -21413.980841    202.376376  6  4  5  59       
PG28   5981.958566  25448.725705  -4726.392140    -92.140365  8  7  6  44       
PG29 -12036.789794   9937.059579 -21549.669308   -608.988460  8  7  7 102       
PG30   -937.882499 -26368.461728  -1115.633532   -448.160552  7  5  6  50       
PG31  10406.751198  20430.735304 -13255.788632   -227.159451  7  3  6  75       
PG32   8483.809607  17916.239467  17968.446161   -603.314425  6  6  6  60       
*  2024  1  7 23 45  0.00000000
PG01  13042.589042  -8263.287429  21206.994971    165.519904  3  6  5  75       
PG02  15444.661712   -765.611572  22116.100116   -504.181449  3  6  6  78       
PG03  22785.408723 -10298.282095   8646.698891    110.739899  5  6  7  48       
PG04  22165.813057  -1205.797399 -14670.112465    260.287514  6  7  6  65       
PG05 -19803.916555    757.646386 -17904.431646   -157.126322  6  6  7 113       
PG06  -6367.310666 -25250.492721  -4864.131648    452.376063  6  6  8  80       
PG07   6533.499171 -21610.365465 -13118.752479    -31.780834  6  3  6  50       
PG08  25510.105965   4357.975726   6799.716678   -160.987305  8  8 10  22       
PG09  12375.716750 -10997.192419 -20867.131655     51.681326  6  4  4  79       
PG10  -3637.963827  18596.993406  18670.833004    -68.441883  6  5  6  59       
PG11 -11851.232623 -18682.060647 -14707.071418   -531.513749  7  6  5  75       
PG12 -23502.883928   8838.962280   8262.123670   -465.611769  7  7  3  69       
PG13 -22783.526270 -13871.221068   -765.417038    613.634853  8  6  7  96       
PG14   7590.445312 -19780.776561  15927.966764    292.592565  6  5  6  75       
PG15 -25812.578879  -1749.671325   5980.825177    114.945997  7  6  7  28       
PG16  16052.498274   6649.093275 -20539.876305   -388.677981  8  6  5  71       
PG17  -1502.466621 -16665.524123  21023.400080    720.389085  5  8  5 102       
PG18  -5905.064090  22550.591536 -12540.645024   -526.583480  8  5  5  81       
PG19 -11419.842133 -18251.429517  15594.609214    423.438666  5  6  7 104       
PG20 -10912.115374 -10856.997717 -21589.650880    392.650312  8  9  7 106       
PG21  16253.370559   4933.891064  21125.895005    139.112471  3  6  7  99       
PG22    799.988181 -17467.325219  20508.870825     52.110143  6  4  6 100       
PG23 -14786.352286  20025.401558   9008.620425    130.992021  8  7  6  45       
PG24 -15983.113673   -585.946116  20840.676937   -409.513917  4     7  90       
PG25 -19694.159229  17523.372529  -1916.090457    484.452603  8  4  4  62       
PG26   8216.424030  13834.188464 -21239.966659    202.373257  6  5  5  74       
PG28   5783.984153  25856.320542  -1903.897057    -92.150399  9  7  7  35       
PG29 -14128.909071   8744.810951 -20789.864865   -608.987760  8  7  8 106       
PG30   -561.168781 -26100.184241  -3914.649933   -448.156487  7  5  6  62       
PG31  10268.238845  21813.341138 -10877.515457   -227.159775  8  3  7  62       
PG32   6513.490874  17186.267866  19440.066983   -603.317240  7  6  7  75       
EOF
