#cP2024  1  1  0  0  0.00000000      96 ORBIT IGS20 HLM  IGS
## 2295  86400.00000000   900.00000000 60310 0.0000000000000
+   32   G01G02G03G04G05G06G07G08G09G10G11G12G13G14G15G16G17
+        G18G19G20G21G22G23G24G25G26G27G28G29G30G31G32  0  0
+          0  0  0  0  0  0  0  0  0  0  0  0  0  0  0  0  0
+          0  0  0  0  0  0  0  0  0  0  0  0  0  0  0  0  0
+          0  0  0  0  0  0  0  0  0  0  0  0  0  0  0  0  0
++         2  2  2  2  2  1  1  2  2  2  2  2  2  2  2  2  2
++         2  2  2  2  1  2  2  2  2  3  2  2  2  1  2  0  0
++         0  0  0  0  0  0  0  0  0  0  0  0  0  0  0  0  0
++         0  0  0  0  0  0  0  0  0  0  0  0  0  0  0  0  0
++         0  0  0  0  0  0  0  0  0  0  0  0  0  0  0  0  0
%c G  cc GPS ccc cccc cccc cccc cccc ccccc ccccc ccccc ccccc
%c cc cc ccc ccc cccc cccc cccc cccc ccccc ccccc ccccc ccccc
%f  1.2500000  1.025000000  0.00000000000  0.000000000000000
%f  0.0000000  0.000000000  0.00000000000  0.000000000000000
%i    0    0    0    0      0      0      0      0         0
%i    0    0    0    0      0      0      0      0         0
/* FINAL ORBIT COMBINATION FROM WEIGHTED AVERAGE OF:        
/* cod emr esa gfz grg jgx jpl mit ngs sio                  
/* REFERENCED TO IGS TIME (IGST) AND TO WEIGHTED MEAN POLE: 
/* PCV:IGS20      OL/AL:FES2014b NONE     Y  ORB:CMB CLK:CMB
*  2024  1  1  0  0  0.00000000
PG01  12908.438637 -10025.115840  20508.373975    164.989655  8  7  8  64       
PG02  15079.968826  -2630.253924  22211.246286   -507.517766  7  7  6  85       
PG03  23313.808951 -10932.861927   6118.858770     94.781375  7  6  8  13       
PG04  20721.531373  -2122.508553 -16544.439968    254.329976  8  6  6  56       
PG05 -21032.861007   1830.470018 -16349.972239   -156.260918  9  7  7  68       
PG06  -6551.363943 -24529.143013  -7545.001977    460.044237  7  6  4  90       
PG07   6145.944045 -22903.241292 -10980.933965    -26.070929  9  4  2 111       
PG08  24787.542557   3766.698125   9291.839225   -159.828790  5  8  6  52       
PG09  10459.030804 -11836.885223 -21446.749065     44.406336  9  6  1  77       
PG10  -2003.840375  17518.668477  19954.907804    -67.536347  9  5  4  50       
PG11 -11918.525416 -17026.839836 -16540.090876   -522.816685  9  8  4  87       
PG12 -24034.134368   9383.795236   5861.320094   -463.268086  5  6  9  66       
PG13 -22826.376647 -13657.462696   1852.531326    611.364066  4  6  9  87       
PG14   6060.582426 -18936.839407  17545.130200    286.349869  5  3  3  83       
PG15 -25088.447005  -1194.003254   8463.170263    112.618711  5  8  5  88       
PG16  17704.951928   5584.874091 -19488.460053   -393.244550  7  3  5  94       
PG17  -3396.674855 -17552.616592  20026.492175    720.892812  8  5  6  54       
PG18  -5597.088201  23742.610595 -10264.639355   -520.843853  7  5  7  79       
PG19 -12814.443315 -18896.440760  13673.661407    420.270215  9  5  7  58       
PG20 -12454.294787  -9241.513180 -21493.998361    393.802555  8  6  6  68       
PG21  15860.682871   2932.783762  21730.111033    139.832848  7  8  6  85       
PG22   -961.884091 -16463.460830  21312.144958     56.099151  7  5  2  90       
PG23 -13869.071131  19517.036235  11310.168969    126.589394  6  5  5  57       
PG24 -15536.066519   1716.492697  21075.943814   -404.988231  4  7  7  69       
PG25 -19260.987561  17577.551002  -4529.192943    483.616850  4  7  5  69       
PG26  10034.802448  12333.836313 -21413.360008    204.428083  6  5  7 105       
PG27  23056.216183  13331.450415  -3198.777889 999999.999999 14  8 16           
PG28   6046.656383  25457.765364  -4592.672113    -85.548197  6  8  8  13       
PG29 -12220.685800   9825.111942 -21498.041633   -609.248813  7  5  6  84       
PG30   -877.604014 -26355.777861  -1405.678420   -450.884929  8  4  5  93       
PG31  10397.743911  20557.783339 -13057.252267   -227.023550  4  5  3  96       
PG32   8382.452650  17852.750536  18077.240947   -601.421702  3  5  7  57       
*  2024  1  1  0 15  0.00000000
PG01  13196.669416  -7571.999401  21374.927784    164.990444  8  6  7  77       
PG02  15540.699815   -252.820017  22063.846526   -507.512835  7  7  5  73       
PG03  22720.747590 -10261.481626   8850.315348     94.805422  7  6  8  41       
PG04  22249.302127  -1203.760909 -14544.202425    254.338889  8  5  6  56       
PG05 -19611.012835    509.032059 -18125.973819   -156.262061  9  6  6  76       
PG06  -6446.545713 -25254.320683  -4741.884411    460.032965  7  6  4 100       
PG07   6582.825056 -21463.939114 -13330.592220    -26.079493  9  4  2 100       
PG08  25552.307989   4314.464183   6668.306374   -159.830606  5  8  6  37       
PG09  12653.248990 -10869.458069 -20768.265915     44.417176  9  6  2  87       
PG10  -3814.988730  18715.078316  18510.582443    -67.537867  8  4  5  21       
PG11 -11860.172336 -18812.921249 -14532.344534   -522.829730  8  7  4 103       
PG12 -23436.670398   8717.977246   8563.910944   -463.271427  5  6  8  74       
PG13 -22775.121119 -13873.087665  -1009.902690    611.367590  4  6  9  79       
PG14   7743.468614 -19863.776545  15748.737552    286.359231  5  2  3  91       
PG15 -25852.044363  -1717.506298   5835.681731    112.622087  5  8  5  91       
PG16  15846.581286   6800.089133 -20645.839572   -393.237748  7  4  5  90       
PG17  -1343.336875 -16588.068712  21098.979360    720.892187  7  6  5  77       
PG18  -5913.739348  22444.411625 -12726.702946   -520.852514  6  5  7  70       
PG19 -11262.488086 -18184.086063  15780.576564    420.274968  9  4  7  64       
PG20 -10748.300072 -11041.707133 -21580.578465    393.801000  9  6  5  72       
PG21  16301.955471   5217.040928  21029.453589    139.831867  7  7  5  96       
PG22   1032.052531 -17592.549740  20392.568687     56.093255  7  5  2  85       
PG23 -14896.355113  20065.779145   8730.884783    126.595877  5  5  5  34       
PG24 -16019.563809   -725.578280  20812.634018   -404.995024  3  7  7  69       
PG25 -19699.325225  17535.196602  -1705.991508    483.618166  3  6  5  68       
PG26   8171.407945  13882.217200 -21222.826640    204.425117  6  6  6 107       
PG27  22526.884944  13324.819146  -5974.335277 999999.999999 13  6 16           
PG28   5848.800388  25851.238917  -1767.400626    -85.557873  6  8  8  25       
PG29 -14311.945513   8647.045858 -20705.992639   -609.248591  7  5  6  98       
PG30   -496.483923 -26056.586174  -4199.937162   -450.880894  8  4  6 105       
PG31  10263.518757  21917.882391 -10660.673110   -227.023797  4  5  4  99       
PG32   6398.009409  17128.536012  19527.325467   -601.424647  3  5  6  64       
*  2024  1  1  0 30  0.00000000
PG01  13631.927915  -5063.671819  21859.973174    164.991244  8  6  7  92       
PG02  16121.298801   2059.250138  21554.552854   -507.507820  7  7  5  78       
PG03  21932.300552  -9364.513215  11427.618210     94.829489  7  5  7  51       
PG04  23600.854282   -458.795736 -12295.018526    254.347827  8  4  5  75       
PG05 -18127.946240  -1009.768033 -19595.253950   -156.263265  9  6  5  51       
PG06  -6332.096061 -25663.995682  -1856.516279    460.021689  6  5  4  74       
PG07   7133.072289 -19792.614681 -15438.786449    -26.087801  8  4  2  99       
PG08  26059.310890   4724.506877   3932.511324   -159.831910  7  8  6           
PG09  14803.333514 -10048.682350 -19735.526562     44.427975  8  6  2  64       
PG10  -5420.853979  19895.495242  16749.093506    -67.538881  8  4  5  57       
PG11 -11867.656496 -20359.359578 -12274.679780   -522.842835  8  7  4  97       
PG12 -22631.384107   7845.059341  11116.925666   -463.275079  5  6  8  65       
PG13 -22453.298502 -13937.236444  -3855.221001    611.371013  4  5  9  89       
PG14   9206.996306 -20738.596713  13679.661476    286.368596  5  2  4  69       
PG15 -26343.202212  -2136.366738   3107.680147    112.625568  6  7  6  89       
PG16  13963.986631   8177.635274 -21461.209672   -393.230884  7  5  5  85       
PG17    848.489385 -15697.935250  21820.902987    720.891624  7  6  5  87       
PG18  -6339.666892  20900.898344 -14967.518803   -520.861135  5  5  6  78       
PG19  -9470.812023 -17457.123987  17616.525439    420.279783  9  3  7  64       
PG20  -9143.961632 -12915.837480 -21294.031064    393.799803  9  6  5  76       
PG21  16841.307850   7374.852904  19988.620338    139.830555  7  6  5  94       
PG22   2862.568285 -18758.595140  19137.138088     56.087051  6  4     91       
PG23 -15665.841794  20469.701498   5999.836204    126.602309  5  6  5  61       
PG24 -16602.657285  -3087.802215  20179.397999   -405.001834  2  7  7  76       
PG25 -19895.844285  17303.302585   1146.978534    483.619440  3  6  6  48       
PG26   6411.270896  15491.533169 -20670.538144    204.422131  5  6  5 105       
PG27  21712.588243  13241.449990  -8650.319940 999999.999999 13  3 16           
PG28   5607.017715  25939.496788   1088.278647    -85.567579  6  7  8  21       
PG29 -16363.965213   7630.425207 -19559.830809   -609.247899  7  5  6  85       
PG30    -50.347654 -25466.507148  -6920.560358   -450.876889  7  4  6  88       
PG31  10155.191125  23005.605136  -8078.260739   -227.024142  3  5  4  94       
PG32   4241.761279  16461.320496  20648.525039   -601.427617  3  5  6  64       
*  2024  1  1  0 45  0.00000000
PG01  14212.563073  -2553.567502  21955.663786    164.992014  8  6  7  93       
PG02  16803.523045   4263.393992  20691.964790   -507.502931  6  7  5  81       
PG03  20988.795306  -8230.520262  13805.654624     94.853583  7  5  7  46       
PG04  24737.353530    128.534827  -9835.538998    254.356725  8  4  5  77       
PG05 -16627.578283  -2711.898776 -20733.108778   -156.264610  8  6  4  56       
PG06  -6168.046095 -25757.043364   1061.033997    460.010364  6  4  5  59       
PG07   7816.821801 -17928.027957 -17266.887683    -26.096146  8  5     80       
PG08  26286.865755   5027.127484   1130.628030   -159.834785  8  8  6  51       
PG09  16862.442278  -9376.172968 -18366.162798     44.438790  8  5  3  52       
PG10  -6805.479779  21015.468448  14699.580422    -67.541029  8  3  6  15       
PG11 -11907.746494 -21639.869784  -9806.018240   -522.855935  8  7  3 107       
PG12 -21655.917268   6751.323270  13475.244613   -463.278406  6  6  7  64       
PG13 -21848.314304 -13886.020193  -6635.287698    611.374177  5  5  9  73       
PG14  10441.459566 -21519.980359  11373.435073    286.377919  6  2  4  65       
PG15 -26546.613902  -2482.203770    326.450443    112.629013  6  7  6  88       
PG16  12099.975536   9700.636456 -21920.221065   -393.223813  7  6  5  76       
PG17   3140.226224 -14909.496234  22181.141973    720.890851  7  6  5  85       
PG18  -6899.230391  19148.564754 -16948.348856   -520.869747  5  6  5  73       
PG19  -7462.507695 -16753.819194  19148.882320    420.284824  9  2  6  72       
PG20  -7669.522061 -14824.635655 -20639.853273    393.797498  8  6  5  90       
PG21  17454.606234   9369.807626  18625.980743    139.829806  7  6  5  98       
PG22   4504.936701 -19924.198035  17566.450744     56.081336  5  4  1  89       
PG23 -16188.825663  20690.097934   3164.417747    126.608826  5  6  5  82       
PG24 -17265.446926  -5326.769200  19189.082251   -405.008648  2  7  7  73       
PG25 -19873.325383  16853.407881   3979.796025    483.620702  4  6  6  75       
PG26   4782.094557  17124.987691 -19764.766010    204.419141  5  6  5  99       
PG27  20616.552754  13120.034790 -11182.392221 999999.999999 12    16           
PG28   5284.739203  25729.444231   3925.226889    -85.577263  5  7  7  51       
PG29 -18329.037183   6780.055465 -18079.323000   -609.247799  8  5  6  79       
PG30    491.946330 -24603.584993  -9519.756306   -450.872836  7  4  6  69       
PG31  10036.608229  23804.108181  -5354.507359   -227.024313  4  5  4  85       
PG32   1950.110047  15879.504101  21421.740997   -601.430562  3  5  5  45       
*  2024  1  1  1  0  0.00000000
PG01  14928.183435    -94.194669  21661.342878    164.992747  8  5  6  90       
PG02  17562.369164   6321.193340  19490.185187   -507.497770  6  7  4  86       
PG03  19933.648490  -6856.761333  15942.742990     94.877708  6  5  7  60       
PG04  25625.278744    581.171686  -7207.935250    254.365612  8  3  5  45       
PG05 -15151.571710  -4575.400903 -21520.358507   -156.265985  8  6  4  63       
PG06  -5915.552352 -25541.713813   3960.217959    459.999074  6  3  5  68       
PG07   8647.016736 -15914.202292 -18781.528283    -26.104703  8  5     95       
PG08  26220.855793   5256.312965  -1690.234110   -159.836174  9  8  6  73       
PG09  18785.166790  -8845.561690 -16683.498070     44.449581  7  5  3  12       
PG10  -7961.479564  22029.637647  12396.364899    -67.542205  8  3  6  37       
PG11 -11943.859883 -22636.203533  -7168.868577   -522.869013  8  6  3 104       
PG12 -20551.623623   5431.294508  15596.989829   -463.282010  6  6  7  56       
PG13 -20955.928608 -13758.050832  -9303.255150    611.377712  5  5  8  70       
PG14  11445.506323 -22167.112855   8869.821236    286.387235  7  2  4  65       
PG15 -26454.988251  -2789.131143  -2460.380267    112.632544  6  6  6  95       
PG16  10294.442915  11344.775781 -22014.169407   -393.217238  7  7  5  52       
PG17   5489.077032 -14243.207677  22174.379699    720.890416  6  7  5  92       
PG18  -7609.915906  17229.393781 -18635.079059   -520.878423  5  6  5  81       
PG19  -5268.493655 -16108.669726  20350.041935    420.289127  9  3  6  68       
PG20  -6346.067642 -16725.249300 -19629.881522    393.796338  8  6  5  87       
PG21  18112.199786  11171.102717  16964.567717    139.828587  6  5  5  92       
PG22   5941.770594 -21048.948308  15706.100339     56.075271  5  3  2  86       
PG23 -16484.664731  20692.746074    273.922780    126.615328  6  6  4  50       
PG24 -17981.826565  -7404.151790  17860.874340   -405.015468  3  7  6  78       
PG25 -19660.868751  16163.493204   6742.512411    483.622004  4  6  6  43       
PG26   3304.997565  18742.047349 -18519.862465    204.416173  5  6  5  99       
PG27  19250.277736  12998.638003 -13528.665375 999999.999999 12    15           
PG28   4847.906239  25236.488633   6694.599298    -85.586988  5  7  7  26       
PG29 -20160.482180   6092.379059 -16289.892359   -609.247264  8  5  6  65       
PG30   1157.381069 -23493.472218 -11951.844490   -450.868820  7  4  6  62       
PG31   9870.171197  24305.209563  -2536.751357   -227.024732  4  5  4  84       
PG32   -435.485339  15405.212501  21833.590025   -601.433454  3  5  5  68       
*  2024  1  1  1 15  0.00000000
PG01  15760.068433   2264.772050  20983.480992    164.993488  7  5  6  80       
PG02  18366.973648   8199.583243  17968.625571   -507.492765  5  7  4  67       
PG03  18811.630656  -5249.517770  17801.402727     94.901831  6  5  7  67       
PG04  26237.656137    927.767259  -4457.184338    254.374523  8  3  6  51       
PG05 -13737.830455  -6571.035956 -21943.650130   -156.266896  8  6  3  67       
PG06  -5538.604250 -25035.243478   6790.900986    459.987799  5  3  5  74       
PG07   9628.679350 -13798.735584 -19955.315835    -26.113037  7  5     80       
PG08  25855.263744   5448.266467  -4482.767278   -159.836799  9  8  6  65       
PG09  20529.122240  -8442.876475 -14716.163062     44.460411  7  5  3  55       
PG10  -8890.184920  22893.495059   9878.428159    -67.544595  7  3  6  30       
PG11 -11937.627739 -23338.712635  -4408.593142   -522.882114  8  6  4 113       
PG12 -19361.927240   3888.211093  17444.336156   -463.285556  6  5  7  49       
PG13 -19780.500701 -13592.822582 -11814.303613    611.381375  5  5  8  84       
PG14  12226.007380 -22641.327164   6212.123663    286.396511  7  2  4  66       
PG15 -26069.237649  -3092.230978  -5205.638828    112.635888  6  6  6  85       
PG16   8583.004991  13079.009963 -21740.194302   -393.210219  7  7  6  77       
PG17   7849.426182 -13712.016909  21801.139549    720.889700  6  7  5  80       
PG18  -8481.496312  15189.319303 -19998.807274   -520.887058  6  5  5  75       
PG19  -2926.569146 -15551.002088  21197.977294    420.294125  8  3  6  71       
PG20  -5186.889503 -18572.778862 -18282.048533    393.794466  8  5  5  64       
PG21  18780.031805  12754.415681  15031.715668    139.827710  7  4  5  96       
PG22   7163.486692 -22090.877545  13586.329155     56.069389  4  3  2  89       
PG23 -16579.856695  20449.366663  -2621.340180    126.621817  7  7  4  56       
PG24 -18720.586151  -9287.963832  16219.820338   -405.022324  4  7  6  64       
PG25 -19292.653093  15219.080658   9386.093340    483.623293  5  6  6  65       
PG26   1993.835689  20299.879330 -16956.098646    204.413148  5  6  5 100       
PG27  17633.215752  12913.157923 -15650.316047 999999.999999 11  4 15           
PG28   4266.489570  24483.916684   9348.687886    -85.596705  5  7  7  11       
PG29 -21814.311452   5555.773241 -14222.185383   -609.246871  8  5  6  63       
PG30   1967.494591 -22168.452434 -14174.109068   -450.864814  7  4  6  66       
PG31   9618.505318  24509.671073    325.667195   -227.025026  4  5  5  86       
PG32  -2869.863549  15053.452174  21876.638357   -601.436375  4  4  5  65       
*  2024  1  1  1 30  0.00000000
PG01  16681.932924   4478.259808  19935.461950    164.994236  6  5  6  77       
PG02  19181.729482   9871.877872  16151.753355   -507.487923  5  6  4  85       
PG03  17667.085549  -3424.063637  19349.047791     94.925884  5  5  6  65       
PG04  26555.054941   1201.386473  -1630.311233    254.383449  8  3  6  45       
PG05 -12419.146884  -8663.209770 -21995.673682   -156.268139  8  6  4  47       
PG06  -5005.617999 -24263.129090   9504.242114    459.976654  4  3  5  84       
PG07  10758.536271 -11630.966062 -20767.400325    -26.121503  7  5     84       
PG08  25192.417583   5639.865150  -7200.197672   -159.839295  9  8  5  73       
PG09  22056.433527  -8147.218362 -12497.625591     44.471214  6  5  3  72       
PG10  -9601.454903  23565.149501   7188.788275    -67.546086  7  3  6  59       
PG11 -11850.534133 -23746.590802  -1572.628342   -522.895222  8  5  4  99       
PG12 -18130.597924   2134.143432  18984.254324   -463.288970  6  5  6  29       
PG13 -18334.923642 -13429.079067 -14126.339618    611.384605  5  6  8   1       
PG14  12797.603690 -22907.680805   3446.426574    286.405825  7  2  5  56       
PG15 -25398.369602  -3426.022778  -7863.358307    112.639534  6  6  6  85       
PG16   6995.782121  14866.542253 -21101.406995   -393.203341  7  7  6  69       
PG17  10174.334714 -13320.957305  21067.750740    720.888819  5  7  5  89       
PG18  -9515.505660  13076.549533 -21016.330848   -520.895686  6  5  5  83       
PG19   -480.189125 -15103.766001  21676.711072    420.299019  8  4  6  84       
PG20  -4197.157806 -20321.896151 -16620.037597    393.792506  8  5  6  87       
PG21  19420.894132  14102.556448  12858.674262    139.826554  7  4  6  84       
PG22   8168.497248 -23007.985096  11241.622251     56.063373  4  3  3  94       
PG23 -16506.837710  19938.861023  -5470.953576    126.628317  8  7  4  67       
PG24 -19446.715130 -10953.542980  14296.241248   -405.029175  4  7  6  68       
PG25 -18806.482880  14014.045974  11863.366462    483.624507  5  6  7  45       
PG26    854.802606  21754.906446 -15099.396451    204.410084  5  6  5  94       
PG27  15792.179593  12895.878999 -17512.150749 999999.999999 11  5 15           
PG28   3515.855228  23501.978998  11841.746348    -85.606417  5  7  6  10       
PG29 -23250.795479   5151.161840 -11911.555247   -609.246589  8  6  6  73       
PG30   2937.314978 -20666.207666 -16147.594765   -450.860704  7  4  6  89       
PG31   9246.146716  24427.131998   3182.313581   -227.025087  4  5  5  77       
PG32  -5305.657895  14831.538539  21549.551643   -601.439320  4  4  5  40       
*  2024  1  1  1 45  0.00000000
PG01  17661.006207   6507.354376  18537.228862    164.994971  5  4  5  74       
PG02  19967.584184  11318.579908  14068.780482   -507.482934  5  6  4  47       
PG03  16542.176970  -1404.276964  20558.588650     94.949939  4  5  6  70       
PG04  26566.307836   1438.040566   1224.399632    254.392420  8  3  5  26       
PG05 -11222.049458 -10811.138346 -21675.289281   -156.268947  8  6  4  48       
PG06  -4290.853886 -23258.094506  12053.543424    459.965392  4  3  5  82       
PG07  12025.014534  -9460.078093 -21203.877519    -26.129979  7  5  1  62       
PG08  24242.943938   5867.100357  -9797.005880   -159.841025  8  8  5  83       
PG09  23335.061999  -7931.710447 -10065.641283     44.481998  4  5  3  88       
PG10 -10113.147791  24007.022234   4373.784488    -67.547937  7  4  6  59       
PG11 -11645.566708 -23867.785636   1290.327871   -522.908349  7  5  4  92       
PG12 -16900.015185    189.755035  20189.166639   -463.292519  6  6  6  59       
PG13 -16640.253594 -13303.225165 -16200.645853    611.388066  5  6  8  24       
PG14  13181.949088 -22936.403215    620.777203    286.415144  7  2  5  74       
PG15 -24459.094792  -3822.984094 -10389.478326    112.642607  6  6  6  85       
PG16   5556.375170  16666.025936 -20106.940208   -393.196450  7  7  6  74       
PG17  12417.082540 -13067.033788  19986.246370    720.887967  5  7  5  92       
PG18 -10705.047107  10939.818573 -21670.526377   -520.904275  7  5  6  79       
PG19   2022.997922 -14782.581201  21776.686242    420.303565  8  5  6  91       
PG20  -3373.918075 -21928.482244 -14672.842491    393.790743  7  4  6  94       
PG21  19995.786365  15205.886691  10480.199117    139.825885  7  4  5  77       
PG22   8963.120228 -23759.787766   8710.243432     56.057376  4  3  4  88       
PG23 -16302.552477  19148.274789  -8225.300753    126.634819  9  7  5  45       
PG24 -20122.847470 -12384.225625  12125.069255   -405.036010  5  7  6  39       
PG25 -18242.182686  12551.102420  14129.951702    483.625795  5  6  7  65       
PG26   -113.670181  23064.421995 -12980.952930    204.407092  5  6  5  87       
PG27  13760.496098  12974.164005 -19083.124881 999999.999999 10  6 15           
PG28   2577.923531  22326.717373  14130.782446    -85.616134  5  7  6           
PG29 -24435.881026   4852.916830  -9397.469476   -609.246298  8  6  6  73       
PG30   4074.562350 -19028.381183 -17837.827036   -450.856613  7  5  6  74       
PG31   8721.173398  24075.691236   5982.608520   -227.025257  5  5  5  74       
PG32  -7694.883589  14738.819590  20857.156673   -601.442273  4  4  5  51       
*  2024  1  1  2  0  0.00000000
PG01  18659.373707   8320.585265  16814.805588    164.995706  5  4  5  50       
PG02  20683.479038  12527.945757  11753.292426   -507.477949  5  6  4  75       
PG03  15475.234860    778.093465  21408.929462     94.973894  2  5  5  66       
PG04  26268.929651   1675.109933   4058.211299    254.401334  8  4  5  72       
PG05 -10165.892587 -12970.215191 -20987.562743   -156.270318  8  6  5  47       
PG06  -3375.601596 -22058.793113  14395.053709    459.954145  3  3  4  77       
PG07  13408.606679  -7333.235812 -21258.018592    -26.138334  7  5  1  33       
PG08  23025.431588   6163.555306 -12229.628082   -159.842157  8  8  5  78       
PG09  24339.923236  -7764.683364  -7461.632612     44.492777  3  5  3  72       
PG10 -10450.270674  24187.404530   1482.278597    -67.549660  7  4  6  71       
PG11 -11288.814337 -23718.585315   4131.147594   -522.921450  7  5  4  93       
PG12 -15709.493976  -1916.290117  21037.497630   -463.295960  7  6  5  70       
PG13 -14725.048939 -13247.840377 -18002.476143    611.391569  5  6  7  61       
PG14  13406.678377 -22704.154320  -2215.673098    286.424472  7  3  5  49       
PG15 -23275.173775  -4312.174608 -12742.488068    112.646450  5  6  7  64       
PG16   4281.075429  18432.961983 -18771.913123   -393.189745  7  7  7  57       
PG17  14532.706918 -12939.401910  18574.194885    720.887521  5  7  5  67       
PG18 -12034.940255   8826.635014 -21950.616658   -520.912904  7  5  6  80       
PG19   4532.795680 -14595.079824  21495.022925    420.308322  8  5  6  73       
PG20  -2706.406342 -23351.222183 -12474.242694    393.789031  7  4  6  80       
PG21  20465.339915  16062.495812   7934.118991    139.824905  6  3  6  93       
PG22   9561.207840 -24308.841775   6033.713148     56.051419  4  3  4  75       
PG23 -16006.854004  18073.448134 -10836.460934    126.641281  9  7  6  72       
PG24 -20710.785582 -13571.697548   9745.124777   -405.042839  5  7  6  19       
PG25 -17639.905891  10841.929358  16145.149374    483.627074  5  6  7  73       
PG26   -920.705329  24188.202396 -10636.758460    204.404120  5  5  5  83       
PG27  11576.935140  13169.330338 -20336.810766 999999.999999 10  6 14           
PG28   1442.075050  20998.579963  16176.303867    -85.625827  5  7  6  20       
PG29 -25342.403715   4630.014986  -6722.850971   -609.245968  7  6  5  59       
PG30   5379.151425 -17298.995703 -19215.440605   -450.852554  7  5  6  61       
PG31   8016.709230  23481.150551   8676.799092   -227.025553  5  5  4  61       
PG32  -9990.559423  14766.707693  19810.411512   -601.445162  5  4  6  70       
*  2024  1  1  2 15  0.00000000
PG01  19635.519594   9894.892902  14799.711791    164.996410  4  4  5  57       
PG02  21287.884410  13496.285199   9242.816147   -507.472993  5  6  3  69       
PG03  14499.268139   3084.476992  21885.349803     94.997865     4  5  57       
PG04  25669.219048   1949.716244   6822.747326    254.410201  8  4  5  73       
PG05  -9262.222273 -15093.531970 -19943.708202   -156.271049  8  6  5  76       
PG06  -2249.087927 -20708.298319  16488.712610    459.942923  3  3  4  74       
PG07  14882.584327  -5293.829594 -20930.323570    -26.146936  7  5  2  64       
PG08  21565.816776   6558.974058 -14457.131156   -159.844527  8  8  4  78       
PG09  25053.753592  -7611.052787  -4730.005015     44.503605  3  4  3  26       
PG10 -10643.836409  24081.810383  -1435.213188    -67.550668  7  5  6  50       
PG11 -10750.950036 -23322.896864   6901.109662   -522.934567  7  5  4  82       
PG12 -14593.743516  -4148.251907  21514.104657   -463.299393  7  6  5  55       
PG13 -12624.443791 -13290.346369 -19501.589904    611.394787  4  6  7  49       
PG14  13504.142193 -22195.042510  -5013.552033    286.433795  7  3  4  52       
PG15 -21876.531985  -4918.009350 -14884.008764    112.649684  5  5  6  67       
PG16   3178.341810  20121.246289 -17117.304608   -393.182810  7  7  7  56       
PG17  16479.487072 -12919.834807  16854.465484    720.886593  5  7  5  84       
PG18 -13482.200180   6781.595621 -21852.322330   -520.921512  7  5  6  72       
PG19   6998.226149 -14540.576674  20835.650432    420.313124  7  6  6  80       
PG20  -2176.667624 -24553.096346 -10062.204519    393.787372  7  3  6  43       
PG21  20791.265897  16678.128867   5260.877739    139.823114  6  3  5  72       
PG22   9983.501761 -24622.185022   3256.228896     56.045446  4  3  4   7       
PG23 -15660.798472  16719.325771 -13259.070827    126.647821 10  8  6  34       
PG24 -21173.040247 -14516.017717   7198.354503   -405.049662  5  7  6  58       
PG25 -17038.430563   8906.934352  17872.761583    483.628337  5  6  7  69       
PG26  -1582.466820  25090.053495  -8107.012729    204.401126  5  4  5  79       
PG27   9284.448846  13495.749153 -21251.810887 999999.999999 10  6 14           
PG28    105.767188  19560.877906  17943.004311    -85.635550  5  6  6  34       
PG29 -25951.050805   4447.405452  -3933.362348   -609.245468  7  6  6  70       
PG30   6843.015122 -15522.792746 -20256.703147   -450.848478  7  5  5  30       
PG31   7112.233596  22675.947503  11216.926406   -227.025730  5  5  4  59       
PG32 -12148.305892  14899.021674  18426.281213   -601.448057  5  5  6  65       
*  2024  1  1  2 30  0.00000000
PG01  20546.002262  11216.247145  12528.291324    164.997114  4  5  6  74       
PG02  21740.381857  14227.981290   6578.325667   -507.468095  5  6  3  67       
PG03  13640.704820   5470.803487  21979.763170     95.021808     4  4  40       
PG04  24782.039518   2297.105750   9470.798542    254.419102  7  3  5  64       
PG05  -8514.441744 -17133.498595 -18560.936794   -156.272521  8  6  6  92       
PG06   -909.072720 -19252.442342  18298.823083    459.931681  3  3  3  69       
PG07  16414.022573  -3379.912613 -20228.403399    -26.155479  6  5  2  35       
PG08  19896.511098   7077.972600 -16441.854815   -159.846405  8  8  4  87       
PG09  25467.692200  -7433.837020  -1917.409881     44.514390  3  4  3  47       
PG10 -10729.470815  23674.064494  -4327.441386    -67.551900  7  6  5  71       
PG11 -10008.541863 -22711.244509   9552.727522   -522.947639  6  5  5  89       
PG12 -13581.525187  -6464.533385  21610.576757   -463.303024  7  6  5  71       
PG13 -10378.989080 -13451.875750 -20672.720983    611.398325  4  6  7  68       
PG14  13509.959963 -21401.359931  -7724.155870    286.443168  7  3  4  71       
PG15 -20298.178766  -5659.219848 -16779.314271    112.653363  5  5  6  56       
PG16   2248.571208  21684.814609 -15169.728234   -393.176179  7  7  7  44       
PG17  18220.326066 -12983.463840  14854.927398    720.885985  5  7  4  70       
PG18 -15016.827403   4844.828652 -21377.898039   -520.930159  7  4  6  63       
PG19   9369.346091 -14610.086423  19809.306118    420.317671  7  6  7  87       
PG20  -1760.451038 -25502.713008  -7478.219517    393.785509  6  2  6  73       
PG21  20937.785128  17065.867222   2503.048366    139.822758  6  3  5  81       
PG22  10256.732240 -24672.648408    424.029573     56.039325  4  3  4  73       
PG23 -15304.904862  15099.914170 -15451.135321    126.654334 10  8  7  24       
PG24 -21474.326154 -15225.325808   4529.049029   -405.056496  6  6  6  46       
PG25 -16473.517222   6774.654720  19281.823726    483.629609  5  6  6  73       
PG26  -2121.358230  25739.227024  -5435.445632    204.397958  5  3  5  65       
PG27   6928.762108  13960.199506 -21812.112067 999999.999999 11  6 13           
PG28  -1425.163719  18058.143173  19400.377610    -85.645236  6  6  5   5       
PG29 -26251.037982   4267.536202  -1076.644375   -609.245456  6  6  6  70       
PG30   8450.255676 -13743.561782 -20943.923993   -450.844409  7  5  5  49       
PG31   5994.637293  21697.821427  13557.765059   -227.026101  5  5  4  49       
PG32 -14127.861420  15112.630322  16727.517027   -601.450889  5  5  6  60       
*  2024  1  1  2 45  0.00000000
PG01  21347.191631  12279.902387  10040.974306    164.997779  4  5  6  87       
PG02  22003.240535  14735.224312   3803.684439   -507.463072  5  6  3  68       
PG03  12918.410057   7889.045770  21690.847585     95.045744     3  4  52       
PG04  23630.287892   2749.105328  11957.111254    254.428053  7  2  4  47       
PG05  -7917.790940 -19043.504732 -16862.211284   -156.273795  8  6  6  81       
PG06    637.888677 -17738.068632  19794.641902    459.920446  4  3  3  50       
PG07  17965.083254  -1622.892893 -19166.701989    -26.163890  6  5  2  57       
PG08  18055.301166   7738.938499 -18150.013741   -159.848166  8  8  4  77       
PG09  25581.555451  -7195.757120    928.034701     44.525219  3  4  3  68       
PG10 -10745.825122  22957.075501  -7143.378032    -67.553812  7  7  5  65       
PG11  -9045.141195 -21919.527189  12040.554640   -522.960740  6  4  5  92       
PG12 -12694.566799  -8819.144803  21325.393819   -463.306461  7  6  5  78       
PG13  -8033.301940 -13746.382207 -21495.976214    611.401726  4  6  7  54       
PG14  13461.449975 -20324.004583 -10300.327024    286.452532  7  4  4  72       
PG15 -18578.970751  -6548.034555 -18397.789599    112.656817  5  6  6  71       
PG16   1484.178471  23079.327127 -12961.103793   -393.169420  7  7  7  60       
PG17  19723.983466 -13099.770449  12608.082602    720.885452  5  6  4  67       
PG18 -16602.876161   3050.625335 -20536.055139   -520.938768  7  4  6  66       
PG19  11599.039625 -14786.692080  18433.395960    420.322439  7  7  7  91       
PG20  -1428.344826 -26175.433185  -4766.591968    393.784213  5  2  6  53       
PG21  20872.998233  17245.568424   -295.183986    139.821680  5  3  5  77       
PG22  10412.487256 -24439.987118  -2415.293449     56.033609  4  3  4  80       
PG23 -14977.450138  13237.888084 -17374.771207    126.660871  9  7  7  65       
PG24 -21582.957476 -15715.255565   1783.056544   -405.063458  6  6  5  11       
PG25 -15976.401218   4480.821495  20347.225336    483.630868  4  6  6  75       
PG26  -2564.960684  26111.647173  -2668.553453    204.394923  5  3  5  75       
PG27   4556.860504  14561.502232 -22007.375711 999999.999999 11  5 13           
PG28  -3136.527669  16534.451292  20523.248933    -85.654915  5  6  6  46       
PG29 -26240.474440   4051.981322   1798.479961   -609.244855  6  6  6  66       
PG30  10177.615603 -12002.527461 -21265.741042   -450.840360  7  5  5  46       
PG31   4658.976241  20588.268813  15657.709602   -227.026156  5  5  4  63       
PG32 -15894.459983  15378.377305  14742.338167   -601.453776  5  5  6  62       
*  2024  1  1  3  0  0.00000000
PG01  21996.997748  13090.290029   7381.492877    164.998447  4  5  6  72       
PG02  22042.933318  15037.462330    965.024702   -507.458128  4  5  3  62       
PG03  12343.020814  10288.919520  21024.046764     95.069654  1  3  4  50       
PG04  22244.069989   3332.710063  14239.144848    254.437049  6  2  4  79       
PG05  -7459.642765 -20779.562445 -14875.907463   -156.274846  8  6  6  77       
PG06   2376.524944 -16211.265702  20950.879790    459.909204  4  2  3  56       
PG07  19494.494482    -46.531332 -17766.074984    -26.172191  6  5  2           
PG08  16084.057000   8553.159833 -19552.252472   -159.850075  8  8  3  88       
PG09  25403.792249  -6860.858420   3757.553568     44.535940  3  3  2  54       
PG10 -10732.858535  21933.257091  -9833.183483    -67.554769  7  7  5  64       
PG11  -7852.106361 -20987.583272  14321.954319   -522.973812  5  4  5  82       
PG12 -11946.779026 -11163.351024  20663.942370   -463.309958  7  6  5  60       
PG13  -5634.570404 -14180.024067 -21957.159289    611.405114  4  6  7  27       
PG14  13396.000697 -18972.571713 -12697.301716    286.461858  6  4  4  70       
PG15 -16760.263099  -7589.602099 -19713.328021    112.660118  5  5  6  50       
PG16    869.991608  24263.830003 -10528.221835   -393.162590  7  7  7  54       
PG17  20966.116020 -13233.798784  10150.631523    720.884744  5  6  4  73       
PG18 -18199.757976   1426.309961 -19341.774856   -520.947407  7  5  6  58       
PG19  13644.712076 -15046.253571  16731.715579    420.327128  7  7  6  86       
PG20  -1147.106076 -26554.247110  -1973.687558    393.782072  5  2  6  57       
PG21  20570.154014  17243.077605  -3088.573299    139.819832  5  3  5  68       
PG22  10485.886784 -23911.786606  -5213.533999     56.027540  4  4  4 100       
PG23 -14712.868868  11163.862932 -18996.869674    126.667421  9  7  7  75       
PG24 -21472.094458 -16008.085838   -992.993361   -405.070316  6  6  5  68       
PG25 -15572.486571   2067.124911  21050.203027    483.632173  4  6  6  72       
PG26  -2944.751036  26190.893549    145.236092    204.391911  5  3  5  56       
PG27   2215.425726  15290.449984 -21833.158636 999999.999999 11  6 13           
PG28  -5006.133771  15031.773936  21292.213635    -85.664615  6  6  6  61       
PG29 -25926.402003   3763.107126   4642.823569   -609.244651  5  6  6  38       
PG30  11995.247384 -10336.859782 -21217.282475   -450.836307  7  6  5  40       
PG31   3108.888321  19390.854633  17479.584660   -227.026561  5  5  3  52       
PG32 -17420.017044  15662.256653  12504.016563   -601.456682  5  6  5  89       
*  2024  1  1  3 15  0.00000000
PG01  22456.523549  13660.563514   4596.069508    164.999113  4  4  6  72       
PG02  21831.537312  15160.580310  -1889.934440   -507.453351  5  6  3  33       
PG03  11916.622296  12619.672012  19991.443436     95.093617  2  2  4  38       
PG04  20659.613875   4068.856466  16277.787143    254.446087  6  2  3  57       
PG05  -7120.107574 -22301.869357 -12635.384336   -156.276480  8  5  6  74       
PG06   4283.265694 -14715.649990  21748.104718    459.897962  4  2  3  49       
PG07  20959.157168   1333.720580 -16053.245963    -26.180731  6  5  2  39       
PG08  14027.292867   9524.217032 -20624.145445   -159.851498  8  8  3  73       
PG09  24951.120267  -6396.090924   6522.541718     44.546721  3  3  2  61       
PG10 -10730.062984  20614.574547 -12349.162184    -67.556394  7  8  5  73       
PG11  -6429.129690 -19957.617694  16357.821464   -522.986907  4  4  6  57       
PG12 -11343.806069 -13447.432869  19638.388517   -463.313656  7  6  5  74       
PG13  -3230.965325 -14750.844306 -22048.015725    611.408616  5  6  7  33       
PG14  13349.449864 -17365.110690 -14873.510485    286.471152  6  5  4  72       
PG15 -14884.494129  -8781.673056 -20704.667747    112.663736  5  5  5  34       
PG16    383.955782  25202.328766  -7912.200241   -393.155623  7  6  6  50       
PG17  21930.088040 -13347.550839   7522.971375    720.884013  5  6  4  50       
PG18 -19763.729012     -8.610867 -17816.017600   -520.956049  7  5  6  45       
PG19  15469.813035 -15358.429748  14734.034591    420.331888  7  7  6  83       
PG20   -881.133273 -26630.371235    852.844606    393.780307  4  2  5  52       
PG21  20008.774976  17089.229010  -5831.400858    139.819668  6  3  5  55       
PG22  10514.105688 -23084.103588  -7922.650790     56.021545  5  4  4  88       
PG23 -14540.321289   8915.363106 -20289.665578    126.673947  9  7  7  47       
PG24 -21120.799808 -16131.668823  -3752.444279   -405.077161  6  6  4  59       
PG25 -15280.298720   -420.265332  21378.692628    483.633421  4  6  5  63       
PG26  -3294.651360  25968.895989   2956.453323    204.388907  6  3  5  45       
PG27    -50.728520  16130.040756 -21291.058464 999999.999999 12  5 12           
PG28  -7004.457865  13588.425208  21693.975939    -85.674302  6  5  6  37       
PG29 -25324.506076   3365.713367   7407.662848   -609.244086  5  7  6  73       
PG30  13867.748481  -8778.365830 -20800.203102   -450.832254  7  6  5  45       
PG31   1356.654245  18149.453067  18991.357753   -227.026702  5  5  3  32       
PG32 -18684.076446  15926.797672  10050.366815   -601.459587  5  6  4  82       
*  2024  1  1  3 30  0.00000000
PG01  22691.580584  14011.823866   1732.595075    164.999774  3  4  6  68       
PG02  21347.964437  15135.829632  -4712.626367   -507.448425  5  6  3  67       
PG03  11632.776781  14831.887923  18611.509358     95.117554  3  1  5  34       
PG04  18917.960909   4971.428649  18038.016284    254.455011  5  3  2  49       
PG05  -6872.926006 -23576.233472 -10178.466478   -156.277535  8  5  6  75       
PG06   6326.978394 -13290.762615  22173.043714    459.886733  4  2  3  61       
PG07  22315.806715   2511.027012 -14060.163223    -26.189116  5  4  2           
PG08  11930.629940  10647.663015 -21346.634279   -159.852159  7  8  4  94       
PG09  24247.855505  -5772.786990   9175.395649     44.557520  4  3  2  56       
PG10 -10774.705887  19022.210817 -14646.683653    -67.557278  8  8  5  88       
PG11  -4784.447313 -18872.551810  18113.244678   -522.999952  4  4  6  75       
PG12 -10882.927369 -15622.488293  18267.412839   -463.317076  7  6  6  71       
PG13   -870.014833 -15448.760298 -21766.394848    611.412045  5  5  6  47       
PG14  13354.537242 -15527.557423 -16791.315635    286.480487  5  5  4  72       
PG15 -12993.749658 -10114.548142 -21355.669045    112.667614  5  4  5  35       
PG16     -1.873215  25865.208358  -5157.835067   -393.149024  7  6  6  72       
PG17  22607.519697 -13401.518979   4768.627640    720.883284  5  6  5  58       
PG18 -21249.503385  -1242.990392 -15985.335487   -520.964691  6  5  6  52       
PG19  17045.123088 -15687.972529  12475.551536    420.336486  6  7  6  88       
PG20   -594.025048 -26403.545166   3664.864550    393.778648  5  3  5  53       
PG21  19175.600402  16818.662654  -8478.101931    139.818303  6  2  5  44       
PG22  10534.796430 -21961.809829 -10495.579879     56.015746  5  4  4  95       
PG23 -14482.486310   6535.528380 -21231.203845    126.680439  8  6  7  69       
PG24 -20514.872258 -16118.180727  -6449.336964   -405.083995  6  6  4  40       
PG25 -15110.741179  -2932.360393  21327.532479    483.634671  4  5  5  84       
PG26  -3649.469426  25446.308298   5715.511338    204.386007  6  3  5  47       
PG27  -2200.165784  17056.012546 -20388.777130 999999.999999 12  6 12           
PG28  -9095.600078  12237.661790  21721.581412    -85.683984  6  5  6  51       
PG29 -24458.508458   2828.586443  10045.561670   -609.243559  5  7  6  70       
PG30  15755.417813  -7352.413059 -20022.598271   -450.828251  6  6  4  56       
PG31   -577.100050  16906.494129  20166.737263   -227.026706  5  5  3  33       
PG32 -19674.478670  16132.609023   7423.145627   -601.462486  5  6  4  79       
*  2024  1  1  3 45  0.00000000
PG01  22674.014395  14172.064349  -1160.188228    165.000477  3  4  6  79       
PG02  20578.970635  14998.539946  -7454.427339   -507.443747  5  6  3           
PG03  11476.900813  16879.240438  16908.739272     95.141486  4  2  5  38       
PG04  17063.483100   6046.536328  19489.498595    254.463918  5  4  2  69       
PG05  -6686.619143 -24575.304742  -7546.843555   -156.279293  7  4  6  79       
PG06   8469.996078 -11970.639829  22218.780333    459.875479  4  2  3  68       
PG07  23522.659254   3487.118529 -11823.281256    -26.197622  5  4  2  48       
PG08   9839.214477  11911.007695 -21706.394075   -159.854427  7  8  5  90       
PG09  23324.959275  -4967.978056  11670.334762     44.568244  4  3  1  50       
PG10 -10900.166888  17185.863339 -16685.045430    -67.558450  7  8  5  68       
PG11  -2934.723020 -17774.359001  19558.098100   -523.013004  4  4  7  83       
PG12 -10553.311426 -17642.198205  16575.815921   -463.320593  7  7  6  67       
PG13   1403.001529 -16255.866214 -21116.324948    611.415413  5  5  6  66       
PG14  13439.493618 -13492.865625 -18417.671410    286.489816  5  6  4  57       
PG15 -11128.353233 -11571.293017 -21655.532316    112.670982  5  3  5  32       
PG16   -320.078400  26230.437551  -2312.851699   -393.142822  7  6  5  50       
PG17  22998.548467 -13356.304349   1933.620188    720.882738  4  5  5  59       
PG18 -22611.930475  -2274.257901 -13881.396418   -520.973349  6  6  6 111       
PG19  18349.748659 -15996.239104   9996.230951    420.341343  6  8  6  73       
PG20   -250.165907 -25882.019013   6414.536696    393.776819  5  3  5   4       
PG21  18065.309793  16468.487916 -10983.930836    139.817469  7  2  5  59       
PG22  10584.469269 -20558.615816 -12887.067874     56.009813  6  5  3  92       
PG23 -14554.626166   4071.610651 -21805.696007    126.686997  7  6  7  78       
PG24 -19647.433636 -16002.743766  -9039.095954   -405.090848  6  6  4  75       
PG25 -15066.686427  -5419.120724  20898.515027    483.635968  5  5  5  86       
PG26  -4043.295800  24632.541623   8373.644811    204.382977  6  4  5  28       
PG27  -4196.226981  18037.666543 -19140.095933 999999.999999 12  5 11           
PG28 -11238.496013  11006.491062  21374.539063    -85.693702  6  5  6  76       
PG29 -23359.264041   2125.904411  12511.178457   -609.243533  5  7  5  78       
PG30  17615.681549  -6077.123583 -18898.800957   -450.824208  6  6  4  59       
PG31  -2664.045406  15701.291765  20985.642053   -227.027013  5  5  3  25       
PG32 -20387.720532  16240.023999   4667.367292   -601.465387  5  6  3  73       
*  2024  1  1  4  0  0.00000000
PG01  22382.795525  14174.881326  -4033.486287    165.001183  3  3  6  51       
PG02  19519.897341  14786.655208 -10067.488511   -507.438844  5  5  3  22       
PG03  11426.972427  18720.119007  14913.178417     95.165416  4  2  5  11       
PG04  15142.281915   7292.093601  20607.112530    254.472864  4  5     51       
PG05  -6525.854688 -25279.564466  -4785.393801   -156.280149  7  4  6  61       
PG06  10669.396136 -10782.609763  21884.846543    459.864230  4  2  3  74       
PG07  24540.976407   4271.903247  -9382.790592    -26.206095  5  4  1  27       
PG08   7796.147994  13294.012725 -21696.120319   -159.855933  6  9  6  83       
PG09  22218.837862  -3965.497733  13964.198477     44.579016  4  3  2  63       
PG10 -11134.440861  15142.699754 -18428.256079    -67.559966  7  8  5  74       
PG11   -904.609796 -16702.449584  20667.553477   -523.026015  5  4  7  91       
PG12 -10336.607146 -19464.484358  14594.006642   -463.324265  7  7  6  74       
PG13   3546.581744 -17147.040397 -20107.997972    611.418582  5  5  6  81       
PG14  13626.822468 -11299.872444 -19724.694756    286.499185  4  6  4  67       
PG15  -9325.527243 -13128.212467 -21598.956955    112.674470  6  3  5  27       
PG16   -606.419107  26284.501441    572.933436   -393.135659  7  6  5  73       
PG17  23111.787985 -13174.264843   -934.232705    720.881696  4  5  6  71       
PG18 -23807.672641  -3108.303954 -11540.428986   -520.981993  6  6  5  86       
PG19  19371.781966 -16242.857419   7340.037945    420.345996  6  8  6  58       
PG20    183.720866 -25082.232891   9055.116254    393.774937  5  4  5  65       
PG21  16680.993200  16076.832603 -13305.661914    139.816520  7  3  5  44       
PG22  10696.892382 -18896.762526 -15054.511076     56.004177  6  5  3  93       
PG23 -14763.957929   1573.321045 -22003.762370    126.693472  7  6  6  64       
PG24 -18519.254752 -15821.970415 -11479.174074   -405.097716  6  6  4  92       
PG25 -15142.915387  -7831.256140  20100.288965    483.637213  5  5  5  77       
PG26  -4507.926113  23545.453094  10883.840379    204.379933  6  4  5  63       
PG27  -6008.268788  19038.955773 -17564.755813 999999.999999 12  6 11           
PG28 -13388.335402   9914.733176  20658.830871    -85.703395  6  5  6  84       
PG29 -22063.594663   1238.438839  14762.043021   -609.243042  5  7  5  77       
PG30  19404.630271  -4962.867077 -17449.069968   -450.820167  7  6  3  63       
PG31  -4869.106231  14568.524313  21434.533802   -227.027254  4  5  3  56       
PG32 -20828.987715  16210.783348   1830.544385   -601.468252  5  6  2  72       
*  2024  1  1  4 15  0.00000000
PG01  21804.842309  14058.004537  -6839.224282    165.001909  3  3  6  73       
PG02  18175.106333  14539.145059 -12505.596889   -507.433807  6  6  3  59       
PG03  11454.536888  20319.070965  12659.855181     95.189379  4  4  6  25       
PG04  13200.528351   8697.716385  21371.389703    254.481805  4  6     57       
PG05  -6352.978651 -25678.031781  -1941.440160   -156.281561  7  4  6  69       
PG06  12878.481446  -9746.359143  21177.209290    459.853006  4  2  3  63       
PG07  25336.489692   4882.767595  -6781.818186    -26.214441  4  4  1  58       
PG08   5840.986954  14769.291506 -21314.728067   -159.857633  5  9  7  97       
PG09  20969.939947  -2756.826367  16017.204675     44.589742  4  4  2  68       
PG10 -11498.872139  12936.016228 -19845.718700    -67.561777  7  8  5  63       
PG11   1273.995233 -15692.166552  21422.504206   -523.039084  5  5  7  80       
PG12 -10207.843674 -21052.992593  12357.388168   -463.327878  7  7  6  74       
PG13   5524.397772 -18090.839298 -18757.660674    611.422171  5  5  5  46       
PG14  13932.322378  -8991.944407 -20690.136861    286.508521  4  6  4  62       
PG15  -7618.167874 -14755.569471 -21186.240005    112.677930  6  2  5  51       
PG16   -898.213247  26023.015009   3448.525920   -393.129248  7  6  4  69       
PG17  22963.978092 -12821.132434  -3786.067299    720.881133  3  5  6  77       
PG18 -24796.820320  -3759.041990  -9002.598305   -520.990651  6  6  5  58       
PG19  20108.598421 -16387.473157   4554.089181    420.350879  5  8  6  54       
PG20    737.111358 -24028.201373  11541.715578    393.773541  5  4  5  49       
PG21  15034.340074  15681.322774 -15402.320974    139.815651  7  4  5  57       
PG22  10901.576903 -17006.382112 -16958.783014     55.998167  6  5  3  74       
PG23 -15109.354352   -908.907501 -21822.557876    126.700008  7  6  6  60       
PG24 -17138.814173 -15612.481140 -13729.651630   -405.104638  6  5  4  85       
PG25 -15326.403519 -10121.981036  18948.118910    483.638508  6  5  6  86       
PG26  -5071.376682  22210.700861  13201.735823    204.376897  6  4  5  49       
PG27  -7612.691409  20019.805651 -15688.237219 999999.999999 13  5 10           
PG28 -15498.133870   8974.373115  19586.808478    -85.713064  6  5  6  59       
PG29 -20612.903544    154.505850  16759.290025   -609.242503  5  8  4  73       
PG30  21078.606264  -4012.067342 -15699.179072   -450.816080  7  5  2  48       
PG31  -7151.688659  13536.929989  21506.607777   -227.026918  4  5  3  53       
PG32 -21011.854166  16009.688680  -1038.134630   -601.471152  4  5     72       
*  2024  1  1  4 30  0.00000000
PG01  20935.552164  13861.703958  -9530.781399    165.002642  4  3  6  72       
PG02  16558.078873  14294.350712 -14725.049212   -507.428868  6  6  3  54       
PG03  11525.967855  21648.002626  10188.132037     95.213375  4  5  6  27       
PG04  11282.806617  10244.944581  21768.864973    254.490749  3  6     65       
PG05  -6129.654532 -25768.656456    936.050182   -156.283206  7  4  6  57       
PG06  15048.408116  -8873.303287  20108.153382    459.841728  4  2  2  91       
PG07  25880.634873   5343.606606  -4065.618140    -26.223284  4  4     26       
PG08   4008.368628  16303.198221 -20567.455356   -159.859147  5 10  8  89       
PG09  19621.205259  -1341.641758  17793.655351     44.600516  5  3  2  71       
PG10 -12007.174331  10613.655616 -20912.798589    -67.562089  6  7  5  63       
PG11   3562.975145 -14773.449570  21809.894395   -523.052154  5  5  7  82       
PG12 -10136.596882 -22378.343592   9905.658660   -463.331508  7  7  6  24       
PG13   7306.507427 -19050.649088 -17087.409747    611.425477  5  5  4  65       
PG14  14364.388028  -6615.458036 -21297.748117    286.517876  4  7  4  74       
PG15  -6033.773913 -16418.527692 -20423.312697    112.681025  6  2  5  75       
PG16  -1232.630577  25450.982995   6262.722171   -393.122237  7  6  3  78       
PG17  22579.330860 -12267.537902  -6572.776635    720.880360  3  5  6  65       
PG18 -25544.384443  -4247.665503  -6311.323416   -520.999286  5  6  4  44       
PG19  20566.780315 -16391.502643   1687.741683    420.355251  4  8  6  58       
PG20   1434.364951 -22750.626244  13832.039724    393.771706  4  4  5  66       
PG21  13145.525163  15317.544745 -17235.938221    139.814251  7  5  5  54       
PG22  11222.411838 -14924.542043 -18565.030484     55.991841  6  6  3  82       
PG23 -15581.383170  -3325.674597 -21265.782055    126.706533  7  6  6  44       
PG24 -15522.092259 -15409.445853 -15753.788307   -405.111482  6  5  4  83       
PG25 -15596.935864 -12248.652073  17463.513750    483.639789  6  5  6  84       
PG26  -5756.557866  20660.791762  15286.465886    204.373865  6  5  5  68       
PG27  -8993.712458  20937.622855 -13541.435243 999999.999999 13  3 10           
PG28 -17520.397444   8189.227429  18176.978828    -85.722767  6  4  6  19       
PG29 -19051.622367  -1129.372127  18468.336285   -609.242263  6  8  4  84       
PG30  22595.779110  -3219.324854 -13679.918235   -450.812024  6  5  2  87       
PG31  -9467.125509  12628.269089  21201.842326   -227.027536  4  5  4  56       
PG32 -20957.655873  15606.158855  -3888.676612   -601.474019  4  5     49       
*  2024  1  1  4 45  0.00000000
PG01  19779.028722  13627.132194 -12063.682653    165.003385  4  3  6  82       
PG02  14691.162271  14088.330825 -16685.519486   -507.423765  6  6  3  49       
PG03  11603.931328  22687.095810   7540.988995     95.237320  4  6  6  59       
PG04   9430.524070  11907.782833  21792.328699    254.499706  4  6  1  54       
PG05  -5818.546423 -25558.378813   3797.310162   -156.284470  6  5  6  61       
PG06  17129.899041  -8166.281261  18696.063620    459.830441  4  3     81       
PG07  26151.556801   5683.631600  -1280.769707    -26.231610  3  3     31       
PG08   2326.816866  17856.978413 -19465.863572   -159.860407  5 11  9  93       
PG09  18216.424142    271.948029  19262.575922     44.611238  5  4  3  67       
PG10 -12664.776884   8226.253141 -21611.262463    -67.563417  6  7  5  86       
PG11   5919.258978 -13969.718228  21822.947360   -523.065211  5  5  6  85       
PG12 -10088.370331 -23419.104445   7282.045021   -463.335217  6  7  6  29       
PG13   8870.335015 -19986.056100 -15124.889542    611.428943  5  5  4  32       
PG14  14923.615863  -4218.175492 -21537.531644    286.527173  4  7  4  51       
PG15  -4593.565576 -18078.289317 -19321.712057    112.684486  6  2  5  40       
PG16  -1644.970014  24582.686345   8965.111225   -393.115819  6  6  2  78       
PG17  21988.588982 -11490.381376  -9245.851706    720.879963  3  5  6  17       
PG18 -26021.611042  -4601.630982  -3512.547374   -521.007883  5  7  4  30       
PG19  20761.672673 -16219.816453  -1208.357255    420.359882  4  8  6  34       
PG20   2293.603305 -21285.770553  15887.080974    393.769865  4  4  4  70       
PG21  11042.778746  15017.545933 -18772.309691    139.813473  7  5  5  56       
PG22  11676.510706 -12694.001549 -19843.416464     55.986198  6  6  3  68       
PG23 -16162.680594  -5630.316470 -20343.575619    126.713049  7  6  5  33       
PG24 -13692.110661 -15245.197140 -17518.526506   -405.118305  6  5  4  96       
PG25 -15928.019132 -14174.222867  15673.738191    483.641096  6  5  6  77       
PG26  -6580.162597  18933.861789  17101.434060    204.370846  6  5  5  51       
PG27 -10143.851343  21748.939675 -11160.227523 999999.999999 13  5 10           
PG28 -19408.815775   7554.937989  16453.682458    -85.732457  6  4  5  38       
PG29 -17425.549783  -2608.121572  19859.489779   -609.241777  6  7  3  75       
PG30  23917.649512  -2571.845306 -11426.519102   -450.807973  7  5  1  72       
PG31 -11768.275285  11856.591440  20526.911598   -227.027542  4  5  4  51       
PG32 -20694.560224  14975.624093  -6671.187191   -601.476904  4  4     76       
*  2024  1  1  5  0  0.00000000
PG01  18348.002398  13394.661330 -14396.243154    165.004198  4  4  5  69       
PG02  12604.961116  13953.276555 -18350.898144   -507.419137  5  7  3  64       
PG03  11648.992622  23425.407708   4764.254465     95.261318  4  7  6  20       
PG04   7680.447962  13653.541649  21440.975546    254.508615  4  6  2  29       
PG05  -5384.979351 -25062.850402   6592.646552   -156.286079  6  6  6  42       
PG06  19074.979646  -7619.586102  16965.110199    459.819154  4  3     65       
PG07  26134.856188   5936.008395   1525.603656    -26.239930  3  3  1  19       
PG08    817.776404  19388.142706 -18027.728634   -159.862585  5 11  9 102       
PG09  16798.571792   2067.501579  20398.275563     44.621954  5  4  3  72       
PG10 -13468.524381   5825.384434 -21929.580888    -67.565360  6  6  5  60       
PG11   8296.281864 -13297.017352  21461.289471   -523.078289  5  5  6  84       
PG12 -10026.130816 -24162.447157   4532.488596   -463.338398  6  7  6  68       
PG13  10201.381225 -20854.388266 -12902.892245    611.432113  5  5  4           
PG14  15602.728063  -1847.578976 -21405.882997    286.536527  4  6  3  54       
PG15  -3311.824752 -19693.393868 -17898.483982    112.687835  6  2  5  39       
PG16  -2166.997346  23441.192390  11507.083552   -393.108710  6  6  2  84       
PG17  21227.824847 -10473.989872 -11758.248238    720.879449  3  5  6  30       
PG18 -26207.069859  -4853.406549   -653.971415   -521.016550  4  6  4  46       
PG19  20716.593577 -15842.282080  -4083.235325    420.364687  4  8  6  54       
PG20   3325.826695 -19674.135450  17671.762547    393.767729  3  3  4  76       
PG21   8761.639220  14808.434917 -19981.750032    139.812538  6  5  4  80       
PG22  12273.325470 -10361.723270 -20769.787319     55.980346  6  6  4  57       
PG23 -16828.641780  -7780.495380 -19072.308187    126.719577  7  7  5  58       
PG24 -11678.234624 -15147.960075 -18994.945251   -405.125091  5  5  5  86       
PG25 -16288.046856 -15868.460212  13611.224456    483.642412  6  5  6  89       
PG26  -7551.817672  17072.241477  18614.992123    204.367786  6  5  5  34       
PG27 -11064.098221  22411.133192  -8584.934992 999999.999999 13  5  9           
PG28 -21119.918821   7059.292347  14446.670098    -85.742169  7  4  5  45       
PG29 -15780.144715  -4268.105813  20908.479036   -609.241197  6  7  3  82       
PG30  25010.425357  -2050.152659  -8978.017398   -450.803946  6  5  1  51       
PG31 -14007.207540  11227.833290  19494.969628   -227.027965  3  5  4  54       
PG32 -20256.365483  14100.697853  -9336.787924   -601.479764  4  4  2  23       
*  2024  1  1  5 15  0.00000000
PG01  16663.451768  13202.271446 -16490.161382    165.004982  3  4  5  62       
PG02  10337.386057  13916.065749 -19690.078751   -507.414021  4  6  3  53       
PG03  11621.302000  23861.134802   1905.798673     95.285262  4  7  6  64       
PG04   6063.425307  15443.948996  20720.445684    254.517604  4  6  2  36       
PG05  -4798.509651 -24305.822569   9273.326813   -156.287762  6  7  6  73       
PG06  20838.671621  -7219.327648  14944.842587    459.807842  4  3     61       
PG07  25824.060525   6136.381940   4306.583540    -26.248403  3  3  1  50       
PG08   -505.082861  20852.015229 -16276.818546   -159.863420  5 11  9 102       
PG09  15408.182383   4020.669589  21180.817148     44.632825  5  4  3  53       
PG10 -14406.738528   3461.693971 -21863.089876    -67.566263  6  5  5  44       
PG11  10645.584987 -12763.457316  20730.966760   -523.091346  5  5  6  79       
PG12  -9911.933886 -24604.473976   1704.801501   -463.342157  6  7  6  38       
PG13  11293.631762 -21612.371908 -10458.862117    611.435713  5  5  4  59       
PG14  16386.815625    450.771596 -20905.615979    286.545850  4  6  4  57       
PG15  -2195.482310 -21221.137848 -16176.013575    112.691391  6  2  5   7       
PG16  -2825.419032  22057.503865  13842.819029   -393.102028  6  5  1  93       
PG17  20337.020423  -9211.008516 -14065.262907    720.878880  3  5  6  47       
PG18 -26087.477205  -5039.034489   2215.735250   -521.025189  3  6  4  68       
PG19  20461.736506 -15235.101521  -6886.552061    420.369188  3  7  6  69       
PG20   4534.301440 -17958.988371  19155.522303    393.766631  3  3  3  53       
PG21   6343.898675  14711.142658 -20839.815289    139.811467  5  5  4  63       
PG22  13014.073724  -7977.196074 -21326.241859     55.974258  6  6  4  57       
PG23 -17548.399117  -9739.615345 -17474.263279    126.726105  6  7  6  11       
PG24  -9515.261951 -15140.739387 -20158.663747   -405.131877  5  5  5  78       
PG25 -16641.664221 -17308.878438  11312.902629    483.643709  6  5  6  83       
PG26  -8673.533335  15120.867594  19801.012227    204.364781  5  4  5  16       
PG27 -11763.753142  22884.152662  -5859.678579 999999.999999 13  3  9           
PG28 -22614.633157   6682.857459  12190.585036    -85.751839  7  3  5  32       
PG29 -14158.840038  -6087.448710  21596.892695   -609.241078  6  7  2  91       
PG30  25846.220043  -1629.055012  -6376.565072   -450.799886  6  4  1  75       
PG31 -16136.905386  10739.752972  18125.316876   -227.027736  3  4  5  52       
PG32 -19681.077165  12972.074794 -11838.527213   -601.482646  4  3  3  59       
*  2024  1  1  5 30  0.00000000
PG01  14753.942159  13084.044833 -18311.058976    165.005737  3  4  5  85       
PG02   7932.389385  13997.023466 -20677.667085   -507.408892  3  6  4  47       
PG03  11482.292687  24001.534806   -985.295351     95.309238  4  7  5  51       
PG04   4603.335581  17236.491814  19642.755828    254.526567  3  6  3  19       
PG05  -4034.340545 -23318.223748  11792.461639   -156.289402  5  7  6  66       
PG06  22380.582038  -6944.113451  12669.698046    459.796516  4  3     47       
PG07  25220.811745   6321.343770   7016.166430    -26.256766  3  4  2           
PG08  -1636.259551  22203.399591 -14242.555079   -159.865494  6 10  9  79       
PG09  14081.827192   6099.934589  21596.386884     44.643587  5  4  3  59       
PG10 -15459.636519   1183.081482 -21414.011932    -67.567655  6  5  4  72       
PG11  12918.495321 -12368.971148  19644.353313   -523.104414  5  5  5  68       
PG12  -9708.572997 -24750.203422  -1152.188450   -463.345804  7  7  6  53       
PG13  12149.644704 -22217.842229  -7834.307401    611.438823  5  5  4  18       
PG14  17253.888789   2634.794928 -20045.876681    286.555191  3  6  4           
PG15  -1243.971383 -22619.069918 -14181.778303    112.694903  6  2  6           
PG16  -3640.562991  20469.379784  15930.225561   -393.095228  6  5  2  61       
PG17  19358.479080  -7702.980480 -16125.400132    720.878595  3  6  5  20       
PG18 -25658.223144  -5196.562360   5047.738355   -521.033832  3  6  3  75       
PG19  20032.815094 -14381.889847  -9569.525113    420.374017  3  7  6  66       
PG20   5914.242547 -16184.796561  20312.827801    393.764707  2  2  3  64       
PG21   3836.266258  14739.405587 -21327.970708    139.810231  4  4  4  54       
PG22  13891.512512  -5590.636167 -21501.581071     55.968255  6  6  4  77       
PG23 -18286.048574 -11478.012503 -15577.228131    126.732584  6  7  5  28       
PG24  -7242.328322 -15240.399897 -20990.193369   -405.138659  5  5  5  77       
PG25 -16951.272690 -18481.361887   8819.468729    483.645030  6  5  6  92       
PG26  -9939.472997  13125.608718  20639.339988    204.361739  5  4  4  43       
PG27 -12259.933965  23132.185045  -3031.638579 999999.999999 12  2  9           
PG28 -23859.677917   6399.901295   9724.360442    -85.761543  7  2  4  42       
PG29 -12601.441884  -8036.684104  21912.520292   -609.240642  6  7  1  76       
PG30  26404.030736  -1278.822908  -3666.704879   -450.795829  6  4  1  42       
PG31 -18112.917458  10382.200239  16442.962501   -227.027691  3  4  5  33       
PG32 -19009.318479  11589.114030 -14132.264263   -601.485522  5  3  4  51       
*  2024  1  1  5 45  0.00000000
PG01  12654.706079  13068.815541 -19828.965085    165.006545  2  4  5  84       
PG02   5438.432790  14208.949479 -21294.587666   -507.403752  2  5  4  50       
PG03  11196.325673  23862.513706  -3859.568668     95.333237  5  7  5  46       
PG04   3316.317529  18985.937549  18226.119351    254.535506  3  5  3  62       
PG05  -3074.523305 -22136.959491  14105.864927   -156.290696  5  8  7  56       
PG06  23666.329108  -6766.021628  10178.432011    459.785191  4  3     43       
PG07  24334.772806   6526.897357   9609.929045    -26.265480  2  4  3  48       
PG08  -2578.491528  23398.298455 -11959.560031   -159.868316  6  9  9  91       
PG09  12850.757089   8267.638003  21637.555565     44.654386  5  4  3  61       
PG10 -16600.084064   -966.980292 -20591.340773    -67.568950  6  5  4  59       
PG11  15067.821786 -12105.398206  18219.952146   -523.117428  5  4  4  61       
PG12  -9381.186985 -24613.224444  -3989.487614   -463.349229  7  6  6  37       
PG13  12780.308405 -22631.441833  -5074.125858    611.442190  5  5  4  59       
PG14  18175.711229   4667.300178 -18841.949779    286.564555  3  6  4  63       
PG15   -449.357793 -23846.512011 -11948.019658    112.698109  7  1  6  60       
PG16  -4625.328344  18719.877787  17731.800664   -393.088468  5  6  3  77       
PG17  18335.130102  -5960.581666 -17901.208343    720.878083  4  6  5  38       
PG18 -24923.583865  -5364.401899   7793.842599   -521.042499  3  5  3  62       
PG19  19469.510838 -13274.453305 -12085.805826    420.378557  4  7  5  73       
PG20   7452.805115 -14395.623513  21123.614684    393.763028  1  2  3  61       
PG21   1288.789186  14899.026655 -21434.175765    139.809310  3  4  4  24       
PG22  14890.076952  -3251.141927 -21291.619960     55.962384  6  6  4  31       
PG23 -19002.075485 -12973.877600 -13413.997023    126.739104  6  6  5  22       
PG24  -4901.663793 -15456.970600 -21475.236209   -405.145565  5  5  6  83       
PG25 -17178.611071 -19380.459315   6174.609375    483.646330  6  5  6  51       
PG26 -11336.050494  11131.575047  21116.120849    204.358708  5  4  4  58       
PG27 -12576.765706  23125.188057   -150.227320 999999.999999 12     8           
PG28 -24828.746625   6179.565568   7090.542371    -85.771220  7  2  4  55       
PG29 -11142.676972 -10079.708243  21849.586895   -609.240197  6  6     62       
PG30  26670.463095   -966.532800   -894.619694   -450.791814  6  4  2  47       
PG31 -19894.896062  10137.700676  14478.097098   -227.028132  3  3  5  52       
PG32 -18282.640108   9960.079963 -16177.505362   -601.488398  5  3  5  61       
*  2024  1  1  6  0  0.00000000
PG01  10406.497437  13179.018477 -21018.743509    165.007356  2  4  5  75       
PG02   2906.747560  14556.463178 -21528.564391   -507.398678     5  4   5       
PG03  10732.218821  23467.897409  -6668.017348     95.357242  5  6  5  76       
PG04   2210.301064  20645.978243  16494.656613    254.544447  3  5  3  81       
PG05  -1908.892328 -20803.481359  16172.872606   -156.291922  6  8  7  79       
PG06  24668.751652  -6651.828808   7513.478514    459.773868  4  2  1  19       
PG07  23183.264049   6786.973577  12045.646248    -26.274003  2  4  3  36       
PG08  -3342.495462  24395.618277  -9467.089676   -159.869404  7  7  8 107       
PG09  11739.763474  10481.255850  21303.425384     44.665168  4  4  4  64       
PG10 -17794.647482  -2950.930524 -19410.597465    -67.570662  5  5  4  75       
PG11  17049.503514 -11956.891754  16482.090941   -523.130517  5  4  4  80       
PG12  -8898.764237 -24215.038717  -6758.766203   -463.352891  7  6  6  52       
PG13  13204.274496 -22818.240064  -2225.852469    611.445611  5  5  4  14       
PG14  19118.883757   6517.202152 -17314.962818    286.573899  3  6  4  57       
PG15    203.249958 -24866.053551  -9511.329706    112.701255  7     6  69       
PG16  -5784.453597  16855.681808  19215.390628   -393.081643  5  6  3  79       
PG17  17308.794058  -4003.489764 -19360.063167    720.877278  4  6  4           
PG18 -23896.611437  -5579.677433  10407.285237   -521.051149  3  4  4  81       
PG19  18813.791114 -11913.239423 -14392.286769    420.383309  3  6  5  69       
PG20   9129.386944 -12633.547558  21573.641066    393.761542  2  3  2  72       
PG21  -1246.913526  15187.462035 -21153.357265    139.808133  3  5  4  15       
PG22  15986.384863  -1004.882616 -20699.346723     55.956104  5  6  4  49       
PG23 -19654.924240 -14213.878592 -11021.797748    126.745610  6  6  5  57       
PG24  -2537.239673 -15793.196604 -21604.927577   -405.152356  4  5  6  95       
PG25 -17286.349097 -20009.347767   3424.200994    483.647592  6  5  6  80       
PG26 -12842.347851   9181.482196  21223.995981    204.355665  4  5  3  38       
PG27 -12744.278383  22840.222979   2733.810258 999999.999999 12     8           
PG28 -25503.429514   5987.243045   4334.550522    -85.780931  7  2  4  76       
PG29  -9810.945004 -12175.000333  21408.875939   -609.240062  5  6     69       
PG30  26640.178791   -657.523376   1892.631672   -450.787799  6  4  3  49       
PG31 -21447.964982   9982.324715  12265.491303   -227.028280  3  2  5  66       
PG32 -17541.799698   8102.027657 -17938.172497   -601.491244  5  3  5  83       
*  2024  1  1  6 15  0.00000000
PG01   8054.257915  13429.775871 -21860.460735    165.008163  2  4  5  80       
PG02    389.459942  15035.702529 -21374.455049   -507.393831  1  5  4  20       
PG03  10064.603159  22848.418905  -9362.904490     95.381253  6  6  6  80       
PG04   1284.863636  22170.934229  14477.998724    254.553303  3  6  2  47       
PG05   -535.692939 -19362.181118  17957.102102   -156.293421  6  7  6  61       
PG06  25368.857160  -6564.446958   4720.249770    459.762549  3  1  2  36       
PG07  21790.647770   7132.044502  14283.860205    -26.282486  2  4  3  19       
PG08  -3946.380780  25158.789188  -6808.364448   -159.872650  7  5  7  71       
PG09  10766.303219  12694.874181  20599.658499     44.675974  4  5  4  57       
PG10 -19004.897485  -4738.352022 -17893.468618    -67.572300  5  5  3  49       
PG11  18824.147380 -11900.635244  14460.516807   -523.143530  5  3  3  57       
PG12  -8235.487780 -23584.122260  -9413.154728   -463.356140  7  5  6  19       
PG13  13447.083730 -22749.207084    661.159495    611.448701  5  5  4   7       
PG14  20046.134176   8160.495875 -15491.495682    286.583205  3  6  4  68       
PG15    735.018235 -25644.964090  -6912.150155    112.704899  7     6  39       
PG16  -7114.137278  14925.289732  20354.825562   -393.074870  5  7  3  74       
PG17  16318.481876  -1859.882771 -20474.874304    720.877030  4  5  4  55       
PG18 -22598.704816  -5876.625820  12843.507854   -521.059788  3  3  4  57       
PG19  18108.168383 -10307.446180 -16449.827059    420.388208  4  6  5  66       
PG20  10916.233486 -10937.161439  21654.751366    393.759761  1  4  3  56       
PG21  -3719.535450  15593.768810 -20487.741815    139.807331  3  5  4  38       
PG22  17150.090717   1106.598255 -19734.919386     55.950347  5  5  4  29       
PG23 -20202.651641 -15193.462796  -8441.651548    126.752084  6  6  5  66       
PG24   -193.348657 -16244.356312 -21376.018865   -405.159087  4  5  6  92       
PG25 -17239.631658 -20379.476299    615.500034    483.648845  6  5  5  66       
PG26 -14430.832809   7314.134892  20962.167773    204.352670  4  5  2  42       
PG27 -12797.054441  22262.525680   5569.349621 999999.999999 11  4  7           
PG28 -25873.841065   5786.104922   1503.889965    -85.790614  7  1  3  56       
PG29  -8627.325487 -14277.065473  20597.736560   -609.239665  4  6     64       
PG30  26316.052393   -316.909400   4647.881111   -450.783806  5  4  3  69       
PG31 -22743.869062   9886.800793   9843.835720   -227.028212  3  1  6  17       
PG32 -16825.083299   6040.335198 -19383.285885   -601.494115  5  4  5  44       
*  2024  1  1  6 30  0.00000000
PG01   5645.639222  13828.251803 -22339.692590    165.008993  2  5  6  65       
PG02  -2062.336542  15634.397315 -20834.423999   -507.388822  2  5  3  54       
PG03   9175.056538  22040.461781 -11898.541464     95.405238  6  5  6  61       
PG04    531.417824  23517.451446  12210.790095    254.562218  3  6  2  51       
PG05   1038.126778 -17858.674696  19427.135134   -156.295166  6  7  6  58       
PG06  25756.472628  -6464.514984   1846.385000    459.751201  1  1  2  24       
PG07  20187.486026   7587.878817  16288.400719    -26.290654  2  4  4  39       
PG08  -4414.757722  25657.231482  -4029.804579   -159.873355  6  5  6  64       
PG09   9939.922664  14860.806960  19538.385949     44.686782  4  5  5  65       
PG10 -20188.908123  -6306.905937 -16067.339524    -67.573379  4  5  2  52       
PG11  20358.395799 -11907.840160  12189.896002   -523.156612  5  2  2  63       
PG12  -7371.873160 -22754.746917 -11907.996124   -463.359545  8  5  6  49       
PG13  13540.015496 -22402.480633   3536.610143    611.452023  4  5  4  47       
PG14  20917.762639   9580.956236 -13403.103631    286.592573  3  6  4  32       
PG15   1172.450748 -26156.469561  -4194.183501    112.707914  6     6  81       
PG16  -8602.027763  12977.142322  21130.413366   -393.067804  4  7  4  72       
PG17  15398.801704    434.421097 -21224.693399    720.875960  5  5  4  57       
PG18 -21058.877425  -6285.108155  15060.895171   -521.068421  4  3  4  52       
PG19  17393.971620  -8474.791742 -18223.884629    420.392900  4  6  5  46       
PG20  12779.325061  -9340.209252  21365.043945    393.758244  1  4  3  64       
PG21  -6080.004377  16098.932888 -19447.021621    139.806756  3  4  3  48       
PG22  18345.054649   3047.888060 -18415.495813     55.944438  4  5  4  34       
PG23 -20604.601143 -15916.830017  -5717.677376    126.758585  6  6  5  72       
PG24   2086.836184 -16798.353824 -20790.996291   -405.165854  4  5  6  90       
PG25 -17007.516200 -20509.911577  -2203.661135    483.650102  6  5  5  82       
PG26 -16068.343121   5563.089781  20336.338460    204.349644  4  5  2  54       
PG27 -12772.679661  21386.264174   8305.871410 999999.999999 11  7  6           
PG28 -25938.929036   5538.717945  -1352.672095    -85.800368  7  2  4  51       
PG29  -7604.878607 -16338.045057  19429.973831   -609.239415  4  7  1  45       
PG30  25709.034627     88.903377   7324.609918   -450.779762  5  4  3  72       
PG31 -23761.867673   9817.824433   7255.037165   -227.028809  3     6  87       
PG32 -16166.739452   3807.901050 -20487.544266   -601.496994  5  5  5  49       
*  2024  1  1  6 45  0.00000000
PG01   3229.429377  14373.297635 -22447.766674    165.009727  3  5  6  70       
PG02  -4400.475324  16332.318458 -19917.943009   -507.383970  3  4  3   3       
PG03   8052.973651  21084.609144 -14232.027585     95.429226  6  4  6  58       
PG04    -66.276158  24646.125848   9732.097305    254.571070  2  7  3  61       
PG05   2796.974802 -16338.045665  20557.108084   -156.295641  6  7  6  61       
PG06  25830.573156  -6312.085072  -1059.040577    459.739891     1  3  34       
PG07  18409.502213   8174.476663  18026.857218    -26.299292  2  4  4  72       
PG08  -4777.573109  25867.604996  -1180.185927   -159.873749  5  6  5  63       
PG09   9262.003684  16931.293104  18137.997988     44.697606  3  5  5  62       
PG10 -21302.888071  -7642.939091 -13964.736631    -67.575233  4  5  3  58       
PG11  21626.072000 -11944.987157   9709.226309   -523.169656  5  2  2  46       
PG12  -6295.659989 -21765.609725 -14201.544484   -463.363509  8  5  5  55       
PG13  13518.704151 -21764.370352   6350.160982    611.455498  4  5  4  37       
PG14  21693.186554  10770.539085 -11085.763278    286.601908  3  6  4  51       
PG15   1546.223889 -26380.839192  -1403.718345    112.711572  6  2  6  54       
PG16 -10227.580917  11057.776882  21529.281212   -393.060830  4  8  4  77       
PG17  14578.545222   2837.153025 -21595.201870    720.875753  5  5  4  23       
PG18 -19312.747623  -6829.289557  17021.470026   -521.077052  4  3  4  53       
PG19  16709.698089  -6440.959899 -19685.047998    420.397769  4  6  4  50       
PG20  14679.515583  -7870.412640  20708.937904    393.756485  2  5  3  46       
PG21  -8283.352325  16676.577269 -18048.332637    139.805179  4  4  4  20       
PG22  19530.776092   4790.950087 -16764.899246     55.938504  3  5  4  66       
PG23 -20823.035042 -16396.580163  -2896.351697    126.765089  6  6  5  79       
PG24   4262.676073 -17436.088553 -19858.130163   -405.172665  4  6  6  74       
PG25 -16564.251996 -20426.417377  -4985.660029    483.651325  6  5  5  79       
PG26 -17717.294255   3955.547486  19358.528460    204.346635  4  5  2  38       
PG27 -12710.062096  20214.943947  10894.453416 999999.999999 10  9  5           
PG28 -25706.453627   5208.687578  -4185.949886    -85.810047  7  2  4  45       
PG29  -6748.268322 -18309.432598  17925.622557   -609.238697  3  7  2  74       
PG30  24837.729267    590.757897   9877.689942   -450.775651  5  4  4  82       
PG31 -24489.344911   9739.509504   4543.485289   -227.028947  4     6  55       
PG32 -15595.591723   1444.039110 -21231.789652   -601.499905  5  5  5  79       
*  2024  1  1  7  0  0.00000000
PG01    853.934450  15055.402701 -22181.937070    165.010509  4  6  6  43       
PG02  -6581.491120  17102.086212 -18641.616856   -507.378745  3  4  3  37       
PG03   6696.141541  20024.053326 -16323.938592     95.453269  6  3  6  72       
PG04   -531.292421  25522.990656   7084.733969    254.580006  2  7  4  50       
PG05   4717.024440 -14843.120110  21327.196306   -156.297095  6  6  5  69       
PG06  25599.274979  -6068.339837  -3946.334837    459.728610     2  3           
PG07  16496.381521   8905.215700  19471.003146    -26.307720  3  4  4  50       
PG08  -5068.720269  25774.785756   1690.266405   -159.875579  4  7  5  24       
PG09   8725.841821  18860.205947  16422.819428     44.708404  4  5  6  78       
PG10 -22302.878018  -8741.747524 -11622.694651    -67.577287  5  5  3  58       
PG11  22609.058232 -11975.262546   7061.171459   -523.182732  5  3  2  64       
PG12  -5002.427967 -20658.323534 -16255.603137   -463.366747  8  5  5  36       
PG13  13421.576246 -20830.054238   9052.360790    611.458741  4  6  4  57       
PG14  22332.526010  11729.471562  -8579.251613    286.611199  3  7  4  51       
PG15   1889.833397 -26306.234314   1411.125840    112.715001  6  2  6  82       
PG16 -11962.766473   9210.086553  21545.559050   -393.054340  3  8  4  63       
PG17  13879.518626   5301.067127 -21579.060573    720.875183  5  5  4  44       
PG18 -17401.288508  -7526.537501  18691.534002   -521.085659  4  4  4  68       
PG19  16089.508035  -4238.748597 -20809.463194    420.402562  4  6  4  16       
PG20  16573.882289  -6548.531638  19697.135681    393.754657  1  5  4  25       
PG21 -10290.442125  17294.029737 -16316.031403    139.804491  4  4  4  35       
PG22  20664.028024   6316.052229 -14813.127908     55.932365  3  4  3  62       
PG23 -20824.663623 -16653.050656    -25.735296    126.771556  6  7  5  89       
PG24   6297.406679 -18132.095503 -18591.448601   -405.179484  5  6  6  62       
PG25 -15890.357697 -20160.308205  -7683.841010    483.652555  6  5  5  59       
PG26 -19337.059144   2511.513221  18046.783496    204.343656  4  5  3  49       
PG27 -12647.691353  18761.437804  13288.743620 999999.999999 10 10  4           
PG28 -25192.638328   4762.262616  -6947.188027    -85.819750  7  2  4  46       
PG29  -6053.723128 -20143.828258  16110.607604   -609.238537  1  7  2  59       
PG30  23727.700664   1215.393165  12264.098232   -450.771613  4  5  4  69       
PG31 -24922.120529   9614.924697   1755.302485   -227.029087  4  2  6  65       
PG32 -15133.887401  -1006.882606 -21603.346590   -601.502828  4  6  5  40       
*  2024  1  1  7 15  0.00000000
PG01  -1434.630667  15856.955588 -21545.487106    165.011329  4  6  6  65       
PG02  -8568.193114  17910.301551 -17028.837267   -507.373875  4  3  4  72       
PG03   5111.000579  18902.926001 -18138.955384     95.477266  6  3  6  74       
PG04   -892.447638  26120.807041   4314.513323    254.588911  3  8  4  53       
PG05   6766.958883 -13412.843725  21723.981317   -156.298734  6  6  5  78       
PG06  25079.491974  -5697.274746  -6766.023436    459.717310  2  2  3  35       
PG07  14490.449071   9786.233879  20597.173237    -26.316058  3  5  4  59       
PG08  -5324.480600  25372.525347   4530.826272   -159.876709  4  8  5  47       
PG09   8317.052943  20604.707691  14422.676030     44.719236  4  5  6  48       
PG10 -23146.447395  -9607.493819  -9082.063804    -67.578512  5  5  3  50       
PG11  23297.872503 -11960.134247   4291.328654   -523.195826  5  4  3  57       
PG12  -3495.918592 -19475.825625 -18036.096474   -463.370236  8  6  5  46       
PG13  13288.171582 -19603.933964  11595.569160    611.462182  3  6  5  58       
PG14  22798.169727  12466.030991  -5926.468788    286.620490  4  7  4  63       
PG15   2238.100742 -25929.276947   4201.225557    112.718088  6  3  6  76       
PG16 -13773.087956   7471.759392  21180.405491   -393.047612  3  8  4  54       
PG17  13315.673437   7775.637464 -21176.107209    720.874330  6  4  4  23       
PG18 -15369.382404  -8386.581459  20042.243657   -521.094299  4  5  5  83       
PG19  15561.917049  -1906.959451 -21579.154333    420.407320  5  6  4  47       
PG20  18417.237357  -5387.697365  18346.479466    393.753019  1  5  4  57       
PG21 -12069.461761  17913.707655 -14281.266185    139.803338  5  4  4  69       
PG22  21700.617696   7612.338635 -12595.723205     55.926625  2  4  3  66       
PG23 -20582.014427 -16713.370069   2845.321352    126.778032  6  8  5  75       
PG24   8159.356037 -18855.440721 -17010.629315   -405.186291  5  6  6  67       
PG25 -14973.462197 -19747.123543 -10253.234872    483.653780  6  5  5  71       
PG26 -20885.463098   1243.253253  16424.781472    204.340675  4  6  4  47       
PG27 -12621.914808  17047.634354  15445.887642 999999.999999  9 11  2           
PG28 -24421.506693   4169.838306  -9588.900981    -85.829460  7  3  5  52       
PG29  -5509.336424 -21796.663318  14016.296094   -609.238362  1  7  4  79       
PG30  22410.538017   1984.248207  14443.596842   -450.767559  4  5  4  75       
PG31 -25064.456590   9407.657177  -1062.411368   -227.029456  5  2  6  74       
PG32 -14796.429427  -3497.002845 -21596.229613   -601.505747  3  5  4  63       
*  2024  1  1  7 30  0.00000000
PG01  -3593.688012  16752.811872 -20547.755378    165.012121  5  6  5  79       
PG02 -10330.965670  18718.948512 -15109.275795   -507.368975  5  3  4  61       
PG03   3312.582297  17764.610490 -19646.425492     95.501333  5  3  6  66       
PG04  -1182.978691  26420.106273   1469.442093    254.597881  4  8  5  70       
PG05   8909.021473 -12080.827654  21740.692789   -156.299730  6  6  4  61       
PG06  24296.267228  -5167.281079  -9469.687022    459.706028  2  1  3  56       
PG07  12435.267345  10816.067845  21386.593555    -26.324743  3  5  4  72       
PG08  -5581.862705  24663.762087   7291.234021   -159.879273  3  7  5  64       
PG09   8014.291498  22126.783583  12172.360323     44.730042  4  5  5  63       
PG10 -23794.325818 -10252.789062  -6386.772476    -67.579476  5  5  4  59       
PG11  23691.920987 -11861.005555   1447.441644   -523.208871  5  4  3  49       
PG12  -1788.054312 -18260.762362 -19513.571338   -463.373689  8  6  4  50       
PG13  13157.417298 -18099.629928  13934.856624    611.465523  3  6  5  68       
PG14  23056.262799  12996.023136  -3172.715744    286.629781  4  7  4  58       
PG15   2625.596299 -25255.305275   6917.338875    112.721757  6  3  6  68       
PG16 -15618.867117   5873.960957  20441.881919   -393.040878  3  8  4  82       
PG17  12892.578741  10208.906120 -20393.392391    720.873846  6  4  4  67       
PG18 -13264.232835  -9410.967351  21050.112805   -521.102902  5  5  5  76       
PG19  15148.731469    510.925491 -21982.238697    420.412259  5  6  4  34       
PG20  20163.745447  -4393.043848  16679.701066    393.751499     5  4  44       
PG21 -13597.106953  18494.757544 -11981.348596    139.802627  5  4  5  53       
PG22  22597.193852   8678.021520 -10153.016329     55.920537  2  4  3  74       
PG23 -20074.590843 -16610.264516   5667.982533    126.784489  6  8  5  89       
PG24   9822.994514 -19570.847216 -15140.803033   -405.193122  5  6  5  77       
PG25 -13808.883083 -19225.173627 -12651.234300    483.655000  6  5  5  45       
PG26 -22320.334092    155.061971  14521.351356    204.337703  3  6  4  62       
PG27 -12665.307508  15103.717270  17327.384803 999999.999999  9 12              
PG28 -23423.931407   3407.299147 -12065.688415    -85.839199  7  3  5           
PG29  -5095.694775 -23227.826708  11678.949181   -609.238036  2  7  4  78       
PG30  20922.710554   2912.465826  16379.369987   -450.763528  4  5  4  64       
PG31 -24928.765441   9083.346260  -3862.329185   -227.029785  5  3  6  65       
PG32 -14590.025824  -5976.662584 -21211.216310   -601.508656  2  5  4  78       
*  2024  1  1  7 45  0.00000000
PG01  -5585.724927  17711.154318 -19204.079790    165.012872  5  6  5  82       
PG02 -11848.739354  19487.001747 -12918.232534   -507.364156  5  2  5  58       
PG03   1324.126890  16650.098114 -20820.850748     95.525300  5  3  6  80       
PG04  -1439.042482  26409.941091  -1401.129227    254.606846  4  8  5  60       
PG05  11100.329097 -10874.122267  21377.320493   -156.300637  5  5  4  69       
PG06  23281.803531  -4452.567821 -12010.787450    459.694768  3  1  2  53       
PG07  10374.196598  11985.559060  21825.663339    -26.333022  4  4  4  70       
PG08  -5876.910470  23660.568554   9922.659625   -159.881099  4  7  6  54       
PG09   7790.250802  23394.595384   9711.007416     44.740853  4  4  5  55       
PG10 -24211.909015 -10697.962466  -3583.059835    -67.580815  5  6  4  69       
PG11  23799.415870 -11640.881648  -1421.426879   -523.221974  5  5  4  57       
PG12    101.342704 -17053.907431 -20663.624836   -463.377030  9  6  4  58       
PG13  13065.927359 -16339.612285  16028.860003    611.469022  3  5  5  80       
PG14  23078.060787  13341.981480   -364.938034    286.639062  5  7  3  68       
PG15   3085.043203 -24298.294740   9511.032794    112.725271  6  3  5  91       
PG16 -17456.733310   4440.310803  19344.685403   -393.034242  2  8  4  57       
PG17  12607.260445  12549.401528 -19245.050944    720.873635  6  4  4  69       
PG18 -11133.692408 -10592.829744  21697.431994   -521.111531  5  6  5  70       
PG19  14864.261570   2968.227175 -22013.039087    420.417352  6  6  4  65       
PG20  21768.586179  -3561.655242  14725.066728    393.749724     5  5  61       
PG21 -14859.387921  18994.870472  -9458.942750    139.801724  5  4  5  54       
PG22  23313.019088   9520.189205  -7529.277184     55.914703  2  4  3  75       
PG23 -19289.776986 -16380.662076   8394.230032    126.790991  7  9  5  87       
PG24  11269.774620 -20240.017391 -13012.262801   -405.199931  5  5  5  56       
PG25 -12399.926502 -18634.010205 -14838.220070    483.656188  6  5  5  50       
PG26 -23601.048233   -756.658180  12369.917103    204.334716  3  6  4  31       
PG27 -12805.208737  12967.105216  18899.849097 999999.999999  8 12              
PG28 -22236.433036   2457.148949 -14335.012475    -85.848898  7  3  5  34       
PG29  -4786.809037 -24403.129251   9139.083287   -609.237368  3  7  4  92       
PG30  19304.254779   4008.132410  18038.611171   -450.759474  4  4  5  58       
PG31 -24535.034427   8611.132677  -6597.633160   -227.029996  5  3  6  79       
PG32 -14513.276733  -8396.165067 -20455.787094   -601.511514  1  6  4  59       
*  2024  1  1  8  0  0.00000000
PG01  -7379.553169  18694.621547 -17535.654235    165.013689  6  6  5  88       
PG02 -13109.592326  20172.164016 -10495.862975   -507.359171  5  2  5  65       
PG03   -823.605563  15596.448462 -21642.295443     95.549233  5  4  6  79       
PG04  -1698.098183  26088.315574  -4247.383321    254.615737  4  8  5  55       
PG05  13294.394993  -9812.268140  20640.594679   -156.301714  5  5  4  66       
PG06  22074.228245  -3534.366449 -14345.469207    459.683493  4  2  2  42       
PG07   8348.963187  13278.032719  21906.186542    -26.341604  4  4  4  52       
PG08  -6243.053287  22383.736448  12378.637486   -159.883065  4  7  6  33       
PG09   7612.904287  24383.601101   7081.393222     44.751645  4  4  5  71       
PG10 -24370.585520 -10970.052395   -718.691978    -67.581949  6  6  3  52       
PG11  23636.961448 -11265.982983  -4265.748840   -523.235053  6  5  4  58       
PG12   2145.120134 -15892.668970 -21467.256353   -463.380661  9  6  3  10       
PG13  13046.399598 -14354.480250  17840.572277    611.472392  3  5  5  71       
PG14  22841.099960  13532.119180   2449.052672    286.648388  5  7  2  52       
PG15   3645.770006 -23080.437282  11935.631662    112.728521  6  3  5  86       
PG16 -19241.251036   3186.188258  17909.754818   -393.027485  3  8  4  65       
PG17  12448.415335  14748.042176 -17752.011073    720.872783  6  5  5  61       
PG18  -9024.568700 -11916.993140  21972.597103   -521.120170  5  6  5  71       
PG19  14714.836131   5416.656609 -21672.097604    420.421931  7  7  5  52       
PG20  23189.597806  -2882.832579  12515.920383    393.747783     5  5  71       
PG21 -15852.016788  19372.182495  -6761.099287    139.800492  5  3  6  59       
PG22  23811.629183  10154.245196  -4771.792325     55.908723  2  4  3  63       
PG23 -18223.455035 -16064.147702  10977.652731    126.797490  7  9  5  83       
PG24  12488.723768 -20823.109075 -10660.074537   -405.206750  5  5  5  28       
PG25 -10757.901702 -18012.876591 -16778.134035    483.657418  7  5  4           
PG26 -24690.012173  -1503.013605  10007.879865    204.331735  2  6  4  48       
PG27 -13062.490392  10681.098547  20135.654615 999999.999999  8 13  2           
PG28 -20899.775378   1309.384101 -16357.923842    -85.858638  7  4  5  39       
PG29  -4551.310894 -25295.547476   6440.752701   -609.237031  4  7  4  86       
PG30  17597.340562   5271.781997  19393.053254   -450.755422  3  4  4  69       
PG31 -23909.991729   7964.973160  -9222.729890   -227.030130  5  4  6  86       
PG32 -14556.704419 -10707.528694 -19343.936234   -601.514365  2  5  5  26       
*  2024  1  1  8 15  0.00000000
PG01  -8951.350652  19661.671205 -15569.292834    165.014464  6  6  5  94       
PG02 -14110.961267  20732.653246  -7886.309257   -507.354070  5  2  5  56       
PG03  -3093.305455  14635.409551 -22096.710065     95.573178  6  4  6  97       
PG04  -1997.237209  25462.275827  -7019.923101    254.624698  5  8  6  70       
PG05  15442.798679  -8906.661362  19543.836722   -156.302956  5  4  3  70       
PG06  20716.138404  -2401.870256 -16433.322228    459.672243  4  2  2  24       
PG07   6398.281210  14669.747240  21625.549745    -26.350021  4  4  4  56       
PG08  -6709.569887  20862.016304  14615.949733   -159.885215  4  7  6           
PG09   7446.937074  25077.397544   4329.169107     44.762486  4  4  5  65       
PG10 -24248.838353 -11101.561482   2157.826037    -67.582903  6  6  3           
PG11  23228.824444 -10707.241498  -7036.394850   -523.248156  6  4  4  79       
PG12   4309.632024 -14809.737101 -21911.142021   -463.383961  9  6  3  60       
PG13  13126.178858 -12181.917512  19338.047703    611.476054  3  5  5  55       
PG14  22330.140385  13599.074126   5221.367887    286.657723  5  7  2  54       
PG15   4332.281386 -21631.386475  14147.162618    112.732231  6  3  4  96       
PG16 -20926.615479   2118.386847  16163.767272   -393.020844  4  7  4  65       
PG17  12396.989441  16759.941428 -15941.549955    720.872461  6  5  5  56       
PG18  -6980.971681 -13360.401547  21870.339952   -521.128736  5  6  5  68       
PG19  14698.630559   7807.947070 -20966.096012    420.426394  7  7  6  44       
PG20  24388.838049  -2338.671771  10090.130970    393.746187  1  5  5  61       
PG21 -16580.356250  19587.163880  -3938.170160    139.799065  5  3  6  80       
PG22  24062.308552  10603.010390  -1929.899872     55.902607  2  4  2  63       
PG23 -16880.311562 -15701.326401  13374.211821    126.803992  8  9  6  83       
PG24  13476.760293 -21280.314033  -8123.586177   -405.213584  5  5  4  54       
PG25  -8901.852757 -17399.190611 -18438.995907    483.658612  7  4  4  52       
PG26 -25554.028223  -2101.953980   7475.951577    204.328712  2  6  4  54       
PG27 -13450.611061   8293.292657  21013.449214 999999.999999  7 13  6           
PG28 -19457.411920    -37.923957 -18099.724472    -85.868350  6  4  5  46       
PG29  -4353.866541 -25886.197791   3630.767267   -609.236839  4  6  5  97       
PG30  15844.767089   6696.183847  20419.434681   -450.751357  3  4  4  53       
PG31 -23086.045501   7124.775625 -11693.937606   -227.030695  6  4  6 104       
PG32 -14703.216927 -12866.162519 -17895.861768   -601.517211  3  5  5  68       
*  2024  1  1  8 30  0.00000000
PG01 -10285.443194  20568.134070 -13337.097393    165.015255  7  6  5  83       
PG02 -14859.460732  21128.958494  -5136.764413   -507.349346  4  2  5  18       
PG03  -5442.331092  13792.248138 -22176.166438     95.597111  6  4  6  92       
PG04  -2371.528473  24547.657541  -9670.651361    254.633616  5  7  6  15       
PG05  17496.934933  -8160.256720  18106.685001   -156.303979  5  3  3  70       
PG06  19252.980762  -1052.869559 -18238.092466    459.660986  4  2  2  56       
PG07   4556.572400  16130.604618  20986.841826    -26.358442  5  4  4  62       
PG08  -7300.231912  19131.045173  16595.436651   -159.887505  4  7  7  64       
PG09   7255.309667  25468.253589   1502.048186     44.773330  5  4  5  66       
PG10 -23833.085134 -11129.025575   4998.031202    -67.584776  6  6  3  78       
PG11  22605.916974  -9941.620031  -9685.492973   -523.261220  6  4  4  60       
PG12   6555.812474 -13831.918213 -21987.830313   -463.387170  9  6  3  47       
PG13  13326.047712  -9865.366189  20495.005104    611.479198  3  4  5  62       
PG14  21537.846953  13578.494814   7904.830954    286.667023  5  6     23       
PG15   5163.013639 -19987.192416  16105.271738    112.735548  6  3  4  86       
PG16 -22468.345841   1235.120966  14138.543607   -393.014101  4  7  5  82       
PG17  12427.092582  18546.034391 -13846.709862    720.871736  6  6  5  58       
PG18  -5042.765403 -14892.863075  21391.854985   -521.137321  6  6  5  70       
PG19  14805.809562  10095.473076 -19907.688377    420.431381  8  7  6  71       
PG20  25334.000253  -1904.932029   7489.451710    393.744676  2  5  5  42       
PG21 -17058.935669  19604.401933  -1042.646086    139.798337  4  4  6  86       
PG22  24041.321753  10895.535391    945.990894     55.896734  3  4  2  55       
PG23 -15273.820523 -15332.155801  15542.970606    126.810508  8  9  6  84       
PG24  14238.712034 -21573.480788  -5445.835347   -405.220424  4  5  4   7       
PG25  -6858.018733 -16827.111917 -19793.361409    483.659823  7  4  3  34       
PG26 -26165.493755  -2577.354589   4817.452526    204.325668  1  6  4  44       
PG27 -13974.995701   5853.828269  21518.525073 999999.999999  4 13  7           
PG28 -17953.843411  -1578.359757 -19530.556207    -85.878046  6  4  5  56       
PG29  -4156.750406 -26165.002608    757.860335   -609.236626  5  6  5  82       
PG30  14088.442291   8266.423194  21099.895343   -450.747350  3  4  4  33       
PG31 -22100.035173   6077.316777 -13970.139792   -227.030655  6  4  5 101       
PG32 -14928.882292 -14832.398701 -16137.544550   -601.520067  4  6  5  76       
*  2024  1  1  8 45  0.00000000
PG01 -11374.791084  21368.906571 -10876.025088    165.015989  7  7  5  23       
PG02 -15370.328686  21325.488155  -2296.498930   -507.344391  4  3  4  56       
PG03  -7824.130006  13084.833113 -21879.000755     95.621027  6  4  6  84       
PG04  -2852.445875  23368.500481 -12153.625694    254.642495  4  7  6  45       
PG05  19409.771114  -7567.617819  16354.703920   -156.305425  5  3  4  67       
PG06  17731.328329    505.944546 -19728.327040    459.649747  4  2  2  49       
PG07   2852.827843  17625.104193  19998.909557    -26.367034  5  4  4  47       
PG08  -8032.184719  17232.009257  18282.715491   -159.889498  4  6  7  33       
PG09   7000.890610  25557.314653  -1351.040750     44.784147  5  4  5  68       
PG10 -23118.230042 -11091.451347   7754.266828    -67.586272  6  7  4  23       
PG11  21804.532069  -8953.202149 -12167.266402   -523.274300  6  4  4  47       
PG12   8840.449212 -12979.195976 -21695.857554   -463.390601  8  6  3  76       
PG13  13659.296342  -7452.474227  21291.315187    611.482858  3  4  5  67       
PG14  20465.182970  13507.520382  10453.753722    286.676385  5  5     49       
PG15   6149.335448 -18188.965985  17774.083317    112.739309  6  3  3  84       
PG16 -23824.909509    526.373503  11870.382336   -393.007496  5  7  5  89       
PG17  12507.204985  20074.457214 -11505.593655    720.870688  7  5  4  61       
PG18  -3244.183489 -16478.084162  20544.817466   -521.145930  6  5  5  49       
PG19  15018.974654  12235.799600 -18515.251927    420.436025  8  7  6  48       
PG20  25999.627879  -1552.161942   4758.801470    393.742603  3  5  5  21       
PG21 -17310.565689  19394.190013   1872.038505    139.796881  4  4  6  47       
PG22  23732.854306  11065.681578   3805.369088     55.890640  3  4  1  71       
PG23 -13425.902233 -14994.310512  17446.778225    126.817041  8  9  6  81       
PG24  14787.027561 -21667.718361  -2672.858846   -405.227190  4  5  4  45       
PG25  -4659.041788 -16326.241785 -20818.719642    483.661024  7  3  3  58       
PG26 -26503.393663  -2957.885112   2077.584758    204.322701  2  7  4  49       
PG27 -14632.764986   3413.555531  21643.040041 999999.999999  2 13  8           
PG28 -16432.949705  -3297.218961 -20625.905780    -85.887781  6  4  5  48       
PG29  -3921.515398 -26131.022585  -2128.176738   -609.236151  5  6  5  91       
PG30  12367.900395   9960.274832  21422.295746   -450.743294  3  4  4  62       
PG31 -20991.839143   4816.911404 -16013.400079   -227.031106  6  4  5  98       
PG32 -15203.977814 -16572.823487 -14100.228738   -601.522933  4  6  5  55       
*  2024  1  1  9  0  0.00000000
PG01 -12221.154527  22019.721516  -8227.355339    165.016713  7  7  6  64       
PG02 -15666.532944  21292.041772    584.121998   -507.339492  3  3  4  62       
PG03 -10189.813627  12523.006138 -21209.861706     95.644967  6  4  6  96       
PG04  -3466.441554  21956.153518 -14425.871982    254.651416  4  6  6  54       
PG05  21137.542579  -7115.308628  14318.886504   -156.306342  5  2  4  53       
PG06  16197.119571   2259.022646 -20877.941538    459.638523  4  2  2  51       
PG07   1309.652521  19113.514500  18676.342239    -26.375439  5  4  4  61       
PG08  -8915.111681  15210.099748  19648.792247   -159.891390  4  6  7  70       
PG09   6648.092561  25354.472162  -4180.815283     44.794988  5  4  5  50       
PG10 -22107.911392 -11028.680520  10380.421516    -67.588419  6  7  5  84       
PG11  20864.881472  -7734.008630 -14438.834559   -523.287351  6  3  4  40       
PG12  11117.613400 -12264.051587 -21039.782228   -463.394229  8  6  4  59       
PG13  14131.110613  -4993.381055  21713.361091    611.486320  4  3  5  63       
PG14  19121.501309  13423.211853  12824.690127    286.685719  5  5  1  34       
PG15   7294.844449 -16281.326692  19122.975048    112.742681  6  3  3  78       
PG16 -24959.215930    -25.440184   9399.341020   -393.000943  5  7  5  92       
PG17  12601.618683  21321.622229  -8960.562135    720.869717  7  5  4  35       
PG18  -1612.662472 -18074.956482  19343.290212   -521.154512  6  5  5  77       
PG19  15313.896816  14190.108562 -16812.562106    420.440767  8  7  7  71       
PG20  26368.077655  -1247.039560   1945.480474    393.740993  4  5  5  54       
PG21 -17365.104416  18933.848713   4752.688599    139.795792  4  4  6  64       
PG22  23129.631032  11150.537607   6598.557501     55.884706  4  4     80       
PG23 -11366.269294 -14721.639740  19052.896905    126.823574  7  9  6  81       
PG24  15141.182367 -21532.914591    147.088881   -405.234003  4  5  4  48       
PG25  -2342.950166 -15920.498955 -21497.827513    483.662259  7  2  2  49       
PG26 -26554.052953  -3275.709917   -697.307680    204.319681  2  7  4  58       
PG27 -15412.821712   1022.191178  21386.088862 999999.999999    13  9           
PG28 -14936.359728  -5171.885876 -21367.018249    -85.897500  6  5  5  28       
PG29  -3610.692271 -25792.442496  -4977.376709   -609.235874  5  5  5  82       
PG30  10718.911485  11748.858987  21380.453444   -450.739285  3  4  4  67       
PG31 -19802.887173   3345.810712 -17789.533607   -227.031209  6  4  5  98       
PG32 -15494.268477 -18061.357777 -11819.817593   -601.525779  5  6  5  48       
*  2024  1  1  9 15  0.00000000
PG01 -12834.923093  22478.930692  -5436.057436    165.017425  6  6  6  53       
PG02 -15777.587248  21005.047812   3454.604376   -507.334554  3  4  4  79       
PG03 -12489.829031  12108.263761 -20179.661678     95.668897  6  4  6 106       
PG04  -4233.722305  20348.106291 -16448.140771    254.660331  3  6  6  74       
PG05  22641.319422  -6782.606885  12035.063074   -156.307703  6  3  4  37       
PG06  14693.928501   4182.347083 -21666.698051    459.627310  3  3  3  80       
PG07    -57.470068  20553.229964  17039.377773    -26.383783  6  3  4  68       
PG08  -9950.714882  13112.828407  20670.554774   -159.892976  4  6  7  59       
PG09   6164.446649  24877.905161  -6938.501092     44.805859  6  4  5  21       
PG10 -20814.439133 -10979.739890  12832.635327    -67.589332  6  7  5  55       
PG11  19829.493302  -6284.507619 -16460.962892   -523.300411  6  4  5  69       
PG12  13340.196861 -11691.067464 -20030.136962   -463.397543  8  6  4  56       
PG13  14738.303165  -2538.913075  21754.265179    611.489882  4  3  5  51       
PG14  17524.329019  13360.993439  14977.155821    286.695041  6  5  2  33       
PG15   8594.996831 -14310.700488  20127.243538    112.746246  6  4  3  84       
PG16 -25839.927062   -444.527733   6768.483083   -392.994273  6  7  5  93       
PG17  12672.046640  22272.947933  -6257.358098    720.869014  6  4  3  52       
PG18   -167.939338 -19639.049227  17807.517745   -521.163134  6  5  5  75       
PG19  15660.505645  15925.454562 -14828.397628    420.445344  9  8  7  67       
PG20  26430.191234   -953.873555   -901.665364    393.739514  5  5  5  35       
PG21 -17257.945631  18208.722898   7547.478798    139.794834  4  4  6  86       
PG22  22233.195557  11188.742209   9277.593670     55.878666  5  4     56       
PG23  -9131.481916 -14542.776587  20333.562885    126.830164  7  8  6  84       
PG24  15326.795608 -21145.102648   2964.396797   -405.240831  4  5  3  45       
PG25     48.050168 -15627.209560 -21818.978864    483.663458  7  2  2  21       
PG26 -26311.625580  -3565.069628  -3460.481584    204.316664  2  7  4  55       
PG27 -16296.285189  -1273.453625  20753.628330 999999.999999    13 10           
PG28 -13501.921756  -7172.519241 -21741.212457    -85.907225  5  5  5  64       
PG29  -3189.449825 -25166.212394  -7740.478112   -609.235608  6  5  5  58       
PG30   9172.234481  13597.558879  20974.291088   -450.735245  3  4  4  47       
PG31 -18574.628593   1674.315616 -19268.630165   -227.031441  6  4  5  84       
PG32 -15762.460498 -19280.049470  -9336.199359   -601.528652  5  6  4  58       
*  2024  1  1  9 30  0.00000000
PG01 -13234.606853  22709.229171  -2550.063621    165.018222  6  6  6  61       
PG02 -15738.136333  20448.522949   6265.251662   -507.329660  3  4  4  79       
PG03 -14675.667495  11833.764305 -18805.429819     95.692817  5  5  6  95       
PG04  -5167.278074  18586.594500 -18185.592391    254.669244  3  5  6  84       
PG05  23888.384036  -6542.506934   9543.230153   -156.308925  7  3  5  75       
PG06  13261.333292   6244.157380 -22080.583860    459.616058  3  3  3  84       
PG07  -1240.661149  21900.271424  15113.722285    -26.392297  6  3  4  76       
PG08 -11132.530624  10988.274187  21331.139631   -159.894711  4  6  7  42       
PG09   5522.052991  24153.314168  -9576.677473     44.816676  6  5  4  74       
PG10 -19258.426822 -10981.235717  15069.966554    -67.590508  6  8  6  49       
PG11  18741.532660  -4613.797638 -18198.747634   -523.313494  7  4  5  77       
PG12  15461.504059 -11256.829454 -18683.297178   -463.401176  8  6  5  59       
PG13  15469.397057   -138.763877  21413.978927    611.493291  5  2  5  57       
PG14  15698.852325  13353.162454  16874.303298    286.704459  6  4  3  60       
PG15  10037.091353 -12323.542786  20768.637928    112.749788  6  3  3  95       
PG16 -26442.540701   -760.539437   4023.106359   -392.987716  6  7  5  79       
PG17  12679.326594  22923.219997  -3444.183019    720.868682  6  3  3  65       
PG18   1078.550037 -21124.250676  15963.608774   -521.171791  6  4  5  81       
PG19  16024.098325  17415.808002 -12596.081172    420.450141  9  7  7  68       
PG20  26185.646725   -636.205315  -3733.115587    393.737869  5  5  5  31       
PG21 -17028.311230  17212.818466  10206.995635    139.793514  4  4  6  88       
PG22  21053.849761  11218.784723  11797.040806     55.872739  5  4     38       
PG23  -6763.745785 -14479.952326  21266.471636    126.836718  6  8  6  80       
PG24  15374.486592 -20487.612546   5729.021933   -405.247689  4  5  3  44       
PG25   2468.935625 -15456.442733 -21776.205544    483.664717  7  2  3  56       
PG26 -25778.305075  -3860.796721  -6165.531388    204.313635  3  7  4  50       
PG27 -17257.249155  -3431.102569  19758.264704 999999.999999  5 13 10           
PG28 -12162.332131  -9263.020528 -21742.093677    -85.916911  5  5  5  62       
PG29  -2627.149551 -24277.359534 -10369.789642   -609.235082  6  5  5  39       
PG30   7752.560649  15467.169637  20209.890951   -450.731185  4  4  4  49       
PG31 -17347.008748   -179.400156 -20425.524299   -227.031657  6  4  4  81       
PG32 -15969.770339 -20219.552019  -6692.518455   -601.531565  5  6  4  59       
*  2024  1  1  9 45  0.00000000
PG01 -13446.000637  22679.249928    380.544020    165.018909  6  5  6  67       
PG02 -15586.376218  19614.722656   8968.032602   -507.324623  4  4  4  51       
PG03 -16701.547590  11684.661333 -17110.066797     95.716712  4  5  6  45       
PG04  -6272.200989  16717.034655 -19608.398385    254.678136  3  4  5  58       
PG05  24853.367616  -6362.968368   6886.814823   -156.310378  7  4  6  69       
PG06  11933.447752   8405.985430 -22112.082262    459.604833  3  3  4  77       
PG07  -2239.852463  23110.882169  12930.275701    -26.400724  6  2  4  48       
PG08 -12446.083243   8883.333520  21620.169039   -159.896355  5  6  8  51       
PG09   4698.850724  23212.879224 -12050.091603     44.827406  6  5  5  64       
PG10 -17468.132635 -11065.848883  17055.013213    -67.591511  6  8  7  40       
PG11  17643.111244  -2739.455518 -19622.223145   -523.326543  7  5  5  48       
PG12  17436.843784 -10950.132991 -17021.265505   -463.404477  7  6  5  26       
PG13  16305.055998   2160.266221  20699.236659    611.496934  5  2  5  59       
PG14  13677.119801  13427.524119  18483.542383    286.713786  6  4  3  64       
PG15  11600.611667 -10364.566732  21035.743954    112.753357  5  3  3  75       
PG16 -26750.213347  -1007.203323   1209.967748   -392.980758  6  7  5  87       
PG17  12585.144704  23276.576977   -570.751971    720.868038  6     3  74       
PG18   2123.946268 -22484.496165  13843.110169   -521.180459  6  4  4  74       
PG19  16366.725065  18642.850974 -10152.961113    420.455171  9  7  6  53       
PG20  25642.974344   -258.447077  -6499.564594    393.736453  6  5  5  74       
PG21 -16717.435633  15949.063581  12685.164714    139.792544  5  4  6  57       
PG22  19610.265908  11277.352062  14114.716793     55.866719  5  4  1  27       
PG23  -4309.495382 -14548.061846  21835.178717    126.843218  5  7  5  63       
PG24  15318.513562 -19551.951161   8391.457443   -405.254519  4  4  2  43       
PG25   4873.332247 -15410.616107 -21369.407242    483.665964  7  3  4  66       
PG26 -24964.252104  -4196.819122  -8767.111586    204.310619  3  6  4  27       
PG27 -18263.825276  -5414.437104  18418.915360 999999.999999  7 12 10           
PG28 -10943.974375 -11402.248301 -21369.660274    -85.926600  5  6  4  26       
PG29  -1898.732965 -23157.999636 -12820.021125   -609.234818  6  5  5  72       
PG30   6477.688797  17315.239311  19099.451586   -450.727133  4  5  3  59       
PG31 -16157.006229  -2189.753258 -21240.207309   -227.031756  6  4  4  58       
PG32 -16077.546540 -20879.276384  -3934.407144   -601.534442  5  5  4  63       
*  2024  1  1 10  0  0.00000000
PG01 -13501.047157  22364.959359   3304.420591    165.019631  6  5  5  45       
PG02 -15362.379108  18504.467440  11517.376214   -507.319559  4  4  4  33       
PG03 -18526.010544  11638.753613 -15122.002223     95.740590  4  5  6  84       
PG04  -7545.321400  14786.350545 -20692.248917    254.687089  4  4  5  74       
PG05  25519.104259  -6208.357855   4111.890353   -156.311407  8  5  6  81       
PG06  10737.674065  10623.962232 -21760.328922    459.593613  4  4  4  80       
PG07  -3062.697575  24143.164665  10524.756746    -26.409273  6  2  4  51       
PG08 -13869.366208   6842.044856  21533.858133   -159.897515  6  5  8  43       
PG09   3679.658603  22093.984537 -14316.427621     44.838238  6  5  5  64       
PG10 -15478.533130 -11260.983255  18754.483804    -67.593071  5  8  7  44       
PG11  16573.652299   -687.054666 -20706.881002   -523.339599  8  5  5  52       
PG12  19225.064575 -10752.488551 -15071.371504   -463.407994  7  5  5  39       
PG13  17218.840318   4315.900327  19623.377482    611.500370  5  2  6  66       
PG14  11496.991815  13606.203236  19777.096397    286.723116  6  4  3  55       
PG15  13257.912843  -8475.057017  20924.206477    112.757015  5  4  3  83       
PG16 -26754.300040  -1220.831056  -1623.483839   -392.974222  6  7  5  53       
PG17  12353.706003  23346.131389   2312.649019    720.866976  5     4  77       
PG18   2973.902986 -23675.515193  11482.477947   -521.189062  6  4  4  77       
PG19  16648.702157  19596.499378  -7539.839621    420.459620  9  7  6  63       
PG20  24819.234212    212.510771  -9152.811262    393.734577  6  6  5  29       
PG21 -16366.729585  14429.198985  14940.044002    139.791334  5  4  5  75       
PG22  17928.796496  11397.785287  16192.333503     55.860649  5  4  1  55       
PG23  -1817.814004 -14754.017589  22029.408370    126.849770  4  6  4  79       
PG24  15195.249287 -18338.364459  10903.720137   -405.261349  3  4  2  61       
PG25   7215.041611 -15484.387428 -20604.406433    483.667257  7  4  5  43       
PG26 -23887.243546  -4604.705385 -11221.637208    204.307576  4  6  4  65       
PG27 -19279.423316  -7194.260549  16760.359267 999999.999999  7 12 10           
PG28  -9866.012547 -13545.432858 -20630.302812    -85.936316  4  6  4  24       
PG29   -985.887017 -21846.087784 -15049.066013   -609.234281  7  6  5  58       
PG30   5357.965611  19097.554720  17661.143288   -450.723067  4  5  3  44       
PG31 -15037.281972  -4324.487165 -21698.175680   -227.032070  6  4  3  82       
PG32 -16048.881233 -21267.216307  -1109.192410   -601.537312  5  5  3  48       
*  2024  1  1 10 15  0.00000000
PG01 -13436.438977  21750.789634   6169.903096    165.020341  6  5  5  71       
PG02 -15106.392134  17127.142888  13870.883833   -507.314823  4  4  4  44       
PG03 -20113.367847  11667.429715 -12874.757080     95.764527  4  5  6  72       
PG04  -8975.174536  12841.257419 -21418.757971    254.696047  4  3  5  56       
PG05  25877.173192  -6041.024870   1266.359022   -156.312715  8  5  6  65       
PG06   9693.726816  12850.346799 -21031.149182    459.582352  4  4  4  71       
PG07  -3724.181561  24958.697911   7937.222641    -26.417746  6  1  4  37       
PG08 -15373.626079   4904.052838  21074.996063   -159.898241  7  5  9  60       
PG09   2456.946611  20837.760675 -16337.017922     44.849031  6  6  5  51       
PG10 -13330.161802 -11587.614431  20139.712085    -67.594769  5  8  7  64       
PG11  15568.374847   1510.628023 -21434.091810   -523.352649  8  5  6  19       
PG12  20789.978755 -10638.911486 -12865.886775   -463.411465  7  5  5  65       
PG13  18178.254265   6291.820694  18206.043048    611.503722  6  2  6  37       
PG14   9200.873741  13904.678568  20732.484847    286.732488  6  3  3  22       
PG15  14975.220775  -6691.345191  20436.784808    112.760514  4  4  2  76       
PG16 -26454.599296  -1438.751961  -4429.856245   -392.967571  6  6  5  58       
PG17  11953.283905  23153.252048   5156.081385    720.866610  5     4  62       
PG18   3642.185353 -24656.528644   8922.453222   -521.197742  6  3  4  75       
PG19  16830.199761  20275.133536  -4800.352430    420.464309  9  6  6  63       
PG20  23739.368359    805.789212 -11646.630470    393.732876  6  5  4           
PG21 -16016.005312  12673.319483  16934.473184    139.789865  5  4  5  69       
PG22  16042.517048  11608.701345  17996.042276     55.854483  5  4  2  71       
PG23    661.251598 -15096.418920  21845.263000    126.856308  3  5  4  70       
PG24  15041.557936 -16856.049010  13220.330716   -405.268162  3  4  3  62       
PG25   9449.574099 -15664.839650 -19492.924444    483.668541  7  5  5  62       
PG26 -22572.056778  -5112.302995 -13487.955331    204.304541  4  6  4  53       
PG27 -20264.210869  -8749.363896  14812.692720 999999.999999 10 11 10           
PG28  -8939.772953 -15645.737796 -19536.695680    -85.946047  4  6  4  21       
PG29    122.057818 -20383.959243 -17018.721723   -609.233782  7  6  4  48       
PG30   4396.015470  20769.718373  15918.860395   -450.719001  4  5  3  74       
PG31 -14014.988522  -6545.659879 -21790.710052   -227.032298  6  4  2  71       
PG32 -15850.150196 -21399.459009   1734.908017   -601.540204  5  5  3  51       
*  2024  1  1 10 30  0.00000000
PG01 -13292.012604  20830.452752   8925.992797    165.021063  5  5  5  65       
PG02 -14857.176046  15500.384431  15989.952170   -507.309894  5  4  3  64       
PG03 -21434.945468  11736.874039 -10406.415113     95.788446  4  6  6  82       
PG04 -10542.298100  10926.570965 -21775.760450    254.704924  4  3  5  48       
PG05  25928.112387  -5822.947987  -1600.882216   -156.313897  8  5  7  60       
PG06   8812.967765  15035.218508 -19936.974124    459.571117  4  4  4  67       
PG07  -4245.933246  25524.071943   5211.481533    -26.426137  6  1  4  37       
PG08 -16924.413136   3103.269852  20252.807420   -159.899465  8  5  9  19       
PG09   1031.309906  19487.501642 -18077.485633     44.859841  5  6  4  65       
PG10 -11067.752421 -12059.379800  21187.110921    -67.596499  4  8  7  67       
PG11  14656.956258   3814.686047 -21791.422572   -523.365698  8  6  6  44       
PG12  22101.622450 -10578.971161 -10441.556481   -463.414808  6  4  5  42       
PG13  19146.038549   8058.855294  16472.761523    611.507412  6  3  6  50       
PG14   6834.278651  14331.077953  21332.924209    286.741864  6  3  3  10       
PG15  16713.897753  -5043.513773  19583.241762    112.763842  5  4  2  61       
PG16 -25859.301524  -1697.732427  -7162.536548   -392.960658  6  6  4  85       
PG17  11357.589110  22726.546759   7910.829483    720.865633  4     4  69       
PG18   4149.945078 -25391.828215   6207.353483   -521.206331  6  3  4  51       
PG19  16872.848892  20685.528887  -1980.305776    420.469016  9  5  5  76       
PG20  22435.252543   1545.169116 -13937.608450    393.731203  6  5  4  67       
PG21 -15701.835587  10709.102998  18636.576820    139.788846  5  4  5  64       
PG22  13990.045005  11932.826399  19496.884567     55.848567  5  4  2  33       
PG23   3078.419375 -15565.552297  21285.327814    126.862825  3  4  3  66       
PG24  14893.144597 -15122.995822  15299.258282   -405.274997  3  4  3  53       
PG25  11535.636800 -15931.957627 -18052.474498    483.669800  6  5  5  67       
PG26 -21049.611415  -5742.517928 -15527.981046    204.301457  4  6  4  18       
PG27 -21176.690358 -10067.067562  12610.707557 999999.999999 11 10  9           
PG28  -8168.437361 -17655.909533 -18107.582956    -85.955753  4  6  4  68       
PG29   1427.531168 -18816.718218 -18695.335766   -609.233543  7  6  4  51       
PG30   3586.773637  22288.757808  13901.870132   -450.714946  4  5  2  83       
PG31 -13110.783475  -8810.852249 -21515.078478   -227.032607  6  5  2  59       
PG32 -15452.424361 -21299.404706   4549.587515   -601.543107  5  4  3  54       
*  2024  1  1 10 45  0.00000000
PG01 -13108.999511  19607.393403  11523.351962    165.021808  5  5  5  21       
PG02 -14650.444524  13649.468764  17840.304894   -507.304962  5  4  3  54       
PG03 -22470.075651  11809.490561  -7759.008815     95.812457  5  6  6  77       
PG04 -12219.848047   9083.606481 -21757.497559    254.713859  4  3  5  65       
PG05  25681.299706  -5517.387011  -4440.778297   -156.315253  8  5  7  42       
PG06   8098.078562  17128.267047 -18496.635600    459.559869  4  5  5  69       
PG07  -4655.256562  25812.274914   2394.399271    -26.434642  6     4  76       
PG08 -18482.852831   1466.782827  19082.702720   -159.901954  8  5 10  25       
PG09   -588.371962  18087.018275 -19508.308838     44.870649  5  6  4  28       
PG10  -8738.733123 -12681.942885  21878.559986    -67.597827  3  7  7  73       
PG11  13862.424925   6181.396478 -21772.844511   -523.378686  8  6  6  44       
PG12  23137.303324 -10538.064465  -7839.049552   -463.418448  6  4  5  33       
PG13  20081.652854   9595.872101  14454.430377    611.510662  6  3  6           
PG14   4444.271899  14885.762814  21567.639107    286.751218  6  3  3  49       
PG15  18431.915063  -3554.384182  18380.073652    112.767455  5  4  2  66       
PG16 -24984.648992  -2032.436165  -9776.381122   -392.953890  6  6  4  49       
PG17  10546.908439  22100.594775  10530.217862    720.865073  4  2  4  71       
PG18   4524.699888 -25852.174123   3384.291841   -521.214965  5  3  4  54       
PG19  16741.310995  20842.487994    873.023614    420.473639  8  4  5  26       
PG20  20944.486079   2447.954401 -15985.924702    393.729287  6  5  4  61       
PG21 -15456.107048   8570.774201  20020.125684    139.787588  5  5  5  76       
PG22  11814.183603  12386.077092  20671.149198     55.842565  5  4  2  35       
PG23   5386.877864 -16143.725167  20358.666348    126.869386  3  4  3  51       
PG24  14782.952063 -13165.467206  17102.800511   -405.281812  2  3  3  41       
PG25  13436.523239 -16259.384725 -16306.167724    483.671081  6  5  6  30       
PG26 -19355.898521  -6512.278766 -17307.291517    204.298390  4  5  4  43       
PG27 -21975.329111 -11143.427441  10193.209329 999999.999999 11  9  9           
PG28  -7547.058993 -19529.952393 -16367.461828    -85.965450  4  7  3  25       
PG29   2924.450392 -17190.537956 -20050.367426   -609.232798  8  6  4  47       
PG30   2917.825321  23614.705930  11644.359717   -450.710920  4  5  3  54       
PG31 -12338.085324 -11074.558154 -20874.657452   -227.032731  6  5  2  77       
PG32 -14832.701715 -20996.728270   7287.238486   -601.546028  5  3  3  54       
*  2024  1  1 11  0  0.00000000
PG01 -12928.207760  18094.852989  13915.289319    165.022617  5  5  5  85       
PG02 -14517.457591  11606.443042  19392.433094   -507.299967  5  5  3  84       
PG03 -23206.795863  11845.491442  -4977.827645     95.836422  6  6  6  63       
PG04 -13974.507403   7348.729353 -21364.689029    254.722784  5  4  5  64       
PG05  25154.510413  -5090.477260  -7204.940826   -156.316493  9  5  7  51       
PG06   7543.085001  19080.609759 -16735.043007    459.548584  4  5  5  70       
PG07  -4983.910630  25803.869924   -464.893471    -26.443107  6     5  56       
PG08 -20007.084936     14.042012  17585.928403   -159.904177  8  5 10           
PG09  -2385.095393  16678.991035 -20605.298802     44.881481  5  6  4  23       
PG10  -6391.622581 -13452.656403  22201.722051    -67.599124  2  7  7  60       
PG11  13200.325598   8563.721717 -21378.828269   -523.391757  8  6  6  58       
PG12  23882.393957 -10478.869675  -5102.331372   -463.421943  6  4  5  10       
PG13  20942.886460  10890.350868  12186.712201    611.514032  7  4  5  44       
PG14   2077.854922  15561.220254  21432.077199    286.760534  6  3  3  15       
PG15  20085.464541  -2238.828448  16850.094119    112.771010  5  5  2  68       
PG16 -23854.324153  -2473.977521 -12228.368633   -392.947082  6  6  3  29       
PG17   9508.975595  21314.485925  12970.358698    720.864764  3  2  4  63       
PG18   4799.057761 -26015.953987    502.338914   -521.223620  5  2  4  45       
PG19  16404.754029  20768.184954   3711.619007    420.478421  7  3  4  56       
PG20  19308.968646   3524.096487 -17756.064558    393.727311  6  5  3  71       
PG21 -15304.814616   6297.856635  21064.765762    139.786425  5  5  5  81       
PG22   9560.443121  12976.915705  21500.639479     55.836463  5  4  2  23       
PG23   7543.904694 -16805.923699  19080.704199    126.875913  3  4  3  72       
PG24  14739.678652 -11017.125625  18598.372192   -405.288521  2  3  3  52       
PG25  15121.353699 -16615.437742 -14282.428608    483.672324  6  5  6  45       
PG26 -17530.734286  -7431.722675 -18795.671885    204.295345  3  5  4  68       
PG27 -22620.178340 -11983.106838   7602.292049 999999.999999 12  8  7           
PG28  -7062.900307 -21224.765781 -14346.168493    -85.975208  4  7  2  32       
PG29   4598.281672 -15550.938282 -21060.856672   -609.232512  8  6  4  59       
PG30   2370.041136  24712.090375   9184.885771   -450.706886  4  5  3  79       
PG31 -11702.602759 -13289.710467 -19878.964175   -227.033001  5  4  2  77       
PG32 -13974.916068 -20526.124838   9901.715707   -601.548923  5  3  4  65       
*  2024  1  1 11 15  0.00000000
PG01 -12788.213358  16315.534602  16058.707168    165.023381  4  4  4  68       
PG02 -14483.814235   9409.030241  20621.947208   -507.294827  5  5  3  59       
PG03 -23642.224982  11804.590168  -2110.658057     95.860420  6  6  6  55       
PG04 -15767.651824   5752.111471 -20604.492878    254.731688  4  4  5  64       
PG05  24373.171762  -4512.705784  -9846.448239   -156.317689  9  5  7  48       
PG06   7133.732197  20846.564579 -14682.747166    459.537295  4  5  5  40       
PG07  -5266.681180  25487.903823  -3315.882785    -26.451478  6     5  47       
PG08 -21453.812390  -1243.643679  15789.127924   -159.905425  8  5  9  28       
PG09  -4334.205512  15303.384586 -21349.986090     44.892287  5  6  4  44       
PG10  -4074.383388 -14360.538960  22150.282442    -67.600533  2  7  7  43       
PG11  12678.189034  10912.941890 -20616.325481   -523.404810  7  6  5  52       
PG12  24330.836811 -10362.928592  -2277.964672   -463.425500  6  3  5           
PG13  21687.531489  11938.615921   9709.358756    611.517486  7  4  5  45       
PG14   -219.651449  16342.269516  20928.022181    286.769887  5  2  3  40       
PG15  21630.636244  -1103.428002  15021.889367    112.774298  5  5  2  63       
PG16 -22498.590970  -3048.615593 -14478.212484   -392.940368  6  6  3  39       
PG17   8239.548049  20410.227846  15190.821224    720.864011  3  3  3  48       
PG18   5009.237159 -25870.055127  -2388.356249   -521.232248  5  2  4  40       
PG19  15838.181145  20491.242972   6487.477383    420.483118  7  3  4  36       
PG20  17573.321767   4775.615737 -19217.448242    393.725876  6  4  3  55       
PG21 -15267.129871   3933.770788  21756.127831    139.785317  6  5  5  78       
PG22   7275.493467  13705.994746  21972.854612     55.830757  5  3  2  50       
PG23   9512.334988 -17520.771694  17473.000182    126.882459  3  3  4  69       
PG24  14786.485795  -8717.851103  19759.177754   -405.295322  3  3  3  32       
PG25  16566.118213 -16964.348622 -12014.617337    483.673587  5  5  5           
PG26 -15616.381005  -8503.633447 -19967.606716    204.292337  3  5  4  63       
PG27 -23074.420415 -12598.928655   4882.585215 999999.999999 12  8  7           
PG28  -6696.079274 -22701.681195 -12078.373036    -85.984862  4  7  2  46       
PG29   6426.431054 -13941.106827 -21709.793884   -609.232189  8  6  3  66       
PG30   1918.487352  25551.271943   6565.732579   -450.702809  3  5  3  85       
PG31 -11202.159818 -15409.290452 -18543.593824   -227.033342  5  4  2  65       
PG32 -12870.687870 -19925.887865  12349.065666   -601.551883  5  3  4  46       
*  2024  1  1 11 30  0.00000000
PG01 -12723.641927  14300.877512  17914.983057    165.024189  5  4  5  44       
PG02 -14568.480320   7099.354411  21509.844428   -507.290020  5  5  3  62       
PG03 -23782.598788  11647.733617    793.033021     95.884381  6  6  7  38       
PG04 -17556.725963   4316.739595 -19490.355296    254.740624  4  4  4  50       
PG05  23369.346100  -3760.214834 -12320.609787   -156.319225  9  5  7  39       
PG06   6848.195675  22385.308249 -12375.399179    459.526012  4  6  5  71       
PG07  -5539.798056  24862.498737  -6107.625641    -26.460031  6     5  57       
PG08 -22779.899518  -2303.292499  13723.826041   -159.906666  6  5  9  68       
PG09  -6404.162572  13995.983503 -21729.910104     44.903083  4  5  3  52       
PG10  -1832.790033 -15386.570070  21724.106084    -67.602273  3  7  6  76       
PG11  12295.325599  13180.355029 -19498.637726   -523.417829  7  6  5  90       
PG12  24485.336402 -10152.298348    585.653507   -463.429003  6  3  4  38       
PG13  22275.052400  12745.727313   7065.478922    611.521000  7  4  5  54       
PG14  -2406.163157  17206.577737  20063.600680    286.779253  5  2  3  46       
PG15  23025.088543   -146.485667  12929.165805    112.777712  5  5  2  68       
PG16 -20953.220730  -3776.631446 -16488.930044   -392.933524  6  6  3  50       
PG17   6742.676401  19431.084548  17155.218186    720.863542  4  3  3  47       
PG18   5193.443235 -25410.414114  -5237.468534   -521.240880  5  2  4  56       
PG19  15023.561932  20045.575351   9153.378122    420.488041  6  3  4  48       
PG20  15783.218737   6196.343075 -20344.964442    393.723925  6  4  2  74       
PG21 -15354.762923   1524.336190  22085.832486    139.784528  6  5  5  86       
PG22   5005.601920  14566.096528  22081.090366     55.824654  5  4  1  26       
PG23  11261.821921 -18251.755824  15562.906193    126.888977  3  4  4  84       
PG24  14939.955030  -6312.299591  20564.747627   -405.302129  4  2  4  62       
PG25  17754.479434 -17267.691904  -9540.557928    483.674867  5  4  5  60       
PG26 -13656.082905  -9723.153729 -20802.710573    204.289323  3  5  4  58       
PG27 -23305.788632 -13011.133117   2080.487242 999999.999999 13  6  5           
PG28  -6420.499063 -23927.840532  -9602.991286    -85.994600  4  7  1  43       
PG29   8378.949329 -12400.327781 -21986.385929   -609.231939  9  6  3  48       
PG30   1533.577629  26109.576730   3832.188460   -450.698788  3  5  4  75       
PG31 -10826.829404 -17387.963376 -16890.056319   -227.033380  5  4  2  67       
PG32 -11519.791898 -19236.373029  14588.213564   -601.554880  5  3  4  81       
*  2024  1  1 11 45  0.00000000
PG01 -12763.618479  12089.968631  19450.760196    165.024965  5  3  5  80       
PG02 -14783.078561   4722.533108  22042.696473   -507.285166  5  5  3  68       
PG03 -23642.959958  11338.804571   3682.957707     95.908307  6  7  7  59       
PG04 -19296.777068   3057.711527 -18041.755044    254.749555  5  4  3  48       
PG05  22180.483238  -2815.885202 -14585.683119   -156.320434  9  5  7  53       
PG06   6658.099629  23662.353899  -9853.114535    459.514757  4  6  5  71       
PG07  -5839.263947  23935.089090  -8789.755184    -26.468546  6     5  49       
PG08 -23943.959318  -3170.116802  11425.848617   -159.908620  5  6  8  78       
PG09  -8557.572489  12787.103413 -21738.809038     44.913940  4  5  2   7       
PG10    291.130466 -16504.297534  20929.306630    -67.602742  3  6  6  51       
PG11  12042.949689  15318.979792 -18045.175869   -523.430856  7  6  5  72       
PG12  24357.225505  -9811.209563   3439.108582   -463.432538  6  3  4  41       
PG13  22668.187260  13325.041024   4300.766140    611.524443  7  5  5  41       
PG14  -4444.268991  18125.467937  18853.180358    286.788604  4  2  3  41       
PG15  24229.640147    641.619575  10610.013170    112.781302  5  5  3  54       
PG16 -19258.239557  -4671.424491 -18227.366408   -392.926787  6  6  2  41       
PG17   5030.664293  18419.908840  18831.707026    720.862938  4  3  3  45       
PG18   5390.166218 -24642.220604  -7995.403999   -521.249508  5  2  4  60       
PG19  13950.721793  19469.028949  11663.657308    420.492470  5  4  3  32       
PG20  13983.690079   7771.991649 -21119.398848    393.722331  7  4  2  67       
PG21 -15571.625074   -883.766103  22051.406089    139.782978  6  4  5  57       
PG22   2795.108245  15542.363802  21824.464094     55.818744  4  3  1  54       
PG23  12769.838987 -18958.671234  13383.119314    126.895476  4  4  5  57       
PG24  15209.341595  -3848.267506  21001.323635   -405.308933  4  2  4  35       
PG25  18678.299673 -17485.948149  -6901.973006    483.676141  5  4  5  16       
PG26 -11692.567760 -11077.784748 -21286.091138    204.286290  3  5  3  59       
PG27 -23287.810470 -13246.375865   -756.602295 999999.999999 13  6  1           
PG28  -6205.025081 -24877.362899  -6962.523109    -86.004267  4  7  1  10       
PG29  10419.522847 -10962.577193 -21886.215908   -609.231397  9  5  3  74       
PG30   1182.422197  26372.173688   1031.752193   -450.694767  2  5  4  64       
PG31 -10559.376699 -19183.679910 -14945.508259   -227.033797  4  4  3  34       
PG32  -9930.326695 -18498.404439  16581.600651   -601.557833  4  4  5  68       
*  2024  1  1 12  0  0.00000000
PG01 -12930.455915   9728.136322  20638.623438    165.025746  6  3  6  84       
PG02 -15131.458066   2325.186346  22212.762779   -507.280224  6  4  4  45       
PG03 -23246.511525  10846.226110   6508.894347     95.932316  7  7  7  75       
PG04 -20942.086667   1981.844618 -16283.848289    254.758471  5  4  2  62       
PG05  20847.990357  -1670.160809 -16603.536540   -156.321878  8  4  6  68       
PG06   6529.800928  24650.789331  -7159.754882    459.503402  2  5  5  80       
PG07  -6199.167169  22722.282035 -11313.511250    -26.477016  5  1  5  83       
PG08 -24907.871703  -3857.082542   8934.689979   -159.908845  5  6  8  90       
PG09 -10752.442506  11700.524840 -21376.708706     44.924734  4  4  1  65       
PG10   2260.528352 -17680.740256  19778.222375    -67.603942  3  6  6  66       
PG11  11904.628962  17285.195541 -16281.114625   -523.443914  6  5  5  69       
PG12  23966.004546  -9307.665194   6232.826305   -463.436060  6  3  3           
PG13  22834.420565  13697.461224   1462.700430    611.527861  7  5  5  38       
PG14  -6302.490853  19064.990603  17317.158310    286.797960  3  2  4  43       
PG15  25209.719917   1277.760524   8106.107001    112.784864  5  5  4  44       
PG16 -17456.539652  -5738.857164 -19664.670514   -392.920067  6  6  2  74       
PG17   3123.727757  17417.528372  20193.405720    720.862261  3  4  3  43       
PG18   5636.471581 -23579.766863 -10614.193304   -521.258123  5  3  4  48       
PG19  12617.952332  18801.877083  13974.977064    420.497636  4  4  3  17       
PG20  12217.471999   9480.554772 -21527.750707    393.720335  7  4  1  76       
PG21 -15913.788883  -3244.517671  21656.122550    139.782307  6  4  5  68       
PG22    684.986505  16612.808879  21207.868801     55.812709  4  3  2  38       
PG23  14022.383118 -19599.231998  10971.132113    126.901989  4  4  5  41       
PG24  15596.156713  -1374.936737  21062.084658   -405.315725  5     4  67       
PG25  19337.865360 -17580.146079  -4143.828627    483.677386  4  4  4  26       
PG26  -9766.567164 -12547.677314 -21408.638139    204.283272  2  5  2  53       
PG27 -23000.833543 -13336.508814  -3581.040858 999999.999999 13  7              
PG28  -6014.863753 -25532.255113  -4202.327919    -86.013998  3  7  1  10       
PG29  12506.711811  -9655.336987 -21411.295681   -609.230813  9  5  3  25       
PG30    830.321172  26332.658925  -1786.716020   -450.690717  2  5  5  70       
PG31 -10376.002221 -20759.181767 -12742.377484   -227.033897  4  3  3  38       
PG32  -8118.581009 -17751.680769  18295.765412   -601.560782  3  4  5  58       
*  2024  1  1 12 15  0.00000000
PG01 -13238.641854   7265.287542  21457.641480    165.026545  7  2  6  80       
PG02 -15609.551983    -46.088055  22018.033987   -507.275249  6  3  4  63       
PG03 -22623.656531  10144.402072   9221.585580     95.956331  7  6  7  77       
PG04 -22447.837987   1087.609013 -14247.021222    254.767400  6  4     12       
PG05  19415.673460   -321.585730 -18340.248294   -156.323176  8  4  6  70       
PG06   6425.886571  25332.227082  -4342.141735    459.492061  1  5  4  84       
PG07  -6650.055436  21249.336819 -13632.766510    -26.485514  4  1  5  66       
PG08 -25638.178352  -4384.183302   6292.839271   -159.912062  6  6  7  78       
PG09 -12943.614953  10752.688523 -20649.910027     44.935533  4  4  1  18       
PG10   4044.977455 -18877.558665  18289.294186    -67.605351  4  5  5  73       
PG11  11857.039742  19040.257261 -14236.948964   -523.456990  6  5  5  79       
PG12  23338.566412  -8614.914549   8917.956787   -463.439691  7  3  2  60       
PG13  22747.273829  13890.418562  -1400.260749    611.531242  7  5  5  54       
PG14  -7956.318488  19987.219483  15481.640831    286.807302  3  2  5  27       
PG15  25936.619535   1785.110577   5461.873802    112.788491  5  5  4  45       
PG16 -15592.399902  -6976.869691 -20776.721242   -392.912840  6  6  1  68       
PG17   1049.372611  16461.240528  21218.724782    720.861269  3  4  3  44       
PG18   5966.351896 -22245.949038 -13048.353026   -521.266746  5  3  4  36       
PG19  11032.314487  18085.215601  16047.078093    420.502118  4  4  3  58       
PG20  10523.462850  11293.013132 -21563.433090    393.718657  7  4     77       
PG21 -16369.733150  -5514.025185  20908.784603    139.781470  6  3  5  74       
PG22  -1288.460952  17749.080722  20241.860397     55.806600  4  3  2  52       
PG23  15014.349268 -20130.783490   8368.589500    126.908473  4  4  5  51       
PG24  16094.094039   1058.920840  20747.210110   -405.322538  5  1  4  71       
PG25  19741.792862 -17513.520443  -1313.595423    483.678678  4  3  4           
PG26  -7915.408692 -14106.208010 -21167.231341    204.280247  2  5     54       
PG27 -22432.801855 -13317.191938  -6345.682721 999999.999999 13  7              
PG28  -5813.089464 -25883.030710  -1369.849417    -86.023719  3  7  2           
PG29  14595.388598  -8498.671086 -20570.011862   -609.230416  9  4  4  53       
PG30    442.341632  25993.319633  -4573.882256   -450.686675  2  4  5  83       
PG31 -10247.362070 -22083.351185 -10317.879968   -227.034346  4  3  4  65       
PG32  -6108.602728 -17033.238374  19701.862845   -601.563752  2  5  5  59       
*  2024  1  1 12 30  0.00000000
PG01 -13694.168943   4754.061783  21893.760800    165.027339  7  2  6  77       
PG02 -16205.523186  -2346.223386  21462.209947   -507.270350  6  2  3  66       
PG03 -21810.759820   9214.933418  11773.629442     95.980325  7  6  7  80       
PG04 -23771.755877    365.385695 -11966.358975    254.776302  7  4  1  39       
PG05  17928.108082   1222.964627 -19766.636312   -156.324563  8  4  6  59       
PG06   6306.823656  25697.429137  -1449.217885    459.480769     4  4  68       
PG07  -7217.447535  19549.277703 -15705.016451    -26.493827  4  2  5  61       
PG08 -26107.305928  -4777.460244   3545.076727   -159.914857  8  6  7  71       
PG09 -15084.325794   9952.181139 -19570.876151     44.946416  4  4  2  62       
PG10   5621.489131 -20052.454426  16486.841632    -67.606766  4  5  4  69       
PG11  11870.998144  20551.627802 -11947.960588   -523.470079  5  5  4  71       
PG12  22508.132136  -7712.739997  11447.267592   -463.442987  7  2  2  68       
PG13  22387.368212  13936.617610  -4239.489609    611.534670  7  4  4  80       
PG14  -9388.977168  20851.722696  13378.017775    286.816603  3  2  5  48       
PG15  26388.505047   2191.961641   2723.640787    112.791825  5  4  5  11       
PG16 -13709.964214  -8375.378834 -21544.500591   -392.906143  7  5  1  40       
PG17  -1158.483048  15583.465572  21891.618009    720.860431  3  4  4  56       
PG18   6409.207560 -20671.440695 -15255.697446   -521.275372  5  3  4  67       
PG19   9209.616504  17359.320975  17843.502444    420.506688  4  4  3  47       
PG20   8935.347470  13174.321925 -21226.355230    393.717102  7  4     69       
PG21 -16920.852945  -7651.878062  19823.456315    139.780214  6  3  4  66       
PG22  -3094.736631  18917.462454  18942.481421     55.800416  3  3  2  41       
PG23  15749.559986 -20512.048712   5620.562924    126.914928  6  4  5           
PG24  16689.298745   3406.700065  20063.784890   -405.329341  6  1  4  57       
PG25  19906.611789 -17253.119103   1539.564334    483.679934  4  3  3  18       
PG26  -6171.731885 -15720.824341 -20564.860957    204.277263  3  5  1  62       
PG27 -21579.759532 -13226.388082  -9004.592956 999999.999999 13  7  4           
PG28  -5562.260253 -25929.013337   1486.197441    -86.033455  3  7  3  16       
PG29  16638.321533  -7504.596906 -19376.967485   -609.230143  9  4  4  45       
PG30    -15.086639  25365.063694  -7280.846620   -450.682660  1  4  6  64       
PG31 -10139.830863 -23132.347593  -7713.431629   -227.034654  4  3  4  40       
PG32  -3931.485737 -16376.026064  20776.116575   -601.566674     5  5  54       
*  2024  1  1 12 45  0.00000000
PG01 -14294.237110   2247.883614  21940.042282    165.028091  7  2  6  65       
PG02 -16900.189820  -4533.129578  20554.615616   -507.265316  6  3  3  55       
PG03 -20848.679884   8047.558700  14120.345070     96.004379  7  6  7  54       
PG04 -24875.657475   -201.962818  -9481.040387    254.785176  7  3  3  46       
PG05  16428.998781   2948.365547 -20858.712916   -156.325990  7  4  5  67       
PG06   6132.694843  25746.582534   1468.826716    459.469477     3  4  66       
PG07  -7920.555149  17661.674296 -17492.300859    -26.502326  3  2  4  43       
PG08 -26294.575992  -5067.807259    737.749843   -159.916846  9  6  7  79       
PG09 -17127.830270   9299.529614 -18158.021454     44.957293  4  3  3  67       
PG10   6975.251886 -21160.751303  14400.734802    -67.608548  4  4  4  74       
PG11  11912.725907  21794.077152  -9453.604129   -523.483143  4  4  4  79       
PG12  21512.935772  -6588.499739  13776.027047   -463.446643  7  2  3  73       
PG13  21743.222882  13872.603861  -7006.981171    611.538047  7  4  5  74       
PG14 -10591.896796  21617.152579  11042.437006    286.825911  4  2  5  19       
PG15  26551.155462   2530.366314    -61.210249    112.795031  5  4  5  23       
PG16 -11851.727475  -9916.466343 -21954.410382   -392.899287  7  5  2  74       
PG17  -3460.607142  14810.600600  22201.755101    720.859954  3  4  5           
PG18   6988.517984 -18893.572538 -17198.084760   -521.283989  6  3  4  77       
PG19   7174.060414  16662.032575  19332.272495    420.511707  5  4  3  45       
PG20   7480.441770  15084.637671 -20522.887744    393.715436  7  4     71       
PG21 -17542.208853  -9622.363926  18419.156427    139.779002  5  3  4  74       
PG22  -4710.072952  20080.065519  17331.023715     55.794567  3  3  2  47       
PG23  16240.447462 -20704.838416   2774.754953    126.921443  7  5  4  61       
PG24  17360.961304   5625.605160  19025.555043   -405.336165  6  2  3  49       
PG25  19856.035182 -16771.292036   4365.670736    483.681213  5  3  3  52       
PG26  -4562.376847 -17354.132633 -19610.654237    204.274225  3  5  2  43       
PG27 -20446.068528 -13102.795148 -11513.729614 999999.999999 13  8  5           
PG28  -5226.059132 -25678.312540   4316.663392    -86.043191  2  7  4  60       
PG29  18587.844446  -6676.774223 -17852.722914   -609.229525  9  3  5  61       
PG30   -572.623485  24467.015220  -9860.051142   -450.678583  2  4  6  64       
PG31 -10016.961354 -23890.481231  -4973.960872   -227.034801  3  3  4  43       
PG32  -1624.399487 -15807.642293  21500.198982   -601.569639     5  4  66       
*  2024  1  1 13  0  0.00000000
PG01 -15027.338044   -201.000448  21596.737285    165.028848  7     6  57       
PG02 -17667.714963  -6569.030205  19310.057202   -507.260392  6  3  3  56       
PG03 -19781.128848   6640.777702  16220.594553     96.028433  7  5  7  60       
PG04 -25726.855593   -638.232853  -6833.669009    254.794004  8  4  4  59       
PG05  14959.586687   4831.634708 -21598.059819   -156.326624  7  4  5  25       
PG06   5864.949151  25489.216367   4361.447221    459.458181     2  4  48       
PG07  -8771.278014  15631.141258 -18962.025952    -26.510813  2  3  4  63       
PG08 -26186.968379  -5289.606952  -2081.961199   -159.917483  9  6  6  57       
PG09 -19029.035605   8787.310888 -16435.405679     44.968142  4  4  3  36       
PG10   8100.063689 -22157.100546  12065.961113    -67.609709  5  4  4  44       
PG11  11945.301036  22750.507546  -6796.824024   -523.496209  3  4  4  64       
PG12  20394.708433  -5237.878835  15862.857744   -463.450120  7  1  3  61       
PG13  20811.763082  13737.205893  -9656.121756    611.541523  7  5  5  72       
PG14 -11564.862423  22242.892045   8515.186805    286.835286  4  2  5  39       
PG15  26418.409011   2834.663575  -2845.068150    112.798566  5  3  5  56       
PG16 -10057.079465 -11574.854334 -21998.528083   -392.892494  7  5  2  81       
PG17  -5813.732832  14162.109304  22144.619382    720.859231  3  4  5  12       
PG18   7720.756559 -16954.964124 -18842.083541   -521.292621  6  3  4  79       
PG19   4957.563067  16027.222341  20486.511452    420.516391  5  4  3  34       
PG20   6178.800480  16980.735414 -19465.713914    393.713710  6  4  2  41       
PG21 -18203.484989 -11395.510207  16719.519798    139.778000  3  3  4  59       
PG22  -6118.120115  21196.181371  15433.731589     55.788803  3  3  3  64       
PG23  16507.399719 -20675.655614   -119.350711    126.927905  7  5  4  59       
PG24  18082.203439   7678.110957  17652.548015   -405.342982  6  3  3  37       
PG25  19619.939644 -16046.997159   7114.844906    483.682446  5  2  3  55       
PG26  -3107.489403 -18965.192825 -18319.802731    204.271205  3  5  2  50       
PG27 -19044.336244 -12984.270530 -13831.589214 999999.999999 12  8  6           
PG28  -4770.896816 -25147.472488   7072.811307    -86.052926  2  7  4  45       
PG29  20397.549470  -6010.521470 -16023.440883   -609.229140  9  3  5  57       
PG30  -1256.584273  23325.790723 -12266.167325   -450.674543  2  4  6  60       
PG31  -9841.084716 -24350.782511  -2147.131268   -227.035002  3  2  5  43       
PG32    770.605318 -15349.280048  21861.534812   -601.572594     4  4  62       
*  2024  1  1 13 15  0.00000000
PG01 -15873.714004  -2543.415772  20871.205594    165.029654  7     6  51       
PG02 -18476.537513  -8421.649251  17748.619876   -507.255294  5  4  3  75       
PG03 -18652.926620   5002.130142  18037.543098     96.052473  6  4  7  58       
PG04 -26299.362569   -972.765395  -4069.551435    254.802865  8  4  5  53       
PG05  13557.162340   6842.619280 -21972.119494   -156.328014  7  4  4  55       
PG06   5468.097695  24943.765260   7178.636851    459.446845  1  1  3  32       
PG07  -9773.522305  13505.624815 -20087.659584    -26.519433  2  3  3  66       
PG08 -25779.613345  -5479.247913  -4866.780331   -159.918010  9  6  6  61       
PG09 -20746.080430   8400.572472 -14432.337684     44.978977  4  4  3  46       
PG10   8998.434666 -22997.247213   9522.088705    -67.610750  5  3  3  47       
PG11  11930.236328  23412.473849  -4023.314065   -523.509296  2  3  4  57       
PG12  19197.021422  -3665.311953  17670.539671   -463.453294  8  1  4  70       
PG13  19598.522588  13569.911424 -12142.423420    611.544789  6  5  5  79       
PG14 -12315.838819  22690.692143   5839.996392    286.844571  5  3  5  35       
PG15  25992.309886   3139.948446  -5580.883056    112.801928  5  3  6  43       
PG16  -8360.956354 -13318.656122 -21674.796527   -392.885780  7  5  2  44       
PG17  -8171.974358  13649.874531  21721.533618    720.858623  2  5  5  40       
PG18   8614.592319 -14901.963065 -20159.547365   -521.301241  6  4  4  57       
PG19   2598.770732  15483.413737  21284.990301    420.521133  5  4  3  25       
PG20   5042.619957  18817.560153 -18073.572254    393.712297  6  4  3  53       
PG21 -18870.121789 -12947.925950  14752.431965    139.776872  2  3  3  72       
PG22  -7310.374456  22223.747030  13281.446395     55.782808  3  2  3  57       
PG23  16577.796679 -20397.128846  -3011.377069    126.934390  8  5  4  52       
PG24  18821.211386   9533.186149  15970.574927   -405.349795  6  4  3  17       
PG25  19233.092109 -15066.863351   9738.252794    483.683689  5  2  3  50       
PG26  -1819.879968 -20510.975480 -16713.385789    204.268202  3  5  3  47       
PG27 -17395.058029 -12906.301792 -15919.811393 999999.999999 12  8  7           
PG28  -4167.412854 -24360.806935   9707.157402    -86.062626     7  5  35       
PG29  22023.939890  -5493.157410 -13920.441695   -609.228877  9  3  5  47       
PG30  -2087.680400  21974.484603 -14456.942987   -450.670525  3  3  6  62       
PG31  -9574.987241 -24515.237507    717.512521   -227.035231  2  2  5  65       
PG32   3207.973903 -15014.917898  21853.523985   -601.575491  1  3  3  61       
*  2024  1  1 13 30  0.00000000
PG01 -16806.165692  -4735.004340  19777.682927    165.030405  6     5  88       
PG02 -19290.514923 -10065.210058  15895.407347   -507.250335  4  5  4  77       
PG03 -17508.219615   3148.115529  19539.340550     96.076437  5  4  7  33       
PG04 -26574.850006  -1239.120924  -1235.934583    254.811755  8  4  5  51       
PG05  12253.737187   8944.954095 -21974.399684   -156.328973  6  4  3  74       
PG06   4911.286758  24136.798567   9871.803476    459.435545  2     3  54       
PG07 -10922.875796  11334.555169 -20849.277006    -26.527932  2  3  3  74       
PG08 -25075.997053  -5673.576854  -7570.066755   -159.920467  9  5  6  18       
PG09 -22241.802474   8117.547754 -12182.894280     44.989747  4  4  3  41       
PG10   9681.350144 -23639.789143   6812.630675    -67.612104  5  2  3  72       
PG11  11829.124186  23780.380413  -1180.732452   -523.522366  2  2  4  50       
PG12  17963.555869  -1884.054828  19166.742651   -463.456726  8  1  4  58       
PG13  18117.536162  13409.237068 -14424.216130    611.548275  6  6  5  77       
PG14 -12860.474877  22926.235007   3063.266948    286.853854  5  3  5  15       
PG15  25282.959642   3480.544853  -8222.911876    112.805278  5  3  6  58       
PG16  -6792.647317 -15110.382226 -20987.141486   -392.878603  7  4  3  55       
PG17 -10488.332018  13277.832310  20939.616424    720.857711  3  5  5  54       
PG18   9670.409127 -12782.954530 -21128.087962   -521.309831  7  4  5  77       
PG19    141.799085  15052.607935  21712.586290    420.525640  5  4  3  42       
PG20   4075.956000  20549.851779 -16370.897403    393.710440  5  4  3  71       
PG21 -19504.586905 -14263.423530  12549.639708    139.775849  1  3  4 100       
PG22  -8286.332167  23120.877287  10909.192795     55.776493  3  2  4  64       
PG23  16484.774772 -19849.215245  -5850.961569    126.940914  9  5  5  29       
PG24  19542.562426  11167.235061  14010.634674   -405.356654  6  4  2  47       
PG25  18733.672431 -13825.959754  12189.052007    483.684934  5  2  4  45       
PG26   -704.664838 -21947.928669 -14818.087467    204.265201  3  5  3   3       
PG27 -15525.988248 -12900.575314 -17743.739093 999999.999999 11  8  7           
PG28  -3391.816013 -23349.445811  12174.292453    -86.072365     7  5  36       
PG29  23427.981485  -5104.654044 -11579.675734   -609.228521  9  3  5  70       
PG30  -3079.988158  20451.405435 -16393.988937   -450.666478  3  3  7  55       
PG31  -9183.593723 -24394.673520   3569.458886   -227.035371  1  2  5  70       
PG32   5640.159983 -14810.787599  21475.679523   -601.578443  2  2  3  73       
*  2024  1  1 13 45  0.00000000
PG01 -17791.168574  -6737.749557  18336.910243    165.031123  6     4  64       
PG02 -20070.242313 -11481.213808  13780.222777   -507.245425  4  5  4  75       
PG03 -16388.737187   1103.755409  20699.709412     96.100384  5  4  7  59       
PG04 -26543.328976  -1473.594479   1618.786066    254.820632  8  4  6  55       
PG05  11074.921513  11097.257161 -21604.588349   -156.330467  6  5  2  53       
PG06   4169.686061  23101.947731  12394.613547    459.424319  3  1  3  22       
PG07 -12206.654700   9166.950863 -21233.941020    -26.536475  2  3  3  51       
PG08 -24087.874545  -5908.340756 -10146.533012   -159.921669  8  5  6  45       
PG09 -23485.039887   7910.639162  -9725.360812     45.000523  4  4  3  36       
PG10  10167.697381 -24047.858070   3984.317472    -67.613881  6  2  4  68       
PG11  11605.283744  23863.348019   1682.114161   -523.535427  2  2  4  67       
PG12  16736.370800     84.103527  20324.668868   -463.459975  8  2  4  37       
PG13  16390.928218  13291.150768 -16463.290522    611.551760  6  6  5  52       
PG14 -13221.306843  22920.558785    233.247493    286.863143  5  3  5  19       
PG15  24308.087672   3888.537614 -10727.410939    112.808713  5  4  6  58       
PG16  -5374.800437 -16908.172518 -19945.510450   -392.871867  7  4  3  42       
PG17 -12716.236824  13041.897526  19811.671087    720.857076  3  4  5  55       
PG18  10880.160037 -10646.608299 -21731.439704   -521.318493  7  4  5  64       
PG19  -2365.257319  14749.368536  21760.638797    420.530394  5  5  3  43       
PG20   3274.764114  22133.780792 -14387.367902    393.708542  5  4  4  71       
PG21 -20067.745560 -15333.405448  10146.338583    139.774754     4  4  95       
PG22  -9053.361079  23847.413632   8355.706837     55.770952  3  3  4  72       
PG23  16265.770291 -19020.123767  -8588.665144    126.947397 10  6  5  52       
PG24  20208.684549  12564.728680  11808.240736   -405.363483  6  5  2  34       
PG25  18161.651831 -12328.232137  14423.317778    483.686180  5  2  4  28       
PG26    240.791436 -23233.596309 -12665.805983    204.262227  4  4  3  71       
PG27 -13471.261694 -12993.691108 -19272.930816 999999.999999 11  8  8           
PG28  -2427.010805 -22150.130173  14431.668524    -86.082090     6  6  51       
PG29  24576.494626  -4818.575210  -9041.121506   -609.228437  9  4  6  58       
PG30  -4240.189823  18798.615450 -18043.487648   -450.662422  3  3  6  62       
PG31  -8635.585349 -24008.293819   6358.183581   -227.035686     2  5  83       
PG32   8019.221089 -14735.139515  20733.676849   -601.581329  3  2  4  74       
*  2024  1  1 14  0  0.00000000
PG01 -18790.244351  -8521.222510  16575.640685    165.031834  6     4  35       
PG02 -20774.507063 -12658.970602  11437.189909   -507.240517  4  5  5  75       
PG03 -15332.156947  -1098.185681  21498.426409     96.124341  4  3  7  63       
PG04 -26203.525719  -1713.627889   4445.874992    254.829548  7  4  6  73       
PG05  10039.049620  13254.520560 -20868.576949   -156.331284  6  5  2  39       
PG06   3225.638090  21878.575923  14703.788285    459.413034  3  1  2  63       
PG07 -13604.317870   7049.562838 -21235.907615    -26.545012  3  3  2  60       
PG08 -22834.893893  -6216.674082 -12552.942922   -159.924208  7  5  6  45       
PG09 -24451.717428   7747.632337  -7101.601207     45.011287  4  4  3  37       
PG10  10483.373338 -24190.653137   1086.287979    -67.615290  6  2  4  54       
PG11  11225.346428  23678.757113   4516.103800   -523.548518  2  2  4  53       
PG12  15554.242812   2209.479959  21123.588163   -463.463771  8  3  4  58       
PG13  14448.214097  13247.603195 -18225.484951    611.555566  6  6  5  70       
PG14 -13426.691889  22651.286208  -2600.828364    286.872406  5  3  5  43       
PG15  23092.364005   4392.414541 -13053.270731    112.812280  5  4  6  60       
PG16  -4122.667115 -18667.216918 -18565.825631   -392.864933  7  4  4  54       
PG17 -14811.084526  12930.182915  18356.007920    720.856381  4  4  5  65       
PG18  12227.560804  -8540.132296 -21959.710807   -521.327096  7  4  5  71       
PG19  -4871.991011  14580.206976  21427.189779    420.535169  4  5  3  56       
PG20   2627.257165  23528.532409 -12157.370655    393.706335  5  3  5  68       
PG21 -20520.290235 -16157.006828   7580.736825    139.773788     4  3  89       
PG22  -9626.291412  24366.438412   5662.906012     55.765010  3  3  4  63       
PG23  15960.900928 -17906.920494 -11176.863756    126.953919 10  6  6  69       
PG24  20781.386329  13718.510199   9402.691647   -405.370327  6  5  2  38       
PG25  17557.095448 -10586.581430  16400.923355    483.687442  5  2  4  30       
PG26   1026.625301 -24328.225449 -10293.157331    204.259248  4  3  4  76       
PG27 -11270.294561 -13206.067363 -20481.621404 999999.999999 11  8  8           
PG28  -1263.465335 -20803.802006  16440.337263    -86.091798     6  6  47       
PG29  25443.335231  -4603.264760  -6348.118343   -609.227974  8  4  6  41       
PG30  -5567.118915  17060.334017 -19376.808318   -450.658350  3  3  6  64       
PG31  -7904.880999 -23382.876470   9034.121666   -227.036023     3  5  64       
PG32  10298.440443 -14778.317133  19639.311073   -601.584213  3  2  4  68       
*  2024  1  1 14 15  0.00000000
PG01 -19761.524844 -10063.505393  14526.042550    165.032492  6  2  3  85       
PG02 -21361.833156 -13595.862681   8904.312974   -507.235368  4  5  5  88       
PG03 -14370.645742  -3418.289824  21921.687345     96.148233  4  3  6  63       
PG04 -25562.939101  -1996.179737   7197.069544    254.838432  7  4  6  76       
PG05   9156.584604  15369.647724 -19778.390565   -156.332753  5  5  2  62       
PG06   2069.524370  20510.243703  16759.838527    459.401767  3  1     38       
PG07 -15088.225307   5025.142414 -20856.655631    -26.553379  3  3  2  70       
PG08 -21343.944510  -6627.684504 -14748.782481   -159.926143  7  5  6  50       
PG09 -25125.676371   7593.095710  -4356.366335     45.022097  4  3  3  51       
PG10  10660.104877 -24044.760944  -1830.786870    -67.616530  7  3  5  45       
PG11  10660.718620  23251.485834   7272.635490   -523.561611  2  2  4  55       
PG12  14451.148151   4455.463918  21549.251496   -463.467233  8  4  4  27       
PG13  12325.339752  13305.220098 -19681.211309    611.558483  6  6  6  71       
PG14 -13509.514940  22103.606200  -5389.627532    286.881742  5  3  5  73       
PG15  21666.485031   5015.863455 -15162.589849    112.815772  5  5  6  70       
PG16  -3043.617750 -20341.319056 -16869.844271   -392.858241  7  3  4  45       
PG17 -16731.708981  12923.504465  16596.200590    720.855443  4  4  4  52       
PG18  13688.612994  -6507.600327 -21809.519070   -521.335680  7  4  5  66       
PG19  -7327.458794  14543.299223  20717.098104    420.539793  4  5  4  49       
PG20   2114.563386  24697.779462  -9719.392799    393.704733  5  3  5           
PG21 -20824.188548 -16740.989642   4893.593697    139.772816     4  3  92       
PG22 -10026.735037  24645.702250   2875.301953     55.758727  3  3  4  89       
PG23  15611.251701 -16515.791141 -13570.604119    126.960471 10  6  6  84       
PG24  21223.394273  14629.774420   6836.305122   -405.377167  6  6  2  20       
PG25  16958.462284  -8622.575575  18086.350392    483.688709  4  3  4  51       
PG26   1669.920077 -25196.298321  -7740.877499    204.256213  4  2  4  72       
PG27  -8966.500928 -13551.072620 -21349.127485 999999.999999 10  8  8           
PG28    100.214419 -19354.043453  18165.626639    -86.101518     6  7  60       
PG29  26010.320435  -4423.238971  -3546.643861   -609.227543  8  4  6  44       
PG30  -7051.628226  15281.271506 -20371.015513   -450.654276  4  4  6  58       
PG31  -6971.915572 -22551.667920  11549.632828   -227.036450     3  5  72       
PG32  12433.917258 -14923.141305  18210.359517   -601.587089  3  3  5  56       
*  2024  1  1 14 30  0.00000000
PG01 -20661.439586 -11351.763457  12225.018179    165.033164  6  3  3  80       
PG02 -21792.065541 -14297.326603   6222.974094   -507.230560  4  6  5  73       
PG03 -13529.635581  -5811.842062  21962.347911     96.172145  4  2  6  43       
PG04 -24637.577832  -2356.115065   9825.384843    254.847298  7  4  6  53       
PG05   8429.825611  17395.082535 -18352.024005   -156.333883  5  5  2  49       
PG06    700.316145  19043.031780  18527.726340    459.390540  3  1     18       
PG07 -16624.701198   3130.909055 -20104.746226    -26.561910  3  3  2  73       
PG08 -19648.251594  -7165.187456 -16696.896801   -159.929060  6  6  6  36       
PG09 -25499.216125   7409.912690  -1536.550661     45.032898  4  3  2  22       
PG10  10734.026003 -23595.203435  -4715.631002    -67.618128  7  4  5  74       
PG11   9888.864935  22612.872890   9904.454875   -523.574700  3  2  4  63       
PG12  13454.952194   6779.773117  21594.171344   -463.470516  7  5  4  55       
PG13  10063.494142  13484.201792 -20805.914563    611.562166  5  6  6  70       
PG14 -13505.721264  21270.967925  -8084.606390    286.891035  5  2  5  79       
PG15  20066.068573   5776.761920 -17021.186947    112.819206  6  5  6  71       
PG16  -2136.953397 -21884.550075 -14884.919965   -392.851480  7  3  4  33       
PG17 -18441.746254  12996.157922  14560.776273    720.854887  5  3  4  51       
PG18  15232.434234  -4588.417862 -21284.012293   -521.344306  7  5  5  51       
PG19  -9681.999321  14628.550876  19642.019797    420.544712  3  5  4  48       
PG20   1711.656587  25610.989382  -7115.352437    393.703183  4  3  5  49       
PG21 -20944.107556 -17099.390234   2127.729570    139.771979  1  4  3  77       
PG22 -10282.151645  24658.913698     39.357382     55.752977  2  4  4  75       
PG23  15257.135241 -14861.950193 -15728.406247    126.967011 10  6  7  74       
PG24  21499.837829  15307.733252   4153.634180   -405.384035  6  6  2  64       
PG25  16400.977241  -6465.802968  19449.406412    483.689979  4  3  4  12       
PG26   2193.866140 -25807.925953  -5053.130837    204.253134  4  2  4  87       
PG27  -6605.866549 -14034.416758 -21860.193223 999999.999999 10  8  8           
PG28   1657.027335 -17845.425903  19577.744104    -86.111246  2  6  7  60       
PG29  26267.864140  -4240.730248   -684.547038   -609.227495  7  5  6  60       
PG30  -8676.785139  13504.962300 -21009.261709   -450.650210  4  4  6  31       
PG31  -5824.657215 -21553.016605  13859.935049   -227.036757  1  3  4  29       
PG32  14386.067212 -15145.593792  16470.347545   -601.589971  4  3  5  69       
*  2024  1  1 14 45  0.00000000
PG01 -21446.456033 -12382.452767   9713.459102    165.033877  6  4  3  94       
PG02 -22027.941652 -14776.549328   3437.367449   -507.225518  5  6  5  74       
PG03 -12826.883603  -8230.398538  21620.036201     96.196023  4  2  5  34       
PG04 -23451.387229  -2824.676124  12285.898439    254.856147  6  3  6  34       
PG05   7852.929996  19284.471841 -16613.183908   -156.334987  5  4  3  36       
PG06   -874.210379  17523.786713  19977.443364    459.379257  2  1  1  44       
PG07 -18175.347831   1397.281453 -18995.524320    -26.570274  4  3  3  73       
PG08 -17786.247033  -7846.635248 -18364.086084   -159.930915  6  6  6  60       
PG09 -25573.326080   7160.888308   1309.591824     45.043708  4  3  3  30       
PG10  10744.068645 -22836.165139  -7517.320938    -67.619491  8  5  6  18       
PG11   8894.362585  21799.445641  12366.455546   -523.587736  3  3  4  51       
PG12  12586.362227   9135.946208  21257.761656   -463.474214  7  5  4  19       
PG13   7707.735995  13797.468875 -21580.461407    611.565970  5  6  6  55       
PG14 -13452.734663  20155.458460 -10638.885320    286.900339  4  3  4  73       
PG15  18330.399154   6686.389965 -18599.050685    112.822730  6  6  6  66       
PG16  -1394.028454 -23252.933806 -12643.659876   -392.844732  7  3  5  38       
PG17 -19910.843409  13116.942796  12282.839205    720.853751  5  2  4  48       
PG18  16822.361457  -2815.983421 -20392.775674   -521.352957  7  5  4  46       
PG19 -11889.016574  14818.012925  18220.249603    420.549375  3  5  4  69       
PG20   1388.520563  26244.517391  -4389.880076    393.700956  5  3  5  61       
PG21 -20848.772477 -17252.927365   -672.495513    139.770872  2  5  3  79       
PG22 -10424.689228  24386.842447  -2797.209707     55.747207  2  4  4  77       
PG23  14936.397187 -12969.200771 -17612.996966    126.973532 10  6  7  45       
PG24  21579.627244  15768.990892   1400.681426   -405.390881  6  6  2  68       
PG25  15915.147366  -4152.892761  20465.829011    483.691242  4  3  4           
PG26   2626.665732 -26140.043973  -2276.735399    204.250110  4  1  4  64       
PG27  -4235.426666 -14653.824457 -22005.271449 999999.999999 10  8  8           
PG28   3391.648041 -16321.832930  20652.295428    -86.120982  2  5  7  63       
PG29  26215.298236  -4017.323375   2189.251434   -609.226905  6  5  6  67       
PG30 -10418.384731  11772.164969 -21281.057362   -450.646126  4  4  6  38       
PG31  -4459.316753 -20428.804495  15923.981989   -227.036915  2  4  4  58       
PG32  16120.976770 -15415.778632  14448.216909   -601.592854  5  4  5  64       
*  2024  1  1 15  0  0.00000000
PG01 -22074.802073 -13161.166517   7035.457331    165.034531  6  5  3  95       
PG02 -22036.595332 -15053.881949    593.870559   -507.220557  5  6  5  82       
PG03 -12271.853002 -10623.502906  20901.135841     96.219864  4  2  5   6       
PG04 -22035.386696  -3428.092441  14536.502731    254.865122  6  2  6  68       
PG05   7412.251767  20994.300921 -14590.937816   -156.336324  5  4  4  63       
PG06  -2637.600953  15998.357480  21084.497741    459.367995  2  1  2  27       
PG07 -19698.546654   -153.079805 -17550.679357    -26.578683  4  3  3  75       
PG08 -15800.254706  -8682.280550 -19721.653306   -159.933608  6  6  6  80       
PG09 -25357.597546   6810.368843   4133.260358     45.054522  4  2  3  36       
PG10  10730.233009 -21771.364326 -10186.252503    -67.620787  8  5  6  57       
PG11   7669.686075  20851.462568  14616.443019   -523.600799  3  4  4  42       
PG12  11858.187585  11475.009837  20546.334239   -463.477557  7  5  4  59       
PG13   5305.482676  14250.085063 -21991.453630    611.569292  5  6  6  22       
PG14 -13387.825954  18767.848432 -13008.090903    286.909685  4  3  3  85       
PG15  16501.067311   7748.888271 -19870.728397    112.826207  6  6  5  80       
PG16   -798.688431 -24406.100183 -10183.474667   -392.837901  7  3  5  64       
PG17 -21115.669774  13250.402350   9799.627160    720.853220  5  1  4  24       
PG18  18417.282842  -1216.594726 -19151.630365   -521.361570  7  6  4  52       
PG19 -13906.654537  15086.634883  16476.423153    420.554245  3  5  3  68       
PG20   1111.501498  26582.446485  -1589.562921    393.699115  5  4  6  36       
PG21 -20512.218024 -17228.183974  -3461.737885    139.769765  2  5  4  49       
PG22 -10489.835100  23818.191492  -5586.169825     55.741187  1  4  3  77       
PG23  14682.835041 -10869.163648 -19191.960444    126.980067 10  6  7  86       
PG24  21436.676287  16036.661703  -1375.874814   -405.397685  6  7  3  65       
PG25  15525.488086  -1726.243191  21117.760094    483.692482  4  3  4  15       
PG26   3000.224466 -26177.358030    539.680706    204.247106  4  1  4  77       
PG27  -1901.698416 -15399.006346 -21780.734592 999999.999999 10  9  8           
PG28   5280.824307 -14824.822066  21370.709992    -86.130695  3  5  7  15       
PG29  25860.866852  -3715.621961   5025.579298   -609.226594  6  5  6  47       
PG30 -12245.757733  10119.393779 -21182.415567   -450.642082  4  4  5  58       
PG31  -2880.716700 -19222.744304  17705.260997   -227.037209  3  4  4  79       
PG32  17611.558948 -15699.128997  12177.897293   -601.595759  5  4  4  73       
*  2024  1  1 15 15  0.00000000
PG01 -22508.104394 -13702.136821   4237.491495    165.035171  6  5  4  82       
PG02 -21790.937888 -15155.984329  -2259.645313   -507.215578  5  6  6  57       
PG03 -11865.438046 -12940.481735  19818.641733     96.243764  4  2  4  39       
PG04 -20426.549806  -4186.383467  16538.613545    254.874017  5  2  5  23       
PG05   7086.986244  22485.441409 -12319.272386   -156.337279  5  3  4  60       
PG06  -4565.185916  14509.890287  21830.303438    459.356765  1  1  3           
PG07 -21151.076613  -1505.886605 -15797.686565    -26.587008  4  3  3  54       
PG08 -13735.034749  -9674.606796 -20745.895980   -159.935700  6  7  6  53       
PG09 -24869.817640   6325.811913   6885.936007     45.065315  4  2  3  53       
PG10  10731.810260 -20414.047792 -12675.093260    -67.622250  8  6  7  70       
PG11   6215.691810  19811.326151  16615.849014   -523.613865  2  4  4  74       
PG12  11274.937204  13747.249803  19472.952695   -463.481351  6  5  4  60       
PG13   2904.913665  14838.978875 -22031.462005    611.572555  4  6  7  40       
PG14 -13346.498288  17127.303719 -15151.148708    286.918998  3  3  3  27       
PG15  14620.548676   8960.976436 -20815.654443    112.829504  6  6  5  73       
PG16   -328.014642 -25308.841594  -7546.020566   -392.830958  7  3  5  44       
PG17 -22040.693178  13358.240307   7152.000593    720.852302  6  1  4  40       
PG18  19973.145956    191.361264 -17582.329060   -521.370139  7  6  3  65       
PG19 -15699.291701  15403.326543  14441.083204    420.558849  4  5  3  58       
PG20    844.795690  26617.144486   1237.835844    393.697595  4  4  6  58       
PG21 -19914.891458 -17056.582072  -6194.263508    139.768939  2  5  4  46       
PG22 -10514.922070  22950.199461  -8279.566672     55.735082  2  4  3  67       
PG23  14524.793654  -8600.207256 -20438.294023    126.986567  9  5  7  85       
PG24  21050.929755  16139.271218  -4129.431367   -405.404559  6  7  3  59       
PG25  15249.515338    767.487018  21394.077897    483.693750  4  3  3  43       
PG26   3348.681973 -25912.995731   3346.574944    204.244055  4  2  4  88       
PG27    350.878951 -16251.933900 -21189.009314 999999.999999 10  9  7           
PG28   7294.086565 -13392.088895  21720.564954    -86.140401  4  5  7  50       
PG29  25221.393112  -3300.881303   7775.840579   -609.226134  5  5  7  62       
PG30 -14122.838440   8577.639126 -20715.871568   -450.638014  5  3  5  30       
PG31  -1102.302942 -17978.616448  19172.491184   -227.037515  3  4  4  70       
PG32  18838.464090 -15957.817098   9697.783514   -601.598630  5  5  4  50       
*  2024  1  1 15 30  0.00000000
PG01 -22712.882394 -14027.421454   1367.604745    165.035831  6  6  4  64       
PG02 -21270.862220 -15114.723808  -5074.561524   -507.210903  5  6  6  44       
PG03 -11600.041821 -15132.246946  18391.893362     96.267658  4  2  4  14       
PG04 -18666.468405  -5112.400073  18257.823758    254.882940  5  3  5  25       
PG05   6850.099540  23724.553207  -9836.564350   -156.339345  5  3  5  59       
PG06  -6624.859469  13097.245945  22202.467559    459.345528  2  1  4  46       
PG07 -22489.777869  -2655.480735 -13769.152045    -26.595652  4  3  4  63       
PG08 -11636.236851 -10818.049676 -21418.534045   -159.937617  6  7  6  69       
PG09 -24135.259057   5679.245741   9520.212492     45.076068  4  2  3  35       
PG10  10785.633642 -18786.605678 -14939.696988    -67.623641  8  6  7  75       
PG11   4541.783511  18721.926963  18330.384552   -523.626929  2  5  4  64       
PG12  10832.769312  15904.011836  18057.149254   -463.484974  6  5  5  55       
PG13    553.344282  15552.976071 -21699.176666    611.575974  4  5  6  18       
PG14 -13360.954967  15260.775109 -17031.010968    286.928326  2  3  3  60       
PG15  12730.769159  10311.938128 -21418.419112    112.833214  6  6  4  76       
PG16     46.645242 -25932.507212  -4776.536277   -392.824392  7  3  5  90       
PG17 -22678.690258  13400.868257   4383.865067    720.851311  5     4  59       
PG18  21444.583555   1397.906638 -15712.155887   -521.378708  7  7  2  41       
PG19 -17238.791046  15732.285223  12150.117781    420.563550  4  5  4  56       
PG20    552.015535  26349.519057   4044.170710    393.695503  4  5  6  57       
PG21 -19044.567971 -16773.176698  -8824.579813    139.767522  3  4  4  70       
PG22 -10537.541927  21788.942066 -10830.533110     55.729039  3  5  2  42       
PG23  14483.992602  -6206.122332 -21330.860092    126.993075  9  5  6  80       
PG24  20409.164367  16109.486101  -6814.179397   -405.411362  6  7  4  75       
PG25  15097.046670   3279.058293  21290.579447    483.695028  4  3  2  49       
PG26   3706.842330 -25348.833968   6094.418413    204.241063  4  3  5  82       
PG27   2481.441592 -17187.414341 -20238.628387 999999.999999  9  9  7           
PG28   9394.742971 -12056.092891  21695.802534    -86.150131  4  5  7  52       
PG29  24321.630065  -2742.544820  10392.838047   -609.225695  5  5  7  58       
PG30 -16009.447448   7171.325531 -19890.380432   -450.633929  5  3  4  31       
PG31    854.201073 -16738.522365  20300.204566   -227.037844  3  5  3  72       
PG32  19790.707298 -16152.315705   7050.122964   -601.601535  5  5  4  65       
*  2024  1  1 15 45  0.00000000
PG01 -22661.845458 -14165.815372  -1525.410734    165.036538  6  6  5  81       
PG02 -20464.219115 -14965.861233  -7802.308390   -507.205877  5  6  6  41       
PG03 -11460.000611 -17153.033790  16646.193247     96.291556  4  2  3  77       
PG04 -16799.850259  -6211.142474  19664.491472    254.891869  4  4  4  28       
PG05   6669.510381  24685.286171  -7184.969439   -156.340280  5  3  5  71       
PG06  -8778.144845  11793.598714  22194.973042    459.334283  2  1  4  53       
PG07 -23673.190758  -3604.737100 -11502.085825    -26.603891  4  3  5  44       
PG08  -9548.816739 -12099.024423 -21727.065605   -159.939129  6  8  6  67       
PG09 -23185.691402   4848.559989  11990.615165     45.086838  4  2  4  27       
PG10  10924.433688 -16919.819893 -16939.957023    -67.625026  8  6  7  51       
PG11   2665.751462  17624.982255  19730.621397   -523.639960  2  5  5  45       
PG12  10519.792134  17899.456979  16324.513679   -463.488812  6  5  5  76       
PG13  -1704.373066  16373.144341 -20999.470110    611.579542  3  5  6  49       
PG14 -13458.711591  13202.090994 -18615.305194    286.937685  2  4  2  70       
PG15  10871.702326  11783.872310 -21668.978492    112.836794  6  6  4  84       
PG16    358.394962 -26256.173635  -1923.081317   -392.817691  7  4  6  79       
PG17 -23030.967240  13339.031494   1541.528666    720.850244  4     4  53       
PG18  22786.594738   2401.643432 -13573.439066   -521.387318  6  7  2  48       
PG19 -18505.451480  16034.532791   9644.082357    420.568434  5  6  5  41       
PG20    197.774280  25788.962694   6781.708585    393.694026  4  6  6  45       
PG21 -17897.041694 -16415.301632 -11308.105710    139.766681  4  4  5  47       
PG22 -10593.924647  20349.311174 -13194.126051     55.723045  3  5  2  52       
PG23  14574.630726  -3734.594656 -21854.727329    126.999628  8  5  6  71       
PG24  19505.540593  15982.722388  -9385.785476   -405.418240  6  7  4  80       
PG25  15069.839532   5758.427593  20810.011327    483.696298  5  3  2  31       
PG26   4108.570520 -24495.484347   8734.634866    204.238007  3  4  5  79       
PG27   4454.082131 -18173.951540 -18944.193224 999999.999999  9  9  6           
PG28  11541.122284 -10842.898147  21296.836501    -86.159877  5  5  7  64       
PG29  23193.319396  -2015.624442  12831.576956   -609.225306  5  6  6  52       
PG30 -17862.736110   5917.545126 -18721.098865   -450.629879  5  3  4  50       
PG31   2959.481426 -15541.229350  21069.197354   -227.037828  3  5  3  81       
PG32  20465.984046 -16243.052415   4280.320231   -601.604454  5  5  3  71       
*  2024  1  1 16  0  0.00000000
PG01 -22334.950884 -14151.535018  -4392.810088    165.037254  6  7  6  86       
PG02 -19367.520240 -14747.567459 -10395.201688   -507.201045  5  5  6  75       
PG03 -11422.334700 -18962.006359  14612.320452     96.315471  4  4  3  59       
PG04 -14872.906174  -7479.382058  20734.252989    254.900827  4  5  4  30       
PG05   6509.481652  25349.233632  -4409.736310   -156.342111  5  3  5  50       
PG06 -10981.504252  10625.268092  21808.255699    459.323004  2  2  4  58       
PG07 -24663.104746  -4364.630588  -9037.126409    -26.612568  4  3  5  69       
PG08  -7515.472591 -13496.263294 -21665.042134   -159.940468  6  9  7  55       
PG09 -22058.150728   3818.576402  14254.393748     45.097596  5  3  4  47       
PG10  11175.369040 -14851.776481 -18640.576840    -67.626347  8  6  7  67       
PG11    613.290859  16559.432419  20792.492524   -523.653002  3  6  5  59       
PG12  10316.699024  19692.199558  14306.166799   -463.492311  5  5  6  66       
PG13  -3827.362997  17273.441084 -19943.369299    611.582982  3  4  5  58       
PG14 -13661.407987  10990.790124 -19876.891913    286.947029  2  4  2  27       
PG15   9080.043728  13352.202259 -21562.805036    112.840289  6  6  4  75       
PG16    643.302561 -26267.536612    964.313354   -392.810907  7  4  6  78       
PG17 -23107.276681  13135.456368  -1327.002119    720.849922  4     4  65       
PG18  23956.217779   3209.593845 -11202.985746   -521.395953  6  7  1  48       
PG19 -19488.619698  16269.596568   6967.421924    420.572992  5  6  5  70       
PG20   -250.770098  24952.990967   9403.913122    393.692446  4  7  6  61       
PG21 -16476.559429 -16021.106354 -13601.876966    139.765579  5  4  5  52       
PG22 -10717.346254  18654.661340 -15328.165041     55.717205  4  4  2  74       
PG23  14802.801339  -1235.536751 -22001.397156    127.006123  8  5  5  67       
PG24  18341.891989  15795.683012 -11802.030000   -405.425057  5  7  5  75       
PG25  15161.578846   8156.546825  19961.951652    483.697568  5  3  3   5       
PG26   4585.223626 -23371.934499  11220.528134    204.234960  3  4  6  62       
PG27   6239.062094 -19174.868405 -17326.240820 999999.999999  9 10  4           
PG28  13688.017121  -9771.273663  20530.545932    -86.169593  6  5  7  25       
PG29  21873.992639  -1101.870886  15050.036756   -609.224935  5  6  6  12       
PG30 -19638.734179   4825.592551 -17229.059366   -450.625877  5  4  3  39       
PG31   5177.630411 -14420.676874  21466.843110   -227.038070  3  5  2  61       
PG32  20870.657052 -16192.092425   1436.168383   -601.607357  5  5  3  52       
*  2024  1  1 16 15  0.00000000
PG01 -21720.189917 -14022.729290  -7186.662810    165.037960  6  6  6  89       
PG02 -17986.330063 -14498.822567 -12807.306199   -507.196107  5  5  6  61       
PG03 -11457.792363 -20524.668867  12325.951000     96.339355  4  5  4  52       
PG04 -12931.686847  -8905.603427  21448.451710    254.909817  4  5  3  53       
PG05   6332.170055  25706.598243  -1558.454461   -156.343390  4  3  5  58       
PG06 -13187.843827   9610.825853  21049.176106    459.311686  2  2  3  52       
PG07 -25425.959713  -4953.497406  -6417.738715    -26.620928  3  3  5  41       
PG08  -5575.158884 -14981.456733 -21232.254801   -159.941931  6 10  8  54       
PG09 -20793.513625   2581.855561  16272.274484     45.108366  5  3  4  41       
PG10  11558.796575 -12626.487653 -20011.738733    -67.627653  8  6  6  65       
PG11  -1582.783356  15559.956452  21497.703505   -523.666073  3  6  5  51       
PG12  10197.707106  21246.762112  12038.133930   -463.495807  5  5  6  74       
PG13  -5780.101416  18221.644422 -18547.933814    611.586012  3  4  5  61       
PG14 -13983.866683   8670.741655 -20794.322031    286.956385  2  4  2  69       
PG15   7388.004786  14986.426910 -21100.977702    112.843623  5  5  4  81       
PG16    938.766505 -25963.478331   3834.567161   -392.804227  6  5  6  55       
PG17 -22925.425416  12756.458588  -4172.782560    720.849160  3  2  5  56       
PG18  24914.131912   3836.718767  -8641.449187   -521.404542  6  7  2  57       
PG19 -20186.937018  16397.261565   4167.612235    420.577802  5  6  6  42       
PG20   -822.469815  23866.588293  11866.207495    393.691163  3  7  6  69       
PG21 -14795.969594 -15628.030380 -15665.281029    139.764612  5  4  5  82       
PG22 -10936.630468  16736.126440 -17194.056685     55.711310  4  4  2  66       
PG23  15166.238811   1240.655846 -21768.913824    127.012630  7  6  5  78       
PG24  16927.747232  15584.875830 -14023.399962   -405.431847  5  6  5  80       
PG25  15358.209685  10427.106112  18762.550881    483.698889  6  3  3  41       
PG26   5164.184596 -22004.858527  13508.175199    204.231901  3  4  6  59       
PG27   7813.807480 -20149.655830 -15411.009614 999999.999999  9 10  3           
PG28  15788.272276  -8852.087751  19410.156281    -86.179294  6  5  6  36       
PG29  20405.559611      9.312706  17009.897658   -609.224497  6  6  6  23       
PG30 -21293.939175   3896.814592 -15440.746759   -450.621859  5  4  3  62       
PG31   7467.407761 -13404.705687  21487.264106   -227.038233  3  5  2  46       
PG32  21019.410235 -15964.782579  -1432.981016   -601.610193  5  5  2  43       
*  2024  1  1 16 30  0.00000000
PG01 -20814.080047 -13819.874652  -9860.582325    165.038715  6  6  6  48       
PG02 -16335.319153 -14257.757971 -14995.309838   -507.191186  6  5  6  59       
PG03 -11532.142492 -21814.029632   9826.998480     96.363268  3  6  4  82       
PG04 -11020.431993 -10470.271036  21794.475074    254.918764  4  6  3  66       
PG05   6099.274971  25756.540856   1319.752868   -156.344845  4  4  4  77       
PG06 -15348.156991   8760.510095  19930.888142    459.300418  3  2  3  38       
PG07 -25934.051136  -5396.032046  -3689.404833    -26.629579  3  4  6  49       
PG08  -3761.734053 -16520.180435 -20434.823978   -159.943340  6 10  8  45       
PG09 -19434.930264   1139.205872  18009.157636     45.119061  6  3  4  48       
PG10  12087.333558 -10292.282300 -21029.654683    -67.628958  8  6  6  34       
PG11  -3883.596365  14655.663085  21834.048057   -523.679079  3  7  5           
PG12  10131.756066  22534.790794   9560.635416   -463.499478  5  6  7  81       
PG13  -7533.598486  19180.537163 -16836.037742    611.589493  3  4  4  42       
PG14 -14433.434225   6288.607828 -21352.186815    286.965761  2  5  2  32       
PG15   5822.265777  16651.092152 -20290.209640    112.847174  5  5  4  88       
PG16   1281.802402 -25350.277422   6636.524638   -392.797160  6  5  6  77       
PG17 -22510.580037  12173.450431  -6946.737921    720.848434  2  3  5  25       
PG18  25626.128545   4305.135400  -5932.639028   -521.413227  5  7  2  68       
PG19 -20608.212283  16379.318325   1294.241970    420.582473  5  6  6  34       
PG20  -1540.895037  22561.285965  14126.704950    393.688953  4  7  6  57       
PG21 -12876.565978 -15271.267160 -17460.811827    139.763490  5  4  5  69       
PG22 -11274.808868  14631.622854 -18757.584740     55.705238  5  4  2  52       
PG23  15654.403818   3644.856041 -21161.858793    127.019159  7  6  4  56       
PG24  15280.088386  15385.162124 -16013.634210   -405.438680  5  6  5  71       
PG25  15638.595315  12528.150033  17234.143108    483.700204  6  3  3  65       
PG26   5867.562225 -20427.624859  15557.262883    204.228839  2  5  6  74       
PG27   9163.645091 -21055.503242 -13230.100151 999999.999999  9 10              
PG28  17794.457101  -8088.019569  17955.009792    -86.189009  7  5  6  60       
PG29  18832.737124   1320.250865  18677.209358   -609.224300  6  7  5  47       
PG30 -22786.885724   3124.775145 -13387.588432   -450.617852  5  4  3  58       
PG31   9783.710521 -12514.059717  21131.361797   -227.038382  3  5  2  55       
PG32  20934.579173 -15531.289247  -4277.094549   -601.612995  4  5  1  29       
*  2024  1  1 16 45  0.00000000
PG01 -19621.852237 -13584.113471 -12370.412037    165.039440  6  7  6  62       
PG02 -14437.963727 -14060.007476 -16919.388710   -507.186142  6  5  6  37       
PG03 -11607.662097 -22811.475310   7158.889229     96.387103  3  6  5  69       
PG04  -9179.994222 -12146.412637  21765.992806    254.927696  4  6  3  58       
PG05   5773.722418  25507.194902   4175.077850   -156.346401  4  4  4  61       
PG06 -17413.244902   8075.966583  18472.607281    459.289120  3  3  2  65       
PG07 -26166.501249  -5722.068631   -898.824113    -26.637968  3  4  6  71       
PG08  -2102.795123 -18073.079253 -19285.184772   -159.945463  6 11  9  67       
PG09 -18026.176790   -500.127682  19434.746890     45.129815  6  3  4  28       
PG10  12765.250983  -7900.033886 -21676.987416    -67.630171  7  5  6  74       
PG11  -6245.508826  13869.007554  21795.622370   -523.692077  3  7  5  63       
PG12  10083.913671  23535.986212   6917.312770   -463.502884  4  6  7  68       
PG13  -9066.344486  20109.303592 -14836.054045    611.592803  3  4  3  41       
PG14 -15009.629762   3892.210210 -21541.355977    286.975174  3  5  1  55       
PG15   4403.123479  18306.953077 -19142.810488    112.850703  5  4  4  88       
PG16   1707.324015 -24443.444114   9319.959762   -392.790856  6  5  6  85       
PG17 -21894.287905  11364.285499  -9600.508952    720.847722  3  3  5           
PG18  26064.397629   4643.065543  -3122.785773   -521.421846  5  7  3  54       
PG19 -20768.929048  16181.231410  -1601.940810    420.586975  5  6  6  43       
PG20  -2423.242933  21074.006666  16146.896938    393.687061  4  7  5  60       
PG21 -10747.614936 -14982.274813 -18954.831009    139.762600  5  4  5  66       
PG22 -11748.000739  12384.569977 -19989.644084     55.699583  5  4  3  41       
PG23  16248.901198   5930.897386 -20191.232261    127.025714  6  6  4  67       
PG24  13422.856583  15228.383260 -17740.220011   -405.445501  5  5  5  66       
PG25  15975.466905  14423.502576  15404.742746    483.701519  6  3  4  74       
PG26   6711.113541 -18679.043475  17331.847812    204.225819  2  4  6  73       
PG27  10282.245235 -21848.956834 -10820.028367 999999.999999  9 10              
PG28  19660.557573  -7473.598393  16190.229236    -86.198734  7  5  5  63       
PG29  17201.377545   2824.695716  20022.989862   -609.223672  6  6  5  47       
PG30 -24079.635245   2495.723925 -11105.370518   -450.613886  5  4  3  77       
PG31  12079.187936 -11761.697399  20406.711422   -227.038597  3  5  2  70       
PG32  20645.181106 -14867.965331  -7046.363393   -601.615867  4  6  2  59       
*  2024  1  1 17  0  0.00000000
PG01 -18157.331984 -13355.594375 -14674.863293    165.040225  7  6  6  77       
PG02 -12325.890684 -13937.136783 -18544.040783   -507.181597  6  5  6  55       
PG03 -11644.758116 -23507.325001   4367.787024     96.411054  3  7  5  76       
PG04  -7446.397786 -13900.499635  21363.091074    254.936623  4  5  4  62       
PG05   5321.317157  24975.341705   6957.904478   -156.347639  4  5  4  57       
PG06 -19335.450180   7550.325519  16699.282842    459.277789  4  3  1  69       
PG07 -26109.969039  -5965.200285   1906.864056    -26.646379  2  4  6  70       
PG08   -618.747079 -19597.268137 -17801.962640   -159.947078  6 11  9  60       
PG09 -16609.991148  -2318.605124  20524.098181     45.140623  6  3  4  47       
PG10  13588.221987  -5501.301171 -21943.133850    -67.630958  7  4  5  51       
PG11  -8621.599524  13214.975577  21382.934337   -523.705093  4  7  5  70       
PG12  10016.927332  24238.717652   4154.409293   -463.506474  4  6  7  79       
PG13 -10364.980209  20965.090078 -12581.441496    611.595970  2  5  3  14       
PG14 -15704.112810   1528.863517 -21359.101794    286.984475  3  5  2  35       
PG15   3143.864139  19912.291989 -17676.579579    112.853811  5  4  4  72       
PG16   2246.495078 -23267.180100  11836.583633   -392.784110  6  5  7  60       
PG17 -21113.243658  10314.382798 -12087.320968    720.847039  3  4  5  47       
PG18  26208.582046   4883.555725   -259.770929   -521.430484  4  6  3  71       
PG19 -20693.411500  15773.657730  -4469.994129    420.591767  4  6  6  46       
PG20  -3479.489210  19445.718030  17892.289145    393.685515  5  7  5  55       
PG21  -8445.565659 -14787.394409 -20118.317898    139.761850  6  4  5  39       
PG22 -12364.567056  10042.372807 -20866.895916     55.693585  5  4  4  71       
PG23  16924.211490   8057.143247 -18874.226558    127.032260  5  6  4  55       
PG24  11386.223420  15142.109797 -19174.840062   -405.452398  5  5  5  54       
PG25  16336.619459  16083.946912  13307.443846    483.702803  6  3  4  72       
PG26   7703.434668 -16801.906078  18801.021784    204.222792  2  4  6  55       
PG27  11171.746354 -22487.643824  -8221.671944 999999.999999  9 10              
PG28  21343.622866  -6995.568422  14146.280895    -86.208458  7  4  5           
PG29  15556.761008   4507.860821  21023.743226   -609.223311  6  6  4  44       
PG30 -25139.130693   1989.345950  -8633.592721   -450.609862  5  4  3  69       
PG31  14305.933295 -11152.434587  19327.329328   -227.038763  3  5  1  70       
PG32  20185.680808 -13958.487399  -9692.120807   -601.618736  4  5  2  46       
*  2024  1  1 17 15  0.00000000
PG01 -16442.522837 -13171.871487 -16736.101994    165.040990  7  6  6  51       
PG02 -10037.883160 -13915.221242 -19838.863858   -507.176248  6  5  6  66       
PG03 -11603.658744 -23901.046771   1501.782435     96.435013  3  7  5  69       
PG04  -5849.587703 -15693.592965  20592.298573    254.945542  4  5  4  66       
PG05   4712.295938  24185.755701   9619.695850   -156.349200  5  6  5  64       
PG06 -21070.339777   7168.609647  14641.179525    459.266450  4  4  2  67       
PG07 -25759.082782  -6161.292626   4680.824549    -26.654839  2  4  6  75       
PG08    677.852787 -21047.900344 -16009.734936   -159.948709  7 11  9  67       
PG09 -15226.457575  -4290.860425  21258.076706     45.151405  6  3  4  57       
PG10  14543.433035  -3146.460015 -21824.367518    -67.631928  7  4  5  40       
PG11 -10963.279895  12700.565986  20602.905321   -523.718193  3  6  5  68       
PG12   9892.856692  24640.302489   1319.923846   -463.509672  4  6  7  79       
PG13 -11424.662703  21704.672960 -10110.236042    611.599437  2  5  2  57       
PG14 -16500.969224   -756.258561 -20809.109512    286.993827  3  5  1  29       
PG15   2050.386544  21424.351280 -15914.625798    112.857474  5  4  5  77       
PG16   2925.227201 -21853.480701  14141.027455   -392.777242  6  5  7  47       
PG17 -20207.842902   9017.577816 -14362.859922    720.846211  3  4  5  35       
PG18  26046.561556   5063.018380   2607.665634   -521.439116  4  6  3  64       
PG19 -20412.688541  15133.751784  -7259.736074    420.596933  4  6  7  58       
PG20  -4711.814612  17719.944632  19332.976299    393.683569  5  7  5  45       
PG21  -6012.955972 -14706.637739 -20927.586314    139.759979  6  4  5  63       
PG22 -13124.583042   7654.724213 -21372.321858     55.687582  5  4  4  22       
PG23  17648.705500   9987.874780 -17233.897747    127.038798  5  6  4  75       
PG24   9205.652760  15148.553201 -20293.769004   -405.459190  4  4  5  34       
PG25  16686.299507  17488.118343  10979.740665    483.704071  5  3  4  84       
PG26   8845.453852 -14841.381666  19939.467859    204.219745  2  4  6  60       
PG27  11842.548858 -22931.995543  -5479.613318 999999.999999  8  9              
PG28  22805.302948  -6633.564138  11858.444483    -86.218182  7  4  4  36       
PG29  13941.916965   6346.790160  21661.886148   -609.222998  6  6  4  59       
PG30 -25938.367334   1579.758835  -6014.774627   -450.605880  5  4  4  71       
PG31  16417.183502 -10682.926405  17913.324437   -227.038955  3  5  2  63       
PG32  19594.540604 -12794.712622 -12167.750564   -601.621592  4  5  3  66       
*  2024  1  1 17 30  0.00000000
PG01 -14506.909867 -13066.416087 -18520.281451    165.041763  7  6  6  52       
PG02  -7618.577986 -14013.638366 -20779.252670   -507.171278  6  5  6  68       
PG03 -11446.107956 -24001.132408  -1389.938177     96.459062  4  7  6  71       
PG04  -4412.417944 -17482.712515  19466.502242    254.954471  4  4  4  53       
PG05   3922.717561  23170.242223  12113.874736   -156.350386  5  6  5  61       
PG06 -22578.274824   6908.457474  12333.374558    459.255094  4  3  3  61       
PG07 -25116.589050  -6346.947707   7377.230562    -26.663371  1  5  7  44       
PG08   1782.644880 -22379.844725 -13938.676458   -159.950660  7 10  9  90       
PG09 -13911.503509  -6384.481815  21623.712440     45.162161  6  3  3  77       
PG10  15610.049420   -882.903447 -21323.840769    -67.634124  7  4  5  53       
PG11 -13221.979793  12324.592229  19468.763707   -523.731249  4  6  5  56       
PG12   9674.720864  24746.946522  -1537.244464   -463.513423  4  6  7  73       
PG13 -12249.107898  22286.171348  -7464.450504    611.602764  2  6  2   9       
PG14 -17377.301976  -2921.663288 -19901.376419    287.003111  3  4  1  79       
PG15   1121.093092  22800.835228 -13885.109655    112.860583  5  3  5  67       
PG16   3762.893780 -20240.914678  16191.772334   -392.770383  6  5  7  64       
PG17 -19220.575620   7476.656942 -16386.136283    720.845765  4  5  5  33       
PG18  25574.937786   5219.649462   5430.729446   -521.447752  4  5  4  71       
PG19 -19963.108011  14246.205476  -9922.665311    420.601333  4  6  7  44       
PG20  -6114.329118  15941.193018  20444.147186    393.682139  6  7  4  84       
PG21  -3497.040455 -14752.704848 -21364.942839    139.759177  6  5  5  72       
PG22 -14019.660732   5271.795303 -21495.656062     55.681712  5  5  5  48       
PG23  18385.900786  11694.447194 -15298.743157    127.045296  3  6  4  78       
PG24   6920.783388  15263.675344 -21078.218145   -405.465985  4  4  5  49       
PG25  16986.724020  18623.082318   8462.788602    483.705327  5  3  4  72       
PG26  10130.246533 -12843.335659  20727.896118    204.216708  3  4  6  65       
PG27  12312.778616 -23146.899018  -2641.386565 999999.999999  7  9              
PG28  24013.217953  -6361.069104   9366.199437    -86.227917  7  4  4  61       
PG29  12396.040104   8311.050516  21926.074682   -609.222513  6  6  4  75       
PG30 -26457.338342   1236.716471  -3293.726126   -450.601891  5  4  4  77       
PG31  18368.959169 -10341.980991  16190.447399   -227.039485  3  4  3  54       
PG32  18912.613019 -11377.216390 -14429.565593   -601.624457  5  5  4           
*  2024  1  1 17 45  0.00000000
PG01 -12386.508753 -13067.289678 -19998.019571    165.042552  7  5  6  55       
PG02  -5116.902496 -14244.134644 -21346.990307   -507.166445  6  5  6  73       
PG03 -11136.997888 -23824.639241  -4257.929564     96.483033  5  7  6  67       
PG04  -3149.918637 -19222.379088  18004.752089    254.963402  4  3  4  64       
PG05   2935.631058  21966.403565  14396.679087   -156.352443  5  7  6  69       
PG06 -23825.809377   6741.133922   9815.177806    459.243741  4  3  3   5       
PG07 -24193.221627  -6557.973161   9951.922640    -26.671920  2  4  6   8       
PG08   2699.492457 -23549.407349 -11624.089892   -159.952574  8  9  8  81       
PG09 -12695.568564  -8561.074865  21614.446354     45.172922  5  4  3  55       
PG10  16760.011377   1246.617458 -20451.451506    -67.635937  7  4  5  20       
PG11 -15350.840878  12077.810823  17999.831178   -523.744291  4  6  5  81       
PG12   9328.095375  24573.354440  -4368.144240   -463.516968  4  6  7  80       
PG13 -12850.303632  22670.738830  -4689.388917    611.605971  2  6  1  39       
PG14 -18304.101615  -4930.926763 -18652.003855    287.012412  4  4  1  70       
PG15    347.058873  24001.430581 -11620.903303    112.863992  4  2  5  69       
PG16   4771.320398 -18473.133417  17951.998433   -392.763486  5  5  6  63       
PG17 -18194.321215   5703.543028 -18120.315381    720.845436  4  5  5  51       
PG18  24799.202650   5391.782222   8161.374734   -521.456405  4  5  4  62       
PG19 -19384.762684  13103.982865 -12412.828391    420.606236  3  6  6  52       
PG20  -7673.105885  14153.347677  21206.511960    393.680188  6  7  3  70       
PG21   -948.182807 -14930.286542 -21419.258475    139.758214  6  5  5  54       
PG22 -15033.137522   2942.390180 -21233.677191     55.675579  5  5  5  56       
PG23  19095.910397  13156.173137 -13102.193678    127.051792  2  5  4  66       
PG24   4574.167984  15496.525375 -21514.626433   -405.472782  4  3  5  54       
PG25  17199.666946  19484.583228   5800.624276    483.706630  5  3  4  77       
PG26  11543.177837 -10852.643062  21153.351929    204.213676  3  4  5  73       
PG27  12607.434738 -23103.206628    243.360669 999999.999999  5  8              
PG28  24942.106615  -6146.620011   6712.538478    -86.237669  8  4  3  66       
PG29  10953.062425  10363.722776  21811.423904   -609.222377  5  5  5  57       
PG30 -26683.723060    926.971010   -516.794212   -450.597916  5  4  4  93       
PG31  20121.582709 -10111.184833  14189.552259   -227.039454  2  3  3  65       
PG32  18181.442164  -9715.484811 -16437.636120   -601.627331  5  5  4  24       
*  2024  1  1 18  0  0.00000000
PG01 -10122.693314 -13196.021890 -21144.818599    165.043362  7  5  6  57       
PG02  -2584.312714 -14610.215401 -21530.710933   -507.161321  6  5  6  46       
PG03 -10645.877245 -23396.420200  -7053.316646     96.507002  5  6  6  47       
PG04  -2068.871728 -20866.270518  16231.956552    254.972290  4  3  4  84       
PG05   1741.971613  20616.180941  16427.973947   -156.353472  5  7  6  46       
PG06 -24786.866139   6632.790213   7129.483134    459.232414  4  3  4  52       
PG07 -23007.302270  -6827.908310  12363.019977    -26.680668  2  4  6  85       
PG08   3440.175546 -24516.028647  -9105.825213   -159.954713  8  7  7  92       
PG09 -11602.498638 -10777.568176  21230.261529     45.183736  4  4  3  71       
PG10  17959.123458   3205.447130 -19223.582616    -67.637029  7  4  4  59       
PG11 -17306.353358  11943.372344  16221.204329   -523.757336  4  6  4  48       
PG12   8822.597871  24142.032056  -7124.597687   -463.520585  5  6  7  69       
PG13 -13247.899408  22824.166846  -1832.884400    611.609239  2  6  2  42       
PG14 -19247.360817  -6753.878658 -17082.888124    287.021751  4  4  1  28       
PG15   -287.520065  24989.292774  -9159.165037    112.867272  5     5  80       
PG16   5954.099241 -16597.175015  19390.328517   -392.756894  5  5  7  57       
PG17 -17170.614176   3719.113693 -19533.491507    720.844607  4  5  5  67       
PG18  23733.583988   5616.238995  10753.095705   -521.465027  4  4  4  45       
PG19 -18719.796098  11708.724291 -14687.616891    420.610860  3  7  7  39       
PG20  -9366.525849  12398.097271  21606.644524    393.678426  7  7  3  71       
PG21   1581.930512 -15235.698086 -21086.424498    139.757209  7  5  5  42       
PG22 -16140.629488    712.145588 -20590.346111     55.669565  5  5  5  43       
PG23  19737.027566  14360.902703 -10682.030562    127.058289  2  5  4  36       
PG24   2209.908184  15848.827247 -21594.894926   -405.479566  4  3  5  60       
PG25  17288.049560  20076.963355   3039.362515    483.707877  5  4  4  66       
PG26  13062.363491  -8911.565068  21209.393538    204.210566  4  4  4  70       
PG27  12757.250646 -22779.036679   3123.775033 999999.999999  2  7              
PG28  25574.709655  -5955.208177   3943.220721    -86.247384  8  4  2  46       
PG29   9640.437621  12462.655714  21319.615143   -609.221740  5  5  5  59       
PG30 -26613.295598    615.740331   2268.902205   -450.593980  4  4  5  89       
PG31  21641.019004  -9965.807736  11945.986121   -227.039690  2  3  3  78       
PG32  17441.544694  -7827.751162 -18156.547527   -601.630238  6  4  4  31       
*  2024  1  1 18 15  0.00000000
PG01  -7760.840607 -13466.730156 -21941.425507    165.044165  7  5  7  76       
PG02    -72.907052 -15106.892385 -21326.214105   -507.156279  7  6  6  43       
PG03  -9948.279487 -22748.074500  -9728.602937     96.530966  5  6  7  67       
PG04  -1167.712820 -22368.928442  14178.471901    254.981182  4  4  4  78       
PG05    341.144587  19164.230020  18172.001626   -156.354525  5  6  6  62       
PG06 -25443.645210   6545.925533   4322.060304    459.221048  4  3  4  68       
PG07 -21584.092745  -7186.654792  14571.482912    -26.688917  2  4  6  61       
PG08   4023.761152 -25243.886067  -6427.595583   -159.956461  8  5  6  92       
PG09 -10648.709410 -12987.711518  20477.695718     45.194538  3  4  3  70       
PG10  19168.388395   4964.219135 -17662.725083    -67.638994  6  4  4  34       
PG11 -19049.873651  11897.578122  14163.336031   -523.770438  4  6  4  60       
PG12   8133.207732  23482.312849  -9759.991638   -463.523897  5  5  7  55       
PG13 -13468.292434  22718.334034   1055.527868    611.612795  3  6  3  47       
PG14 -20169.388564  -8367.541055 -15221.317668    287.031106  4  4  1  78       
PG15   -804.607794  25732.442958  -6540.826140    112.870931  5     5  58       
PG16   7306.259287 -14661.639095  20481.444789   -392.749841  5  5  7  69       
PG17 -16187.953568   1552.649730 -20599.382534    720.844085  5  5  5  63       
PG18  22400.573868   5926.742922  13161.694490   -521.473680  4  3  4  70       
PG19 -18010.659287  10070.808928 -16708.480662    420.615427  2  7  6  51       
PG20 -11165.922554  10713.449731  21637.233531    393.677083  7  7  2  65       
PG21   4042.184459 -15656.877474 -20369.664016    139.756535  7  6  5  57       
PG22 -17310.930394  -1378.144077 -19576.780141     55.663699  5  6  5  63       
PG23  20267.385614  15305.281111  -8079.737128    127.064786  2  5  4  40       
PG24   -127.770983  16314.834321 -21316.561075   -405.486321  4  3  5  68       
PG25  17217.473274  20412.764052    226.386526    483.709143  4  4  4  75       
PG26  14659.426625  -7058.254244  20896.139516    204.207522  4  4  4  77       
PG27  12797.311345 -22160.804547   5948.756157 999999.999999  1  5              
PG28  25902.354397  -5749.823067   1105.977654    -86.257160  8  5  2  67       
PG29   8478.185915  14561.935171  20458.887360   -609.221675  5  4  5  92       
PG30 -26250.041775    268.225377   5016.238464   -450.589977  4  4  5  89       
PG31  22899.992054  -9875.945758   9498.922202   -227.039751  2  2  3  76       
PG32  16730.742593  -5740.480884 -19556.069756   -601.633078  6  4  4  71       
*  2024  1  1 18 30  0.00000000
PG01  -5348.837957 -13885.510868 -22374.130683    165.045019  7  5  7  61       
PG02   2366.501843 -15720.806915 -20736.615644   -507.151449  7  6  5  44       
PG03  -9026.822135 -21916.661017 -12238.446591     96.554946  5  5  7  58       
PG04   -436.764139 -23687.449495  11879.591340    254.990106  4  5  4  79       
PG05  -1258.729231  17656.195358  19598.053000   -156.356089  5  6  5  61       
PG06 -25787.231496   6440.995481   1440.797567    459.209705  3  4  5  34       
PG07 -19954.923943  -7659.254331  16541.626606    -26.697514  3  3  6  33       
PG08   4475.671387 -25703.334169  -3636.200967   -159.956837  8  6  5  96       
PG09  -9842.652707 -15143.708185  19369.734239     45.205345  2  5  3  72       
PG10  20345.527891   6501.747857 -15796.997908    -67.640310  6  4  4  46       
PG11 -20548.964682  11910.913874  11861.522716   -523.783498  4  5  4  65       
PG12   7241.372636  22629.150500 -12230.022930   -463.527599  5  5  6  29       
PG13 -13543.442509  22332.440263   3925.488308    611.616253  3  7  3  60       
PG14 -21030.272449  -9756.788492 -13099.485033    287.040436  5  5  2  70       
PG15  -1231.357718  26205.021169  -3809.989925    112.874131  5     6  70       
PG16   8814.306581 -12714.814207  21206.562760   -392.743000  5  6  7  82       
PG17 -15280.230357   -759.072136 -21297.922539    720.843809  5  5  5  82       
PG18  20830.156413   6352.449425  15346.014600   -521.482340  5  3  4  70       
PG19 -17298.389254   8209.079178 -18441.546838    420.620430  2  7  6  45       
PG20 -13036.505668   9132.392104  21297.236505    393.675322  7  7  1  61       
PG21   6383.955232 -16173.765103 -19279.673749    139.755158  7  5  5  45       
PG22 -18507.219818  -3294.000381 -18211.060619     55.657591  4  6  5  98       
PG23  20646.630157  15994.677116  -5339.796307    127.071177  3  5  4  47       
PG24  -2395.961347  16881.459961 -20682.908194   -405.493124  4  4  5  65       
PG25  16957.638137  20512.032651  -2590.454398    483.710414  4  4  4  67       
PG26  16300.515890  -5325.446385  20220.190092    204.204491  4  4  4  80       
PG27  12765.482409 -21243.934254   8667.943897 999999.999999     2              
PG28  25925.218526  -5493.076900  -1750.313819    -86.266912  8  4  3  71       
PG29   7478.237494  16613.512589  19243.911380   -609.221224  4  4  5  85       
PG30 -25605.982807   -148.879097   7678.841043   -450.585963  4  4  5  77       
PG31  23878.841137  -9807.853015   6890.651192   -227.039926  3     3  71       
PG32  16082.617982  -3487.525184 -20611.722467   -601.635958  6  4  5  62       
*  2024  1  1 18 45  0.00000000
PG01  -2935.500551 -14450.123776 -22435.002014    165.045800  7  5  6   4       
PG02   4686.270308 -16430.727948 -19772.325866   -507.146101  7  6  5           
PG03  -7872.037517 -20943.224440 -14540.393477     96.578922  5  4  7  57       
PG04    141.209478 -24783.094576   9374.941636    254.998986  4  6  4  71       
PG05  -3040.919850  16136.953952  20681.044443   -156.357244  5  5  5  70       
PG06 -25817.877308   6278.106558  -1465.093975    459.198353  2  4  5  32       
PG07 -18156.133311  -8264.850605  18241.586478    -26.705876  3  3  6  41       
PG08   4826.485020 -25872.119375   -780.674205   -159.958643  7  7  4  94       
PG09  -9184.607068 -17197.917644  17925.584633     45.216149  2  5  3  83       
PG10  21446.626864   7805.589719 -13659.579397    -67.641314  6  4  4  71       
PG11 -21778.507036  11949.320611   9355.305499   -523.796532  4  6  4  30       
PG12   6135.864258  21621.726284 -14493.389294   -463.530594  5  5  6  24       
PG13 -13509.460506  21653.971393   6726.724551    611.619673  4  7  4  54       
PG14 -21789.432623 -10914.707128 -10753.923103    287.049741  5  5  2  45       
PG15  -1598.919361  26388.343117  -1013.245514    112.877766  5  2  6  71       
PG16  10456.630740 -10802.841184  21553.751531   -392.736213  4  6  6  75       
PG17 -14475.343540  -3173.010700 -21615.731697    720.842666  5  5  5  65       
PG18  19058.762921   6916.653070  17268.629095   -521.490977  5  4  4  41       
PG19 -16620.976685   6150.243806 -19858.137539    420.625528  3  7  6  51       
PG20 -14938.531026   7681.746255  20591.932617    393.673872  7  7  2  56       
PG21   8562.966178 -16759.062214 -17834.575874    139.754196  7  5  5  49       
PG22 -19688.527959  -5008.465974 -16517.876779     55.651916  4  6  4  66       
PG23  20837.540787  16442.787301  -2508.945277    127.077652  4  6  4  58       
PG24  -4554.478902  17528.684944 -19703.004648   -405.499958  4  4  4  46       
PG25  16483.596747  20401.368364  -5363.627262    483.711668  4  5  4  41       
PG26  17947.540285  -3739.387761  19194.429316    204.201486  4  5  5  64       
PG27  12700.716439 -20033.213673  11232.709321 999999.999999     2              
PG28  25652.263436  -5148.846346  -4576.476613    -86.276630  8  4  3  39       
PG29   6644.101043  18568.930083  17695.547945   -609.220757  4  4  6  81       
PG30 -24700.714361   -665.935766  10211.825641   -450.581947  4  4  5  70       
PG31  24566.090847  -9725.408021   4165.844819   -227.040198  3     3  57       
PG32  15525.154826  -1108.977908 -21305.223061   -601.638862  5  5  4  40       
*  2024  1  1 19  0  0.00000000
PG01   -568.951358 -15149.982851 -22122.050750    165.046596  7  5  6  65       
PG02   6843.675926 -17208.405329 -18450.852656   -507.141178  7  6  6  40       
PG03  -6482.905565 -19871.190275 -16595.557764     96.602926  5  4  7  39       
PG04    590.142725 -25622.752420   6707.797251    255.007869  4  7  4  65       
PG05  -4980.543588  14648.899840  21401.987078   -156.358836  6  5  5  58       
PG06 -25544.948516   6018.732429  -4345.902404    459.186999  2  5  5  52       
PG07 -16227.846274  -9015.866213  19643.736121    -26.714362  4  3  6  40       
PG08   5110.520512 -25736.315110   2088.632473   -159.960817  7  7  4  78       
PG09  -8666.800685 -19104.561502  16170.336991     45.226990  2  5  3  74       
PG10  22427.834690   8872.259472 -11288.065183    -67.642955  6  4  4  80       
PG11 -22721.537710  11975.653674   6687.794794   -523.809655  5  6  4  43       
PG12   4813.355287  20501.925259 -16512.418750   -463.534161  5  5  6   5       
PG13 -13405.025850  20679.350858   9409.978221    611.622801  5  7  5  56       
PG14 -22407.208070 -11842.642359  -8224.875828    287.059035  5  6  2  62       
PG15  -1941.062587  26271.712612   1801.097932    112.880765  5  3  6  67       
PG16  12204.256349  -8967.992679  21518.095810   -392.729557  4  6  6  85       
PG17 -13794.069177  -5641.368214 -21546.445831    720.842527  6  5  5  32       
PG18  17127.992017   7635.719329  18896.472983   -521.499601  5  4  5  40       
PG19 -16011.884533   3927.988752 -20935.182388    420.630035  3  7  5  55       
PG20 -16828.675441   6381.264815  19532.870900    393.671921  7  7  2  78       
PG21  10540.988033 -17379.344285 -16059.667422    139.753191  8  5  5  68       
PG22 -20811.391514  -6502.986890 -14528.015324     55.646167  4  6  4  66       
PG23  20807.541698  16670.933129    364.601322    127.084190  5  7  4  65       
PG24  -6567.189965  18230.233953 -18391.666646   -405.506867  5  4  4  20       
PG25  15776.801117  20112.748388  -8046.667617    483.712892  4  5  4  58       
PG26  19559.568395  -2319.035457  17837.717424    204.198531  4  4  5  73       
PG27  12641.310143 -18542.772435  13597.123131 999999.999999     7              
PG28  25100.840469  -4683.866817  -7323.881982    -86.286356  7  5  4  83       
PG29   5970.871012  20381.074892  15840.492909   -609.220354  5  5  6  71       
PG30 -23560.679293  -1309.030601  12572.507573   -450.577922  4  4  5  96       
PG31  24958.720514  -9591.657348   1370.804373   -227.040572  3     3  85       
PG32  15079.623970   1350.216777 -21624.808133   -601.641721  5  5  4  18       
*  2024  1  1 19 15  0.00000000
PG01   1704.982860 -15966.457734 -21439.324884    165.047397  7  5  6  63       
PG02   8802.458625 -18019.740262 -16796.433874   -507.136159  8  5  6  40       
PG03  -4867.070202 -18744.688750 -18369.241653     96.626917  5  4  7  16       
PG04    939.543535 -26180.198965   3924.323972    255.016771  4  8  4  32       
PG05  -7045.350676  13230.340178  21748.337660   -156.359692  6  5  5   4       
PG06 -24986.535033   5627.386382  -7152.250822    459.175680  2  5  5  58       
PG07 -14212.640849  -9917.419303  20725.058129    -26.722936  4  3  5  67       
PG08   5364.259360 -25290.934532   4920.999726   -159.962638  6  7  4  91       
PG09  -8273.861359 -20821.365462  14134.516313     45.237820  3  4  3  72       
PG10  23247.056792   9707.100962  -8723.768472    -67.644328  6  4  4  71       
PG11 -23369.783566  11951.273096   3904.929612   -523.822720  4  6  4  74       
PG12   3278.700404  19312.738274 -18253.632131   -463.537875  5  5  6  54       
PG13 -13269.696965  19414.246632  11927.926556    611.626416  5  6  5  70       
PG14 -22846.415287 -12549.935819  -5555.614180    287.068407  5  6  2  64       
PG15  -2292.668939  25852.948613   4583.847031    112.884506  5  4  6  84       
PG16  14021.901977  -7247.141845  21101.700759   -392.722515  4  6  6  82       
PG17 -13249.235783  -8113.312515 -21090.892135    720.841348  6  5  6  58       
PG18  15083.141312   8518.282821  20201.409868   -521.508199  5  5  5  57       
PG19 -15498.771050   1581.834761 -21655.524640    420.634896  4  7  5  41       
PG20 -18661.566142   5243.003289  18137.712161    393.670355  7  7  2  55       
PG21  12287.295557 -17996.484249 -13986.964181    139.752068  8  5  6  35       
PG22 -21831.625460  -7767.933668 -12277.710986     55.639935  4  5  4  77       
PG23  20530.045141  16707.078613   3231.948027    127.090693  6  8  4  57       
PG24  -8403.208669  18954.504403 -16769.338196   -405.513670  5  5  3  44       
PG25  14825.908756  19682.181420 -10594.893377    483.714084  3  5  4  34       
PG26  21094.334608  -1075.556372  16174.484589    204.195688  4  4  6  61       
PG27  12623.188851 -16795.679032  15718.874937 999999.999999     9              
PG28  24295.986020  -4069.216814  -9945.286488    -86.296150  7  4  5  74       
PG29   5445.573695  22005.894375  13710.815205   -609.220086  5  5  6  77       
PG30 -22218.201297  -2098.801559  14721.076229   -450.573897  4  4  5  69       
PG31  25062.129505  -9370.378541  -1447.294477   -227.040615  3     3  71       
PG32  14759.756894   3841.847771 -21565.422516   -601.644616  4  5  4  42       
*  2024  1  1 19 30  0.00000000
PG01   3844.305019 -16873.480364 -20396.925145    165.048165  7  5  5  93       
PG02  10534.080920 -18826.218779 -14839.510544   -507.130956  8  5  6  72       
PG03  -3040.732283 -17606.869554 -19831.486880     96.650827  5  4  6  89       
PG04   1223.142937 -26437.101744   1072.765822    255.025695  4  8  4  40       
PG05  -9196.813597  11914.068482  21714.223442   -156.360922  6  5  5  70       
PG06 -24168.738937   5073.185533  -9835.933849    459.164353  3  5  5  80       
PG07 -12154.137425 -10966.997897  21467.467621    -26.731466  5  4  5  82       
PG08   5624.676642 -24540.191990   7666.309478   -159.965882  5  7  4  88       
PG09  -7983.574781 -22311.072528  11853.535616     45.248720  4  4  3  90       
PG10  23865.572427  10323.824960  -6010.977746    -67.645866  6  4  4  75       
PG11 -23723.868312  11837.703021   1054.684252   -523.835789  4  7  4  56       
PG12   1544.914422  18096.647883 -19688.234668   -463.541246  5  5  6  61       
PG13 -13142.184519  17873.516465  14236.077673    611.629721  6  6  6  85       
PG14 -23073.820943 -13053.364070  -2791.708496    287.077718  5  6  2  59       
PG15  -2688.148245  25138.595502   7285.816622    112.887853  5  4  6  82       
PG16  15869.296181  -5670.482167  20313.546258   -392.716296  3  5  6  89       
PG17 -12845.245641 -10536.839582 -20257.102745    720.840630  6  5  6  75       
PG18  12971.604248   9564.744181  21160.723372   -521.516811  6  5  5  58       
PG19 -15102.461213   -844.210877 -22008.122081    420.639746  5  8  5  78       
PG20 -20391.408077   4270.994184  16429.964446    393.668662  6  7  3  60       
PG21  13779.802801 -18569.320740 -11654.546719    139.751216  8  5  6  37       
PG22 -22706.130284  -8802.740982  -9807.878491     55.634074  4  5  4  51       
PG23  19985.577845  16584.606424   6044.323424    127.097208  6  8  5  40       
PG24 -10037.920448  19665.721608 -14861.881890   -405.520467  5  4  3  44       
PG25  13627.323581  19148.239961 -12966.073728    483.715320  4  6  4  19       
PG26  22509.792308    -12.137884  14234.238479    204.192734  4  4  6  69       
PG27  12678.294986 -14823.171748  17560.117759 999999.999999    11              
PG28  23269.433480  -3281.634283 -12395.642889    -86.305877  7  5  5  85       
PG29   5047.838550  23404.004053  11343.395638   -609.219831  5  5  6  60       
PG30 -20710.314689  -3049.472432  16621.225853   -450.569841  4  4  5  63       
PG31  24889.805359  -9027.605442  -4241.150588   -227.040766  4  1  3  82       
PG32  14571.240607   6316.145640 -21128.773857   -601.647486  3  5  4  55       
*  2024  1  1 19 45  0.00000000
PG01   5812.256907 -17838.441519 -19010.938346    165.048969  7  6  5  80       
PG02  12018.652186 -19586.540978 -12616.058479   -507.126168  8  5  6  70       
PG03  -1028.223521 -16498.269092 -20957.551546     96.674786  4  4  6  68       
PG04   1477.374962 -26383.728549  -1797.409416    255.034567  4  8  4  38       
PG05 -11391.471913  10726.173066  21300.536603   -156.362277  5  6  4  63       
PG06 -23124.665748   4331.245817 -12350.741204    459.152927  3  5  5  71       
PG07 -10095.557592 -12154.403032  21858.087356    -26.739711  5  4  4  85       
PG08   5927.550577 -23497.399964  10276.005575   -159.966466  5  7  4  88       
PG09  -7767.919934 -23542.767856   9367.060573     45.259558  4  3  3  58       
PG10  24249.519227  10743.738660  -3196.186319    -67.647466  6  3  4  69       
PG11 -23793.184495  11598.294848  -1813.763766   -523.848830  5  7  4  79       
PG12   -367.148895  16894.055498 -20792.533692   -463.544522  5  5  6  54       
PG13 -13058.659996  16080.789856  16293.618189    611.633115  6  6  6  83       
PG14 -23061.473701 -13376.302074     19.731428    287.087034  6  6  2  78       
PG15  -3159.845108  24143.797096   9858.761328    112.891448  5  4  6  83       
PG16  17702.689709  -4260.546959  19169.201688   -392.709287  3  5  6  87       
PG17 -12577.965252 -12860.694844 -19060.163565    720.840353  6  6  6  51       
PG18  10841.191199  10767.086920  21757.524595   -521.525395  6  5  5  78       
PG19 -14836.199832  -3303.155279 -21988.145678    420.644456  5  8  6  48       
PG20 -21973.647575   3461.237804  14438.613822    393.667265  6  7  4  33       
PG21  15005.815411 -19055.490494  -9105.727033    139.750072  8  5  6  62       
PG22 -23394.653499  -9615.664456  -7163.250322     55.628135  4  5  4  67       
PG23  19162.648579  16340.898780   8753.881756    127.103685  7  9  6  62       
PG24 -11453.789934  20325.285081 -12700.274827   -405.527279  5  4  2  40       
PG25  12185.456761  18550.525042 -15121.048149    483.716518  4  6  4  24       
PG26  23765.653988    875.889267  12050.998679    204.189777  4  4  6  69       
PG27  12833.152594 -12663.555607  19088.214444 999999.999999    12              
PG28  22058.380825  -2304.613568 -14632.871050    -86.315650  7  5  6  77       
PG29   4750.867957  24542.124978   8779.276652   -609.219331  6  5  6  65       
PG30 -19077.432308  -4168.127087  18240.735322   -450.565803  4  4  6  88       
PG31  24462.711499  -8533.061935  -6964.071349   -227.041179  4  2  3  85       
PG32  14511.551767   8723.545973 -20323.254312   -601.650370  1  5  5  59       
*  2024  1  1 20  0  0.00000000
PG01   7578.552666 -18823.351969 -17303.282710    165.049742  8  6  5  72       
PG02  13245.479458 -20258.369806 -10166.801251   -507.121317  8  5  6  84       
PG03   1138.723085 -15455.289711 -21728.306729     96.698739  5  4  5  70       
PG04   1739.747748 -26019.331379  -4636.389582    255.043440  5  8  4  55       
PG05 -13582.478590   9685.128379  20514.897188   -156.363495  5  6  4  83       
PG06 -21893.155852   3383.852650 -14653.254555    459.141581  4  5  5  67       
PG07  -8078.297068 -13461.964827  21889.472179    -26.747882  6  4  4  80       
PG08   6305.824296 -22184.504795  12704.022806   -159.969296  5  6  5  91       
PG09  -7594.339160 -24492.963417   6718.298377     45.270395  5  2  3  40       
PG10  24371.191748  10994.701886   -327.307206    -67.649077  6  3  3  70       
PG11 -23595.435187  11199.828315  -4650.889631   -523.861850  5  7  4  63       
PG12  -2429.403964  15741.804654 -21548.280252   -463.548042  6  6  6  49       
PG13 -13051.171471  14067.701151  18064.192612    611.636726  6  6  7  61       
PG14 -22787.845821 -13547.644365   2830.836989    287.096308  6  6  2  30       
PG15  -3736.503783  22891.828933  12256.325016    112.894800  5  4  6  75       
PG16  19476.496477  -3031.561697  17690.416101   -392.702786  3  4  6  83       
PG17 -12434.990220 -15036.268222 -17521.901762    720.839574  7  6  6  83       
PG18   8738.437236  12109.024012  21981.067630   -521.533941  6  6  5  63       
PG19 -14705.208369  -5746.616646 -21596.980308    420.649199  6  8  6  54       
PG20 -23366.608463   2802.012179  12197.654231    393.665337  6  7  4  36       
PG21  15962.359532 -19413.333027  -6388.064393    139.749047  8  4  6   9       
PG22 -23861.428016 -10223.171883  -4391.447209     55.622162  4  4  4  85       
PG23  18058.324350  16015.776414  11314.489824    127.110176  8  9  6  58       
PG24 -12640.917271  20893.261899 -10320.205317   -405.533988  5  4  2  46       
PG25  10512.702064  17928.117707 -17024.291772    483.717744  4  6  4  45       
PG26  24824.860478   1600.627164   9662.671261    204.186815  4  4  6  73       
PG27  13107.671760 -10360.813493  20276.366058 999999.999999    12  1           
PG28  20704.061929  -1129.240251 -16618.575888    -86.325375  7  5  6  65       
PG29   4522.666403  25394.293407   6062.935241   -609.218924  6  5  7  59       
PG30 -17361.898994  -5454.251103  19551.989920   -450.561792  4  4  6  62       
PG31  23808.420005  -7861.454561  -9570.684368   -227.041255  4  2  3  63       
PG32  14570.133365  11016.435785 -19163.734363   -601.653252  1  5  5  17       
*  2024  1  1 20 15  0.00000000
PG01   9120.389017 -19786.233014 -15301.460156    165.050478  8  6  5  63       
PG02  14213.226485 -20800.118723  -7536.331124   -507.116532  8  4  6  77       
PG03   3421.980156 -14508.846173 -22130.548045     96.722639  5  5  5  80       
PG04   2047.171576 -25352.189815  -7394.905205    255.052349  5  8  4  54       
PG05 -15721.284571   8801.204658  19371.486803   -156.364181  5  6  4  43       
PG06 -20517.303249   2221.360150 -16703.603831    459.130265  4  6  5  55       
PG07  -6140.558104 -14865.028245  21559.779286    -26.756427  6  4  4  75       
PG08   6788.090776 -20631.280943  14907.661340   -159.970122  5  6  5  84       
PG09  -7427.191077 -25146.400463   3953.225004     45.281224  5  2  3  75       
PG10  24210.109477  11109.853793   2547.114542    -67.651059  6  4  3  72       
PG11 -23155.863029  10613.986939  -7407.685549   -523.874910  5  7  3  67       
PG12  -4607.403903  14671.851274 -21942.933026   -463.551312  6  5  6  59       
PG13 -13146.234358  11872.803758  19516.595505    611.640138  6  5  7  76       
PG14 -22238.742338 -13600.525447   5593.770670    287.105580  6  6  2  38       
PG15  -4441.860530  21413.298815  14434.983766    112.898301  5  4  6  86       
PG16  21144.992904  -1989.146426  15904.601148   -392.696305  2  4  6  78       
PG17 -12396.271612 -17019.379066 -15670.421335    720.838859  7  7  6  77       
PG18   6706.960141  13566.471672  21826.966213   -521.542525  6  6  5  59       
PG19 -14706.556091  -8126.458080 -20842.132803    420.654149  6  8  6  18       
PG20 -24533.036729   2274.492127   9745.522361    393.664058  5  7  5  39       
PG21  16656.071300 -19603.771066  -3552.267245    139.748334  7  4  6  50       
PG22 -24076.617809 -10649.003141  -1542.009365     55.616322  4  4  3  24       
PG23  16678.493263  15649.853963  13682.488004    127.116702  8  9  7  62       
PG24 -13597.314256  21329.974909  -7761.567986   -405.540838  5  3  2  50       
PG25   8629.129436  17318.070606 -18644.424183    483.718995  4  5  4  53       
PG26  25654.925760   2180.908102   7110.376535    204.183839  3  4  6  79       
PG27  13514.245029  -7962.992946  21104.106655 999999.999999    13  5           
PG28  19250.176998    245.268663 -18318.700416    -86.335111  6  5  6  35       
PG29   4327.479493  25942.794929   3241.492962   -609.218865  6  5  7  80       
PG30 -15606.482090  -6899.558819  20532.438378   -450.557729  4  4  6  70       
PG31  22960.022643  -6993.580090 -12017.620438   -227.041074  4  2  3  76       
PG32  14728.902690  13150.813178 -17671.236758   -601.656075  1  5  6  11       
*  2024  1  1 20 30  0.00000000
PG01  10423.190511 -20682.691625 -13038.211334    165.051211  8  6  5  71       
PG02  14929.682505 -21172.697843  -4772.166776   -507.111292  7  4  6  62       
PG03   5778.274430 -13683.228708 -22157.218093     96.746543  5  5  4  64       
PG04   2434.311510 -24399.311840 -10025.106771    255.061226  5  8  4  85       
PG05 -17759.393014   8076.217502  17890.758443   -156.365428  5  7  3  52       
PG06 -19042.817417    842.781747 -18466.169393    459.118989  4  6  5  84       
PG07  -4316.086192 -16332.697794  20872.879549    -26.764745  6  4  3  87       
PG08   7397.266008 -18874.218928  16848.385505   -159.971478  5  6  5  66       
PG09  -7229.327345 -25496.539307   1119.766233     45.292048  6  3  4  86       
PG10  23753.819037  11126.160611   5378.681128    -67.652625  6  4  3  84       
PG11 -22506.196735   9818.648957 -10036.517582   -523.887979  5  7  3  65       
PG12  -6861.443576  13710.126499 -21969.843174   -463.554751  6  5  5  66       
PG13 -13363.657435   9540.209681  20625.359702    611.643405  5  5  7  69       
PG14 -21407.944122 -13570.887989   8261.513718    287.114909  6  5  2  41       
PG15  -5293.429562  19745.041629  16354.955752    112.901689  5  4  6  76       
PG16  22664.005698  -1130.369734  13844.225696   -392.689708  2  3  6  88       
PG17 -12435.073334 -18771.872974 -13539.501526    720.838249  7  7  6 100       
PG18   4785.931090  15108.335401  21297.305718   -521.551140  6  5  5  70       
PG19 -14829.345065 -10396.400291 -19737.053067    420.658657  7  9  6  54       
PG20 -25441.492427   1853.654952   7124.445717    393.662142  5  6  5  71       
PG21  17102.656542 -19592.072218   -651.023664    139.747188  7  3  5   6       
PG22 -24017.512465 -10922.947546   1334.583937     55.610221  4  4  3  10       
PG23  15037.803270  15282.873214  15817.414392    127.123223  8  9  7  76       
PG24 -14328.881003  21597.626833  -5067.857651   -405.547652  5  3  2  27       
PG25   6561.909249  16753.990795 -19954.659285    483.720313  4  5  3  44       
PG26  26229.109873   2641.344782   4437.742497    204.180842  3  4  6  98       
PG27  14057.173687  -5520.440069  21557.653798 999999.999999    13  6           
PG28  17741.242738   1811.340256 -19704.103246    -86.344844  6  5  6  16       
PG29   4127.384644  26178.786262    363.878377   -609.218310  6  4  7  44       
PG30 -13852.852834  -8488.114091  21164.978696   -450.553678  5  4  5  69       
PG31  21954.859797  -5917.210862 -14264.162163   -227.041616  4  2  3  72       
PG32  14963.065677  15087.795428 -15872.501153   -601.658923  3  6  6  13       
*  2024  1  1 20 45  0.00000000
PG01  11481.055674 -21467.626624 -10551.070626    165.051959  8  6  5  69       
PG02  15411.160824 -21341.142745  -1923.777047   -507.106511  7  3  6  31       
PG03   8160.632535 -12995.224442 -21807.536355     96.770444  5  5  4  52       
PG04   2932.031274 -23185.804031 -12481.414900    255.070096  5  7  4  73       
PG05 -19650.112339   7503.624485  16099.030724   -156.366819  5  7  3  61       
PG06 -17516.290631   -743.953483 -19910.217003    459.107770  4  5  4  66       
PG07  -2633.054343 -17828.822662  19838.403878    -26.773550  6  4  3  86       
PG08   8149.506560 -16955.155659  18492.528583   -159.972930  5  6  5  61       
PG09  -6963.729625 -25545.718707  -1733.051515     45.302958  6  3  4  61       
PG10  22998.405416  11082.839796   8119.903308    -67.653865  6  5  3  75       
PG11 -21683.356401   8798.942127 -12491.959228   -523.901072  5  6  3  91       
PG12  -9147.856952  12875.631077 -21628.358966   -463.558249  6  4  5  67       
PG13 -13715.654125   7118.010828  21371.226864    611.646929  5  6  7  54       
PG14 -20297.560835 -13495.952796  10788.640318    287.124248  6  5  2  43       
PG15  -6301.541915  17928.750219  17981.050468    112.905576  5  4  6  72       
PG16  23992.521749   -444.141069  11546.141476   -392.682855  3  2  6  73       
PG17 -12519.214462 -20262.962486 -11167.877504    720.836995  7  7  6  59       
PG18   3008.716923  16697.581251  20400.646170   -521.559778  5  5  5  73       
PG19 -15055.197868 -12513.557102 -18300.874235    420.663541  7  9  6  40       
PG20 -26067.532678   1509.438457   4379.714318    393.660607  5  6  5  29       
PG21  17325.954928 -19349.405955   2262.194693    139.745549  7  3  5           
PG22 -23669.425842 -11079.398599   4187.880629     55.604107  4  4  3  58       
PG23  13159.277719  14952.076587  17682.681410    127.129759  8  9  7  54       
PG24 -14849.074821  21661.896261  -2285.465747   -405.554450  4  3  1  48       
PG25   4344.487753  16264.761286 -20933.194095    483.721554  4  5  3  75       
PG26  26527.379791   3011.172876   1690.175725    204.177831  3  4  6  77       
PG27  14732.445689  -3083.957972  21630.109392 999999.999999    13  8           
PG28  16220.925616   3553.145873 -20751.051282    -86.354546  6  5  6  26       
PG29   3883.969271  26102.580676  -2520.041682   -609.218069  6  4  7  81       
PG30 -12140.113282 -10196.743056  21438.266419   -450.549589  5  4  5  81       
PG31  20833.112185  -4627.728221 -16272.853175   -227.041725  4  3  3  81       
PG32  15242.200584  16794.918271 -13799.452032   -601.661787  4  6  6  22       
*  2024  1  1 21  0  0.00000000
PG01  12296.879480 -22097.004776  -7881.820377    165.052697  8  5  5  16       
PG02  15681.563961 -21276.058581    958.401077   -507.101424  6  4  5  56       
PG03  10519.972617 -12453.530064 -21087.033878     96.794338  5  5  4  50       
PG04   3565.991209 -21743.936562 -14721.326844    255.079055  6  7  3  94       
PG05 -21350.238163   7068.961362  14027.977237   -156.368148  5  7  3  48       
PG06 -15983.437350  -2522.091695 -21010.453274    459.096525  4  5  4  33       
PG07  -1113.135515 -19313.195865  18471.717642    -26.781504  6  4  3  87       
PG08   9053.415981 -14919.706763  19811.888721   -159.975066  5  6  5  73       
PG09  -6595.141104 -25304.980416  -4555.964131     45.313792  6  3  4  58       
PG10  21948.697423  11019.718838  10724.935307    -67.654998  6  6  4  64       
PG11 -20727.968547   7548.019972 -14731.586367   -523.914222  6  6  3  71       
PG12 -11420.464363  12179.792777 -20923.849065   -463.561720  6  4  5  49       
PG13 -14206.276247   4656.548024  21741.490082    611.650211  5  6  6  60       
PG14 -18918.080241 -13412.647952  13132.067167    287.133601  6  5  3  65       
PG15  -7468.686098  16009.398336  19283.430157    112.909062  5  4  6  74       
PG16  25094.159992     88.084829   9050.858703   -392.676268  3  2  6  88       
PG17 -12612.537674 -21470.257050  -8598.426191    720.836535  7  6  5  86       
PG18   1401.747126  18292.553868  19151.913529   -521.568443  5  5  5  69       
PG19 -15359.027062 -14439.841336 -16558.077822    420.668075  8  9  6  80       
PG20 -26394.637242   1208.106266   1558.888563    393.658968  5  6  6  34       
PG21  17356.664253 -18854.124048   5134.310970    139.744613  6  3  4  61       
PG22 -23026.269106 -11155.753603   6968.384909     55.598273  5  4  4  32       
PG23  11073.620264  14690.682040  19246.194614    127.136315  8  9  7  49       
PG24 -15178.275385  21493.439058    537.112952   -405.561261  4  3  2  58       
PG25   2015.541697  15873.444204 -21563.534307    483.722811  5  4  2  50       
PG26  26537.126550   3322.931777  -1085.879405    204.174868  3  4  6  73       
PG27  15527.870381   -702.969063  21321.510679 999999.999999    13  8           
PG28  14730.422025   5447.022405 -21441.619854    -86.364282  5  5  6   1       
PG29   3560.028781  25723.586463  -5360.345131   -609.217663  5  4  7  74       
PG30 -10503.422409 -11995.726971  21346.939426   -450.545525  5  5  5  63       
PG31  19636.304122  -3128.482543 -18010.063173   -227.042103  4  3  3  84       
PG32  15531.563837  18247.178869 -11488.583906   -601.664679  4  6  6  46       
*  2024  1  1 21 15  0.00000000
PG01  12882.138800 -22529.639866  -5075.846265    165.053447  7  5  6  65       
PG02  15771.165688 -20954.823478   3823.924505   -507.096709  6  4  5  26       
PG03  12806.784891 -12058.478463 -20007.490786     96.818246  5  5  4  44       
PG04   4355.456684 -20111.940683 -16706.163842    255.088012  6  6  3  80       
PG05 -22821.598015   6750.596489  11714.023783   -156.369116  5  7  3  32       
PG06 -14487.373960  -4466.491865 -21747.490359    459.085296  4  5  3  76       
PG07    229.200174 -20742.933113  16793.815461    -26.790280  6  4  3  71       
PG08  10109.571057 -12815.568293  20784.204860   -159.977063  5  6  6  74       
PG09  -6091.627681 -24793.567862  -7300.330269     45.324644  6  3  5  74       
PG10  20618.163093  10975.587916  13150.275979    -67.656642  6  6  4  74       
PG11 -19682.749389   6067.528124 -16716.718933   -523.927305  6  5  3  63       
PG12 -13632.120241  11626.109820 -19867.643349   -463.565187  6  3  5  50       
PG13 -14831.192998   2206.599960  21730.202062    611.653881  5  6  6  36       
PG14 -17288.111272 -13356.056084  15251.767631    287.142940  6  5  3  61       
PG15  -8789.185725  14033.523485  20238.258293    112.912600  5  4  5  70       
PG16  25938.453313    491.328548   6401.789445   -392.669757  4  2  6  96       
PG17 -12676.535678 -22380.443569  -5877.282311    720.835636  7  6  5  84       
PG18    -16.349337  19848.492713  17572.178411   -521.577093  4  4  5  57       
PG19 -15710.056573 -16143.193870 -14538.089675    420.672833  8  9  6  99       
PG20 -26414.838012    913.766401  -1289.042218    393.657417  5  5  6  69       
PG21  17230.797260 -18092.710749   7913.763529    139.743270  6  3  4  81       
PG22 -22090.783901 -11190.729285   9628.429704     55.592323  5  5  4  72       
PG23   8818.233064  14526.517240  20480.903846    127.142907  8  8  7  85       
PG24 -15342.863647  21069.228986   3350.151215   -405.568107  4  3  2  62       
PG25   -382.253296  15596.402767 -21834.754196    483.724042  5  4  2  29       
PG26  26253.616057   3611.033812  -3843.683239    204.171871  3  4  6  80       
PG27  16423.558747   1576.241750  20638.736012 999999.999999    13  9           
PG28  13306.947084   7462.198997 -21763.994084    -86.373978  5  6  6  45       
PG29   3121.216164  25059.902011  -8107.934892   -609.217228  5  4  7  53       
PG30  -8972.772306 -13849.753163  20891.753588   -450.541541  5  5  5  62       
PG31  18405.769700  -1430.866994 -19446.504096   -227.042366  4  3  3  81       
PG32  15793.563072  19427.786276  -8980.278686   -601.667512  5  5  5  11       
*  2024  1  1 21 30  0.00000000
PG01  13256.340242 -22728.904241  -2181.398968    165.054171  7  4  6  49       
PG02  15715.170455 -20362.508595   6623.263779   -507.091822  6  4  5  19       
PG03  14972.840434 -11802.091113 -18586.775583     96.842156  4  6  4  58       
PG04   5312.364542 -18332.587046 -18401.745365    255.096920  6  5  3  44       
PG05 -24032.399377   6520.769426   9197.667809   -156.370350  6  7  4   7       
PG06 -13067.006232  -6544.395979 -22108.210020    459.074035  4  5  3  57       
PG07   1387.132234 -22073.989341  14831.128484    -26.798894  6  4  3  77       
PG08  11310.384236 -10690.759528  21393.505647   -159.979319  5  6  6  69       
PG09  -5426.007310 -24038.120693  -9918.973529     45.335474  6  3  5  39       
PG10  19028.500982  10986.604766  15355.429728    -67.657927  6  6  5  78       
PG11 -18590.819974   4367.741620 -18413.095755   -523.940334  7  5  3  60       
PG12 -15736.308271  11210.094126 -18476.890265   -463.568537  6  3  5  47       
PG13 -15577.822574   -182.432859  21338.246274    611.657199  6  5  6  62       
PG14 -15433.829300 -13357.938089  17111.440002    287.152294  6  5  3  46       
PG15 -10249.233165  12047.445857  20828.213408    112.915945  4  4  5  73       
PG16  26501.898156    795.877460   3644.474819   -392.662982  5  2  6  89       
PG17 -12672.062153 -22989.596070  -3052.910608    720.834925  7  6  4  74       
PG18  -1235.302132  21319.189300  15688.323445   -521.585709  4  4  4  23       
PG19 -16073.057379 -17598.594905 -12274.812296    420.677496  8  9  5  57       
PG20 -26129.025431    589.982174  -4114.534426    393.655459  5  4  6  75       
PG21  16987.954290 -17060.369371  10551.534343    139.742557  6  3  4  78       
PG22 -20874.436375 -11222.664704  12122.977163     55.586276  6  4  4  75       
PG23   6435.982828  14480.865444  21365.277490    127.149461  8  7  7  75       
PG24 -15374.045571  20373.675083   6103.621300   -405.574968  4  3  3  49       
PG25  -2803.600233  15442.672704 -21741.688082    483.725282  5  4  3  65       
PG26  25680.160440   3910.274960  -6536.936082    204.168855  3  4  5  66       
PG27  17392.722739   3712.131757  19595.274327 999999.999999  2 13 10           
PG28  11982.389494   9561.801829 -21712.666910    -86.383693  5  6  6  35       
PG29   2537.577301  24137.584824 -10715.399618   -609.216875  5  5  6  57       
PG30  -7571.960901 -15719.092534  20079.624290   -450.537478  5  5  4  70       
PG31  17181.134429    445.898936 -20557.692575   -227.042397  5  4  3  68       
PG32  15989.337147  20328.595584  -6318.070480   -601.670380  5  5  5  64       
*  2024  1  1 21 45  0.00000000
PG01  13446.143653 -22664.301529    751.229057    165.054890  7  3  6  38       
PG02  15552.117034 -19492.486562   9308.662276   -507.087054  5  4  5  10       
PG03  16972.865832 -11668.456331 -16848.586180     96.866060  4  6  4  69       
PG04   6440.684451 -16451.601733 -19778.978132    255.105912  6  4  3  43       
PG05 -24958.330464   6346.868772   6522.735362   -156.371594  6  6  4  73       
PG06 -11755.588153  -8716.504387 -22086.018790    459.062753  4  5  3  38       
PG07   2361.656291 -23262.763649  12615.236665    -26.807002  6  4  4  70       
PG08  12640.303696  -8591.879410  21630.328241   -159.982066  6  5  7  77       
PG09  -4577.091765 -23071.598678 -12366.991451     45.346286  7  3  5  55       
PG10  17208.943205  11084.807709  17303.521375    -67.659557  6  6  5  76       
PG11 -17494.019455   2467.367125 -19791.470399   -523.953315  7  4  4  78       
PG12 -17688.728696  10919.518475 -16774.329880   -463.571762  6  2  5  53       
PG13 -16425.808399  -2464.274855  20573.272347    611.660784  6  5  6  63       
PG14 -13388.142824 -13445.389147  18679.119756    287.161652  7  5  3  34       
PG15 -11827.280611  10095.503664  21042.851345    112.919552  4  4  4  37       
PG16  26768.739973   1035.899934    825.810083   -392.656098  6  3  6  87       
PG17 -12561.052322 -23303.110594   -175.159714    720.833963  6  6  4  75       
PG18  -2253.428971  22658.721835  13532.602748   -521.594332  3  4  4  41       
PG19 -16409.753267 -18788.823899  -9806.098966    420.682259  8  9  4  22       
PG20 -25546.917943    201.410077  -6868.380697    393.653841  5  4  6  72       
PG21  16669.499801 -15761.232807  13002.059212    139.741134  6  3  4  76       
PG22 -19396.986617 -11287.879515  14410.335925     55.580300  6  4  5  62       
PG23   3973.758829  14567.568148  21883.691244    127.156013  7  7  7  87       
PG24 -15306.464958  19399.460486   8748.167223   -405.581800  4  4  3  55       
PG25  -5202.058957  15413.606282 -21285.050067    483.726549  5  4  4  73       
PG26  24828.006440   4254.341077  -9120.497951    204.165826  3  4  5  88       
PG27  18402.754131   5669.290888  18210.870682 999999.999999  4 12 10           
PG28  10782.183398  11704.099141 -21288.530787    -86.393477  5  6  6  37       
PG29   1784.911034  22989.624715 -13137.838903   -609.216294  5  5  6  56       
PG30  -6317.801372 -17560.963168  18923.569565   -450.533430  5  5  4  78       
PG31  15998.864744   2475.270924 -21324.353548   -227.042772  5  4  3  63       
PG32  16080.380283  20950.214705  -3547.872943   -601.673281  6  5  5  71       
*  2024  1  1 22  0  0.00000000
PG01  13484.188881 -22312.831603   3670.598888    165.055640  6  3  5  67       
PG02  15322.195975 -18346.714474  11834.921011   -507.082180  6  4  5  54       
PG03  18766.121577 -11634.421719 -14822.093839     96.889974  4  6  4  58       
PG04   7736.099940 -14515.982908 -20814.349833    255.114825  6  3  4  57       
PG05 -25583.373921   6192.895544   3735.591424   -156.372749  7  6  4  72       
PG06 -10579.509495 -10938.316498 -21680.987913    459.051532  4  6  3  51       
PG07   3161.454511 -24267.737040  10182.479684    -26.815763  6  3  4  58       
PG08  14076.338085  -6562.446634  21491.807694   -159.983811  7  5  7  87       
PG09  -3530.693047 -21931.978608 -14602.517539     45.357125  7  4  6  58       
PG10  15195.295097  11296.788647  18961.859556    -67.660428  6  6  6  86       
PG11 -16431.282646    393.017202 -20828.117400   -523.966368  7  4  4  72       
PG12 -19448.821815  10734.961530 -14787.982195   -463.575252  6  2  6  74       
PG13 -17347.817158  -4597.382603  19449.500507    611.664496  6  4  6  72       
PG14 -11189.611020 -13639.678245  19927.726208    287.170982  7  4  3  68       
PG15 -13494.772027   8218.384863  20878.804805    112.923406  4  4  4  31       
PG16  26731.473400   1247.938098  -2006.720484   -392.649488  6  3  6  84       
PG17 -12308.180685 -23335.278112   2705.678408    720.833213  6  6  4  63       
PG18  -3077.525486  23823.199582  11142.099368   -521.602953  3  3  4  66       
PG19 -16680.347230 -19704.942793  -7173.174939    420.686927  9  8  4  71       
PG20 -24686.694396   -284.602282  -9502.598155    393.652179  5  3  6  71       
PG21  16316.729744 -14208.205064  15224.002294    139.740153  6  3  4  86       
PG22 -17685.760023 -11419.149861  16452.787944     55.574238  6  4  5  76       
PG23   1480.875131  14792.420542  22026.723659    127.162568  7  6  6  51       
PG24 -15176.661415  18148.058063  11236.092955   -405.588636  4  4  3  68       
PG25  -7531.576101  15502.803971 -20471.478370    483.727832  4  5  5  88       
PG26  23715.946692   4674.363021 -11551.085355    204.162788  3  4  5  70       
PG27  19416.532651   7419.567184  16511.062778 999999.999999  6 11  9           
PG28   9724.439807  13843.939575 -20498.861752    -86.403227  4  6  5  32       
PG29    845.900550  21654.662960 -15333.638075   -609.215840  5  5  6  83       
PG30  -5219.600586 -19331.031834  17442.551692   -450.529402  5  5  4  63       
PG31  14890.936197   4624.152096 -21732.759528   -227.042813  5  4  3  60       
PG32  16030.147307  21301.785411   -717.183825   -601.676147  6  4  5  63       
*  2024  1  1 22 15  0.00000000
PG01  13407.667567 -21660.084680   6525.075826    165.056340  6  3  5  58       
PG02  15065.549831 -16935.691405  14160.099496   -507.077549  6  4  4  75       
PG03  20317.824661 -11670.577285 -12541.492557     96.913876  4  6  5  60       
PG04   9186.020875 -12572.284431 -21490.319697    255.123765  6  3  4  28       
PG05 -25900.305657   6021.052145    884.319546   -156.373744  7  6  5  68       
PG06  -9557.360819 -13161.686021 -20899.873809    459.040276  4  6  3  53       
PG07   3802.464274 -25051.082299   7573.462124    -26.824293  6  3  4  69       
PG08  15588.879758  -4641.387902  20981.640924   -159.985347  7  5  8  74       
PG09  -2280.356283 -20660.776150 -16587.423940     45.367941  7  5  6  56       
PG10  13028.744765  11642.572437  20302.443495    -67.661872  6  6  6  84       
PG11 -15437.145304  -1821.623259 -21505.240114   -523.979431  8  4  4  49       
PG12 -20981.172813  10630.634447 -12550.750936   -463.579094  5  2  6  82       
PG13 -18310.622492  -6546.349524  17987.403118    611.667782  7  4  6  74       
PG14  -8881.150854 -13955.316110  20835.534518    287.180306  7  4  2  76       
PG15 -15217.182383   6451.630280  20339.815425    112.926790  4  3  4  22       
PG16  26391.046714   1469.336563  -4805.789183   -392.642625  7  4  6  81       
PG17 -11882.389127 -23108.523352   5539.782053    720.832613  6  6  4  81       
PG18  -3722.418268  24772.447919   8558.088968   -521.611580  4  3  4  58       
PG19 -16845.115136 -20346.486038  -4420.011065    420.691544  8  8  4  82       
PG20 -23574.303353   -896.523798 -11971.296064    393.650465  5  3  6  62       
PG21  15969.110695 -12422.458094  17180.885914    139.739468  6  3  4  81       
PG22 -15774.657029 -11644.356295  18217.121172     55.568349  6  3  5  66       
PG23   -992.624280  15152.885162  21791.351721    127.169133  6  6  5  48       
PG24 -15021.439068  16629.891988  13522.339465   -405.595489  4  4  4  84       
PG25  -9748.015234  15696.339898 -19313.500226    483.729105  4  5  5 102       
PG26  22369.668838   5197.571811 -13787.938163    204.159716  3  4  5  74       
PG27  20393.905417   8942.889618  14526.625041 999999.999999  8 10  8           
PG28   8819.370305  15934.329564 -19357.196147    -86.412955  4  7  5  58       
PG29   -289.027910  20175.508874 -17265.179088   -609.215223  5  6  6  78       
PG30  -4278.929529 -20984.998858  15661.215485   -450.525320  5  5  3  76       
PG31  13883.668108   6853.912874 -21774.999571   -227.042962  6  5  3  41       
PG32  15805.579292  21400.452385   2125.719465   -601.679045  6  4  5  74       
*  2024  1  1 22 30  0.00000000
PG01  13256.694851 -20701.010820   9263.814969    165.057076  5  4  5  50       
PG02  14820.621703 -15278.102879  16246.127089   -507.072465  6  5  3  70       
PG03  21600.360530 -11742.494535 -10045.458085     96.937827  5  6  5  80       
PG04  10769.925904 -10664.933419 -21795.600322    255.132646  6  2  5  55       
PG05 -25910.863766   5793.393235  -1982.113663   -156.375318  7  6  5  81       
PG06  -8699.313753 -15336.530873 -19756.017178    459.029010  4  6  2  41       
PG07   4307.150909 -25580.182253   4832.451364    -26.832845  6  3  4  64       
PG08  17142.788879  -2861.730787  20109.932065   -159.986920  8  5  8  70       
PG09   -827.791956 -19301.450693 -18287.953945     45.378748  7  6  6  77       
PG10  10754.483288  12134.742529  21302.408119    -67.662747  5  6  5  88       
PG11 -14540.435305  -4136.906343 -21811.273319   -523.992475  8  4  4  65       
PG12 -22256.745738  10575.462614 -10099.943981   -463.582361  5  3  6  73       
PG13 -19276.426898  -8283.054847  16213.274039    611.671113  7  4  6  55       
PG14  -6508.580458 -14399.388344  21386.564683    287.189667  7  4  2  55       
PG15 -16955.315568   4824.373927  19436.600203    112.930339  4  3  4  48       
PG16  25756.770355   1736.664213  -7524.943278   -392.636070  7  4  6  86       
PG17 -11258.227023 -22652.350178   8278.668105    720.831906  5  6  3  84       
PG18  -4210.197473  25471.566557   5825.320446   -521.620232  4  3  4  46       
PG19 -16866.010905 -20721.350307  -1592.655344    420.696068  8  7  5  73       
PG20 -22242.476712  -1657.314529 -14231.504910    393.648427  5  3  6  62       
PG21  15662.661796 -10432.621933  18841.574396    139.737549  6  3  4  78       
PG22 -13702.945299 -11985.348819  19675.067463     55.562422  6  2  5  74       
PG23  -3397.694437  15638.137474  21181.040949    127.175677  5  6  5  51       
PG24 -14876.218082  14864.130642  15565.422074   -405.602313  4  5  4  78       
PG25 -11810.634356  15973.277859 -17829.413210    483.730391  4  5  5 102       
PG26  20820.865821   5846.101381 -15793.450027    204.156664  4  5  5  83       
PG27  21293.274937  10227.764451  12292.937589 999999.999999  8 10  7           
PG28   8069.024514  17928.090198 -17883.101941    -86.422691  5  7  5  44       
PG29  -1621.151834  18597.512711 -18899.475719   -609.214784  6  6  6  86       
PG30  -3489.698138 -22480.207185  13609.523241   -450.521284  5  5  2  72       
PG31  12996.767990   9121.626612 -21449.171656   -227.043267  6  5  4  34       
PG32  15378.493257  21270.545111   4932.580457   -601.681929  6  4  5  62       
*  2024  1  1 22 45  0.00000000
PG01  13072.547116 -19440.323744  11837.758051    165.057840  5  4  5  82       
PG02  14622.611910 -13400.175571  18059.322746   -507.067505  6  5  3  63       
PG03  22594.236418 -11812.176456  -7376.522498     96.961744  5  6  6  91       
PG04  12460.020334  -8834.646709 -21725.327449    255.141536  6  3  5  69       
PG05 -25625.585434   5473.473762  -4814.694346   -156.376520  8  5  5  67       
PG06  -8006.841926 -17412.631181 -18269.121309    459.017690  4  6  3  68       
PG07   4703.502791 -25828.991870   2006.670365    -26.841150  5  3  5  54       
PG08  18698.691358  -1249.547645  18892.928254   -159.989040  9  5  8  87       
PG09    817.007947 -17897.754971 -19675.275093     45.389570  7  6  6  44       
PG10   8420.182398  12777.844715  21944.402334    -67.664208  5  6  5  88       
PG11 -13763.200342  -6508.563266 -21741.075725   -524.005501  8  4  3  47       
PG12 -23253.899129  10534.386318  -7476.712867   -463.586091  5  5  6  68       
PG13 -20204.365460  -9787.515345  14158.698663    611.674594  7  4  6  68       
PG14  -4119.051981 -14971.181088  21570.879964    287.199019  7  4  2  61       
PG15 -18666.800357   3358.373611  18186.560326    112.934120  4  4  4  88       
PG16  24845.938776   2084.184160 -10119.290231   -392.629243  7  5  6  91       
PG17 -10416.955374 -22002.044139  10876.000385    720.831888  5  6  3  83       
PG18  -4569.158679  25892.297753   2991.226405   -521.628861  4  3  4  76       
PG19 -16708.226591 -20845.386467   1261.471611    420.701148  8  7  6  89       
PG20 -20729.487403  -2583.321911 -16243.949790    393.646824  6  3  6  66       
PG21  15428.538114  -8273.716334  20180.617049    139.736460  6  4  3  80       
PG22 -11513.883829 -12457.063993  20803.647442     55.556590  6  2  4  74       
PG23  -5687.987159  16229.444596  20205.725916    127.182214  5  6  4  56       
PG24 -14773.443721  12878.114066  17328.299568   -405.609100  4  5  4  87       
PG25 -13683.458080  16306.464883 -16043.078993    483.731658  5  5  5  95       
PG26  19106.138414   6635.981435 -17533.756023    204.153624  5  5  5  68       
PG27  22073.231354  11271.435327   9849.297494 999999.999999  9  8  6           
PG28   7467.350976  19779.530873 -16101.848208    -86.432401  5  7  4  47       
PG29  -3143.225271  16966.858804 -20208.723068   -609.214158  5  6  6  85       
PG30  -2838.535431 -23777.214010  11322.288347   -450.517250  5  5  2  80       
PG31  12242.623093  11381.481201 -20759.491936   -227.043114  6  5  4  73       
PG32  14726.785796  20942.507198   7655.948734   -601.684835  6  5  5  74       
*  2024  1  1 23  0  0.00000000
PG01  12895.840347 -17892.513460  14200.615628    165.058634  5  4  4  82       
PG02  14502.095231 -11334.774455  19570.823851   -507.062387  6  5  2  86       
PG03  23288.737022 -11839.664384  -4580.372216     96.985682  5  6  6  53       
PG04  14222.182699  -7117.006605 -21281.116565    255.150430  5  4  5  36       
PG05 -25063.322301   5027.930809  -7565.183652   -156.377858  8  4  6  88       
PG06  -7472.794211 -19341.444746 -16464.912752    459.006361  4  6  3  51       
PG07   5023.780210 -25779.181891   -854.508029    -26.849964  5  3  5  45       
PG08  20214.436680    176.814358  17352.656469   -159.990643  9  5  8  93       
PG09   2635.973103 -16492.092584 -20725.945377     45.400321  7  7  6  45       
PG10   6074.381567  13568.092205  22216.895169    -67.665626  5  6  5  83       
PG11 -13119.913283  -8889.227556 -21296.009611   -524.018534  7  5  3  64       
PG12 -23959.142163  10469.835167  -4725.415431   -463.589447  5  6  6  84       
PG13 -21052.128916 -11048.411511  11859.939023    611.677956  8  3  6  57       
PG14  -1759.431747 -15662.115874  21384.788186    287.208352  7  4  3  70       
PG15 -20307.715492   2067.369555  16613.346016    112.937324  4  4  5  85       
PG16  23683.183601   2542.423545 -12546.145328   -392.622792  8  5  6  75       
PG17  -9347.378625 -21197.189882  13288.326833    720.830689  5  6  2  91       
PG18  -4832.495940  26014.148555    105.078417   -521.637471  5  4  4  80       
PG19 -16341.651446 -20741.706215   4094.310665    420.705452  7  6  6  91       
PG20 -19077.701467  -3683.443834 -17973.752401    393.644684  6  4  6  96       
PG21  15291.860370  -5985.878489  21178.460324    139.735744  6  4  4  86       
PG22  -9253.231678 -13066.918660  21585.425763     55.550490  6  1  4  66       
PG23  -7821.452755  16900.865515  18881.678786    127.188774  5  7  4  44       
PG24 -14741.126302  10706.437385  18779.148127   -405.615912  4  6  4  66       
PG25 -15336.493598  16663.579358 -13983.626146    483.732945  5  5  4 105       
PG26  17265.727847   7576.356800 -18979.271268    204.150714  6  5  5  88       
PG27  22694.165068  12079.710494   7238.188824 999999.999999 10  6  5           
PG28   7000.578700  21446.076284 -14043.977889    -86.442121  5  7  4  18       
PG29  -4839.585407  15328.845220 -21170.753288   -609.213872  5  7  6  89       
PG30  -2305.463818 -24841.263139   8838.611928   -450.513169  5  5  2  74       
PG31  11625.868992  13586.319647 -19716.314359   -227.043557  7  5  4  61       
PG32  13835.408260  20451.615965  10249.939097   -601.687712  6  6  5  56       
*  2024  1  1 23 15  0.00000000
PG01  12764.728660 -16081.459858  16309.807473    165.059398  4  4  3  80       
PG02  14483.842678  -9120.281596  20756.926940   -507.057463  6  5  2  84       
PG03  23682.254149 -11784.740566  -1705.079356     97.009593  5  6  6  79       
PG04  16017.162284  -5541.249429 -20471.007257    255.159356  5  5  5  45       
PG05 -24250.456508   4427.939661 -10186.913753   -156.379341  8  4  6  85       
PG06  -7081.817658 -21077.868228 -14374.690027    458.995089  5  6  3  49       
PG07   5303.062335 -25421.007144  -3700.453613    -26.858645  5  3  5  44       
PG08  21646.657166   1407.194219  15516.473126   -159.992746  8  6  8  86       
PG09   4603.468573 -15123.945539 -21422.286649     45.411146  7  7  6  34       
PG10   3764.840013  14493.385578  22114.404346    -67.666903  6  5  5  76       
PG11 -12616.985266 -11230.080492 -20483.906861   -524.031554  7  5  3  72       
PG12 -24367.598501  10343.323209  -1892.907577   -463.592899  4  7  6  86       
PG13 -21777.640273 -12063.273589   9357.249253    611.681603  8  4  7  78       
PG14    525.311756 -16455.998862  20830.940500    287.217689  6  5  4  75       
PG15 -21834.270632    956.791970  14746.295511    112.940978  4  5  5  66       
PG16  22299.583694   3136.890216 -14765.638364   -392.615749  8  5  6  75       
PG17  -8046.380023 -20280.065271  15475.737835    720.830100  5  6     78       
PG18  -5036.798573  25825.220776  -2782.896325   -521.646055  5  5  4  86       
PG19 -15742.176511 -20439.725473   6857.920402    420.710224  7  6  7  97       
PG20 -17331.983202  -4958.592616 -19391.047760    393.643151  7  4  5  54       
PG21  15270.822054  -3612.944565  21821.542445    139.734229  6  4  5  80       
PG22  -6967.695392 -13814.494441  22008.681320     55.544527  6  1  4  66       
PG23  -9761.783446  17620.248451  17231.265315    127.195281  5  7  4  28       
PG24 -14801.579743   8389.729132  19892.016154   -405.622695  4  6  4  52       
PG25 -16746.743109  17008.400861 -11685.059572    483.734213  5  5  3  99       
PG26  15342.122085   8668.962405 -20105.174199    204.147677  7  5  5  82       
PG27  23119.799729  12666.473118   4504.527024 999999.999999 11     1           
PG28   6647.904438  22889.784883 -11744.790567    -86.451858  5  7  4           
PG29  -6686.587614  13726.215994 -21769.391414   -609.213274  5  7  6  80       
PG30  -1864.844352 -25643.598577   6201.229430   -450.509109  5  5  2  89       
PG31  11143.256361  15689.256526 -18336.054499   -227.043690  7  5  4  54       
PG32  12697.079951  19836.541576  12670.955499   -601.690612  6  6  5  68       
*  2024  1  1 23 30  0.00000000
PG01  12713.203478 -14039.658302  18127.334166    165.060173  4  4  3  72       
PG02  14585.882659  -6799.300901  21599.344478   -507.052440  6  6  3  70       
PG03  23782.274195 -11608.660229   1199.721682     97.033528  5  6  7  82       
PG04  17801.980492  -4129.311608 -19309.298204    255.168211  5  5  6  34       
PG05 -23219.850216   3650.490288 -12635.546232   -156.380299  8  4  6  82       
PG06  -6811.113169 -22581.874143 -12034.768615    458.983837  5  6  4  25       
PG07   5577.648564 -24753.851726  -6480.241276    -26.866975  5  4  5  81       
PG08  22952.368190   2439.758511  13416.538595   -159.995079  6  6  7 111       
PG09   6687.098782 -13828.430584 -21752.660962     45.421977  7  7  5  45       
PG10   1536.911202  15533.650870  21637.641700    -67.669132  7  5  5  59       
PG11 -12252.604442 -13482.555515 -19318.922694   -524.044554  7  5  3  76       
PG12 -24483.154873  10117.105362    972.227667   -463.596380  5  7  5  91       
PG13 -22340.718712 -12838.326633   6694.137118    611.684939  8  4  7  29       
PG14   2693.651093 -17329.577740  19918.323566    287.227028  6  5  4  82       
PG15 -23204.469756     23.821361  12619.769544    112.944338  4  6  6  65       
PG16  20731.564467   3886.977783 -16741.276779   -392.608911  9  6  6  55       
PG17  -6519.148512 -19293.975472  17402.441096    720.829262  5  6     74       
PG18  -5220.412677  25322.714256  -5622.419163   -521.654685  5  5  5  81       
PG19 -14892.795352 -19973.976017   9505.247144    420.714862  6  6  7  97       
PG20 -15538.017762  -6401.481290 -20471.504003    393.641423  7  5  5  68       
PG21  15376.091758  -1200.943021  22102.285514    139.733636  6  4  5  72       
PG22  -4703.368781 -14691.517208  22067.497403     55.538398  6     5  74       
PG23 -11479.641629  18350.488936  15282.589902    127.201724  6  7  5  59       
PG24 -14970.416815   5973.178793  20647.340557   -405.629481  5  7  4  89       
PG25 -17898.970777  17302.259405  -9185.775712    483.735487  4  5  2 100       
PG26  13378.583854   9907.874824 -20891.828082    204.144626  8  5  6  70       
PG27  23318.590592  13052.901383   1694.891502 999999.999999 12                 
PG28   6382.459004  24078.700909  -9243.743458    -86.461615  6  7  4  52       
PG29  -8653.351201  12197.609265 -21994.707053   -609.212974  5  8  7  74       
PG30  -1486.558104 -26162.564779   3455.776772   -450.505056  5  5  3  80       
PG31  10783.826976  17645.312532 -16641.012203   -227.043936  7  5  5  66       
PG32  11312.715509  19137.799633  14878.371587   -601.693533  6  7  6  68       
*  2024  1  1 23 45  0.00000000
PG01  12769.570450 -11807.087062  19620.554311    165.060956  4  5  3  76       
PG02  14818.827076  -4417.236511  22085.382623   -507.047354  7  6  4  79       
PG03  23605.020550 -11275.844530   4083.698560     97.057478  5  6  7  79       
PG04  19531.481580  -2895.167642 -17816.277383    255.177133  5  6  5  55       
PG05 -22009.570465   2679.437961 -14869.782802   -156.381832  8  4  6  98       
PG06  -6631.493324 -23819.958625  -9485.832801    458.972532  5  6  4  59       
PG07   5883.380625 -23786.415711  -9143.661366    -26.875283  5  4  5  56       
PG08  24090.549246   3280.824831  11089.228933   -159.995932  6  7  7  75       
PG09   8848.770909 -12635.037793 -21711.647037     45.432746  7  7  5  53       
PG10   -568.002151  16661.488356  20793.569958    -67.670242  7  5  6  58       
PG11 -12016.905477 -15600.036177 -17821.280340   -524.057584  7  5  4  75       
PG12 -24318.282837   9755.831420   3820.503268   -463.600218  5  8  5  95       
PG13 -22704.666743 -13388.007089   3916.587114    611.688464  9  4  8  52       
PG14   4708.915151 -18253.387620  18662.142703    287.236367  5  5  5  91       
PG15 -24379.687162   -742.211075  10272.404618    112.947807  4  6  7  75       
PG16  19019.624377   4805.094205 -18440.463051   -392.601807  9  7  6  63       
PG17  -4779.096774 -18281.589286  19037.251121    720.828486  5  6     97       
PG18  -5421.734235  24513.082367  -8364.066436   -521.663308  6  6  5  92       
PG19 -13784.457423 -19382.725536  11990.899213    420.719692  5  6  7 109       
PG20 -13740.618522  -7996.740239 -21196.736049    393.639710  8  5  5  46       
PG21  15610.516461   1203.444266  22019.000560    139.732471  7  4  6  56       
PG22  -2504.216947 -15682.126436  21761.776848     55.532465  6     5  79       
PG23 -12953.623710  19051.001244  13069.033561    127.208252  6  7  5  67       
PG24 -15255.846368   3504.880310  21032.310494   -405.636294  5  7  4  94       
PG25 -18786.189621  17505.613204  -6527.984707    483.736793  4  5  2  98       
PG26  11417.651705  11279.552403 -21325.134134    204.141594  8  5  6  67       
PG27  23264.940324  13266.434331  -1143.241388 999999.999999 12                 
PG28   6172.515187  24987.988215  -6583.780251    -86.471367  6  7  5  23       
PG29 -10702.786446  10776.179521 -21843.159514   -609.212587  5  8  8  73       
PG30  -1137.378240 -26384.446485    649.988352   -450.501065  5  4  4  98       
PG31  10529.398937  19413.006431 -14659.088973   -227.044197  7  5  5  55       
PG32   9691.552789  18396.153980  16835.160620   -601.696467  6  7  6  58       
EOF
