#cP2024  1  4  0  0  0.00000000      96 ORBIT IGS20 HLM  IGS
## 2295 345600.00000000   900.00000000 60313 0.0000000000000
+   32   G01G02G03G04G05G06G07G08G09G10G11G12G13G14G15G16G17
+        G18G19G20G21G22G23G24G25G26G27G28G29G30G31G32  0  0
+          0  0  0  0  0  0  0  0  0  0  0  0  0  0  0  0  0
+          0  0  0  0  0  0  0  0  0  0  0  0  0  0  0  0  0
+          0  0  0  0  0  0  0  0  0  0  0  0  0  0  0  0  0
++         2  2  2  2  2  2  1  2  2  2  2  2  2  2  2  2  2
++         2  2  2  2  1  2  2  2  1  3  2  2  2  2  2  0  0
++         0  0  0  0  0  0  0  0  0  0  0  0  0  0  0  0  0
++         0  0  0  0  0  0  0  0  0  0  0  0  0  0  0  0  0
++         0  0  0  0  0  0  0  0  0  0  0  0  0  0  0  0  0
%c G  cc GPS ccc cccc cccc cccc cccc ccccc ccccc ccccc ccccc
%c cc cc ccc ccc cccc cccc cccc cccc ccccc ccccc ccccc ccccc
%f  1.2500000  1.025000000  0.00000000000  0.000000000000000
%f  0.0000000  0.000000000  0.00000000000  0.000000000000000
%i    0    0    0    0      0      0      0      0         0
%i    0    0    0    0      0      0      0      0         0
/* FINAL ORBIT COMBINATION FROM WEIGHTED AVERAGE OF:        
/* cod emr esa gfz grg jgx jpl mit ngs sio                  
/* REFERENCED TO IGS TIME (IGST) AND TO WEIGHTED MEAN POLE: 
/* PCV:IGS20      OL/AL:FES2014b NONE     Y  ORB:CMB CLK:CMB
*  2024  1  4  0  0  0.00000000
PG01  13081.156936  -8222.606950  21199.902891    165.208774  7  6  5  25       
PG02  15425.964218   -809.953806  22127.438457   -506.089597  7  9  7  56       
PG03  22844.630608 -10350.125275   8423.626223    101.667557  8  4  9  88       
PG04  22003.114656  -1328.389270 -14901.032545    256.892826  8  6  6  98       
PG05 -19900.155370    814.157431 -17794.619538   -156.632595  8  6  7  69       
PG06  -6426.692846 -25167.618750  -5200.636530    456.780310  4  8  7  56       
PG07   6491.579653 -21747.149781 -12916.169991    -28.527564  7  4  7  60       
PG08  25439.546783   4264.170901   7106.606525   -160.320370  6  7  9  66       
PG09  12219.263614 -11056.845476 -20927.942169     47.520544  8  5  3  47       
PG10  -3491.850863  18494.321175  18802.882479    -67.923346  7  6  3  61       
PG11 -11859.531855 -18514.923100 -14909.360081   -526.568867  7  8  6 105       
PG12 -23562.330300   8874.938341   8057.804070   -464.276549  7  5  8  32       
PG13 -22802.053112 -13849.518183   -493.103632    612.346459  6  7  8  84       
PG14   7452.521960 -19698.496096  16096.092955    289.033732  3  4  5  72       
PG15 -25741.315426  -1661.941606   6281.182325    113.616708  5  7  2  98       
PG16  16200.328238   6554.640290 -20455.103717   -391.293483  7  7  5  88       
PG17  -1712.649205 -16756.377881  20932.531931    720.678538  8  7  5  60       
PG18  -5858.876785  22690.284257 -12306.887995   -523.321501  6  4  5  45       
PG19 -11564.912277 -18317.333402  15413.825364    421.631410  6  6  6  71       
PG20 -11055.764439 -10702.106137 -21593.012568    393.308091  8  8  3  79       
PG21  16211.266965   4775.373636  21190.696717    139.525972  7  8  6  46       
PG22    659.069928 -17375.924426  20591.832904     54.381951  7  7  3  81       
PG23 -14717.279129  19977.691024   9226.232761    128.469123  7  6  4  37       
PG24 -15927.555421   -318.696117  20885.143678   -406.946599  3  8  6  90       
PG25 -19649.419936  17545.788931  -2199.924080    483.978070  7  4  7  30       
PG26   8449.039881  13638.270875 -21278.694438    203.554564  5  4  5  86       
PG27  22645.020176  13333.070591  -5474.295617     -0.380153 10 10 11  63       
PG28   5851.082206  25815.141054  -2232.975556    -88.358823  5  7  4  44       
PG29 -13935.800342   8849.024910 -20875.249741   -609.140230  6  5  7  76       
PG30   -583.022165 -26134.850914  -3679.969050   -449.719395  6  5  5  74       
PG31  10282.013743  21693.459061 -11108.524130   -227.081879  5  7  6  64       
PG32   6743.422537  17255.125585  19299.708784   -602.249100  5  5  7  60       
*  2024  1  4  0 15  0.00000000
PG01  13490.353657  -5724.198558  21778.263265    165.209616  7  6  4  47       
PG02  15987.403417   1518.955975  21697.320282   -506.084549  6  8  6  65       
PG03  22083.483997  -9491.340898  11028.692088    101.691529  8  4  9  72       
PG04  23386.705477   -553.730345 -12691.418929    256.901716  8  6  6  94       
PG05 -18427.513540   -667.859900 -19327.440755   -156.633664  8  6  6  85       
PG06  -6315.864088 -25628.263838  -2325.073268    456.768790  3  7  7  53       
PG07   7019.426230 -20115.642205 -15071.822589    -28.536094  7  4  7  44       
PG08  25989.917743   4695.600349   4386.273835   -160.321572  8  7  9  66       
PG09  14382.336957 -10208.946935 -19962.921633     47.531433  7  5  3  48       
PG10  -5136.830897  19681.301966  17097.948271    -67.924395  7  6  2  46       
PG11 -11857.246106 -20106.136154 -12693.384258   -526.581788  6  7  6  84       
PG12 -22794.473053   8042.341660  10642.936112   -464.279682  7  5  8  52       
PG13 -22530.217761 -13938.432235  -3345.055984    612.349649  6  7  8  95       
PG14   8956.843215 -20585.906435  14074.048594    289.043084  4  4  5  71       
PG15 -26278.708235  -2096.736284   3566.648942    113.620097  6  6  3 102       
PG16  14319.526397   7903.456111 -21335.677835   -391.286342  7  7  5  79       
PG17    456.975346 -15850.269142  21717.637276    720.677935  7  7  4  47       
PG18  -6262.931682  21187.456550 -14589.784632   -523.330038  5  4  5  30       
PG19  -9815.600329 -17590.296405  17301.803649    421.636163  6  6  5  49       
PG20  -9430.723206 -12565.857246 -21374.646188    393.306157  8  8  3  78       
PG21  16735.071068   6960.285304  20214.093329    139.524653  7  8  5  75       
PG22   2522.039556 -18538.646532  19398.405976     54.376159  6  7  2  81       
PG23 -15534.168804  20412.028322   6519.934655    128.475678  7  6  4  13       
PG24 -16493.374015  -2698.299583  20314.882569   -406.953319  4  8  6  91       
PG25 -19886.383044  17348.851576    651.451274    483.979347  7  4  7  52       
PG26   6668.295669  15237.832921 -20784.321219    203.551562  5  4  4  96       
PG27  21882.699984  13260.985944  -8171.617772     -0.383820 10 10 10  57       
PG28   5618.995031  25952.798457    621.172935    -88.368606  5  7  4  12       
PG29 -15998.277501   7802.334363 -19792.023537   -609.140154  7  5  6  82       
PG30   -151.427177 -25598.303605  -6418.204464   -449.715306  6  5  5  61       
PG31  10171.649478  22831.778119  -8556.382054   -227.082215  5  7  6  63       
PG32   4614.896184  16574.621169  20479.207486   -602.251966  5  5  6  44       
*  2024  1  4  0 30  0.00000000
PG01  14046.201866  -3211.674993  21968.488134    165.210448  8  6  3  86       
PG02  16654.847599   3748.709070  20911.526197   -506.079735  6  9  5  68       
PG03  21160.241967  -8397.022156  13441.481815    101.715468  8  4  9  66       
PG04  24561.617711     59.881184 -10264.703376    256.910565  8  5  6  97       
PG05 -16929.146573  -2336.707939 -20533.331659   -156.635035  7  6  6  75       
PG06  -6162.291841 -25771.748560    590.800474    456.757324  2  7  7  69       
PG07   7677.636875 -18283.312624 -16954.087521    -28.544785  7  4  6  93       
PG08  26264.054028   5014.038833   1592.210322   -160.323050  9  7  8  64       
PG09  16463.357241  -9509.557913 -18657.390265     47.542245  7  5  2  58       
PG10  -6562.895488  20816.141901  15099.198084    -67.926392  7  5  2  50       
PG11 -11893.838792 -21435.535510 -10259.196536   -526.594793  5  7  7  75       
PG12 -21849.045039   6990.820569  13041.762240   -464.283272  7  5  8  61       
PG13 -21976.909995 -13905.194747  -6140.371918    612.352943  7  6  8  97       
PG14  10233.249503 -21387.386420  11808.066752    289.052360  4  4  5  60       
PG15 -26530.424860  -2452.764030    790.969874    113.623480  6  6  4 101       
PG16  12449.528441   9401.456750 -21862.177771   -391.279557  7  7  5  78       
PG17   2733.712432 -15041.428509  22142.619786    720.676778  7  7  4  70       
PG18  -6796.717810  19468.870321 -16619.216920   -523.338613  5  4  5  75       
PG19  -7844.855032 -16880.148940  18891.818409    421.641010  7  6  5  67       
PG20  -7930.932445 -14471.776985 -20787.138821    393.304640  7  7  3  68       
PG21  17337.822271   8988.853082  18911.760470    139.523561  6  7  5  78       
PG22   4200.978806 -19708.167991  17885.440570     54.369850  5  7  2  83       
PG23 -16101.861906  20669.688597   3700.230222    128.482170  7  6  4  71       
PG24 -17142.869659  -4961.840085  19384.848675   -406.960069  4  8  6  90       
PG25 -19899.766853  16938.532805   3491.373130    483.980608  7  4  7  78       
PG26   5014.422484  16867.921618 -19934.731474    203.548543  5  4  3  93       
PG27  20837.464843  13143.803794 -10732.959837     -0.387509 10 10 10  37       
PG28   5312.633530  25790.316498   3464.628816    -88.378425  5  7  5  55       
PG29 -17982.437567   6921.624427 -18370.452362   -609.139813  7  4  6  91       
PG30    370.891463 -24784.943802  -9043.836577   -449.711219  5  5  5  27       
PG31  10057.742334  23683.279393  -5854.636735   -227.082444  6  6  6  44       
PG32   2344.239240  15974.937737  21313.634246   -602.254839  5  5  5  42       
*  2024  1  4  0 45  0.00000000
PG01  14740.195135   -737.919522  21768.183804    165.211255  8  6  3  94       
PG02  17404.613557   5839.923716  19782.967606   -506.074608  5  8  5  90       
PG03  20117.938010  -7062.944411  15619.713367    101.739336  7  4  9  51       
PG04  25493.321128    534.275714  -7662.510802    256.919450  8  5  6  74       
PG05 -15447.270743  -4171.917374 -21391.979757   -156.636275  7  6  5  64       
PG06  -5926.821788 -25604.772665   3496.449478    456.745899  1  6  7  72       
PG07   8480.536010 -16293.345362 -18528.569413    -28.553296  6  5  6  73       
PG08  26246.519692   5252.944681  -1228.582692   -160.324753  9  7  8  60       
PG09  18416.514475  -8953.805400 -17033.593050     47.553080  7  5  3  71       
PG10  -7761.060916  21853.513788  12840.029561    -67.927658  7  5  3  20       
PG11 -11933.215143 -22483.381869  -7648.719407   -526.607741  5  6  7  68       
PG12 -20766.817630   5713.304894  15211.719651   -464.286603  7  5  8  50       
PG13 -21136.349774 -13788.082985  -8831.916602    612.356161  7  6  8  83       
PG14  11278.872776 -22061.907500   9337.191610    289.061659  5  4  5  36       
PG15 -26487.788008  -2763.819167  -1998.225691    113.627046  6  5  5 104       
PG16  10630.869093  11025.660366 -22024.826031   -391.272674  7  7  5  79       
PG17   5075.424827 -14351.592831  22201.129918    720.676040  7  7  5  36       
PG18  -7479.021028  17575.640859 -18360.208082   -523.347186  4  5  5  56       
PG19  -5682.223332 -16222.181868  20155.303949    421.645657  7  6  4   1       
PG20  -6578.842654 -16377.549806 -19841.179404    393.303109  7  7  4  40       
PG21  17990.827201  10829.140488  17305.868358    139.522412  6  6  5  86       
PG22   5677.089582 -20844.531377  16077.614982     54.364072  4  6  2  78       
PG23 -16438.281563  20715.497418    816.126616    128.488750  7  7  5  64       
PG24 -17850.953345  -7069.999761  18113.169570   -406.966844  5  7  6  93       
PG25 -19717.643575  16291.593779   6269.829333    483.981911  6  4  7  53       
PG26   3509.701439  18488.542648 -18743.301600    203.545527  5  4  3  89       
PG27  19519.320187  13019.813701 -13115.946270     -0.391218 10  9 10  29       
PG28   4897.401027  25341.705668   6248.440391    -88.388247  5  7  5  49       
PG29 -19841.294456   6204.845180 -16634.962725   -609.139516  7  5  6  56       
PG30   1011.793371 -23719.076607 -11510.718721   -449.707189  5  5  5  38       
PG31   9902.829875  24238.183592  -3050.172848   -227.082748  6  6  6  69       
PG32    -27.888154  15479.375875  21788.600383   -602.257721  5  4  4  61       
*  2024  1  4  1  0  0.00000000
PG01  15555.373698   1646.600478  21182.113981    165.212070  7  6  3  76       
PG02  18206.953174   7758.336530  18329.911983   -506.069797  5  8  5  89       
PG03  19001.254383  -5493.874718  17525.187649    101.763180  7  4  8  58       
PG04  26153.634561    897.200119  -4929.395649    256.928269  8  5  6  62       
PG05 -14020.624616  -6145.590793 -21888.846149   -156.637194  6  6  4  53       
PG06  -5572.850678 -25143.113098   6341.608264    456.734469  1  5  6  63       
PG07   9434.633573 -14192.822771 -19766.728093    -28.562056  6  5  5  82       
PG08  25929.905914   5448.248477  -4028.785400   -160.326614 10  7  8  83       
PG09  20198.726132  -8529.117183 -15119.164036     47.563945  6  5  2  67       
PG10  -8731.059183  22748.615974  10358.604624    -67.929352  7  5  4  62       
PG11 -11937.205873 -23238.458540  -4906.863823   -526.620752  5  5  7  81       
PG12 -19590.949583   4211.375509  17114.148032   -464.290516  7  5  7  61       
PG13 -20011.334477 -13626.552499 -11374.452365    612.359849  7  5  7  81       
PG14  12099.115855 -22570.293828   6704.138940    289.071011  6  4  5  75       
PG15 -26150.312742  -3064.928027  -4753.633154    113.630615  6  5  5 100       
PG16   8900.048219  12746.206561 -21819.655819   -391.265651  7  7  5  76       
PG17   7436.897954 -13795.093436  21892.657317    720.675433  7  7  5  72       
PG18  -8321.041597  15553.120787 -19782.896772   -523.355729  5  5  6  71       
PG19  -3364.326658 -15646.758684  21069.176369    421.650501  7  6  3  46       
PG20  -5389.202297 -18238.524157 -18553.606643    393.301495  6  7  4  78       
PG21  18660.765375  12455.545012  15422.959605    139.521306  6  6  5  85       
PG22   6939.311791 -21905.943818  14004.326031     54.358126  4  6  3  81       
PG23 -16568.684528  20519.968687  -2082.185631    128.495280  8  7  5  43       
PG24 -18587.222349  -8989.601362  16523.922716   -406.973601  6  7  6  75       
PG25 -19373.400071  15392.162961   8937.556788    483.983168  6  4  7  20       
PG26   2169.246059  20057.151505 -17229.359588    203.542513  5  4  2  73       
PG27  17946.302188  12925.414359 -15281.156201     -0.394918 10  9  9   9       
PG28   4342.481156  24628.983509   8924.656150    -88.398061  5  7  6  71       
PG29 -21530.255705   5641.804437 -14615.289183   -609.139126  8  5  6  82       
PG30   1793.915495 -22431.841255 -13775.512618   -449.703130  5  5  5  50       
PG31   9669.368231  24495.629886   -192.034344   -227.082971  6  6  6  73       
PG32  -2456.873844  15104.246951  21895.631527   -602.260579  5  4  3  65       
*  2024  1  4  1 15  0.00000000
PG01  16467.013726   3895.639885  20222.021206    165.212843  6  6  3  81       
PG02  19027.128084   9475.868757  16575.742462   -506.064545  6  8  5  77       
PG03  17854.743898  -3703.601924  19124.495155    101.787041  7  4  8  57       
PG04  26521.765719   1181.053087  -2112.090513    256.937150  8  5  6  79       
PG05 -12683.082789  -8223.275276 -22015.399316   -156.638526  6  6  3  76       
PG06  -5067.944139 -24410.952961   9077.164608    456.723077  2  5  6  71       
PG07  10538.183666 -12030.911058 -20646.474455    -28.570294  6  5  4  73       
PG08  25315.125792   5636.819682  -6761.492905   -160.327707  9  7  7  85       
PG09  21771.147387  -8215.843800 -12946.672269     47.574839  6  5  3  71       
PG10  -9481.210186  23458.941388   7697.245078    -67.930582  7  4  5  53       
PG11 -11867.197972 -23698.371981  -2080.756895   -526.633775  5  5  7  77       
PG12 -18365.272735   2495.451075  18715.047326   -464.293753  7  5  7  74       
PG13 -18613.229628 -13459.602470 -13725.345008    612.363047  7  5  7  63       
PG14  12707.257154 -22876.815976   3954.547657    289.080315  6  4  5  35       
PG15 -25525.648051  -3390.814592  -7429.032848    113.633729  6  5  5  90       
PG16   7288.282844  14527.282951 -21248.652657   -391.258981  7  7  6  78       
PG17   9771.321966 -13378.399831  21222.508653    720.674717  7  6  6  59       
PG18  -9325.810690  13449.243253 -20863.042930   -523.364298  5  5  6  54       
PG19   -933.684405 -15178.069836  21616.321855    421.655197  7  6  3  31       
PG20  -4368.673677 -20009.321023 -16947.081556    393.299189  6  6  5  80       
PG21  19310.919680  13849.492679  13293.567032    139.520491  6  5  5  80       
PG22   7984.566554 -22850.293089  11699.293964     54.352557  3  6  3  68       
PG23 -16524.508021  20060.587777  -4944.236151    128.501848  8  7  6  46       
PG24 -19317.232629 -10694.641865  14646.567758   -406.980347  6  7  6  59       
PG25 -18904.318416  14232.602402  11446.989978    483.984409  6  4  7  67       
PG26   1000.554422  21530.192595 -15417.934499    203.539494  6  4  2  95       
PG27  16143.933446  12893.645875 -17192.698000     -0.398634 10  8  8  19       
PG28   3622.233781  23681.306542  11447.153565    -88.407903  5  7  6  58       
PG29 -23008.712415   5214.723899 -12345.972274   -609.138689  8  5  6  50       
PG30   2733.562179 -20960.022157 -15798.496741   -449.699060  5  5  5  34       
PG31   9321.421171  24463.673414   2669.472571   -227.082972  6  5  6  60       
PG32  -4895.629131  14858.251394  21632.332363   -602.263419  6  3     52       
*  2024  1  4  1 30  0.00000000
PG01  17443.641026   5968.785940  18906.305078    165.213617  4  5  2  74       
PG02  19826.673268  10971.482393  14548.659108   -506.059248  6  8  5  78       
PG03  16721.067057  -1714.607213  20389.633323    101.810914  6  4  8  38       
PG04  26585.081423   1421.444057    741.277951    256.946027  8  5  6  56       
PG05 -11462.461142 -10365.084384 -21769.260170   -156.639866  6  6  3  78       
PG06  -4385.288018 -23439.897278  11656.015229    456.711695  2  5  5  77       
PG07  11781.112306  -9856.970106 -21152.605081    -28.578958  6  5  3  49       
PG08  24411.417521   5854.906218  -9380.937723   -160.328973  9  6  7  83       
PG09  23100.532151  -7988.158242 -10553.087175     47.585726  5  5  2  71       
PG10 -10027.955021  23945.991415   4901.733619    -67.931529  6  4  5  42       
PG11 -11685.788165 -23869.523085    781.065767   -526.646763  5  4  7 101       
PG12 -17132.552571    584.616361  19985.751656   -464.297213  7  5  7  86       
PG13 -16961.652766 -13324.175222 -15845.222867    612.366445  7  6  7   6       
PG14  13123.746789 -22950.666323   1136.171461    289.089612  6  4  5  23       
PG15 -24629.232022  -3774.408450  -9979.999546    113.637320  5  5  5  70       
PG16   5820.444662  16328.288128 -20319.819467   -391.251962  7  7  6  77       
PG17  12031.829228 -13099.952747  20201.717348    720.673696  7  6  6  14       
PG18 -10487.937978  11312.781172 -21582.426921   -523.372793  6  5  7  85       
PG19   1562.708419 -14833.130071  21785.986756    421.659869  7  6  3  51       
PG20  -3515.770297 -21645.473338 -15049.663986    393.297818  5  6  5  53       
PG21  19902.518913  14999.901811  10951.808420    139.519099  6  4  5  46       
PG22   8817.718923 -23636.696677   9200.109149     54.346278  3  5  4  90       
PG23 -16341.977980  19322.829559  -7720.185655    128.508358  8  7  6  53       
PG24 -20003.923622 -12167.022892  12515.294994   -406.987096  7  7  6  74       
PG25 -18349.992436  12814.051929  13753.196221    483.985652  5  4  7  77       
PG26      3.357777  22864.708280 -13339.398506    203.536465  5  4  2  85       
PG27  14144.421297  12952.853285 -18818.737080     -0.402322 10  8  6  29       
PG28   2717.392625  22533.838098  13772.437708    -88.417760  5  6  7  50       
PG29 -24241.487774   4899.090272  -9865.779276   -609.138543  7  5  5  44       
PG30   3839.854597 -19344.645190 -17544.302195   -449.695024  4  5  5  62       
PG31   8826.306649  24158.930575   5483.723240   -227.083238  6  5  6  63       
PG32  -7296.163975  14742.149147  21002.463876   -602.266212  6  2  1  68       
*  2024  1  4  1 45  0.00000000
PG01  18448.319930   7832.808819  17259.571964    165.214366  2  4  3  65       
PG02  20564.810447  12231.797294  12281.320930   -506.054424  7  8  5  87       
PG03  15639.316634    442.613172  21298.521054    101.834728  6  3  7  55       
PG04  26339.579963   1655.631142   3581.993637    256.954908  7  6  5  67       
PG05 -10379.556839 -12527.030144 -21154.256085   -156.640929  6  5  3  69       
PG06  -3504.916398 -22267.716277  14033.878146    456.700317  2  5  4  87       
PG07  13145.316081  -7718.675090 -21277.064304    -28.587697  5  4  2  68       
PG08  23236.056718   6136.602257 -11843.194276   -160.330857  9  6  7  72       
PG09  24160.394040  -7815.199649  -7979.170736     47.596482  5  5  3  52       
PG10 -10395.063203  24176.864268   2020.529720    -67.932922  6  4  5  55       
PG11 -11358.394857 -23766.751404   3629.489345   -526.659743  5  4  6  86       
PG12 -15932.796807  -1493.905113  20903.501426   -464.300760  7  5  7  87       
PG13 -15083.863678 -13253.647201 -17698.582095    612.369644  7  6  7  58       
PG14  13375.221680 -22767.255884  -1701.973864    289.098936  7  5  5  77       
PG15 -23483.681312  -4245.447719 -12364.555328    113.640749  4  5  5  74       
PG16   4514.224027  18105.196142 -19047.158204   -391.245111  7  6  6  71       
PG17  14173.037031 -12950.290893  18846.886539    720.673058  7  6  6  64       
PG18 -11793.698582   9191.591244 -21929.136533   -523.381345  6  5  7  74       
PG19   4074.997614 -14621.064128  21574.056136    421.664656  7  6  3  22       
PG20  -2821.114627 -23105.033513 -12894.302469    393.296071  5  6  5  86       
PG21  20396.152664  15903.404887   8434.958080    139.518782  6  3  5  58       
PG22   9451.258342 -24227.032679   6547.720684     54.340237  3  5  4  68       
PG23 -16060.535476  18300.869303 -10361.725414    128.514907  9  7  7  48       
PG24 -20609.133043 -13396.958698  10168.311058   -406.993835  7  7  6  75       
PG25 -17750.646186  11146.621605  15814.773069    483.986908  5  5  7  95       
PG26   -830.223460  24019.956381 -11029.002312    203.533494  5  4  2  88       
PG27  11985.625650  13125.526449 -20131.973414     -0.405959 10  7  5  68       
PG28   1616.017037  21226.395746  15860.395583    -88.427560  5  6  7  45       
PG29 -25200.090210   4664.768504  -7217.056642   -609.138397  7  6  5  60       
PG30   5114.175557 -17629.417644 -18982.559741   -449.690929  4  6  5  71       
PG31   8156.129018  23605.881941   8200.743410   -227.083545  6  5  5  59       
PG32  -9611.206660  14748.736770  20015.929615   -602.268987  6  3  3  13       
*  2024  1  4  2  0  0.00000000
PG01  19440.157557   9462.703141  15312.073777    165.215109  2  3  4  63       
PG02  21199.967116  13251.446558   9810.427276   -506.049486  7  8  5  82       
PG03  14643.498197   2730.546572  21835.399331    101.858533  6  3  7  62       
PG04  25790.048278   1920.897677   6361.563747    256.963805  7  5  5  50       
PG05  -9447.458332 -14662.518187 -20180.382175   -156.642264  6  5  3  77       
PG06  -2414.668865 -20936.867239  16170.047594    456.688918  2  5  3  87       
PG07  14605.314498  -5660.235822 -21019.029898    -28.596153  5  4  2  81       
PG08  21813.788018   6512.398292 -14106.858453   -160.331628  8  6  7  95       
PG09  24931.923466  -7662.418099  -5268.805009     47.607330  5  5  2  25       
PG10 -10612.540743  24125.650388   -896.086815    -67.934054  6  4  5  10       
PG11 -10854.766167 -23412.667003   6415.656743   -526.672727  5  4  6  86       
PG12 -14801.683945  -3705.615456  21451.897985   -464.304329  7  5  7  86       
PG13 -13013.883903 -13276.464963 -19254.332413    612.373158  7  6  6   5       
PG14  13493.279154 -22309.279255  -4510.490592    289.108213  7  5  5  67       
PG15 -22117.943404  -4829.223769 -14543.762284    113.644237  3  5  5  37       
PG16   3379.555417  19812.079441 -17450.561014   -391.238420  7  6  6  85       
PG17  16152.545295 -12912.467188  17179.965943    720.672212  7  5  6  53       
PG18 -13221.454054   7130.911145 -21897.738930   -523.389888  7  6  7  89       
PG19   6552.218762 -14542.715297  20983.209352    421.669388  6  6  4  67       
PG20  -2268.002968 -24350.088297 -10518.247961    393.294601  5  5  5  60       
PG21  20753.217692  16564.322824   5782.993722    139.517524  6  3  5  59       
PG22   9904.703578 -24587.400599   3785.867396     54.334261  3  5  4  69       
PG23 -15721.145647  16997.957158 -12822.946728    128.521472  9  8  7  27       
PG24 -21095.138589 -14383.056749   7647.082192   -407.000605  7  6  6  87       
PG25 -17145.426535   9249.218427  17594.683215    483.988142  5  5  7  85       
PG26  -1515.217448  24958.972198  -8526.307477    203.530442  5  3  2  91       
PG27   9709.830225  13427.356133 -21110.065049     -0.409617 10  7  4  62       
PG28    314.159781  19801.930615  17674.992749    -88.437393  6  6  7  55       
PG29 -25863.724377   4477.334562  -4445.023904   -609.137907  7  6  5  58       
PG30   6549.932671 -15859.076776 -20088.444170   -449.686852  4  5  5  68       
PG31   7289.128617  22835.858543  10772.179298   -227.083710  7  5  5  78       
PG32 -11795.810200  14863.135216  18688.667986   -602.271799  6  3  4  47       
*  2024  1  4  2 15  0.00000000
PG01  20375.956398  10842.386147  13099.055301    165.215836  3  3  5  81       
PG02  21691.352752  14033.154519   7176.237243   -506.044709  7  7  5  76       
PG03  13761.228429   5105.943920  21991.109723    101.882333  6  2  6  66       
PG04  24949.898310   2252.929216   9032.527330    256.972733  7  5  4  65       
PG05  -8671.151496 -16723.953121 -18863.668764   -156.643968  7  4  4  97       
PG06  -1110.840804 -19492.854007  18028.079047    456.677560  2  5  2  81       
PG07  16129.221289  -3720.792864 -20384.825887    -28.604837  5  4  2  66       
PG08  20175.995192   7007.864904 -16133.695382   -160.334233  8  6  6  84       
PG09  25404.625745  -7493.069817  -2468.264543     47.618208  5  5  2  47       
PG10 -10715.279566  23774.573493  -3796.928656    -67.935537  5  4  5  59       
PG11 -10150.325755 -22836.696410   9091.799213   -526.685740  5  4  6  85       
PG12 -13769.179060  -6009.909801  21621.228473   -464.307678  6  5  7  81       
PG13 -10791.377222 -13414.974321 -20486.278166    612.376343  7  6  6  61       
PG14  13513.058699 -21567.503691  -7240.488761    289.117480  6  5  5  48       
PG15 -20566.246442  -5545.507771 -16482.253408    113.647578  3  5  4  47       
PG16   2418.331853  21402.739690 -15555.604362   -391.231568  7  6  6  60       
PG17  17932.340095 -12962.741812  15227.962669    720.670957  7  5  5  51       
PG18 -14742.388884   5171.775242 -21489.337006   -523.398428  7  6  7  44       
PG19   8944.109713 -14590.598449  20022.943746    421.673945  6  6  4  30       
PG20  -1833.252686 -25348.124471  -7962.402637    393.292756  4  4  5  51       
PG21  20937.354195  16994.391463   3038.116087    139.516428  5  2  5  62       
PG22  10203.747687 -24689.460561    960.452513     54.328186  3  5  4  17       
PG23 -15364.558272  15426.440996 -15061.162657    128.528073  9  8  7  68       
PG24 -21426.165546 -15132.079269   4995.554044   -407.007367  7  6  5  72       
PG25 -16570.744476   7149.010133  19061.003385    483.989454  5  5  7  84       
PG26  -2073.046179  25650.011213  -5874.522220    203.527396  5  3  2  90       
PG27   7362.357196  13866.539694 -21735.993404     -0.413278 10  7  3           
PG28  -1183.776239  18304.897476  19184.899871    -88.447258  6  5  7  73       
PG29 -26220.022042   4299.577028  -1597.019672   -609.137773  6  6  5  88       
PG30   8132.648983 -14077.715333 -20843.105305   -449.682784  4  5  5  87       
PG31   6210.787628  21885.752308  13152.243983   -227.083926  7  4  4  59       
PG32 -13808.887099  15063.381364  17042.448346   -602.274630  6  4  4   9       
*  2024  1  4  2 30  0.00000000
PG01  21211.944550  11965.034269  10660.030365    165.216526  4  2  5  85       
PG02  22000.540322  14587.529485   4422.026095   -506.039604  7  7  5  80       
PG03  13012.703677   7521.329342  21763.245585    101.906100  6  2  5  81       
PG04  23840.688651   2684.252683  11549.247299    256.981586  6  4  4  59       
PG05  -8047.437799 -18664.396809 -17225.954727   -156.644256  7  4  5  83       
PG06    401.497106 -17982.488867  19576.393727    456.666214  2  5  2  74       
PG07  17679.985061  -1933.058293 -19387.672743    -28.613433  5  4  3  17       
PG08  18359.637560   7642.517509 -17889.248424   -160.336520  7  6  6  94       
PG09  25576.655198  -7269.806205    374.555572     47.629059  5  5  2  54       
PG10 -10741.501152  23114.825192  -6630.851214    -67.937068  5  5  5  74       
PG11  -9227.304499 -22073.879937  11612.046948   -526.698624  5  4  5  90       
PG12 -12858.395980  -8361.498858  21408.652157   -464.311052  6  5  6  76       
PG13  -8460.330554 -13684.484129 -21373.529935    612.380139  7  5  7  27       
PG14  13471.689674 -20541.249587  -9844.467233    289.126814  6  5  5  50       
PG15 -18866.886263  -6407.691710 -18148.701365    113.651259  3  6  4  48       
PG16   1624.426595  22832.389434 -13393.240525   -391.224611  7  6  6  64       
PG17  19480.055995 -13071.531009  13022.585600    720.670279  7  5  4  67       
PG18 -16321.531913   3349.608593 -20711.511792   -523.407003  6  6  7  67       
PG19  11202.912922 -14749.204622  18709.460721    421.678719  6  6  4  63       
PG20  -1488.296781 -26073.195098  -5270.615537    393.291547  3  4  5  36       
PG21  20915.830014  17212.245687    244.238267    139.515314  5  3  5  69       
PG22  10379.167549 -24511.601352  -1881.135516     54.322425  3  5  4  62       
PG23 -15029.590834  13607.436991 -17037.665594    128.534621  9  8  8  73       
PG24 -21569.803724 -15658.405967   2259.364859   -407.014140  7  6  5  55       
PG25 -16058.738559   4880.546114  20187.565922    483.990685  5  6  6  93       
PG26  -2530.504738  26067.811617  -3119.750542    203.524309  5  2  3  65       
PG27   4990.070506  14443.362530 -21998.365608     -0.416909 10  7  2  71       
PG28  -2865.007318  16779.578753  20364.038047    -88.457072  6  5  7  53       
PG29 -26265.465154   4093.110430   1278.288877   -609.137325  6  6  5  76       
PG30   9840.376003 -12327.152666 -21233.978178   -449.678705  5  5  5  88       
PG31   4914.641552  20796.504824  15298.615240   -227.083989  7  4  3  31       
PG32 -15614.615293  15321.305267  15104.569735   -602.277438  6  4  5  54       
*  2024  1  4  2 45  0.00000000
PG01  21905.512644  12833.055476   8038.006993    165.217235  4  2  5  61       
PG02  22092.998885  14932.571952   1593.478620   -506.034596  6  7  5  66       
PG03  12409.979554   9926.678184  21156.173936    101.929867  6  2  4  55       
PG04  22491.349199   3242.797156  13868.673882    256.990482  6  4  3  69       
PG05  -7565.169579 -20439.219528 -15294.567344   -156.646125  7  3  5  88       
PG06   2108.520969 -16452.124370  20788.793873    456.654846  3  5  2  82       
PG07  19216.838319   -322.254502 -18047.290811    -28.622213  5  5  3  70       
PG08  16405.988379   8428.903866 -19343.402206   -160.337154  7  6  5  83       
PG09  25454.831377  -6956.296032   3210.944379     47.639907  5  4  2   6       
PG10 -10731.057691  22147.053246  -9347.719127    -67.938308  5  5  5  71       
PG11  -8075.614301 -21163.466942  13933.206388   -526.711621  4  5  5  80       
PG12 -12084.754045 -10712.027124  20818.243710   -464.314461  5  5  6  67       
PG13  -6067.581217 -14092.598314 -21900.842267    612.383273  7  5  7  61       
PG14  13406.668422 -19238.542436 -12277.168006    289.136117  6  5  5  52       
PG15 -17060.893693  -7422.168758 -19516.225687    113.654583  3  6  4  57       
PG16    984.029862  24059.322719 -10999.382576   -391.218028  7  6  6  75       
PG17  20770.053747 -13204.582641  10599.822915    720.669652  7  4  3  57       
PG18 -17919.021376   1693.051241 -19578.154582   -523.415539  6  6  7  78       
PG19  13285.092611 -14995.648885  17065.412207    421.683475  5  6  4  64       
PG20  -1200.482013 -26506.844047  -2488.937144    393.289403  3  4  4  69       
PG21  20660.830890  17242.672406  -2553.558545    139.514194  4  3  5  45       
PG22  10465.531383 -24039.891223  -4690.751847     54.316614  3  5  4  69       
PG23 -14751.503558  11570.161852 -18718.406081    128.541167  9  8  8  69       
PG24 -21498.283448 -15983.228253   -514.933452   -407.020909  7  6  5  59       
PG25 -15635.928627   2484.571818  20954.475179    483.991865  5  6  6  88       
PG26  -2918.513123  26194.621675   -310.167720    203.521222  4  2  2  79       
PG27   2639.817303  15150.073267 -21891.648495     -0.420544 10  7  3  67       
PG28  -4708.666652  15268.427407  21192.033224    -88.466823  6  5  7  41       
PG29 -26005.484728   3820.038847   4131.720952   -609.137000  5  6  5  84       
PG30  11644.410399 -10645.417188 -21254.968328   -449.674622  5  5  5  85       
PG31   3402.758983  19611.439388  17173.261105   -227.084282  6  4  3  28       
PG32 -17183.661419  15603.664150  12907.462413   -602.280255  6  5  5  32       
*  2024  1  4  3  0  0.00000000
PG01  22416.889324  13457.709548   5278.680761    165.217975  4  3  5  73       
PG02  21939.522048  15092.908277  -1261.979260   -506.029806  6  6  5  78       
PG03  11956.589053  12271.195656  20180.929087    101.953677  6  2  4  50       
PG04  20937.137433   3950.631278  15951.067774    256.999329  6  2  3  58       
PG05  -7205.796131 -22007.683299 -13101.910396   -156.647180  7  3  6  69       
PG06   3988.014874 -14945.922969  21644.881983    456.643508  4  5  3  63       
PG07  20696.886485   1094.612067 -16389.377090    -28.630482  4  4  3  65       
PG08  14359.217787   9371.949245 -20470.892141   -160.339963  7  6  5  89       
PG09  25054.335347  -6518.818391   5992.199816     47.650768  4  4  2  57       
PG10 -10723.661706  20881.478135 -11899.366055    -67.939989  5  5  5  82       
PG11  -6693.430175 -20147.363127  16015.491608   -526.724573  3  5  5  65       
PG12 -11455.464205 -13011.818606  19860.893163   -464.318210  4  5  6  86       
PG13  -3661.241687 -14638.840874 -22058.873262    612.386838  7  5  7  46       
PG14  13354.231047 -17675.929987 -14496.386380    289.145430  5  5  5  72       
PG15 -15190.627357  -8587.970051 -20562.739346    113.658184  4  5  4  59       
PG16    476.296457  25046.509776  -8414.381321   -391.211184  7  6  6  57       
PG17  21784.274140 -13324.341564   7999.452348    720.669001  7  4  1  41       
PG18 -19491.563443    223.055212 -18109.194110   -523.424086  5  6  7  73       
PG19  15152.893954 -15300.637578  15119.509632    421.688062  5  6  3  56       
PG20   -934.519736 -26638.755850    335.154943    393.287905  3  4  4  67       
PG21  20150.615520  17115.649801  -5309.605684    139.513107  4  3  4  45       
PG22  10499.746245 -23268.770611  -7420.267449     54.310552  4  4  4  65       
PG23 -14560.531567   9350.954399 -20074.580390    128.547727  8  8  8  74       
PG24 -21189.567942 -16133.513245  -3280.634424   -407.027696  7  6  4  62       
PG25 -15322.119189      6.587601  21348.484938    483.993141  4  6  5  92       
PG26  -3270.690103  26020.945616   2504.861651    203.518143  5  2  3  62       
PG27    356.860003  15971.061762 -21416.328319     -0.424175  9  8  4  26       
PG28  -6686.419910  13810.492894  21654.571608    -88.476628  6  5  8  44       
PG29 -25454.231084   3444.606227   6914.408934   -609.136245  5  6  5  64       
PG30  13510.283126  -9065.400153 -20906.511476   -449.670548  5  5  5  71       
PG31   1685.867628  18374.508793  18743.171713   -227.084268  6  5  2  41       
PG32 -18494.172893  15873.493780  10488.194082   -602.283086  6  5  5  13       
*  2024  1  4  3 15  0.00000000
PG01  22710.692543  13858.401551   2429.613950    165.218713  4  3  5  58       
PG02  21517.497672  15098.769590  -4095.907301   -506.024860  6  6  5  74       
PG03  11647.512286  14505.124627  18854.982109    101.977477  6  2  3  28       
PG04  19218.364909   4822.925951  17760.671724    257.008261  5  1  2  35       
PG05  -6944.202885 -23334.398037 -10684.963624   -156.648645  7  3  6  85       
PG06   6010.055924 -13504.229998  22130.379090    456.632127  4  5  4  75       
PG07  22076.765193   2309.122751 -14444.978195    -28.638793  4  4  3  65       
PG08  12264.868823  10468.586148 -21251.752571   -160.341473  7  6  5  85       
PG09  24398.096047  -5927.764457   8670.460236     47.661561  3  4  1  58       
PG10 -10757.119572  19337.628877 -14240.524104    -67.941403  5  5  4  86       
PG11  -5087.457841 -19068.489429  17823.198017   -526.737523  2  6  5  62       
PG12 -10969.364251 -15211.676469  18554.066516   -464.321418  3  5  6  75       
PG13  -1289.076654 -15314.588958 -21844.361905    612.390242  7  5  7  49       
PG14  13347.788109 -15877.972131 -16463.720821    289.154717  5  5  5  59       
PG15 -13298.338273  -9896.667073 -21271.235638    113.661922  4  5  5  55       
PG16     74.287452  25763.050410  -5682.395783   -391.204296  7  5  5  66       
PG17  22512.834975 -13391.460886   5264.484531    720.667891  7  4  1  42       
PG18 -20994.027399  -1047.714309 -16330.225678   -523.432636  5  6  7  67       
PG19  16775.677262 -15629.716216  12906.001841    421.693205  5  6  2  50       
PG20   -654.033514 -26467.108316   3153.547088    393.285768  4  5  4  63       
PG21  19370.495498  16865.196631  -7978.265866    139.512423  5  3  4  64       
PG22  10519.495365 -22201.453084 -10022.375920     54.304579  4  4  3  70       
PG23 -14480.632230   6992.026553 -21083.116812    128.554336  8  8  8  75       
PG24 -20628.227941 -16140.781962  -5991.606898   -407.034478  7  6  4  66       
PG25 -15129.599841  -2504.785082  21363.227992    483.994399  4  6  5  91       
PG26  -3621.807500  25545.973021   5275.704218    203.515073  5  3  3  49       
PG27  -1816.646796  16883.339356 -20578.989783     -0.427815  9  8  3  72       
PG28  -8763.375755  12439.991142  21743.649772    -88.486400  6  5  8           
PG29 -24634.023283   2934.770037   9578.623978   -609.135841  4  6  5  76       
PG30  15398.978868  -7613.732541 -20195.509941   -449.666492  5  5  5  63       
PG31   -216.878939  17128.535104  19980.979182   -227.084509  6  5  1  23       
PG32 -19532.497691  16091.628448   7887.884687   -602.285917  5  5  4  51       
*  2024  1  4  3 30  0.00000000
PG01  22757.301469  14061.684972   -460.583869    165.219451  3  3  5  58       
PG02  20811.966650  14984.745763  -6859.630395   -506.019924  6  6  5  69       
PG03  11469.496234  16581.510661  17201.892933    102.001286  6  3  3  22       
PG04  17378.941124   5867.182754  19266.319879    257.017141  5  2  1  64       
PG05  -6749.814775 -24390.594622  -8084.698195   -156.650051  6  2  6  80       
PG06   8137.995760 -12162.110812  22237.338966    456.620784  4  5  4  56       
PG07  23314.294773   3321.461587 -12249.783566    -28.647495  3  4  3  45       
PG08  10168.279519  11707.686305 -21671.695339   -160.343210  7  7  5  98       
PG09  23515.888679  -5158.989039  11199.528714     47.672342  2  3  1  52       
PG10 -10865.645187  17543.706174 -16329.699434    -67.943344  6  5  4  89       
PG11  -3272.875978 -17969.115261  19325.307529   -526.750483  1  6  5  76       
PG12 -10617.107183 -17264.661399  16921.434993   -464.325254  2  4  5  86       
PG13   1003.110676 -16103.318855 -21260.219240    612.393589  7  5  7  64       
PG14  13416.484583 -13876.424542 -18145.247962    289.164042  4  5  5  40       
PG15 -11424.752479 -11332.541170 -21630.015964    113.665546  4  5  5  43       
PG16   -253.824048  26185.423023  -2850.662484   -391.197523  7  5  5  41       
PG17  22954.345146 -13366.408755   2440.540716    720.666933  7  4  2  24       
PG18 -22381.116107  -2115.154076 -14272.050319   -523.441176  4  6  7  56       
PG19  18130.969643 -15944.746160  10464.032781    421.697266  5  6  3   3       
PG20   -323.144588 -25998.616345   5918.285521    393.284290  4  5  4  71       
PG21  18313.602470  16528.062070 -10514.590534    139.510951  5  3  3  67       
PG22  10561.621858 -20850.009749 -12451.423472     54.298596  5  4  2  73       
PG23 -14528.496405   4539.994315 -21727.053136    128.560928  8  8  7  54       
PG24 -19806.073291 -16039.750091  -8602.988531   -407.041240  7  6  4  93       
PG25 -15062.675750  -4999.558788  20999.294079    483.995654  4  6  4  89       
PG26  -4006.189738  24777.669991   7953.396072    203.511995  5  3  3  40       
PG27  -3843.080099  17857.310679 -19392.307840     -0.431429  9  7  3  47       
PG28 -10899.256910  11185.073850  21457.714970    -88.496209  7  5  8  23       
PG29 -23574.497596   2263.637343  12078.587156   -609.135454  4  6  5  86       
PG30  17268.335000  -6309.926553 -19135.150951   -449.662397  5  5  5  71       
PG31  -2278.482697  15913.517466  20865.451271   -227.084655  6  5  1           
PG32 -20293.600073  16218.332836   5151.035954   -602.288731  5  5  4  50       
*  2024  1  4  3 45  0.00000000
PG01  22534.002806  14100.019941  -3343.060456    165.220211  3  3  5  51       
PG02  19816.423235  14788.354272  -9505.061982   -506.014953  6  6  4  59       
PG03  11401.708554  18457.854889  15250.854343    102.025086  6  4  4  25       
PG04  15464.788868   7082.758840  20441.974888    257.026046  5  3     78       
PG05  -6587.924371 -25155.164695  -5345.414599   -156.651763  6  2  6  86       
PG06  10329.700490 -10948.106042  21964.256761    456.609385  5  5  4  69       
PG07  24370.064777   4140.086583  -9843.362777    -28.656172  3  4  2  29       
PG08   8113.007218  13070.302617 -21722.410400   -160.345048  6  7  6 105       
PG09  22443.178304  -4194.957985  13535.675865     47.683123  2  3  1  56       
PG10 -11078.327054  15535.597966 -18129.971794    -67.944168  6  5  4  95       
PG11  -1272.954533 -16889.229743  20496.015528   -526.763400     6  5  77       
PG12 -10381.691036 -19127.775250  14992.384452   -464.328794  2  4  5  80       
PG13   3173.025685 -16981.159147 -20315.529699    612.397131  7  5  7  32       
PG14  13583.942803 -11709.149455 -19512.110258    289.173319  4  5  4  54       
PG15  -9607.716956 -12873.014204 -21632.858482    113.668939  4  4  5  54       
PG16   -543.325874  26298.471605     31.327005   -391.190535  7  5  4  50       
PG17  23115.918243 -13211.114974   -424.832286    720.665835  6  4  3  46       
PG18 -23609.048270  -2983.666916 -11970.133141   -523.449716  3  6  7  79       
PG19  19205.188581 -16205.547033   7836.893636    421.702046  5  6  2  48       
PG20     91.964684 -25248.266667   8582.365396    393.282855  4  6  4  72       
PG21  16981.408250  16142.293371 -12875.013751    139.509910  6  3  3  54       
PG22  10660.520498 -19235.123193 -14664.247794     54.292473  5  4  1  72       
PG23 -14712.861002   2044.247507 -21995.800372    128.567473  7  7  7  85       
PG24 -18722.525263 -15866.882030 -11071.837846   -407.047985  7  6  4  88       
PG25 -15117.545453  -7428.180390  20264.157560    483.996931  4  6  4  84       
PG26  -4456.126976  23732.525185  10490.576238    203.508867  6  4  4  38       
PG27  -5690.620002  18857.815876 -17874.945833     -0.435001  9  7  3  80       
PG28 -13049.787117  10066.844566  20801.693141    -88.506009  7  5  7  67       
PG29 -22311.486309   1410.707257  14371.252812   -609.135081  5  7  5  83       
PG30  19074.562965  -5165.811629 -17744.614408   -449.658291  5  5  4  76       
PG31  -4465.003841  14765.079945  21381.849028   -227.084890  6  5  1  50       
PG32 -20781.151546  16214.982962   2324.784364   -602.291551  5  5  3  49       
*  2024  1  4  4  0  0.00000000
PG01  22025.875372  14010.338605  -6169.499674    165.220962  3  3  5  45       
PG02  18533.316290  14548.473181 -11985.559493   -506.010122  7  5  4  67       
PG03  11416.696010  20097.590796  13036.139115    102.048910  6  4  5  28       
PG04  13522.190182   8460.708200  21267.183593    257.034955  5  4     70       
PG05  -6421.195948 -25615.424663  -2514.011309   -156.652478  6  3  6  74       
PG06  12539.001672  -9883.250255  21316.072149    456.597969  5  5  4  66       
PG07  25208.888219   4781.084323  -7268.369491    -28.664802  2  4  2  31       
PG08   6139.312556  14530.217960 -21401.780088   -160.346128  5  8  6  99       
PG09  21219.751985  -3025.644954  15638.406798     47.693890  2  3  2  74       
PG10 -11417.815353  13355.588404 -19609.697955    -67.945382  6  5  4  92       
PG11    881.637283 -15865.013026  21315.171087   -526.776375     6  6  66       
PG12 -10239.303692 -20763.481958  12801.419423   -464.332564  2  5  5  88       
PG13   5183.306828 -17917.734562 -19025.459364    612.400447  7  4  6  67       
PG14  13867.238141  -9418.797786 -20541.006033    289.182640  3  5  4  75       
PG15  -7880.952221 -14489.327058 -21279.126767    113.672364  5  4  6  50       
PG16   -831.373171  26096.081703   2912.726432   -391.183915  7  5  3  30       
PG17  23012.877877 -12890.598026  -3282.905102    720.665301  6  4  4  50       
PG18 -24637.189244  -3665.780069  -9463.990755   -523.458279  3  6  6  77       
PG19  19994.006924 -16371.634175   5071.187738    421.706823  5  6  2  41       
PG20    621.568097 -24238.754321  11100.501745    393.280906  4  6  5  77       
PG21  15383.968522  15745.725328 -15018.077803    139.508964  6  5  3  62       
PG22  10846.602226 -17385.509328 -16621.008782     54.286555  5  4     63       
PG23 -15034.147779   -444.777312 -21885.290311    128.574079  7  7  7  75       
PG24 -17384.722160 -15658.909481 -13357.741417   -407.054740  7  5  4  81       
PG25 -15282.526818  -9743.299795  19171.961022    483.998222  4  6  4  88       
PG26  -5000.370311  22434.959233  12842.392653    203.505785  6  4  4  41       
PG27  -7334.319159  19845.411588 -16051.354198     -0.438605  8  6  2  15       
PG28 -15168.240934   9098.659404  19786.904039    -88.515806  7  5  7  48       
PG29 -20885.668536    362.870616  16417.050921   -609.134740  5  7  4  75       
PG30  20773.831245  -4185.282361 -16048.679589   -449.654179  5  5  4  38       
PG31  -6736.743623  13713.123804  21522.143306   -227.084959  6  5  2  25       
PG32 -21007.288791  16045.729638   -541.911184   -602.294372  4  5  3  52       
*  2024  1  4  4 15  0.00000000
PG01  21226.387317  13832.474162  -8892.865582    165.221735  3  3  5  39       
PG02  16974.220188  14303.695856 -14256.796533   -506.005078  7  6  4  71       
PG03  11481.606295  21471.328958  10596.463221    102.072748  5  4  5  60       
PG04  11596.124989   9983.947462  21727.443113    257.043905  5  5     65       
PG05  -6211.288770 -25767.571094    360.805453   -156.654154  6  4  6  82       
PG06  14717.303616  -8980.389124  20304.068447    456.586526  5  5  4  74       
PG07  25801.073992   5267.246082  -4569.732359    -28.673363  2  4  2  53       
PG08   4282.760078  16054.786552 -20713.998915   -160.348242  4  9  7  93       
PG09  19888.191469  -1649.140286  17471.177998     47.704641  3  2  3  80       
PG10 -11899.285573  11050.815174 -20743.102006    -67.946704  7  4  4  84       
PG11   3153.808005 -14927.466028  21768.623295   -526.789323  1  6  6  72       
PG12 -10160.443095 -22141.005963  10387.478467   -464.336022  3  5  5  85       
PG13   7002.774662 -18877.273492 -17411.068592    612.403643  7  5  6  76       
PG14  14276.147187  -7051.315585 -21214.574147    289.191932  3  5  4  61       
PG15  -6272.952155 -16147.445745 -20573.816736    113.675506  5  3  6  29       
PG16  -1155.292845  25581.508116   5742.294921   -391.177271  7  4  3  47       
PG17  22668.157388 -12374.510649  -6084.559625    720.664721  5  4  4  55       
PG18 -25429.569619  -4181.454868  -6796.518382   -523.466882  2  6  6  47       
PG19  20502.344967 -16403.975938   2215.929238    421.711280  4  6  2  43       
PG20   1291.049075 -22999.642419  13429.871479    393.278583  5  6  5  76       
PG21  13539.867216  15374.441846 -16905.182290    139.507721  7  6  3  49       
PG22  11144.896534 -15337.019086 -18285.991701     54.280690  5  4     78       
PG23 -15484.439986  -2877.353430 -21398.006907    128.580672  7  7  7  79       
PG24 -15807.359177 -15451.365110 -15423.373997   -407.061481  6  5  4  92       
PG25 -15538.616209 -11901.433448  17743.165301    483.999509  5  6  4  78       
PG26  -5662.774317  20916.421313  14967.358275    203.502735  6  4  5           
PG27  -8756.925797  20777.848918 -13951.465118     -0.442211  8  6  2  62       
PG28 -17207.096855   8285.739060  18430.864918    -88.525664  7  5  7  58       
PG29 -19341.043635   -884.873389  18180.575598   -609.134439  5  7  4  91       
PG30  22323.847970  -3364.362991 -14077.241762   -449.650065  6  6  4  66       
PG31  -9049.654595  12780.738061  21285.089635   -227.085409  5  5  2  38       
PG32 -20992.043663  15679.076750  -3399.133200   -602.297164  3  5  2  43       
*  2024  1  4  4 30  0.00000000
PG01  20137.690971  13607.512298 -11468.105032    165.222522  4  3  5  51       
PG02  15159.655780  14090.671706 -16277.633254   -506.000016  7  6  4  71       
PG03  11559.622017  22557.823828   7974.279165    102.096553  4  5  6  45       
PG04   9728.665126  11627.742223  21814.470200    257.052806  5  5      3       
PG05  -5920.536899 -25616.805945   3229.358524   -156.655801  6  4  7  78       
PG06  16815.286916  -8243.818972  18945.670428    456.575079  5  5  3  70       
PG07  26123.476120   5626.912087  -1793.850357    -28.681836  2  4  2  35       
PG08   2572.989845  17606.042304 -19669.591472   -160.349254  4 10  8  94       
PG09  18492.245068    -71.945644  19002.050494     47.715452  4  2  2  78       
PG10 -12529.722449   8671.541224 -21510.739199    -67.947245  7  4  5  93       
PG11   5501.269840 -14101.250905  21848.467834   -526.802310  2  6  6  76       
PG12 -10111.262398 -23237.359199   7793.179022   -464.339585  4  5  5  67       
PG13   8607.457581 -19819.942106 -15499.027344    612.406961  7  5  6  24       
PG14  14812.696762  -4654.334249 -21521.667968    289.201264  2  5  4  63       
PG15  -4806.067971 -17809.168102 -19527.539168    113.679156  5  2  6  39       
PG16  -1550.858098  24767.331592   8469.394573   -391.170446  7  4  2  59       
PG17  22111.408214 -11638.542186  -8781.123799    720.664039  4  4  5  32       
PG18 -25956.235461  -4557.116026  -4013.267611   -523.475456  2  6  6  47       
PG19  20743.992428 -16266.695246   -678.401494    421.716078  4  6  2  22       
PG20   2119.740783 -21566.276515  15530.816082    393.277223  5  6  5  77       
PG21  11475.847090  15061.265327 -18501.344550    139.506691  7  6  3  63       
PG22  11573.854366 -13131.446104 -19628.361448     54.274773  5  5  2  40       
PG23 -16047.795027  -5206.182546 -20542.903645    128.587241  6  7  6  62       
PG24 -14012.271386 -15277.179783 -17235.010254   -407.068228  6  4  5  56       
PG25 -15860.351259 -13864.455641  16004.079914    484.000769  4  5  4  84       
PG26  -6461.145761  19214.210857  16828.136359    203.499624  6  4  5           
PG27  -9949.423114  21611.697141 -11610.280247     -0.445817  8  5  5  61       
PG28 -19119.730192   7625.106648  16756.986175    -88.535456  7  6  6  36       
PG29 -17723.284943  -2329.013379  19631.207447   -609.133810  5  7  3  91       
PG30  23685.382602  -2691.580676 -11864.750731   -449.645996  6  6  3  54       
PG31 -11356.916744  11983.409383  20676.165209   -227.085352  5  5  3  67       
PG32 -20762.464040  15089.308461  -6196.904697   -602.299967  2  5  2  56       
*  2024  1  4  4 45  0.00000000
PG01  18770.610735  13376.124135 -13852.803707    165.223302  4  4  5  42       
PG02  13118.555583  13942.501540 -18010.963479   -505.995233  7  6  5  68       
PG03  11611.548154  23344.628377   5215.014259    102.120376  4  5  6  18       
PG04   7957.484899  13360.497775  21526.368024    257.061727  5  5  1  18       
PG05  -5513.619258 -25177.122735   6041.868949   -156.657157  6  5  7  83       
PG06  18784.644906  -7669.260581  17264.144750    456.563641  5  4  2  64       
PG07  26160.289248   5892.636340   1012.193071    -28.690395  2  3  2  17       
PG08   1032.709724  19142.037579 -18285.322056   -160.350533  3 10  8  95       
PG09  17075.161872   1691.059770  20204.266467     47.726212  4  2  3  83       
PG10 -13307.553116   6269.314671 -21899.824186    -67.948081  7  4  5  84       
PG11   7877.967963 -13403.786650  21553.189501   -526.815233  3  5  6  70       
PG12 -10055.081367 -24038.060272   5064.010581   -464.343392  5  5  5  84       
PG13   9981.353361 -20703.358723 -13321.232879    612.410545  7  5  6  36       
PG14  15471.029661  -2275.507796 -21457.515824    289.210615  3  5  3  71       
PG15  -3495.808583 -19433.397770 -18156.434342    113.682419  5     6  61       
PG16  -2050.609081  23675.038413  11045.000180   -391.163863  7  4  2  18       
PG17  21377.843083 -10665.618210 -11325.234629    720.662813  4  5  5  34       
PG18 -26194.380603  -4824.438834  -1161.686176   -523.484044  1  6  5  49       
PG19  20740.879738 -15928.642972  -3560.821953    421.720428  3  6  2  18       
PG20   3119.996508 -19978.493685  17367.495165    393.275345  5  5  5  80       
PG21   9226.122383  14834.333643 -19775.955072    139.505606  6  6  2  70       
PG22  12144.408472 -10815.080698 -20622.845491     54.268782  5  5  3  58       
PG23 -16700.878272  -7388.010227 -19335.211051    128.593845  6  7  6  59       
PG24 -12027.775977 -15165.388826 -18762.987180   -407.074954  6  4  5  82       
PG25 -16216.935244 -15600.860224  13986.290522    484.002031  4  5  4  72       
PG26  -7406.347914  17370.074676  18392.236207    203.496567  5  4  5  31       
PG27 -10911.257248  22304.053835  -9067.351060     -0.449435  9  4  6           
PG28 -20862.080504   7105.853094  14794.164262    -88.545285  8  5  6  18       
PG29 -16078.036560  -3957.452753  20743.658274   -609.133523  5  7  1  96       
PG30  24823.669772  -2148.628120  -9449.583900   -449.641933  6  6  3  78       
PG31 -13610.612490  11328.558145  19707.375519   -227.085622  4  5  4  24       
PG32 -20351.457796  14257.704248  -8886.105375   -602.302741  2  6  1  39       
*  2024  1  4  5  0  0.00000000
PG01  17144.329308  13176.938434 -16007.791882    165.224296  3  3  5  65       
PG02  10887.382704  13887.257563 -19424.514845   -505.990027  7  6  5  85       
PG03  11597.489154  23828.415093   2366.268982    102.144302  4  5  6  53       
PG04   6314.545321  15144.826319  20867.685945    257.070641  5  4  1  41       
PG05  -4959.152613 -24470.758160   8749.341579   -156.658379  5  5  7  97       
PG06  20579.788791  -7244.166900  15288.208015    456.552141  5  3  1  67       
PG07  25903.570682   6099.727559   3801.385837    -28.698754  2  3  3  45       
PG08   -323.048845  20618.365535 -16583.991274   -160.352591  3 11  8  98       
PG09  15678.053445   3616.982770  21056.737616     47.737014  5  2  3  73       
PG10 -14222.642409   3895.094673 -21904.418802    -67.949456  7  3  5  77       
PG11  10235.659822 -12844.634630  20887.697806   -526.828176  3  5  6  86       
PG12  -9954.000082 -24537.523118   2247.495049   -464.346605  5  5  5  78       
PG13  11116.894202 -21484.234135 -10914.331053    612.413787  7  5  6  45       
PG14  16237.590291     39.138252 -21023.767474    289.219971  3  5  3  50       
PG15  -2350.384108 -20977.546237 -16482.014675    113.686123  5     6  43       
PG16  -2682.295808  22334.234626  13422.693445   -391.156882  7  3  2  63       
PG17  20506.852045  -9446.842967 -13671.713747    720.662253  5  5  5  40       
PG18 -26129.219639  -5018.941089   1709.668747   -523.492615  1  6  5  60       
PG19  20522.033473 -15364.777315  -6380.807501    421.725272  2  6  3  41       
PG20   4296.525716 -18279.173712  18908.481564    393.274029  4  5  5  82       
PG21   6831.381641  14715.826481 -20703.507422    139.504816  6  6  2  80       
PG22  12859.339211  -8437.063753 -21250.322944     54.262763  5  5  4  63       
PG23 -17413.890959  -9385.078058 -17796.140198    128.600408  6  7  6  89       
PG24  -9887.796548 -15139.988851 -19982.116323   -407.081706  5  3  5  73       
PG25 -16573.571058 -17086.747066  11726.001738    484.003294  4  5  3  75       
PG26  -8501.698147  15428.639579  19632.603663    203.493517  5  4  5  39       
PG27 -11650.237165  22814.275746  -6366.154326     -0.453148  9  2  7  51       
PG28 -22394.229332   6709.719038  12576.279052    -88.555168  8  5  5  29       
PG29 -14449.218505  -5749.772806  21498.427696   -609.133256  5  7     95       
PG30  25709.644031  -1711.285603  -6873.366700   -449.637880  6  5  4  84       
PG31 -15763.431350  10815.412706  18396.941244   -227.085806  4  5  4  54       
PG32 -19796.404583  13173.488407 -11419.385118   -602.305546  3  6  2  77       
*  2024  1  4  5 15  0.00000000
PG01  15285.786740  13045.007884 -17897.697243    165.225126  3  3  4  52       
PG02   8508.929276  13946.696061 -20491.577017   -505.985036  6  6  4  67       
PG03  11478.549584  24014.955074   -523.009526    102.168190  4  6  6  37       
PG04   4825.003104  16938.851869  19849.369432    257.079562  5  4  2  60       
PG05  -4231.141986 -23527.327352  11304.449863   -156.660055  5  6  7  90       
PG06  22159.458452  -6948.352085  13051.548482    456.540689  4  3  1  31       
PG07  25353.479708   6284.722727   6527.504772    -28.707310  2  4  3  39       
PG08  -1487.377793  21989.810291 -14594.116965   -160.354121  4 10  9  94       
PG09  14338.347492   5675.597717  21544.435057     47.747796  5  3  2  72       
PG10 -15256.646959   1597.421213 -21525.478901    -67.951316  7  3  6  86       
PG11  12525.585229 -12425.197909  19863.254435   -526.841141  3  5  5  59       
PG12  -9770.548665 -24739.106387   -607.667607   -464.350173  6  6  5  71       
PG13  12015.093280 -22120.077142  -8319.144467    612.416954  7  5  6  60       
PG14  17091.620652   2246.783178 -20228.428293    289.229266  3  5  3  61       
PG15  -1370.512597 -22399.018488 -14530.930927    113.689611  5     6  51       
PG16  -3467.515450  20781.524638  15559.613198   -391.150060  6  3  2  46       
PG17  19540.440577  -7982.137914 -15778.437142    720.661753  5  6  4  59       
PG18 -25754.569833  -5178.433411   4551.932076   -523.501194  2  5  5  66       
PG19  20122.264178 -14557.293197  -9089.224751    421.729817     6  3  64       
PG20   5646.021668 -16512.685539  20127.289279    393.272161  4  5  5  56       
PG21   4337.502710  14720.902192 -21264.278349    139.503046  5  6  3  63       
PG22  13712.981724  -6047.605655 -21498.298308     54.257119  5  5  4  52       
PG23 -18151.754250 -11166.359298 -15952.489504    128.606936  5  7  5  69       
PG24  -7630.798144 -15218.981941 -20872.044668   -407.088406  5  3  5  60       
PG25 -16892.945845 -18306.500841   9263.314344    484.004557  4  5  3  91       
PG26  -9742.683036  13435.747260  20528.094176    203.490451  5  4  5  29       
PG27 -12182.102622  23105.660763  -3553.368737     -0.456808  9     8           
PG28 -23681.827412   6411.969766  10141.604548    -88.564978  8  5  4  57       
PG29 -12877.405793  -7677.824405  21882.162453   -609.132984  5  7     89       
PG30  26320.961682  -1350.563519  -4180.253117   -449.633795  6  5  4  10       
PG31 -17770.336080  10435.219343  16768.878333   -227.085887  4  6  5  64       
PG32 -19137.590961  11834.471153 -13752.054204   -602.308384  3  6  2  93       
*  2024  1  4  5 30  0.00000000
PG01  13228.815267  13010.420225 -19491.442685    165.225951  1  3  4  44       
PG02   6030.836432  14135.225039 -21191.632826   -505.979981  6  5  5  79       
PG03  11218.492394  23918.760116  -3403.364155    102.192069  5  6  6  41       
PG04   3506.387251  18697.704464  18488.599024    257.088459  5  4  2  40       
PG05  -3310.227626 -22382.674343  13662.401684   -156.661228  5  6  6  99       
PG06  23488.179392  -6754.917623  10592.268486    456.529253  4  3  2  42       
PG07  24518.234754   6483.848707   9145.789398    -28.715690  2  4  3  55       
PG08  -2461.619124  23212.061954 -12349.499434   -160.355146  5 10  8  95       
PG09  13088.394777   7830.321461  21658.672288     47.758550  5  4  2  71       
PG10 -16383.709119   -579.296780 -20770.763753    -67.952802  7  4  6  91       
PG11  14700.164303 -12138.746335  18497.292959   -526.854139  3  5  5  53       
PG12  -9469.307348 -24654.828550  -3452.451474   -464.353403  6  6  4  84       
PG13  12685.362366 -22570.900203  -5580.012999    612.420395  7  4  6  74       
PG14  18005.945199   4309.253124 -19085.684875    289.238634  4  5  3  61       
PG15   -549.502592 -23656.733305 -12334.657631    113.692977  5     6  68       
PG16  -4420.607926  19059.100862  17417.333635   -391.143112  7  4  2           
PG17  18521.548857  -6280.540282 -17607.178355    720.661435  5  6  4  45       
PG18 -25073.120778  -5341.386507   7316.735567   -523.509802  2  5  4  60       
PG19  19580.645451 -13496.457817 -11639.217818    421.734590     6  3  33       
PG20   7157.096137 -14723.286047  21002.826131    393.271041  4  5  5  71       
PG21   1794.016839  14856.902354 -21444.930812    139.502523  5  5  3  80       
PG22  14691.295665  -3696.144365 -21361.240718     54.251190  4  5  5  35       
PG23 -18875.502316 -12708.533722 -13836.163342    128.613442  5  8  5  63       
PG24  -5298.567043 -15413.638621 -21417.562461   -407.095090  5  2  5  91       
PG25 -17136.803283 -19253.143537   6641.455896    484.005810  4  4  3  73       
PG26 -11117.000825  11436.761594  21063.820074    203.487383  5  4  5  54       
PG27 -12529.770207  23147.010258   -678.062555     -0.460469  8     8  80       
PG28 -24697.316417   6182.528276   7532.143395    -88.574820  8  5  3  42       
PG29 -11398.344516  -9706.627688  21887.910731   -609.132578  5  7     85       
PG30  26642.774491  -1034.019247  -1416.178725   -449.629675  6  5  4  36       
PG31 -19590.126030  10171.771591  14852.485784   -227.086202  4  5  5  57       
PG32 -18416.532878  10247.351130 -15842.929415   -602.311155  4  6  3  43       
*  2024  1  4  5 45  0.00000000
PG01  11013.040345  13097.099655 -20762.687331    165.226824     4  4  46       
PG02   3503.893053  14459.179670 -21510.868588   -505.975208  5  5  5  82       
PG03  10785.291650  23562.405270  -6225.660735    102.215961  5  7  5  35       
PG04   2368.076162  20375.147385  16808.519156    257.097395  4  5  2   5       
PG05  -2184.675184 -21077.481631  15781.767718   -156.662517  5  6  6  95       
PG06  24537.511830  -6631.440417   7952.255589    456.517759  4  3  3  39       
PG07  23413.797702   6731.524741  11613.568585    -28.724201  2  4  4  72       
PG08  -3255.160932  24243.428657  -9888.674030   -160.358177  6  9  8  64       
PG09  11954.284759  10039.445154  21397.274728     47.769358  4  4  2  71       
PG10 -17571.457506  -2596.307413 -19654.615152    -67.953754  6  4  6  76       
PG11  16714.658955 -11970.766919  16813.132920   -526.867124  4  4  4  58       
PG12  -9018.434362 -24304.766495  -6238.339262   -464.357013  7  6  4  59       
PG13  13145.002752 -22800.858066  -2744.054752    612.423466  7  4  6  65       
PG14  18948.012133   6194.275468 -17615.627488    289.247940  4  5  3  57       
PG15    126.384527 -24712.625865  -9929.093973    113.696089  5  2  7  83       
PG16  -5547.861879  17213.105845  18962.644665   -391.136083  6  4  2  51       
PG17  17492.319237  -4360.138610 -19124.402735    720.660464  6  6  4  66       
PG18 -24096.381955  -5545.276789   9957.004206   -523.518400  3  4  3  69       
PG19  18938.850662 -12181.122182 -13987.029545    421.739390     6  4  61       
PG20   8810.525654 -12953.530258  21519.763719    393.269011  4  5  5  67       
PG21   -747.625972  15122.873619 -21239.010924    139.500992  5  5  3  83       
PG22  15772.301968  -1429.522143 -20840.773112     54.245109  4  6  5  28       
PG23 -19543.830007 -13996.667608 -11483.611912    128.620049  4  8  4   3       
PG24  -2934.873771 -15728.004916 -21608.855478   -407.101821  4  2  5  87       
PG25 -17267.539518 -19928.355846   3905.982885    484.007037  4  4  3  60       
PG26 -12604.926589   9474.918458  21231.367660    203.484344  6  4  4  60       
PG27 -12722.281897  22914.003241   2209.193832     -0.464179  8  1  8           
PG28 -25420.898255   5987.321468   4792.897084    -88.584658  8  4  2           
PG29 -10041.663150 -11795.547062  21515.265519   -609.132239  5  6     81       
PG30  26668.229762   -727.196845   1371.901923   -449.625558  6  5  5  61       
PG31 -21186.839784  10002.230550  12681.756466   -227.086254  3  5  5  75       
PG32 -17674.255218   8427.663641 -17655.115906   -602.313984  5  6  4  26       
*  2024  1  4  6  0  0.00000000
PG01   8682.584953  13321.837835 -21690.208920    165.227692  1  6  5  58       
PG02    980.183596  14916.445335 -21442.542535   -505.970137  5  5  5  90       
PG03  10152.521542  22975.560970  -8941.904040    102.239817  6  7  5  21       
PG04   1411.096732  21925.275212  14837.859679    257.106269  4  6     61       
PG05   -851.065671 -19655.693463  17625.253953   -156.664146  5  7  6  97       
PG06  25287.045366  -6541.378081   5176.491409    456.506248  3  2  4  49       
PG07  22063.302559   7058.954880  13890.838571    -28.732767  2  4  4  81       
PG08  -3884.905872  25046.475646  -7254.257560   -160.360396  6  8  8  91       
PG09  10954.917281  12257.575849  20764.631578     47.780220  4  5  2  83       
PG10 -18782.268762  -4421.797962 -18197.616383    -67.955237  6  4  5  83       
PG11  18528.734643 -11899.626553  14839.592123   -526.880085  4  4  4  74       
PG12  -8391.044641 -23716.166828  -8918.125900   -464.360532  7  6  4  86       
PG13  13418.384809 -22779.752877    139.641811    612.426762  6  4  6  70       
PG14  19881.149341   7876.499923 -15843.876296    289.257309  4  5  2  64       
PG15    677.297836 -25533.078139  -7354.077520    113.699608  5  4  7  53       
PG16  -6847.068094  15291.839832  20168.211846   -391.129263  6  5  3  64       
PG17  16492.384114  -2247.637478 -20301.989616    720.660323  6  6  4  38       
PG18 -22844.309934  -5824.972512  12427.732821   -523.527011  4  4  3  78       
PG19  18239.417738 -10618.892982 -16092.742908    421.744325  1  6  4  41       
PG20  10579.802506 -11242.751973  21668.817994    393.267049  3  5  4  61       
PG21  -3235.923836  15509.444783 -20647.309894    139.500385  4  5  4  87       
PG22  16926.873370    709.738150 -19945.700428     54.239380  4  6  5  48       
PG23 -20114.735571 -15024.576124  -8935.202624    128.626595  4  8  4  71       
PG24   -584.061638 -16158.672134 -21441.698367   -407.108563  4  3  6  83       
PG25 -17249.760294 -20342.175691   1103.971241    484.008299  4  4  3  53       
PG26 -14179.981581   7589.784827  21028.883581    203.481286  5  4  4  31       
PG27 -12793.494721  22390.319381   5057.272664     -0.467895  8  3  8           
PG28 -25841.214828   5789.786159   1971.084852    -88.594516  8  3     62       
PG29  -8829.829994 -13899.697589  20770.392931   -609.131649  5  6  1  81       
PG30  26398.681442   -395.134600   4136.782315   -449.621479  5  4  5  65       
PG31 -22530.947536   9898.197329  10294.726471   -227.086416  4  5  6  78       
PG32 -16949.600579   6399.374255 -19156.706058   -602.316821  5  6  4  84       
*  2024  1  4  6 15  0.00000000
PG01   6284.619822  13693.586786 -22258.225421    165.228573     7  6  67       
PG02  -1488.834873  15496.452096 -20987.194554   -505.965391  5  5  5  95       
PG03   9300.530518  22193.774017 -11506.024825    102.263743  7  7  5  68       
PG04    628.254456  23304.217060  12610.455099    257.115172  4  6  1  62       
PG05    685.346001 -18162.815943  19160.400887   -156.664871  5  7  6  89       
PG06  25725.101784  -6445.638558   2312.308033    456.494877  2  3  4   7       
PG07  20496.252366   7492.854552  15940.792035    -28.741497  2  4  4  81       
PG08  -4374.429394  25589.522409  -4492.198612   -160.361961  6  6  7  74       
PG09  10101.367512  14437.232010  19771.628087     47.791028  4  5  3  72       
PG10 -19974.735460  -6031.887026 -16426.143567    -67.956754  6  4  5  70       
PG11  20107.862570 -11897.521986  12610.502762   -526.893045  4  4  3  55       
PG12  -7566.389678 -22922.308865 -11446.679705   -464.364270  7  6  5  73       
PG13  13535.844687 -22484.342795   3020.881166    612.430071  6  4  6  48       
PG14  20765.985477   9338.250214 -13801.119542    289.266644  4  5  2  20       
PG15   1128.901383 -26090.222199  -4652.809985    113.702849  5  5  7  63       
PG16  -8307.440420  13343.894178  21013.098005   -391.122587  6  6  4  59       
PG17  15557.248309     22.439748 -21117.859483    720.659558  7  5  4  40       
PG18 -21344.628519  -6211.221116  14686.731699   -523.535578  4  4  3  61       
PG19  17524.013292  -8825.963699 -17920.931159    421.748721  2  6  4  53       
PG20  12431.972368  -9625.671833  21446.934665    393.265580  3  5  4  74       
PG21  -5621.243257  15999.081697 -19678.064273    139.499519  4  5  4  66       
PG22  18119.847676   2684.979245 -18691.871570     54.233649  4  6  5  58       
PG23 -20547.195913 -15794.857327  -6234.533733    128.633060  4  8  3  57       
PG24   1710.394011 -16694.820707 -20917.584711   -407.115258  5  3  5  86       
PG25 -17051.740928 -20512.393980  -1716.789812    484.009547  4  4  4  35       
PG26 -15809.875661   5815.887690  20461.033489    203.478275  5  4  4  45       
PG27 -12780.563173  21568.457186   7815.469586     -0.471543  7  4  8  70       
PG28 -25955.712450   5552.475446   -884.674777    -88.604324  8  3     75       
PG29  -7777.398292 -15971.529360  19665.943513   -609.131287  4  6  2  86       
PG30  25843.607340     -3.884079   6831.764926   -449.617418  5  4  5  62       
PG31 -23600.293384   9826.990650   7732.778086   -227.086695  4  4  6  87       
PG32 -16277.638513   4194.133098 -20321.378698   -602.319643  5  7  5  75       
*  2024  1  4  6 30  0.00000000
PG01   3867.806838  14213.038304 -22456.653209    165.229417  1  8  6  81       
PG02  -3854.240567  16180.546405 -20152.685883   -505.960454  5  5  5  88       
PG03   8217.357954  21257.045230 -13874.626934    102.287642  7  7  6  58       
PG04      4.590494  24471.778378  10164.668661    257.124012  4  7  2  38       
PG05   2410.621385 -16644.162924  20360.193298   -156.666518  4  7  5  87       
PG06  25849.119061  -6304.254891   -591.397206    456.483447     3  5  61       
PG07  18747.513977   8054.350134  17730.298688    -28.749941  2  4  4  88       
PG08  -4752.859020  25847.933060  -1650.945462   -160.363626  6  6  7  53       
PG09   9396.569548  16530.530604  18435.458818     47.801835  3  5  3  70       
PG10 -21105.278253  -7411.293754 -14371.823563    -67.958455  6  4  5  78       
PG11  21424.508258 -11931.680694  10164.138754   -526.906045  4  4  2  42       
PG12  -6530.797666 -21961.166077 -13781.651687   -464.367468  7  6  5  77       
PG13  13532.339157 -21899.397511   5849.263486    612.433362  5  4  6  55       
PG14  21561.981075  10569.980690 -11522.572880    289.276015  4  5  2  58       
PG15   1511.246048 -26363.062990  -1871.196680    113.706273  4  6  7  60       
PG16  -9909.906175  11416.294027  21483.134020   -391.115650  5  6  4  60       
PG17  14716.838348   2408.884160 -21556.484727    720.659032  7  5  4  41       
PG18 -19631.866234  -6729.294994  16695.330268   -523.544099  4  4  3  92       
PG19  16831.764934  -6826.617644 -19441.208590    421.753711  3  6  3  74       
PG20  14328.729780  -8131.185596  20857.374615    393.263898  3  6  4  84       
PG21  -7857.705230  16566.723968 -18346.972314    139.498423  4  5  4  86       
PG22  19311.416230   4466.707744 -17101.876047     54.227543  3  6  6  73       
PG23 -20802.811309 -16318.599048  -3427.701436    128.639556  4  8  3  72       
PG24   3907.308609 -17318.541474 -20043.788615   -407.121960  5  3  5  91       
PG25 -16646.736608 -20463.678019  -4508.587558    484.010757  4  4  4  23       
PG26 -17457.681055   4181.564593  19538.839101    203.475198  5  4  4  48       
PG27 -12722.277197  20450.205916  10434.496360     -0.475255  7  5  7  67       
PG28 -25770.677426   5238.702106  -3725.205237    -88.614193  8  2     49       
PG29  -6890.569368 -17962.528922  18220.846800   -609.131080  3  6  2  81       
PG30  25020.237868    478.015303   9411.406316   -449.613368  5  4  5  64       
PG31 -24380.758423   9753.076690   5039.910681   -227.086957  4  4  6  52       
PG32 -15688.242110   1850.220044 -21128.884859   -602.322440  5  7  5  85       
*  2024  1  4  6 45  0.00000000
PG01   1480.686422  14872.506122 -22281.298451    165.230287  2  8  6  60       
PG02  -6071.453012  16942.726824 -18954.063797   -505.955563  5  5  5 106       
PG03   6899.360711  20208.258257 -16007.684638    102.311538  7  7  6  77       
PG04   -481.851417  25392.956448   7542.730642    257.132900  4  8  3  59       
PG05   4302.480483 -15143.119372  21203.566513   -156.667531  4  7  4  96       
PG06  25665.701234  -6078.101716  -3484.976989    456.472022     3  5  59       
PG07  16856.145068   8758.084401  19230.338109    -28.758469  2  4  4  93       
PG08  -5053.519046  25805.142770   1219.451372   -160.365449  5  7  6  85       
PG09   8835.331207  18490.899475  16779.324995     47.812685  4  5  4  77       
PG10 -22129.836405  -8553.665193 -12070.913599    -67.959300  6  4  5  47       
PG11  22459.060380 -11965.766304   7542.563375   -526.918977  4  4  2  61       
PG12  -5278.342825 -20873.918533 -15884.125413   -464.371145  8  6  5  65       
PG13  13445.910840 -21018.453306   8575.108713    612.436831  4  4  5  70       
PG14  22229.011037  11570.423545  -9047.369839    289.285293  5  6  2  60       
PG15   1857.445458 -26338.370950    942.895648    113.709844  5  7  7  67       
PG16 -11627.750198   9552.731972  21571.132151   -391.109239  5  6  4  50       
PG17  13994.285286   4865.227783 -21609.265202    720.658015  7  5  5  59       
PG18 -17746.145865  -7397.847318  18419.028234   -523.552662  4  5  2  81       
PG19  16197.725563  -4652.428217 -20628.677030    421.758704  4  6  4  82       
PG20  16227.732611  -6781.379345  19909.695746    393.262075  3  5  3  82       
PG21  -9904.945587  17180.786691 -16677.011186    139.496690  5  5  4 101       
PG22  20458.725913   6033.585612 -15204.582597     54.221608  3  6  6  68       
PG23 -20847.358055 -16614.771864   -562.531840    128.646089  5  8  2  70       
PG24   5969.145096 -18005.429434 -18833.351863   -407.128698  5  4  5  85       
PG25 -16014.098022 -20226.461507  -7224.548347    484.011979  5  4  4  92       
PG26 -19083.187200   2708.077011  18279.402388    203.472171  5  4  4  36       
PG27 -12657.326867  19046.745041  12867.459527     -0.478941  6  6  7  18       
PG28 -25300.942122   4814.154400  -6501.621058    -88.624070  8  2  1           
PG29  -6167.091614 -19824.971692  16459.991686   -609.130885  3  6  2  86       
PG30  23952.911565   1078.159875  11832.237315   -449.609308  4  4  5  71       
PG31 -24866.626591   9639.594600   2261.992613   -227.087086  4  3  6  70       
PG32 -15204.891319   -588.775482 -21565.409479   -602.325238  5  7  4  88       
*  2024  1  4  7  0  0.00000000
PG01   -829.937941  15656.118210 -21733.977703    165.231163  2  7  6  94       
PG02  -8101.854472  17750.711885 -17413.253330   -505.950173  5  6  6 108       
PG03   5351.527716  19091.518579 -17869.181509    102.335404  7  7  6  82       
PG04   -858.977944  26039.269148   4790.002220    257.141746  4  8  4  59       
PG05   6330.983041 -13699.493465  21675.797605   -156.668978  5  7  4  95       
PG06  25190.331055  -5730.588071  -6318.866933    456.460605     3  5  69       
PG07  14864.091550   9611.554524  20416.385397    -28.767119  2  4  4  92       
PG08  -5312.396397  25453.373621   4068.281973   -160.368792  4  8  6  70       
PG09   8404.679064  20274.747474  14832.021502     47.823525  4  5  4  71       
PG10 -23005.569820  -9461.556741  -9563.618168    -67.960127  6  5  5  61       
PG11  23200.463495 -11961.434006   4790.907920   -526.931956  4  4  2  70       
PG12  -3811.223182 -19703.372587 -17719.201573   -464.374439  8  7  5  40       
PG13  13316.025309 -19844.232017  11150.382041    612.440315  4  5  5  62       
PG14  22728.938528  12346.423870  -6417.894058    289.294551  5  6  2  58       
PG15   2202.202679 -26011.301042   3740.454300    113.712975  5  7  7  59       
PG16 -13427.580127   7791.968457  21276.941180   -391.102310  4  7  4  52       
PG17  13404.998313   7341.405379 -21274.753711    720.657222  8  5  5  72       
PG18 -15731.769956  -8228.022215  19828.084029   -523.561210  5  5  3  86       
PG19  15651.525958  -2341.192466 -21464.266036    421.763326  5  6  4  85       
PG20  18084.087919  -5590.810391  18619.628981    393.260475  2  5  3  73       
PG21 -11729.659761  17804.488972 -14698.048678    139.495695  5  5  5  75       
PG22  21517.622152   7373.071073 -13034.533185     54.215570  2  6  6  56       
PG23 -20652.191289 -16709.332591   2312.210622    128.652619  5  8  2  75       
PG24   7863.256683 -18725.436045 -17304.990259   -407.135452  5  4  5  88       
PG25 -15140.155775 -19835.646675  -9819.364023    484.013197  5  4  4  91       
PG26 -20644.380555   1409.015916  16705.527586    203.469121  4  5  4   4       
PG27 -12622.569844  17378.362029  15070.798410     -0.482614  6  7  5           
PG28 -24569.273618   4248.420883  -9166.169964    -88.633893  7  3  3  39       
PG29  -5596.499727 -21513.656758  14413.797544   -609.130571  3  6  1  95       
PG30  22672.181917   1819.053252  14053.449837   -449.605245  4  4  5  72       
PG31 -25060.646291   9449.919698   -553.994029   -227.087527  4  3  6  75       
PG32 -14843.752119  -3075.484955 -21623.802073   -602.328052  4  7  4  94       
*  2024  1  4  7 15  0.00000000
PG01  -3020.563708  16540.317167 -20822.563035    165.231993  4  6  6  73       
PG02  -9914.153012  18567.291127 -15558.585020   -505.945302  5  6  6  82       
PG03   3587.472018  17950.464312 -19427.683134    102.359313  7  7  6  83       
PG04  -1159.360291  26389.843550   1954.178212    257.150625  4  8  5  63       
PG05   8459.522330 -12348.025008  21768.772830   -156.670418  5  7  3  82       
PG06  24446.754891  -5229.261468  -9044.423206    456.449227  3  3  5  60       
PG07  12814.796575  10614.702717  21268.749681    -28.775584  2  4  4  74       
PG08  -5566.492370  24794.006472   6845.143057   -160.369524  4  8  6   6       
PG09   8084.519331  21843.026437  12627.421486     47.834389  4  5  3  68       
PG10 -23692.507332 -10146.074239  -6893.358538    -67.961836  6  5  5  73       
PG11  23646.529694 -11879.975117   1956.593610   -526.944979  4  4  2  33       
PG12  -2139.836621 -18492.345758 -19256.512810   -464.377637  8  7  5  52       
PG13  13181.848374 -18388.702094  13529.599831    612.443603  3  5  5  57       
PG14  23027.121148  12912.471273  -3679.064285    289.303795  5  6  2  74       
PG15   2580.243410 -25385.703563   6472.197236    113.716746  4  6  6  76       
PG16 -15270.566258   6166.464797  20607.348237   -391.095358  4  7  4  62       
PG17  12956.073399   9785.581024 -20558.721343    720.656868  8  5  5  77       
PG18 -13635.653845  -9222.854561  20898.030889   -523.569738  5  6  3  86       
PG19  15216.262876     64.357098 -21934.967235    421.768265  5  6  4  60       
PG20  19851.954378  -4566.083086  17008.847757    393.259157  1  5  3  59       
PG21 -13306.850227  18397.450609 -12446.253365    139.494638  5  6  5  85       
PG22  22444.453707   8481.682591 -10631.211239     54.209640  2  6  6  63       
PG23 -20195.445950 -16634.073079   5147.626712    128.659177  5  8  2  68       
PG24   9562.969465 -19443.956983 -15482.912750   -407.142214  5  4  5  91       
PG25 -14018.846290 -19329.168842 -12249.975228    484.014440  5  4  5  76       
PG26 -22098.989856    290.016420  14845.253148    203.466120  4  5  4  35       
PG27 -12651.378670  15473.797294  17005.156327     -0.486291  7  8  2           
PG28 -23605.469312   3516.364510 -11673.053266    -88.643736  7  3  3           
PG29  -5160.684939 -22987.555788  12117.683383   -609.130194  2  6  2  88       
PG30  21213.708217   2717.070179  16037.542454   -449.601161  4  5  5  64       
PG31 -24973.791513   9149.206870  -3360.705423   -227.087603  5  3  6  84       
PG32 -14613.068175  -5560.437716 -21303.673132   -602.330871  3  7  4  87       
*  2024  1  4  7 30  0.00000000
PG01  -5052.447688  17494.656943 -19560.946539    165.232855  5  5  6  42       
PG02 -11485.426704  19351.896137 -13424.174235   -505.940426  6  6  6  82       
PG03   1629.101223  16826.610781 -20656.836997    102.383176  7  7  6  60       
PG04  -1418.760737  26432.220265   -915.556437    257.159511  5  9  6  55       
PG05  10646.091233 -11117.110977  21481.125815   -156.671199  5  6  3  79       
PG06  23466.061713  -4547.260945 -11614.751365    456.437807  5  4  5  80       
PG07  10751.764462  11759.772885  21772.864698    -28.783866  2  4  4  67       
PG08  -5852.130917  23837.590673   9500.903618   -160.371755  4  7  6  52       
PG09   7848.587316  23162.623450  10203.868716     47.845258  5  4  3  67       
PG10 -24155.080047 -10626.198573  -4106.009616    -67.963086  6  5  5   2       
PG11  23803.916572 -11683.986206   -911.489743   -526.957981  4  4  2  48       
PG12   -282.555420 -17282.074546 -20470.665539   -464.381571  8  7  6           
PG13  13080.535562 -16672.775164  15670.694604    612.446977  3  5  5  66       
PG14  23093.793189  13289.947810   -877.583506    289.313099  6  6  2  77       
PG15   3024.718520 -24474.103358   9089.494541    113.720015  4  6  6  75       
PG16 -17113.898051   4701.301915  19575.837055   -391.088702  4  7  4  52       
PG17  12646.065592  12146.059874 -19474.058212    720.656292  8  5  5  67       
PG18 -11505.663848 -10376.984286  21610.111600   -523.578239  5  6  3  84       
PG19  14907.659418   2518.010885 -22033.965234    421.772866  6  7  5  74       
PG20  21486.201073  -3705.737840  15104.632132    393.257253     5  3  65       
PG21 -14620.709169  18917.480839  -9963.318128    139.494218  6  6  5  79       
PG22  23197.857801   9364.878412  -8038.207325     54.203734  3  5  6  76       
PG23 -19462.991279 -16425.258101   7895.486281    128.665712  6  8  2  81       
PG24  11048.461936 -20123.123043 -13396.547368   -407.148922  5  4  4  66       
PG25 -12652.061295 -18746.476510 -14476.206168    484.015649  5  4  5  55       
PG26 -23406.036528   -651.214225  12731.306571    203.463083  4  5  4  45       
PG27 -12772.141871  13369.243034  18636.160849     -0.489969  7  8              
PG28 -22445.195100   2599.292370 -13979.210431    -88.653612  7  4  4  76       
PG29  -4834.773556 -24211.310989   9611.444601   -609.129931  2  6  3  85       
PG30  19616.970461   3781.650312  17750.917268   -449.597124  3  5  6  61       
PG31 -24624.736163   8705.859116  -6111.175728   -227.087826  5  3  5  89       
PG32 -14512.887692  -7993.815041 -20611.356702   -602.333676  2  7  4  81       
*  2024  1  4  7 45  0.00000000
PG01  -6892.906481  18482.874121 -17968.918849    165.233672  6  4  6  47       
PG02 -12801.805140  20062.317938 -11049.173250   -505.935099  6  6  6  84       
PG03   -494.021482  15757.789232 -21535.793699    102.407070  7  6  6  79       
PG04  -1674.530697  26162.840717  -3769.400236    257.168407  5  8  6  55       
PG05  12844.768917 -10027.799536  20818.244310   -156.672612  5  6  3  85       
PG06  22285.489703  -3664.561961 -13985.512655    456.426406  5  4  5  69       
PG07   8717.124324  13031.439624  21919.529593    -28.792389  3  4  4  80       
PG08  -6203.296635  22603.489749  11988.646199   -160.372688  4  7  6  36       
PG09   7665.646478  24207.528787   7603.489793     47.856132  5  4  3  65       
PG10 -24363.484674 -10927.824727  -1249.117938    -67.965152  6  5  5  58       
PG11  23687.772016 -11338.996841  -3763.833737   -526.970875  4  3  2  67       
PG12   1734.790440 -16110.701024 -21341.606388   -464.384948  8  7  6  59       
PG13  13045.606262 -14725.647435  17535.818225    612.450357  3  5  5  59       
PG14  22905.272689  13506.122140   1938.836354    289.322393  6  6  3  66       
PG15   3565.643557 -23297.337427  11545.314652    113.723629  4  5  6  88       
PG16 -18912.391571   3413.423042  18202.216420   -391.081921  4  7  4  58       
PG17  12465.136039  14373.200629 -18040.511115    720.655196  8  5  5  80       
PG18  -9388.922198 -11676.698666  21951.623649   -523.586744  6  6  3  81       
PG19  14733.523324   4971.654770 -21760.669052    421.777581  6  7  5  95       
PG20  22944.059286  -3000.459801  12939.430572    393.255776     5  4  80       
PG21 -15665.088528  19322.470260  -7295.522363    139.492992  6  5  6  80       
PG22  23740.446471  10036.563000  -5302.308541     54.197451  3  5  6  92       
PG23 -18449.103274 -16122.103599  10509.021073    128.672259  6  9  3  76       
PG24  12307.403467 -20723.252774 -11080.169130   -407.155664  5  4  4  63       
PG25 -11049.712590 -18126.981271 -16461.346755    484.016840  6  4  4  85       
PG26 -24527.331506  -1424.563005  10400.495380    203.460056  3  5  4  32       
PG27 -13006.985717  11107.039248  19935.091925     -0.493636  6  9     68       
PG28 -21128.611512   1485.875424 -16045.054534    -88.663437  7  4  5  48       
PG29  -4588.278511 -25156.522514   6938.548848   -609.129604  2  6  4  81       
PG30  17923.854098   5014.751659  19164.421001   -449.593070  4  4  6  71       
PG31 -24039.064442   8092.870115  -8759.536690   -227.088137  5  4  5  86       
PG32 -14535.133389 -10327.209649 -19559.743127   -602.336498  1  7  4  66       
*  2024  1  4  8  0  0.00000000
PG01  -8516.409872  19464.202056 -16071.956461    165.234473  7  4  6  87       
PG02 -13858.763295  20656.491069  -8476.921535   -505.930337  6  5  6  85       
PG03  -2745.602759  14776.736415 -22049.544489    102.430932  6  6  6  65       
PG04  -1963.944940  25587.197314  -6557.821753    257.177267  6  8  6  30       
PG05  15007.367298  -9093.092149  19792.146662   -156.673870  5  6  4  82       
PG06  20947.004722  -2568.963344 -16115.693912    456.414983  6  4  5  73       
PG07   6750.238729  14407.208705  21705.096837    -28.800877  3  4  4  64       
PG08  -6650.074489  21119.177815  14264.560409   -160.373626  4  7  6  53       
PG09   7500.888087  24959.734080   4871.439947     47.866980  5  3  3  74       
PG10 -24294.829509 -11082.556474   1628.886594    -67.965960  6  5  5  32       
PG11  23321.059389 -10814.991377  -6551.174722   -526.983846  4  3  2  49       
PG12   3879.701554 -15011.890509 -21854.911462   -464.388476  8  7  6  60       
PG13  13105.471958 -12583.811072  19092.063706    612.453788  3  5  5  80       
PG14  22444.948628  13592.928845   4722.262620    289.331713  6  6  2  68       
PG15   4228.444467 -21883.856052  13795.171846    113.726837  5  5  5  89       
PG16 -20620.177999   2311.222750  16512.135524   -391.075201  3  7  4  63       
PG17  12395.566501  16421.243981 -16284.265643    720.654649  8  6  5  87       
PG18  -7330.142208 -13100.303976  21916.167532   -523.595252  6  6  3  80       
PG19  14693.517469   7376.898496 -21120.649067    421.782370  7  7  6  86       
PG20  24186.703111  -2433.601163  10550.324643    393.254118     4  4  73       
PG21 -16443.533171  19572.290163  -4492.667208    139.491735  6  5  5  63       
PG22  24040.321603  10518.249357  -2472.539462     54.191679  3  5  6  84       
PG23 -17156.829655 -15765.152242  12943.695171    128.678804  6  9  4  71       
PG24  13335.320633 -21204.417113  -8572.426855   -407.162412  6  4  4  84       
PG25  -9229.512971 -17508.531329 -18172.678997    484.018057  6  4  4  28       
PG26 -25428.863447  -2046.890859   7893.047420    203.457017  3  6  4  34       
PG27 -13370.772859   8734.124536  20879.420798     -0.497262  7  9  2  74       
PG28 -19698.841217    172.782446 -17835.146296    -88.673302  7  5  5  35       
PG29  -4386.477520 -25802.774542   4145.364485   -609.129205  3  6  4  79       
PG30  16177.154999   6410.584661  20253.823510   -449.588983  4  5  6  55       
PG31 -23248.248141   7288.994970 -11261.710451   -227.088128  5  5  5  63       
PG32 -14664.008854 -12515.319871 -18167.989073   -602.339328  2  7  4  49       
*  2024  1  4  8 15  0.00000000
PG01  -9905.423244  20394.886391 -13900.913270    165.235292  7  5  7  67       
PG02 -14661.022412  21094.263287  -5754.022450   -505.925408  6  4  6  64       
PG03  -5083.798073  13909.886398 -22189.170820    102.454770  7  6  6  76       
PG04  -2322.539312  24719.640175  -9232.441804    257.186147  6  8  6  69       
PG05  17085.170136  -8317.580051  18421.232357   -156.674665  5  6  4  80       
PG06  19495.703944  -1256.775876 -17968.327405    456.403594  6  5  4  57       
PG07   4886.402500  15858.080717  21131.602905    -28.809064  4  4  4  64       
PG08  -7217.258540  19419.217263  16288.766948   -160.375521  5  6  6  62       
PG09   7317.474552  25409.826368   2055.097456     47.877841  5  3  3  72       
PG10 -23934.024761 -11126.305329   4479.473907    -67.967830  6  5  6  74       
PG11  22733.589387 -10087.764196  -9225.354700   -526.996841  4  3  2  39       
PG12   6114.040658 -14013.627709 -22001.997035   -464.391436  8  7  6  69       
PG13  13282.181587 -10289.775395  20312.088074    612.456917  3  5  5  67       
PG14  21704.011715  13585.579421   7425.331465    289.341041  6  6  1  68       
PG15   5032.676989 -20268.708481  15798.048991    113.730650  5  5  5  94       
PG16 -22192.402761   1394.488787  14536.504754   -391.068689  4  7  4  54       
PG17  12412.616307  18249.976705 -14237.385917    720.654095  8  6  5  84       
PG18  -5370.056712 -14618.815452  21503.792054   -523.603796  6  6  4  82       
PG19  14779.245540   9686.701371 -20125.485112    421.787246  7  7  6  83       
PG20  25180.696485  -1981.998584   7978.404039    393.252410     4  4  65       
PG21 -16968.878375  19630.603344  -1606.924714    139.491180  6  4  5           
PG22  24072.356325  10837.921593    400.817493     54.185991  4  5  5  81       
PG23 -15598.032934 -15394.606955  15157.942013    128.685321  6  9  5  90       
PG24  14135.669001 -21528.058968  -5915.768297   -407.169174  6  4  3  76       
PG25  -7216.483114 -16925.960577 -19581.945176    484.019270  6  4  4  57       
PG26 -26082.028802  -2541.154618   5251.913174    203.453968  3  6  3  76       
PG27 -13870.420449   6300.310367  21453.207426     -0.500873  6  8  5  86       
PG28 -18200.337111  -1334.996555 -19318.795658    -88.683101  7  5  5  23       
PG29  -4191.962126 -26138.359350   1280.336490   -609.128829  3  5  5  51       
PG30  14419.057885   7955.638370  21000.227151   -449.584893  4  5  5  61       
PG31 -22288.428611   6279.709726 -13576.069707   -227.088114  6  5  4  92       
PG32 -14876.720474 -14517.511818 -16461.114672   -602.342182  2  6  5  73       
*  2024  1  4  8 30  0.00000000
PG01 -11050.962043  21229.851428 -11491.612921    165.236077  8  5  7  31       
PG02 -15222.071801  21339.073045  -2929.375624   -505.920690  6  4  5  67       
PG03  -7462.602331  13176.408868 -21952.002315    102.478544  7  5  6  83       
PG04  -2782.519249  23582.848040 -11746.893804    257.195057  6  7  6  63       
PG05  19030.694332  -7697.427000  16729.913944   -156.675679  4  6  4  76       
PG06  17978.105248    266.816814 -19511.147319    456.392227  7  5  3  81       
PG07   3155.675495  17349.461847  20206.836103    -28.817954  4  4  4  40       
PG08  -7923.188879  17543.962512  18026.052880   -160.377462  5  6  6  82       
PG09   7078.163985  25557.256025   -796.777453     47.888735  5  3  3  78       
PG10 -23274.388764 -11097.747826   7254.781857    -67.969260  7  5  6  25       
PG11  21960.796494  -9140.054197 -11740.163954   -527.009762  5  3  1  63       
PG12   8395.271574 -13137.232570 -21780.250460   -464.395178  8  7  6  56       
PG13  13590.437555  -7890.550738  21174.621599    612.460258  3  4  5  68       
PG14  20681.901610  13521.057405  10002.027576    289.350371  6  6     59       
PG15   5990.981509 -18492.250147  17517.268151    113.734125  5  5  4  92       
PG16 -23586.867454    654.688073  12310.841273   -391.061868  4  7  4  39       
PG17  12485.680340  19826.159818 -11937.130028    720.653143  8  6  4  83       
PG18  -3544.000079 -16196.942287  20721.031814   -523.612327  7  6  3  82       
PG19  14974.645100  11856.938246 -18792.531665    421.791873  8  7  6  91       
PG20  25899.248573  -1617.055078   5268.061637    393.250718  2  4  5  68       
PG21 -17262.438010  19466.496972   1308.354561    139.490017  6  5  5  75       
PG22  23819.193329  11028.654493   3267.195705     54.179574  4  5  5  74       
PG23 -13793.108758 -15048.684742  17113.857253    128.691835  6  9  5  89       
PG24  14719.598447 -21658.605112  -3155.766270   -407.175919  5  4  3  79       
PG25  -5042.202464 -16409.761967 -20665.755636    484.020485  7  3  3  58       
PG26 -26464.661264  -2935.308459   2522.042118    203.450885  3  6  3  44       
PG27 -14504.564796   3856.454828  21647.349297     -0.504469  7  9  5  74       
PG28 -16677.213794  -3024.150165 -20470.581197    -88.692933  6  6  5  82       
PG29  -3966.295119 -26160.671329  -1606.874034   -609.128862  3  5  5  49       
PG30  12689.642795   9629.000252  21390.400647   -449.580822  4  5  5  36       
PG31 -21199.046766   5057.927495 -15664.059984   -227.088542  6  5  4  94       
PG32 -15144.481499 -16299.189631 -14469.499827   -602.344924  3  6  5  75       
*  2024  1  4  8 45  0.00000000
PG01 -11952.830148  21924.458772  -8884.340380    165.236808  8  5  7  37       
PG02 -15563.342852  21359.464038    -53.193734   -505.915713  6  4  5  58       
PG03  -9833.402823  12587.529645 -21341.680245    102.502349  6  5  6  68       
PG04  -3371.303394  22206.984702 -14057.645453    257.203920  6  7  6  55       
PG05  20799.402865  -7220.695610  14748.140272   -156.677298  4  5  5  87       
PG06  16440.387905   1987.741979 -20717.170322    456.380902  7  5  3  83       
PG07   1581.890941  18842.297934  18944.334838    -28.826382  5  4  4  64       
PG08  -8778.865090  15538.046389  19446.502126   -160.379034  5  6  6  76       
PG09   6746.950701  25410.269832  -3634.902861     47.899604  5  3  3  82       
PG10 -22317.951960 -11036.698666   9908.360438    -67.970813  7  5  6  58       
PG11  21042.308153  -7962.413017 -14052.149824   -527.022757  6  3  2  59       
PG12  10677.862992 -12396.629835 -21193.080146   -464.398346  8  7  6  69       
PG13  14036.923913  -5435.958205  21664.851934    612.464008  3  4  5  77       
PG14  19386.453653  13436.554158  12408.442725    289.359675  6  5     73       
PG15   7108.325882 -16598.623261  18921.281635    113.737543  6  6  4  87       
PG16 -24765.552176     75.574558   9874.558545   -391.055317  4  7  4  66       
PG17  12579.692898  21124.661652  -9425.163088    720.652408  8  6  3  84       
PG18  -1880.698976 -17794.332678  19580.833644   -523.620850  7  6  3  88       
PG19  15256.670090  13847.852065 -17144.606121    421.796850  8  8  6  86       
PG20  26323.226289  -1306.044647   2466.220457    393.248910  4  5  5  72       
PG21 -17352.832508  19055.860440   4199.830754    139.488776  6  5  5  57       
PG22  23271.925441  11127.055524   6076.687963     54.173536  4  5  4  63       
PG23 -11770.388381 -14762.052588  18777.837037    128.698351  5  8  6  94       
PG24  15105.412075 -21565.004390   -340.352211   -407.182664  5  5  3  75       
PG25  -2743.829852 -15984.929611 -21405.934086    484.021686  7  3  2  78       
PG26 -26561.826224  -3261.028985   -250.355724    203.447827  4  6  3  75       
PG27 -15263.583019   1452.614998  21459.679813     -0.508090  6  9  6  96       
PG28 -15171.606367  -4873.368956 -21270.779137    -88.702814  6  6  5  35       
PG29  -3671.709463 -25876.255960  -4466.270012   -609.128271  4  5  5  57       
PG30  11025.473733  11402.960961  21417.031375   -449.576743  4  5  5  47       
PG31 -20021.368815   3624.447070 -17490.779207   -227.088721  6  5  4  97       
PG32 -15433.753982 -17832.923078 -12228.293297   -602.347722  4  6  5  28       
*  2024  1  4  9  0  0.00000000
PG01 -12619.524695  22436.293166  -6123.233566    165.237550  8  5  6  72       
PG02 -15713.081318  21130.376613   2823.969553   -505.910712  6  4  4  74       
PG03 -12146.639009  12146.159383 -20368.124334    102.526166  6  5  6  70       
PG04  -4110.260963  20628.574967 -16124.765888    257.212826  6  6  6  41       
PG05  22351.301695  -6868.000393  12510.823138   -156.678310  5  5  5  83       
PG06  14926.652653   3883.369803 -21565.188623    456.369544  7  6  2  86       
PG07    181.877339  20294.400019  17363.308818    -28.834818  5  4  4  58       
PG08  -9787.371544  13448.714481  20526.008879   -160.380114  5  6  6  66       
PG09   6290.656239  24985.513808  -6410.338225     47.910468  5  2  3  63       
PG10 -21075.451053 -10982.458838  12395.884430    -67.973348  7  5  5  80       
PG11  20020.362962  -6553.771949 -16121.376735   -527.035649  6  4  2  77       
PG12  12914.809187 -11797.898084 -20249.883486   -464.401861  8  6  6  20       
PG13  14619.974189  -2976.835922  21774.675441    612.467375  3  4  5  50       
PG14  17833.738976  13367.903965  14603.502327    289.368982  6  5     58       
PG15   8381.575924 -14634.075249  19984.357572    113.740981  6  6  4  77       
PG16 -25695.963509   -365.914960   7270.218052   -391.048484  5  7  4  23       
PG17  12656.711845  22129.251912  -6746.692453    720.651697  8  6  3  66       
PG18   -401.319773 -19367.033379  18102.370541   -523.629398  7  6  2  84       
PG19  15596.235643  15625.343936 -15209.606032    421.801321  8  8  6  84       
PG20  26441.881911  -1013.588279   -378.493581    393.247479  5  6  5  59       
PG21 -17274.524127  18382.448181   7015.318770    139.487756  6  5  4  66       
PG22  22430.439174  11171.599670   8780.939389     54.167775  5  5  4  40       
PG23  -9565.245620 -14564.404578  20121.151767    128.704949  5  8  6  82       
PG24  15317.731948 -21222.125600   2481.032101   -407.189414  5  4  3  57       
PG25   -362.926402 -15670.008667 -21789.798107    484.022934  7  3  2  81       
PG26 -26366.354799  -3552.313035  -3018.552799    203.444748  3  6  3  74       
PG27 -16129.965534   -863.743780  20894.919396     -0.511695  7  8  6  90       
PG28 -13722.119193  -6853.980463 -21705.695298    -88.712638  6  6  5  57       
PG29  -3272.780404 -25300.512844  -7248.401176   -609.128149  4  5  5  57       
PG30   9458.321471  13243.885317  21078.890338   -449.572667  4  5  5  28       
PG31 -18796.958421   1988.118346 -19025.509861   -227.088597  6  6  4  85       
PG32 -15707.675788 -19099.292632  -9776.749276   -602.350526  4  5  5  57       
*  2024  1  4  9 15  0.00000000
PG01 -13067.802082  22726.906032  -3255.578919    165.238302  8  5  6  34       
PG02 -15704.975289  20634.168619   5652.156845   -505.905743  5  4  4  59       
PG03 -14353.509437  11846.845638 -19047.401563    102.549953  6  5  6  65       
PG04  -5013.693413  18889.145399 -17912.623841    257.221751  6  5  5  46       
PG05  23652.358691  -6613.457467  10057.181189   -156.679419  5  5  5  75       
PG06  13477.269068   5923.183769 -22040.165214    456.358120  7  6  3  81       
PG07  -1035.072969  21661.921784  15488.475318    -28.843161  5  4  4  71       
PG08 -10943.635434  11324.078247  21246.665650   -160.381378  5  6  6  67       
PG09   5680.407996  24307.323500  -9075.334277     47.921349  5  3  3  70       
PG10 -19566.016078 -10972.197543  14675.827735    -67.974599  6  5  6  69       
PG11  18938.140221  -4921.684487 -17912.123514   -527.048666  7  4  2  58       
PG12  15059.215645 -11339.115140 -18965.931673   -464.405053  8  6  6  38       
PG13  15329.591200   -563.216349  21502.811884    612.470825  3  3  5  53       
PG14  16047.602964  13348.077226  16549.649403    289.378270  6  4     45       
PG15   9799.417855 -12645.189023  20687.137097    113.744720  5  6  3  76       
PG16 -26352.262615   -698.520362   4542.759901   -391.041861  5  7  4  46       
PG17  12677.610838  22833.029756  -3949.550917    720.650675  7  6  3  78       
PG18    881.188892 -20869.109077  16310.743645   -523.637923  7  6  2  79       
PG19  15959.389926  17162.057674 -13020.060974    421.806214  8  8  6  65       
PG20  26253.264883   -703.242347  -3216.617466    393.245461  6  6  5  39       
PG21 -17066.139926  17438.587263   9704.850848    139.486436  6  5  4  66       
PG22  21303.417266  11200.928703  11333.972928     54.161887  5  6  3  72       
PG23  -7218.939547 -14479.234598  21120.445885    128.711512  5  8  6  67       
PG24  15386.398458 -20611.951073   5258.349511   -407.196162  5  5  3  66       
PG25   2055.880622 -15476.385779 -21810.372192    484.024164  7  3  3  96       
PG26 -25879.101433  -3844.000608  -5736.042318    203.441803  4  6  3  74       
PG27 -17079.017590  -3049.408295  19964.486982     -0.515312  6  8  7  53       
PG28 -12362.423617  -8930.871859 -21767.894883    -88.722434  6  6  5  36       
PG29  -2738.003826 -24457.065767  -9905.232596   -609.127542  4  5  5  71       
PG30   8014.068562  15113.320945  20380.904589   -449.568563  4  5  4  57       
PG31 -17566.147608    165.717793 -20242.198962   -227.089039  6  6  4  97       
PG32 -15927.613818 -20087.424270  -7157.506668   -602.353349  4  5  5  59       
*  2024  1  4  9 30  0.00000000
PG01 -13321.913455  22763.445359   -331.018285    165.239057  7  4  6  76       
PG02 -15576.603981  19861.332426   8382.889728   -505.900685  6  4  4  62       
PG03 -16407.663687  11676.052078 -17401.496612    102.573753  5  5  5  73       
PG04  -6088.100797  17033.684305 -19390.504099    257.230646  5  4  5  44       
PG05  24675.690848  -6425.889356   7430.016084   -156.680113  6  5  5  80       
PG06  12127.375308   8069.765970 -22133.522515    456.346743  8  6  3  92       
PG07  -2067.461885  22900.941898  13349.802792    -28.851999  6  4  4  57       
PG08 -12234.523597   9211.359541  21597.021646   -160.382827  5  6  6  49       
PG09   4892.947630  23406.731542 -11584.154502     47.932207  5  3  3  61       
PG10 -17816.563129 -11039.424782  16710.093397    -67.976007  6  5  6  65       
PG11  17838.066536  -3082.234232 -19393.505348   -527.061570  7  5  3  41       
PG12  17065.894877 -11010.507105 -17362.170460   -464.408611  8  6  6  43       
PG13  16147.815694   1757.450412  20854.782506    612.474453  3  2  5  43       
PG14  14058.917878  13405.788568  18213.475728    289.387572  6  4  1  36       
PG15  11342.639643 -10677.104602  21017.044614    113.748064  5  6  3  70       
PG16 -26716.138173   -955.323308   1738.727052   -391.035008  5  7  3  59       
PG17  12603.804772  23238.476478  -1083.253650    720.649975  7  5  4  79       
PG18   1962.430949 -22254.359782  14236.575036   -523.646454  7  5  1  79       
PG19  16308.670761  18438.222834 -10612.624539    421.810863  8  8  5  72       
PG20  25764.299607   -339.135171  -5998.738467    393.243437  7  6  5  72       
PG21 -16768.669635  16225.510500  12221.628686    139.484958  6  5  4  58       
PG22  19908.010440  11252.184351  13692.934839     54.155609  5  5  3  68       
PG23  -4777.234091 -14522.852249  21758.154917    128.718061  4  7  6  60       
PG24  15345.143564 -19724.507979   7941.929669   -407.202849  5  5  3  75       
PG25   4466.349307 -15407.845649 -21466.530230    484.025428  7  3  4  79       
PG26 -25108.918598  -4170.276780  -8357.263373    203.438733  4  6  3  87       
PG27 -18079.854181  -5066.882202  18686.183243     -0.518907  6  9  6  87       
PG28 -11120.057802 -11063.665636 -21456.326648    -88.732248  6  7  5  44       
PG29  -2041.218095 -23376.826083 -12390.982688   -609.127301  5  6  5  60       
PG30   6711.838895  16969.306890  19334.132584   -449.564493  4  5  4  62       
PG31 -16366.559037  -1818.463755 -21119.880839   -227.089343  6  5  4  87       
PG32 -16054.781099 -20795.198948  -4415.826289   -602.356167  5  4  5  59       
*  2024  1  4  9 45  0.00000000
PG01 -13412.532158  22520.101810   2599.321569    165.239809  7  3  5  72       
PG02 -15367.776410  18810.889376  10969.981474   -505.895987  6  4  3  48       
PG03 -18266.816920  11612.756733 -15457.984691    102.597578  4  5  5  72       
PG04  -7331.761454  15108.982271 -20533.131514    257.239575  5  3  5  38       
PG05  25402.476236  -6270.233829   4674.936667   -156.681920  7  5  5  72       
PG06  10905.589823  10280.061196 -21843.317509    456.335386  8  6  3  82       
PG07  -2921.551635  23969.097554  10982.155030    -28.860257  6  3  4  65       
PG08 -13639.269467   7155.197711  21572.211082   -160.385085  5  6  6  71       
PG09   3911.718639  22320.233021 -13893.854054     47.943084  5  4  4  55       
PG10 -15860.914851 -11212.607907  18464.593811    -67.977104  6  5  6  68       
PG11  16760.165973  -1059.611189 -20540.009265   -527.074505  8  5  4  63       
PG12  18892.916556 -10794.898305 -15464.936274   -464.412185  8  6  6  71       
PG13  17049.425567   3941.955436  19842.755232    612.477966  3  2  5  56       
PG14  11904.575933  13564.272770  19566.290381    289.396915  6  4  1  52       
PG15  12984.760248  -8771.812661  20968.538138    113.751992  4  6  3  73       
PG16 -26777.399590  -1172.272726  -1094.504196   -391.028243  6  6  3  49       
PG17  12398.934823  23357.140473   1801.946601    720.649266  6  4  5  72       
PG18   2846.560185 -23478.069548  11915.496433   -523.655017  7  5  1  65       
PG19  16604.599074  19442.228173  -8027.511755    421.815591  8  7  5  53       
PG20  24990.524665    112.414967  -8676.385121    393.242153  7  6  5  74       
PG21 -16423.626382  14753.315986  14522.844644    139.484427  6  5  5  79       
PG22  18269.201279  11359.439772  15818.751655     54.150148  6  5  3  57       
PG23  -2288.844351 -14703.681035  22022.831734    128.724656  4  6  6  71       
PG24  15230.090493 -18558.489066  10483.455063   -407.209619  4  5  3  61       
PG25   6822.142028 -15460.411405 -20763.063830    484.026694  7  4  5  72       
PG26 -24072.351674  -4563.206364 -10838.305219    203.435608  4  6  3  99       
PG27 -19096.641172  -6885.600493  17083.759799     -0.522530  5  8  5  89       
PG28 -10015.474040 -13208.103941 -20776.339639    -88.742052  5  7  5  29       
PG29  -1162.813296 -22096.787660 -14662.915440   -609.126773  6  6  5  83       
PG30   5563.386818  18767.836392  17955.638939   -449.560430  3  5  4  52       
PG31 -15231.731117  -3933.309604 -21643.037332   -227.089387  6  5  4  96       
PG32 -16051.854542 -21229.134490  -1598.800847   -602.358997  5  4  6  58       
*  2024  1  4 10  0  0.00000000
PG01 -13375.409952  21979.305460   5483.761541    165.240587  7  3  5  71       
PG02 -15118.829537  17490.457028  13370.268671   -505.891024  6  4  3  61       
PG03 -19894.226453  11629.349411 -13249.608895    102.621385  3  5  5  77       
PG04  -8734.640909  13161.918819 -21321.094038    257.248474  5  2  4  42       
PG05  25822.558796  -6109.098590   1839.547074   -156.683211  8  4  5  50       
PG06   9832.986589  12506.872182 -21174.298473    456.324039  8  6  3  84       
PG07  -3611.029766  24827.210023   8424.830721    -28.869348  6  3  4  67       
PG08 -15130.207905   5196.085782  21173.954447   -160.387097  5  7  7  72       
PG09   2727.691694  21088.358143 -15965.003218     47.953929  5  4  4  56       
PG10 -13738.679462 -11513.980429  19909.775936    -67.977859  6  5  6  77       
PG11  15740.518356   1114.627490 -21331.933759   -527.087494  8  5  4  80       
PG12  20503.056531 -10668.449187 -13305.587639   -464.415856  7  5  6  70       
PG13  18002.933572   5952.806307  18485.264056    612.481141  4  2  5  51       
PG14   9626.258683  13840.275613  20584.616487    289.406251  5  4  2  49       
PG15  14692.978283  -6966.597023  20543.192920    113.755134  4  5  3  68       
PG16 -26534.276685  -1386.627814  -3909.477047   -391.021258  6  6  3  54       
PG17  12030.444197  23208.977816   4655.983768    720.648215  6  3  5  86       
PG18   3545.938349 -24498.717652   9387.541312   -523.663653  7  5  1  83       
PG19  16807.256936  20170.906183  -5307.887267    421.820138  8  7  4  63       
PG20  23955.502960    681.366742 -11202.903535    393.240444  7  6  5  79       
PG21 -16071.253715  13040.572064  16570.360229    139.483101  6  5  5  66       
PG22  16418.893691  11552.286475  17676.693828     54.143920  6  5  4  62       
PG23    196.233578 -15021.867803  21909.374998    128.731234  3  5  5  77       
PG24  15078.142793 -17121.527317  12836.944578   -407.216369  4  4  3  73       
PG25   9078.361014 -15622.477767 -19710.672564    484.027966  7  4  5  78       
PG26 -22793.066198  -5051.353286 -13137.583614    203.432434  4  6  4  75       
PG27 -20090.026808  -8482.851774  15186.390603     -0.526173  4  8  3  58       
PG28  -9061.369418 -15317.589382 -19739.592285    -88.751872  5  7  5  33       
PG29    -90.680692 -20658.602001 -16682.072901   -609.126349  7  6  5  70       
PG30   4572.771946  20464.421116  16268.266309   -449.556349  3  5  4  61       
PG31 -14189.894847  -6141.821572 -21801.889621   -227.089688  6  5  4 106       
PG32 -15884.531692 -21403.949926   1245.448194   -602.361805  6  4  6  36       
*  2024  1  4 10 15  0.00000000
PG01 -13249.812424  21132.615700   8271.045724    165.241347  7  3  5  58       
PG02 -14868.952927  15915.997577  15544.254822   -505.886183  6  4  3  59       
PG03 -21259.973821  11692.796872 -10813.765719    102.645200  3  5  6  64       
PG04 -10278.632637  11237.762276 -21741.158474    257.257364  5  2  4  25       
PG05  25934.726696  -5904.399071  -1027.385482   -156.684345  8  4  5  60       
PG06   8922.375255  14700.528727 -20137.840708    456.312619  8  6  3  79       
PG07  -4156.375065  25440.839207   5720.995860    -28.877704  6  3  4  76       
PG08 -16673.783560   3368.994902  20410.438759   -160.388470  5  7  7  75       
PG09   1339.896847  19754.108477 -17762.344095     47.964786  5  5  5  64       
PG10 -11493.926703 -11958.585110  21021.086462    -67.978781  6  5  6  80       
PG11  14809.885787   3402.583847 -21755.725098   -527.100465  8  5  4  87       
PG12  21865.091501 -10601.658976 -10920.052712   -464.419133  7  5  6  25       
PG13  18971.839379   7759.462385  16806.812556    612.484317  4  1  5  40       
PG14   7269.027025  14243.299182  21250.607538    289.415569  5  3  2  69       
PG15  16429.395862  -5292.695181  19749.618153    113.758858  4  5  3  69       
PG16 -25993.422414  -1635.375967  -6659.382049   -391.014983  6  5  2  48       
PG17  11470.983295  22821.385362   7429.862878    720.647602  5  3  6  59       
PG18   4080.466190 -25279.583888   6696.450381   -523.672205  7  4  2  65       
PG19  16877.895016  20629.518572  -2499.209707    421.824864  8  6  3  66       
PG20  22689.925972   1392.570720 -13534.300818    393.238689  7  5  5  74       
PG21 -15748.853597  11113.601706  18331.238108    139.482394  6  5  5  70       
PG22  14394.769867  11854.624930  19236.844477     54.137986  6  5  4  60       
PG23   2628.447422 -15469.220976  21419.153829    128.737929  3  5  5  73       
PG24  14925.333159 -15430.104631  14959.706298   -407.223110  4  4  4  55       
PG25  11193.047936 -15875.236785 -18325.871956    484.029262  7  5  6  74       
PG26 -21301.028354  -5658.533451 -15216.482614    203.429331  5  5  4  81       
PG27 -21018.702006  -9844.380089  13028.062670 999999.999999  4  8              
PG28  -8262.324913 -17344.824105 -18363.855321    -88.761637  5  7  4  57       
PG29   1179.134132 -19106.990313 -18413.935573   -609.125797  7  7  4  84       
PG30   3736.335553  22015.699011  14300.303769   -449.552330  3  5  4  46       
PG31 -13262.947293  -8402.291134 -21592.615487   -227.089971  6  5  4  80       
PG32 -15522.968536 -21341.833823   4068.573697   -602.364627  6  4  6  74       
*  2024  1  4 10 30  0.00000000
PG01 -13076.795960  19981.258339  10911.337320    165.242147  6  3  4  45       
PG02 -14654.601973  14111.267267  17456.662643   -505.881000  6  4  3  85       
PG03 -22342.002015  11766.033750  -8191.904132    102.669010  3  6  6  44       
PG04 -11938.120130   9378.548694 -21786.474932    257.266241  5  2  4  63       
PG05  25746.657891  -5619.014640  -3876.768129   -156.685799  8  3  5  63       
PG06   8177.915542  16810.665895 -18751.761083    456.301226  7  6  3  82       
PG07  -4583.938600  25781.702636   2917.009880    -28.885988  5  3  4  60       
PG08 -18231.788353   1702.236739  19296.085258   -160.390191  6  7  8  70       
PG09   -244.356658  18361.317642 -19255.370736     47.975635  5  5  5  38       
PG10  -9173.705768 -12553.585859  21779.371822    -67.980519  6  5  6  75       
PG11  13992.560648   5761.292904 -21804.204813   -527.113450  8  5  4  87       
PG12  22954.890120 -10560.600009  -8348.294913   -464.422428  7  4  6  66       
PG13  19916.082152   9339.284613  14837.373792    612.487795  5  1  4  64       
PG14   4879.783147  14775.132111  21552.375474    289.424885  5  3  3  65       
PG15  18152.460374  -3774.234223  18603.212931    113.762337  4  5  2  69       
PG16 -25169.624994  -1953.681534  -9298.753447   -391.008173  6  4  3  72       
PG17  10699.592862  22227.974120  10076.488733    720.647344  5  3  6  76       
PG18   4476.613020 -25790.183165   3888.902620   -523.680720  7  4  3  47       
PG19  16780.512968  20831.442174    351.461937    421.829501  8  5  3  79       
PG20  21230.448110   2264.589365 -15630.038182    393.236964  7  5  4  86       
PG21 -15489.298288   9005.491635  19778.130796    139.480406  6  5  4  67       
PG22  12238.962694  12283.697148  20474.474280     54.132274  6  5  4  55       
PG23   4960.403450 -16029.482901  20560.024144    128.744500  3  4  4  72       
PG24  14805.206387 -13509.092052  16813.230887   -407.229851  3  4  4  60       
PG25  13128.594675 -16193.386254 -16630.815134    484.030516  7  5  6  74       
PG26 -19631.467495  -6402.745286 -17039.955449    203.426250  4  5  4  87       
PG27 -21841.025296 -10964.652078  10646.903659     -0.533269  3  7  4  90       
PG28  -7614.766253 -19243.485173 -16672.711593    -88.771448  4  7  4  62       
PG29   2642.098977 -17488.055080 -19829.000126   -609.125387  8  7  4  75       
PG30   3042.983260  23381.024712  12085.052989   -449.548283  3  5  4  60       
PG31 -12465.661079 -10669.659970 -21017.485530   -227.090074  5  5  4  95       
PG32 -14943.046168 -21071.448300   6822.793890   -602.367520  6  4  6  68       
*  2024  1  4 10 45  0.00000000
PG01 -12897.398253  18536.278582  13357.209714    165.242947  6  4  4  97       
PG02 -14508.054847  12106.996244  19076.894820   -505.876160  6  4  2  88       
PG03 -23126.865883  11809.527767  -5428.845484    102.692857  4  6  7  63       
PG04 -13680.837231   7621.601931 -21456.668200    257.275109  4  3  4  85       
PG05  25274.539259  -5218.399135  -6660.010733   -156.687044  8  3  5  29       
PG06   7595.081870  18788.041638 -17040.013761    456.289823  7  6  3  85       
PG07  -4924.767062  25828.895515     61.650611    -28.894574  5  3  4  72       
PG08 -19762.776029    216.602509  17851.214776   -160.392104  7  7  8  78       
PG09  -2009.580188  16952.999360 -20418.824664     47.986466  4  5  5  65       
PG10  -6826.455640 -13297.874522  22171.207852    -67.982431  6  4  6  70       
PG11  13305.479410   8144.194662 -21476.684990   -527.126416  8  5  4  81       
PG12  23756.257123 -10508.341355  -5633.700153   -464.426007  6  4  6  42       
PG13  20793.632785  10678.167259  12611.800567    612.491053  5     4  52       
PG14   2505.660970  15429.684935  21484.223627    289.434219  5  3  3  47       
PG15  19818.557363  -2427.484852  17125.773446    113.765736  4  5  1  72       
PG16 -24085.244710  -2373.418313 -11784.129171   -391.001298  6  4  3  85       
PG17   9702.625006  21467.138679  12551.426588    720.646285  5  3  6  88       
PG18   4766.183007 -26007.470869   1013.686230   -523.689298  7  3  3  71       
PG19  16483.356443  20797.564558   3196.193636    421.834198  7  4  4  78       
PG20  19618.298326   3308.770582 -17453.757504    393.234873  7  5  4  85       
PG21 -15319.775634   6754.879173  20889.534608    139.478919  5  5  4  63       
PG22   9996.595543  12849.389150  21370.325466     54.126087  6  5  4  54       
PG23   7148.505841 -16678.928804  19346.233656    128.751101  4  4  4  61       
PG24  14747.310673 -11390.937316  18363.997884   -407.236602  3  4  4  44       
PG25  14853.013603 -16546.100976 -14653.024517    484.031779  6  5  6  52       
PG26 -17823.656569  -7295.316314 -18577.078258    203.423158  5  4  5 100       
PG27 -22516.648231 -11846.788818   8084.463187     -0.536751  3  7  6  68       
PG28  -7107.247659 -20969.872757 -14695.157408    -88.781231  4  7  3  64       
PG29   4285.195431 -15847.556978 -20903.265729   -609.124861  8  7  3  63       
PG30   2474.766758  24523.980449   9660.295756   -449.544222  3  5  4  59       
PG31 -11805.162317 -12897.025110 -20084.911819   -227.090296  5  5  4  82       
PG32 -14127.421365 -20626.709167   9461.660502   -602.370366  6  4  6  86       
*  2024  1  4 11  0  0.00000000
PG01 -12750.820570  16818.295543  15564.605837    165.243781  6  3  3  71       
PG02 -14456.160145   9939.835943  20379.405357   -505.871236  6  4  2  69       
PG03 -23610.163890  11782.959991  -2572.033545    102.716677  4  6  7  69       
PG04 -15468.992252   5998.250745 -20757.816344    257.283959  4  3  4  62       
PG05  24542.377822  -4672.084641  -9329.832164   -156.688092  8  3  5  49       
PG06   7160.979984  20586.322127 -15032.272027    456.278443  6  6  3  69       
PG07  -5213.208674  25569.852855  -2794.751943    -28.903150  5  3  5  43       
PG08 -21223.596391  -1075.194707  16101.622220   -160.393138  7  7  8  74       
PG09  -3932.520229  15569.745596 -21233.099359     47.997264  4  5  5  45       
PG10  -4500.362334 -14181.989234  22189.153693    -67.984091  6  4  6  59       
PG11  12757.635929  10502.747524 -20778.969979   -527.139355  8  5  4  89       
PG12  24261.494801 -10406.511088  -2822.390963   -464.429428  6  4  5  29       
PG13  21562.160713  11770.832591  10169.161143    612.494644  4     3  56       
PG14    192.404995  16193.139457  21046.778707    289.443512  5  3  3  53       
PG15  21383.682168  -1260.459749  15344.968294    113.769280  4  5  2  51       
PG16 -22769.398699  -2921.834414 -14074.670812   -390.994610  6  4  3  79       
PG17   8474.374060  20580.483527  14813.586039    720.645699  5  3  6  54       
PG18   4984.867607 -25916.769396  -1879.174423   -523.697795  7  3  4  58       
PG19  15960.276314  20555.408391   5986.926219    421.838888  7  3  4  80       
PG20  17897.725273   4528.612632 -18973.926845    393.233122  7  5  4  96       
PG21 -15260.803338   4404.573916  21649.921263    139.477856  5  5  3  80       
PG22   7714.243269  13553.820820  21910.809142     54.120276  6  6  4  76       
PG23   9154.457367 -17387.272057  17798.214348    128.757677  5  3  3  54       
PG24  14775.867197  -9114.533323  19584.169920   -407.243346  3  4  5  52       
PG25  16341.018748 -16898.237083 -12425.030719    484.033042  6  5  6  43       
PG26 -15919.552373  -8340.297209 -19801.550424    203.420054  4  3  4  78       
PG27 -23008.079647 -12502.174435   5384.963730     -0.540111  5  7  8   2       
PG28  -6721.047221 -22484.468540 -12465.111693    -88.791072  4  7  3  78       
PG29   6087.250790 -14229.223494 -21618.622243   -609.124623  8  7  3  84       
PG30   2007.745246  25413.746944   7067.668913   -449.540157  3  5  4  37       
PG31 -11280.701054 -15037.237356 -18809.402651   -227.090473  4  5  4  89       
PG32 -13066.324689 -20045.389673  11940.794401   -602.373252  5  4  6  91       
*  2024  1  4 11 15  0.00000000
PG01 -12672.682434  14856.862572  17493.738585    165.244621  5  3  2  47       
PG02 -14519.313272   7651.116886  21343.985268   -505.866276  5  4  2  62       
PG03 -23796.631193  11646.955238    329.274006    102.740574  4  7  7  23       
PG04 -17260.611460   4532.790567 -19702.318844    257.292887  4  4  3  54       
PG05  23581.033509  -3955.022575 -11841.032581   -156.689979  8  3  5  50       
PG06   6855.003025  22163.764031 -12763.403681    456.267034  5  6  4  64       
PG07  -5485.354266  25001.002592  -5601.257796    -28.911656  5  3  5  54       
PG08 -22570.989155  -2168.760006  14078.072298   -160.394413  6  7  8  98       
PG09  -5982.870985  14248.234870 -21684.548889     48.008104  4  5  5  41       
PG10  -2241.720112 -15188.350970  21831.924422    -67.985169  6  4  5  74       
PG11  12349.816101  12788.120999 -19723.245204   -527.152347  8  5  3  64       
PG12  24471.655450 -10216.939679     37.525007   -464.433027  6  4  5   2       
PG13  22180.708906  12620.783367   7552.016034    612.497816  4     2  59       
PG14  -2017.201391  17044.409239  20247.017347    289.452816  5  4  4  75       
PG15  22805.116508   -272.865351  13293.702396    113.772805  5  5  2  80       
PG16 -21256.924018  -3620.392838 -16132.740800   -390.987683  6  3  4  75       
PG17   7017.401485  19611.169335  16825.822590    720.645105  5  3  6  70       
PG18   5170.642730 -25512.377445  -4739.318395   -523.706377  7  3  4  69       
PG19  15191.899276  20138.013075   8676.241831    421.843549  6  3  4  65       
PG20  16114.338870   5919.446000 -20164.392493    393.231433  7  5  3  89       
PG21 -15325.534199   2000.072517  22049.761753    139.476409  5  5  3  78       
PG22   5438.368406  14391.230476  22088.120887     54.114111  6  6  4  57       
PG23  10946.562551 -18118.843142  15942.263279    128.764200  6  3  2  55       
PG24  14908.679491  -6723.817336  20452.153879   -407.250067  3  4  4  20       
PG25  17574.873981 -17211.730034  -9983.917283    484.034322  6  5  5  33       
PG26 -13962.342451  -9534.126871 -20692.135133    203.417031  4  3  4  94       
PG27 -23282.132169 -12949.764983   2594.535627     -0.543585  5  6  9  22       
PG28  -6431.050772 -23753.344941 -10020.840720    -88.800915  4  7  3  87       
PG29   8019.587639 -12673.153742 -21963.135418   -609.124073  9  7  4  86       
PG30   1613.095380  26026.277868   4351.955431   -449.536113  3  5  4  62       
PG31 -10883.728605 -17044.536537 -17211.417763   -227.090726  4  5  4  74       
PG32 -11758.079201 -19367.600500  14218.580219   -602.376136  5  4  6  79       
*  2024  1  4 11 30  0.00000000
PG01 -12693.427509  12689.456628  19109.905956    165.245519  5  3  2  57       
PG02 -14710.690269   5285.463652  21955.967346   -505.861332  5  4  2  55       
PG03 -23699.886986  11364.794419   3224.859370    102.764370  5  7  7  14       
PG04 -19011.049544   3241.727679 -18308.658331    257.301771  4  4  3  26       
PG05  22427.012550  -3048.713159 -14151.221253   -156.691003  9  4  5  71       
PG06   6649.800529  23484.726898 -10272.849868    456.255627  5  6  4  51       
PG07  -5777.376920  24128.069966  -8307.314747    -28.920335  5  3  5  71       
PG08 -23763.176864  -3067.937011  11815.728765   -160.395626  5  7  8  82       
PG09  -8124.257504  13019.906159 -21765.697427     48.018932  5  5  4  55       
PG10    -93.354699 -16291.814305  21104.476867    -67.986061  6  3  5  78       
PG11  12074.663049  14952.902692 -18327.855732   -527.165241  8  5  2  65       
PG12  24396.469452  -9903.321947   2896.762395   -464.436507  6  3  4  32       
PG13  22611.312018  13239.921480   4805.651545    612.501230  4  1  2  19       
PG14  -4084.798152  17955.896315  19098.184192    289.462189  6  4  4  69       
PG15  24043.038659    543.600655  11009.392399    113.776216  5  5  2  64       
PG16 -19587.155240  -4483.825000 -17924.434508   -390.980890  6  3  4  57       
PG17   5342.550815  18602.242049  18555.454182    720.644700  6  4  5  44       
PG18   5362.075927 -24797.836673  -7516.955948   -523.714939  7  3  4  71       
PG19  14166.564245  19582.611168  11218.137801    421.848325  6  3  4  69       
PG20  14313.414999   7468.444552 -21004.827554    393.229415  8  5  2  62       
PG21 -15519.361851   -411.976509  22085.457945    139.475734  5  5  2  61       
PG22   3213.785194  15348.152005  21900.279680     54.108377  6  5  3  38       
PG23  12500.781324 -18833.998298  13810.114794    128.770811  6  4  2  81       
PG24  15156.332188  -4266.164156  20953.013204   -407.256809  3  3  4  49       
PG25  18544.971124 -17447.137997  -7370.771720    484.035590  5  5  5  39       
PG26 -11994.949083 -10865.583311 -21233.033631    203.413928  4  3  4  95       
PG27 -23311.200513 -13215.130786   -239.551185     -0.547142  5  6 10  59       
PG28  -6206.889983 -24749.371289  -7404.307618    -88.810761  4  7  3  87       
PG29  10046.965264 -11214.379519 -21931.226114   -609.123562  9  7  5  70       
PG30   1258.427627  26345.228078   1560.303030   -449.532054  3  5  4  76       
PG31 -10598.285351 -18876.163609 -15317.119417   -227.090990  4  5  4  81       
PG32 -10209.322904 -18634.202059  16256.812507   -602.378915  4  5  6  78       
*  2024  1  4 11 45  0.00000000
PG01 -12836.953340  10360.138199  20384.196957    165.246334  6  3  3  81       
PG02 -15035.758510   2889.316151  22206.355118   -505.856233  5  3  4  76       
PG03 -23341.842779  10904.040059   6064.428612    102.788257  5  7  7  59       
PG04 -20674.608693   2133.332333 -16601.061649    257.310680  4  4  3  49       
PG05  21121.068486  -1942.082840 -16221.490695   -156.692222  9  4  5  80       
PG06   6512.520997  24520.955567  -7603.919395    456.244208  3  6  4  25       
PG07  -6123.841854  22966.008077 -10863.786529    -28.928848  5  3  5  83       
PG08 -24761.398414  -3784.418124   9353.529401   -160.397193  6  7  7  44       
PG09 -10315.452038  11909.847147 -21475.347806     48.029765  5  5  4  41       
PG10   1906.834282 -17460.517498  20018.003249    -67.987436  6  3  4  69       
PG11  11917.069121  16952.754239 -16616.979128   -527.178216  7  5  2  69       
PG12  24053.945704  -9432.832137   5705.709262   -464.439921  6  3  3  51       
PG13  22820.496557  13647.853651   1977.285246    612.504791  4  1  2  50       
PG14  -5977.744776  18894.517571  17619.600287    289.471511  6  4  4  79       
PG15  25062.001802   1204.629134   8533.177369    113.780145  5  5  2  46       
PG16 -17802.557760  -5519.427666 -19420.065146   -390.973740  6  3  4  71       
PG17   3468.659693  17595.005161  19974.692213    720.643581  5  3  5           
PG18   5596.612823 -23785.844445 -10163.765856   -523.723542  7  3  4  51       
PG19  12880.985977  18929.145175  13568.797591    421.853136  5  4  4  62       
PG20  12538.230944   9154.964728 -21481.069612    393.227736  8  4  2  88       
PG21 -15839.825478  -2785.304168  21759.197085    139.474469  5  5  3  63       
PG22   1082.201403  16403.873483  21351.094979     54.102542  6  5  3  59       
PG23  13801.490381 -19490.704032  11438.409588    128.777356  7  4  2  76       
PG24  15521.714038  -1790.646283  21078.721525   -407.263511  3  3  4  30       
PG25  19250.109460 -17565.274543  -4630.045728    484.036861  5  5  4  26       
PG26 -10058.542977 -12316.025825 -21414.186486    203.410819  4  3  3  75       
PG27 -23074.329297 -13329.273466  -3069.647599     -0.550748  5  6 10  44       
PG28  -6014.290556 -25453.170600  -4660.457279    -88.820620  4  7  3  71       
PG29  12128.776228  -9881.636183 -21523.742295   -609.122875  9  6  5  22       
PG30    909.257277  26362.594981  -1258.615612   -449.528027  3  5  4  55       
PG31 -10401.690925 -20493.888117 -13158.016450   -227.091109  3  5  4  60       
PG32  -8434.928329 -17885.206629  18021.286827   -602.381786  3  6  6  71       
*  2024  1  4 12  0  0.00000000
PG01 -13119.527324   7917.939543  21294.067881    165.247281  7  3  5  67       
PG02 -15492.074580    509.407135  22091.880924   -505.851267  4  3  5  63       
PG03 -22751.792054  10238.008508   8798.509249    102.812107  6  8  7  77       
PG04 -22206.204326   1207.515365 -14609.067339    257.319517  5  4  3  36       
PG05  19706.663857   -632.078873 -18017.029241   -156.693472  8  4  5  81       
PG06   6406.277438  25252.581866  -4803.012536    456.232812  3  6  4  74       
PG07  -6556.063040  21538.546731 -13223.982331    -28.937480  5  3  5  83       
PG08 -25531.327986  -4337.064934   6733.518229   -160.398126  6  7  7  97       
PG09 -12511.777977  10935.937295 -20818.588646     48.040625  5  4  4   3       
PG10   3727.157056 -18657.006089  18589.827771    -67.989181  6  2  3  64       
PG11  11854.878290  18747.953001 -14620.198892   -527.191157  6  5  2  49       
PG12  23469.654149  -8777.626377   8415.307437   -464.443737  6  3  2  58       
PG13  22780.607981  13870.916290   -884.742153    612.507586  4  2  3  57       
PG14  -7670.199415  19822.963237  15836.362446    289.480829  6  4  5  35       
PG15  25832.223854   1732.392842   5909.088345    113.783194  6  5  3  32       
PG16 -15947.261874  -6726.626439 -20594.599148   -390.967134  6  3  4  58       
PG17   1421.985940  16627.491353  21060.988318    720.642651  6  4  5  60       
PG18   5908.912861 -22497.816147 -12633.763808   -523.732184  7  3  4  45       
PG19  11340.615929  18218.677298  15687.347218    421.857547  6  5  4  34       
PG20  10828.497249  10951.198112 -21585.342712    393.226359  8  4  2  85       
PG21 -16276.802561  -5075.499189  21078.743160    139.473227  4  6  4  67       
PG22   -919.115760  17531.158195  20450.066203     54.096421  6  5  3  47       
PG23  14841.920559 -20046.235732   8868.068517    128.783881  7  4  2  76       
PG24  15999.883646    653.760397  20828.254030   -407.270254  4  3  4  24       
PG25  19697.458599 -17528.868555  -1808.830382    484.038108  5  4  4  52       
PG26  -8191.119925 -13859.924004 -21231.495092    203.407723  4  3  3  64       
PG27 -22558.036482 -13327.264857  -5848.468788     -0.554400  4  5 11  43       
PG28  -5816.578158 -25853.790057  -1836.448442    -88.830508  4  7  3  61       
PG29  14220.452168  -8696.388458 -20747.924235   -609.122489  9  6  5  52       
PG30    530.570882  26079.043594  -4055.484689   -449.523980  4  4  5  61       
PG31 -10265.516541 -21865.390224 -10770.500562   -227.091262  3  5  5  62       
PG32  -6457.622983 -17158.227579  19482.329904   -602.384614  3  6  6  64       
*  2024  1  4 12 15  0.00000000
PG01 -13549.037584   5415.052271  21823.773184    165.248124  8  3  6  64       
PG02 -16069.370991  -1808.754451  21614.997570   -505.846181  4  3  5  71       
PG03 -21965.215158   9347.027540  11379.343718    102.835970  6  8  7  74       
PG04 -23563.014198    456.030495 -12367.007909    257.328370  6  5  3  59       
PG05  18228.349747    876.039288 -19507.665266   -156.695446  8  4  5  85       
PG06   6291.776245  25668.806347  -1918.789823    456.221379  3  5  5  72       
PG07  -7100.583808  19877.370617 -15344.656149    -28.945989  5  3  4  73       
PG08 -26044.330048  -4750.968721   4000.146011   -160.400655  8  7  7  48       
PG09 -14666.649108  10108.276648 -19806.700809     48.051550  5  4  4  43       
PG10   5343.193700 -19839.593604  16843.202075    -67.990676  6  2  1  88       
PG11  11859.870549  20304.760977 -12371.986422   -527.204145  6  5  2  67       
PG12  22675.713394  -7916.169226  10977.945342   -464.447031  7  3  1  61       
PG13  22470.917450  13940.961129  -3731.775170    612.511312  5     3  46       
PG14  -9143.937809  20701.140244  13778.936416    289.490147  6  4  5  66       
PG15  26330.642820   2154.399977   3183.198930    113.786761  6  4  5  35       
PG16 -14065.545529  -8096.821177 -21428.039289   -390.960082  7  3  4  31       
PG17   -764.626701  15733.084017  21797.299334    720.642345  6  4  5  54       
PG18   6329.302286 -20963.115028 -14884.124260   -523.740733  7  3  5  41       
PG19   9559.680458  17491.750173  17536.584394    421.862314  6  5  4  56       
PG20   9218.947010  12823.110231 -21316.361486    393.224279  8  5  2  74       
PG21 -16812.971036  -7241.388914  20057.177353    139.472661  4  6  4  63       
PG22  -2758.508002  18697.201733  19212.218091     54.090355  6  5  3  39       
PG23  15624.251251 -20458.923171   6143.581463    128.790416  7  5  2  84       
PG24  16578.279348   3019.945817  20207.519246   -407.276999  5  3  4  44       
PG25  19902.198528 -17304.185245   1043.944745    484.039394  5  4  3  55       
PG26  -6426.192662 -15465.659108 -20686.956754    203.404647  4  4  2  67       
PG27 -21756.867822 -13246.759343  -8529.813055     -0.558074  3  4 11  62       
PG28  -5576.283495 -25949.059105   1019.154143    -88.840383  4  7  3           
PG29  16275.025381  -7672.146357 -19617.264845   -609.122315  9  6  6  45       
PG30     88.423712  25503.898807  -6781.250830   -449.519901  4  4  5  81       
PG31 -10156.807119 -22965.439789  -8195.276835   -227.091511  3  5  5  34       
PG32  -4307.324356 -16487.030877  20615.263551   -602.387523  3  6  6  77       
*  2024  1  4 12 30  0.00000000
PG01 -14124.611091   2904.894650  21964.640591    165.248939  8  2  6  63       
PG02 -16749.925137  -4022.346177  20783.807167   -505.841329  4  4  4  69       
PG03 -21022.345480   8219.425986  13761.760360    102.859839  6  8  7  59       
PG04 -24706.048725   -137.007761  -9913.416288    257.337216  7  5  4  23       
PG05  16730.122529   2568.721287 -20668.337358   -156.696541  8  4  5  84       
PG06   6129.043204  25768.233939    998.697531    456.209902  3  4  4  72       
PG07  -7777.854939  18020.957181 -17186.943574    -28.954049  5  3  4  63       
PG08 -26278.507733  -5056.289075   1199.549213   -160.402258  9  7  6           
PG09 -16733.187174   9428.920645 -18456.965151     48.062412  5  5  4  65       
PG10   6738.587009 -20963.912992  14806.996772    -67.991985  5  2     82       
PG11  11898.989096  21596.569197  -9911.100901   -527.217078  5  5  2  73       
PG12  21709.519348  -6834.326386  13348.344781   -464.450606  7  3  3  61       
PG13  21878.470156  13893.950884  -6515.639960    612.514596  5     4  84       
PG14 -10388.878521  21487.745068  11482.648920    289.499457  6  4  5  54       
PG15  26541.703726   2502.162183    402.776978    113.790290  6  3  5  49       
PG16 -12200.315392  -9613.520592 -21905.752116   -390.953064  7  2  4  47       
PG17  -3052.810172  14939.332516  22172.273499    720.641517  7  4  5  15       
PG18   6882.407119 -19217.981215 -16875.939423   -523.749298  7  4  5  43       
PG19   7560.887820  16786.760277  19083.666536    421.867766  7  5  4  23       
PG20   7738.136511  14731.627169 -20679.317836    393.222606  7  5  3  83       
PG21 -17424.515960  -9246.284361  18712.597639    139.471681  4  6  4  62       
PG22  -4410.892253  19864.792470  17657.874544     54.084365  6  5  3  36       
PG23  16159.356658 -20689.872910   3312.223881    128.796968  7  6     87       
PG24  17237.258084   5264.333596  19229.139546   -407.283728  5  3  4  61       
PG25  19886.843847 -16862.540920   3878.376084    484.040643  5  3  3  64       
PG26  -4791.647364 -17096.573262 -19788.707022    203.401595  5  5  2  63       
PG27 -20673.667134 -13126.433628 -11069.249898     -0.561770  2  4 11           
PG28  -5256.783877 -25745.621058   3857.213776    -88.850174  4  7  4   8       
PG29  18244.787277  -6814.095353 -18151.268504   -609.121755  9  5  6  52       
PG30   -448.498470  24654.802393  -9388.032664   -449.515832  4  4  5  61       
PG31 -10039.509214 -23776.820910  -5476.693711   -227.091494  2  4  5  51       
PG32  -2020.212683 -15900.240431  21400.797452   -602.390388  2  6  5  75       
*  2024  1  4 12 45  0.00000000
PG01 -14836.613444    440.143928  21715.185773    165.249782  8  3  6  70       
PG02 -17509.196199  -6092.595149  19611.929770   -505.836271  3  5  4  71       
PG03 -19966.553479   6852.212483  15904.003410    102.883701  7  8  6  58       
PG04 -25601.583684   -594.312361  -7290.366736    257.346067  7  5  4  70       
PG05  15253.817311   4424.458398 -21479.485624   -156.697757  8  4  5  88       
PG06   5879.176805  25558.851550   3898.898261    456.198444  3  3  4  70       
PG07  -8601.175406  16013.122977 -18717.204722    -28.962852  5  4  4  32       
PG08 -26219.509639  -5286.915313  -1621.183242   -160.404599  9  7  6  11       
PG09 -18665.857944   8891.929975 -16792.374683     48.073282  5  5  5  46       
PG10   7905.533465 -21984.603630  12515.287955    -67.993481  5  2     66       
PG11  11935.761850  22604.774643  -7279.917813   -527.230041  5  4  3  62       
PG12  20612.262802  -5526.173861  15484.421821   -464.453909  7  2  3  48       
PG13  20998.647304  13768.419753  -9189.417892    612.517948  6  1  4  79       
PG14 -11403.292287  22141.904692   8987.086017    289.508780  7  4  5  50       
PG15  26457.855632   2809.735768  -2384.545398    113.793677  6  3  6  48       
PG16 -10391.636579 -11252.764865 -22018.735489   -390.946099  7  2  4  17       
PG17  -5399.922140  14266.997592  22180.361127    720.640563  7  3  6  68       
PG18   7586.021141 -17304.203731 -18574.900804   -523.757847  7  4  5  56       
PG19   5374.807713  16138.407193  20300.743041    421.872090  7  6  3  21       
PG20   6407.501979  16634.022243 -19685.752897    393.221017  7  5  4  69       
PG21 -18082.050987 -11059.056727  17067.785285    139.470023  3  6  4  66       
PG22  -5858.494662  20993.637194  15812.372707     54.078500  6  4  3  59       
PG23  16466.212906 -20704.597799    423.215727    128.803516  8  6     63       
PG24  17950.933108   7348.378526  17912.093536   -407.290466  5  3  4  54       
PG25  19680.272832 -16181.645733   6644.498368    484.041957  5  3  3  65       
PG26  -3308.809658 -18712.232224 -18550.963582    203.398556  4  5  2  70       
PG27 -19319.556658 -13004.408825 -13424.772208     -0.565479  2  3 10  72       
PG28  -4823.917047 -25258.636643   6628.867708    -88.860075  4  7  4  70       
PG29  20082.981529  -6119.053029 -16375.113001   -609.121538  9  5  6  69       
PG30  -1107.419284  23557.046769 -11830.013941   -449.511745  5  4  5  63       
PG31  -9876.050401 -24290.958899  -2661.981150   -227.091993  3  4  5  69       
PG32    362.426629 -15420.243601  21825.346256   -602.393249  2  5  5  76       
*  2024  1  4 13  0  0.00000000
PG01 -15667.026386  -1929.180709  21081.067722    165.250578  8  3  6  58       
PG02 -18316.708509  -7985.998877  18118.313407   -505.831308  4  6  4  77       
PG03 -18842.613337   5251.413014  17768.503977    102.907496  7  8  6  71       
PG04 -26222.401924   -944.350790  -4542.761211    257.354995  7  5  5  77       
PG05  13837.595865   6414.415073 -21927.360086   -156.699076  8  4  5  94       
PG06   5506.058279  25057.650211   6731.655276    456.187017  3  2  4  59       
PG07  -9575.948428  13901.343376 -19907.744949    -28.971462  5  4  3  55       
PG08 -25861.069157  -5479.000435  -4414.746661   -160.405836 10  7  6           
PG09 -20422.065387   8483.733015 -14841.255349     48.084121  5  5  5  75       
PG10   8844.947872 -22857.071488  10006.839781    -67.994973  5  3     64       
PG11  11931.861515  23319.357117  -4523.697912   -527.243053  4  4  3  83       
PG12  19427.294153  -3994.484737  17348.101242   -464.457434  7  1  4  12       
PG13  19835.424485  13603.857055 -11708.186665    612.521402  6  3  5  95       
PG14 -12193.685740  22624.820734   6335.407525    289.518085  7  4  5  57       
PG15  26079.749499   3112.196577  -5131.569237    113.797011  6  2  6  71       
PG16  -8675.360836 -12983.826426 -21763.821127   -390.939463  7  2  4  25       
PG17  -7760.440807  13729.355343  21821.852819    720.639657  8  4  6  60       
PG18   8450.253763 -15267.589495 -19951.890838   -523.766375  7  4  5  52       
PG19   3038.939977  15576.281058  21165.516803    421.876956  7  6  3  44       
PG20   5240.706492  18485.447622 -18353.319139    393.219366  7  5  5  64       
PG21 -18751.721204 -12655.018374  15149.843747    139.469013  4  6  4  65       
PG22  -7091.328617  22041.809023  13705.718305     54.072671  6  4  3  65       
PG23  16570.989157 -20474.487002  -2473.160788    128.810068  8  6     67       
PG24  18688.267656   9239.835062  16281.237247   -407.297204  5  3  4  49       
PG25  19316.495639 -15246.713614   9293.225700    484.043187  5  3  4  51       
PG26  -1991.758562 -20269.858495 -16993.867089    203.395516  5  5  2  62       
PG27 -17713.630819 -12916.709096 -15557.408393     -0.569182  3  4 10  76       
PG28  -4247.503894 -24511.170618   9286.370217    -88.869951  4  7  5  60       
PG29  21745.468659  -5575.752377 -14319.220484   -609.121379  9  5  6  56       
PG30  -1910.175350  22242.611661 -14064.299770   -449.507660  5  4  5  48       
PG31  -9629.007207 -24508.217815    199.590613   -227.092325  2  3  6  79       
PG32   2795.551136 -15062.336612  21881.266625   -602.396086  3  4  3  76       
*  2024  1  4 13 15  0.00000000
PG01 -16590.181529  -4157.503176  20074.891336    165.251367  7  3  5  73       
PG02 -19137.153243  -9675.365531  16326.986048   -505.826314  5  6  4  73       
PG03 -17694.922451   3432.050920  19322.575045    102.931276  7  8  6  72       
PG04 -26548.798052  -1220.053005  -1717.572739    257.363811  7  6  6  87       
PG05  12514.583281   8503.337055 -22004.242786   -156.700012  8  4  5  98       
PG06   4977.950052  24289.908668   9448.086272    456.175594  4  2  4  49       
PG07 -10699.289556  11734.922919 -20737.389771    -28.979904  4  3  3  48       
PG08 -25205.259190  -5669.420745  -7134.352848   -160.408126 10  7  6  28       
PG09 -21963.644922   8183.786919 -12636.800740     48.095002  5  5  6  55       
PG10   9566.289253 -23539.254831   7324.486839    -67.995974  5  3  2  66       
PG11  11848.743251  23739.135101  -1689.809306   -527.256015  4  4  3  57       
PG12  18198.401487  -2250.867881  18906.064142   -464.460769  8     5           
PG13  18401.320078  13439.073784 -14029.720563    612.524753  7  4  5  85       
PG14 -12774.362917  22901.350782   3573.589538    289.527377  7  4  5  58       
PG15  25416.139244   3444.108141  -7792.282493    113.800295  6  2  7  76       
PG16  -7081.901184 -14770.170289 -21143.806296   -390.932333  6  2  4  36       
PG17 -10087.457515  13331.779971  21102.847823    720.638995  8  3  6  65       
PG18   9476.990878 -13156.290998 -20983.474512   -523.774902  8  4  6  63       
PG19    596.501958  15123.647014  21661.719957    421.881673  8  6  3  55       
PG20   4243.299219  20240.550832 -16705.439336    393.217560  6  5  5  47       
PG21 -19396.451052 -14016.586961  12989.813256    139.468047  5  6  5  79       
PG22  -8107.400333  22967.270925  11372.182636     54.066780  5  3  3  61       
PG23  16505.859090 -19978.056086  -5326.466858    128.816626  8  7  1  47       
PG24  19414.371885  10913.750921  14366.723593   -407.303909  5  3  4  65       
PG25  18833.208769 -14051.286648  11777.299684    484.044414  5  3  5  50       
PG26   -846.918622 -21725.883613 -15143.215738    203.392427  4  5  2  55       
PG27 -15882.375554 -12895.809041 -17431.790727     -0.572859  4  4  9  61       
PG28  -3502.720061 -23533.284900  11783.918058    -88.879819  4  6  5  46       
PG29  23192.300067  -5165.439741 -12018.744345   -609.120650  9  5  6  75       
PG30  -2872.139007  20748.942914 -16051.716241   -449.503583  5  4  5  38       
PG31  -9262.792632 -24437.849902   3057.615641   -227.092423  3  3  6  80       
PG32   5231.853655 -14834.141774  21567.010146   -602.398935  3  3  2  69       
*  2024  1  4 13 30  0.00000000
PG01 -17573.812838  -6205.270363  18715.868458    165.252151  6  3  5  71       
PG02 -19931.674150 -11140.639911  14266.749177   -505.821270  5  5  4  78       
PG03 -16565.746399   1417.768089  20539.015146    102.955044  7  8  6  80       
PG04 -26569.309027  -1457.350303   1136.942248    257.372665  7  6  6  83       
PG05  11311.702360  10650.704062 -21708.580819   -156.701297  8  4  4  81       
PG06   4268.919363  23288.168724  12001.434306    456.164178  4  3  3  68       
PG07 -11960.005260   9563.101521 -21191.896554    -28.988580  4  3  2  49       
PG08 -24262.454817  -5894.216105  -9734.450454   -160.409831  9  7  6  61       
PG09 -23258.200249   7965.512472 -10216.527159     48.105848  5  5  6  59       
PG10  10087.048783 -23993.325171   4514.423014    -67.997035  5  4  3  63       
PG11  11649.296227  23871.691909   1173.083954   -527.268971  4  4  4  39       
PG12  16968.073353   -315.547656  20130.409181   -464.464638  8     5  11       
PG13  16717.038008  13310.611310 -16115.142520    612.528386  7  5  5  72       
PG14 -13166.681140  22941.462896    749.609041    289.536673  7  4  5  50       
PG15  24483.498738   3838.039716 -10322.561981    113.803753  6  2  7  82       
PG16  -5635.197911 -16570.646526 -20167.508044   -390.925426  6  2  4  67       
PG17 -12334.217920  13071.616981  20035.154489    720.638226  8  4  7  38       
PG18  10659.688736 -11019.059368 -21652.283370   -523.783455  8  3  6  71       
PG19  -1905.023554  14796.479411  21779.489522    421.886423  8  6  3  52       
PG20   3412.696752  21855.113552 -14770.870689    393.216455  6  5  6  77       
PG21 -19977.299007 -15133.716935  10622.262435    139.467073  5  6  5  78       
PG22  -8912.633207  23729.425356   8849.841367     54.060673  4  2  3  59       
PG23  16307.580952 -19201.925626  -8087.017584    128.823149  9  7  3  64       
PG24  20091.943784  12353.153981  12203.340908   -407.310671  5  4  4  46       
PG25  18270.194056 -12597.732447  14052.220947    484.045657  5  3  5  45       
PG26    127.049298 -23037.562128 -13030.092386    203.389393  4  4  2  59       
PG27 -13858.833487 -12969.318751 -19016.676454     -0.576562  4  5  9  20       
PG28  -2571.262188 -22360.873076  14078.443733    -88.889628  4  6  6  39       
PG29  24389.142914  -4862.763880  -9512.980090   -609.120686  9  6  5  49       
PG30  -4001.406005  19117.523961 -17757.535239   -449.499486  5  4  5  61       
PG31  -8745.291268 -24097.593223   5861.500857   -227.092655  3  3  6  83       
PG32   7623.346905 -14735.319450  20887.188246   -602.401739  4  2  2  67       
*  2024  1  4 13 45  0.00000000
PG01 -18580.377092  -8040.265225  17029.352479    165.252912  6  2  5  68       
PG02 -20659.297506 -12369.486996  11970.811972   -505.816503  6  5  4  69       
PG03 -15493.561161   -759.898853  21396.607481    102.978818  7  8  6  81       
PG04 -26281.143816  -1693.601184   3972.050383    257.381548  7  6  6  57       
PG05  10248.748002  12812.086599 -21045.028068   -156.702722  8  4  5  94       
PG06   3360.031374  22090.944584  14347.872970    456.152736  4  3  2  60       
PG07 -13338.941186   7433.184388 -21264.192669    -28.996983  4  3  2  31       
PG08 -23051.005961  -6187.065977 -12171.426339   -160.412483  9  6  6  73       
PG09 -24280.233755   7797.467650  -7621.656592     48.116680  4  4  6  40       
PG10  10431.914488 -24187.253307   1625.406757    -67.998218  4  5  3  48       
PG11  11299.444982  23732.976085   4015.853011   -527.281933  4  5  4  49       
PG12  15775.819436   1783.210458  20999.209720   -464.467809  8  1  5  26       
PG13  14810.819442  13251.249137 -17929.521578    612.531490  7  5  5  69       
PG14 -13398.030622  22721.503787  -2087.413583    289.545970  7  4  5  58       
PG15  23305.376619   4323.186155 -12680.818056    113.806990  6  3  6  85       
PG16  -4351.916142 -18340.878904 -18849.733045   -390.918586  6  2  4  73       
PG17 -14455.661477  12938.350000  18636.124106    720.637407  8  3  7  75       
PG18  11983.507250  -8903.491660 -21947.286832   -523.791993  8  3  6  85       
PG19  -4415.526604  14602.789742  21515.629826    421.891121  7  6  4  51       
PG20   2738.483744  23287.650087 -12583.183693    393.214409  5  4  6  44       
PG21 -20454.879114 -16004.088035   8084.856614    139.465964  5  5  5  75       
PG22  -9520.510308  24290.638701   6180.055290     54.054718  3  2  3  57       
PG23  16015.904089 -18141.487898 -10706.778511    128.829690  9  7  4  59       
PG24  20682.791378  13549.415216   9829.791558   -407.317402  5  4  4  29       
PG25  17667.629231 -10897.386891  16077.139423    484.046895  5  3  6  58       
PG26    939.049260 -24164.585275 -10690.385350    203.386333  4  4  3  95       
PG27 -11681.542880 -13158.851005 -20285.418149     -0.580239  5  6  8  60       
PG28  -1442.262406 -21034.281273  16130.362545    -88.899509  4  6  6  59       
PG29  25308.502773  -4636.921867  -6844.709176   -609.120294  8  6  5  75       
PG30  -5298.282480  17392.299449 -19152.108361   -449.495383  5  3  4  64       
PG31  -8049.370480 -23512.929502   8561.436492   -227.092894  3  3  6  85       
PG32   9922.984798 -14757.587858  19852.545688   -602.404527  4  2  2  61       
*  2024  1  4 14  0  0.00000000
PG01 -19568.581355  -9638.605450  15046.264393    165.253661  6  3  5  71       
PG02 -21278.461489 -13357.611294   9476.364708   -505.811534  6  5  4  60       
PG03 -14511.560346  -3062.558932  21880.503817    103.002546  7  8  6  77       
PG04 -25690.296399  -1965.964283   6739.354249    257.390452  7  6  6  72       
PG05   9337.735672  14940.659121 -20024.394021   -156.703498  7  4  5  77       
PG06   2240.265808  20741.218518  16447.252299    456.141338  3  3  1  56       
PG07 -14809.680365   5388.780942 -20954.437291    -29.005685  3  3  2  52       
PG08 -21596.631491  -6577.855049 -14404.281049   -160.415515  8  6  6  54       
PG09 -25012.027741   7644.715834  -4896.436215     48.127527  4  4  6  52       
PG10  10631.641504 -24096.173640  -1292.104007    -67.998798  4  5  4  61       
PG11  10769.638602  23346.592363   6789.741081   -527.294921  4  5  3  46       
PG12  14656.620639   4010.007541  21496.951676   -464.471432  8  2  5           
PG13  12717.527612  13288.664577 -19442.410085    612.534920  7  5  6  58       
PG14 -13500.578766  22225.228528  -4888.097096    289.555230  7  4  5  54       
PG15  21911.518355   4924.135524 -14828.578795    113.810627  7  4  6  76       
PG16  -3240.909087 -20034.805541 -17211.156062   -390.911655  6  2  4  83       
PG17 -16409.909090  12914.055856  16928.418675    720.636713  8  3  6  60       
PG18  13425.775558  -6854.340515 -21863.948239   -523.800513  8  4  6  62       
PG19  -6884.031876  14542.281185  20873.750584    421.895877  7  6  4  70       
PG20   2203.017943  24500.905172 -10180.166320    393.212420  5  3  6  47       
PG21 -20790.808396 -16633.045863   5417.901190    139.464916  5  5  5  82       
PG22  -9951.442938  24617.688572   3406.893571     54.048589  3  2  3  68       
PG23  15671.867162 -16801.234245 -13140.229694    128.836287  9  7  5  50       
PG24  21149.373276  14502.284622   7287.930866   -407.324183  5  4  4  43       
PG25  17064.382727  -8970.330490  17815.678800    484.048137  5  3  6  47       
PG26   1605.046391 -25070.630255  -8164.206827    203.383277  4  3  2  92       
PG27  -9393.285109 -13479.109579 -21216.379536     -0.583916  5  6  7   8       
PG28   -112.914429 -19596.768735  17904.260153    -88.909327  4  5  7  48       
PG29  25930.698381  -4453.018054  -4059.485723   -609.120099  7  6  5  43       
PG30  -6755.092365  15618.016595 -20211.396539   -449.491288  5  3  5  67       
PG31  -7154.200110 -22716.030047  11109.364398   -227.092793  3  2  6  68       
PG32  12086.262466 -14885.053247  18479.839715   -602.407336  4  3  3  43       
*  2024  1  4 14 15  0.00000000
PG01 -20495.049735 -10985.395511  12802.429975    165.254410  7  3  5  73       
PG02 -21748.596047 -14108.797307   6824.090028   -505.806547  6  4  4  43       
PG03 -13646.388115  -5446.282037  21982.485368    103.026264  6  8  5  81       
PG04 -24811.338107  -2309.780316   9391.599337    257.399330  7  5  6  76       
PG05   8582.548750  16988.815959 -18663.498669   -156.704539  7  5  5  79       
PG06    907.122557  19284.782873  18263.773184    456.129961  4  4     62       
PG07 -16339.554435   3468.230501 -20269.911332    -29.014229  3  3  1  55       
PG08 -19931.555201  -7091.379373 -16395.271542   -160.417274  8  6  6  55       
PG09 -25444.242682   7470.337115  -2087.404203     48.138382  4  3  6  69       
PG10  10721.670173 -23703.486449  -4186.870938    -67.999957  3  6  4  61       
PG11  10036.170184  22742.811225   9447.192138   -527.307907  4  5  3  44       
PG12  13639.574939   6323.516238  21614.840142   -464.474651  8  3  5   4       
PG13  10477.498553  13444.291683 -20628.315522    612.538313  6  5  6  73       
PG14 -13509.830070  21444.549192  -7603.689049    289.564511  6  4  5  57       
PG15  20336.791107   5659.823526 -16731.012249    113.814069  7  5  6  74       
PG16  -2302.973278 -21606.320054 -15278.100532   -390.904849  5  2  4  74       
PG17 -18159.649996  12974.134057  14939.712601    720.636068  7  3  6  61       
PG18  14956.769604  -4911.950906 -21404.265419   -523.809032  8  4  6  67       
PG19  -9260.514177  14606.349451  19864.272094    421.900462  6  6  5  58       
PG20   1782.313410  25463.195346  -7603.164865    393.210780  5  3  6  63       
PG21 -20949.138489 -17033.295074   2663.857376    139.464001  4  5  5  68       
PG22 -10231.882026  24683.082633    576.500939     54.042866  2  2  3  68       
PG23  15316.057572 -15194.729826 -15345.179719    128.842856 10  7  5   2       
PG24  21456.297021  15219.610211   4621.985021   -407.330942  6  5  4  50       
PG25  16496.367471  -6844.803578  19236.671879    484.049385  5  3  6  57       
PG26   2147.273451 -25724.781530  -5495.215969    203.380189  4  3  3  95       
PG27  -7039.681424 -13937.231184 -21793.292502     -0.587575  5  7  6  78       
PG28   1411.214234 -18092.867710  19369.508420    -88.919174  4  5  7  51       
PG29  26244.551876  -4273.584393  -1204.876840   -609.119509  7  6  5  16       
PG30  -8356.312411  13838.552883 -20917.385079   -449.487191  5  3  4  61       
PG31  -6046.320868 -21744.432483  13459.919250   -227.093077  4  3  6  52       
PG32  14072.736655 -15094.842007  16791.622781   -602.410158  4  3  3  78       
*  2024  1  4 14 30  0.00000000
PG01 -21316.058535 -12075.015867  10337.848371    165.255021  7  3  5  59       
PG02 -22031.700982 -14634.664342   4057.611181   -505.801303  6  4  4  34       
PG03 -12917.148756  -7863.135716  21701.095896    103.049959  6  8  5  81       
PG04 -23666.897018  -2757.024568  11883.462784    257.408199  6  5  6  74       
PG05   7978.899253  18909.832190 -16984.933316   -156.705924  7  5  5  83       
PG06   -633.105822  17768.493674  19766.579940    456.118560  3  4     69       
PG07 -17890.916497   1703.280799 -19224.746595    -29.022642  3  3  1  85       
PG08 -18093.412589  -7746.239616 -18110.514175   -160.419166  8  6  6  69       
PG09 -25576.208927   7237.025390    757.387335     48.149213  4  3  6  42       
PG10  10740.546397 -23001.647527  -7007.829067    -68.001392  3  6  4  70       
PG11   9082.275649  21957.335673  11942.657730   -527.320893  4  5  3  71       
PG12  12746.796870   8677.933488  21350.966645   -464.478223  7  3  5  60       
PG13   8135.198181  13732.419894 -21467.102273    612.541557  6  5  6  52       
PG14 -13463.060361  20379.971412 -10186.944263    289.573847  6  4  4  44       
PG15  18619.951573   6542.706296 -18357.386598    113.817749  8  6  5  79       
PG16  -1530.912773 -23010.955440 -13082.215901   -390.897945  6  3  4  85       
PG17 -19673.381248  13088.288515  12702.327907    720.635482  7  2  5  76       
PG18  16540.769565  -3110.882811 -20576.697685   -523.817566  8  4  5  69       
PG19 -11497.693543  14778.434987  18504.292334    421.905168  5  7  5  76       
PG20   1447.165600  26149.544624  -4896.373254    393.209360  5  1  5  26       
PG21 -20897.729509 -17224.351379   -133.172798    139.463388  4  4  4  77       
PG22 -10393.198091  24466.199758  -2263.588499     54.036867     2  3  39       
PG23  14986.902942 -13344.237133 -17283.513471    128.849544 10  7  6  51       
PG24  21571.719454  15716.761817   1877.764529   -407.337712  6  5  5  70       
PG25  15995.026522  -4556.282659  20314.785949    484.050612  5  3  6  69       
PG26   2593.176026 -26102.763910  -2729.856866    203.377128  3  2  3  93       
PG27  -4667.684910 -14532.406077 -22005.550463     -0.591220  5  7  4  33       
PG28   3116.197194 -16566.706206  20500.798594    -88.928998  4  5  7  52       
PG29  26247.768313  -4060.204304   1670.331925   -609.119175  6  6  5  37       
PG30 -10079.027857  12095.298505 -21258.377111   -449.483077  5  3  4  61       
PG31  -4720.412409 -20639.504112  15571.317874   -227.093337  4  4  5  72       
PG32  15847.409681 -15358.015164  14815.927836   -602.412985  4  3  3  66       
*  2024  1  4 14 45  0.00000000
PG01 -21989.269027 -12911.048701   7695.912204    165.255711  7  4  5  57       
PG02 -22093.867867 -14954.137611   1222.877288   -505.796393  6  4  4  38       
PG03 -12334.731944 -10262.881318  21041.645486    103.073658  6  8  5  71       
PG04 -22286.843691  -3334.888883  14172.311892    257.417095  6  3  6  76       
PG05   7514.605496  20659.509244 -15016.728056   -156.707211  7  4  6  92       
PG06  -2365.403629  16238.503634  20930.262544    456.107106  3  4     69       
PG07 -19422.613369    118.070601 -17839.510665    -29.031255  3  3     73       
PG08 -16123.965120  -8553.962311 -19520.540686   -160.421080  8  6  6  79       
PG09 -25415.899548   6908.710262   3589.180475     48.160066  4  3  6  32       
PG10  10728.208733 -21992.607116  -9705.053781    -68.002803  4  6  4  67       
PG11   7898.969437  21029.872933  14233.368749   -527.333784  4  6  3  75       
PG12  11992.617099  11024.620174  20710.333043   -464.481519  7  3  5  49       
PG13   5737.732449  14159.564840 -21944.318915    612.545112  5  5  6  82       
PG14 -13397.689370  19040.700727 -12592.974138    289.583141  5  3  4  77       
PG15  16802.300249   7578.175379 -19681.468854    113.821239  8  6  5  56       
PG16   -909.918538 -24207.548228 -10660.048056   -390.891171  6  3  4  94       
PG17 -20926.456926  13221.731417  10252.802536    720.634425  7  2  5  72       
PG18  18137.354510  -1478.770574 -19395.983187   -523.826127  8  5  5  77       
PG19 -13552.735047  15034.716086  16817.314470    421.909762  4  6  5  76       
PG20   1164.473454  26542.573348  -2106.082933    393.207263  5  2  5  15       
PG21 -20609.524344 -17231.764431  -2927.995437    139.461610  4  4  4  66       
PG22 -10470.364413  23954.208059  -5065.186379     54.031075  2  2  3  76       
PG23  14719.063727 -11280.004114 -18921.859301    128.856113  9  7  6  68       
PG24  21468.599785  16015.791212   -898.112640   -407.344489  6  5  5  83       
PG25  15586.017761  -2146.256411  21031.020796    484.051779  5  3  5  32       
PG26   2974.136523 -26187.933469     83.475009    203.374050  3  2  4  97       
PG27  -2324.017550 -15255.794208 -21848.432639     -0.594854  4  7  4           
PG28   4980.091771 -15060.358603  21278.582353    -88.938827  4  4  7  60       
PG29  25946.989663  -3775.178220   4516.953903   -609.119141  5  6  5  68       
PG30 -11893.688233  10425.658687 -21229.161852   -449.478982  5  3  4  82       
PG31  -3179.725760 -19444.758078  17406.173214   -227.093633  4  4  5  72       
PG32  17381.923667 -15640.734801  12585.856558   -602.415769  4  4  3  77       
*  2024  1  4 15  0  0.00000000
PG01 -22475.390271 -13505.854138   4922.598200    165.256425  7  4  5  84       
PG02 -21906.690531 -15092.646858  -1632.512807   -505.791619  6  4  4  62       
PG03 -11901.479203 -12594.760961  20016.086470    103.097362  5  8  5  54       
PG04 -20707.213289  -4064.547420  16218.920763    257.425999  5  3  5  70       
PG05   7170.178848  22197.744564 -12791.927829   -156.708557  6  4  6  68       
PG06  -4266.439317  14738.542228  21735.262038    456.095719  4  4  2  82       
PG07 -20891.588174  -1271.549077 -16140.668125    -29.039623  3  3     64       
PG08 -14067.665444  -9518.382991 -20600.799632   -160.422984  8  6  6  83       
PG09 -24979.583888   6452.141234   6359.337949     48.170904  4  2  5  62       
PG10  10724.214032 -20687.874916 -12230.717934    -68.003812  4  6  4  45       
PG11   6485.584681  20002.566054  16280.059635   -527.346779  4  6  3  59       
PG12  11383.114933  13313.858529  19704.732390   -464.484780  7  3  5  40       
PG13   3333.262292  14724.134765 -22051.446787    612.548497  5  4  6   6       
PG14 -13349.658070  17444.414343 -14780.049526    289.592507  5  3  4  83       
PG15  14926.267559   8764.230869 -20681.863062    113.824726  8  6  5  69       
PG16   -418.257209 -25159.817836  -8052.501735   -390.884519  6  3  3  84       
PG17 -21901.908589  13336.571283   7631.391394    720.633642  7  3  4  69       
PG18  19702.883126    -35.459972 -17882.852193   -523.834637  7  5  5  75       
PG19 -15388.781066  15345.116959  14832.837510    421.914694  4  6  5  87       
PG20    898.706834  26633.108666    720.094484    393.205504  5  3  4  51       
PG21 -20063.682239 -17086.129824  -5674.910423    139.460688  4  4  3  69       
PG22 -10500.486517  23142.719801  -7780.227507     54.024970  3  3  3  70       
PG23  14541.991317  -9039.246377 -20232.163456    128.862691  9  6  6  43       
PG24  21125.763850  16144.367829  -3658.976645   -407.351265  6  5  5  74       
PG25  15288.155502    339.245862  21373.066233    484.053036  5  4  5  24       
PG26   3324.027809 -25971.981399   2895.321359    203.370958  2  3  4  84       
PG27    -53.605234 -16090.744664 -21323.253183     -0.598509  3  7  4  47       
PG28   6973.596996 -13612.288035  21689.412873    -88.948609  4  4  7  59       
PG29  25357.520543  -3383.167134   7286.228678   -609.118428  5  6  5  30       
PG30 -13765.130476   8861.734903 -20831.057375   -449.474834  5  3  4  68       
PG31  -1436.160267 -18204.095555  18932.211879   -227.093844  5  4  5  77       
PG32  18655.517462 -15905.641687  10139.072681   -602.418606  3  4  4  78       
*  2024  1  4 15 15  0.00000000
PG01 -22739.710119 -13879.823793   2065.645728    165.257112  7  5  5  52       
PG02 -21448.509734 -15081.073627  -4460.044507   -505.786360  6  4  4  63       
PG03 -11611.202648 -14809.303648  18642.766002    103.121116  5  7  4  56       
PG04 -18968.903954  -4960.153774  17988.133858    257.434869  5  3  5  73       
PG05   6919.700341  23489.966334 -10348.080360   -156.709781  6  4  6  66       
PG06  -6305.293525  13308.307892  22168.174405    456.084297  3  5  3  82       
PG07 -22254.541405  -2458.337957 -14159.941198    -29.048164  2  4     48       
PG08 -11970.122769 -10635.316884 -21332.095326   -160.424413  8  7  6  91       
PG09 -24291.173481   5838.372529   9020.174487     48.181684  4  2  5  54       
PG10  10765.977346 -19108.204404 -14540.015382    -68.005009  5  6  4  62       
PG11   4849.996700  18918.345535  18047.633335   -527.359739  3  6  4  70       
PG12  10916.001443  15496.653364  18352.491307   -464.488448  6  3  5  75       
PG13    969.378569  15416.406293 -21786.065768    612.551733  5  4  5  51       
PG14 -13351.876820  15616.707714 -16710.341191    289.601761  4  2  4  73       
PG15  13033.978193  10091.420810 -21342.288922    113.828260  8  6  5  82       
PG16    -28.250616 -25837.795876  -5304.196947   -390.877336  6  4  3  96       
PG17 -22591.004847  13393.340369   4881.500607    720.632767  7  3  4  62       
PG18  21192.102879   1207.547167 -16063.643363   -523.843120  6  5  5  88       
PG19 -16976.250095  15674.590108  12585.817116    421.919182  4  5  5  80       
PG20    613.462856  26420.495514   3534.019689    393.203990  5  5  3  48       
PG21 -19246.532032 -16821.914902  -8328.335418    139.459835  5  4  3  13       
PG22 -10521.228794  22036.150616 -10361.580519     54.019108  3  3  3  80       
PG23  14478.708525  -6664.865088 -21192.162022    128.869241  9  6  6  66       
PG24  20528.746598  16134.535117  -6358.830990   -407.358009  6  5  5  84       
PG25  15112.654564   2851.309094  21335.510937    484.054286  5  4  5  21       
PG26   3677.655907 -25455.317506   5656.085407    203.367854  2  4  5  94       
PG27   2101.934948 -17013.316503 -20437.428771     -0.602106  3  7  5           
PG28   9061.002456 -12255.940818  21726.179840    -88.958500  4  3  7  37       
PG29  24502.735152  -2852.750961   9930.646491   -609.117993  5  6  5  64       
PG30 -15653.825915   7429.235480 -20071.830649   -449.470711  5  4  4  85       
PG31    490.018181 -16960.050390  20122.877546   -227.093859  5  5  4  77       
PG32  19655.706292 -16113.394151   7517.204594   -602.421417  2  4  3  93       
*  2024  1  4 15 30  0.00000000
PG01 -22753.440275 -14060.349407   -826.261412    165.257830  6  5  5  84       
PG02 -20705.440352 -14954.478308  -7211.073110   -505.781314  6  3  4  67       
PG03 -11449.552367 -16860.078743  16946.062443    103.144853  4  6  4  46       
PG04 -17116.199641  -6028.108650  19449.465889    257.443744  4  4  5  75       
PG05   6731.956770  24508.378009  -7726.640858   -156.711213  6  4  6  54       
PG06  -8444.478956  11982.032311  22221.950049    456.072930  4  5  3  73       
PG07 -23469.579719  -3443.633493 -11933.593907    -29.056676  1  4  1  55       
PG08  -9876.521932 -11892.533544 -21700.956073   -160.425846  8  7  6  64       
PG09 -23381.283838   5044.090050  11525.779067     48.192512  3  3  5  66       
PG10  10887.102213 -17282.906889 -16592.027583    -68.005141  5  5  4  72       
PG11   3008.520576  17819.263994  19505.756358   -527.372665  3  7  4  72       
PG12  10580.855050  17526.501858  16678.082329   -464.492251  5  4  5  55       
PG13  -1308.505907  16218.812960 -21151.933351    612.555000  4  3  5  75       
PG14 -13432.807021  13590.238745 -18350.583583    289.611045  3  2  4  62       
PG15  11165.839809  11543.047348 -21651.801347    113.831931  7  6  5  68       
PG16    292.485668 -26219.042898  -2462.725208   -390.870643  6  4  3  95       
PG17 -22993.525113  13352.610259   2049.056455    720.631974  6  4  4  72       
PG18  22559.825845   2247.322870 -13969.831260   -523.851708  6  5  5  55       
PG19 -18293.846053  15984.619492  10116.007981    421.923955  4  5  5  89       
PG20    273.051915  25912.598089   6287.821366    393.202079  4  5  2  63       
PG21 -18152.307742 -16476.129767 -10843.468225    139.458866  5  4  3  67       
PG22 -10569.195626  20647.759656 -12763.879901     54.013307  4  4  3  51       
PG23  14544.859774  -4203.952398 -21785.743231    128.875824  8  5  6  74       
PG24  19670.388800  16021.336361  -8953.040572   -407.364778  5  5  5  95       
PG25  15062.707752   5339.898354  20919.899546    484.055536  5  4  5  29       
PG26   4069.157306 -24647.113615   8316.970834    203.364778  3  4  5  91       
PG27   4105.700786 -17993.088893 -19204.458042     -0.605704     6  6  90       
PG28  11201.392070 -11018.547274  21388.234231    -88.968350  5  3  7  62       
PG29  23413.186859  -2157.841356  12404.756370   -609.117830  5  6  5  59       
PG30 -17517.299349   6146.655592 -18965.500364   -449.466620  5  4  3  87       
PG31   2570.804331 -15752.111931  20957.806529   -227.094245  5  5  4  82       
PG32  20378.653810 -16224.310526   4765.163740   -602.424223  2  4  3  66       
*  2024  1  4 15 45  0.00000000
PG01 -22494.830486 -14080.552983  -3704.296875    165.258564  6  6  5  51       
PG02 -19672.134328 -14750.648087  -9837.652058   -505.776581  6  3  4  54       
PG03 -11394.714532 -18705.328066  14955.915099    103.168624  4  6  4  71       
PG04 -15195.172341  -7266.627434  20577.628161    257.452791  4  5  4  74       
PG05   6571.795523  25232.963345  -4972.300140   -156.712849  5  5  6  52       
PG06 -10641.212593  10787.269674  21895.987613    456.061552  4  5  4  84       
PG07 -24497.786094  -4236.977136  -9501.663515    -29.065432  2  4  2  54       
PG08  -7830.052579 -13270.041657 -21699.923287   -160.427306  7  7  6  46       
PG09 -22286.046746   4052.727456  13832.813713     48.203290  3  3  5  72       
PG10  11115.873858 -15248.822615 -18350.511253    -68.005764  6  5  4  29       
PG11    985.485945  16744.877455  20629.374350   -527.385631  3  7  5  71       
PG12  10359.695829  19361.059071  14711.618213   -464.495552  5  4  5  55       
PG13  -3458.689967  17106.539285 -20158.973418    612.558501  4  3  4  45       
PG14 -13615.233079  11403.604554 -19672.649713    289.620355  2  2  3  61       
PG15   9359.201173  13095.632621 -21604.950804    113.835674  7  5  5  72       
PG16    579.589272 -26289.595883    422.184362   -390.864079  5  4  4  69       
PG17 -23117.731233  13176.639329   -818.187929    720.631125  6  4  4  72       
PG18  23762.607606   3089.411973 -11637.474366   -523.860274  5  5  5  65       
PG19 -19329.234435  16234.880153   7467.202946    421.928635  5  5  5  87       
PG20   -155.946434  25125.493046   8934.683465    393.200372  3  6     69       
PG21 -16783.632864 -16086.881695 -13176.985217    139.457715  6  4  3  55       
PG22 -10678.329219  18999.358296 -14944.364750     54.007599  4  4  3  67       
PG23  14748.066751  -1706.144112 -22003.195526    128.882423  8  5  6  79       
PG24  18551.172938  15841.360827 -11398.977713   -407.371513  5  5  5  87       
PG25  15133.411737   7755.659366  20134.640039    484.056790  5  4  4  52       
PG26   4530.419396 -23565.002070  10830.912833    203.361698  2  5  5  92       
PG27   5926.751728 -18994.237951 -17643.806547     -0.609339     6  7  83       
PG28  13350.056885  -9920.175187  20681.400570    -88.978173  5  3  6  47       
PG29  22125.453249  -1278.893734  14665.944659   -609.117447  6  6  5  59       
PG30 -19311.662418   5024.754881 -17532.030377   -449.462573  5  5  3  84       
PG31   4771.397166 -14615.197198  21423.166372   -227.094366  5  5  3  67       
PG32  20829.217485 -16200.051681   1930.387831   -602.427032     4  4  80       
*  2024  1  4 16  0  0.00000000
PG01 -21950.017047 -13977.831206  -6520.266580    165.259210  6  6  5  65       
PG02 -18352.239864 -14508.516190 -12293.391415   -505.771717  7  3  4  55       
PG03 -11418.409093 -20309.413599  12707.258840    103.192395  3  5  4  71       
PG04 -13252.023331  -8665.625948  21352.972327    257.461702  4  5  4  79       
PG05   6401.648142  25652.210646  -2132.244791   -156.714212  5  5  6  43       
PG06 -12848.891780   9743.954839  21196.122418    456.050134  4  6  4  64       
PG07 -25304.652114  -4855.428515  -6907.161530    -29.073560  2  4  2  38       
PG08  -5870.405954 -14740.679400 -21327.753121   -160.428836  7  8  7  64       
PG09 -21045.717681   2855.325991  15901.274504     48.214100  4  4  5  71       
PG10  11473.980751 -13048.991984 -19784.587389    -68.006833  6  4  4  50       
PG11  -1187.495764  15730.734980  21399.139875   -527.398555  2  7  5  45       
PG12  10227.870181  20963.632072  12488.242986   -464.499318  4  4  5  46       
PG13  -5444.587617  18048.402450 -18823.171548    612.561815  4  4  3  38       
PG14 -13915.273141   9099.996352 -20654.027226    289.629697  1  3  3  55       
PG15   7647.122751  14719.630113 -21201.883478    113.839168  7  5  5  85       
PG16    870.339588 -26044.598905   3299.574652   -390.857157  5  4  4  67       
PG17 -22980.030561  12830.992250  -3671.402950    720.629947  5  4  4  37       
PG18  24760.366181   3747.406929  -9106.593625   -523.868775  4  5  5  74       
PG19 -20079.356959  16384.982850   4686.387617    421.933147  5  6  5  56       
PG20   -703.216091  24082.866751  11429.612870    393.198292  2  6  1  64       
PG21 -15151.724737 -15691.857811 -15287.770580    139.456888  6  4  3  41       
PG22 -10878.389043  17120.687600 -16863.706888     54.001499  4  3  3  54       
PG23  15087.612675    778.115451 -21841.339326    128.889020  7  5  6  74       
PG24  17179.292047  15631.261475 -13656.622946   -407.378252  5  5  5  94       
PG25  15312.039976  10051.677062  18994.768256    484.058080  5  4  5  61       
PG26   5089.592278 -22234.440014  13153.478482    203.358607  2  5  6  69       
PG27   7541.147227 -19976.847248 -15780.691554     -0.612928     4  7  63       
PG28  15460.062790  -8973.072264  19617.876409    -88.988029  6  4  6  25       
PG29  20680.759576   -203.870466  16675.170788   -609.116798  6  6  5  58       
PG30 -20993.200172   4066.348383 -15796.923508   -449.458495  5  5  3  37       
PG31   7051.417107 -13578.335504  21511.852977   -227.094568  5  5  3  63       
PG32  21020.660837 -16005.276771   -937.979471   -602.429844     4  4  69       
*  2024  1  4 16 15  0.00000000
PG01 -21113.581374 -13792.271044  -9227.347867    165.259970  6  6  6  66       
PG02 -16758.527003 -14266.511037 -14534.330867   -505.766748  7  4  5  66       
PG03 -11487.144290 -21644.026146  10239.376695    103.216172  2  5  4  72       
PG04 -11331.425750 -10206.930915  21761.843488    257.470614  3  6  4  81       
PG05   6183.164979  25763.524789    744.640052   -156.715848  5  5  6  64       
PG06 -15018.718554   8863.764028  20134.511170    456.038685  4  6  3  80       
PG07 -25861.322181  -5322.607051  -4195.264198    -29.082219  2  4  3  55       
PG08  -4032.396017 -16270.994501 -20589.522554   -160.431097  7  9  7  81       
PG09 -19703.131349   1451.102188  17695.200650     48.224779  4  4  4  74       
PG10  11975.519481 -10731.083497 -20869.315128    -68.007758  7  4  4  71       
PG11  -3472.544760  14807.034266  21801.745388   -527.411491  2  7  5  65       
PG12  10155.204661  22304.444277  10047.436689   -464.503008  3  4  5  62       
PG13  -7235.949238  19007.993175 -17166.374395    612.565061  4  4  2  70       
PG14 -14341.666901   6725.686447 -21278.188215    289.639018     3  3  63       
PG15   6057.299899  16380.360260 -20448.379380    113.842537  7  4  5  87       
PG16   1201.953812 -25488.581535   6118.227101   -390.850453  5  4  4  91       
PG17 -22604.334700  12286.069539  -6461.482583    720.629028  4  5  5  53       
PG18  25517.880735   4242.217183  -6420.492136   -523.877279  3  5  5  75       
PG19 -20550.372668  16396.228141   1822.831780    421.937569  5  6  5  69       
PG20  -1393.380474  22815.139515  13730.176661    393.196404  1  6  2  78       
PG21 -13276.297141 -15326.787117 -17137.667643    139.455734  7  5  3  72       
PG22 -11193.577847  15048.478340 -18486.808623     53.995988  4  3  3  47       
PG23  15554.464970   3199.328872 -21303.542767    128.895623  6  5  5  80       
PG24  15570.453566  15426.294569 -15689.118543   -407.385003  5  4  5  72       
PG25  15578.645603  12185.119268  17521.580552    484.059371  5  4  5  76       
PG26   5769.756539 -20687.765269  15243.714214    203.355484  2  5  6  88       
PG27   8932.733112 -20898.408837 -13645.762263     -0.616562     3  7  87       
PG28  17483.912970  -8181.322646  18216.020714    -88.997843  6  4  6           
PG29  19123.432328   1071.083687  18397.647473   -609.116437  7  6  4  60       
PG30 -22519.948913   3266.413680 -13790.726833   -449.454432  5  5  2  70       
PG31   9366.342675 -12663.617760  21223.546346   -227.094815  5  5  2  66       
PG32  20974.039519 -15609.204570  -3789.958261   -602.432684     5  4  48       
*  2024  1  4 16 30  0.00000000
PG01 -19988.805038 -13564.995450 -11780.786435    165.260767  6  6  6  64       
PG02 -14912.661714 -14060.900274 -16519.808288   -505.761800  7  5  5  39       
PG03 -11563.675597 -22689.110589   7595.184610    103.239980  2  5  4  78       
PG04  -9474.931139 -11864.809460  21796.835687    257.479526  3  6  4  81       
PG05   5878.897636  25573.307147   3608.612690   -156.716802  4  6  6  47       
PG06 -17101.411561   8149.800271  18729.415852    456.027233  4  6  3  66       
PG07 -26145.609723  -5667.508583  -1412.509595    -29.090870  2  4  4  61       
PG08  -2344.758746 -17822.386867 -19496.632623   -160.430934  6 10  8  92       
PG09 -18302.064742   -152.301280  19183.318069     48.235578  5  5  4  29       
PG10  12626.324786  -8345.645755 -21586.137640    -68.009738  7  4  5  52       
PG11  -5826.769553  13997.494564  21830.155774   -527.424425  2  7  5  74       
PG12  10107.377212  23361.622644   7432.252117   -464.506480  3  5  5  41       
PG13  -8809.853465  19945.037361 -15215.991655    612.568401  4  5  2  62       
PG14 -14895.367141   4328.407461 -21534.847815    289.648357     4  2  76       
PG15   4611.174940  18039.142412 -19355.825621    113.845964  7  4  5  79       
PG16   1609.863217 -24635.364381   8827.662507   -390.843642  4  4  5  86       
PG17 -22021.129781  11518.485557  -9139.883791    720.628512  4  5  4  79       
PG18  26006.114729   4601.062861  -3625.027060   -523.885856  2  5  5  53       
PG19 -20757.230633  16233.294621  -1072.859250    421.942244  5  5  5  71       
PG20  -2244.871584  21358.349415  15797.198687    393.194889     6  2  71       
PG21 -11185.147922 -15023.938228 -18692.239578    139.454828  7  6  3  71       
PG22 -11641.376305  12825.221698 -19783.548638     53.989832  5  2  3  60       
PG23  16131.632692   5510.653990 -20399.623888    128.902187  6  5  5  80       
PG24  13747.428121  15258.929296 -17463.273476   -407.391723  4  4  5  89       
PG25  15906.962856  14118.699678  15742.149004    484.060676  5  4  5  77       
PG26   6587.804652 -18962.983626  17064.919678    203.352381  2  5  6  87       
PG27  10093.639958 -21715.462385 -11274.672892     -0.620198     2  7  96       
PG28  19375.241121  -7540.830236  16500.034839    -89.007645  6  4  5   9       
PG29  17499.241429   2541.282111  19803.453144   -609.116353  7  6  4  62       
PG30 -23853.205105   2612.504868 -11548.460575   -449.450398  5  6  2  79       
PG31  11669.104152 -11885.449629  20564.629269   -227.094847  5  5  2  74       
PG32  20717.281898 -14987.014989  -6575.634976   -602.435479     5  4  29       
*  2024  1  4 16 45  0.00000000
PG01 -18587.617951 -13336.498187 -14138.546180    165.261567  6  6  6  89       
PG02 -12844.624589 -13924.198666 -18213.302083   -505.756916  7  6  5  69       
PG03 -11608.609509 -23433.475238   4820.463248    103.263777  1  5  4  66       
PG04  -7719.500642 -13606.799837  21456.944138    257.488389  2  5  4  66       
PG05   5453.962600  25096.696256   6409.947158   -156.718391  4  6  6  37       
PG06 -19048.941983   7596.613807  17004.890870    456.015781  4  5  2  60       
PG07 -26142.756330  -5923.149978   1393.984750    -29.099300  1  4  5  59       
PG08   -829.178486 -19352.475743 -18066.702599   -160.431858  6 10  8  77       
PG09 -16885.571288  -1938.894126  20339.604771     48.246412  5  5  4  75       
PG10  13423.651531  -5944.258049 -21923.191489    -68.010333  7  3  5  63       
PG11  -8203.720100  13318.490099  21483.736332   -527.437336  2  7  5  88       
PG12  10047.446258  24121.873172   4688.502456   -464.509973  3  5  5  52       
PG13 -10151.429903  20816.931027 -13004.600457    612.571620  4  5  2  67       
PG14 -15569.449202   1955.687419 -21420.109091    289.657730     4  2  63       
PG15   3323.269702  19654.588988 -17941.121244    113.849230  6  4  5  84       
PG16   2126.045950 -23507.588067  11379.150327   -390.836919  4  4  5  77       
PG17 -21266.286101  10512.235987 -11659.492168    720.628041  4  5  4  74       
PG18  26203.314957   4856.232305   -767.845106   -523.894431  2  5  5  58       
PG19 -20722.895841  15865.789534  -3949.709516    421.947113  5  5  5  66       
PG20  -3269.034703  19752.836865  17595.405684    393.193173     5  3  74       
PG21  -8913.429064 -14810.712973 -19921.522593    139.453509  7  6  3  79       
PG22 -12231.642212  10497.692782 -20729.453488     53.984045  5  2  4  70       
PG23  16794.842143   7669.500633 -19145.643646    128.908784  5  6  5  63       
PG24  11739.360323  15157.572381 -18950.018977   -407.398424  4  4  6  71       
PG25  16265.563498  15821.904226  13688.736084    484.061966  5  4  5  83       
PG26   7553.583965 -17102.339367  18585.329699    203.349313  2  5  6  57       
PG27  11024.467042 -22385.312099  -8707.548516     -0.623821  3  1  6  30       
PG28  21090.470222  -7039.628815  14499.541664    -89.017492  7  5  5  56       
PG29  15853.694276   4193.469166  20868.065239   -609.115713  7  6  3  50       
PG30 -24958.909106   2085.452397  -9108.983263   -449.446365  5  6  2  86       
PG31  13911.766713 -11250.133371  19547.976940   -227.095070  5  5  3  74       
PG32  20283.998190 -14121.030567  -9246.079401   -602.438296     5  4  75       
*  2024  1  4 17  0  0.00000000
PG01 -16930.246276 -13145.025204 -16261.908367    165.262332  6  6  6 109       
PG02 -10591.785761 -13883.709794 -19583.223396   -505.751659  7  6  5  72       
PG03 -11582.087920 -23875.065614   1963.051976    103.287613  2  5  4  72       
PG04  -6096.217346 -15394.813941  20747.609948    257.497237  2  5  4  63       
PG05   4877.618838  24356.975573   9099.819739   -156.719994  4  6  5  41       
PG06 -20816.229270   7190.555367  14990.378617    456.004293  5  5  1  80       
PG07 -25845.915560  -6125.097569   4177.272905    -29.107725  1  4  5  43       
PG08    500.416981 -20816.643244 -16323.350638   -160.432747  6 10  9  84       
PG09 -15494.351264  -3884.745898  21143.766548     48.257206  5  5  4  74       
PG10  14356.219343  -3577.657593 -21875.475222    -68.012050  7  3  5  27       
PG11 -10554.983145  12778.477363  20768.273566   -527.450289  3  7  5  78       
PG12   9937.473177  24580.823838   1863.918585   -464.513688  4  5  6  60       
PG13 -11254.281719  21580.393232 -10569.453687    612.574642  4  5  2  73       
PG14 -16349.339750   -346.794821 -20936.494043    289.667051     4  2  75       
PG15   2200.764371  21184.021845 -16226.509474    113.852729  6  3  5  74       
PG16   2777.492198 -22135.879814  13726.698649   -390.829854  4  4  5  74       
PG17 -20379.646706   9259.601216 -13975.497801    720.627600  4  6  4  74       
PG18  26095.846356   5043.651322   2102.406855   -523.902975  1  5  4  43       
PG19 -20477.265071  15269.597120  -6757.330075    421.952181  4  5  5  54       
PG20  -4469.502881  18041.778260  19094.013708    393.191331  2  4  3  85       
PG21  -6502.609110 -14708.397734 -20800.750567    139.452674  6  6  3  81       
PG22 -12966.020742   8115.282276 -21306.272275     53.978043  5  3  4  70       
PG23  17513.502035   9638.956362 -17563.595840    128.915441  4  6  5  73       
PG24   9580.865214  15145.448618 -20124.813746   -407.405130  4  3  6  58       
PG25  16619.215102  17271.936944  11398.127265    484.063287  5  4  4  82       
PG26   8669.337151 -15150.730199  19778.689046    203.346194  2  4  6  57       
PG27  11734.136944 -22867.755071  -5988.346639     -0.627511  5  3  6  73       
PG28  22590.372939  -6658.506123  12249.070321    -89.027359  7  5  4  38       
PG29  14230.347167   6006.128909  21572.804052   -609.115407  7  6  2  66       
PG30 -25808.853387   1660.317523  -6514.305988   -449.442306  5  6  2  69       
PG31  16047.233797 -10755.788389  18192.628449   -227.095084  5  5  3  79       
PG32  19712.064455 -13001.625862 -11754.256203   -602.441097  3  4  4  77       
*  2024  1  4 17 15  0.00000000
PG01 -15044.575681 -13025.056970 -18116.017580    165.263145  6  6  5  79       
PG02  -8197.663992 -13960.269047 -20603.633084   -505.746824  6  6  5  82       
PG03 -11445.486809 -24020.896224   -927.979929    103.311456  3  6  4  93       
PG04  -4629.229782 -17186.471382  19680.654722    257.506155  2  5  5  65       
PG05   4124.694302  23384.668355  11631.192291   -156.721406  4  6  5  45       
PG06 -22362.734031   6910.448103  12720.219646    455.992803  5  4  1  78       
PG07 -25256.353539  -6309.935863   6891.292417    -29.116341     5  6  27       
PG08   1638.260209 -22169.697395 -14295.858557   -160.433658  6 10  9  73       
PG09 -14165.222718  -5958.708833  21581.612967     48.267988  5  5  3  61       
PG10  15404.614381  -1293.921073 -21444.877242    -68.013409  7  3  5  30       
PG11 -12831.859911  12377.738561  19695.887793   -527.463101  3  6  5  85       
PG12   9740.171831  24743.028160   -992.705953   -464.517357  4  6  6  72       
PG13 -12120.587595  22193.175522  -7951.895781    612.578113  4  5  3  72       
PG14 -17213.353671  -2536.770925 -20092.862742    289.676409     4  2  89       
PG15   1243.341815  22584.965726 -14239.332914    113.856040  6  3  5  78       
PG16   3584.872969 -20557.689762  15827.996300   -390.823089  4  4  6  63       
PG17 -19403.445592   7761.740229 -16046.262569    720.626294  5  6  4  82       
PG18  25678.732188   5201.318598   4936.884437   -523.911574  2  5  4  65       
PG19 -20055.822624  14427.970265  -9446.847113    421.956540  4  5  5  56       
PG20  -5841.865732  16269.622463  20267.246246    393.189765  2  4  3  79       
PG21  -3999.151885 -14731.133298 -21311.026389    139.451648  6  5  3  92       
PG22 -13837.699845   5728.202730 -21502.433250     53.971976  4  3  5  73       
PG23  18251.918920  11388.989130 -15681.001402    128.922041  3  7  4  72       
PG24   7310.939844  15239.673415 -20967.997628   -407.411685  4  3  6  42       
PG25  16930.381505  18454.354755   8910.900664    484.064543  5  4  4  73       
PG26   9929.462421 -13154.034073  20624.708366    203.343103  2  4  6  61       
PG27  12239.418716 -23126.751089  -3164.121038     -0.631161  6  3  5  56       
PG28  23841.473503  -6371.916814   9787.455632    -89.037224  7  5  3  45       
PG29  12669.199433   7950.120313  21905.178141   -609.115328  7  6  3  81       
PG30 -26381.672509   1307.561374  -3808.868467   -449.438259  5  6  3  59       
PG31  18030.902901 -10392.605999  16523.353380   -227.095483  4  5  3  79       
PG32  19042.038271 -11627.823491 -14055.910294   -602.443900  4  4  4  73       
*  2024  1  4 17 30  0.00000000
PG01 -12965.253930 -13005.941847 -19670.372409    165.263993  6  5  4  75       
PG02  -5710.414026 -14167.249161 -21254.858480   -505.741955  6  6  5  92       
PG03 -11163.063586 -23886.647007  -3803.170294    103.335319  4  6  3 106       
PG04  -3334.968201 -18936.615541  18274.104197    257.515087  3  4  4  72       
PG05   3176.801334  22216.352959  13959.674159   -156.722398  5  7  5  75       
PG06 -23653.889214   6728.552352  10233.084625    455.981274  5  4  2  75       
PG07 -24383.368181  -6513.731690   9491.531803    -29.124793     5  6  36       
PG08   2586.825405 -23367.590867 -12018.721149   -160.434942  7 10  8 109       
PG09 -12929.753509  -8123.429851  21645.325442     48.278826  5  6  2  67       
PG10  16542.027226    863.225812 -20640.067016    -68.015440  7  3  5  54       
PG11 -14987.062846  12108.451500  18284.838186   -527.476036  3  6  5  87       
PG12   9420.519707  24621.636147  -3832.365565   -464.520841  5  6  6  66       
PG13 -12760.874302  22615.762399  -5196.691835    612.581209  4  5  3  67       
PG14 -18133.515997  -4576.802534 -18904.224522    289.685746     4  2  71       
PG15    443.308779  23816.669283 -12011.707399    113.859441  6  2  5  85       
PG16   4561.475020 -18815.845864  17645.279326   -390.816181  4  5  6  33       
PG17 -18380.615852   6028.940547 -17834.157943    720.625682  5  7  4  59       
PG18  24955.879971   5367.666336   7687.350003   -523.920177  2  5  3  66       
PG19 -19498.095998  13332.323353 -11971.780313    421.961465  3  5  5  60       
PG20  -7373.646594  14480.487618  21094.775989    393.187845  2  4  3  94       
PG21  -1452.950510 -14885.159652 -21439.912382    139.449607  5  5  3  68       
PG22 -14831.529796   3385.644521 -21313.363600     53.966257  4  4  5  74       
PG23  18970.714633  12897.383874 -13530.415741    128.928606  2  7  4  28       
PG24   4971.724628  15450.547976 -21465.091929   -407.418387  4  3  6  41       
PG25  17160.802136  19363.374501   6270.652636    484.065839  4  3  4  76       
PG26  11320.601298 -11157.418201  21109.393480    203.339877  3  4  6  46       
PG27  12564.131630 -23131.963260   -284.198268     -0.634834  6  3  5 102       
PG28  24817.237104  -6149.147863   7157.162933    -89.047116  7  5  3   7       
PG29  11205.232884   9989.616757  21859.123799   -609.114891  7  6  3  81       
PG30 -26663.580927    994.381633  -1038.789259   -449.434246  5  6  3  60       
PG31  19822.210240 -10143.420416  14570.128163   -227.095532  4  5  4  78       
PG32  18315.471080 -10007.548534 -16110.405275   -602.446717  5  4  4           
*  2024  1  4 17 45  0.00000000
PG01 -10732.564146 -13110.725226 -20899.259139    165.264830  5  5  4  92       
PG02  -3181.101304 -14509.879609 -21523.986401   -505.736714  6  5  5  85       
PG03 -10703.490487 -23495.943619  -6613.495375    103.359174  5  7  4  86       
PG04  -2221.665026 -20598.954380  16551.901989    257.524027  3  4  4  83       
PG05   2023.288804  20893.243983  16044.344116   -156.724289  5  7  5  76       
PG06 -24662.316482   6611.786709   7571.336229    455.969748  5  3  3  55       
PG07 -23243.937468  -6770.546194  11935.650622    -29.133200     5  6  49       
PG08   3356.578653 -24369.127124  -9531.083515   -160.435601  8  9  8 102       
PG09 -11813.108973 -10336.613663  21333.611181     48.289677  5  6  2  69       
PG10  17735.291902   2855.904397 -19476.257194    -68.017405  6  3  5  47       
PG11 -16976.367140  11955.083739  16559.222624   -527.488953  4  5  4  85       
PG12   8947.268811  24237.752047  -6606.673756   -464.524266  5  6  6  62       
PG13 -13193.463894  22812.995564  -2351.278463    612.584707  3  5  3  66       
PG14 -19076.635113  -6435.506296 -17391.446899    289.695011     4  3  69       
PG15   -214.003280  24841.600961  -9580.110871    113.862759  5  1  5  88       
PG16   5712.452112 -16956.890559  19146.096299   -390.809218  4  5  6  61       
PG17 -17353.055649   4080.503162 -19306.350723    720.624947  5  7  4  47       
PG18  23939.984849   5579.907761  10306.967017   -523.928745  3  5  3  70       
PG19 -18845.978618  11982.698112 -14288.854013    421.966254  3  6  5  19       
PG20  -9044.590958  12716.577478  21562.082936    393.186235  3  4  3  94       
PG21   1084.429134 -15168.383907 -21181.910751    139.448797  5  5  3  65       
PG22 -15924.509024   1133.961443 -20741.657424     53.960384  4  4  5  73       
PG23  19628.390500  14150.380452 -11148.858688    128.935127     7  4  54       
PG24   2607.153546  15781.101537 -21607.043758   -407.425062  4  3  6  55       
PG25  17273.086249  20001.849237   3523.197334    484.067103  4  3  4  79       
PG26  12822.047355  -9203.700124  21225.244192    203.336773  3  4  5  43       
PG27  12738.055883 -22860.101468   2600.718711     -0.638478  6  4  5  89       
PG28  25499.001087  -5955.690178   4403.550330    -89.056978  7  5  2  27       
PG29   9867.153891  12083.315437  21435.132895   -609.114501  6  6  4  93       
PG30 -26648.834464    686.164714   1748.898097   -449.430187  5  6  4           
PG31  21386.007412  -9984.565955  12367.537568   -227.096026  4  5  4  83       
PG32  17573.187456  -8157.527679 -17881.494931   -602.449574  6  4  4  59       
*  2024  1  4 18  0  0.00000000
PG01  -8391.106615 -13355.212857 -21782.126561    165.265672  5  6  5  89       
PG02   -661.835824 -14984.917682 -21405.211861   -505.731460  5  5  5  74       
PG03 -10041.216680 -22879.352148  -9311.182539    103.383045  6  7  4  86       
PG04  -1289.199300 -22127.763194  14543.516607    257.532901  3  4  4  83       
PG05    661.889085  19459.595171  17848.514085   -156.725484  5  7  5  79       
PG06 -25368.782422   6523.159404   4780.330057    455.958228  5  3  3  48       
PG07 -21862.114980  -7111.043063  14184.050797    -29.141798     5  6  62       
PG08   3965.402139 -25137.583929  -6876.073418   -160.436929  8  7  8  86       
PG09 -10833.161300 -12552.488583  20651.739066     48.300524  4  5  3  73       
PG10  18946.179143   4653.328235 -17974.847153    -68.019065  6  2  4           
PG11 -18760.154066  11895.096344  14548.576425   -527.501926  4  5  4  82       
PG12   8294.300171  23619.509563  -9268.661619   -464.527975  5  6  6  59       
PG13 -13443.612663  22755.555797    535.052503    612.587926  3  4  4  88       
PG14 -20005.584246  -8088.540143 -15580.869309    289.704292  2  5  3  79       
PG15   -749.564546  25626.865062  -6984.884868    113.866232  5  3  5  80       
PG16   7034.427494 -15029.273438  20303.950506   -390.802678  4  5  5  30       
PG17 -16359.924689   1944.256887 -20435.513516    720.624160  6  7  4  66       
PG18  22652.113750   5872.433574  12751.073081   -523.937297  3  5  2  25       
PG19 -18141.990388  10387.888816 -16358.726773    421.970983  2  6  5  71       
PG20 -10827.257823  11016.676130  21660.722281    393.184348  3  4  3  87       
PG21   3561.627171 -15570.307475 -20538.805298    139.448179  5  5  3  66       
PG22 -17086.620504   -985.033319 -19797.081701     53.954279  3  4  6  78       
PG23  20182.978215  15142.991813  -8577.177381    128.941666     8  4  57       
PG24    261.535920  16226.898339 -21390.410900   -407.431756  4  4  6  40       
PG25  17232.260065  20380.923733    715.756794    484.068350  4  3  4  68       
PG26  14406.455520  -7331.826894  20971.322591    203.333709  4  5  4  37       
PG27  12795.590698 -22296.006768   5439.501532     -0.642158  6  5  5  91       
PG28  25876.612343  -5754.762126   1574.081556    -89.066811  7  6  3  17       
PG29   8676.387899  14185.871399  20640.265256   -609.114058  6  5  5  94       
PG30 -26339.901530    347.998192   4507.011879   -449.426114  5  6  4           
PG31  22693.721755  -9886.980402   9954.116826   -227.095827  4  5  4  74       
PG32  16853.603507  -6102.834933 -19338.009302   -602.452379  6  4  5  37       
*  2024  1  4 18 15  0.00000000
PG01  -5988.332421 -13747.299725 -22303.899708    165.266565  6  7  5  60       
PG02   1796.153702 -15580.692835 -20900.026297   -505.726626  6  5  5  70       
PG03  -9157.609040 -22073.128833 -11850.492382    103.406947  6  7  5  96       
PG04   -529.272375 -23479.583349  12283.447001    257.541867  3  5  3  91       
PG05   -900.969569  17960.988132  19340.417277   -156.726824  6  7  5  93       
PG06 -25762.858499   6423.356141   1907.664595    455.946638  4  3  4  42       
PG07 -20268.197394  -7561.236545  16200.399012    -29.150251  1  5  6  45       
PG08   4437.711632 -25642.185598  -4100.039217   -160.437626  8  6  7 108       
PG09  -9999.896293 -14723.418175  19611.455866     48.311366  3  5  3  76       
PG10  20132.887736   6232.753011 -16162.960758    -68.021124  6  2  4  54       
PG11 -20304.786963  11899.930572  12287.375836   -527.514855  4  5  3  78       
PG12   7441.773429  22800.904665 -11773.532511   -464.531537  5  6  6  82       
PG13 -13542.372120  22421.240135   3412.023698    612.591254  2  5  4  86       
PG14 -20880.740883  -9519.315998 -13503.830006    289.713572  3  5  4  76       
PG15  -1189.717398  26145.483188  -4269.648141    113.869251  5  4  5  81       
PG16   8515.465210 -13081.480996  21098.801787   -390.795696  3  5  5  25       
PG17 -15436.045300   -344.286746 -21200.437201    720.623678  6  7  5  67       
PG18  21120.985183   6275.317701  14977.920461   -523.945869  4  4  2  55       
PG19 -17427.547155   8565.227648 -18146.628399    421.975658  1  6  5  45       
PG20 -12687.894381   9414.777611  21388.496405    393.182644  3  5  3  72       
PG21   5929.410510 -16072.332728 -19519.838153    139.447013  5  5  3  87       
PG22 -18281.985371  -2935.583664 -18496.415793     53.948581  3  5  6  58       
PG23  20593.714688  15878.993216  -5859.352908    128.948233  2  8  4  71       
PG24  -2021.884693  16776.119589 -20817.482731   -407.438455  4  4  6  61       
PG25  17007.209143  20519.390807  -2103.843710    484.069617  4  3  4  79       
PG26  16040.819293  -5575.531818  20353.194298    203.330640  4  5  4  43       
PG27  12774.213160 -21433.424492   8181.580285     -0.645838  5  5  5  94       
PG28  25948.746749  -5508.924823  -1282.496531    -89.076633  7  5  3  13       
PG29   7646.366435  16249.501625  19488.043943   -609.113664  5  5  5  94       
PG30 -25747.340587    -53.812958   7188.981537   -449.422050  4  6  5  32       
PG31  23724.261992  -9817.506617   7371.649384   -227.096180  4  5  4  78       
PG32  16191.155271  -3876.101294 -20454.439016   -602.455122  6  4  4           
*  2024  1  4 18 30  0.00000000
PG01  -3572.976706 -14286.588002 -22455.229775    165.267410  6  8  6  71       
PG02   4144.419177 -16277.527594 -20017.234726   -505.721619  5  6  4  55       
PG03  -8041.830305 -21117.773649 -14188.459452    103.430834  6  8  5  82       
PG04     74.091015 -24614.850492   9810.634143    257.550732  3  7  2  83       
PG05  -2650.200786  16442.576378  20493.804899   -156.728053  6  6  5  78       
PG06 -25843.259391   6272.424505   -997.608890    455.935146  3  4  4  34       
PG07 -18497.694297  -8141.417287  17952.100716    -29.158563  2  5  6  11       
PG08   4803.300395 -25859.360070  -1251.707562   -160.440049  8  5  6 100       
PG09  -9315.141260 -16801.595712  18230.783706     48.322238  4  5  4  33       
PG10  21251.671312   7580.100101 -14072.892684    -68.023302  5  2  4  44       
PG11 -21583.766793  11936.239654   9814.453886   -527.527823  5  5  3  58       
PG12   6377.031905  21820.433687 -14079.363726   -464.534775  6  5  7  76       
PG13 -13525.214631  21795.978913   6229.279011    612.594567  2  4  4  70       
PG14 -21661.528384 -10719.414810 -11196.115420    289.722896  3  5  4  72       
PG15  -1565.018779  26377.488013  -1480.624419    113.872961  5  6  5  78       
PG16  10135.409803 -11160.186919  21517.416305   -390.788916  3  5  5           
PG17 -14610.479917  -2743.109675 -21586.524222    720.623387  6  7  5  73       
PG18  19381.970519   6812.988895  16949.373219   -523.954456  4  4  2  55       
PG19 -16741.307417   6540.044753 -19622.896734    421.980555  2  6  5  59       
PG20 -14587.563784   7938.902541  20749.526348    393.181249  3  5  2  52       
PG21   8142.547229 -16648.450424 -18141.700152    139.445940  5  5  3  64       
PG22 -19470.284159  -4689.250421 -16863.126272     53.942556  3  5  6  73       
PG23  20822.677821  16370.585440  -3041.761947    128.954778  3  8  4  73       
PG24  -4202.347077  17409.922699 -19896.331883   -407.445155  5  4  5  59       
PG25  16571.964430  20442.780203  -4887.962324    484.070850  3  3  4  62       
PG26  17687.672767  -3962.219215  19382.749202    203.327568  4  5  3  62       
PG27  12712.801871 -20275.426599  10777.935888     -0.649523  5  6  6  39       
PG28  25722.898922  -5181.725545  -4116.997177    -89.086433  7  6  4  44       
PG29   6782.135354  18225.697391  17998.233975   -609.113275  5  4  5  91       
PG30 -24889.390654   -550.282060   9749.589925   -449.418006  4  6  5  45       
PG31  24464.641556  -9740.338813   4664.434428   -227.096329  4  5  4  87       
PG32  15614.903137  -1516.420565 -21211.404494   -602.457895  6  4  4  63       
*  2024  1  4 18 45  0.00000000
PG01  -1193.442711 -14964.309222 -22232.676797    165.268237  6  8  6  80       
PG02   6339.079352 -17048.519339 -18772.797792   -505.716726  5  6  4  19       
PG03  -6691.423427 -20056.443005 -16285.581927    103.454677  6  8  5  36       
PG04    543.735189 -25499.387782   7167.788247    257.559620  3  8  1  80       
PG05  -4562.448669  14947.356506  21288.437657   -156.729660  6  6  4  61       
PG06 -25617.846029   6031.491076  -3885.804800    455.923627  3  4  4  47       
PG07 -16590.135231  -8865.288072  19410.726464    -29.166998  3  4  6  47       
PG08   5095.955583 -25773.724861   1618.721643   -160.442068  7  6  6  99       
PG09  -8772.624759 -18740.754816  16533.702227     48.333111  4  5  5  47       
PG10  22258.534431   8690.236736 -11741.478574    -68.025475  5  3  4  39       
PG11 -22578.622356  11967.318137   7172.337927   -527.540763  5  5  3  59       
PG12   5095.233441  20719.589867 -16147.747851   -464.538453  6  5  7  42       
PG13 -13430.477339  20874.546708   8937.309047    612.597923  2  5  5  85       
PG14 -22308.000825 -11688.691137  -8697.342077    289.732233  4  6  4  43       
PG15  -1908.892488  26310.780462   1334.110496    113.876159  6  6  6  66       
PG16  11866.576189  -9308.504082  21553.558406   -390.782223  3  5  5           
PG17 -13905.350587  -5205.149689 -21586.144420    720.622628  7  7  6  59       
PG18  17475.852818   7503.118943  18631.550386   -523.963003  4  4  4  65       
PG19 -16117.659156   4344.829805 -20763.409762    421.985263  2  6  5  57       
PG20 -16483.485905   6610.147458  19754.219316    393.179977  3  5  2  69       
PG21  10161.542859 -17266.288237 -16428.320675    139.445002  5  5  3  69       
PG22 -20608.382303  -6225.857564 -14926.885187     53.937051  3  5  6  70       
PG23  20836.322125  16637.746745   -172.404850    128.961346  5  8  3  39       
PG24  -6242.916223  18103.071598 -18640.790614   -407.451855  5  4  5  57       
PG25  15906.788096  20182.219960  -7589.898681    484.072106  3  3  4  59       
PG26  19306.466273  -2512.116811  18077.910686    203.324536  4  5  3  69       
PG27  12649.897485 -18834.459256  13182.074798     -0.653315  4  6  6  60       
PG28  25215.043388  -4739.304643  -6880.642765    -89.096278  7  5  4  35       
PG29   6080.300325  20066.978329  16196.507400   -609.113321  5  3  5  71       
PG30 -23791.291401  -1168.381630  12145.689414   -449.413992  4  6  5  56       
PG31  24910.303069  -9618.556634   1878.537130   -227.096468  4  4  4  64       
PG32  15147.370417    932.003249 -21595.999919   -602.460704  6  4  3  29       
*  2024  1  4 19  0  0.00000000
PG01   1103.810001 -15763.556842 -21638.820978    165.269084  7  7  6  76       
PG02   8342.411163 -17860.648685 -17189.501589   -505.711640  5  7  4  47       
PG03  -5112.581781 -18933.281079 -18106.451667    103.478554  6  8  5  11       
PG04    908.290876 -26105.704554   4400.643306    257.568461  3  8  2  82       
PG05  -6606.812928  13514.537488  21710.460851   -156.731085  6  5  4  85       
PG06 -25103.291984   5664.445787  -6707.437557    455.912242  3  5  4  53       
PG07 -14587.752621  -9739.335224  20552.391125    -29.175611  3  4  6  61       
PG08   5351.904292 -25378.756984   4460.522711   -160.444160  7  7  5  92       
PG09  -8358.365425 -20497.828791  14549.721311     48.343994  4  5  5  63       
PG10  23110.931127   9566.909643  -9209.404551    -68.027462  5  3  5  35       
PG11 -23279.500311  11954.673172   4406.519800   -527.553723  4  6  3  50       
PG12   3599.687705  19541.274925 -17944.368131   -464.542088  6  6  7  86       
PG13 -13297.686957  19660.933378  11488.375197    612.601423  3  4  5  76       
PG14 -22782.411101 -12435.066078  -6050.281741    289.741553  4  6  4  20       
PG15  -2256.139461  25941.707938   4125.453486    113.879400  6  6  6  82       
PG16  13674.755235  -7564.412860  21208.024637   -390.775520  3  4  5  34       
PG17 -13334.956124  -7679.989138 -21198.839104    720.621557  7  7  6  63       
PG18  15447.388229   8355.770619  19995.405070   -523.971506  4  4  4  62       
PG19 -15585.401971   2018.132550 -21549.911329    421.989829  3  6  6  44       
PG20 -18330.542396   5442.004422  18419.130189    393.178072  3  5  2   7       
PG21  11954.149488 -17888.479306 -14410.451890    139.443986  5  6  4  65       
PG22 -21652.086243  -7534.083231 -12722.945960     53.931146  2  5  6  71       
PG23  20606.857056  16707.299491   2699.888249    128.967910  5  8  4  19       
PG24  -8111.706738  18824.822973 -17070.345481   -407.458671  5  4  4  55       
PG25  14999.023865  19773.116596 -10164.614766    484.073344  2  3  4  44       
PG26  20855.058867  -1237.723425  16462.244289    203.321507  4  5  2  74       
PG27  12621.976537 -17132.008900  15350.959439     -0.657016  4  7  7  62       
PG28  24448.980994  -4151.902948  -9525.904753    -89.106119  6  5  4  39       
PG29   5529.312121  21728.619457  14113.999979   -609.112821  4  3  5  71       
PG30 -22484.358530  -1929.838602  14336.883557   -449.409917  4  6  5  50       
PG31  25065.138478  -9415.688991   -938.966757   -227.096610  4  4  3  73       
PG32  14803.663591   3421.410510 -21602.005483   -602.463480  6  4  2  46       
*  2024  1  4 19 15  0.00000000
PG01   3275.818782 -16659.825907 -20682.297942    165.269937  7  6  6  37       
PG02  10124.173910 -18676.163471 -15296.465195   -505.706475  6  7  4  62       
PG03  -3320.096291 -17791.731570 -19620.317127    103.502387  5  7  5  15       
PG04   1200.860226 -26414.048125   1557.152454    257.577302  3  8  3  86       
PG05  -8745.881829  12178.074895  21752.654806   -156.732164  6  5  3  55       
PG06 -24324.424403   5139.528680  -9414.058790    455.900787  4  5  5  59       
PG07 -12534.082078 -10762.454867  21358.085897    -29.184185  4  4  6  24       
PG08   5608.154965 -24677.115404   7223.411611   -160.446285  6  7  4  95       
PG09  -8051.373698 -22034.493194  12313.352643     48.354836  5  5  5  64       
PG10  23769.401085  10222.342445  -6520.471410    -68.028937  5  4  5  47       
PG11 -23685.431638  11859.676332   1564.671016   -527.566664  5  6  3  46       
PG12   1901.891178  18328.183696 -19439.503600   -464.545306  6  6  6  74       
PG13 -13165.834427  18168.355359  13837.411199    612.604667  3  4  5  80       
PG14 -23050.703415 -12974.018848  -3300.140868    289.750930  4  6  5  50       
PG15  -2641.362870  25275.330380   6844.157977    113.883128  6  6  6  75       
PG16  15520.486652  -5959.430075  20488.525493   -390.768981  2  4  5  57       
PG17 -12905.229182 -10115.698016 -20431.364031    720.621353  7  7  6  62       
PG18  13343.722494   9372.839306  21017.229928   -523.980010  3  5  5  74       
PG19 -15166.670367   -396.751741 -21970.231232    421.994783  4  7  6  48       
PG20 -20082.890378   4439.978689  16766.716589    393.176495  3  5  2  25       
PG21  13496.567514 -18474.289599 -12125.052834    139.442872  6  6  4  84       
PG22 -22557.950321  -8611.671703 -10291.396413     53.925065  2  5  6  46       
PG23  20113.416935  16611.727515   5526.261677    128.974440  6  8  4  55       
PG24  -9782.939972  19540.044065 -15209.943938   -407.465414  6  4  4  83       
PG25  13843.685796  19253.704881 -12569.411799    484.074573  2  3  4  20       
PG26  22291.267904   -143.567069  14564.478073    203.318495  4  5  2  82       
PG27  12661.815477 -15197.898058  17245.868436     -0.660690  3  7  7  44       
PG28  23455.396577  -3395.210631 -12007.319899    -89.115959  6  6  5  32       
PG29   5110.080566  23170.283185  11786.767078   -609.112460  4  3  5  73       
PG30 -21004.848255  -2850.127379  16286.166447   -449.405818  4  6  5  40       
PG31  24941.210002  -9097.250400  -3740.741735   -227.096881  4  4  3  63       
PG32  14590.909026   5902.177729 -21229.965214   -602.466315  5  4  2  54       
*  2024  1  4 19 30  0.00000000
PG01   5284.558625 -17621.846759 -19377.752695    165.270767  7  5  5  56       
PG02  11662.607814 -19454.173552 -13128.502219   -505.701654  6  7  4  89       
PG03  -1336.981953 -16672.891743 -20801.572545    103.526215  5  7  5  84       
PG04   1457.521952 -26413.166092  -1313.360728    257.586200  4  9  4  71       
PG05 -10937.031128  10965.429756  21414.555564   -156.732956  6  4  2  67       
PG06 -23313.262997   4430.757371 -11959.083842    455.889351  5  6  5  55       
PG07 -10472.523688 -11925.846463  21813.962218    -29.192401  4  4  5  50       
PG08   5900.805409 -23680.600098   9858.509683   -160.448763  5  6  4  74       
PG09  -7824.637512 -23318.530842   9863.490540     48.365722  5  4  4  65       
PG10  24199.082982  10676.519289  -3720.828090    -68.029969  5  4  5  50       
PG11 -23804.263726  11645.230963  -1304.183359   -527.579608  5  6  3  46       
PG12     21.261481  17121.219422 -20608.460842   -464.548872  7  6  7  54       
PG13 -13071.671730  16418.902810  15942.880896    612.608155  3  4  5  83       
PG14 -23083.874549 -13327.798157   -493.805723    289.760238  5  6  5  51       
PG15  -3097.371696  24325.352501   9441.760078    113.886416  5  5  6  77       
PG16  17360.540008  -4517.569742  19409.425223   -390.761967  2  3  5  68       
PG17 -12613.559556 -12460.750863 -19297.567622    720.620686  7  7  6  73       
PG18  11212.720838  10547.811681  21679.080101   -523.988524  3  6  5  82       
PG19 -14876.133464  -2853.259593 -22018.402342    421.999549  5  7  6  52       
PG20 -21695.624009   3601.521163  14824.988879    393.175282  2  5  3  28       
PG21  14774.274934 -18981.426007  -9614.489653    139.441699  6  6  4  72       
PG22 -23285.053094  -9465.261422  -7676.312623     53.918878  2  5  6  70       
PG23  19342.979039  16387.789154   8258.637284    128.981020  6  8  5  52       
PG24 -11237.792494  20210.528434 -13089.707012   -407.472134  6  4  3  60       
PG25  12443.768974  18663.520570 -14764.557954    484.075792  2  3  4  11       
PG26  23574.415475    773.723948  12417.947694    203.315503  4  4  2  90       
PG27  12797.018120 -13069.240010  18833.162788     -0.664328  1  7  8  49       
PG28  22270.664923  -2451.504878 -14282.268781    -89.125811  6  6  5  36       
PG29   4796.892697  24357.491818   9255.148634   -609.112018  4  3  5  46       
PG30 -19392.651725  -3937.697342  17960.512411   -449.401776  4  6  5   5       
PG31  24558.186890  -8632.195229  -6479.929955   -227.097063  4  4  3  78       
PG32  14508.026853   8324.576678 -20487.131312   -602.469079  4  5  2  34       
*  2024  1  4 19 45  0.00000000
PG01   7098.218320 -18612.689749 -17745.706936    165.271502  7  4  5  91       
PG02  12945.065489 -20152.381695 -10725.358185   -505.696680  7  7  4  77       
PG03    806.202491 -15613.968743 -21630.167733    103.550049  5  7  5  46       
PG04   1715.716639 -26100.748022  -4161.078673    257.595096  4  9  4  95       
PG05 -13133.935885   9896.601931  20702.444128   -156.734267  6  4  2  53       
PG06 -22107.792170   3519.138973 -14298.593806    455.877907  5  6  4  37       
PG07  -8444.909146 -13213.179008  21911.565548    -29.201188  4  4  5  81       
PG08   6263.390623 -22409.748139  12319.279663   -160.450334  4  6  4  87       
PG09  -7646.351531 -24324.965772   7242.714381     48.376605  5  3  4  76       
PG10  24371.050872  10956.188013   -858.188066    -68.031504  6  4  5  72       
PG11 -23652.260362  11277.389201  -4150.517438   -527.592537  5  6  3  45       
PG12  -2015.417424  15957.995126 -21431.930100   -464.552143  7  6  7  85       
PG13 -13048.103092  14442.834114  17767.571412    612.611345  4  4  5  63       
PG14 -22859.153410 -13524.384610   2320.935353    289.769541  5  7  4  53       
PG15  -3653.630803  23113.714218  11871.526404    113.890017  5  5  6  65       
PG16  19149.537369  -3254.631780  17991.353938   -390.755127  1  3  5  68       
PG17 -12448.992295 -14665.932691 -17818.106774    720.619555  7  8  6  66       
PG18   9101.273237  11865.853308  21969.105493   -523.997012  3  6  5  73       
PG19 -14720.495258  -5303.142954 -21694.678861    422.004365  6  7  6  43       
PG20 -23126.420303   2916.280426  12627.058449    393.173350  2  6  4  55       
PG21  15782.439350 -19367.934933  -6925.578666    139.440954  6  5  4  53       
PG22 -23796.664592 -10109.842824  -4924.840166     53.912928  2  5  6  63       
PG23  18290.995547  16074.978073  10850.504861    128.987614  7  8  5  60       
PG24 -12464.998815  20796.467103 -10744.543409   -407.478877  6  3  2  77       
PG25  10810.275045  18041.850411 -16713.862969    484.077040  1  3  4  59       
PG26  24666.813359   1525.046278  10059.979482    203.312495  4  4  2  85       
PG27  13048.772116 -10789.097698  20084.937335     -0.667970  2  8  8  61       
PG28  20935.451662  -1310.531998 -16311.703409    -89.135662  6  6  5  37       
PG29   4558.598197  25262.882030   6563.054965   -609.111659  5  3  6  77       
PG30 -17689.865936  -5193.463399  19331.408980   -449.397675  4  6  5  75       
PG31  23942.521994  -7994.239367  -9110.867548   -227.097097  4  4  3  55       
PG32  14545.847929  10640.529065 -19387.279442   -602.471859  3  5  3  43       
*  2024  1  4 20  0  0.00000000
PG01   8692.263560 -19591.107939 -15812.334553    165.272307  7  4  5  62       
PG02  13968.253932 -20728.870455  -8130.849652   -505.691649  7  6  3  81       
PG03   3072.317359 -14646.894282 -22091.933530    103.573909  5  7  5  72       
PG04   2012.577382 -25483.528305  -6936.576897    257.603998  5  9  5  81       
PG05 -15288.233360   8983.475915  19629.205840   -156.735340  5  5  2  53       
PG06 -20750.511887   2393.617857 -16392.099244    455.866468  6  6  4  60       
PG07  -6490.120120 -14601.027994  21648.015769    -29.209521  4  4  4  42       
PG08   6725.342040 -20893.083812  14562.410812   -160.452114  4  5  5  93       
PG09  -7481.339709 -25036.922106   4496.526578     48.387499  5  3  4  61       
PG10  24263.427443  11093.625169   2018.958885    -68.032621  6  5  5  65       
PG11 -23253.384982  10726.854454  -6925.168453   -527.605507  6  6  3  55       
PG12  -4174.818239  14871.472800 -21896.263998   -464.555563  7  7  7  82       
PG13 -13122.739344  12277.544955  19279.302397    612.614566  4  4  5  70       
PG14 -22360.955218 -13596.244207   5096.180999    289.778820  5  6  5  58       
PG15  -4334.826766  21669.846557  14089.399671    113.893140  5  4  6  78       
PG16  20841.647420  -2177.838847  16260.709030   -390.748393  1  3  5  64       
PG17 -12392.790924 -16686.149557 -16020.008592    720.619207  7  8  6  63       
PG18   7053.638628  13304.224813  21881.785266   -524.005539  2  6  6  71       
PG19 -14698.308135  -7698.100681 -21005.460829    422.009006  7  8  7  60       
PG20 -24337.105141   2366.666584  10210.589797    393.171458  2  5  4  42       
PG21  16525.891761 -19594.095246  -4108.507604    139.439348  6  5  4  71       
PG22 -24061.733163 -10567.877211  -2086.230682     53.906811  2  5  6  81       
PG23  16961.715383  15713.889472  13257.688683    128.994207  7  8  6  81       
PG24 -13461.178332  21258.024253  -8213.662287   -407.485603  6  3     40       
PG25   8961.954765  17426.213029 -18385.196624    484.078294  1  2  4  64       
PG26  25535.132111   2128.163572   7531.224635    203.309448  4  4  2  66       
PG27  13430.888974  -8404.906193  20979.541044     -0.671609  3  8  8  45       
PG28  19493.163387     29.900370 -18060.811835    -89.145488  6  6  5  25       
PG29   4360.014331  25867.191800   3757.187152   -609.111355  5  3  6  65       
PG30 -15939.291953  -6610.579283  20375.326385   -449.393597  4  6  5  63       
PG31  23126.400051  -7163.004292 -11589.773296   -227.097418  4  5  3  80       
PG32  14687.565117  12805.286406 -17950.402511   -602.474685  3  5  4  49       
*  2024  1  4 20 15  0.00000000
PG01  10050.243856 -20513.075125 -13609.140830    165.273103  7  5  4  93       
PG02  14738.084302 -21143.864146  -5391.933515   -505.686618  6  5  3  90       
PG03   5418.853054 -13797.148147 -22178.818743    103.597723  5  7  5  76       
PG04   2383.273298 -24577.045788  -9591.704215    257.612887  5  8  5  94       
PG05 -17351.269205   8229.503432  18214.064657   -156.736696  5  5  2   8       
PG06 -19286.821724   1051.720303 -18203.251952    455.855046  6  6  5  70       
PG07  -4642.802796 -16059.573808  21026.129663    -29.217874  4  4  4  36       
PG08   7310.624518 -19166.055411  16548.631700   -160.453996  3  5  4  83       
PG09  -7292.613348 -25446.175058   1672.541244     48.398404  5  2  4  62       
PG10  23862.237147  11125.212388   4862.128405    -68.033393  6  5  5  59       
PG11 -22638.295122   9970.309477  -9580.196091   -527.618462  6  6  3  44       
PG12  -6418.132202  13888.787035 -21993.677541   -464.559014  7  7  7  88       
PG13 -13316.677336   9966.253723  20451.534176    612.618122  4  4  5  44       
PG14 -21581.575019 -13578.920356   7784.705742    289.788144  5  6  4  52       
PG15  -5159.616298  20029.616293  16054.915820    113.897004  5  4  5  61       
PG16  22392.280761  -1285.825691  14249.064610   -390.741948  2  3  5  72       
PG17 -12419.338342 -18482.064382 -13936.091956    720.618364  7  8  6  86       
PG18   5109.890872  14833.013908  21418.058578   -524.014093  2  6  6  72       
PG19 -14800.101151  -9991.399401 -19963.130557    422.014137  7  8  7           
PG20 -25295.077495   1928.706752   7617.164144    393.169792  2  5  5  44       
PG21  17018.666808 -19624.210140  -1215.676605    139.438945  5  4  3  65       
PG22 -24056.131173 -10868.122919    789.138469     53.900837  2  5  6  36       
PG23  15368.183083  15344.552681  15439.079151    129.000763  7  8  6  74       
PG24 -14230.865435  21556.959548  -5539.984521   -407.492356  6  2     61       
PG25   6924.778507  16850.922288 -19750.948702    484.079519  1  2  4  76       
PG26  26151.605684   2606.795431   4874.957158    203.306391  4  4  3  79       
PG27  13949.168195  -5966.728646  21501.954503     -0.675185  4  7  8  72       
PG28  17988.306901   1563.644061 -19499.608857    -89.155334  6  6  5  67       
PG29   4163.493558  26159.940739    886.207020   -609.111394  5  3  6  79       
PG30 -14182.913981  -8174.503743  21074.117033   -449.389495  4  6  5  61       
PG31  22146.496251  -6124.945081 -13875.403909   -227.097608  4  5  3  65       
PG32  14909.496265  14778.969177 -16202.293102   -602.477450  3  5  4  73       
*  2024  1  4 20 30  0.00000000
PG01  11164.307350 -21333.467542 -11172.542159    165.273883  7  5  4  90       
PG02  15269.145768 -21361.388766  -2557.735758   -505.681768  6  5  2  75       
PG03   7799.346359 -13082.833710 -21889.035044    103.621519  5  7  5  84       
PG04   2859.432917 -23405.069722 -12080.438742    257.621717  5  8  5  81       
PG05 -19275.856334   7629.732799  16482.200010   -156.737661  4  6  2  54       
PG06 -17763.299506   -500.131656 -19700.491567    455.843678  7  6  5  82       
PG07  -2932.222243 -17553.544465  20054.479684    -29.226491  4  4  4  33       
PG08   8036.608923 -17269.705271  18243.431794   -160.456605  3  5  4  76       
PG09  -7043.001692 -25553.373862  -1180.360462     48.409247  5  2  4  83       
PG10  23161.972119  11089.878725   7623.606910    -68.035374  7  5  5  66       
PG11 -21843.087479   8991.516926 -12069.721405   -527.631415  7  6  2  48       
PG12  -8702.332908  13030.293395 -21722.368169   -464.562368  7  6  7  98       
PG13 -13643.556447   7556.457665  21263.860468    612.621436  4  5  5  60       
PG14 -20521.594697 -13509.517512  10340.737436    289.797443  5  6  4  60       
PG15  -6139.618042  18233.998456  17732.065161    113.900363  5  4  5  40       
PG16  23759.719166   -568.970401  11992.508340   -390.735212  2  3  5  70       
PG17 -12497.331974 -20021.487934 -11604.267549    720.617349  7  8  5  56       
PG18   3304.526212  16416.158321  20585.346957   -524.022642  2  6  6  61       
PG19 -15008.813805 -12139.427125 -18585.806981    422.018612  8  8  7  74       
PG20 -25974.534607   1573.159934   4891.564555    393.168199  2  5  5  50       
PG21  17283.139097 -19428.209809   1699.496316    139.437675  5  4  3  55       
PG22 -23763.612047 -11044.226877   3650.735160     53.894761  3  5  5           
PG23  13531.913452  15004.792523  17357.318824    129.007329  7  8  6  75       
PG24 -14786.232419  21658.233850  -2769.455609   -407.499112  6  2     47       
PG25   4731.153876  16345.781309 -20788.428272    484.080774  1  2  4  76       
PG26  26495.030128   2989.491635   2136.347471    203.303351  4  4  4  86       
PG27  14601.110385  -3525.422401  21644.018251     -0.678765  5  7  8  80       
PG28  16464.820662   3276.255220 -20603.443319    -89.165160  6  6  5   5       
PG29   3930.590586  26139.777536  -2000.127009   -609.111123  5  4  6  74       
PG30 -12460.413892  -9863.359765  21415.338660   -449.385374  4  6  5  72       
PG31  21042.589120  -4874.031251 -15929.670757   -227.097900  4  5  3  21       
PG32  15182.123828  16527.906477 -14174.026852   -602.480246  4  4  4  75       
*  2024  1  4 20 45  0.00000000
PG01  12035.396652 -22007.829744  -8543.344948    165.274654  7  6  3  68       
PG02  15583.836858 -21350.760378    321.431786   -505.676692  6  4  2  90       
PG03  10164.951669 -12514.039864 -21227.107039    103.645348  5  7  5  78       
PG04   3467.711175 -21998.715192 -14359.702950    257.630569  5  8  5  51       
PG05 -21017.976122   7171.180403  14464.256478   -156.738636  4  6  3  63       
PG06 -16225.940603  -2246.652338 -20857.614564    455.832282  7  6  5  77       
PG07  -1381.297726 -19043.377743  18747.382207    -29.234741  5  4  3  67       
PG08   8913.226958 -15249.131031  19617.676324   -160.460233  3  5  4  76       
PG09  -6696.789561 -25367.929651  -4012.891962     48.420110  5  3  4  89       
PG10  22165.854215  11027.466883  10257.191939    -68.036969  7  5  5  73       
PG11 -20907.842938   7782.148176 -14350.729793   -527.644325  7  5  2  58       
PG12 -10981.598790  12308.874469 -21086.554739   -464.565616  7  6  6  97       
PG13 -14108.931864   5098.224204  21702.374745    612.624842  4  5  5  24       
PG14 -19189.988022 -13425.133400  12720.712085    289.806746  5  6  4  73       
PG15  -7278.698628  16327.530429  19090.070249    113.903850  5  4  5  32       
PG16  24906.617307    -10.043569   9530.924760   -390.728432  3  4  5  77       
PG17 -12591.216357 -21280.467768  -9066.738755    720.616530  7  8  4  81       
PG18   1665.286525  18012.723139  19397.465306   -524.031177  3  6  5  65       
PG19 -15300.516097 -14103.126407 -16897.023885    422.023401  8  8  6  75       
PG20 -26357.448002   1266.848196   2080.994744    393.166535  3  4  5  52       
PG21  17348.807438 -18982.989957   4583.760764    139.436424  5  4  3  24       
PG22 -23176.446031 -11133.147927   6448.810434     53.889122  3  4  5  42       
PG23  11482.252453  14728.680989  18979.432507    129.013917  6  8  6  69       
PG24 -15146.507024  21531.532043     49.732767   -407.505885  6  1     47       
PG25   2418.917145  15934.950919 -21480.200190    484.082042  2  2  4  56       
PG26  26551.523227   3308.336540   -638.277294    203.300290  4  4  4  82       
PG27  15375.987472  -1130.794559  21404.510800     -0.682344  5  7  8  44       
PG28  14964.442337   5145.361789 -21353.413994    -89.174980  5  6  5  33       
PG29   3623.761618  25814.481436  -4851.841380   -609.110876  5  4  6  83       
PG30 -10807.775150 -11648.576800  21392.495106   -449.381286  4  6  5  65       
PG31  19856.075920  -3412.157429 -17718.213239   -227.098022  4  5  4  88       
PG32  15471.365553  18025.726869 -11901.360591   -602.483008  4  3  4  67       
*  2024  1  4 21  0  0.00000000
PG01  12673.109767 -22494.158898  -5766.124888    165.275468  7  5  3  87       
PG02  15711.202046 -21087.843330   3195.040262   -505.671686  5  4  1  91       
PG03  12466.111009 -12092.513918 -20203.825416    103.669103  5  7  5  99       
PG04   4228.557662 -20395.283683 -16390.122081    257.639393  6  7  5  59       
PG05 -22538.354886   6833.525587  12195.758653   -156.739754  4  5  3  45       
PG06 -14718.426076  -4164.072241 -21654.254231    455.820908  7  6  5  69       
PG07     -5.856402 -20486.569870  17124.807651    -29.243404  5  4  3  50       
PG08   9942.441591 -13151.804421  20648.102663   -160.461379  4  5  4  91       
PG09  -6221.296796 -24907.574748  -6776.223498     48.430975  5  3  4  82       
PG10  20885.786977  10977.082466  12718.899970    -68.038598  7  5  4  75       
PG11 -19875.028868   6342.306955 -16383.823243   -527.657291  8  5  3  71       
PG12 -13208.845683  11729.528236 -20096.434338   -464.569282  7  6  6  99       
PG13 -14709.990116   2642.388797  21759.903028    612.628270  5  5  5  51       
PG14 -17603.919114 -13361.298604  14883.995204    289.816015  5  5  4  85       
PG15  -8572.590734  14356.613633  20104.054909    113.907616  5  5  5  33       
PG16  25801.323366    414.859958   6907.243155   -390.721930  4  4  5  54       
PG17 -12662.786448 -22244.033436  -6369.128179    720.615795  7  8  4  58       
PG18    212.245108  19578.385659  17874.420364   -524.039727  3  6  5  28       
PG19 -15645.386527 -15849.258791 -14925.337879    422.028147  8  8  6  80       
PG20 -26434.249721    974.151568   -765.754327    393.164930  5  4  6  57       
PG21  17250.796606 -18273.428624   7385.169101    139.435450  5  4  3  80       
PG22 -22295.717495 -11173.482668   9135.283255     53.882993  4  4  4  65       
PG23   9255.446195  14545.137841  20277.391486    129.020549  6  7  6  73       
PG24 -15337.099667  21152.636524   2868.001210   -407.512622  6  1  2  54       
PG25     30.131949  15636.030783 -21814.356461    484.083266  3  3  4  64       
PG26  26315.020918   3597.533323  -3402.176211    203.297209  4  5  5  78       
PG27  16255.261704   1170.175193  20789.080160     -0.685955  6  7  8  37       
PG28  13525.174749   7141.339955 -21736.687579    -89.184808  5  6  5  39       
PG29   3208.027499  25200.618733  -7619.629178   -609.110331  6  4  5  80       
PG30  -9256.027690 -13495.795873  21005.189043   -449.377197  4  6  4  70       
PG31  18628.441535  -1749.269393 -19210.924098   -227.098187  4  5  4  78       
PG32  15740.022443  19254.162135  -9424.060066   -602.485815  4  3  3  59       
*  2024  1  4 21 15  0.00000000
PG01  13095.222528 -22754.637593  -2888.510882    165.276264  7  5  3  79       
PG02  15685.532252 -20556.032658   6013.275042   -505.666708  5  4  1  95       
PG03  14654.262675 -11811.659096 -18836.101988    103.692876  4  7  5  94       
PG04   5155.235388 -18636.875456 -18136.711696    257.648307  6  7  5  84       
PG05 -23803.854668   6590.097248   9716.445187   -156.740764  4  5  4  58       
PG06 -13280.487381  -6220.853760 -22076.261488    455.809527  7  6  5  64       
PG07   1185.862275 -21839.170125  15212.204599    -29.251709  5  4  3  65       
PG08  11118.051967 -11025.818831  21317.690493   -160.464395  4  4  4  84       
PG09  -5588.337154 -24197.612733  -9422.829097     48.441921  5  3  4  87       
PG10  19342.001667  10975.484934  14967.635058    -68.040037  6  5  4  65       
PG11 -18787.821591   4680.726419 -18133.908059   -527.670209  8  5  3  78       
PG12 -15337.317036  11289.254336 -18768.055825   -464.572614  7  6  6  95       
PG13 -15435.617068    238.734125  21436.099813    612.631409  5  5  5  63       
PG14 -15788.240779 -13350.482147  16793.559150    289.825362  5  5  4  77       
PG15 -10008.865092  12367.737801  20755.582008    113.911085  5  5  5  26       
PG16  26418.974335    735.151133   4166.666423   -390.714851  4  4  5  65       
PG17 -12672.888835 -22906.573371  -3559.555714    720.615147  7  7  4  51       
PG18  -1042.807933  21067.071967  16042.097464   -524.048294  4  5  5  34       
PG19 -16008.911753 -17351.458371 -12703.871776    422.033088  8  8  6  43       
PG20 -26204.199493    658.606862  -3599.174183    393.163073  6  5  6  76       
PG21  17028.158280 -17293.043976  10054.125758    139.433992  4  4  4  72       
PG22 -21131.281791 -11203.765307  11664.555883     53.877129  5  4  4  74       
PG23   6893.450710  14476.733710  21228.602567    129.027123  5  7  6  82       
PG24 -15388.469055  20504.587968   5635.305324   -407.519396  6  2  3  32       
PG25  -2390.265358  15459.385014 -21784.719746    484.084504  4  4  5  60       
PG26  25787.495812   3891.920755  -6108.931496    203.294147  4  5  5  72       
PG27  17213.329594   3334.971963  19810.037071     -0.689568  6  7  7           
PG28  12179.908521   9228.274139 -21746.713939    -89.194613  5  6  5  20       
PG29   2652.534243  24322.869174 -10255.715369   -609.110090  6  4  6  87       
PG30  -7830.181112 -15366.007747  20259.181505   -449.373167  4  6  4  69       
PG31  17399.733316     96.800071 -20382.421884   -227.098380  4  5  5  66       
PG32  15949.344490  20203.537907  -6785.172467   -602.488592  5  2  3  45       
*  2024  1  4 21 30  0.00000000
PG01  13326.882632 -22757.243836     39.618495    165.277068  7  5  2  75       
PG02  15544.795089 -19746.929342   8727.910176   -505.661869  5  3  1  97       
PG03  16683.526210 -11656.858765 -17146.726389    103.716655  4  7  5  85       
PG04   6253.128917 -16768.829256 -19569.481892    257.657225  6  6  5  25       
PG05 -24788.625842   6409.109184   7069.537170   -156.742062  5  5  4  56       
PG06 -11946.432097  -8378.717556 -22115.978044    455.798002  8  6  5  71       
PG07   2193.425772 -23057.373392  13040.230282    -29.260288  5  4  4  56       
PG08  12425.836760  -8918.138305  21615.902022   -160.464668  4  3  5  85       
PG09  -4775.499650 -23269.890668 -11907.303154     48.452865  5  5  4  98       
PG10  17562.411425  11055.576719  16965.812380    -68.041233  6  5  4  70       
PG11 -17688.415031   2814.631212 -19570.805608   -527.683092  8  5  4  72       
PG12 -17322.176783  10977.244182 -17123.109257   -464.576114  7  6  6  93       
PG13 -16266.813131  -2065.774639  20737.407680    612.635121  5  5  5  64       
PG14 -13774.710011 -13420.719470  18416.606284    289.834657  5  5  4  74       
PG15 -11567.260960  10405.707778  21033.042180    113.914367  6  5  5  45       
PG16  26742.332171    984.389549   1355.895430   -390.708272  5  5  5  65       
PG17 -12583.145931 -23271.836442   -687.693780    720.614247  7  7  4  48       
PG18  -2096.654879  22432.682623  13931.838673   -524.056850  5  5  5  68       
PG19 -16353.264786 -18591.039532 -10269.798798    422.037805  9  8  5  36       
PG20 -25675.416450    284.545675  -6369.927758    393.161724  6  5  6  74       
PG21  16722.058815 -16044.276532  12544.322867    139.433106  4  4  3  73       
PG22 -19701.393719 -11260.810492  13994.247876     53.871289  5  4  4  72       
PG23   4442.524925  14538.742242  21816.313224    129.033705  4  6  6  61       
PG24 -15334.768210  19578.576554   8302.102648   -407.526118  5  2  4  42       
PG25  -4795.929317  15407.736837 -21390.975851    484.085770  4  5  5  78       
PG26  24978.892685   4225.476484  -8713.171152    203.291085  4  5  5  67       
PG27  18218.553435   5326.979222  18486.021759     -0.693159  6  7  5  41       
PG28  10955.253630  11365.164383 -21383.335381    -89.204486  4  6  4  30       
PG29   1931.948958  23213.050227 -12714.689388   -609.109779  6  5  5  90       
PG30  -6548.387641 -17216.885290  19166.353808   -449.369073  4  6  3  55       
PG31  16207.094405   2100.781985 -21212.465506   -227.098518  5  5  5  61       
PG32  16060.651587  20872.937913  -4030.258984   -602.491380  5  2  3  66       
*  2024  1  4 21 45  0.00000000
PG01  13399.499644 -22477.168459   2967.014224    165.277850  6  4  2  85       
PG02  15328.964200 -18660.691551  11293.111168   -505.657002  4  3  1  94       
PG03  18512.301419 -11606.117668 -15164.025372    103.740441  4  7  5  96       
PG04   7519.368807 -14838.051442 -20663.947769    257.666121  6  6  5  54       
PG05 -25474.979486   6255.092032   4300.956618   -156.743213  6  5  5  73       
PG06 -10743.889284 -10593.941739 -21772.395228    455.786593  8  6  5  87       
PG07   3024.133866 -24099.156159  10644.380784    -29.268747  4  4  4  50       
PG08  13844.025374  -6872.918671  21538.792328   -160.465798  5  3  5  84       
PG09  -3767.202919 -22161.535330 -14187.132604     48.463705  5  5  5  66       
PG10  15581.696898  11245.043206  18679.931231    -68.042637  6  5  4  91       
PG11 -16616.381915    769.269355 -20669.775180   -527.696134  9  5  4  70       
PG12 -19122.048987  10775.370836 -15188.630606   -464.579482  7  5  6  95       
PG13 -17177.435444  -4228.627288  19676.884807    612.638530  5  4  5  52       
PG14 -11600.948291 -13594.415038  19725.128263    289.843962  5  5  4  76       
PG15 -13220.361554   8511.953186  20931.881284    113.918176  6  5  4  49       
PG16  26762.337723   1198.794349  -1477.638840   -390.701647  5  5  5  70       
PG17 -12357.630007 -23352.568079   2196.175952    720.613113  6  6  4  69       
PG18  -2954.601005  23630.840323  11579.917734   -524.065443  5  4  5   9       
PG19 -16638.813126 -19557.531940  -7663.772968    422.042424  9  8  4  66       
PG20 -24864.572737   -181.295273  -9029.739484    393.159753  6  5  6  69       
PG21  16373.941472 -14538.399375  14813.542900    139.431910  4  3  4  70       
PG22 -18032.032054 -11378.162646  16085.840683     53.865196  5  4  3  67       
PG23   1951.657715  14738.479088  22029.924969    129.040314  4  6  6  43       
PG24 -15212.325030  18374.516884  10820.339982   -407.532826  5  2  4  47       
PG25  -7140.629615  15476.048787 -20638.731547    484.087098  5  5  6  91       
PG26  23906.785315   4629.860396 -11171.269736    203.288000  4  5  6  69       
PG27  19234.531856   7116.655609  16841.558771     -0.696784  6  7  3  35       
PG28   9870.623993  13507.335609 -20652.788338    -89.214306  4  6  4  49       
PG29   1027.636162  21908.879012 -14954.289954   -609.109291  7  5  5  99       
PG30  -5421.368736 -19004.263206  17744.568493   -449.364925  4  6  3  64       
PG31  15083.406758   4230.696005 -21686.305434   -227.098915  5  4  5  57       
PG32  16036.946467  21270.041300  -1206.602146   -602.494208  5  2  3  82       
*  2024  1  4 22  0  0.00000000
PG01  13349.369557 -21897.975238   5841.995967    165.278640  6  4  3  89       
PG02  15078.317101 -17306.059028  13666.155556   -505.651898  4  2  2  84       
PG03  20104.721271 -11630.998631 -12921.427035    103.764256  4  7  6  81       
PG04   8942.786423 -12891.300471 -21401.537893    257.674989  6  6  5  42       
PG05 -25853.949266   6090.462854   1458.511004   -156.744861  6  5  5  48       
PG06  -9692.824756 -12818.884820 -21051.193913    455.775237  8  6  5  91       
PG07   3692.642562 -24925.896118   8064.516161    -29.277403  4  4  4  74       
PG08  15344.072947  -4929.966433  21088.993330   -160.468919  5  2  6  86       
PG09  -2555.482480 -20913.503993 -16223.412039     48.474596  5  6  5  89       
PG10  13440.155185  11565.191095  20081.092340    -68.043677  5  5  4  80       
PG11 -15607.151659  -1422.868234 -21411.939861   -527.709039  9  5  5  66       
PG12 -20700.449010  10658.964273 -12996.621858   -464.583030  6  5  6  77       
PG13 -18135.233186  -6213.214242  18273.907845    612.641892  5  3  5  56       
PG14  -9309.183782 -13887.365722  20696.392304    289.853293  5  4  4  26       
PG15 -14934.583686   6722.997165  20454.660747    113.921517  6  4  4  13       
PG16  26478.370041   1415.680455  -4286.525203   -390.694934  6  6  5  63       
PG17 -11964.419013 -23169.806323   5042.082482    720.612479  6  5  5  66       
PG18  -3630.086871  24620.590542   9026.919663   -524.074026  6  4  4  69       
PG19 -16825.704075 -20248.924678  -4929.310973    422.047207  9  7  3  77       
PG20 -23796.260391   -768.257575 -11532.268206    393.158178  7  6  6  35       
PG21  16023.745600 -12795.077520  16824.317647    139.430766  4  3  4  59       
PG22 -16155.954889 -11584.707836  17905.228539     53.859087  5  4  3  53       
PG23   -529.113395  15074.955196  21865.208025    129.046982  3  5  6  61       
PG24 -15058.021517  16901.273131  13144.434409   -407.539558  5  2  5  50       
PG25  -9379.784804  15651.696231 -19539.493753    484.088358  5  6  6  76       
PG26  22595.768074   5133.049697 -13442.020235    203.284952  5  5  5  77       
PG27  20221.552617   8682.414858  14906.516272     -0.700419  5  7  3  23       
PG28   8937.609552  15607.995604 -19567.597536    -89.224116  4  7  4   2       
PG29    -71.431306  20452.521729 -16936.128385   -609.109000  7  6  5  87       
PG30  -4452.130157 -20683.711644  16017.427204   -449.360864  4  6  2  67       
PG31  14056.092307   6448.827666 -21794.965691   -227.099094  5  4  5  63       
PG32  15844.458400  21410.644729   1637.598052   -602.497017  6  3  4  59       
*  2024  1  4 22 15  0.00000000
PG01  13216.086014 -21012.447531   8613.431489    165.279425  5  5  3  62       
PG02  14831.768063 -15700.060623  15808.064840   -505.647269  5  2  2  89       
PG03  21431.902873 -11697.821840 -10456.933849    103.788098  4  6  6  66       
PG04  10504.199921 -10973.493789 -21769.894799    257.683872  5  6  5  62       
PG05 -25925.525273   5877.169205  -1408.940507   -156.745884  7  5  6  56       
PG06  -8804.866090 -15003.673914 -19964.663268    455.763851  7  6  5  80       
PG07   4220.290117 -25503.912052   5344.278284    -29.285877  4  4  5  39       
PG08  16891.703281  -3123.393425  20275.577784   -160.471393  5  3  7  78       
PG09  -1140.481602 -19569.006817 -17981.490620     48.485505  5  6  5  89       
PG10  11182.351496  12030.026199  21145.454434    -68.045520  5  4  5  66       
PG11 -14690.664225  -3723.110513 -21784.608202   -527.721873  9  5  5  63       
PG12 -22027.053428  10597.847514 -10583.587402   -464.586573  6  5  7  89       
PG13 -19103.130399  -7990.025224  16553.760486    612.645231  5  3  5  71       
PG14  -6944.820752 -14308.043349  21313.345932    289.862637  4  4  4  33       
PG15 -16671.435379   5069.151827  19610.951464    113.925103  6  3  5  31       
PG16  25898.209055   1671.877461  -7024.096185   -390.688152  6  6  5  76       
PG17 -11376.974162 -22751.876319   7801.243154    720.611889  5  5  5  73       
PG18  -4143.976257  25365.987165   6317.035246   -524.082571  6  4  5  52       
PG19 -16875.471832 -20671.610693  -2112.130998    422.052175  8  6  2  85       
PG20 -22502.056482  -1500.400757 -13833.944801    393.156200  6  6  6  50       
PG21  15708.256013 -10841.612204  18544.440749    139.429729  4  3  5  71       
PG22 -14111.528652 -11903.495112  19423.174462     53.853079  5  4  3  42       
PG23  -2950.429477  15538.860371  21324.411540    129.053609  3  5  5  62       
PG24 -14907.642856  15176.516786  15232.219626   -407.546359  5  2  6  62       
PG25 -11471.952800  15914.932680 -18110.565908    484.089627  6  6  6  88       
PG26  21076.604326   5758.113897 -15487.270485    203.281758  5  4  5  73       
PG27  21138.165521  10011.182473  12715.487084     -0.703983  4  7  5  34       
PG28   8159.659359  17619.882871 -18146.364288    -89.233916  4  7  3           
PG29  -1368.061769  18888.988279 -18626.338276   -609.108175  7  6  5  86       
PG30  -3635.979934 -22212.145280  14013.925133   -449.356777  3  6  2  67       
PG31  13146.116480   8712.927752 -21535.450416   -227.099247  5  3  5  50       
PG32  15454.060387  21317.892234   4454.026244   -602.499842  6  3  4  41       
*  2024  1  4 22 30  0.00000000
PG01  13040.801917 -19823.077216  11231.733422    165.280245  5  5  3  66       
PG02  14625.297262 -13867.426149  17684.144911   -505.642108  5  2  3  90       
PG03  22472.947231 -11769.083251  -7812.510141    103.811882  4  6  6  80       
PG04  12177.019101  -9126.102655 -21763.063810    257.692774  5  6  5  43       
PG05 -25698.555170   5578.342936  -4252.324089   -156.747044  7  5  6  80       
PG06  -8082.964910 -17097.992621 -18531.498521    455.752457  7  6  4  77       
PG07   4634.141138 -25805.859383   2530.402847    -29.294554  4  3  5  48       
PG08  18448.174103  -1480.515466  19113.812018   -160.472223  6  4  8  72       
PG09    469.371934 -18171.862100 -19431.541253     48.496377  5  7  6  97       
PG10   8855.619371  12645.604130  21854.624950    -68.047083  4  4  5  83       
PG11 -13890.252082  -6087.910316 -21781.486489   -527.734777  9  5  5  67       
PG12 -23078.760129  10557.599222  -7989.988889   -464.590025  6  5  7  90       
PG13 -20040.701367  -9537.557246  14547.120228    612.648797  5  2  5  68       
PG14  -4554.888385 -14857.165581  21564.932507    289.871947  4  4  4  37       
PG15 -18388.982653   3573.495935  18417.068279    113.928751  6  2  5  61       
PG16  25037.709201   2002.186735  -9645.119691   -390.681568  7  6  4  73       
PG17 -10575.289302 -22133.132329  10426.883701    720.611381  5  4  5  82       
PG18  -4523.547145  25837.498963   3497.282963   -524.091171  7  4  5  74       
PG19 -16752.609774 -20840.032339    740.545613    422.056469  8  5  2  54       
PG20 -21019.324153  -2395.354126 -15894.757199    393.154511  6  6  6  77       
PG21  15459.643746  -8711.916658  19947.337771    139.428273  4  3  5  70       
PG22 -11941.379416 -12350.804221  20615.672688     53.847162  5  4  3  65       
PG23  -5265.318477  16112.880664  20416.264987    129.060181  3  4  5  36       
PG24 -14794.270908  13226.217045  17045.828926   -407.553069  5  2  6  72       
PG25 -13380.225364  16239.635641 -16374.857485    484.090917  6  7  6  79       
PG26  19385.161423   6522.173173 -17272.517802    203.278684  5  4  5  74       
PG27  21942.811161  11098.616886  10307.108926     -0.707491  5  8  7  69       
PG28   7532.087312  19496.942033 -16413.452231    -89.243766  4  7  3  41       
PG29  -2856.557399  17264.435256 -19996.141214   -609.107823  7  6  5  95       
PG30  -2960.852328 -23549.406528  11768.003596   -449.352674  3  6  2  80       
PG31  12367.232603  10977.595375 -20910.868473   -227.099292  5  3  5  63       
PG32  14842.508578  21021.245880   7195.040144   -602.502663  5  4  4  45       
*  2024  1  4 22 45  0.00000000
PG01  12864.414426 -18342.166638  13649.847895    165.281078  5  5  3  75       
PG02  14490.530353 -11839.733143  19264.435093   -505.637401  5  2  3  87       
PG03  23215.647106 -11805.039489  -5033.391597    103.835680  5  6  7  71       
PG04  13928.144418  -7385.696224 -21381.568703    257.701680  5  7  5  68       
PG05 -25190.320701   5159.899892  -7023.177471   -156.748177  7  4  6  74       
PG06  -7521.410500 -19052.898427 -16776.480420    455.741007  7  6  3  59       
PG07   4965.777701 -25811.918445   -328.068736    -29.302934  3  3  6  37       
PG08  19971.711691    -21.032065  17624.807884   -160.474251  6  4  8  90       
PG09   2257.508728 -16764.847463 -20549.044201     48.507228  5  7  6 104       
PG10   6508.460515  13409.678695  22195.979670    -68.048257  3  4  5  78       
PG11 -13221.793251  -8470.339186 -21402.778495   -527.747668  9  5  6  56       
PG12 -23840.496138  10500.999200  -5259.622269   -464.593297  6  6  7  75       
PG13 -20905.776948 -10842.901111  12289.457500    612.652076  5  3  6  83       
PG14  -2186.426090 -15527.573775  21446.310755    289.881308  4  4  5  51       
PG15 -20043.457682   2251.175326  16895.657784    113.932200  6  2  5  65       
PG16  23920.200469   2437.929150 -12106.453748   -390.675055  7  6  4  60       
PG17  -9546.773603 -21352.503876  12874.988870    720.610149  4  5  5  80       
PG18  -4801.225572  26013.179474    616.672935   -524.099759  7  4  5  63       
PG19 -16426.051800 -20776.038679   3580.723453    422.061469  8  4  3  91       
PG20 -19389.798070  -3463.427979 -17678.966763    393.152988  6  7  6  81       
PG21  15304.245859  -6445.277114  21012.302984    139.427151  3  3  5  63       
PG22  -9690.918808 -12935.486196  21464.220715     53.841328  5  4  2  55       
PG23  -7430.819363  16772.340359  19155.867963    129.066797  4  4  5  20       
PG24 -14746.796029  11083.782090  18552.487458   -407.559802  5  3  6  64       
PG25 -15073.475225  16594.311814 -14360.603087    484.092181  6  7  6  76       
PG26  17561.169094   7435.577552 -18767.455596    203.275585  5  3  5  57       
PG27  22595.441479  11948.996187   7723.340621     -0.710913  7  9  7  34       
PG28   7042.399960  21195.963272 -14398.575392    -89.253601  5  7  2  57       
PG29  -4522.760206  15624.443327 -21022.320087   -609.107447  7  7  5  94       
PG30  -2407.928928 -24659.760906   9318.004638   -449.348576  3  6  3  75       
PG31  11725.498565  13195.798987 -19930.469622   -227.099737  5  3  5  55       
PG32  13993.460073  20555.238706   9814.434708   -602.505516  5  4  4  53       
*  2024  1  4 23  0  0.00000000
PG01  12725.752095 -16591.531594  15824.208024    165.281901  5  5  3  67       
PG02  14453.514318  -9654.326530  20524.068157   -505.632234  5  3  3  82       
PG03  23656.872681 -11765.399098  -2167.326351    103.859480  5  6  7  51       
PG04  15719.124195  -5782.689762 -20632.374794    257.710582  4  7  5  80       
PG05 -24425.809593   4592.025017  -9674.452367   -156.749490  6  4  6  88       
PG06  -7106.194536 -20822.597898 -14730.041717    455.729567  6  6  3  49       
PG07   5249.879489 -25510.717356  -3180.666877    -29.311457  4  4  6  59       
PG08  21419.056972   1243.487838  15835.085461   -160.476722  6  4  9  83       
PG09   4199.673784 -15388.109435 -21315.178908     48.518106  6  7  6 101       
PG10   4188.899213  14311.663364  22162.905863    -68.049347  3  4  5  61       
PG11 -12693.167550 -10821.715394 -20655.171625   -527.760552  9  4  5  91       
PG12 -24305.738634  10389.605123  -2438.922608   -464.596760  6  6  6  81       
PG13 -21656.116420 -11901.989315   9820.362377    612.655369  5  3  6  94       
PG14    115.134491 -16304.425177  20958.972667    289.890611  4  4  5  67       
PG15 -21590.935498   1109.049947  15075.156871    113.935704  6  2  5  66       
PG16  22575.641158   3005.631395 -14367.660792   -390.667799  7  7  4  74       
PG17  -8286.841192 -20451.907340  15104.975306    720.609805  3  5  4  53       
PG18  -5013.113172  25879.552080  -2274.670816   -524.108273  7  4  5  72       
PG19 -15870.508705 -20507.974856   6360.385699    422.065947  7  4  3  93       
PG20 -17658.011634  -4707.020407 -19155.741805    393.151554  6  7  5  85       
PG21  15261.617967  -4084.956504  21724.615628    139.426470  3  3  5  60       
PG22  -7406.798459 -13658.592901  21956.005323     53.835462  5  4  2  81       
PG23  -9409.459304  17486.146550  17564.467489    129.073368  5  5  5  38       
PG24 -14788.616205   8788.887234  19725.189255   -407.566519  4  4  6  64       
PG25 -16527.407761  16943.330517 -12100.988492    484.093439  6  7  6  67       
PG26  15646.843887   8501.337320 -19946.465702    203.272525  6  2  5  74       
PG27  23059.071135  12574.784198   5008.709995 999999.999999  9 10  8           
PG28   6670.933433  22678.123509 -12136.295047    -89.263463  5  7  3  51       
PG29  -6344.428384  14012.335297 -21687.593478   -609.107020  7  7  6  96       
PG30  -1952.535888 -25513.244443   6706.034068   -449.344543  2  6  3  89       
PG31  11219.088543  15320.483235 -18609.585967   -227.099787  6  3  5  57       
PG32  12898.233973  19958.058245  12268.172547   -602.508351  4  5  5  72       
*  2024  1  4 23 15  0.00000000
PG01  12659.844804 -14601.812031  17715.625047    165.282771  5  6  3  50       
PG02  14533.726386  -7353.054651  21443.545244   -505.627197  4  3  3  81       
PG03  23802.616770 -11611.054578    736.240726    103.883322  5  6  7  64       
PG04  17507.524427  -4340.343363 -19528.742026    257.719456  4  7  5  64       
PG05 -23436.713718   3850.487735 -12161.281475   -156.750625  6  3  6  76       
PG06  -6815.712378 -22366.109261 -12427.728451    455.718119  5  6  3  62       
PG07   5522.647139 -24899.939727  -5976.444859    -29.320127  5  4  7  48       
PG08  22747.062816   2309.801495  13776.058727   -160.478863  5  5  9 120       
PG09   6264.677518 -14077.691032 -21717.119453     48.528989  6  7  6  93       
PG10   1942.848592  15332.911018  21754.963414    -68.050612  3  5  6  74       
PG11 -12304.036205 -13093.302447 -19551.710415   -527.773492  8  5  5  70       
PG12 -24476.724206  10185.402197    423.795574   -464.600311  6  6  6  60       
PG13 -22251.078484 -12719.502145   7182.814518    612.658545  5  3  6  85       
PG14   2307.529746 -17165.694916  20110.755440    289.899895  4  5  5  52       
PG15 -22989.005559    145.694224  12989.142955    113.939409  6  1  6  86       
PG16  21039.553521   3725.893436 -16391.578836   -390.661115  8  7  4  36       
PG17  -6799.193601 -19474.586195  17080.281584    720.609116  4  6  4  53       
PG18  -5197.368040  25432.173584  -5126.412158   -524.116819  7  4  5  79       
PG19 -15067.609379 -20069.533374   9032.262119    422.070762  6  4  4  98       
PG20 -15869.629531  -6120.343538 -20299.696137    393.149471  7  8  5  77       
PG21  15343.879778  -1676.699052  22075.550474    139.425052  4  3  5  48       
PG22  -5135.346893 -14513.301580  22084.007530     53.829579  6  4  3  50       
PG23 -11170.525821  18218.002085  15669.123929    129.079961  5  5  5  48       
PG24 -14936.583574   6386.041768  20543.238683   -407.573214  4  5  6  91       
PG25 -17725.374188  17248.344661  -9633.682466    484.094716  6  6  6  73       
PG26  13685.427071   9714.827033 -20789.050049    203.269465  6  2  5  68       
PG27  23301.203835  12995.900833   2209.547708 999999.999999 10 11  8           
PG28   6391.774762  23910.370577  -9665.433350    -89.273301  6  7  3  44       
PG29  -8291.927481  12467.598843 -21980.886561   -609.106411  7  7  6  97       
PG30  -1565.284586 -26086.807456   3977.242019   -449.340488  2  6  4  76       
PG31  10838.412761  17306.204615 -16969.473161   -227.099932  6  3  5  37       
PG32  11556.290135  19270.013862  14515.072243   -602.511211  3  6  5  35       
*  2024  1  4 23 30  0.00000000
PG01  12696.354740 -12411.416148  19290.091026    165.283633  6  6  4  36       
PG02  14743.343525  -4980.868879  22008.930489   -505.622078  5  3  4  92       
PG03  23667.694370 -11305.786814   3627.027003    103.907168  5  6  7  51       
PG04  19248.457802  -3074.047418 -18089.972356    257.728305  5  7  5  69       
PG05 -22260.193730   2917.739765 -14441.699682   -156.752023  7  3  6  86       
PG06  -6621.772592 -23648.746299  -9909.566222    455.706657  5  6  3  48       
PG07   5820.133502 -23986.579315  -8664.982312    -29.328540  5  5  7  66       
PG08  23914.282114   3182.868910  11483.456447   -160.480621  4  5  9 106       
PG09   8415.412803 -12864.231944 -21748.230562     48.539846  7  7  6 103       
PG10   -187.453237  16447.306510  20977.958402    -68.052151  3  5  6  49       
PG11 -12045.952240 -15238.012908 -18111.560308   -527.786411  8  5  5  99       
PG12 -24364.332553   9852.462635   3279.152381   -464.603808  6  6  6  88       
PG13 -22653.226789 -13308.442038   4422.411951    612.662188  5  3  6  56       
PG14   4353.106936 -18082.971274  18915.744702    289.909237  4  5  6  81       
PG15 -24198.367450   -648.259146  10675.598944    113.942616  5  2  6  43       
PG16  19351.779272   4612.473461 -18144.847264   -390.654224  8  7  4  55       
PG17  -5095.792582 -18463.442515  18768.873003    720.608342  4  6  3  64       
PG18  -5392.504948  24675.852748  -7888.910285   -524.125361  7  5  5  83       
PG19 -14006.802081 -19498.405909  11550.603166    422.075626  6  5  4  97       
PG20 -14069.752603  -7689.479713 -21091.322974    393.147865  7  8  5  85       
PG21  15555.361552    732.807601  22062.298159    139.424275  4  2  6  68       
PG22  -2921.041188 -15485.130952  21847.031566     53.823580  5  4  4  59       
PG23 -12691.083063  18927.841430  13502.268928    129.086521  6  5  6  50       
PG24 -15200.246045   3922.959332  20992.641316   -407.579901  4  5  6 100       
PG25 -18658.910202  17469.849858  -7000.275103    484.095968  6  6  6  70       
PG26  11719.686825  11063.776671 -21280.195099    203.266408  6  2  4  79       
PG27  23295.084146  13238.731100   -626.780541 999999.999999 11 12  8           
PG28   6173.931874  24866.597414  -7028.413171    -89.283153  6  7  3  26       
PG29 -10329.208996  11024.473236 -21897.495741   -609.106001  6  7  6  97       
PG30  -1213.412168 -26365.206006   1179.032807   -449.336420  2  5  5  81       
PG31  10566.547319  19110.735619 -15037.046991   -227.100102  6  4  5  70       
PG32   9975.410146  18531.944253  16517.447242   -602.514068  2  7  5  60       
*  2024  1  4 23 45  0.00000000
PG01  12858.239955 -10065.141611  20519.469492    165.284488  7  6  5  69       
PG02  15086.790695  -2584.336109  22211.970468   -505.617182  5  4  4  91       
PG03  23275.105152 -10817.873226   6454.799026    103.930994  5  7  8  56       
PG04  20896.212960  -1990.919773 -16341.057352    257.737169  5  8  6  78       
PG05 -20937.458133   1783.756161 -16477.310476   -156.753433  7  4  6  89       
PG06  -6490.873645 -24643.364653  -7219.343811    455.695192  4  6  4  58       
PG07   6176.555324 -22786.818707 -11197.415337    -29.336922  6  6  7  56       
PG08  24882.488581   3875.421508   8996.690468   -160.482732  5  6  9  74       
PG09  10610.099523 -11771.889053 -21408.162525     48.550755  7  7  6  91       
PG10  -2164.880195  17622.155665  19843.923843    -68.053279  3  5  6  68       
PG11 -11902.796181 -17212.052323 -16359.666484   -527.799342  7  5  5  85       
PG12 -23987.643073   9358.549333   6077.558526   -464.607208  7  7  6  62       
PG13 -22829.809535 -13689.398777   1586.573852    612.665543  5  3  7  56       
PG14   6220.093667 -19022.516141  17394.067991    289.918529  4  5  6  87       
PG15 -25184.286359  -1289.456984   8176.116808    113.946103  5  3  7  52       
PG16  17555.096730   5671.619808 -19598.385133   -390.646914  9  7  4  75       
PG17  -3196.531779 -17459.419635  20143.660954    720.607292  4  6  3  66       
PG18  -5635.684410  23624.514536 -10514.114141   -524.133890  7  5  4  79       
PG19 -12685.978341 -18834.782296  13871.949626    422.080344  5  5  4  95       
PG20 -12301.262588  -9392.764469 -21517.317121    393.145978  7  8  5  87       
PG21  15892.548587   3097.459493  21687.810358    139.422587  4  2  5  67       
PG22   -805.062956 -16552.436689  21249.662594     53.817677  5  3  5  76       
PG23 -13956.690809  19573.434448  11101.161138    129.093069  7  6  6  62       
PG24 -15581.416723   1448.805852  21066.335245   -407.586593  3  6  6 105       
PG25 -19327.972920  17568.824653  -4245.625959    484.097239  6  6  6  79       
PG26   9790.437503  12528.554033 -21410.662349    203.263345  7  2  5  91       
PG27  23020.733736  13334.914936  -3452.632602 999999.999999 12 12  8           
PG28   5982.706880  25528.561169  -4270.534886    -89.293012  7  7  3  54       
PG29 -12415.038390   9710.752557 -21439.146031   -609.105712  6  7  7 105       
PG30   -862.269130 -26341.601803  -1639.781551   -449.332360  2  5  5  76       
PG31  10379.964338  20696.575838 -12844.512683   -227.100355  7  3  5  56       
PG32   8171.575356  17783.622718  18241.688841   -602.516841     7  5  78       
EOF
