#cP2024  1 23  0  0  0.00000000      96 ORBIT IGS20 HLM  IGS
## 2298 172800.00000000   900.00000000 60332 0.0000000000000
+   31   G01G02G03G04G05G06G07G08G09G10G11G12G13G14G15G16G17
+        G18G19G20G21G22G23G24G25G26G28G29G30G31G32  0  0  0
+          0  0  0  0  0  0  0  0  0  0  0  0  0  0  0  0  0
+          0  0  0  0  0  0  0  0  0  0  0  0  0  0  0  0  0
+          0  0  0  0  0  0  0  0  0  0  0  0  0  0  0  0  0
++         2  2  2  2  2  1  1  2  2  2  2  2  2  2  2  2  2
++         2  2  1  1  1  2  1  2  2  2  2  2  1  2  0  0  0
++         0  0  0  0  0  0  0  0  0  0  0  0  0  0  0  0  0
++         0  0  0  0  0  0  0  0  0  0  0  0  0  0  0  0  0
++         0  0  0  0  0  0  0  0  0  0  0  0  0  0  0  0  0
%c G  cc GPS ccc cccc cccc cccc cccc ccccc ccccc ccccc ccccc
%c cc cc ccc ccc cccc cccc cccc cccc ccccc ccccc ccccc ccccc
%f  1.2500000  1.025000000  0.00000000000  0.000000000000000
%f  0.0000000  0.000000000  0.00000000000  0.000000000000000
%i    0    0    0    0      0      0      0      0         0
%i    0    0    0    0      0      0      0      0         0
/* FINAL ORBIT COMBINATION FROM WEIGHTED AVERAGE OF:        
/* cod emr esa gfz grg jgx jpl mit ngs sio                  
/* REFERENCED TO GPS CLOCK AND TO WEIGHTED MEAN POLE:       
/* PCV:IGS20      OL/AL:FES2014b NONE     Y  ORB:CMB CLK:CMB
*  2024  1 23  0  0  0.00000000
PG01  16360.505672   3065.067013  20439.152816    166.894695  7  8  8  87       
PG02  19129.050402   9087.302235  16682.758339   -496.875130  6  9  3  87       
PG03  17753.443859  -3713.867592  19219.963442    144.249435  8  6  8  88       
PG04  26561.336890   1405.423769  -1350.799013    272.925211 10  7  8  91       
PG05 -12679.370043  -8232.820756 -22013.178558   -158.970642  7  8  5  96       
PG06  -4669.614440 -24173.673454   9893.562776    435.168538  5  7  6  22       
PG07  10755.781523 -11627.806412 -20766.262547    -43.896570  9  6  6  74       
PG08  25049.043281   5865.755012  -7525.195269   -163.400177  6  9 10  70       
PG09  21892.172477  -8281.395181 -12694.949508     67.532001  7  8  6  87       
PG10  -9550.851111  23565.191774   7267.207817    -70.388640  5  4  7  56       
PG11 -11810.897884 -23770.496409  -1498.615611   -549.650273  7  7  8  96       
PG12 -18207.650730   2325.718838  18886.783229   -470.576233  7  3  5  51       
PG13 -18295.254457 -13448.075107 -14161.263742    618.469435  6  8  9  76       
PG14  12779.804673 -22912.746476   3461.408651    305.880891  6  3  9  88       
PG15 -25283.759734  -3632.604434  -8146.321969    119.986720  9  8  9  77       
PG16   7126.677622  14761.203544 -21138.843918   -378.607337  9  9  6  85       
PG17  10248.996097 -13300.517311  21042.320546    719.212777  9  7  5  88       
PG18  -9596.420857  12959.766546 -21052.004358   -538.502749  8  6  8  74       
PG19   -527.077754 -15114.157246  21670.501535    430.273975 10  6  7  43       
PG20  -4257.814304 -20267.859423 -16664.405268    390.352500  8  8  4 112       
PG21  19447.642510  13920.892106  13021.472173    137.517662  6  6  3  82       
PG22   8035.382338 -22990.650783  11371.688250     43.686171  4  7  7  85       
PG23 -16458.720191  20010.927496  -5347.926514    140.723430  6  6  8  66       
PG24 -19448.293866 -10970.262037  14278.584904   -418.774941  5  8  6  91       
PG25 -18831.010529  13857.024518  12002.501466    486.177443  5  5  6  82       
PG26    524.097668  21958.163063 -14814.787592    197.769885  8  7  7  91       
PG28   3192.132847  23384.921217  12162.469235   -106.961552  7  3  7  47       
PG29 -23264.446955   5135.471028 -11893.121143   -608.307057 11  8  7  85       
PG30   2862.294141 -20712.715234 -16097.096662   -442.126704  9  6  7  96       
PG31   9217.731870  24434.195240   3221.738846   -227.455451  5  2  4  87       
PG32  -5524.714581  14792.755848  21524.341115   -606.997875  7  5  4  69       
*  2024  1 23  0 15  0.00000000
PG01  17379.014329   5151.440243  19191.616508    166.895860  7  8  8  82       
PG02  19955.207421  10582.584300  14670.664689   -496.870076  5  9  4  79       
PG03  16636.920503  -1704.998749  20463.161568    144.272182  8  6  7  91       
PG04  26540.959182   1639.305358   1504.618057    272.933838 10  6  8  86       
PG05 -11483.523563 -10387.086461 -21746.665286   -158.971850  7  8  4  95       
PG06  -3936.367461 -23129.727978  12415.056646    435.156178  5  6  5  79       
PG07  12022.693470  -9456.292657 -21202.525397    -43.905262  8  6  5  79       
PG08  24064.556485   6092.243173 -10103.469710   -163.401556  6  9 10  81       
PG09  23194.383822  -8068.012603 -10278.728009     67.543130  7  8  6  68       
PG10 -10066.370446  24014.753770   4454.921418    -70.389405  5  4  7  88       
PG11 -11602.372727 -23884.102475   1364.597731   -549.662582  6  6  8  83       
PG12 -16984.247076    387.852672  20113.920487   -470.579576  6  3  4  59       
PG13 -16597.207402 -13319.796509 -16232.281854    618.472522  7  7  9  76       
PG14  13166.392511 -22942.301700    636.560009    305.890016  5  2  9  73       
PG15 -24313.707612  -4031.139729 -10656.367082    119.990207  9  8  9  81       
PG16   5685.483690  16564.544429 -20162.335696   -378.599896  9  8  7  72       
PG17  12488.975300 -13045.778661  19953.463771    719.211565  9  6  5  93       
PG18 -10786.419639  10819.640102 -21690.676111   -538.510829  8  5  7  79       
PG19   1975.402052 -14792.973492  21775.688331    430.278593 10  6  6  77       
PG20  -3433.523777 -21880.584492 -14723.340069    390.351265  7  8  5 104       
PG21  20035.240148  15038.966506  10657.076067    137.516286  5  5  3  74       
PG22   8839.724003 -23754.864086   8850.273132     43.680381  4  6  7  91       
PG23 -16260.969196  19232.126090  -8107.782960    140.730296  7  6  7  66       
PG24 -20123.899345 -12399.222934  12105.013566   -418.781160  5  7  6  76       
PG25 -18258.341123  12380.425605  14254.316669    486.178678  5  5  6  89       
PG26   -432.439324  23234.659614 -12663.106060    197.766625  8  7  7  72       
PG28   2239.277191  22178.061656  14421.215617   -106.972103  7  3  7  27       
PG29 -24447.111084   4836.591411  -9378.133280   -608.306676 11  8  7  93       
PG30   3998.759068 -19080.003660 -17795.609419   -442.122447  8  6  7  92       
PG31   8691.119432  24078.402592   6020.859287   -227.455785  5  1  4  89       
PG32  -7908.832681  14697.850940  20808.981334   -607.000275  7  5  4  56       
*  2024  1 23  0 30  0.00000000
PG01  18428.197863   7033.729894  17607.734795    166.897050  6  8  8  83       
PG02  20718.639176  11844.017625  12416.450603   -496.864961  5  9  5  54       
PG03  15575.979004    469.461980  21348.953180    144.294993  7  6  7  84       
PG04  26212.049980   1875.177992   4334.355499    272.942529 10  6  8  91       
PG05 -10426.510189 -12557.861004 -21111.637672   -158.973091  7  8  4  87       
PG06  -3002.373315 -21895.605614  14722.518086    435.143859  5  6  5  60       
PG07  13406.743264  -7328.866100 -21256.321595    -43.913581  8  6  5  80       
PG08  22814.414944   6389.622673 -12512.484096   -163.404798  7  9 10  67       
PG09  24224.232778  -7904.550771  -7686.828545     67.554187  6  8  6  68       
PG10 -10406.950559  24203.332301   1564.736450    -70.391243  5  5  7  72       
PG11 -11241.623982 -23727.573640   4204.399647   -549.674942  6  6  8  88       
PG12 -15798.998155  -1713.502141  20985.755018   -470.583098  7  3  3  67       
PG13 -14678.882974 -13262.220463 -18030.313190    618.476050  7  7  8  81       
PG14  13393.395537 -22711.003691  -2199.365241    305.899064  5  2  9  54       
PG15 -23101.241247  -4523.244715 -12988.914530    119.993505  8  8  9  62       
PG16   4407.446144  18337.102463 -18844.552242   -378.592781  8  8  7  58       
PG17  14601.040594 -12917.145319  18534.553159    719.210207  9  6  5  91       
PG18 -12116.061073   8704.639863 -21954.902363   -538.518961  8  5  7  85       
PG19   4485.140333 -14605.326974  21499.315604    430.283262 10  5  5  79       
PG20  -2765.012820 -23310.046944 -12529.893698    390.349741  7  7  5  96       
PG21  20519.168392  15910.624176   8122.337918    137.515505  4  5  3  58       
PG22   9447.351264 -24317.679756   6181.382582     43.674675  4  5  7  85       
PG23 -15970.792803  18168.737928 -10726.482686    140.737158  7  6  7  68       
PG24 -20711.006797 -13584.833604   9722.983013   -418.787384  5  7  6  64       
PG25 -17649.096753  10658.832127  16252.457137    486.179830  5  5  6  94       
PG26  -1227.954053  24321.563715 -10291.157832    197.763353  8  7  8  74       
PG28   1088.994728  20822.218613  16431.466962   -106.982689  7  3  7  47       
PG29 -25351.183869   4612.951512  -6702.953646   -608.306253 10  7  7  77       
PG30   5302.933428 -17354.862027 -19182.142493   -442.118198  8  6  6 103       
PG31   7984.884138  23479.757444   8713.211452   -227.455896  4     4  74       
PG32 -10197.021314  14723.311315  19740.182146   -607.002695  7  5  3  58       
*  2024  1 23  0 45  0.00000000
PG01  19467.165611   8686.242333  15716.710195    166.898124  6  7  8  81       
PG02  21377.707410  12866.458634   9956.591987   -496.860069  4  8  6  72       
PG03  14603.973622   2771.350606  21862.015309    144.317770  7  6  6  75       
PG04  25581.520045   2150.125870   7090.111076    272.951152 10  6  8  84       
PG05  -9520.596750 -14698.337814 -20118.425758   -158.974700  7  7  4  58       
PG06  -1857.661505 -20514.816338  16776.482839    435.131572  5  6  5  75       
PG07  14881.178467  -5288.942124 -20928.156803    -43.922242  8  6  5  58       
PG08  21325.144448   6787.270905 -14711.707782   -163.406755  7  8 10  69       
PG09  24963.951688  -7756.033984  -4963.453080     67.565282  6  8  6  69       
PG10 -10603.498373  24106.255789  -1352.875139    -70.392363  5  5  7  77       
PG11 -10699.420597 -23324.964883   6972.084346   -549.687245  6  5  7  81       
PG12 -14686.789067  -3942.902137  21486.706761   -470.586253  7  2  3  64       
PG13 -12575.476266 -13302.753958 -19525.177272    618.479384  7  7  8  60       
PG14  13493.119510 -22202.952833  -4996.991699    305.908196  5  2  9  83       
PG15 -21676.756733  -5132.987249 -15105.945888    119.996931  7  7  8  54       
PG16   3301.269353  20032.838507 -17206.158667   -378.585518  8  8  8  64       
PG17  16543.545841 -12896.313028  16808.587336    719.209082  9  6  5  90       
PG18 -13562.163984   6659.276954 -21840.678387   -538.527035  8  5  7  65       
PG19   6951.179818 -14550.609973  20845.203631    430.288219 10  5  4  68       
PG20  -2234.414659 -24519.116424 -10121.961492    390.348986  7  7  6  92       
PG21  20861.059339  16541.286496   5457.518236    137.514131  4  5  4  77       
PG22   9878.743496 -24645.959509   3409.082695     43.669041  4  5  6  79       
PG23 -15629.229973  16825.415985 -13158.518479    140.744021  7  7  7  71       
PG24 -21172.127513 -14527.218860   7174.482556   -418.793592  5  7  6  69       
PG25 -17041.965696   8713.010352  17961.015434    486.180970  5  5  6  80       
PG26  -1879.212017  25183.240350  -7739.649172    197.760079  7  6  8  72       
PG28   -260.542433  19360.953754  18158.530953   -106.993321  7  3  6           
PG29 -25957.390706   4429.507366  -3913.249991   -608.305667 10  7  7  89       
PG30   6766.859156 -15582.037650 -20232.793589   -442.113946  8  7  6  91       
PG31   7078.562301  22670.758079  11250.872603   -227.456132  4     4  79       
PG32 -12345.042455  14852.678055  18335.271302   -607.005115  7  5  3  49       
*  2024  1 23  1  0  0.00000000
PG01  20452.607817  10092.163411  13552.871880    166.899191  5  7  8  77       
PG02  21891.594512  13652.844004   7331.142629   -496.854935  4  8  6  82       
PG03  13747.751497   5156.910394  21993.636160    144.340586  7  5  5  56       
PG04  24664.823228   2499.258825   9724.830297    272.959873  9  5  8  74       
PG05  -8769.925383 -16760.866418 -18783.385927   -158.975794  7  7  4  91       
PG06   -500.832755 -19033.460560  18541.947081    435.119295  4  6  5  43       
PG07  16413.048489  -3374.594686 -20225.655453    -43.930836  8  6  4  82       
PG08  19629.654979   7309.347377 -16663.955819   -163.408498  7  8  9  71       
PG09  25404.156270  -7585.501256  -2155.112279     67.576355  6  7  6  64       
PG10 -10691.563140  23707.142994  -4246.677042    -70.393340  5  4  7  85       
PG11  -9952.449489 -22706.929437   9620.202673   -549.699594  6  5  7  95       
PG12 -13676.618722  -6258.985291  21607.912988   -470.590188  7  2  3  64       
PG13 -10327.593831 -13462.504296 -20691.673624    618.482668  7  7  7  60       
PG14  13501.142090 -21410.429111  -7707.608871    305.917341  5  3  9  73       
PG15 -20075.648519  -5878.680881 -16973.151493    120.000503  6  7  8 107       
PG16   2367.610656  21605.691254 -15273.462521   -378.578441  8  7  8  33       
PG17  18279.489798 -12958.350793  14803.554980    719.208061 10  6  6  85       
PG18 -15094.558608   4723.550301 -21350.533719   -538.535083  8  5  7  70       
PG19   9323.574444 -14619.916744  19823.980018    430.292927 10  5  4  77       
PG20  -1817.548708 -25476.279104  -7540.985018    390.347147  7  6  6  76       
PG21  21024.990099  16943.727121   2705.029307    137.512741  4  4  4  77       
PG22  10160.400919 -24712.309229    579.511820     43.662864  4  4  6  90       
PG23 -15276.834846  15215.888228 -15361.716593    140.750938  8  7  7  86       
PG24 -21471.991141 -15234.585889   4503.838525   -418.799799  5  6  6  67       
PG25 -16472.558111   6571.819380  19349.357772    486.182108  5  5  6  92       
PG26  -2409.125863  25789.623571  -5052.716106    197.756819  7  6  8  74       
PG28  -1802.776651  17838.900141  19572.590640   -107.003864  6  4  6  71       
PG29 -26254.983020   4248.719970  -1056.663666   -608.305204 10  6  7  72       
PG30   8374.737122 -13805.354190 -20929.697561   -442.109696  8  6  5  85       
PG31   5959.109298  21689.191430  13588.662654   -227.456339  4     4  68       
PG32 -14312.835539  15062.571042  16617.341900   -607.007498  7  5  3  58       
*  2024  1 23  1 15  0.00000000
PG01  21340.526066  11243.923777  11154.963245    166.900205  4  6  8  83       
PG02  22221.880724  14213.972913   4583.194801   -496.849817  4  8  6  75       
PG03  13026.652311   7578.321384  21741.856142    144.363393  7  5  3  77       
PG04  23485.404853   2954.174321  12193.491654    272.968541  9  5  8  92       
PG05  -8170.462759 -18698.612879 -17128.669044   -158.977417  6  6  4  74       
PG06   1060.711920 -17498.475405  19988.945369    435.107016  4  6  4  50       
PG07  17964.489663  -1617.246878 -19163.282038    -43.938704  7  6  4  54       
PG08  17766.124991   7973.711904 -18335.983589   -163.409688  7  8  9  57       
PG09  25544.137678  -7355.604635    690.151403     67.587554  5  7  5  75       
PG10 -10709.752825  22998.684588  -7065.622032    -70.394199  5  4  7  89       
PG11  -8984.399507 -21909.471847  12103.366967   -549.711972  7  5  7  86       
PG12 -12790.501949  -8615.924873  21347.397605   -470.593408  7     4  64       
PG13  -7979.901515 -13755.390359 -21509.979654    618.485821  6  7  6  88       
PG14  13454.743782 -20334.314501 -10284.049714    305.926519  5  4  9  62       
PG15 -18337.062447  -6772.081893 -18560.382231    120.003917  6  7  7  90       
PG16   1599.149495  23011.258412 -13078.092205   -378.571012  7  7  8  59       
PG17  19777.745517 -13072.696217  12552.064642    719.206813 10  6  6  92       
PG18 -16677.162323   2931.583838 -20493.450045   -538.543142  8  4  7  82       
PG19  11555.181868 -14796.407748  18452.943575    430.297866 10  5  3  86       
PG20  -1485.053532 -26156.767142  -4831.239049    390.346077  6  6  6  65       
PG21  20978.853173  17137.520031    -91.078415    137.511942  4  4  4  67       
PG22  10323.721673 -24496.215567  -2259.806153     43.657041  4  3  6  81       
PG23 -14951.969064  13362.574836 -17297.984797    140.757826  8  7  7  88       
PG24 -21578.940866 -15722.634658   1756.926739   -418.806000  4  6  6  79       
PG25 -15971.905563   4271.262068  20392.738955    486.183241  5  5  6  92       
PG26  -2845.672012  26117.421170  -2277.151325    197.753539  7  6  8  47       
PG28  -3522.819027  16300.084760  20649.223332   -107.014425  6  4  6  50       
PG29 -26242.102441   4032.182013   1817.986112   -608.304881  9  6  7  76       
PG30  10103.393834 -12066.095975 -21261.317235   -442.105428  7  7  5  88       
PG31   4621.650918  20576.587386  15685.029638   -227.456429  4     3  85       
PG32 -16065.888421  15323.624393  14614.929315   -607.009903  6  6  3  78       
*  2024  1 23  1 30  0.00000000
PG01  22087.974995  12143.198705   8565.374767    166.901205  3  6  8  80       
PG02  22334.070794  14568.005800   1758.277552   -496.844950  5  7  6  64       
PG03  12451.822392   9985.391226  21111.479742    144.386145  7  5  2  80       
PG04  22073.858827   3541.554725  14453.859940    272.977200  9  4  8  77       
PG05  -7710.266387 -20467.207153 -15181.895134   -158.978130  5  6  5  74       
PG06   2810.884480 -15955.869179  21093.036835    435.094742  4  6  4  55       
PG07  19494.206658    -40.668030 -17761.918605    -43.947224  7  6  4  47       
PG08  15776.698186   8791.074655 -19699.033532   -163.411612  7  8  8  64       
PG09  25391.835391  -7030.232322   3523.571868     67.598634  5  7  5  77       
PG10 -10698.018948  21983.073441  -9759.818566    -70.396050  4  4  7  95       
PG11  -7786.779965 -20972.509142  14379.019964   -549.724291  7  5  7  75       
PG12 -12042.671786 -10965.069886  20710.096949   -470.596474  7     4  36       
PG13  -5579.627730 -14187.527566 -21965.973892    618.489449  6  7  6  73       
PG14  13391.280020 -18984.184617 -12681.539157    305.935696  5  5  8  72       
PG15 -16502.539917  -7817.830778 -19842.039842    120.007553  6  6  7  88       
PG16    980.971091  24208.457492 -10656.568764   -378.563978  7  6  9  86       
PG17  21014.096791 -13204.370799  10090.907689    719.205666 10  5  6  85       
PG18 -18269.289360   1310.503718 -19284.669700   -538.551202  8  4  7  70       
PG19  13603.358471 -15056.014088  16755.788553    430.302478 10  5  4  80       
PG20  -1203.715477 -26543.439763  -2039.079265    390.344621  6  5  6  26       
PG21  20695.626685  17148.259301  -2885.663075    137.510868  4  4  4  74       
PG22  10403.682980 -23984.958764  -5060.697116     43.651424  4  3  6  83       
PG23 -14689.196417  11295.870128 -18933.979772    140.764730  8  7  7  94       
PG24 -21466.178920 -16013.706037  -1019.604653   -418.812344  4  6  6  58       
PG25 -15565.164439   1853.239303  21072.788389    486.184370  5  5  6  97       
PG26  -3220.591991  26151.071357    538.438235    197.750243  6  5  8  82       
PG28  -5397.830470  14786.286707  21369.826095   -107.024991  6  4  6  63       
PG29 -25925.819163   3742.283281   4661.520185   -608.304558  8  5  7  67       
PG30  11923.047685 -10401.514325 -21222.608691   -442.101168  7  7  5  70       
PG31   3069.897691  19376.529573  17502.858843   -227.456771  4  1  3  62       
PG32 -17576.414900  15601.671028  12361.591432   -607.012293  6  6  2  72       
*  2024  1 23  1 45  0.00000000
PG01  22654.746613  12800.553572   5829.341666    166.902182  2  5  8  45       
PG02  22199.015280  14739.690069  -1096.306127   -496.839650  5  7  6  72       
PG03  12025.869185  12327.339040  20113.959720    144.408903  6  5     69       
PG04  20466.824798   4281.953508  16467.196153    272.985905  8  4  8  87       
PG05  -7370.060558 -22026.316697 -12975.736444   -158.979442  5  6  6  66       
PG06   4725.359520 -14449.011541  21835.693429    435.082456  4  6  3  70       
PG07  20959.080816   1339.688871 -16048.319285    -43.955785  6  5  4  66       
PG08  13706.036828   9764.410986 -20729.326443   -163.411712  7  7  7  76       
PG09  24963.490516  -6576.094008   6296.486024     67.609763  5  7  4  67       
PG10 -10695.881752  20672.060691 -12281.487472    -70.397853  4  5  7  92       
PG11  -6359.441983 -19938.295490  16408.155286   -549.736685  6  5  7  79       
PG12 -11439.114743 -13256.702918  19707.742326   -470.600326  7     4  63       
PG13  -3174.974119 -14756.909547 -22051.480334    618.492730  6  7  5  78       
PG14  13346.560874 -17378.065827 -14858.495305    305.944793  4  5  8  62       
PG15 -14614.598783  -9013.153289 -20797.406733    120.011092  5  6  6  81       
PG16    491.258731  25161.101305  -8049.769840   -378.556955  7  5  9  79       
PG17  21972.043717 -13315.376830   7460.554205    719.204619 10  5  6  89       
PG18 -19827.142762   -120.404222 -17745.400495   -538.559321  8  4  7  81       
PG19  15431.484728 -15368.455769  14762.191994    430.307424 10  5  5  74       
PG20   -937.941034 -26627.384613    787.837067    390.342442  5  5  6  40       
PG21  20154.503663  17006.568993  -5633.074160    137.509890  4  3  4  64       
PG22  10437.369666 -23174.261988  -7775.114007     43.645252  4  3  5  79       
PG23 -14517.844102   9053.118899 -20241.681645    140.771589  7  7  6  80       
PG24 -21112.821297 -16135.707335  -3779.090433   -418.818583  4  5  5  71       
PG25 -15270.580317   -635.938578  21377.854436    486.185541  6  5  6  97       
PG26  -3567.930365  25883.407849   3344.526182    197.746894  6  5  8  73       
PG28  -7397.715786  13335.494571  21721.940287   -107.035597  6  4  6  61       
PG29 -25321.842320   3343.851076   7425.226876   -608.304035  7  4  7  99       
PG30  13798.341417  -8843.514772 -20815.060776   -442.096905  6  6  5  85       
PG31   1316.203207  18132.896027  19010.184695   -227.457083  4  2  3  54       
PG32 -18824.291746  15859.134980   9895.394391   -607.014699  6  6  1  88       
*  2024  1 23  2  0  0.00000000
PG01  23004.933887  13234.759508   2994.124349    166.903129  3  5  7  53       
PG02  21794.172398  14759.332871  -3932.200169   -496.834911  5  6  6  62       
PG03  11742.867561  14554.600785  18767.157975    144.431664  6  5     54       
PG04  18705.665992   5188.817185  18198.912854    272.994585  7  4  7  71       
PG05  -7124.103098 -23341.087252 -10547.412051   -158.980626  4  5  7  75       
PG06   6772.341685 -13017.043908  22204.585833    435.070200  4  5  2  76       
PG07  22315.833373   2516.993112 -14054.465180    -43.963818  6  5  4  69       
PG08  11599.781201  10888.665667 -21408.489499   -163.413362  7  7  6  53       
PG09  24282.991360  -5964.206766   8961.165526     67.620980  5  6  4  73       
PG10 -10740.671475  19086.631123 -14585.885043    -70.398281  4  4  7  88       
PG11  -4710.782195 -18849.770695  18155.977915   -549.749089  6  5  7  73       
PG12 -10977.456637 -15441.841363  18358.603749   -470.603668  6     4  46       
PG13   -813.488948 -15453.399787 -21764.429807    618.495822  6  7  5  79       
PG14  13353.304410 -15541.867919 -16777.267363    305.953926  5  6  8  93       
PG15 -12715.297372 -10347.828376 -21410.916217    120.014720  6  6  6  84       
PG16    102.275970  25839.323104  -5302.287714   -378.549822  6  5  9  66       
PG17  22643.345731 -13366.230640   4704.582451    719.203582 10  5  6  68       
PG18 -21305.430561  -1350.227647 -15902.424084   -538.567428  8  4  6  97       
PG19  17010.255270 -15698.532696  12507.271272    430.312135  9  5  5  86       
PG20   -651.316226 -26408.218656   3601.345211    390.342014  4  5  6  40       
PG21  19341.841060  16746.927952  -8287.772986    137.509539  5  3  4  13       
PG22  10462.400971 -22068.644836 -10355.946923     43.639817  5  3  5  84       
PG23 -14460.787459   6677.329027 -21198.865875    140.778502  7  7  6  73       
PG24 -20504.729084 -16120.860597  -6475.572627   -418.824791  3  5  5  78       
PG25 -15098.757762  -3147.218121  21303.199290    486.186666  6  5  5  98       
PG26  -3922.469553  25316.001614   6091.594357    197.743491  6  5  7  27       
PG28  -9486.104848  11980.522727  21699.469354   -107.046165  6  5  6  66       
PG29 -24453.912384   2805.702537  10061.685825   -608.303483  6  3  7  57       
PG30  15689.597010  -7417.575399 -20046.611679   -442.092652  6  6  5  93       
PG31   -618.736040  16888.106224  20180.787828   -227.457092  4  3  3  42       
PG32 -19797.715903  16056.580876   7258.308138   -607.017095  6  6  1  81       
*  2024  1 23  2 15  0.00000000
PG01  23108.317674  13471.815138    108.187700    166.904083  3  5  7  51       
PG02  21104.658808  14661.550989  -6700.768873   -496.829659  5  6  6  46       
PG03  11588.714786  16620.584428  17094.990162    144.454390  5  5  1  43       
PG04  16834.976759   6267.781277  19619.164536    273.003301  6  4  7  73       
PG05  -6941.312945 -24383.395431  -7938.098782   -158.981971  4  5  7  60       
PG06   8913.620464 -11693.469314  22193.764478    435.057932  4  5  2  78       
PG07  23522.672828   3492.986123 -11816.843831    -43.972203  5  5  3  64       
PG08   9502.968983  12150.761806 -21723.912807   -163.413799  7  6  5  84       
PG09  23380.934640  -5171.222942  11471.639517     67.632187  5  6  3  62       
PG10 -10865.861767  17256.308561 -16632.169108    -70.399668  4  4  7  94       
PG11  -2857.620352 -17748.895676  19592.494083   -549.761386  6  5  6  80       
PG12 -10647.200780 -17474.006745  16687.103333   -470.606973  6  2  4  56       
PG13   1459.539591 -16259.036145 -21108.934417    618.499107  6  7  5  59       
PG14  13439.726186 -13508.515695 -18404.796045    305.963114  4  6  7  84       
PG15 -10844.827719 -11804.422652 -21672.363634    120.018003  6  5  6  72       
PG16   -218.393055  26220.789032  -2461.687121   -378.542656  6  5  8  58       
PG17  23028.277564 -13317.580639   1869.043491    719.202620  9  5  7  61       
PG18 -22659.044163  -2376.634538 -13787.616236   -538.575536  8  4  6  89       
PG19  18318.677730 -16007.634413  10030.923222    430.316809  9  4  5  87       
PG20   -308.193653 -25894.078943   6353.569922    390.340068  3  4  6  13       
PG21  18251.891596  16406.340885 -10804.991131    137.508085  5  3  4  61       
PG22  10515.313035 -20681.457957 -12757.854203     43.634122  5  3  4  80       
PG23 -14533.505320   4215.672403 -21789.465276    140.785410  6  7  6  67       
PG24 -19635.092890 -16004.322736  -9064.487148   -418.830999  3  5  5  55       
PG25 -15052.265308  -5630.574085  20851.041779    486.187819  6  5  5  97       
PG26  -4318.127537  24459.161268   8731.071957    197.740188  6  5  7  50       
PG28 -11621.583633  10747.839959  21302.785993   -107.056696  6  5  6  29       
PG29 -23352.897613   2102.048734  12525.574962   -608.302695  5  3  7  57       
PG30  17554.240810  -6141.936026 -18931.448187   -442.088373  6  6  5  59       
PG31  -2706.525163  15681.450019  20994.663835   -227.457264  4  3  2  70       
PG32 -20493.552313  16154.362453   4495.518419   -607.019500  6  6  2  78       
*  2024  1 23  2 30  0.00000000
PG01  22941.530137  13543.719481  -2779.607020    166.905063  4  5  7  59       
PG02  20124.042353  14483.837734  -9353.914597   -496.824559  6  5  6  66       
PG03  11541.816702  18483.306177  15126.963478    144.477074  5  4  2  64       
PG04  14900.975292   7516.268527  20703.363276    273.011999  4  4  6  81       
PG05  -6786.618155 -25132.863552  -5192.264957   -158.983426  3  5  7  65       
PG06  11105.871569 -10504.973519  21803.734697    435.045691  3  4  3  82       
PG07  24540.860314   4277.591339  -9375.677128    -43.980642  4  4  3  72       
PG08   7458.471002  13529.919510 -21669.026133   -163.415917  6  6  5  74       
PG09  22293.437088  -4180.547026  13784.494086     67.643399  5  6  3  72       
PG10 -11099.567714  15218.118920 -18384.186071    -70.401316  4  4  6  92       
PG11   -824.754690 -16675.038430  20693.021080   -549.773662  5  5  6  84       
PG12 -10430.304702 -19310.889258  14723.310268   -470.610467  5  2  4  17       
PG13   3602.612883 -17148.640522 -20095.271485    618.502737  6  6  5  68       
PG14  13628.321358 -11316.815061 -19713.184332    305.972253  4  6  6  82       
PG15  -9040.182941 -13358.783616 -21577.058159    120.021761  6  5  5  90       
PG16   -506.389710  26291.641350    422.327228   -378.535833  6  4  8  47       
PG17  23135.582571 -13131.853702   -998.235738    719.201335  9  5  7  97       
PG18 -23844.735273  -3205.748994 -11437.388387   -538.583630  7  4  5  86       
PG19  19344.737287 -16255.404087   7377.060232    430.321577  9  4  6  57       
PG20    124.752746 -25101.304923   8997.713551    390.338921  3  4  6  43       
PG21  16887.285104  16022.893814 -13141.424711    137.506723  6  3  3  38       
PG22  10629.959233 -19034.586734 -14938.099875     43.628268  5  3  4  84       
PG23 -14743.441597   1717.834101 -22003.817580    140.792295  6  7  6  91       
PG24 -18504.755787 -15822.728457 -11503.307991   -418.837234  3  5  5  87       
PG25 -15125.589305  -8036.809100  20030.450584    486.188968  6  5  5  95       
PG26  -4786.387098  23331.589170  11216.263514    197.736866  6  5  7  78       
PG28 -13759.128193   9656.655586  20538.726716   -107.067288  5  5  6  65       
PG29 -22055.627795   1213.695565  14774.447266   -608.302368  4  4  7  62       
PG30  19348.340883  -5027.086072 -17489.695556   -442.084176  6  6  5  80       
PG31  -4912.030038  14547.569341  21438.354749   -227.457154  5  4  2  63       
PG32 -20917.354112  16114.306293   1654.664384   -607.021902  6  6  2  61       
*  2024  1 23  2 45  0.00000000
PG01  22488.957791  13487.047912  -5620.786183    166.905951  4  5  6  30       
PG02  18854.836655  14264.996005 -11844.928219   -496.819508  6  5  5  80       
PG03  11574.074450  20106.844711  12897.619010    144.499904  5  4  3  64       
PG04  12949.841546   8923.406530  21432.610803    273.020718  2  5  6  73       
PG05  -6622.474679 -25577.595125  -2356.935382   -158.984398  3  5  7  48       
PG06  13302.155349  -9470.520072  21041.426563    435.033432  3  4  4  76       
PG07  25336.134078   4888.213400  -6774.119952    -43.988617  3  4  3  62       
PG08   5505.500708  14998.278530 -21243.487472   -163.416410  6  5  5  80       
PG09  21060.742066  -2983.196068  15859.634039     67.654537  5  6  2  84       
PG10 -11463.273767  13015.254243 -19811.159148    -70.402496  4  4  5  94       
PG11   1355.788970 -15663.472041  21438.608753   -549.785967  5  5  6  88       
PG12 -10302.066917 -20915.840402  12502.332194   -470.613844  5  2  4  43       
PG13   5579.418570 -18090.715227 -18739.773782    618.506176  6  6  5  75       
PG14  13934.887461  -9010.099594 -20680.168791    305.981423  4  6  6  78       
PG15  -7333.941518 -14980.776581 -21125.914230    120.025565  6  4  5  67       
PG16   -798.969497  26047.125007   3298.819111   -378.528469  6  4  8  68       
PG17  22982.117515 -12774.869751  -3848.405688    719.200395  8  5  7  90       
PG18 -24822.728431  -3851.703732  -8892.060593   -538.591725  7  4  5  53       
PG19  20085.699002 -16401.485007   4592.762157    430.326724  9  4  6  66       
PG20    677.063576 -24053.825081  11488.824022    390.337949  2  4  6  41       
PG21  15259.231040  15634.238610 -15255.959537    137.505359  6  3  3  76       
PG22  10835.993140 -17157.824525 -16857.380186     43.622661  5  3  4  83       
PG23 -15089.696035   -765.725064 -21838.796433    140.799196  6  7  5  86       
PG24 -17122.268999 -15612.707303 -13752.145821   -418.843459  3  4  5  99       
PG25 -15305.434000 -10319.305203  18857.095157    486.190125  6  5  5  99       
PG26  -5354.824538  21959.705750  13503.242910    197.733597  6  5  7  59       
PG28 -15851.686620   8718.298150  19420.473855   -107.077847  5  5  6  74       
PG29 -20603.508722    128.993831  16769.464185   -608.301404  4  4  6  84       
PG30  21028.195270  -4075.566315 -15747.007859   -442.079827  5  6  5  63       
PG31  -7194.607667  13515.155299  21505.138911   -227.457321  5  5  2  70       
PG32 -21083.049637  15901.363729  -1214.986409   -607.024252  6  6  3  74       
*  2024  1 23  3  0  0.00000000
PG01  21743.357939  13341.387662  -8368.014536    166.906938  5  5  6  16       
PG02  17308.666669  14043.494977 -14129.357545   -496.814520  6  5  5  73       
PG03  11652.129389  21462.558557  10445.891565    144.522702  5  4  4  47       
PG04  11026.062736  10470.270086  21794.039095    273.029464  1  5  5  75       
PG05  -6410.498481 -25714.599192    519.101953   -158.986379  3  4  7  54       
PG06  15453.555824  -8600.751506  19920.061352    435.021126  3  3  4  81       
PG07  25879.943347   5348.766783  -4057.449463    -43.997045  2  4  3  47       
PG08   3678.253768  16521.807853 -20453.275482   -163.418033  5  5  5  60       
PG09  19725.674421  -1578.367937  17660.992961     67.665664  6  5  3  79       
PG10 -11970.846316  10695.494641 -20888.261206    -70.403519  4  4  5 103       
PG11   3645.786828 -14744.042011  21816.365755   -549.798320  5  5  5  81       
PG12 -10232.282453 -22259.135324  10063.619935   -470.617420  4  3  5  47       
PG13   7360.042297 -19048.597075 -17064.623620    618.509413  6  6  6  50       
PG14  14367.825600  -6634.712013 -21289.484145    305.990590  4  6  5  54       
PG15  -5753.208257 -16635.243378 -20325.480642    120.028802  6  4  5  67       
PG16  -1133.299011  25491.862195   6116.586537   -378.521451  6  5  7  79       
PG17  22592.194033 -12217.362807  -6632.396041    719.198826  7  5  7  87       
PG18 -25558.209184  -4335.888843  -6195.176585   -538.599783  7  5  5  53       
PG19  20548.036252 -16407.273942   1727.365430    430.330954  8  4  6  71       
PG20   1373.175351 -22782.271240  13784.531853    390.335946  3  3  5  40       
PG21  13387.420508  15276.057428 -17110.418715    137.504387  7  3  3  64       
PG22  11157.498921 -15087.929546 -18480.619550     43.616776  5  3  3  79       
PG23 -15563.053656  -3185.524946 -21297.826154    140.806090  5  7  5  87       
PG24 -15503.682841 -15409.425067 -15774.298989   -418.849719  3  4  5  85       
PG25 -15571.349516 -12435.654744  17352.865742    486.191286  6  5  4  88       
PG26  -6045.801796  20376.669652  15551.691301    197.730324  6  5  7  60       
PG28 -17851.848257   7935.910292  17967.326992   -107.088448  5  6  6  72       
PG29 -19040.969415  -1155.499993  18476.072906   -608.301019  4  5  6  91       
PG30  22551.909188  -3282.087055 -13734.070044   -442.075533  5  6  5  50       
PG31  -9509.553085  12605.912324  21195.079528   -227.457627  5  5  2  62       
PG32 -21012.304171  15485.163314  -4063.411254   -607.026691  6  6  3  62       
*  2024  1 23  3 15  0.00000000
PG01  20706.172924  13147.691687 -10975.805557    166.907856  5  5  5  49       
PG02  15506.085894  13855.814365 -16165.875575   -496.809272  6  5  5  62       
PG03  11738.814282  22530.022006   7814.401047    144.545496  4  4  4  67       
PG04   9170.848979  12130.441393  21781.052758    273.038220  2  5  5  78       
PG05  -6113.147919 -25549.883144   3386.135056   -158.988573  3  4  7  34       
PG06  17510.899122  -7897.717344  18458.917796    435.008880  3  3  4  88       
PG07  26150.452222   5688.481879  -1272.262023    -44.005696  2  4  3  60       
PG08   2004.731090  18061.474023 -19310.678535   -163.419309  4  5  5  77       
PG09  18332.002875     26.307386  19157.177959     67.676761  6  5  3  70       
PG10 -12627.872498   8309.455708 -21597.059371    -70.404318  4  3  4 101       
PG11   6002.087347 -13940.053836  21819.685042   -549.810631  5  5  5  84       
PG12 -10186.615285 -23318.957568   7450.203946   -470.621107  4  2  4  47       
PG13   8921.947785 -19981.830311 -15097.549350    618.512611  6  6  6  74       
PG14  14927.746146  -4238.380862 -21531.116301    305.999752  4  6  4  55       
PG15  -4318.747823 -18283.154227 -19187.904405    120.032406  5  4  5  75       
PG16  -1544.733983  24639.754427   8825.162189   -378.514314  6  5  7  59       
PG17  21996.633315 -11436.347085  -9301.755784    719.198105  6  5  7  64       
PG18 -26022.632967  -4685.927269  -3392.772054   -538.607901  6  5  4  62       
PG19  20746.991027 -16237.605998  -1168.487353    430.335955  8  5  6  68       
PG20   2231.296761 -21322.853582  15845.745906    390.334551  4  2  5  64       
PG21  11299.614714  14980.563105 -18670.320304    137.503406  7  4  3  51       
PG22  11611.830945 -12867.393711 -19777.714553     43.610964  5  3  3  71       
PG23 -16146.349015  -5494.774024 -20390.782749    140.812966  5  7  5  89       
PG24 -13672.083284 -15245.197596 -17536.755758   -418.855935  3  3  5  93       
PG25 -15896.655245 -14349.105524  15545.377236    486.192421  6  5  4  77       
PG26  -6875.378585  18621.135114  17325.658495    197.727020  6  5  6  40       
PG28 -19713.535953   7304.471091  16204.367795   -107.099040  5  6  6  55       
PG29 -17413.800879  -2634.679963  19864.615333   -608.300203  4  5  6  81       
PG30  23880.900992  -2633.952750 -11486.023943   -442.071245  5  6  5  68       
PG31 -11809.699988  11833.827860  20514.936371   -227.457508  5  6  2  65       
PG32 -20733.578050  14841.398647  -6840.737169   -607.029097  5  5  4  78       
*  2024  1 23  3 30  0.00000000
PG01  19387.537081  12946.610184 -13401.186110    166.908821  5  6  4  50       
PG02  13476.039496  13734.844569 -17917.127550   -496.804291  6  5  5  80       
PG03  11794.751506  23297.646689   5048.690055    144.568296  4  5  4  72       
PG04   7420.679410  13870.869121  21393.467710    273.046960  3  5  4  60       
PG05  -5695.389823 -25098.206380   6194.398669   -158.990182  4  5  7  59       
PG06  19426.487553  -7354.937509  16683.002455    434.996564  2  3  4  79       
PG07  26133.285105   5940.541815   1534.308407    -44.013971  1  4  3  50       
PG08    505.793417  19574.629099 -17834.174334   -163.420208  4  5  6  75       
PG09  16922.773544   1814.845950  20322.036425     67.687829  6  5  3  78       
PG10 -13431.351711   5908.736189 -21925.822784    -70.405972  4  3  4  98       
PG11   8378.074856 -13267.423445  21448.364544   -549.822941  6  5  5  86       
PG12 -10128.128010 -24082.071750   4707.881433   -470.624557  3  3  4  48       
PG13  10250.685722 -20847.710389 -12871.424150    618.515830  6  6  7  53       
PG14  15607.392480  -1868.556161 -21401.441503    306.008932  3  6  4  81       
PG15  -3044.341841 -19882.917940 -17730.825737    120.035894  5  4  5  54       
PG16  -2065.154600  23513.508426  11375.822785   -378.507229  6  5  6  73       
PG17  21231.562520 -10416.269534 -11809.518267    719.196793  6  5  7  74       
PG18 -26194.806725  -4934.417232   -532.607550   -538.615997  5  6  4  64       
PG19  20705.788114 -15862.299220  -4043.813532    430.340471  8  5  7  81       
PG20   3262.522171 -19716.037960  17637.298074    390.333240  5  2  5  69       
PG21   9030.917203  14775.095384 -19905.628469    137.502196  7  4  3  74       
PG22  12208.718254 -10542.965714 -20724.203637     43.605488  5  3  4  71       
PG23 -16815.148376  -7650.964339 -19133.785603    140.819832  5  7  5  77       
PG24 -11656.891584 -15148.221771 -19010.646891   -418.862167  3  3  5  80       
PG25 -16249.614153 -16029.765165  13467.374079    486.193602  6  5  5  82       
PG26  -7852.491126  16735.799721  18794.229775    197.723730  5  5  6  65       
PG28 -21393.656173   6811.144302  14162.024122   -107.109689  5  6  6  83       
PG29 -15767.449766  -4294.879604  20910.857427   -608.299632  5  5  5  91       
PG30  24981.280798  -2111.771757  -9041.830965   -442.066966  5  6  5  61       
PG31 -14047.107345  11204.771743  19477.948742   -227.457921  5  6  2  77       
PG32 -20280.916117  13952.991778  -9498.158743   -607.031455  5  3  4  73       
*  2024  1 23  3 45  0.00000000
PG01  17805.981225  12776.857727 -15604.311522    166.909845  5  6  4  27       
PG02  11254.982789  13708.412334 -19350.533425   -496.799246  6  5  4  76       
PG03  11780.034303  23762.968706   2196.422735    144.591192  4  5  5  29       
PG04   5806.034699  15652.995819  20637.542144    273.055674  4  5  4  62       
PG05  -5126.282013 -24382.500600   8894.960550   -158.990889  4  5  7  51       
PG06  21155.785153  -6957.797438  14622.629637    434.984208  2  3  4  76       
PG07  25821.996023   6140.605994   4315.339769    -44.022360     4  2  87       
PG08   -805.511748  21016.569188 -16048.195760   -163.422147  4  6  6  54       
PG09  15538.679783   3763.316940  21135.133352     67.698892  5  4  4  71       
PG10 -14369.750188   3544.044085 -21869.689269    -70.408274  3  3  5 100       
PG11  10725.271826 -12734.123224  20708.620525   -549.835272  6  5  5  82       
PG12 -10018.904253 -24544.163405   1884.372976   -470.628116  3  3  4  38       
PG13  11340.300919 -21602.942882 -10423.768715    618.519195  6  6  7  78       
PG14  16391.883557    429.231535 -20903.251634    306.018096  3  6  3  67       
PG15  -1936.394798 -21391.809895 -15977.199956    120.039235  5  3  5  73       
PG16  -2721.433922  22143.800098  13722.579532   -378.500103  7  5  6  58       
PG17  20336.993154  -9149.895810 -14111.075137    719.196003  6  5  7  57       
PG18 -26061.703797  -5117.490021   2336.622433   -538.624091  5  6  4  52       
PG19  20454.540684 -15257.494725  -6848.248497    430.345197  7  5  7  58       
PG20   4470.216158 -18005.074120  19128.527687    390.332070  5  2  4  49       
PG21   6622.739631  14680.874539 -20791.477393    137.501228  7  5  2  65       
PG22  12949.680090  -8163.983689 -21301.840167     43.599467  5  3  4  82       
PG23 -17538.720909  -9617.294090 -17548.886006    140.826693  5  7  5  69       
PG24  -9492.950978 -15141.464345 -20171.647764   -418.868378  3  3  5  80       
PG25 -16594.804225 -17455.521879  11156.054809    486.194771  6  4  5  69       
PG26  -8978.431802  14765.804678  19932.083365    197.720397  5  5  6  67       
PG28 -22853.643367   6435.938205  11875.541053   -107.120277  5  6  5  74       
PG29 -14145.332507  -6114.196598  21596.428635   -608.299193  5  6  5  60       
PG30  25825.051692  -1690.419490  -6443.584393   -442.062751  5  5  5  60       
PG31 -16174.762691  10716.434524  18103.500809   -227.458195  4  6  3  77       
PG32 -19692.515667  12810.980723 -11988.848948   -607.033836  4  2  5  81       
*  2024  1 23  4  0  0.00000000
PG01  15987.848788  12673.671139 -17549.028284    166.910908  5  6  4  77       
PG02   8885.680646  13797.999634 -20439.020916   -496.793948  6  5  4  73       
PG03  11655.925015  23932.594362   -693.440278    144.614031  4  6  5  33       
PG04   4350.365255  17434.112490  19525.897371    273.064377  4  5  4  78       
PG05  -4380.407074 -23432.976241  11440.605997   -158.992801  4  5  7  52       
PG06  22658.992483  -6684.259109  12312.917257    434.971906  3  2  4  70       
PG07  25218.254559   6325.276832   7024.831596    -44.030535  1  4  2  76       
PG08  -1924.319534  22342.205913 -13982.780858   -163.423444  4  7  6  70       
PG09  14216.532584   5840.565215  21582.129216     67.709972  5  3  3  82       
PG10 -15423.412709   1263.379003 -21430.690974    -70.409783  4  3  5 101       
PG11  12995.019648 -12339.945205  19612.992718   -549.847558  6  5  5  90       
PG12  -9821.697403 -24709.839333   -971.533244   -470.631703  3  3  4  63       
PG13  12193.417757 -22205.355725  -7796.161501    618.522501  6  6  7  59       
PG14  17259.263482   2612.926019 -20045.667827    306.027300  3  6  2  43       
PG15   -993.807136 -22767.472070 -13955.041829    120.042572  4  3  6  48       
PG16  -3534.110525  20568.108739  15823.121081   -378.492714  7  5  5  72       
PG17  19355.232661  -7638.884995 -16165.040383    719.195029  5  5  6  19       
PG18 -25618.982454  -5273.237966   5166.092569   -538.632183  4  6  4  37       
PG19  20028.897515 -14406.738227  -9532.973534    430.350030  7  5  6  79       
PG20   5849.693210 -16234.428903  20293.797049    390.331136  5  2  4  68       
PG21   4121.484719  14711.972973 -21308.843407    137.500227  7  5  2  74       
PG22  13827.786247  -5780.583905 -21499.047798     43.593980  5  4  4  74       
PG23 -18281.259382 -11363.865939 -15663.660031    140.833558  5  7  5  59       
PG24  -7219.430233 -15241.744446 -21000.328775   -418.874580  3  3  5  83       
PG25 -16894.626911 -18612.652231   8652.335491    486.195942  6  4  5  79       
PG26 -10246.650220  12757.055674  20719.927354    197.717076  5  5  6  76       
PG28 -24060.839104   6152.650562   9384.368230   -107.130878  6  6  5  54       
PG29 -12587.235179  -8063.143232  21909.162465   -608.298631  5  6  5  61       
PG30  26391.091094  -1340.214657  -3735.784041   -442.058476  5  5  5  77       
PG31 -18148.234368  10358.599573  16416.682597   -227.458266  4  6  3  69       
PG32 -19009.130461  11415.090644 -14268.842096   -607.036173  4     5  80       
*  2024  1 23  4 15  0.00000000
PG01  13966.446164  12667.409129 -19203.382270    166.911997  5  6  4  56       
PG02   6415.729531  14017.717804 -21161.664059   -496.788955  6  6  4  83       
PG03  11386.504702  23821.810621  -3571.476309    144.636821  4  6  5  57       
PG04   3069.335762  19168.889949  18077.327881    273.073040  4  5  4  64       
PG05  -3439.097079 -22285.947820  13786.702384   -158.994168  4  5  7  53       
PG06  23902.452453  -6505.860700   9793.206071    434.959518  3  2  3  65       
PG07  24331.750729   6530.564795   9618.369861    -44.039071  2  4  1  80       
PG08  -2853.993363  23507.786477 -11673.107629   -163.425146  4  7  6  78       
PG09  12987.892114   8009.223038  21655.050227     67.721037  5  3  3  63       
PG10 -16565.310053   -889.655584 -20617.643077    -70.411254  4  3  6 102       
PG11  15140.174498 -12076.590913  18180.142026   -549.859873  6  5  5  86       
PG12  -9501.540236 -24592.295349  -3810.832825   -470.635156  3  3  4  78       
PG13  12820.995764 -22615.599006  -5033.562515    618.525776  6  6  7  89       
PG14  18181.334510   4645.355852 -18843.946490    306.036486  3  6  2  69       
PG15   -208.126098 -23969.435221 -11697.088143    120.046250  4  3  6  62       
PG16  -4516.327854  18829.270384  17639.681113   -378.485917  7  5  4  52       
PG17  18329.189885  -5894.019404 -17934.083565    719.193834  5  5  6  47       
PG18 -24871.189234  -5440.071934   7907.650415   -538.640283  4  6  5  46       
PG19  19468.492302 -13301.761262 -12051.593202    430.354520  6  5  6  56       
PG20   7388.206134 -14448.182070  21112.930125    390.329293  5  3  4  66       
PG21   1576.984960  14874.561048 -21445.137916    137.498763  7  5  2  84       
PG22  14827.780988  -3441.860345 -21311.239537     43.588039  5  4  4  71       
PG23 -19003.301841 -12868.618198 -13510.714496    140.840472  4  7  6  57       
PG24  -4878.578925 -15459.040028 -21482.452295   -418.880775  3  3  5  85       
PG25 -17110.889089 -19496.100403   6000.070944    486.197111  6  4  5  68       
PG26 -11642.881730  10754.534806  21144.808848    197.713732  5  4  6  68       
PG28 -24989.652850   5930.061052   6731.474375   -107.141505  5  7  4  56       
PG29 -11127.861500 -10105.599795  21843.330773   -608.297865  5  6  5  48       
PG30  26665.878760  -1028.261297   -964.585623   -442.054228  4  5  4  88       
PG31 -19927.209397  10113.730264  14447.761380   -227.458508  4  6  3  74       
PG32 -18272.376363   9773.961392 -16297.868170   -607.038552  4     5  81       
*  2024  1 23  4 30  0.00000000
PG01  11780.957402  12782.339514 -20540.070682    166.913057  5  6  4  72       
PG02   3895.858985  14373.589537 -21504.203314   -496.783677  6  6  4  84       
PG03  10940.211500  23453.878872  -6388.630737    144.659655  3  7  5  79       
PG04   1970.376435  20811.029094  16316.501932    273.081761  5  5  4  86       
PG05  -2291.396740 -20982.423186  15892.025158   -158.995781  4  4  6  69       
PG06  24859.835064  -6388.967033   7106.410602    434.947106  3  2  4  69       
PG07  23179.829755   6790.403937  12053.744068    -44.047103  2  4     83       
PG08  -3605.839583  24472.593691  -9158.917472   -163.427935  4  8  5  74       
PG09  11877.914881  10226.972975  21352.444744     67.732053  4  3  2  80       
PG10 -17762.086775  -2877.343816 -19445.903200    -70.412302  4  3  6 104       
PG11  17116.753987 -11928.084948  16434.543248   -549.872212  6  6  4  96       
PG12  -9027.253599 -24212.671037  -6585.136977   -470.638644  4  4  4  60       
PG13  13241.759963 -22798.764981  -2183.559268    618.528857  6  6  8  66       
PG14  19124.739230   6495.448262 -17319.183524    306.045619  2  6  1  39       
PG15    436.023894 -24960.610113  -9240.374962    120.049525  3  3  6  57       
PG16  -5673.090345  16973.813537  19139.804899   -378.478379  6  5  3  73       
PG17  17300.642529  -3935.069325 -19385.709787    719.193412  5  4  5  60       
PG18 -23831.639628  -5655.070069  10514.609212   -538.648434  3  6  5  73       
PG19  18815.262466 -11942.934449 -14360.944787    430.359413  6  5  6  57       
PG20   9065.245617 -12688.444002  21571.567161    390.328377  4  4  4  76       
PG21   -959.249237  15166.475363 -21194.692054    137.497479  6  6  2  80       
PG22  15926.572421  -1194.054886 -20740.985573     43.582252  5  4  4  71       
PG23 -19663.298889 -14117.956575 -11127.115637    140.847332  4  7  6  60       
PG24  -2514.373716 -15796.042323 -21609.213540   -418.886986  4  4  5  81       
PG25 -17206.394653 -20109.427119   3245.251739    486.198242  5  3  5  80       
PG26 -13145.594961   8800.673174  21200.292054    197.710332  5  5  6  66       
PG28 -25622.459827   5733.323888   3962.601193   -107.152115  6  7  4  57       
PG29  -9795.586030 -12200.036043  21399.766076   -608.297209  4  6  5  44       
PG30  26643.947686   -719.904299   1822.963378   -442.049964  4  4  4  80       
PG31 -21476.860441   9957.841666  12231.578908   -227.458703  4  6  3  25       
PG32 -17523.009220   7905.018855 -18040.118494   -607.040998  4  2  5  70       
*  2024  1 23  4 45  0.00000000
PG01   9475.159979  13035.653648 -21536.835950    166.914178  4  6  3  72       
PG02   1378.082477  14863.178467 -21459.425809   -496.778477  5  6  4  93       
PG03  10291.210239  22859.042016  -9097.029772    144.682431  3  7  6  60       
PG04   1052.559608  22314.966897  14273.556024    273.090479  5  6  4  81       
PG05   -934.722653 -19566.512209  17719.526931   -158.996952  5  5  6  67       
PG06  25513.056869  -6296.223743   4298.311044    434.934697  4  2  4  71       
PG07  21786.875291   7135.266083  14291.515392    -44.055341  2  4     85       
PG08  -4198.497612  25200.555927  -6483.834624   -163.429325  4  8  5  52       
PG09  10904.462590  12448.013611  20679.421867     67.743094  4  3  2  70       
PG10 -18975.362079  -4669.096367 -17937.012129    -70.414316  4  3  6 105       
PG11  18885.471814 -11871.496858  14406.077103   -549.884454  6  6  4  96       
PG12  -8372.798070 -23599.122321  -9247.471584   -470.642123  4  4  3  60       
PG13  13481.323859 -22725.862160    704.453827    618.532145  6  6  8  76       
PG14  20052.248620   8139.202671 -15497.923955    306.054767  2  6  1  22       
PG15    960.239169 -25708.693008  -6625.727396    120.053256  2  3  7  33       
PG16  -7000.871078  15050.151585  20296.992769   -378.471632  6  5  2  67       
PG17  16308.539241  -1790.288015 -20492.963357    719.192575  5  4  5  58       
PG18 -22521.980264  -5952.379798  12942.518435   -538.656551  3  5  5  77       
PG19  18111.708367 -10339.379687 -16421.825545    430.364088  5  5  5  50       
PG20  10853.142049 -10993.854119  21661.428777    390.326970  4  5  4  81       
PG21  -3435.904138  15577.145669 -20559.104197    137.496121  5  6  3  81       
PG22  17094.071475    921.141470 -19798.019754     43.576244  5  4  4  66       
PG23 -20219.266295 -15107.065595  -8553.750850    140.854163  3  6  6  77       
PG24   -171.098502 -16247.975568 -21377.421865   -418.893177  4  4  5  95       
PG25 -17146.484008 -20464.439271    435.193429    486.199400  5  3  6  61       
PG26 -14726.736408   6933.849558  20886.505843    197.707012  5  5  5  68       
PG28 -25950.201611   5525.505533   1125.469965   -107.162721  5  7  3  57       
PG29  -8611.461917 -14300.954937  20585.868178   -608.296979  4  6  6  41       
PG30  26328.044425   -380.243099   4579.690260   -442.045833  4  4  4  74       
PG31 -22768.993993   9861.616193   9806.889983   -227.458787  4  6  3  56       
PG32 -16799.247359   5833.993120 -19464.924310   -607.043427  5  3  6  84       
*  2024  1 23  5  0  0.00000000
PG01   7095.984071  13436.740789 -22176.799488    166.915291  4  6  3  80       
PG02  -1086.222611  15475.590127 -21027.388415   -496.773357  5  6  4  97       
PG03   9420.542972  22073.284933 -11650.764027    144.705299  4  7  6  52       
PG04    306.807685  23637.571974  11983.588746    273.099159  5  6  3  65       
PG05    624.811347 -18083.718719  19237.032223   -158.998113  5  5  6  59       
PG06  25852.900445  -6188.160424   1416.796288    434.922311  4  2  4  65       
PG07  20183.466199   7590.916927  16295.535794    -44.063677  3  4  1  82       
PG08  -4657.026279  25661.698670  -3694.592618   -163.430329  4  8  5  69       
PG09  10077.508366  14624.671265  19647.570599     67.754233  4  3  2  81       
PG10 -20163.227285  -6242.392657 -16118.228710    -70.415640  3  3  6  97       
PG11  20413.101576 -11877.943899  12129.527534   -549.896765  6  5  4  89       
PG12  -7518.420196 -22785.652162 -11753.032278   -470.645358  5  4  3  47       
PG13  13571.035994 -22375.081339   3580.148632    618.535445  5  6  7  79       
PG14  20924.205380   9560.389624 -13411.685379    306.063920  2  6  2  58       
PG15   1391.381212 -26187.430575  -3897.161653    120.056661  2  4  7  89       
PG16  -8487.588402  13106.713038  21091.203117   -378.464221  6  5  2  84       
PG17  15387.410247    504.451010 -21235.032576    719.191356  5  4  4  58       
PG18 -20971.448225  -6361.733248  15149.900948   -538.664610  4  5  5  72       
PG19  17399.164055  -8508.742655 -18199.626833    430.368711  5  5  5  56       
PG20  12717.949570  -9398.216383  21380.484004    390.325753  3  5  4  80       
PG21  -5803.780246  16087.900896 -19547.423852    137.495020  4  6  3  80       
PG22  18294.347079   2868.099488 -18499.080250     43.570637  4  4  4  57       
PG23 -20630.460201 -15839.890835  -5834.634375    140.861049  3  6  6  24       
PG24   2108.095972 -16802.691862 -20789.618039   -418.899334  4  4  5  99       
PG25 -16900.464255 -20580.522800  -2382.267395    486.200570  5  3  5  60       
PG26 -16352.737890   5187.073637  20210.064782    197.703835  5  5  5  73       
PG28 -25972.666744   5269.206821  -1731.045036   -107.173335  5  7  2  57       
PG29  -7588.522839 -16360.503675  19415.493496   -608.296335  4  7  6  36       
PG30  25728.995790     24.352938   7259.055714   -442.041540  4  4  3  87       
PG31 -23782.941909   9791.714855   7215.657384   -227.459124  4  6  3  41       
PG32 -16135.209442   3594.102019 -20547.332132   -607.045806  5  4  6  81       
*  2024  1 23  5 15  0.00000000
PG01   4691.962304  13986.747400 -22448.732770    166.916431  4  6  3  81       
PG02  -3448.220269  16191.850125 -20215.471603   -496.768385  4  6  4  92       
PG03   8317.018756  21136.896726 -14006.632034    144.728133  5  6  6  36       
PG04   -283.574643  24739.763255   9486.061691    273.107865  5  7  2  54       
PG05   2372.418796 -16579.185053  20417.841813   -158.999639  5  5  5  71       
PG06  25879.310046  -6024.882318  -1488.930933    434.909934  5  3  4  35       
PG07  18405.337446   8177.351709  18033.418729    -44.072021  3  4  2  88       
PG08  -5011.720937  25833.374366   -840.182339   -163.432502  4  8  4  58       
PG09   9398.864082  16709.094732  18274.760424     67.765287  4  4  3  81       
PG10 -21281.876984  -7583.395584 -14021.973374    -70.417548  3  3  6  97       
PG11  21673.617109 -11913.836229   9643.992072   -549.909091  6  5  3  91       
PG12  -6451.553819 -21810.747186 -14059.886325   -470.649049  5  5  2  67       
PG13  13546.593415 -21732.798452   6393.172572    618.538542  5  6  7  86       
PG14  21700.066703  10750.951597 -11096.404594    306.073049  2  6  1  55       
PG15   1760.396254 -26377.691451  -1101.201773    120.060157  2  4  7  48       
PG16 -10112.950931  11190.093093  21509.203131   -378.457267  6  5  2  73       
PG17  14565.957906   2906.845239 -21597.734737    719.190703  5  4  4  49       
PG18 -19215.854087  -6907.132275  17098.945926   -538.672715  4  5  5  75       
PG19  16716.147804  -6476.640671 -19664.867576    430.373706  5  5  4  66       
PG20  14620.581653  -7929.323696  20733.017776    390.324378  3  6  4  97       
PG21  -8017.664770  16672.655876 -18176.150106    137.494143  4  6  3  97       
PG22  19487.047930   4618.505999 -16867.586101     43.565010  4  4  4  46       
PG23 -20859.011868 -16328.795189  -3016.168164    140.867887  2  6  6  73       
PG24   4282.605598 -17441.042984 -19854.122185   -418.905493  4  4  5  75       
PG25 -16442.879141 -20483.711349  -5159.557676    486.201716  4  4  6  79       
PG26 -17985.742669   3586.902937  19183.870614    197.700510  5  4  5  55       
PG28 -25698.441115   4928.205618  -4557.761649   -107.183981  5  6  2  84       
PG29  -6731.407268 -18330.189905  17908.727740   -608.295801  4  7  6  53       
PG30  24865.289103    524.783087   9815.894888   -442.037308  4  4  3  92       
PG31 -24506.169220   9712.230282   4502.317279   -227.459523  4  6  3  69       
PG32 -15559.533365   1224.933365 -21268.562618   -607.048234  5  5  6  83       
*  2024  1 23  5 30  0.00000000
PG01   2311.620563  14678.438127 -22347.262472    166.917557  4  7  4  82       
PG02  -5663.419726  16985.646343 -19038.258441   -496.763226  2  6  4  97       
PG03   6977.811030  20092.889605 -16124.833963    144.751009  5  6  6  69       
PG04   -742.064042  25587.987658   6824.117261    273.116533  5  8  2  67       
PG05   4285.016435 -15095.961022  21241.232776   -159.000804  5  6  5  79       
PG06  25601.351330  -5767.786419  -4369.174983    434.897570  5  3  5  71       
PG07  16492.180275   8907.942202  19476.962201    -44.080246  3  4  2  82       
PG08  -5296.708665  25701.215630   2029.060401   -163.433691  4  8  4  64       
PG09   8862.239567  18654.966469  16584.826637     67.776389  3  4  3  78       
PG10 -22287.307580  -8687.222094 -11685.195634    -70.418961  2  4  6  95       
PG11  22649.065060 -11942.316426   6992.214683   -549.921505  5  5  3  97       
PG12  -5167.446999 -20715.873504 -16129.613988   -470.652392  5  5  2  75       
PG13  13446.476248 -20794.268863   9094.075431    618.541950  4  5  7  90       
PG14  22339.987566  11711.093479  -8591.817516    306.082207  2  6  1  28       
PG15   2100.949311 -26268.296036   1713.883320    120.063347  2  5  8  53       
PG16 -11849.152455   9343.307737  21544.761318   -378.449943  5  5  2  76       
PG17  13865.892217   5369.637367 -21573.863303    719.189494  5  4  4  59       
PG18 -17296.325380  -7605.753368  18756.147042   -538.680795  5  5  5  73       
PG19  16096.855078  -4275.813250 -20793.622696    430.377983  4  5  4  49       
PG20  16518.157759  -6608.016583  19729.594584    390.323098  3  6  4 101       
PG21 -10038.067492  17298.959445 -16469.029952    137.492744  3  6  4  70       
PG22  20629.027609   6152.304871 -14933.157693     43.558956  3  3  4  30       
PG23 -20871.460891 -16593.904211   -146.369402    140.874729  2  6  6  90       
PG24   6315.711372 -18137.522568 -18585.006383   -418.911674  5  4  5  80       
PG25 -15754.575630 -20205.531262  -7850.122647    486.202856  4  4  5 104       
PG26 -19584.998121   2152.631662  17826.803629    197.697184  5  4  4  56       
PG28 -25144.530699   4469.055443  -7306.038482   -107.194575  5  6  3  34       
PG29  -6036.320485 -20162.636338  16091.544964   -608.295473  4  7  6  35       
PG30  23762.382976   1147.860889  12207.132007   -442.033047  3  4  2  94       
PG31 -24934.582295   9586.224480   1713.028045   -227.459588  4  6  3  77       
PG32 -15094.233742  -1228.927619 -21616.343124   -607.050626  5  5  5  78       
*  2024  1 23  5 45  0.00000000
PG01      1.862820  15496.366330 -21873.005798    166.918684  4  7  5  88       
PG02  -7693.295166  17824.403318 -17517.239972   -496.757975     6  4 103       
PG03   5408.741729  18985.333688 -17969.606891    144.773896  6  5  6  84       
PG04  -1097.810577  26155.497680   4043.825231    273.125252  5  9  3  73       
PG05   6331.937521 -13673.368380  21692.842750   -159.001925  4  6  5  70       
PG06  25036.835449  -5381.236528  -7174.581901    434.885183  4  3  5  67       
PG07  14486.320410   9788.820383  20602.524749    -44.088510  4  4  2  94       
PG08  -5548.379768  25259.768122   4862.407099   -163.436196  4  8  4  90       
PG09   8453.630942  20419.162776  14607.146222     67.787488  3  5  4  81       
PG10 -23137.016243  -9557.866897  -9148.681172    -70.419778  2  4  6 105       
PG11  23330.135536 -11924.837352   4219.852165   -549.933883  5  4  3  90       
PG12  -3669.495365 -19543.888389 -17927.883728   -470.655719  6  5  2  62       
PG13  13310.266519 -19563.979900  11635.233437    618.545245  4  4  6 100       
PG14  22806.384654  12449.062125  -5940.783043    306.091400  3  6  2  54       
PG15   2447.921757 -25856.562937   4498.913166    120.066761  2  6  8  56       
PG16 -13661.882100   7604.224955  21198.681837   -378.442953  5  6  2  71       
PG17  13301.066145   7842.312081 -21163.383217    719.188762  5  5  3  42       
PG18 -15257.856027  -8467.115000  20092.875868   -538.688901  5  5  5  83       
PG19  15569.848863  -1945.013203 -21567.844940    430.382914  3  5  4  10       
PG20  18365.512152  -5447.513271  18386.916423    390.321936  3  6  4  89       
PG21 -11832.730928  17929.363175 -14456.650817    137.491689  2  6  4  93       
PG22  21676.099498   7458.283372 -12730.995167     43.553297  2  3  3  63       
PG23 -20640.129902 -16662.166720   2725.923731    140.881587  1  6  5  52       
PG24   8175.795247 -18861.163032 -17001.985565   -418.917840  5  4  5  89       
PG25 -14823.532572 -19781.669709 -10409.142379    486.203986  4  5  5  94       
PG26 -21108.357696    895.777458  16163.315167    197.693885  5  4  4  21       
PG28 -24335.671952   3862.577364  -9928.612291   -107.205243  5  6  3  65       
PG29  -5491.336249 -21813.304950  13995.358379   -608.294698  4  8  7  37       
PG30  22451.774602   1915.115754  14392.460237   -442.028784  3  4  2  94       
PG31 -25072.532463   9377.293180  -1105.085905   -227.459889  4  6  3  82       
PG32 -14753.844678  -3719.468375 -21585.107743   -607.053072  4  5  5  89       
*  2024  1 23  6  0  0.00000000
PG01  -2193.595849  16417.352731 -21032.631390    166.919830  4  6  6  94       
PG02  -9506.647370  18670.639780 -15680.355287   -496.752791     6  4  97       
PG03   3624.242604  17857.669362 -19509.793957    144.796774  6  5  5  82       
PG04  -1384.301922  26423.377405   1193.371771    273.133970  5  9  4  82       
PG05   8475.954393 -12345.527851  21764.929990   -159.003360  4  7  5  88       
PG06  24211.620260  -4834.132782  -9856.974528    434.872828  3  4  5  64       
PG07  12431.315904  10818.517630  21391.354293    -44.096823  4  4  2  89       
PG08  -5803.722093  24512.773257   7609.705867   -163.438264  4  8  4  74       
PG09   8152.021974  21963.297510  12376.112434     67.798622  3  5  4  91       
PG10 -23791.635469 -10207.789976  -6456.313893    -70.420587  2  5  6 108       
PG11  23716.408249 -11822.816637   1374.686561   -549.946281  5  3  3  76       
PG12  -1969.273363 -18337.425836 -19424.957010   -470.659119  6  6  2  69       
PG13  13176.920524 -18055.642614  13971.749465    618.548583  3  4  6 100       
PG14  23065.422325  12980.625740  -3188.561909    306.100560  3  6  1  58       
PG15   2835.830133 -25148.539937   7204.686186    120.070459  3  6  8  59       
PG16 -15511.601127   6004.237339  20478.686185   -378.435797  5  6  3  79       
PG17  12876.952231  10272.943108 -20373.465271    719.188173  5  5  4  59       
PG18 -13147.714768  -9492.540645  21085.880959   -538.696988  5  5  5  88       
PG19  15156.992780    472.315420 -21975.580954    430.387831  3  4  4  61       
PG20  20116.809024  -4453.038471  16727.574693    390.320907  2  5  4  92       
PG21 -13377.834435  18523.049791 -12175.832101    137.490246  2  6  4 111       
PG22  22584.841872   8534.280262 -10301.134080     43.547341  1  2  3  57       
PG23 -20144.289743 -16566.167001   5551.856443    140.888444  1  7  5  64       
PG24   9837.387738 -19576.662514 -15130.220364   -418.924099  5  3  5  82       
PG25 -13645.426328 -19250.516985 -12794.203495    486.205179  4  5  5  74       
PG26 -22513.832175   -180.120393  14222.933759    197.690586  5  4  4  57       
PG28 -23303.357216   3085.186770 -12380.409505   -107.215814  5  5  3  74       
PG29  -5077.026288 -23242.122787  11656.470658   -608.294313  4  8  7  48       
PG30  20969.857660   2841.793770  16334.979059   -442.024543  3  4  2  90       
PG31 -24932.520795   9051.099613  -3904.685127   -227.460066  3  6  4  85       
PG32 -14544.881683  -6196.951134 -21176.062412   -607.055465  4  5  5  85       
*  2024  1 23  6 15  0.00000000
PG01  -4235.694073  17411.261053 -19838.840728    166.920931  4  6  6  94       
PG02 -11080.646572  19483.546046 -13561.381243   -496.747590     5  4 106       
PG03   1646.995682  16751.059053 -20719.340701    144.819623  6  4  5  98       
PG04  -1637.853041  26381.275261  -1677.793815    273.142658  5 10  5  71       
PG05  10674.568873 -11140.108749  21456.503894   -159.004713  4  7  4  83       
PG06  23158.613640  -4101.314596 -12370.174751    434.860485  3  4  5  73       
PG07  10370.518243  11987.871444  21829.868919    -44.105150  4  4  2  87       
PG08  -6098.629813  23473.086475  10222.343918   -163.440166  5  7  5  63       
PG09   7930.369577  23255.088535   9930.518401     67.809724  3  5  4  72       
PG10 -24216.442830 -10657.190831  -3654.307600    -70.421387  2  5  6  93       
PG11  23816.264153 -11599.302741  -1494.202690   -549.958704  5  2  3  78       
PG12    -86.265197 -17137.313562 -20596.119631   -470.662602  6  6  3  61       
PG13  13083.067247 -16291.819218  16062.308001    618.551648  3  4  5 103       
PG14  23088.365294  13328.274704   -382.061841    306.109689  3  6     41       
PG15   3297.230523 -24158.899310   9782.909923    120.073839  3  6  8  68       
PG16 -17355.026971   4567.227140  19399.152605   -378.428642  4  6  3  46       
PG17  12590.485873  12610.109844 -19218.356106    719.186963  5  6  4  69       
PG18 -11013.771115 -10674.940110  21717.703769   -538.705108  6  6  4  83       
PG19  14872.661877   2929.519979 -22011.084362    430.392551  2  3  4  48       
PG20  21727.203179  -3621.767101  14779.697576    390.319523  2  4  4  84       
PG21 -14658.826776  19037.643283  -9668.831493    137.489215  2  5  5  83       
PG22  23314.371978   9387.010765  -7687.601838     43.541742     2  2  25       
PG23 -19371.071898 -16342.733687   8283.360322    140.895275  2  8  5  67       
PG24  11282.005213 -20245.707836 -13000.026118   -418.930270  5  3  5  59       
PG25 -12223.917608 -18651.636464 -14965.921044    486.206320  3  5  5  93       
PG26 -23761.130148  -1079.390383  12039.698079    197.687288  5  4  5  63       
PG28 -22084.613371   2120.003196 -14619.318016   -107.226447  5  5  3  86       
PG29  -4767.392516 -24414.944992   9115.433705   -608.294062  5  8  7  13       
PG30  19356.611871   3936.094024  18001.781818   -442.020288  2  4  2  87       
PG31 -24534.619621   8576.823220  -6638.952125   -227.460259  3  6  4  85       
PG32 -14465.642288  -8611.676777 -20397.116374   -607.057855  4  4  4  71       
*  2024  1 23  6 30  0.00000000
PG01  -6091.334438  18442.049637 -18310.264638    166.922057  4  6  6  94       
PG02 -12401.512418  20220.707406 -11199.192526   -496.742504     5  4  94       
PG03   -492.733967  15702.838504 -21577.712738    144.842447  6  4  5  96       
PG04  -1895.982044  26027.813533  -4519.838202    273.151302  5 10  6  62       
PG05  12881.517785 -10077.351485  20773.324076   -159.005401  4  7  4  79       
PG06  21916.515330  -3164.741632 -14670.799109    434.848138  3  4  6  76       
PG07   8345.641577  13280.204733  21909.887561    -44.113336  4  4  2  85       
PG08  -6466.259998  22162.233338  12654.179215   -163.441434  5  7  5  43       
PG09   7756.833090  24269.493347   7312.861966     67.820809  3  5  4  54       
PG10 -24382.691940 -10933.003098   -790.420987    -70.422855     5  6  64       
PG11  23646.465668 -11220.586757  -4337.292157   -549.971028  4  1  3  94       
PG12   1952.692779 -15981.076804 -21422.037345   -470.666105  6  6  3  59       
PG13  13061.405057 -14303.198630  17869.964147    618.555181  2  5  5  92       
PG14  22852.747922  13520.175429   2430.939577    306.118824  4  6  1  51       
PG15   3861.176812 -22910.490850  12187.149916    120.077480  4  6  8  75       
PG16 -19146.757874   3308.859779  17980.727473   -378.421548  3  6  3  31       
PG17  12430.282954  14804.798843 -17719.086390    719.185993  4  6  4  68       
PG18  -8902.801044 -11998.920204  21977.003326   -538.713228  6  6  4  76       
PG19  14723.254735   5378.325882 -21674.830039    430.397377     2  4  57       
PG20  23154.482734  -2943.087224  12576.496298    390.317824     3  4  82       
PG21 -15670.841819  19431.110475  -6982.392257    137.487975  2  5  5  85       
PG22  23828.010775  10031.522259  -4937.501252     43.535867  1  2  2  70       
PG23 -18316.094096 -16031.397662  10873.943487    140.902142  2  8  5  64       
PG24  12498.740112 -20828.450603 -10646.483484   -418.936477  4  3  5  66       
PG25 -10570.653338 -18024.216465 -16888.506722    486.207449  3  6  5  97       
PG26 -24813.129768  -1813.816657   9651.530071    197.684056  5  4  5  53       
PG28 -20720.581392    957.699923 -16606.906158   -107.237086  5  4  3  78       
PG29  -4531.064426 -25304.797076   6416.329941   -608.293463  5  8  6  48       
PG30  17654.170891   5198.668687  19364.486466   -442.016079  2  4  3  83       
PG31 -23905.635273   7928.473071  -9262.306742   -227.460274  3  6  4  81       
PG32 -14506.350147 -10915.738492 -19262.684759   -607.060236  4  3  5  72       
*  2024  1 23  6 45  0.00000000
PG01  -7734.490079  19469.068057 -16471.269606    166.923237  5  6  7  91       
PG02 -13464.805799  20839.893501  -8636.917268   -496.737411     5  4  91       
PG03  -2758.049281  14745.123886 -22070.229680    144.865286  6  5  5  91       
PG04  -2195.737783  25370.657692  -7283.431756    273.159995  5 10  6  94       
PG05  15048.431996  -9169.401367  19727.769370   -159.007130  4  7  4  96       
PG06  20528.344019  -2014.405358 -16719.014034    434.835803  3  4  6  35       
PG07   6395.385386  14671.775390  21628.807292    -44.121620  4  4  2  76       
PG08  -6935.508219  20609.622262  14862.418129   -163.442177  5  7  5  42       
PG09   7596.197159  24989.569766   4568.585631     67.831912  4  6  4  58       
PG10 -24268.718718 -11067.652246   2086.831592    -70.423967     6  6  43       
PG11  23231.421639 -10657.696006  -7105.477993   -549.983369  4  2  4  83       
PG12   4114.237191 -14901.580525 -21889.034119   -470.669484  6  7  4  53       
PG13  13139.265222 -12127.548205  19362.847411    618.558526  1  5  4 104       
PG14  22343.316892  13588.917549   5202.582874    306.127941  4  6  1  49       
PG15   4551.802075 -21433.561807  14373.773031    120.080859  5  6  8  84       
PG16 -20840.967817   2236.225796  16249.825743   -378.414779  2  6  3  58       
PG17  12377.221272  16812.206035 -15903.025698    719.185364  4  7  3  75       
PG18  -6858.835993 -13441.223566  21858.782613   -538.721291  6  6  4  77       
PG19  14707.019137   7770.468680 -20973.434743    430.401889        4  67       
PG20  24360.629955  -2399.173993  10155.715849    390.316686     3  3  94       
PG21 -16418.675935  19663.657676  -4166.666546    137.486909  3  5  5  72       
PG22  24094.767144  10490.311863  -2100.049006     43.530145  1  2  2  68       
PG23 -16983.775363 -15672.756633  13279.456666    140.908996  3  9  5  73       
PG24  13484.574523 -21285.085356  -8108.947942   -418.942718  4  3  5  65       
PG25  -8704.986476 -17405.557475 -18530.280574    486.208625  4  6  5  66       
PG26 -25637.228100  -2401.947141   7099.561384    197.680768  5  4  5  69       
PG28 -19254.951886   -402.939768 -18309.076924   -107.247702  5  3  3  80       
PG29  -4332.713362 -25892.847311   3605.988905   -608.292962  6  8  6  74       
PG30  15905.319433   6622.406232  20399.702780   -442.011833  2  5  4  79       
PG31 -23078.044386   7086.021258 -11731.093389   -227.460501  3  5  5  83       
PG32 -14649.632668 -13064.694917 -17793.370126   -607.062624  4  3  5  82       
*  2024  1 23  7  0  0.00000000
PG01  -9147.063463  20448.558130 -14351.669107    166.924334  5  6  7  74       
PG02 -14275.327062  21300.832314  -5921.016325   -496.732219  2  5  5  79       
PG03  -5106.622291  13903.625519 -22188.310961    144.888119  6  5  4  82       
PG04  -2572.046867  24426.242458  -9920.627364    273.168694  6 10  7  77       
PG05  17126.581366  -8419.978562  18338.581315   -159.008186  3  6  4  90       
PG06  19039.805001   -648.933523 -18479.237194    434.823528  4  3  5  32       
PG07   4554.155438  16132.486455  20989.722633    -44.129793  5  4  2  67       
PG08  -7529.668821  18851.448198  16808.417865   -163.443547  5  6  5  38       
PG09   7411.430456  25407.028826   1745.266677     67.843024  4  6  5  55       
PG10 -23860.786194 -11097.626086   4928.962414    -70.424268  2  6  5  53       
PG11  22602.165666  -9887.709910  -9750.933911   -549.995695  3  2  4  71       
PG12   6359.540822 -13925.856479 -21989.291731   -470.672776  6  7  4  65       
PG13  13337.403745  -9808.384258  20514.763285    618.561479     6  4  96       
PG14  21552.712414  13570.102059   7885.714102    306.137056  4  6  2  28       
PG15   5387.089540 -19764.668628  16302.858680    120.084219  5  6  7  76       
PG16 -22393.101415   1347.835401  14238.039247   -378.407503  2  6  4  32       
PG17  12405.357564  18593.360716 -13803.298106    719.184276  3  7  3  60       
PG18  -4921.617873 -14971.482063  21364.510737   -538.729378  6  6  4  83       
PG19  14814.192327  10059.313178 -19919.489869    430.406797     2  4  68       
PG20  25313.238589  -1965.853996   7558.997890    390.315400     3  3  71       
PG21 -16916.331232  19699.526628  -1274.056258    137.485543  3  5  5  73       
PG22  24090.580908  10792.152072    774.403325     43.524195  2  2  2  45       
PG23 -15387.327939 -15306.807483  15458.824191    140.915895  4  9  5  84       
PG24  14244.396516 -21577.471685  -5430.458131   -418.948938  4  2  5  41       
PG25  -6653.425466 -16829.645957 -19864.123845    486.209762  4  5  5  59       
PG26 -26206.520326  -2868.153246   4427.425709    197.677464  4  4  5  71       
PG28 -17732.317006  -1954.781430 -19696.646702   -107.258273  6  2  4  86       
PG29  -4134.626476 -26169.070725    733.154384   -608.292568  6  8  7  66       
PG30  14151.973180   8192.507562  21089.429540   -442.007576  2  5  4  71       
PG31 -22088.742731   6036.318191 -14004.234421   -227.460545  3  5  5  89       
PG32 -14871.308452 -15019.097209 -16015.533433   -607.064986  4  2  5  66       
*  2024  1 23  7 15  0.00000000
PG01 -10319.460053  21335.309574 -11986.336273    166.925448  5  5  7  63       
PG02 -14846.634383  21566.890517  -3100.315592   -496.727005  2  5  5  71       
PG03  -7492.102658  13196.711782 -21929.629903    144.910900  6  5  5  71       
PG04  -3056.146998  23219.165484 -12385.712992    273.177382  6 10  7  81       
PG05  19068.635028  -7824.394735  16630.489648   -159.009369  3  6  5  87       
PG06  17497.560448    924.138639 -19920.771848    434.811187  4  3  5  57       
PG07   2850.926517  17626.839431  20001.481085    -44.138155  5  4  3  79       
PG08  -8265.336685  16929.335339  18458.395100   -163.445191  5  6  5  72       
PG09   7165.317223  25522.459523  -1108.226628     67.854125  5  6  5  58       
PG10 -23153.641126 -11061.913011   7688.275861    -70.425771  3  6  5  68       
PG11  21795.087823  -8894.845512 -12227.947821   -550.008009  3  3  4  53       
PG12   8645.576884 -13074.155302 -21720.969564   -470.676019  7  7  5  42       
PG13  13669.072993  -7393.416459  21305.678481    618.564743     6  4 101       
PG14  20481.862579  13500.823583  10434.660445    306.146204  4  6  2  41       
PG15   6377.893008 -17945.321511  17939.050445    120.087902  5  6  7  93       
PG16 -23761.501515    633.954759  11981.472293   -378.400563  1  6  4  51       
PG17  12483.136026  20116.501812 -11458.077261    719.183078  4  8  3  77       
PG18  -3125.219560 -16553.258988  20502.136386   -538.737439  6  7  5  87       
PG19  15027.446170  12201.403019 -18531.312312    430.411383  2  4  5  67       
PG20  25986.730738  -1613.727471   4831.165810    390.313684     4  3  45       
PG21 -17186.153887  19508.601197   1641.983761    137.484599  3  5  5  70       
PG22  23799.277238  10970.682485   3635.339474     43.518387  2  3  2  49       
PG23 -13548.425096 -14971.308753  17374.729217    140.922755  5  8  5  97       
PG24  14790.709437 -21670.737011  -2657.046237   -418.955182  4  2  5  68       
PG25  -4448.833134 -16325.862568 -20867.870948    486.210899  4  5  5  66       
PG26 -26500.768443  -3241.480429   1680.528839    197.674142  4  5  5  77       
PG28 -16196.502114  -3682.422955 -20745.839213   -107.268864  6  2  3  79       
PG29  -3898.376741 -26132.579064  -2152.381603   -608.292270  6  8  7  65       
PG30  12433.696017   9886.854837  21421.375404   -442.003322  3  5  4  79       
PG31 -20977.650913   4773.759108 -16043.844512   -227.460753  3  5  6  96       
PG32 -15141.448442 -16745.811827 -13960.766979   -607.067334  5  3  5  69       
*  2024  1 23  7 30  0.00000000
PG01 -11250.848208  22084.412536  -9414.715844    166.926569  6  5  7  70       
PG02 -15200.213677  21606.589147   -225.020350   -496.721900  3  5  5  65       
PG03  -9865.683643  12634.758134 -21298.173055    144.933691  7  4  5  89       
PG04  -3674.169962  21781.273105 -14636.021321    273.186044  6  9  7  91       
PG05  20830.366557  -7369.912245  14633.729868   -159.011000  3  5  4  99       
PG06  15947.468686   2688.444046 -21018.361947    434.798897  4  3  4  51       
PG07   1308.287839  19115.105487  18678.668010    -44.146664  5  4  3  77       
PG08  -9151.595765  14888.777992  19784.025720   -163.447460  5  6  4  67       
PG09   6822.096178  25345.218358  -3942.596373     67.865238  5  7  5  36       
PG10 -22150.766123 -11000.365963  10318.608465    -70.427058  4  6  5  60       
PG11  20850.469628  -7671.269041 -14493.721688   -550.020379  2  3  4  40       
PG12  10926.541039 -12359.256333 -21088.243522   -470.679367  7  7  5  53       
PG13  14139.412074  -4932.831072  21722.079158    618.568078  2  6  4 107       
PG14  19140.075851  13418.103710  12805.982944    306.155350  5  6  2  68       
PG15   7527.256388 -16020.417025  19252.320943    120.091244  5  6  7  96       
PG16 -24908.908095     77.259807   9520.023750   -378.393612  1  6  4  51       
PG17  12574.831033  21358.149871  -8909.783359    719.182353  4  8  3  59       
PG18  -1496.884732 -18145.342761  19285.989706   -538.745519  6  7  5  79       
PG19  15322.617550  14157.887740 -16832.619483    430.416654  3  5  4  50       
PG20  26363.323614  -1309.504974   2019.443994    390.312732     4  3  70       
PG21 -17257.619169  19067.749333   4528.135303    137.483534  3  5  5  83       
PG22  23213.199815  11062.833844   6433.016290     43.512570  2  3  2  68       
PG23 -11496.555560 -14700.234765  18994.242829    140.929660  5  8  5  87       
PG24  15143.036520 -21534.793795    163.042463   -418.961420  4  2  5  77       
PG25  -2129.402290 -15917.867992 -21524.638451    486.212013  4  5  4  63       
PG26 -26507.127445  -3554.335244  -1094.692608    197.670844  4  5  6 102       
PG28 -14688.941028  -5562.599928 -21438.686824   -107.279457  6  3  3  89       
PG29  -3586.521634 -25791.604334  -5000.661079   -608.291774  6  8  7  81       
PG30  10786.308446  11676.662662  21389.197424   -441.999018  3  5  5  76       
PG31 -19786.225346   3300.679273 -17815.801241   -227.460756  4  5  6 101       
PG32 -15425.664340 -18219.090465 -11665.283357   -607.069741  5  3  5  84       
*  2024  1 23  7 45  0.00000000
PG01 -11949.087125  22653.042563  -6680.235724    166.927616  6  5  7  81       
PG02 -15364.346243  21394.894158   2654.261244   -496.716816  3  5  5  58       
PG03 -12177.769540  12219.806285 -20304.202604    144.956480  7  4  6  85       
PG04  -4445.931272  20150.475006 -16632.680847    273.194700  6  8  7  95       
PG05  22372.236821  -7036.427688  12383.465104   -159.012057  2  5  5  88       
PG06  14432.860726   4619.206388 -21752.656674    434.786616  5  3  4  66       
PG07    -58.291637  20554.681354  17041.513252    -44.154913  5  4  3  45       
PG08 -10189.526250  12777.446772  20762.924386   -163.449075  5  6  5  70       
PG09   6349.041472  24892.989993  -6708.977585     67.876335  5  7  5  73       
PG10 -20864.321453 -10952.051394  12776.035978    -70.428228  5  6  5  73       
PG11  19810.879882  -6217.600725 -16509.119907   -550.032686  3  3  4  42       
PG12  13155.382667 -11786.059638 -20101.263016   -470.682785  7  7  5  62       
PG13  14745.180637  -2477.484734  21757.195210    618.571284  3  6  4 100       
PG14  17544.827522  13357.334100  14959.195533    306.164465  4  6  3  61       
PG15   8830.068497 -14036.525957  20218.624671    120.094829  5  6  6  92       
PG16 -25803.774962   -346.227971   6896.633760   -378.386543  2  7  4  46       
PG17  12642.156989  22303.833873  -6204.206831    719.180991  5  8  3  74       
PG18    -56.133220 -19703.244544  17736.571553   -538.753570  6  7  5  85       
PG19  15669.695338  15895.779266 -14852.134347    430.421122  5  6  5  77       
PG20  26433.705937  -1017.505865   -827.374630    390.311384     5  3  59       
PG21 -17165.832725  18361.842371   7332.357417    137.482700  3  5  5  63       
PG22  22333.505612  11107.155059   9119.348952     43.506939  3  3  2  80       
PG23  -9268.086701 -14522.379909  20289.387174    140.936563  5  8  5  73       
PG24  15327.036411 -21145.704888   2980.209508   -418.967678  4  2  5  82       
PG25    262.558037 -15622.704071 -21823.088801    486.213200  4  5  4  71       
PG26 -26220.606124  -3841.059026  -3851.513847    197.667581  4  6  6  88       
PG28 -13247.156864  -7564.897685 -21763.332999   -107.290055  6  4  3  89       
PG29  -3164.262261 -25163.137938  -7762.441502   -608.291251  7  7  7  85       
PG30   9240.638565  13527.391184  20992.651567   -441.994724  4  5  5  74       
PG31 -18555.925658   1627.463913 -19290.267204   -227.460891  4  5  6  90       
PG32 -15686.569822 -19421.349767  -9169.235377   -607.072090  5  4  6  31       
*  2024  1 23  8  0  0.00000000
PG01 -12430.316744  23002.209056  -3829.621313    166.928756  6  5  7  74       
PG02 -15372.731905  20914.234285   5487.461391   -496.711572  4  5  5  69       
PG03 -14379.684525  11945.547714 -18964.120506    144.979243  7  4  6  85       
PG04  -5383.974888  18369.335503 -18341.294387    273.203415  6  8  7 101       
PG05  23660.793258  -6797.448540   9919.126172   -159.013372  2  4  5  76       
PG06  12992.921474   6683.996270 -22110.574538    434.774357  5  3  3  85       
PG07  -1240.946029  21901.589032  15115.711593    -44.163148  5  4  3  74       
PG08 -11372.047546  10643.431792  21378.996689   -163.450752  4  6  5  48       
PG09   5717.923266  24191.038325  -9359.786111     67.887462  5  6  5  82       
PG10 -19314.781092 -10953.641890  15019.540849    -70.429120  5  5  5  74       
PG11  18719.494536  -4543.092179 -18239.352481   -550.045061  3  2  4  17       
PG12  15285.392978 -11351.475642 -18776.024960   -470.686125  6  7  5  41       
PG13  15474.845477    -77.083709  21411.087579    618.574656  3  6  4  98       
PG14  15721.246960  13350.787820  16857.439894    306.173621  4  5  3  76       
PG15  10273.073271 -12040.112242  20820.416986    120.098424  5  6  5  97       
PG16 -26421.360248   -665.968394   4156.511591   -378.379727  2  7  5  74       
PG17  12645.972325  22948.449058  -3389.584626    719.180180  6  8  3  66       
PG18   1185.831766 -21180.843393  15880.231166   -538.761698  5  7  5  91       
PG19  16034.027297  17388.995986 -12623.126183    430.425885  6  7  5  79       
PG20  26197.395139   -701.258690  -3659.797064    390.309973     6  3  66       
PG21 -16949.829936  17384.413918  10004.942076    137.481589  3  5  5  45       
PG22  21170.119277  11142.114652  11648.727333     43.501034  3  3  2  80       
PG23  -6905.069386 -14460.166482  21237.623285    140.943473  4  7  5  81       
PG24  15373.358856 -20486.833912   5744.426770   -418.973934  3  2  5  59       
PG25   2681.985965 -15450.141384 -21757.626076    486.214390  4  4  4  78       
PG26 -25644.249047  -4136.441105  -6543.656907    197.664290  3  6  6  91       
PG28 -11903.406207  -9652.743330 -21714.231234   -107.300557  6  4  2  66       
PG29  -2600.996568 -24272.240857 -10390.059523   -608.290633  7  7  7  79       
PG30   7821.462755  15399.891007  20237.650083   -441.990442  4  5  5  80       
PG31 -17326.691030   -227.632144 -20442.158845   -227.461028  4  5  6  79       
PG32 -15885.354560 -20343.635858  -6515.982337   -607.074439  5  4  6  61       
*  2024  1 23  8 15  0.00000000
PG01 -12718.216813  23098.396116   -912.119283    166.929786  7  6  6  66       
PG02 -15262.933106  20155.212943   8225.942399   -496.706472  4  6  5  38       
PG03 -16425.360631  11797.634222 -17300.233982    145.001973  7  3  6  87       
PG04  -6492.910792  16483.497791 -19732.532702    273.212094  6  7  7  92       
PG05  24669.832754  -6621.320325   7283.684879   -159.015083  3  3  5  74       
PG06  11661.239508   8843.794066 -22085.558680    434.762113  5  3  2  91       
PG07  -2239.618135  23112.071067  12932.149426    -44.171372  5  4  3  37       
PG08 -12684.099386   8533.495560  21622.660720   -163.452803  4  6  6  81       
PG09   4906.290840  23271.179268 -11849.536650     67.898625  5  6  5  77       
PG10 -17530.277438 -11037.908841  17011.634207    -70.430331  6  5  5  85       
PG11  17618.406622  -2665.468690 -19654.580639   -550.057429  3  1  5  48       
PG12  17271.795147 -11044.618160 -17134.163940   -470.689743  6  7  5  43       
PG13  16309.013812   2221.576727  20690.599432    618.578113  4  5  4  93       
PG14  13701.323338  13426.255092  18468.105993    306.182769  4  5  3  66       
PG15  11835.237960 -10075.763249  21047.022094    120.102088  5  6  5  96       
PG16 -26744.557067   -915.543219   1346.359187   -378.372552  3  7  5  83       
PG17  12548.002727  23296.239528   -515.654711    719.179044  6  8  3  57       
PG18   2226.389560 -22532.115922  13748.735530   -538.769816  5  7  5  89       
PG19  16377.703571  18619.159799 -10182.892526    430.430767  7  8  4  81       
PG20  25662.759355   -325.138766  -6428.517689    390.308648  1  5  2  67       
PG21 -16650.761272  16137.941663  12499.456514    137.480246  3  5  5  66       
PG22  19741.359181  11204.445514  13978.751383     43.495253  3  4  2  83       
PG23  -4453.827128 -14528.702458  21822.254946    140.950358  4  7  5  79       
PG24  15316.283006 -19549.724229   8406.203517   -418.980218  3  2  4  71       
PG25   5082.535089 -15402.297138 -21328.520603    486.215539  5  4  4  90       
PG26 -24789.035869  -4474.225543  -9126.009755    197.660975  3  6  6  84       
PG28 -10683.537999 -11784.640323 -21292.237483   -107.311189  6  5  2  69       
PG29  -1871.704973 -23151.053573 -12838.261013   -608.290149  7  6  7  85       
PG30   6546.677284  17251.740832  19136.221327   -441.986157  4  5  4  77       
PG31 -16135.477991  -2238.951066 -21251.556959   -227.461303  4  4  6  86       
PG32 -15983.408188 -20985.761462  -3751.317912   -607.076841  6  4  6  43       
*  2024  1 23  8 30  0.00000000
PG01 -12842.956500  22915.025631   2021.358724    166.930777  7  6  6  71       
PG02 -15074.709466  19116.995582  10823.316995   -496.701382  3  6  5  54       
PG03 -18272.942444  11754.306331 -15340.423187    145.024745  6  3  6  96       
PG04  -7769.071180  14540.003846 -20782.633045    273.220771  6  5  6  94       
PG05  25381.285636  -6472.652459   4522.876271   -159.016421  3  3  5  67       
PG06  10464.583171  11054.320198 -21677.717002    434.749837  6  3  2  79       
PG07  -3061.970822  24144.226703  10526.531036    -44.179827  5  4  3   5       
PG08 -14103.148838   6491.405920  21490.938625   -163.454670  4  6  6  69       
PG09   3898.528689  22170.517081 -14135.616847     67.909750  5  5  5  81       
PG10 -15545.678420 -11232.367704  18718.926935    -70.430837  6  5  5  79       
PG11  16546.992567   -610.441919 -20730.434046   -550.069713  4  1  5  56       
PG12  19073.280694 -10847.296610 -15202.657985   -470.693036  6  7  5  55       
PG13  17221.192226   4376.241843  19609.175642    618.581405  4  4  4  83       
PG14  11522.857767  13605.855384  19763.388630    306.191909  4  5  4  78       
PG15  13488.463877  -8184.511607  20894.838650    120.105717  5  6  5 100       
PG16 -26764.441489  -1131.165933  -1486.397231   -378.365690  3  7  5  82       
PG17  12312.510603  23360.416290   2367.287009    719.177876  6  7  3  76       
PG18   3071.428855 -23712.883064  11378.736097   -538.777919  5  6  4  89       
PG19  16661.067979  19576.119625  -7572.187657    430.435390  7  8  4  57       
PG20  24846.701887    144.023782  -9085.306798    390.307523  2  5  2  30       
PG21 -16310.051673  14633.755562  14773.552416    137.479032  3  5  5  73       
PG22  18073.259608  11327.596474  16070.877396     43.489373  3  4  3  79       
PG23  -1963.380558 -14735.126738  22032.740749    140.957257  4  6  5  55       
PG24  15192.192845 -18334.660225  10917.573149   -418.986484  4  2  4  64       
PG25   7418.099267 -15473.539113 -20541.958825    486.216703  5  4  4  88       
PG26 -23673.503547  -4885.664727 -11555.322077    197.657676  4  6  6  82       
PG28  -9606.110260 -13915.599062 -20504.594740   -107.321741  6  5  2  45       
PG29   -958.113906 -21837.546141 -15064.982362   -608.289420  8  6  7  83       
PG30   5426.734396  19038.730802  17706.368671   -441.981888  5  5  4  87       
PG31 -15014.910760  -4374.171664 -21704.053415   -227.461417  4  4  6  99       
PG32 -15943.931053 -21356.116202   -922.674454   -607.079208  5  4  6  69       
*  2024  1 23  8 45  0.00000000
PG01 -12839.870166  22433.676645   4919.157994    166.931814  6  6  6  51       
PG02 -14848.312802  17807.368168  13236.187690   -496.696234  4  6  4  68       
PG03 -19886.248165  11787.318504 -13117.713219    145.047514  6  2  6  77       
PG04  -9200.498048  12585.576246 -21473.794636    273.229440  6  4  6  96       
PG05  25785.790071  -6313.884027   1684.385736   -159.017260  4  3  5  77       
PG06   9421.952139  13267.582513 -20893.842816    434.737574  6  3  3  73       
PG07  -3722.996995  24959.628940   7938.899697    -44.188223  5  4  4  41       
PG08 -15599.997670   4556.414019  20987.422129   -163.455675  3  6  7  59       
PG09   2686.645406  20929.994755 -16179.004739     67.920837  4  5  4  86       
PG10 -13401.429176 -11558.123182  20112.644720    -70.431768  6  4  5  64       
PG11  15540.398799   1589.088420 -21448.430594   -550.082035  4  3  5  76       
PG12  20653.437070 -10734.792979 -13013.449978   -470.696308  6  6  5  71       
PG13  18178.836702   6350.631859  18186.558278    618.584669  4  3  4  70       
PG14   9228.199204  13905.071673  20720.770876    306.201129  4  5  4  59       
PG15  15198.607185  -6402.324061  20367.377965    120.109261  5  6  4  95       
PG16 -26480.525729  -1350.118046  -4294.357342   -378.358639  4  7  5  74       
PG17  11907.843038  23162.436748   5209.305523    719.177074  5  6  3  76       
PG18   3734.936638 -24682.504941   8811.140919   -538.786062  5  6  4  84       
PG19  16844.304250  20258.183672  -4834.602989    430.440196  7  7  3  47       
PG20  23774.019806    735.431477 -11583.881986    390.305990  2  5  2  35       
PG21 -15967.616873  12891.593735  16789.630864    137.477917  3  5  5  69       
PG22  16198.623871  11540.346703  17890.970713     43.483591  4  4  3  81       
PG23    516.235080 -15078.269087  21864.907463    140.964146  4  6  5  54       
PG24  15037.954146 -16850.877979  13233.072935   -418.992714  3  3  3  69       
PG25   9644.342652 -15650.682707 -19410.014425    486.217864  5  4  4  67       
PG26 -22323.106036  -5398.171011 -13790.870848    197.654384  4  7  5  86       
PG28  -8681.797868 -15998.709464 -19364.810045   -107.332324  6  5  1           
PG29    150.407995 -20374.058717 -17032.069426   -608.289009  8  6  7  99       
PG30   4464.367401  20716.437929  15971.826428   -441.977562  5  5  4  85       
PG31 -13992.092377  -6595.299953 -21791.028251   -227.461569  5  3  6  99       
PG32 -15733.470620 -21471.162809   1921.682319   -607.081618  5  3  6  49       
*  2024  1 23  9  0  0.00000000
PG01 -12747.908544  21645.002797   7729.849840    166.932872  6  5  6  45       
PG02 -14622.810001  16242.475560  15424.797867   -496.691077  4  6  4  58       
PG03 -21236.030941  11863.128748 -10669.754251    145.070227  5  2  6  72       
PG04 -10767.261666  10664.929036 -21794.465375    273.238127  6  3  6  81       
PG05  25882.938817  -6106.926459  -1182.983401   -159.018405  5  4  5  51       
PG06   8543.942890  15433.581216 -19747.314063    434.725287  6  3  3  69       
PG07  -4244.332256  25524.859102   5213.051522    -44.196394  5  3  4  68       
PG08 -17139.852963   2761.934271  20122.118842   -163.458817  3  6  7  59       
PG09   1270.765914  19592.815568 -17944.918282     67.931978  5  5  4  98       
PG10 -11142.197974 -12028.955082  21169.082064    -70.433206  5  4  4  43       
PG11  14628.207610   3894.113186 -21796.291599   -550.094314  5  4  5  76       
PG12  21982.013839 -10676.898937 -10602.985626   -470.699774  6  6  4  60       
PG13  19144.647566   8115.626617  16448.368557    618.588221  4  3  4  87       
PG14   6862.809681  14332.044914  21323.425890    306.210334  3  4  4  64       
PG15  16926.761988  -4758.823914  19475.136326    120.112989  5  5  4  88       
PG16 -25900.714768  -1609.169208  -7030.870593   -378.351417  4  6  5  76       
PG17  11307.798623  22730.984769   7961.702534    719.175678  5  6  4  84       
PG18   4238.264191 -25405.455986   6090.402667   -538.794206  5  6  4  78       
PG19  16889.041747  20672.052037  -2015.904834    430.444928  7  7  3  51       
PG20  22476.461936   1472.964687 -13880.744360    390.304632  2  4  3  17       
PG21 -15660.210301  10938.842077  18515.359942    137.476405  4  5  5  77       
PG22  14155.851282  11865.629879  19409.763542     43.477985  4  4  3  82       
PG23   2935.697005 -15548.640445  21321.059038    140.971072  4  5  5  68       
PG24  14889.264278 -15116.408305  15310.688347   -418.999063  3  3  3  70       
PG25  11720.182345 -15913.478757 -17950.536578    486.219052  5  4  4  68       
PG26 -20769.334523  -6034.114009 -15795.089198    197.651127  5  7  5  96       
PG28  -7913.113562 -17986.796077 -17892.425913   -107.342952  6  5  1  39       
PG29   1456.255342 -18805.690569 -18705.922174   -608.288271  8  6  6  80       
PG30   3654.618825  22241.835107  13961.712417   -441.973367  5  5  3  85       
PG31 -13087.620546  -8859.879858 -21509.850918   -227.461761  5  3  6  89       
PG32 -15323.326682 -21354.643218   4733.455270   -607.083945  5  3  6  49       
*  2024  1 23  9 15  0.00000000
PG01 -12607.926698  20549.300771  10403.225951    166.933895  5  5  5  54       
PG02 -14434.496096  14446.260144  17353.591027   -496.686049  4  6  4  70       
PG03 -22300.990773  11944.309549  -8038.215259    145.092952  5  3  6  67       
PG04 -12442.096342   8819.172949 -21739.516338    273.246829  6  2  5  99       
PG05  25681.193162  -5814.818363  -4030.146740   -159.019949  5  4  5  59       
PG06   7832.454081  17502.104990 -18257.871626    434.712992  6  3  4  83       
PG07  -4653.286732  25812.894367   2395.843572    -44.204718  4  3  4  46       
PG08 -18683.614288   1134.473394  18911.188423   -163.460004  4  6  7  67       
PG09   -340.690701  18202.797118 -19403.387380     67.943081  5  5  4 101       
PG10  -8815.372463 -12650.677975  21869.990230    -70.434281  5  4  4  31       
PG11  13833.333938   6260.831077 -21768.147305   -550.106631  6  5  5  82       
PG12  23035.979093 -10639.178725  -8011.670055   -470.702898  5  6  4  55       
PG13  20078.053933   9650.157460  14425.587917    618.591738  4  3  5  78       
PG14   4473.711134  14887.157434  21560.529429    306.219524  3  4  4  79       
PG15  18630.745753  -3276.301054  18235.309239    120.116359  5  5  4  80       
PG16 -25040.974309  -1943.036670  -9650.727516   -378.344362  5  6  5  85       
PG17  10492.763691  22100.700826  10577.833979    719.174507  4  5  4  78       
PG18   4609.098471 -25852.716579   3263.735262   -538.802318  4  5  3  55       
PG19  16759.924192  20832.450909    836.664534    430.449396  7  7  3  53       
PG20  20991.523995   2374.040338 -15935.962301    390.303377  3  3  3  29       
PG21 -15419.962099   8809.504534  19924.048757    137.475573  4  5  5  77       
PG22  11987.586679  12319.604978  20603.219114     43.471598  4  4  3  85       
PG23   5248.101603 -16128.756894  20409.976881    140.977991  4  5  5  71       
PG24  14779.049429 -13157.552812  17112.733377   -419.005279  3  3  2  72       
PG25  13609.171037 -16235.380151 -16186.951300    486.220218  6  4  4  51       
PG26 -19048.628927  -6809.806193 -17534.152325    197.647834  5  6  5  95       
PG28  -7294.452374 -19834.093077 -16112.689731   -107.353565  6  5  2  29       
PG29   2953.315264 -17178.600918 -20058.054864   -608.287800  8  6  6  86       
PG30   2985.174391  23574.872374  11710.078758   -441.969162  5  5  3  67       
PG31 -12314.846335 -11122.385166 -20863.999211   -227.461894  4  3  5  92       
PG32 -14690.774621 -21036.528449   7465.102674   -607.086212  4  3  6  48       
*  2024  1 23  9 30  0.00000000
PG01 -12460.879915  19156.696964  12891.293215    166.934902  5  5  5  79       
PG02 -14315.452853  12449.630705  18991.677735   -496.680742  4  6  4  51       
PG03 -23068.495869  11991.127803  -5268.098815    145.115758  5  3  5  69       
PG04 -14191.327550   7084.375869 -21310.302881    273.255513  6  1  5  96       
PG05  25197.471642  -5403.328606  -6808.566012   -159.021280  6  4  5  66       
PG06   7280.744172  19424.547744 -16451.279845    434.700698  6  3  4  79       
PG07  -4981.625577  25804.285443   -463.597908    -44.213116  4  2  4  77       
PG08 -20189.323766   -307.155813  17376.579338   -163.461541  5  6  7  71       
PG09  -2131.153404  16802.720984 -20529.740471     67.954167  6  5  4 102       
PG10  -6469.457478 -13420.799129  22202.893935    -70.435925  5  4  3  55       
PG11  13171.195505   8642.153634 -21364.629631   -550.118953  6  5  5  82       
PG12  23800.323819 -10584.414285  -5283.246715   -470.706468  5  6  4  68       
PG13  20936.825769  10941.776268  12153.952438    618.595032  4  3  5  77       
PG14   2107.871041  15562.923537  21427.476277    306.228709  2  3  4  76       
PG15  20266.718555  -1969.048354  16671.360993    120.120370  4  4  4  78       
PG16 -23924.726726  -2382.936383 -12110.813812   -378.337373  5  6  5  73       
PG17   9450.580028  21310.719219  13013.857565    719.173811  4  4  4  82       
PG18   4880.179560 -26002.924338    380.273849   -538.810432  5  5  3  69       
PG19  16426.085365  20761.479386   3675.116131    430.454196  7  6  3  81       
PG20  19361.029588   3448.731065 -17713.886766    390.301846  4  3  3  73       
PG21 -15273.158145   6542.958210  20994.886968    137.474553  4  5  5  70       
PG22   9739.244909  12911.000189  21452.805243     43.466239  4  4  3  90       
PG23   7410.585719 -16793.787799  19146.808723    140.984873  4  4  5  75       
PG24  14735.983033 -11008.011879  18606.639512   -419.011511  3  3  1  79       
PG25  15280.728622 -16584.565276 -14147.972396    486.221328  6  4  4  46       
PG26 -17201.118219  -7734.713343 -18978.514303    197.644531  6  6  5 100       
PG28  -6812.457371 -21497.875589 -14056.126323   -107.364185  5  5  2  51       
PG29   4627.029862 -15538.287654 -21065.563481   -608.287195  8  6  5  86       
PG30   2436.993571  24679.968472   9255.364799   -441.965005  5  4  3  70       
PG31 -11679.406639 -13335.746576 -19863.089390   -227.462256  4  3  5 100       
PG32 -13820.063687 -20551.754584  10070.599417   -607.088454  4  3  6  85       
*  2024  1 23  9 45  0.00000000
PG01 -12346.005261  17486.936393  15149.242346    166.935930  4  4  4  87       
PG02 -14292.299912  10289.399237  20313.212264   -496.675930  5  6  4  76       
PG03 -23534.982643  11963.233780  -2406.986407    145.138573  5  3  5  53       
PG04 -15976.053384   5490.332694 -20514.613197    273.264224  6  1  4 105       
PG05  24456.433103  -4842.446950  -9471.053589   -159.022848  7  4  5  59       
PG06   6873.839332  21155.674156 -14358.874899    434.688470  6  3  4  78       
PG07  -5264.140657  25488.066563  -3314.758279    -44.221537  4  1  4  71       
PG08 -21613.720658  -1552.312419  15545.577995   -163.463867  6  6  7  57       
PG09  -4076.354965  15432.740597 -21304.999372     67.965323  6  5  4  93       
PG10  -4152.429413 -14328.489685  22161.331472    -70.437079  5  4  3  57       
PG11  12649.187780  10989.339930 -20592.851179   -550.131300  6  5  5  79       
PG12  24268.579830 -10474.181026  -2464.104051   -470.709728  5  5  4  50       
PG13  21678.748003  11986.885306   9673.275859    618.598392  5  4  5  88       
PG14   -189.412958  16344.194211  20925.994954    306.237912  2  3  3  80       
PG15  21790.863023   -843.046478  14812.467477    120.123646  4  4  4  77       
PG16 -22581.999568  -2955.273551 -14370.723729   -378.330324  6  6  4 100       
PG17   8177.118313  20403.073888  15229.402116    719.173304  4  3  4  80       
PG18   5087.815683 -25843.237639  -2509.805448   -538.818520  6  5  3  14       
PG19  15862.477981  20487.689667   6451.466580    430.458822  6  5  3  81       
PG20  17629.554463   4699.180758 -19183.783887    390.300751  4  3  3  71       
PG21 -15239.292890   4182.551212  21713.062580    137.472811  4  4  5  70       
PG22   7457.464321  13640.745978  21945.681600     43.460107  4  4  3  91       
PG23   9385.799804 -17512.505872  17552.845154    140.991808  4  4  5  84       
PG24  14783.194098  -8707.701088  19765.628904   -419.017704  2  3  2  78       
PG25  16711.175126 -16925.186493 -11867.219451    486.222488  6  5  4  14       
PG26 -15269.232811  -8810.919183 -20103.389570    197.641240  6  6  4 115       
PG28  -6446.692334 -22939.985301 -11758.020450   -107.374784  5  5  2  26       
PG29   6454.788284 -13927.910064 -21711.494117   -608.286359  8  6  5  90       
PG30   1985.215401  25527.352738   6639.758593   -441.960695  5  4  2  61       
PG31 -11179.052660 -15452.961437 -18522.811349   -227.462228  4  3  5  82       
PG32 -12703.155844 -19938.793515  12506.163152   -607.090642  4  4  6  78       
*  2024  1 23 10  0  0.00000000
PG01 -12299.069327  15568.776276  17136.362988    166.937012  4  5  4  94       
PG02 -14385.176405   8007.029125  21297.682651   -496.670585  5  6  4  76       
PG03 -23706.015513  11821.393713    495.774232    145.161397  5  3  5   6       
PG04 -17753.533781   4059.590112 -19366.507162    273.272932  6  2  4  97       
PG05  23489.484562  -4107.706915 -11972.542559   -159.023765  7  4  5  20       
PG06   6589.275318  22655.263892 -12017.009296    434.676163  5  3  4  66       
PG07  -5537.068094  24862.348425  -6106.688240    -44.229948  4     4  55       
PG08 -22913.840031  -2598.685897  13450.282590   -163.465388  6  6  7  87       
PG09  -6145.083135  14128.907015 -21716.177736     67.976438  6  4  3  80       
PG10  -1910.104461 -15354.873880  21745.012823    -70.438577  5  4  2  56       
PG11  12266.483235  13253.697972 -19466.271545   -550.143557  7  6  5  92       
PG12  24443.026438 -10270.496016    397.482381   -470.713181  5  5  3  41       
PG13  22263.290370  12790.625374   7026.716839    618.601845  4  4  5  57       
PG14  -2376.068458  17208.670972  20064.156387    306.247078  2  2  4  83       
PG15  23161.051438    103.998031  12692.853542    120.127287  4  4  4  66       
PG16 -21048.357941  -3680.515005 -16393.330069   -378.323295  6  6  4 100       
PG17   6676.543736  19421.036131  17188.153700    719.172546  5  2  4  86       
PG18   5270.255991 -25369.875532  -5356.188320   -538.826593  6  5  2  37       
PG19  15051.005811  20044.930746   9118.505364    430.463607  6  4  3  85       
PG20  15842.757672   6119.340066 -20320.372694    390.299494  5  3  3  81       
PG21 -15330.416279   1774.101866  22069.772892    137.471609  3  4  5  65       
PG22   5188.543251  14501.903236  22074.805609     43.454759  4  4  3 100       
PG23  11143.175067 -18248.504728  15655.185014    140.998662  4  3  4  61       
PG24  14937.225140  -6301.308462  20569.251474   -419.023900  2  4  3  81       
PG25  17884.522436 -17218.802354  -9382.741785    486.223633  6  5  4  63       
PG26 -13296.236864 -10032.865470 -20889.172759    197.637917  6  5  4 104       
PG28  -6170.595197 -24128.192151  -9257.817496   -107.385371  5  5  3           
PG29   8406.632257 -12386.719306 -21985.107824   -608.285748  8  6  5  82       
PG30   1600.306488  26094.201792   3908.476032   -441.956402  5  5  2  51       
PG31 -10803.786767 -17428.728894 -16864.763359   -227.462385  4  4  5  89       
PG32 -11340.180472 -19238.112124  14730.937224   -607.092938  5  4  6  87       
*  2024  1 23 10 15  0.00000000
PG01 -12350.761239  13439.005719  18816.878626    166.938096  3  5  4  37       
PG02 -14606.981585   5647.241977  21930.118900   -496.665640  5  5  4  69       
PG03 -23596.000771  11529.197522   3389.926289    145.184160  6  2  5  15       
PG04 -19478.733432   2806.761454 -17886.050007    273.281608  6  2  3  95       
PG05  22333.553778  -3181.292643 -14270.811927   -159.025263  7  3  4  46       
PG06   6398.143306  23889.569121  -9466.403032    434.663867  5  4  4  72       
PG07  -5836.416748  23934.556719  -8789.009235    -44.238332  4     4  56       
PG08 -24048.595245  -3452.136275  11127.014049   -163.467541  7  6  7  56       
PG09  -8300.198267  12921.867332 -21756.479985     67.987550  6  4  3  77       
PG10    215.421345 -16473.630488  20959.890307    -70.440856  5  4  2  41       
PG11  12014.161561  15388.287489 -18004.453975   -550.155820  7  6  5  69       
PG12  24334.572139  -9937.475603   3252.162407   -470.716633  5  5  3  64       
PG13  22653.208487  13366.433059   4260.006042    618.605051  4  4  6  58       
PG14  -4414.684200  18127.711933  18856.273781    306.256232  2  2  3  88       
PG15  24338.429793    882.273031  10351.048123    120.131107  4  4  3  83       
PG16 -19363.657895  -4572.279510 -18145.308662   -378.316281  6  6  4  98       
PG17   4961.271970  18407.446830  18858.356251    719.171467  5  2  3  85       
PG18   5465.987455 -24588.311538  -8109.329187   -538.834693  7  5  3  19       
PG19  13981.414656  19470.994557  11630.567709    430.468272  5  3  4  87       
PG20  14045.686671   7695.032069 -21104.258254    390.298063  6  3  3  59       
PG21 -15550.782550   -635.643702  22062.144234    137.470516  3  3  5  58       
PG22   2976.911921  15479.883026  21838.962006     43.448937  4  3  3  84       
PG23  12659.933997 -18961.638356  13486.293018    141.005562  4  3  4  53       
PG24  15207.286917  -3836.657772  21003.771053   -419.030070  2  4  4  65       
PG25  18792.989482 -17425.943571  -6736.449282    486.224751  6  5  3  36       
PG26 -11324.731563 -11387.379840 -21321.790371    197.634614  6  5  4 107       
PG28  -5952.675251 -25037.339973  -6598.452042   -107.395999  6  5  3  32       
PG29  10446.247180 -10948.655552 -21882.039344   -608.285215  8  6  5  82       
PG30   1249.407394  26365.522610   1108.969442   -441.952128  5  5  2  33       
PG31 -10536.309111 -19221.050084 -14916.182163   -227.462749  4  4  4  54       
PG32  -9739.590506 -18490.576573  16707.623225   -607.095232  5  4  6  68       
*  2024  1 23 10 30  0.00000000
PG01 -12525.304252  11141.131336  20160.676683    166.939203  3  5  4  63       
PG02 -14962.893532   3256.532655  22201.224512   -496.660394  5  5  4  74       
PG03 -23227.562539  11054.672935   6225.190263    145.206951  6  2  5  36       
PG04 -21105.958874   1738.155416 -16098.946987    273.290249  6  3  3  87       
PG05  21029.674198  -2052.890228 -16327.157796   -159.026284  7  2  4  64       
PG06   6266.397109  24832.527394  -6751.414146    434.651551  4  4  3  71       
PG07  -6196.280466  22721.293967 -11312.944588    -44.246463  4     4  82       
PG08 -24980.286380  -4126.228383   8615.676191   -163.468984  8  5  6  62       
PG09 -10499.878827  11835.783542 -21425.398999     67.998599  6  4  2  77       
PG10   2187.203496 -17651.889739  19818.136555    -70.442652  5  4  2  48       
PG11  11875.664597  17349.558929 -16232.717272   -550.168118  7  5  5  80       
PG12  23962.309821  -9442.936952   6050.365931   -470.720090  5  5  2  77       
PG13  22816.016025  13735.290244   1420.648104    618.608693  4  4  6  70       
PG14  -6273.770708  19067.401595  17322.692682    306.265374  2  2  3  62       
PG15  25288.855257   1509.165920   7829.081006    120.134359  4  4  3  80       
PG16 -17570.662672  -5636.675280 -19597.615201   -378.308945  6  6  5  99       
PG17   3051.624507  17403.102979  20213.226556    719.170373  5  1  3  88       
PG18   5712.025525 -23513.113078 -10721.343599   -538.842735  7  5  2  52       
PG19  12651.905088  18806.111400  13944.302643    430.473264  5  3  4  83       
PG20  12281.123881   9404.344713 -21522.253048    390.296813  6  3  2  75       
PG21 -15896.797834  -3000.542076  21693.075712    137.469529  2  1  5  64       
PG22    863.689352  16552.945568  21242.720824     43.443126  4  3  2  84       
PG23  13921.803101 -19609.627359  11083.455367    141.012437  5  3  4  70       
PG24  15594.842077  -1362.952245  21062.391663   -419.036249  3  3  4  84       
PG25  19437.214462 -17507.755345  -3973.453531    486.225906  6  5  3  60       
PG26  -9395.182183 -12853.994278 -21392.977626    197.631303  6  4  4  96       
PG28  -5757.907635 -25650.232067  -3825.615345   -107.406651  6  5  3           
PG29  12532.200320  -9641.163842 -21404.348781   -608.284395  8  6  4  61       
PG30    897.824281  26334.743012  -1709.919964   -441.947839  5  5  2  57       
PG31 -10352.763569 -20792.731852 -12709.565900   -227.462993  4  4  4  76       
PG32  -7918.015745 -17735.859266  18403.056854   -607.097621  5  5  6  67       
*  2024  1 23 10 45  0.00000000
PG01 -12839.349316   8723.785181  21143.912539    166.940323  3  5  4  69       
PG02 -15450.175891    881.642798  22107.436427   -496.655235  5  4  4  76       
PG03 -22630.602639  10371.739816   8952.162826    145.229784  6  3  5  62       
PG04 -22590.527191    851.730248 -14036.086505    273.298940  7  3  3  96       
PG05  19621.435850   -720.253667 -18107.002662   -159.028028  8     3  68       
PG06   6156.368545  25466.681963  -3919.243214    434.639250  4  4  3  62       
PG07  -6647.211075  21247.820034 -13632.346776    -44.254861  5     3  74       
PG08 -25675.980923  -4641.483130   5959.076665   -163.471577  8  5  6  47       
PG09 -12699.048110  10887.511226 -20728.712235     68.009678  6  3  3  77       
PG10   3974.697930 -18851.398154  18338.025092    -70.443773  6  3  1  63       
PG11  11827.557115  19098.866124 -14181.689611   -550.180430  7  5  5  74       
PG12  23352.757016  -8759.878025   8743.185089   -470.723312  5  5  2  70       
PG13  22725.274235  13924.699895  -1442.887277    618.612011  4  4  6  57       
PG14  -7928.795916  19989.845034  15489.472229    306.274554  1  2  2  34       
PG15  25984.132838   2008.292708   5171.644548    120.137824  5  4  3  81       
PG16 -15713.567329  -6871.906524 -20725.912194   -378.301693  6  6  5  98       
PG17    975.202124  16445.253792  21231.285121    719.169412  6  2  3  84       
PG18   6042.268399 -22167.433039 -13146.867860   -538.850852  7  5  1  38       
PG19  11069.438669  18091.348207  16019.424512    430.477904  5  2  4  91       
PG20  10588.039866  11218.333295 -21567.582111    390.295140  7  3  2  83       
PG21 -16357.254209  -5276.522240  20971.020948    137.468579  1     4  65       
PG22  -1114.628990  17692.958241  20296.327952     43.437362  4  3  2  83       
PG23  14923.398089 -20149.769271   8488.141532    141.019335  5  3  3  46       
PG24  16093.533243   1071.022190  20745.321384   -419.042428  3  3  4  65       
PG25  19826.148474 -17427.652964  -1141.325658    486.227034  6  5  3  46       
PG26  -7544.521995 -14405.547138 -21100.473820    197.627933  6  4  4  93       
PG28  -5549.270927 -25958.222458   -986.973878   -107.417216  6  5  4  55       
PG29  14619.378711  -8484.271975 -20560.466944   -608.283938  8  7  5  62       
PG30    510.605541  26003.982149  -4498.849106   -441.943563  6  5  2  66       
PG31 -10223.760477 -22112.733698 -10282.189669   -227.463169  4  4  4  83       
PG32  -5899.819289 -17010.905372  19788.721412   -607.099968  5  5  6  56       
*  2024  1 23 11  0  0.00000000
PG01 -13301.200631   6238.925004  21749.470647    166.941482  2  5  4  89       
PG02 -16058.273791  -1431.957377  21650.917949   -496.650173  5  4  4  67       
PG03 -21841.079564   9461.444006  11523.210289    145.252612  6  3  5  51       
PG04 -23890.403048    137.372650 -11733.000415    273.307607  7  3  2  86       
PG05  18153.359685    810.533881 -19580.436104   -159.029286  8     3  83       
PG06   6028.429227  25783.773599  -1019.087728    434.626899  3  4  3  68       
PG07  -7214.729108  19547.165747 -15704.688938    -44.263267  5  1  3  77       
PG08 -26108.718895  -5024.377981   3202.219485   -163.473493  8  5  5  68       
PG09 -14850.929040  10086.067623 -19678.377162     68.020800  6  3  3  73       
PG10   5554.778660 -20029.913217  16543.709665    -70.445091  5  3  1  49       
PG11  11840.562807  20603.795215 -11886.772575   -550.192746  6  5  4  78       
PG12  22538.805952  -7867.773349  11283.266922   -470.726761  6  5  2  53       
PG13  22361.653184  13967.431347  -4281.972012    618.615190  4  3  6  72       
PG14  -9362.954157  20854.637725  13387.960740    306.283671  1  2  1  69       
PG15  26403.008087   2408.299879   2425.242027    120.141342  6  4  4  71       
PG16 -13836.479916  -8268.163102 -21510.943242   -378.294483  7  6  5  92       
PG17  -1233.996347  15566.255772  21896.605494    719.168098  6  2  3  78       
PG18   6485.982023 -20582.174336 -15343.868492   -538.858949  8  5  1           
PG19   9249.719674  17366.968340  17819.435083    430.482508  5  2  4  80       
PG20   9000.213258  13102.003908 -21239.970062    390.293873  7  3  2  74       
PG21 -16913.830311  -7422.950972  19909.719974    137.467395  1     4  25       
PG22  -2927.311846  18866.385189  19015.531672     43.431601  4  3  2  80       
PG23  15668.264571 -20540.685201   5745.282805    141.026246  6  3  3  51       
PG24  16689.453930   3418.654712  20059.677408   -419.048611  4  3  5  61       
PG25  19976.627076 -17152.924160   1710.719466    486.228085  6  5  3  66       
PG26  -5804.884565 -16009.051586 -20448.129652    197.624633  7  4  4  86       
PG28  -5289.367911 -25961.489865   1868.647881   -107.427816  6  5  4  17       
PG29  16660.572207  -7489.963606 -19365.036534   -608.283107  9  7  5  68       
PG30     54.138382  25383.986710  -7208.880932   -441.939280  5  5  2  60       
PG31 -10115.641479 -23157.301443  -7675.516331   -227.463256  5  4  5  87       
PG32  -3716.372989 -16348.513400  20841.193871   -607.102372  6  5  5  54       
*  2024  1 23 11 15  0.00000000
PG01 -13910.406958   3739.906649  21967.271196    166.942599  3  5  5  75       
PG02 -16769.191853  -3641.530797  20839.488467   -496.644941  4  4  3  54       
PG03 -20899.553774   8312.918212  13893.338170    145.275517  6  4  5  52       
PG04 -24967.742426   -422.511589  -9229.251174    273.316319  8  3  3  81       
PG05  16669.254867   2525.111992 -20722.681141   -159.030385  8  2  3  78       
PG06   5842.731284  25784.981468   1898.736666    434.614562  3  5  3  53       
PG07  -7918.044673  17658.913372 -17491.988218    -44.271324  5  1  3  69       
PG08 -26258.501916  -5306.136608    391.579290   -163.475020  8  5  5  88       
PG09 -16908.669489   9432.407938 -18292.328116     68.031832  6  3  4  51       
PG10   6912.482164 -21142.780091  14464.899771    -70.446680  5  3     55       
PG11  11880.834253  21839.259648  -9387.525105   -550.205005  6  4  3  60       
PG12  21558.420990  -6753.628674  13625.697856   -470.730272  6  4  2  78       
PG13  21713.728483  13900.085531  -7048.612134    618.618402  3  3  6  72       
PG14 -10567.636866  21620.454427  11054.271066    306.292817  1  2     10       
PG15  26531.884931   2741.494680   -362.657980    120.144838  7  5  5  66       
PG16 -11981.908935  -9807.799172 -21938.851222   -378.287418  7  6  5  85       
PG17  -3536.675678  14792.429277  22198.985169    719.167072  6  1  3  82       
PG18   7066.477169 -18794.861767 -17274.385582   -538.867017  8  5  2           
PG19   7216.845830  16670.814897  19312.302329    430.487277  5  2  4  89       
PG20   7545.070053  15015.537778 -20545.610702    390.292508  8  2  3  75       
PG21 -17541.832571  -9403.856184  18527.891253    137.465931  2     4  62       
PG22  -4550.325634  20035.474898  17421.347701     43.425903  4  3  2  62       
PG23  16168.571236 -20744.032657   2902.480451    141.033120  6  4  2  48       
PG24  17361.744369   5637.153122  19019.241450   -419.054794  4  3  5  60       
PG25  19912.629610 -16656.210986   4532.699504    486.229237  6  4  3  76       
PG26  -4202.512759 -17626.803374 -19445.920370    197.621341  7  4  4  90       
PG28  -4942.066238 -25668.983485   4692.106489   -107.438449  6  5  4  15       
PG29  18608.142104  -6661.868493 -17838.652746   -608.282623  9  6  5  70       
PG30   -502.301426  24493.732745  -9792.393311   -441.935011  6  5  3  60       
PG31  -9991.940488 -23910.837509  -4934.508400   -227.463419  5  3  5  68       
PG32  -1405.077103 -15776.080291  21542.518799   -607.104753  6  5  5  36       
*  2024  1 23 11 30  0.00000000
PG01 -14657.734657   1279.513855  21794.416481    166.943769  2  5  6  70       
PG02 -17558.139502  -5708.433083  19686.492795   -496.639585  5  3  2  66       
PG03 -19849.556907   6924.028210  16021.018331    145.298126  5  4  5  59       
PG04 -25790.285272   -852.119712  -6567.756371    273.324969  8  3  4  72       
PG05  15210.618450   4401.205459 -21514.481494   -159.031686  8  3  2  67       
PG06   5560.956623  25480.804966   4783.690645    434.602190  3  4  3  70       
PG07  -8769.051739  15627.695843 -18961.629899    -44.279497  5  2  3  80       
PG08 -26113.033170  -5521.353676  -2425.633661   -163.477392  8  5  5  87       
PG09 -18826.978017   8919.517422 -16594.177803     68.043054  5  3  4  71       
PG10   8041.445395 -22144.634012  12136.431582    -70.447698  5  2     62       
PG11  11911.406774  22788.320195  -6726.978398   -550.217288  5  4  3  52       
PG12  20453.132787  -5412.746185  15728.860021   -470.733575  6  4  2  73       
PG13  20778.487528  13761.535761  -9696.215533    618.621567  3  2  6  75       
PG14 -11542.584888  22246.694945   8528.663551    306.301889  2  2      8       
PG15  26365.250129   3042.363301  -3144.444732    120.148355  8  5  5  23       
PG16 -10189.307267 -11465.798277 -22001.436102   -378.280432  7  6  5  76       
PG17  -5889.526293  14143.151511  22134.041306    719.166430  6  1  3  71       
PG18   7800.031694 -16848.267212 -18905.195872   -538.875121  8  5  3  42       
PG19   5002.633938  16036.780637  20471.081275    430.491945  6  2  3  72       
PG20   6242.785546  16915.707291 -19497.022192    390.291446  7  2  3  52       
PG21 -18211.146487 -11188.976387  16848.891503    137.464798  3     3  70       
PG22  -5967.031410  21159.606701  15539.764435     43.419869  4  2  1  63       
PG23  16444.466669 -20726.115120      9.158374    141.039988  6  4  2  36       
PG24  18083.479582   7689.005520  17644.079402   -419.061010  4  3  4  48       
PG25  19664.249786 -15916.806272   7274.784876    486.230383  6  4  3  69       
PG26  -2756.887701 -19217.691328 -18109.859357    197.618076  7  4  4  62       
PG28  -4474.094726 -25098.042404   7434.785937   -107.449084  6  5  4  44       
PG29  20415.712819  -5995.279930 -16007.508124   -608.282103  9  6  5  54       
PG30  -1185.112248  23359.707463 -12203.968395   -441.930745  6  4  3  71       
PG31  -9814.984635 -24366.466803  -2106.850446   -227.463565  5  3  5  66       
PG32    991.842141 -15314.555962  21880.505736   -607.107141  6  4  4  62       
*  2024  1 23 11 45  0.00000000
PG01 -15525.519963  -1091.968557  21235.176995    166.944806  2  5  6  82       
PG02 -18394.421613  -7599.327656  18210.611914   -496.634389  5  3     57       
PG03 -18735.850397   5301.675358  17868.955666    145.320773  5  4  5  50       
PG04 -26332.545264  -1181.121944  -3794.061828    273.333648  9  2  5  86       
PG05  13815.135038   6409.284151 -21942.405675   -159.032865  8  4     77       
PG06   5148.004409  24890.592995   7585.903879    434.589776  3  4  2  69       
PG07  -9771.645965  13501.482192 -20087.064572    -44.288317  5  2  3  78       
PG08 -25668.184919  -5706.505695  -5202.209156   -163.478403  8  5  5  94       
PG09 -20563.709590   8532.815164 -14612.827805     68.054161  5  4  4  84       
PG10   8944.014975 -22991.165105   9597.735695    -70.449606  6  2     56       
PG11  11893.779147  23442.699665  -3950.893779   -550.229644  4  3  2  46       
PG12  19266.388592  -3849.163139  17555.238804   -470.736970  6  4  3  78       
PG13  19561.530050  13591.302835 -12180.325565    618.624965  4     6  77       
PG14 -12295.714910  22695.121411   5854.846733    306.311014  3  2     40       
PG15  25905.798031   3346.037431  -5873.152531    120.151639  8  5  6  71       
PG16  -8493.722030 -13210.513703 -21696.347278   -378.273130  8  6  5  87       
PG17  -8246.642299  13630.212837  21703.234296    719.165260  6  1  4  86       
PG18   8695.100599 -14788.843964 -20208.383592   -538.883235  7  5  4  60       
PG19   2645.639149  15493.426309  21274.461885    430.496742  6  2  3  84       
PG20   5105.681134  18757.427560 -18112.792923    390.290473  7  2  3  51       
PG21 -18887.363755 -12754.610239  14900.348687    137.463927  3  1  3  30       
PG22  -7168.622749  22196.752623  13401.389367     43.413881  5  3  1  46       
PG23  16523.124991 -20459.322496  -2884.323106    141.046844  7  5  2  40       
PG24  18822.804768   9543.203532  15960.042698   -419.067214  4  3  3  32       
PG25  19266.414630 -14921.705301   9888.243263    486.231518  6  4  4  82       
PG26  -1480.114072 -20738.665196 -16461.807900    197.614779  7  5  4  79       
PG28  -3856.532562 -24273.703020  10049.436679   -107.459718  6  5  4  16       
PG29  22039.823529  -5477.497272 -13902.947701   -608.281348 10  6  5  50       
PG30  -2015.102955  22014.899404 -14401.242016   -441.926513  6  4  3  69       
PG31  -9547.571007 -24526.268743    757.904915   -227.464009  6  3  5  56       
PG32   3428.715824 -14977.645359  21848.945826   -607.109523  6  4  3  53       
*  2024  1 23 12  0  0.00000000
PG01 -16488.380268  -3328.555897  20300.822719    166.945876  2  5  7  90       
PG02 -19242.545925  -9287.218214  16435.615873   -496.629500  5  3  2  66       
PG03 -17602.644191   3461.740673  19404.777432    145.343316  4  4  5  37       
PG04 -26576.752638  -1443.323447   -955.574978    273.342328  9  2  6  80       
PG05  12515.330244   8513.496770 -21999.064583   -159.034155  9  5     78       
PG06   4573.549488  24041.741307  10257.048874    434.577394  3  3  2  78       
PG07 -10921.399662  11329.728360 -20848.355664    -44.296508  5  3  2  75       
PG08 -24928.179013  -5898.401576  -7891.665605   -163.480272  7  6  6  92       
PG09 -22081.342540   8250.854166 -12381.993561     68.065266  5  4  4  85       
PG10   9631.017232 -23640.877528   6892.205775    -70.451556  6  3  2  71       
PG11  11789.559458  23802.973715  -1106.976437   -550.241945  4  3  2  80       
PG12  18041.825663  -2075.740166  19072.161267   -470.740257  6  4  3  75       
PG13  18076.958598  13427.924235 -14459.312362    618.628366  5     6  81       
PG14 -12842.625684  22931.421249   3079.208193    306.320118  3  2     63       
PG15  25164.260607   3686.768327  -8503.201689    120.155260  9  4  6  61       
PG16  -6924.597821 -15004.664142 -21027.204486   -378.265910  8  5  5  67       
PG17 -10561.027868  13257.454930  20913.821669    719.164384  6  1  4  86       
PG18   9751.844344 -12665.033123 -21161.809454   -538.891318  7  5  4  59       
PG19    189.899435  15062.805280  21707.229106    430.501454  6  2  3  79       
PG20   4137.936251  20495.382744 -16417.225059    390.289306  7  3  3  50       
PG21 -19533.048490 -14084.245879  12713.771379    137.462631  4  2  3  54       
PG22  -8154.289221  23105.007362  11041.037111     43.408151  5  2  1  29       
PG23  16437.518541 -19923.343191  -5727.574521    141.053661  7  5  2  57       
PG24  19544.263841  11176.183522  13998.171223   -419.073440  4  3  3  52       
PG25  18757.401359 -13666.362152  12326.386164    486.232613  6  4  4  71       
PG26   -376.589523 -22146.308002 -14529.178482    197.611458  6  5  4  62       
PG28  -3066.132736 -23227.721023  12490.992588   -107.470343  6  5  4  56       
PG29  23441.478249  -5088.479425 -11560.941538   -608.280923 10  5  5  41       
PG30  -3006.456961  20497.538232 -16345.693527   -441.922286  6  3  3  76       
PG31  -9154.649447 -24401.159542   3609.250789   -227.464163  6  3  5  57       
PG32   5857.948795 -14771.287994  21447.743719   -607.111821  5  3  2  66       
*  2024  1 23 12 15  0.00000000
PG01 -17514.247980  -5390.164930  19009.310081    166.946980  2  5  7  85       
PG02 -20063.512626 -10752.265332  14390.058715   -496.624366  4  3  3  42       
PG03 -16491.848278   1428.670749  20601.630029    145.365851  4  4  5  37       
PG04 -26513.515328  -1675.169998   1899.229404    273.350979  9  2  6  67       
PG05  11337.426416  10672.845621 -21683.239798   -159.035532  9  5     76       
PG06   3813.410234  22968.591603  12751.179802    434.565138  4  3  2  45       
PG07 -12205.608953   9161.479606 -21232.560972    -44.304802  5  3  1  88       
PG08 -23905.475374  -6132.627978 -10448.964269   -163.482009  7  6  6  98       
PG09 -23348.291815   8046.291340  -9939.650361     68.076378  5  4  4  66       
PG10  10121.192098 -24056.772615   4066.475181    -70.452767  6  3  3  60       
PG11  11562.112079  23878.431615   1755.941469   -550.254297  4  2  2  70       
PG12  16821.539560   -113.890471  20252.446010   -470.743881  6  3  4  83       
PG13  16346.965246  13307.376392 -16495.014702    618.631695  6     6  81       
PG14 -13205.802950  22926.632327    249.989942    306.329201  3  2  1  47       
PG15  24158.957866   4096.464002 -10991.085846    120.158597  8  4  6  61       
PG16  -5504.777448 -16806.556055 -20003.640709   -378.258733  8  5  6  31       
PG17 -12786.142428  13020.700836  19778.744223    719.163571  5  2  4  83       
PG18  10961.992739 -10525.509459 -21749.470695   -538.899342  7  5  5  69       
PG19  -2316.550929  14759.545839  21760.620856    430.506051  6  2  3  78       
PG20   3335.623161  22085.664248 -14439.884269    390.287371  6  2  3  46       
PG21 -20109.103761 -15168.955283  10324.135738    137.461585  4  3  3  34       
PG22  -8931.097961  23844.136536   8497.259214     43.401974  5  2  1  19       
PG23  16224.967395 -19106.097743  -8471.086948    141.060485  8  5  3  61       
PG24  20210.260827  12572.456524  11794.018761   -419.079653  4  3  2  49       
PG25  18177.212528 -12155.111952  14545.493497    486.233744  5  4  5  77       
PG26    557.024125 -23398.454107 -12344.530968    197.608192  6  5  4  37       
PG28  -2086.427279 -21997.345576  14717.351442   -107.480953  5  5  5  64       
PG29  24587.536660  -4801.783741  -9021.482846   -608.280337 11  5  5  54       
PG30  -4165.968086  18849.636380 -18003.358117   -441.917902  6  3  3  78       
PG31  -8604.939328 -24010.423969   6396.679663   -227.464309  6  3  5  14       
PG32   8231.616650 -14693.435806  20682.961031   -607.114187  4  3  2  64       
*  2024  1 23 12 30  0.00000000
PG01 -18565.676915  -7243.952350  17384.839056    166.948053  2  5  7  83       
PG02 -20816.246046 -11982.359542  12106.914588   -496.619203  3  3  3  59       
PG03 -15441.428583   -765.279070  21438.670210    145.388423  4  4  5  55       
PG04 -26142.174159  -1914.154658   4721.618811    273.359632  9  2  7  62       
PG05  10300.442165  12842.561145 -20999.920422   -159.036804  9  5     62       
PG06   2850.672523  21711.077593  15025.521352    434.552922  4  2  2  59       
PG07 -13603.708775   7043.512453 -21233.939173    -44.313282  5  3     77       
PG08 -22620.373006  -6442.044276 -12831.202202   -163.483565  7  6  7  93       
PG09 -24340.009313   7887.091020  -7327.408086     68.087458  5  4  4  57       
PG10  10440.307833 -24207.886288   1169.611870    -70.453610  6  3  3  56       
PG11  11178.141893  23686.613431   4588.734487   -550.266590  4  2  2           
PG12  15644.420429   2007.043004  21074.946960   -470.746919  6  3  4  69       
PG13  14401.130968  13261.606288 -18253.326233    618.634908  7     6  60       
PG14 -13413.554529  22658.371885  -2583.575578    306.338330  3  2  2  53       
PG15  22915.092501   4603.340179 -13296.000797    120.162134  8  4  6  53       
PG16  -4249.739416 -18571.495561 -18641.260117   -378.251400  8  5  6           
PG17 -14877.434257  12907.978366  18316.445535    719.162316  4  2  4  83       
PG18  12309.047979  -8417.435660 -21961.747628   -538.907403  7  5  6  72       
PG19  -4823.344070  14590.233403  21432.571119    430.511066  6  2  3  80       
PG20   2687.059806  23487.358237 -12215.065436    390.286734  5  2  3  63       
PG21 -20576.198345 -16007.544354   7769.449705    137.460547  4  3  3  77       
PG22  -9513.594032  24377.091689   5811.816015     43.396580  5  2  1  35       
PG23  15925.524860 -18004.355420 -11067.125331    141.067357  8  5  3  53       
PG24  20782.591101  13724.912190   9386.922003   -419.085857  4  3  2  16       
PG25  17565.877939 -10401.234672  16505.691447    486.234877  5  3  6  69       
PG26   1331.521722 -24455.790339  -9945.063573    197.604945  6  5  4           
PG28   -908.570317 -20623.893013  16690.105135   -107.491534  5  4  5  47       
PG29  25451.893860  -4585.754250  -6327.920832   -608.279674 11  5  4  64       
PG30  -5492.580484  17115.393305 -19345.445813   -441.913621  6  2  3  80       
PG31  -7872.409256 -23380.911632   9070.654521   -227.464702  5  2  5  51       
PG32  10503.086980 -14734.140183  19566.768039   -607.116556  3  3  3  62       
*  2024  1 23 12 45  0.00000000
PG01 -19601.360657  -8865.341330  15457.297960    166.949103  2  4  7  73       
PG02 -21459.123593 -12973.429642   9623.153786   -496.614178  3  4  3  51       
PG03 -14483.934374  -3081.114356  21901.440315    145.410956  4  4  4  56       
PG04 -25470.839160  -2197.186190   7463.415553    273.368328  9  3  7  52       
PG05   9415.568919  14975.627789 -19960.246835   -159.038031  8  5     55       
PG06   1676.526736  20313.172648  17041.194215    434.540623  4  2  2  64       
PG07 -15088.032695   5018.600625 -20853.979776    -44.321740  5  3     85       
PG08 -21100.337288  -6855.380282 -14998.277149   -163.485747  7  6  7  92       
PG09 -25039.829651   7737.916767  -4589.823475     68.098591  5  4  3  81       
PG10  10619.987507 -24070.614828  -1747.754818    -70.455349  6  3  4  64       
PG11  10609.154484  23252.542368   7342.820341   -550.278937  4  1  3  49       
PG12  14544.628260   4250.739506  21524.976194   -470.750171  6  2  4  64       
PG13  12275.463487  13317.224350 -19704.720464    618.638380  7  2  6  66       
PG14 -13498.718472  22111.818575  -5372.151522    306.347455  4  2  2  63       
PG15  21463.819859   5230.729324 -15380.412114    120.165772  7  5  6  56       
PG16  -3167.105038 -20253.344740 -16961.504105   -378.244534  8  4  6  46       
PG17 -16793.812453  12900.029773  16550.625356    719.160899  4  2  4  60       
PG18  13768.816909  -6384.792680 -21795.534589   -538.915451  7  5  6  71       
PG19  -7279.553430  14553.123403  20727.827311    430.515843  6  2  4  81       
PG20   2173.463840  24664.022621  -9781.185116    390.285130  5  1  3  44       
PG21 -20896.212620 -16606.454880   5090.292674    137.459265  4  3  4  64       
PG22  -9923.128927  24671.440138   3029.091274     43.390800  5  2  1           
PG23  15580.264994 -16624.008369 -13470.587000    141.074201  9  5  4  58       
PG24  21223.979624  14634.796179   6819.233212   -419.092062  4  4  1  56       
PG25  16961.756733  -8426.652256  18171.759110    486.236033  5  3  6  77       
PG26   1964.573725 -25283.376042  -7372.003318    197.601641  6  5  4  36       
PG28    468.114917 -19151.175232  18375.206670   -107.502169  4  4  5  68       
PG29  26016.404898  -4404.913899  -3526.238307   -608.278794 10  5  4  76       
PG30  -6977.251519  15339.528732 -20348.854196   -441.909337  6  2  4  73       
PG31  -6937.553438 -22545.928497  11583.573199   -227.464362  5  2  5           
PG32  12628.606832 -14875.948352  18117.300880   -607.118971  2  3  4  62       
*  2024  1 23 13  0  0.00000000
PG01 -20577.795283 -10238.702500  13261.615408    166.950094  2  5  6  78       
PG02 -21951.553030 -13729.472133   6979.257447   -496.608951  4  4  4  64       
PG03 -13645.256975  -5474.441007  21982.120028    145.433463  4  3  3  70       
PG04 -24516.105934  -2558.981287  10077.799935    273.376970  9  4  8  54       
PG05   8685.848350  17024.407104 -18581.360458   -159.038749  8  5  1  42       
PG06    290.786444  18821.200805  18763.865506    434.528313  4  2  2  68       
PG07 -16624.877593   3123.981049 -20101.262266    -44.330063  5  3     72       
PG08 -19379.076208  -7395.986494 -16913.517626   -163.486072  6  6  7  86       
PG09 -25439.528822   7561.658946  -1773.659847     68.109674  5  4  4  60       
PG10  10696.291498 -23629.770063  -4634.358763    -70.456911  6  3  4  91       
PG11   9832.735886  22607.682533   9970.985286   -550.291300  4  1  3  38       
PG12  13550.272490   6575.143522  21594.594235   -470.753987  7  2  5  60       
PG13  10011.207950  13494.404804 -20824.709566    618.641778  7  2  6  57       
PG14 -13497.196739  21280.406933  -8067.186599    306.356524  4  2  3  72       
PG15  19841.130052   5996.085061 -17210.560517    120.169159  6  5  6  62       
PG16  -2256.440110 -21806.169977 -14991.419036   -378.237139  8  3  7  83       
PG17 -18499.008653  12971.092169  14509.926833    719.160004  4  2  4  70       
PG18  15310.249693  -4466.849901 -21254.255531   -538.923485  7  5  6  65       
PG19  -9635.510217  14638.202196  19657.933814    430.520394  6  2  4  94       
PG20   1769.879797  25584.998569  -7180.112224    390.283678  5     3  65       
PG21 -21033.661988 -16979.419992   2329.327977    137.458042  4  4  4  74       
PG22 -10186.935394  24700.658617    195.451207     43.384949  5  1     73       
PG23  15229.542087 -14979.992199 -15639.807935    141.081084  9  5  5  52       
PG24  21499.566273  15311.373349   4135.534979   -419.098274  5  4  2  19       
PG25  16399.914336  -6261.267974  19513.841003    486.237169  4  3  6  49       
PG26   2479.862083 -25852.019138  -4669.903874    197.598343  6  4  4  53       
PG28   2035.907509 -17623.843593  19743.562094   -107.512778  4  4  5  26       
PG29  26271.519308  -4221.507872   -664.284939   -608.278616 10  5  4  69       
PG30  -8603.142399  13565.613783 -20996.564941   -441.905156  6  1  4  85       
PG31  -5788.406656 -21543.868960  13890.701027   -227.464963  4  2  5   9       
PG32  14568.798261 -15094.598349  16358.422327   -607.121360  2  4  4  67       
*  2024  1 23 13 15  0.00000000
PG01 -21451.015373 -11357.671818  10837.039821    166.951108  3  5  6  78       
PG02 -22255.546036 -14262.295590   4218.670029   -496.603930  4  4  4  53       
PG03 -12943.669552  -7897.020157  21679.650272    145.455995  4  4  3  64       
PG04 -23302.462429  -3030.541752  12520.091789    273.385644  9  4  8  48       
PG05   8106.164102  18942.299956 -16886.159395   -159.040465  7  5  2  47       
PG06  -1297.929801  17282.077312  20164.314324    434.516127  4  2     65       
PG07 -18175.819484   1390.083641 -18991.156636    -44.338550  5  3  2  65       
PG08 -17495.396424  -8080.782078 -18544.271255   -163.488505  6  6  6  74       
PG09 -25539.573654   7321.040091   1072.894730     68.120788  5  4  4  66       
PG10  10708.112086 -22879.315176  -7439.253525    -70.458051  7  3  5  46       
PG11   8833.602503  21788.662704  12428.184799   -550.303642  3  2  3  65       
PG12  12682.352349   8933.947648  21282.760119   -470.757300  7  2  5  65       
PG13   7653.472094  13806.032562 -21594.232305    618.645039  6  2  6  43       
PG14 -13446.374332  20166.205449 -10621.790608    306.365668  3  2  3  70       
PG15  18086.583302   6910.211677 -18756.905105    120.172315  5  5  6  69       
PG16  -1509.366549 -23185.924009 -12763.320456   -378.230168  8  2  7  61       
PG17 -19962.782522  13089.924871  12227.557208    719.158646  5  2  4  54       
PG18  16896.550416  -2696.832487 -20347.766617   -538.931574  7  5  7  78       
PG19 -11844.587021  14827.598521  18241.076906    430.525118  5  2  5  66       
PG20   1446.341477  26226.508423  -4456.448913    390.282640  5     3  42       
PG21 -20957.056026 -17146.880364   -469.214994    137.457209  4  4  4  60       
PG22 -10336.975771  24445.242057  -2641.449087     43.379256  5  2     87       
PG23  14911.292902 -13095.856552 -17537.300728    141.087988  9  6  5  72       
PG24  21578.283443  15771.300467   1381.853302   -419.104482  4  4  2  75       
PG25  15910.646267  -3941.973939  20508.045194    486.238356  4  3  7  67       
PG26   2905.964389 -26139.449386  -1885.861923    197.595042  6  4  4  31       
PG28   3778.788720 -16085.712492  20771.536870   -107.523370  3  4  5  67       
PG29  26216.601448  -3997.139310   2209.022245   -608.278502  9  5  4  77       
PG30 -10346.127225  11834.468162 -21277.917710   -441.900837  5  2  4  70       
PG31  -4421.251271 -20416.646395  15951.047181   -227.464817  4  2  5  48       
PG32  16290.005817 -15359.990695  14319.385389   -607.123704  2  4  4  82       
*  2024  1 23 13 30  0.00000000
PG01 -22178.332172 -12225.103538   8226.366756    166.952086  4  5  6  88       
PG02 -22337.233971 -14590.982401   1387.189546   -496.598886  4  4  4  49       
PG03 -12389.185618 -10298.475541  20999.727955    145.478495  4  4  3  43       
PG04 -21861.408127  -3637.774698  14748.498474    273.394293  8  5  8  71       
PG05   7663.550267  20685.387502 -14902.960782   -159.041596  6  5  3  31       
PG06  -3072.358984  15741.546818  21218.904600    434.503881  4  2     54       
PG07 -19699.216502   -160.426738 -17545.382764    -44.346845  5  3  2  81       
PG08 -15491.877540  -8919.439679 -19862.444179   -163.489635  6  6  6  92       
PG09 -25349.051318   6980.236636   3901.038869     68.131904  4  4  4  68       
PG10  10695.445918 -21822.745231 -10112.778920    -70.458863  7  4  5           
PG11   7604.380623  20835.815425  14672.306544   -550.315974  3  2  3  47       
PG12  11954.002677  11278.253079  20595.337732   -470.761070  6  2  5  46       
PG13   5249.713677  14257.127489 -21999.966740    618.648324  6  1  6  60       
PG14 -13383.488532  18779.962568 -12991.577536    306.374782  3  2  3  67       
PG15  16241.942615   7976.740637 -19994.505221    120.175872  5  5  5  76       
PG16   -909.988454 -24352.098889 -10314.350366   -378.223104  8  2  7  40       
PG17 -21161.928806  13221.051910   9740.841578    719.157819  6  2  4  36       
PG18  18486.515021  -1100.834867 -19092.150118   -538.939628  7  5  7  70       
PG19 -13864.873872  15096.332472  16501.790209    430.529841  5  2  5  79       
PG20   1169.223291  26572.500371  -1656.773843    390.281102  5     3  28       
PG21 -20640.151905 -17135.174298  -3260.092216    137.455853  4  4  4  46       
PG22 -10408.599806  23893.582855  -5433.407051     43.373350  5  1     68       
PG23  14659.450297 -11003.003631 -19130.410126    141.094912  9  6  5  67       
PG24  21434.077920  16037.741621  -1395.117242   -419.110686  5  4  3  84       
PG25  15518.214315  -1511.368568  21136.910459    486.239505  4  3  7  78       
PG26   3275.029345 -26131.236995    931.333615    197.591715  6  4  4  53       
PG28   5672.867470 -14578.127517  21441.367700   -107.533961  3  4  6  76       
PG29  25859.924012  -3694.435078   5044.518837   -608.277846  9  6  4  71       
PG30 -12175.597740  10182.687794 -21188.758270   -441.896555  5  2  4  83       
PG31  -2840.983661 -19207.989893  17728.161679   -227.465070  3  3  5  62       
PG32  17765.443773 -15637.404116  12034.400395   -607.126083  4  5  4  67       
*  2024  1 23 13 45  0.00000000
PG01 -22720.005761 -12852.671264   5475.133384    166.953090  5  5  6  81       
PG02 -22168.271040 -14741.079587  -1467.703003   -496.593808  4  3  4  72       
PG03 -11983.260291 -12628.084435  19954.673456    145.500981  4  4  2  51       
PG04 -20230.318331  -4400.308564  16724.817871    273.402945  7  5  8  63       
PG05   7337.807640  22213.990351 -12665.071841   -159.042802  5  4  3  56       
PG06  -5007.088687  14242.486441  21909.959252    434.491609  4  3     48       
PG07 -21151.829026  -1513.264739 -15791.449902    -44.355408  5  2  3  72       
PG08 -13413.409483  -9913.838924 -20844.983979   -163.492560  6  5  5  84       
PG09 -24885.280102   6506.454441   6662.186019     68.143083  4  4  4  79       
PG10  10697.616921 -20473.091620 -12607.514528    -70.459284  7  4  5  10       
PG11   6146.085266  19791.587581  16664.883287   -550.328295  3  3  3  32       
PG12  11370.075982  13558.337681  19544.959244   -470.764311  6  2  5  32       
PG13   2848.142683  14844.567810 -22034.563457    618.651946  5  2  6  80       
PG14 -13344.014874  17140.818710 -15135.459097    306.383924  3  2  4  66       
PG15  14349.749550   9191.868142 -20903.341962    120.179660  5  5  5  82       
PG16   -435.625007 -25269.284820  -7685.926727   -378.215937  8  1  7  58       
PG17 -22081.048763  13326.180345   7090.709654    719.156449  6  2  4  60       
PG18  20036.043877    302.980858 -17509.405545   -538.947762  7  5  7   6       
PG19 -15660.675302  15413.373542  14470.523937    430.534321  5  2  5  68       
PG20    902.727879  26615.209931   1171.139890    390.279211  5     3  36       
PG21 -20063.061415 -16975.520914  -5997.632730    137.454285  3  3  3  66       
PG22 -10439.056320  23042.581800  -8132.454960     43.367528  5  2     74       
PG23  14502.531635  -8739.626124 -20391.874254    141.101823  8  6  6  65       
PG24  21046.936984  16139.266901  -4148.765059   -419.116925  5  4  3  78       
PG25  15239.850553    983.760454  21389.730404    486.240670  4  3  7  79       
PG26   3621.296729 -25821.414516   3732.102151    197.588387  6  4  4  68       
PG28   7687.115986 -13138.441369  21741.472471   -107.544526  3  4  6  60       
PG29  25218.334201  -3278.677854   7793.620786   -608.277275  8  6  4  55       
PG30 -14055.528914   8641.360762 -20731.461036   -441.892203  5  3  4  81       
PG31  -1061.123317 -17961.681253  19190.832492   -227.465203  2  3  5  75       
PG32  18976.096944 -15888.912594   9542.108067   -607.128472  5  5  4  71       
*  2024  1 23 14  0  0.00000000
PG01 -23040.788763 -13260.143208   2630.797928    166.954020  6  6  6  55       
PG02 -21727.070995 -14743.540106  -4297.571653   -496.588593  4  3  4  61       
PG03 -11718.843821 -14836.580422  18563.175554    145.523501  4  4  3  49       
PG04 -18451.095426  -5330.550709  18415.085358    273.411589  7  5  7  79       
PG05   7102.407404  23494.087220 -10210.273034   -159.044213  4  4  4  62       
PG06  -7069.366375  12823.337633  22226.031574    434.479336  4  3  1  75       
PG07 -22490.484884  -2662.781425 -13761.999792    -44.363834  5  2  3  51       
PG08 -11305.643243 -11057.811975 -21474.298219   -163.493533  6  5  5  81       
PG09 -24173.114971   5871.396730   9308.795869     68.154279  4  4  4  71       
PG10  10751.525693 -18852.546286 -14879.196388    -70.460596  7  4  6  54       
PG11   4468.279527  18698.883367  18371.744294   -550.340595  3  3  4           
PG12  10927.076253  15725.457235  18150.750651   -470.767890  6  3  5  42       
PG13    496.093993  15557.124491 -21696.795265    618.655162  4  2  6  65       
PG14 -13360.135520  15275.696271 -17016.372923    306.393081  2  2  4  68       
PG15  12451.889482  10544.359984 -21468.580199    120.183139  5  5  4  81       
PG16    -57.829713 -25908.569972  -4923.087591   -378.208546  8     7  72       
PG17 -22713.055294  13365.748235   4321.116223    719.155407  7  3  3  58       
PG18  21499.770247   1504.874085 -15627.045378   -538.955885  7  6  6  57       
PG19 -17203.763879  15742.964793  12183.085644    430.539084  6  2  5  55       
PG20    610.452779  26355.418992   3979.119985    390.278154  5  1  3  24       
PG21 -19213.172577 -16702.822130  -8636.364188    137.454203  3  3  3  56       
PG22 -10465.910587  21897.959492 -10691.673601     43.361793  4  2     70       
PG23  14462.457677  -6349.387890 -21300.282065    141.108731  8  6  6  66       
PG24  20403.687428  16108.580322  -6833.281109   -419.123130  5  4  4  62       
PG25  15085.071787   3494.121332  21262.727415    486.241812  4  3  7  82       
PG26   3979.523121 -25212.772050   6467.002013    197.585116  6  4  4  54       
PG28   9784.388004 -11798.656503  21666.652808   -107.555134  3  4  6  70       
PG29  24316.604213  -2719.341704  10409.146742   -608.277059  7  6  5  87       
PG30 -15945.760283   7235.020440 -19914.829299   -441.887854  5  3  3  72       
PG31    896.535567 -16719.808797  20313.665763   -227.465306  2  4  5  62       
PG32  19911.337029 -16074.952038   6884.963155   -607.130850  5  6  3  79       
*  2024  1 23 14 15  0.00000000
PG01 -23111.286734 -13474.368894   -258.080203    166.954951  6  6  6  78       
PG02 -20999.826269 -14633.446041  -7053.805128   -496.583605  5  3  4  87       
PG03 -11580.782231 -16877.896521  16849.921246    145.545992  4  4  3  74       
PG04 -16568.657137  -6433.023529  19790.154380    273.420302  5  5  7  79       
PG05   6925.650792  24498.538351  -7580.218285   -159.045494  3  4  4  50       
PG06  -9220.190999  11516.725166  22162.071480    434.467088  4  4  2  62       
PG07 -23673.719327  -3611.866419 -11494.077680    -44.372091  4  2  4  67       
PG08  -9213.409196 -12337.195088 -21738.600381   -163.496055  6  5  4  47       
PG09 -23243.972748   5052.566474  11795.194823     68.165532  4  4  4  82       
PG10  10890.001166 -16991.718730 -16887.573645    -70.461974  6  5  6  65       
PG11   2588.907614  17599.402930  19763.594774   -550.352958  3  3  4  57       
PG12  10613.444133  17733.604679  16437.928403   -470.771356  6  3  5           
PG13  -1761.572175  16375.808084 -20991.619482    618.658420  4  2  5  64       
PG14 -13459.351889  13218.392707 -18601.931466    306.402188  2  2  4  70       
PG15  10588.192393  12015.822313 -21680.771490    120.186692  5  5  4  66       
PG16    256.337554 -26248.719584  -2073.736094   -378.201401  8  2  6  57       
PG17 -23059.388306  13300.549971   1478.397127    719.154534  7  3  3  20       
PG18  22832.742276   2503.687145 -13477.603945   -538.963933  7  6  6  67       
PG19 -18474.335867  16046.157555   9679.964410    430.543853  6  2  4  71       
PG20    256.976590  25802.404300   6719.391378    390.276722  5  1  3  41       
PG21 -18085.849341 -16354.315718 -11131.676185    137.452723  3  2  3  65       
PG22 -10525.425601  20474.246564 -13066.025135     43.355871  4  2     76       
PG23  14553.647604  -3879.900665 -21840.420154    141.115646  8  6  6  53       
PG24  19498.545135  15981.126429  -9404.340039   -419.129382  4  4  4  63       
PG25  15055.332021   5969.697924  20759.074578    486.242972  4  4  7  78       
PG26   4383.379933 -24316.809803   9087.669366    197.581771  6  4  4  81       
PG28  11922.680909 -10584.286890  21218.185617   -107.565724  3  4  6  75       
PG29  23186.489665  -1991.471567  12846.121722   -608.276231  6  6  4  85       
PG30 -17803.439917   5980.873988 -18753.879066   -441.883542  5  3  3  73       
PG31   3002.613687 -15521.113148  21077.536206   -227.465528  2  4  5  72       
PG32  20569.226371 -16155.977534   4108.535633   -607.133216  6  6  3  66       
*  2024  1 23 14 30  0.00000000
PG01 -22909.089641 -13528.023394  -3142.646058    166.955931  7  6  5  39       
PG02 -19981.263345 -14448.554785  -9688.439420   -496.578337  5  2  4  65       
PG03 -11546.545816 -18710.780528  14845.120137    145.568478  5  3  3  63       
PG04 -14629.318008  -7704.005887  20826.201024    273.429032  4  5  6  63       
PG05   6772.043048  25208.065096  -4819.759040   -159.046946  3  3  4  27       
PG06 -11415.644804  10348.313857  21719.485887    434.454807  4  4  3  67       
PG07 -24663.324482  -4371.513317  -9028.354922    -44.380683  3  2  4  50       
PG08  -7179.159700 -13730.189740 -21632.174852   -163.497877  6  5  4  67       
PG09 -22134.613185   4034.351132  14078.371251     68.176765  4  4  4  77       
PG10  11140.326212 -14928.555669 -18597.183320    -70.462945  6  5  6  41       
PG11    533.807134  16532.040108  20816.514044   -550.365274  3  4  5  22       
PG12  10410.177577  19541.155075  14437.279455   -470.774573  5  3  5  25       
PG13  -3883.984911  17274.518846 -19930.149231    618.661824  3  2  5  67       
PG14 -13663.296990  11008.413806 -19864.979763    306.411380  2  2  4  83       
PG15   8795.113813  13581.229504 -21535.997578    120.190112  5  6  4  83       
PG16    542.831873 -26277.078834    812.203175   -378.194281  7  2  6  87       
PG17 -23129.926050  13093.381905  -1389.435737    719.153116  7  3  3  62       
PG18  23992.094789   3306.676043 -11098.068906   -538.972013  7  6  6  54       
PG19 -19461.627856  16282.490979   7005.554351    430.548714  5  3  3  36       
PG20   -190.595207  24973.578568   9345.362274    390.275304  5  2  3  44       
PG21 -16684.876646 -15968.118432 -13440.518937    137.451531  3  1  2  42       
PG22 -10650.969854  18794.442296 -15213.190124     43.350143  4  3     81       
PG23  14782.424171  -1381.057580 -22003.504673    141.122562  7  5  6  57       
PG24  18333.401897  15793.626675 -11819.738365   -419.135622  4  3  4  57       
PG25  15144.024380   8361.547211  19888.768735    486.244127  5  4  6  74       
PG26   4863.892481 -23153.347153  11547.742817    197.578467  6  4  4  86       
PG28  14056.593617  -9513.482783  20403.801907   -107.576327  3  5  6  68       
PG29  21865.530663  -1076.852581  15062.548767   -608.275845  5  6  4  88       
PG30 -19584.572393   4888.332355 -17269.514769   -441.879243  5  4  2  59       
PG31   5221.145692 -14399.494879  21469.899368   -227.465600  2  5  5  85       
PG32  20956.492531 -16094.146769   1260.738963   -607.135589  6  6  3  53       
*  2024  1 23 14 45  0.00000000
PG01 -22419.638929 -13458.161744  -5974.529418    166.956815  7  6  5  61       
PG02 -18675.095342 -14227.718600 -12155.011378   -496.573378  5  2  3  60       
PG03 -11587.253117 -20300.220477  12583.935044    145.590967  5  3  4  73       
PG04 -12679.124575  -9131.495408  21505.143861    273.437776  4  6  6  76       
PG05   6603.830846  25611.945290  -1976.200874   -159.047961  4  4  4  52       
PG06 -13608.414733   9335.944366  20906.093970    434.442499  4  4  4  78       
PG07 -25425.750540  -4960.079336  -6408.325201    -44.388899  3  3  4  54       
PG08  -5241.493286 -15208.026058 -21155.552635   -163.498703  6  5  5  72       
PG09 -20885.721752   2808.845491  16118.731134     68.187898  4  4  3  77       
PG10  11523.001265 -12706.968656 -19978.023872    -70.464056  6  5  6  75       
PG11  -1664.081782  15531.400320  21512.364369   -550.377599  3  4  5  74       
PG12  10291.757672  21112.330190  12184.539910   -470.778464  5  3  5  11       
PG13  -5835.637058  18220.980212 -18529.530675    618.665137  3  3  5  83       
PG14 -13986.794188   8689.594412 -20784.052608    306.420550  2  2  5  84       
PG15   7104.538383  15209.693129 -21035.953294    120.193801  5  6  4  76       
PG16    838.995537 -25990.153517   3683.701523   -378.187204  7  3  6  79       
PG17 -22942.587931  12710.647796  -4233.454830    719.152084  6  2  2  71       
PG18  24938.648255   3929.019891  -8529.245579   -538.980096  6  6  5  75       
PG19 -20164.168640  16411.743985   4207.296690    430.553264  6  3  3  54       
PG20   -761.182794  23893.838494  11812.388543    390.274001  4     3  41       
PG21 -15022.623330 -15581.704767 -15522.131904    137.450315  4  1  2  60       
PG22 -10871.516598  16889.343884 -17094.391118     43.344385  4  3     81       
PG23  15146.750092   1096.710868 -21787.296586    141.129455  6  5  6  62       
PG24  16917.844818  15582.596829 -14039.986713   -419.141837  4  3  4  72       
PG25  15336.827646  10623.538375  18668.362574    486.245288  4  4  6  72       
PG26   5447.987718 -21749.802915  13803.750908    197.575135  6  4  4  82       
PG28  16138.924363  -8596.452008  19237.553215   -107.586920  4  5  6  82       
PG29  20395.640205     35.077265  17020.135462   -608.275154  4  7  4  90       
PG30 -21245.609216   3958.855293 -15488.106887   -441.874934  5  4  2  64       
PG31   7510.843588 -13382.745326  21484.962064   -227.465596  3  5  4  76       
PG32  21088.169968 -15854.962335  -1609.002424   -607.137900  6  6  2  71       
*  2024  1 23 15  0  0.00000000
PG01 -21636.805322 -13304.640438  -8706.590771    166.957826  7  6  5  99       
PG02 -17094.142368 -14009.235932 -14409.428067   -496.568250  5  2  3  57       
PG03 -11668.946666 -21618.626643  10105.831904    145.613505  5  3  4  65       
PG04 -10762.206790 -10695.495288  21814.971301    273.446432  3  6  5  70       
PG05   6382.644902  25708.394055    901.496665   -159.049117  4  4  3  48       
PG06 -15749.446197   8489.078688  19735.979411    434.430198  4  5  5  85       
PG07 -25933.310310  -5402.280529  -3679.493878    -44.397301  2  3  5  35       
PG08  -3433.816524 -16735.909950 -20315.589904   -163.501441  6  5  5  87       
PG09 -19540.348366   1376.378322  17880.800128     68.198957  5  4  3  60       
PG10  12050.799047 -10375.228195 -21006.111379    -70.465720  6  4  5  99       
PG11  -3965.781454  14626.495186  21839.103715   -550.389899  4  5  6  60       
PG12  10227.336736  22418.425694   9719.689437   -470.781886  4  3  5  35       
PG13  -7587.567991  19177.925276 -16812.723854    618.668163  4  4  4  66       
PG14 -14437.198667   6308.561968 -21343.724156    306.429746  2  2  5  77       
PG15   5542.745285  16865.449143 -20187.966768    120.197341  5  6  3  59       
PG16   1181.848170 -25393.835051   6489.597959   -378.180115  7  3  5  79       
PG17 -22522.635602  12123.862274  -7004.624705    719.150753  5  2  2  52       
PG18  25638.375492   4393.030141  -5815.064874   -538.988196  6  6  5  61       
PG19 -20589.656941  16395.683725   1334.762095    430.557979  6  3  3  49       
PG20  -1478.437118  22594.644386  14078.505729    390.272619  4  1  3  29       
PG21 -13119.902287 -15230.372933 -17338.793418    137.449105  4  2  2  62       
PG22 -11210.299135  14796.562377 -18675.182860     43.338559  4  3  2  78       
PG23  15636.303404   3504.190614 -21196.100879    141.136370  6  5  5  81       
PG24  15268.911944  15382.895434 -16028.854284   -419.148043  4  2  4  47       
PG25  15612.377015  12713.961775  17120.567666    486.246418  5  5  6  77       
PG26   6157.213676 -20140.176373  15815.940556    197.571793  6  4  5  60       
PG28  18122.346995  -7835.199770  17739.567903   -107.597532  4  5  5  87       
PG29  18821.532998   1346.608215  18684.962634   -608.274686  5  7  3  92       
PG30 -22745.019829   3186.112115 -13440.982914   -441.870677  5  4  2  60       
PG31   9826.568521 -12491.550524  21123.711881   -227.465678  3  5  4  82       
PG32  20986.918586 -15408.805455  -4450.631761   -607.140276  6  5  2  65       
*  2024  1 23 15 15  0.00000000
PG01 -20563.163180 -13108.465004 -11293.626127    166.958836  7  7  5  48       
PG02 -15260.101997 -13829.199163 -16410.833387   -496.563328  5  2  3  69       
PG03 -11754.067413 -22646.726960   7453.863159    145.635993  5  4  4  55       
PG04  -8919.208069 -12368.617039  21749.969903    273.455178  3  6  5  69       
PG05   6071.184042  25504.611317   3763.564267   -159.050405  5  4  3  69       
PG06 -17789.667547   7808.574379  18229.242965    434.417913  4  5  5  64       
PG07 -26165.149252  -5727.971484   -888.577069    -44.405708  2  3  5  43       
PG08  -1783.196297 -18274.224206 -19125.442276   -163.502459  6  5  5  94       
PG09 -18142.262042   -254.280367  19333.858524     68.210103  5  4  3  66       
PG10  12728.150038  -7984.193126 -21663.906090    -70.467101  6  4  5  75       
PG11  -6327.576307  13839.663729  21790.997114   -550.402170  4  5  6  77       
PG12  10182.135621  23438.755325   7086.179956   -470.785402  4  3  5  62       
PG13  -9118.308867  20104.496071 -14808.185823    618.671470  4  5  4  63       
PG14 -15014.045969   3913.103838 -21534.845506    306.438923  2  3  5  69       
PG15   4129.570836  18509.033798 -19004.953958    120.200919  5  5  3  70       
PG16   1606.368093 -24503.251491   9179.602389   -378.173193  7  4  5  96       
PG17 -21901.690442  11310.991109  -9654.646322    719.149377  4     3  57       
PG18  26063.682046   4727.091507  -3001.846008   -538.996294  5  5  5  73       
PG19 -20754.473044  16199.735504  -1561.303319    430.562746  5  3  3  60       
PG20  -2359.646102  21112.865707  16105.118424    390.271314  4  2  4  75       
PG21 -11005.516073 -14945.754730 -18856.578404    137.448269  5  3  3  48       
PG22 -11683.683304  12559.255498 -19926.187553     43.332707  4  3  2  74       
PG23  16232.886085   5795.080394 -20240.652498    141.143246  5  5  5  86       
PG24  13410.595471  15226.350943 -17753.864409   -419.154252  4  2  4  50       
PG25  15943.224793  14596.943942  15273.743595    486.247579  5  4  6  68       
PG26   7006.686030 -18363.772274  17549.026274    197.568501  6  4  5  79       
PG28  19961.101292  -7223.596475  15935.701553   -107.608128  5  5  5  76       
PG29  17189.054226   2851.459691  20028.083114   -608.273606  5  7  2  88       
PG30 -24044.783444   2556.446708 -11163.843970   -441.866430  5  4  2  57       
PG31  12120.947238 -11738.804857  20393.810719   -227.465955  4  5  4  84       
PG32  20682.042671 -14732.296498  -7214.367740   -607.142627  6  4  2  70       
*  2024  1 23 15 30  0.00000000
PG01 -19209.957612 -12910.122880 -13693.025550    166.959815  7  7  5  62       
PG02 -13202.966071 -13719.907435 -18122.450583   -496.558227  5     3  51       
PG03 -11803.067807 -23374.144671   4673.899369    145.658513  5  5  5  60       
PG04  -7185.853842 -14116.978597  21310.848354    273.463881  3  6  5  71       
PG05   5634.873958  25016.490166   6560.296588   -159.052041  5  5  3  49       
PG06 -19681.721236   7286.794418  16411.659852    434.405598  4  5  5  72       
PG07 -26107.953990  -5970.763286   1917.276166    -44.414011  1  4  5  66       
PG08   -309.449717 -19779.943041 -17604.428942   -163.504207  6  6  5  74       
PG09 -16734.285441  -2066.042217  20452.496614     68.221156  5  4  3  63       
PG10  13550.883029  -5585.450725 -21940.601284    -70.467761  6  4  4  85       
PG11  -8702.498813  13185.761535  21368.722771   -550.414452  5  6  6  73       
PG12  10118.989744  24161.279347   4330.117560   -470.788994  3  2  5  63       
PG13 -10414.551953  20957.806534 -12549.456217    618.674844  4  5  5  83       
PG14 -15709.019448   1550.502393 -21354.668268    306.448096  2  2  5  59       
PG15   2877.798509  20098.612642 -17505.303758    120.204203  5  5  2  63       
PG16   2143.841368 -23342.243253  11705.304079   -378.165787  7  4  5  93       
PG17 -21116.497581  10257.570305 -12136.824292    719.148699  4     3  57       
PG18  26194.453361   4964.376032   -137.525431   -539.004374  5  5  4  39       
PG19 -20682.848511  15794.503183  -4429.944437    430.567486  5  3  4  57       
PG20  -3414.883205  19489.435118  17857.637288    390.270259  4  3  4  73       
PG21  -8715.486930 -14754.429512 -20046.107062    137.447205  5  3  3  52       
PG22 -12300.311683  10224.621484 -20823.752768     43.327261  5  2  3  80       
PG23  16911.147372   7927.566702 -18937.893689    141.150150  4  5  4  68       
PG24  11373.110905  15140.511821 -19186.740356   -419.160450  4  2  4  65       
PG25  16297.045099  16243.615168  13161.290619    486.248746  5  4  6  73       
PG26   8004.306782 -16463.724330  18972.842580    197.565152  6  4  5  80       
PG28  21612.632180  -6747.770222  13857.087589   -107.618713  5  5  5  74       
PG29  15543.472093   4534.815162  21026.039398   -608.273369  5  7     85       
PG30 -25111.746326   2049.623883  -8696.119860   -441.862166  5  4  2  66       
PG31  14346.065093 -11129.256529  19309.360972   -227.466020  4  5  4  91       
PG32  20208.246920 -13809.423452  -9851.622622   -607.144951  5  4  2  56       
*  2024  1 23 15 45  0.00000000
PG01 -17596.770466 -12747.959260 -15865.381712    166.960850  7  6  5  73       
PG02 -10960.095353 -13708.414120 -19512.377014   -496.553196  6  2  3  49       
PG03 -11776.099157 -23799.639839   1813.824059    145.681082  5  5  5  59       
PG04  -5591.713736 -15901.365697  20504.753282    273.472599  3  6  5  80       
PG05   5043.433490  24267.993688   9242.939281   -159.053514  5  5  3  22       
PG06 -21381.637697   6908.047290  14314.247511    434.393261  4  5  5  57       
PG07 -25756.383114  -6166.535947   4691.228306    -44.422615     4  5  57       
PG08    975.488719 -21208.209754 -15777.782617   -163.506118  6  7  6  94       
PG09 -15356.674558  -4033.951316  21217.079167     68.232260  5  4  3  81       
PG10  14506.328876  -3229.445906 -21832.270790    -70.468705  5  4  4  82       
PG11 -11041.946161  12671.649135  20579.370643   -550.426755  4  6  6  50       
PG12   9999.978883  24582.898498   1499.416454   -470.792503  3  2  5  53       
PG13 -11471.514850  21694.612505 -10074.647080    618.677832  4  6  5  67       
PG14 -16506.235637   -734.097782 -20806.854435    306.457313  3  3  5  44       
PG15   1792.800707  21591.421257 -15712.689400    120.207360  5  5  2  61       
PG16   2820.353899 -21942.480245  14021.157384   -378.158722  7  4  5  90       
PG17 -20207.478288   8957.551980 -14406.940570    719.147772  3     3  60       
PG18  26018.830521   5141.379687   2729.136471   -539.012472  4  5  3           
PG19 -20405.733443  15157.077110  -7220.952470    430.571736  5  3  5  51       
PG20  -4646.430908  17767.860530  19306.054594    390.268820  4  4  3  71       
PG21  -6291.982723 -14676.703868 -20883.263234    137.446242  6  4  4  83       
PG22 -13060.564214   7842.210922 -21350.509769     43.321624  5  2  3  80       
PG23  17639.591338   9865.718871 -17310.649091    141.156991  3  5  4  80       
PG24   9191.957007  15147.559668 -20303.800519   -419.166550  4  2  3  72       
PG25  16638.027740  17632.988639  10820.964639    486.249859  5  4  6  63       
PG26   9150.287522 -14485.380393  20062.885260    197.561828  5  4  5  87       
PG28  23039.114685  -6386.807959  11539.596043   -107.629344  5  5  5  78       
PG29  13927.799809   6373.692159  21661.290078   -608.272889  6  6     94       
PG30 -25918.795382   1639.824148  -6080.275472   -441.857912  5  4  2  60       
PG31  16455.166318 -10659.492128  17890.555764   -227.466260  4  6  4  99       
PG32  19604.178284 -12632.388265 -12315.910484   -607.147359  6  2  2  81       
*  2024  1 23 16  0  0.00000000
PG01 -15750.900433 -12656.650578 -17775.045754    166.961899  6  6  5  60       
PG02  -8574.979754 -13815.276106 -20554.306264   -496.547948  6  3  4  68       
PG03 -11634.707085 -23931.009535  -1077.293359    145.703632  5  6  5  63       
PG04  -4159.205581 -17678.614006  19345.174762    273.481296  3  6  6  71       
PG05   4272.283724  23290.221596  11764.571905   -159.055038  5  5  3  25       
PG06 -22850.390100   6649.339887  11972.750282    434.380912  4  4  5  52       
PG07 -25113.214342  -6351.901672   7387.457196    -44.430437  1  4  4  60       
PG08   2067.892846 -22514.018818 -13676.283545   -163.507884  6  7  5  67       
PG09 -14045.607396  -6125.947608  21614.109250     68.243342  4  4  3  64       
PG10  15573.779395   -963.676953 -21341.875792    -70.469962  5  3  4  80       
PG11 -13297.366904  12295.999561  19436.332798   -550.439115  4  7  7  44       
PG12   9788.074320  24709.408580  -1357.057156   -470.795895  2  2  5  75       
PG13 -12292.981153  22273.026281  -7425.840911    618.681159  4  6  5  68       
PG14 -17382.834083  -2899.228348 -19901.375011    306.466484  3  2  5  78       
PG15    872.449695  22945.271426 -13655.801728    120.211104  5  5  2  76       
PG16   3655.496822 -20342.254918  16085.416134   -378.151604  6  4  5  75       
PG17 -19217.123317   7413.833700 -16424.115490    719.146537  2     4  52       
PG18  25533.686422   5296.337073   5549.359255   -539.020573  3  5  3  52       
PG19 -19959.413028  14272.076971  -9885.787142    430.576721  5  3  5  36       
PG20  -6048.501828  15992.649783  20425.449772    390.267715  5  4  4  58       
PG21  -3781.964425 -14725.617191 -21349.857510    137.445271  6  5  4  57       
PG22 -13956.367085   5462.124341 -21495.811463     43.316080  5  3  3  80       
PG23  18381.827862  11580.653486 -15387.206284    141.163849  2  5  4  73       
PG24   6906.797037  15263.420460 -21086.301715   -419.172725  4  2  3  79       
PG25  16928.400483  18752.523624   8294.133685    486.251036  5  4  6  79       
PG26  10436.995810 -12474.617913  20800.730839    197.558557  5  4  6  85       
PG28  24208.805849  -6113.737174   9023.210049   -107.640015  5  5  4  75       
PG29  12381.212061   8337.635689  21922.536300   -608.271941  5  6  1  93       
PG30 -26445.806788   1296.845478  -3361.081250   -441.853689  5  4  2  63       
PG31  18404.294276 -10318.253178  16163.226792   -227.466368  4  5  4  94       
PG32  18910.812427 -11202.132269 -14563.724763   -607.149720  6  1  2  68       
*  2024  1 23 16 15  0.00000000
PG01 -13706.480882 -12665.826040 -19390.628440    166.962960  6  6  5  76       
PG02  -6095.727866 -14053.565866 -21228.152608   -496.542812  6  4  4  67       
PG03 -11343.469767 -23784.654555  -3950.032210    145.726212  5  6  5  74       
PG04  -2902.880618 -19403.160471  17851.741106    273.490031  3  6  6  78       
PG05   3303.740532  22120.201125  14080.968378   -159.056661  5  5  3  18       
PG06 -24055.272513   6481.414395   9427.048557    434.368516  4  4  5  51       
PG07 -24189.211638  -6562.673765   9961.814502    -44.438873  1  5  4  53       
PG08   2972.245023 -23653.937317 -11335.778632   -163.509361  6  8  5  82       
PG09 -12831.841581  -8303.915030  21636.483473     68.254380  4  4  3  67       
PG10  16725.277980   1168.969333 -20479.135516    -70.471942  5  3  4  74       
PG11 -15421.953906  12049.432927  17959.086570   -550.451456  4  7  7  56       
PG12   9448.738255  24555.124429  -4190.334625   -470.799488  2  2  5  52       
PG13 -12891.011117  22654.209573  -4648.403287    618.684634  4  7  5  49       
PG14 -18309.846509  -4908.483686 -18654.301740    306.475670  3  3  5  83       
PG15    107.307050  24120.072287 -11368.000143    120.214756  5  5  2  78       
PG16   4661.346158 -18585.002244  17860.989040   -378.144760  6  5  5  72       
PG17 -18188.289078   5638.439326 -18151.634992    719.145187  2  2  4  57       
PG18  24744.785024   5467.574025   8275.145311   -539.028713  3  4  2  39       
PG19 -19383.935001  13132.389722 -12378.445843    430.581085  4  4  5  74       
PG20  -7607.269535  14207.705972  21196.417083    390.266190  5  4  3  59       
PG21  -1235.595755 -14906.228544 -21434.207304    137.444069  6  5  4  65       
PG22 -14971.366447   3133.171306 -21256.031763     43.310221  5  3  4  88       
PG23  19098.017456  13051.426631 -13200.810660    141.170797  1  5  3  37       
PG24   4560.196829  15497.103380 -21520.728701   -419.178929  4  3  3  69       
PG25  17130.016036  19598.359117   5624.994768    486.252212  5  3  6  65       
PG26  11849.128670 -10476.160224  21174.327579    197.555240  5  5  6  86       
PG28  25097.171573  -5896.749059   6351.331139   -107.650663  6  5  4  67       
PG29  10937.617780  10389.710530  21804.941036   -608.271603  5  6  3  92       
PG30 -26680.337413    987.464013   -584.860016   -441.849465  5  4  3  65       
PG31  20153.809167 -10087.064265  14158.304637   -227.466595  4  5  3  95       
PG32  18169.751242  -9528.515334 -16555.364346   -607.152098  5     3  74       
*  2024  1 23 16 30  0.00000000
PG01 -11503.366491 -12798.882243 -20685.444822    166.964061  6  6  4  63       
PG02  -3573.344493 -14428.197450 -21520.554093   -496.537593  7  5  4  62       
PG03 -10871.516858 -23384.832825  -6755.449024    145.748775  5  7  6  65       
PG04  -1829.018679 -21028.705152  16049.904522    273.498672  3  6  6  86       
PG05   2127.939204  20799.448725  16151.416446   -159.057616  5  5  2  63       
PG06 -24971.050332   6370.029976   6720.500880    434.356106  5  4  5  55       
PG07 -23002.724330  -6832.392875  12372.436156    -44.447526  2  5  4  59       
PG08   3700.905391 -24587.796731  -8796.590025   -163.509811  6  8  5  24       
PG09 -11739.594353 -10524.974860  21283.632721     68.265438  4  4  3  67       
PG10  17926.704790   3131.677938 -19260.269881    -70.474027  5  3  4  56       
PG11 -17372.279350  11914.973347  16172.873222   -550.463785  4  7  6  64       
PG12   8951.414279  24142.194446  -6952.172988   -470.802736  2  3  5  68       
PG13 -13285.328722  22803.977546  -1790.218992    618.687689  4  7  5  44       
PG14 -19253.309749  -6731.704355 -17087.497942    306.484837  3  3  5  83       
PG15   -518.907811  25079.313051  -8886.877866    120.217996  4  5  3  48       
PG16   5841.764891 -16717.611575  19316.190868   -378.137485  6  5  5  63       
PG17 -17162.465512   3652.333238 -19557.721449    719.144601  3  2  3  52       
PG18  23666.617835   5691.859992  10860.070260   -539.036787  2  4  2  33       
PG19 -18721.416107  11739.576908 -14656.262712    430.586047  4  4  5  58       
PG20  -9301.209981  12454.752703  21605.408289    390.265284  5  5  3  82       
PG21   1295.529374 -15215.231625 -21131.604775    137.443158  5  6  4  63       
PG22 -16081.466448    901.071064 -20634.712056     43.304254  5  3  4  65       
PG23  19746.453720  14265.623156 -10789.084371    141.177685     5  3  50       
PG24   2196.259477  15850.290418 -21599.027205   -419.185067  4  3  3  75       
PG25  17205.939971  20175.217947   2859.768876    486.253385  5  3  6  49       
PG26  13364.202853  -8531.962872  21178.155267    197.551901  5  5  6  89       
PG28  25687.745138  -5700.614658   3570.025729   -107.661279  6  5  3  57       
PG29   9624.445341  12487.755951  21310.235764   -608.271069  4  5  4  87       
PG30 -26618.036684    676.900842   2201.278158   -441.845236  5  3  3  47       
PG31  21669.727734  -9941.140676  11911.207047   -227.466550  4  5  3  98       
PG32  17421.502490  -7630.138292 -18255.688372   -607.154473  5  1  3  55       
*  2024  1 23 16 45  0.00000000
PG01  -9185.826190 -13072.029688 -21637.900629    166.965168  6  6  4  76       
PG02  -1059.867577 -14935.604128 -21425.233318   -496.532365  6  6  4  64       
PG03 -10193.872498 -22762.630966  -9445.887070    145.771377  5  7  6  59       
PG04   -935.550336 -22509.919785  13970.521287    273.507369  4  6  6  98       
PG05    743.450419  19372.359310  17939.477877   -159.059485  5  5  3  51       
PG06 -25580.840023   6277.441002   3899.228374    434.343729  5  4  5  44       
PG07 -21579.037744  -7190.958131  14580.303759    -44.455830  2  6  4  57       
PG08   4273.458632 -25280.285075  -6102.820976   -163.511318  6  8  4  68       
PG09 -10785.689727 -12742.974650  20561.544718     68.276487  3  4  4  74       
PG10  19139.107856   4894.906632 -17707.625047    -70.476072  5  3  4  24       
PG11 -19109.809419  11868.811109  14108.276601   -550.476103  4  7  6  66       
PG12   8270.853816  23499.637914  -9595.848681   -470.806187  3  3  5  42       
PG13 -13502.404825  22694.248139   1099.136657    618.690863  4  7  5  61       
PG14 -20175.578019  -8345.914917 -15228.215852    306.494005  3  4  5  66       
PG15  -1028.579323  25791.452391  -6253.739542    120.221471  4  5  3  67       
PG16   7192.059967 -14788.605850  20425.367865   -378.130256  6  5  5  81       
PG17 -16178.088704   1484.865474 -20616.225047    719.143604  3  3  3  76       
PG18  22321.923382   6002.822097  13260.049553   -539.044814  2  4  2  65       
PG19 -18014.298705  10103.940240 -16680.623805    430.590880  3  5  5  57       
PG20 -11101.743107  10771.847944  21644.983995    390.263441  5  5  3  78       
PG21   3760.272030 -15640.932127 -20444.643906    137.441571  5  6  4  68       
PG22 -17255.713342  -1193.225037 -19642.545385     43.298648  5  4  4  97       
PG23  20285.222731  15219.623703  -8193.379788    141.184604  1  5  3  21       
PG24   -140.800043  16317.193028 -21318.776826   -419.191232  4  4  3  71       
PG25  17121.978401  20495.994052     45.890334    486.254561  5  3  6  38       
PG26  14953.338063  -6679.734585  20813.254822    197.548585  5  5  5  96       
PG28  25972.684586  -5488.237986    727.226220   -107.671912  5  5  3  72       
PG29   8461.688359  14585.855690  20446.711104   -608.270657  4  5  5  79       
PG30 -26262.766823    330.339280   4950.202035   -441.841031  4  3  3  72       
PG31  22924.838390  -9850.533793   9461.170638   -227.466510  4  5  3  97       
PG32  16703.813917  -5533.813775 -19634.781561   -607.156845  5  2  3  66       
*  2024  1 23 17  0  0.00000000
PG01  -6801.085480 -13493.602901 -22231.818239    166.966363  5  6  4  79       
PG02   1393.554735 -15563.789257 -20943.199174   -496.527486  6  6  5  90       
PG03  -9292.573115 -21954.695275 -11975.755175    145.793993  5  7  6  51       
PG04   -212.310206 -23804.136749  11649.332229    273.516021  4  6  5  97       
PG05   -842.440662  17884.487788  19413.672077   -159.060695  5  5  3  73       
PG06 -25876.684885   6164.016198   1011.351793    434.331322  5  3  4  33       
PG07 -19949.501268  -7663.405659  16549.757025    -44.464106  2  6  3  67       
PG08   4715.760885 -25702.371533  -3301.570508   -163.512400  5  8  4  46       
PG09  -9979.006955 -14910.114976  19482.667139     68.287572  3  4  4  58       
PG10  20320.222544   6437.285251 -15849.195001    -70.477935  4  2  4  57       
PG11 -20602.240509  11881.341095  11800.708050   -550.488471  3  7  6  76       
PG12   7388.231240  22662.146519 -12076.905930   -470.809761  3  3  5  47       
PG13 -13574.269077  22304.275336   3969.276977    618.694284  4  7  5  65       
PG14 -21036.783104  -9735.983309 -13108.609008    306.503203  3  4  5  40       
PG15  -1449.207233  26231.159812  -3512.991300    120.224880  3  5  3  38       
PG16   8699.009253 -12846.269903  21169.380800   -378.123139  6  5  5  70       
PG17 -15268.972002   -827.137826 -21307.213350    719.142839  3  3  3  77       
PG18  20740.906820   6429.480590  15434.070164   -539.052899  2  4  2  71       
PG19 -17303.628421   8244.248760 -18417.587919    430.595522  3  5  5  64       
PG20 -12974.153104   9192.042292  21313.968248    390.262375  5  5  3  76       
PG21   6109.864931 -16163.605583 -19383.380698    137.440282  4  6  4  97       
PG22 -18457.489948  -3115.013386 -18297.194670     43.292709  4  4  4  92       
PG23  20673.876419  15918.542256  -5458.078417    141.191439  2  5  3           
PG24  -2408.094430  16884.684638 -20683.299250   -419.197397  4  4  3  75       
PG25  16848.088932  20581.046947  -2768.795138    486.255714  4  4  6  53       
PG26  16582.297507  -4951.650207  20087.132166    197.545230  5  5  5  96       
PG28  25953.007955  -5222.284868  -2128.099059   -107.682529  5  5  3  25       
PG29   7461.250218  16635.967134  19229.090114   -608.270298  4  5  6  69       
PG30 -25626.429841    -85.563835   7615.516006   -441.836821  4  4  4  49       
PG31  23899.555340  -9781.465013   6850.540955   -227.466642  4  5  3  99       
PG32  16050.132105  -3273.706146 -20668.514303   -607.159216  5  3  3  51       
*  2024  1 23 17 15  0.00000000
PG01  -4397.765654 -14063.658153 -22456.699609    166.967480  5  6  5  96       
PG02   3738.560856 -16292.753709 -20082.778289   -496.522250  6  7  5  78       
PG03  -8157.519656 -21001.771504 -14302.265136    145.816701  5  7  6  63       
PG04    358.387460 -24872.952091   9126.351513    273.524671  4  7  4  88       
PG05  -2613.806306  16380.792739  20548.067353   -159.062061  5  5  3  63       
PG06 -25859.804592   5989.937596  -1893.807701    434.318908  5  4  4  44       
PG07 -18150.465102  -8268.871399  18248.957887    -44.472226  3  6  3  79       
PG08   5058.723219 -25832.501280   -442.071951   -163.513151  5  8  3  37       
PG09  -9320.252333 -16978.650369  18065.692434     68.298669  3  4  4  51       
PG10  21426.115851   7746.184384 -13718.053790    -70.479100  4  2  4  65       
PG11 -21824.605395  11918.437617   9289.805538   -550.500810  3  6  6  59       
PG12   6292.009499  21668.698757 -14353.850860   -470.813205  3  4  5  50       
PG13 -13537.095512  21621.612418   6769.916776    618.697503  5  7  6           
PG14 -21796.386087 -10894.979772 -10765.169181    306.512310  3  5  5  48       
PG15  -1812.198046  26380.356687   -711.446075    120.228468  2  5  4  32       
PG16  10341.255364 -10936.811303  21535.934573   -378.116084  5  5  5  85       
PG17 -14462.926397  -3240.607231 -21617.438423    719.141831  3  3  2  77       
PG18  18960.187735   6994.961196  17344.876586   -539.060958  2  4  3  75       
PG19 -16627.420503   6187.144376 -19838.405961    430.600588  3  5  5  72       
PG20 -14878.755246   7742.232750  20617.502071    390.260712  5  5  3  60       
PG21   8299.771787 -16756.234552 -17965.305535    137.439492  4  7  4  74       
PG22 -19645.968854  -4837.052880 -16622.947569     43.287317  4  4  4  90       
PG23  20875.057038  16375.839070  -2629.846551    141.198294  2  5  3  11       
PG24  -4565.470193  17532.709750 -19701.696349   -419.203556  4  5  3  63       
PG25  16359.624996  20457.237124  -5536.811445    486.256856  4  4  5  42       
PG26  18212.740270  -3373.303309  19013.543732    197.541929  5  5  5  95       
PG28  25638.497859  -4866.823345  -4946.792333   -107.693150  5  5  3           
PG29   6626.613813  18589.646773  17678.285218   -608.269605  3  6  6  64       
PG30 -24728.509825   -601.228228  10152.298072   -441.832605  5  4  4  62       
PG31  24582.486130  -9697.793791   4124.034850   -227.466559  4  5  3  88       
PG32  15488.250806   -890.175741 -21338.984698   -607.161619  5  4  3  57       
*  2024  1 23 17 30  0.00000000
PG01  -2024.270844 -14773.874375 -22307.922844    166.968590  5  7  5  84       
PG02   5931.359911 -17095.284190 -18859.471372   -496.517174  5  7  4  70       
PG03  -6787.033972 -19947.109009 -16386.118143    145.839372  5  7  6  55       
PG04    800.872812 -25683.679073   6445.173833    273.533322  4  8  3  91       
PG05  -4546.498377  14903.914144  21322.766174   -159.063623  6  6  3  36       
PG06 -25540.508099   5716.914873  -4766.552149    434.306536  4  4  4  47       
PG07 -16222.061376  -9019.769072  19650.307081    -44.480775  2  6  3  69       
PG08   5336.880610 -25657.506880   2425.226328   -163.513792  4  8  3  44       
PG09  -8802.063300 -18902.597574  16335.228061     68.309756  3  4  5  68       
PG10  22412.888942   8817.938687 -11351.713840    -70.481160  3  2  4  27       
PG11 -22760.106286  11942.916321   6618.756717   -550.513182  3  6  5  39       
PG12   4978.528133  20561.041051 -16388.784233   -470.816589  4  4  5  20       
PG13 -13429.617387  20642.761328   9451.800063    618.701058  5  7  6  68       
PG14 -22414.761415 -11824.224717  -8238.098013    306.521460  3  6  5  81       
PG15  -2151.477114  26229.009333   2102.449711    120.231617  2  6  4   4       
PG16  12090.045640  -9102.634302  21519.749257   -378.108856  5  5  5  81       
PG17 -13780.633982  -5707.738325 -21540.663998    719.140916  3  3  2  71       
PG18  17021.514111   7715.433682  18959.600686   -539.069045  2  5  3  64       
PG19 -16019.176581   3966.254691 -20919.934900    430.605110  2  5  5  72       
PG20 -16772.267601   6442.256346  19566.992824    390.259623  5  5  3  70       
PG21  10291.397763 -17385.602935 -16215.114044    137.438341  3  6  4  65       
PG22 -20777.759504  -6340.459855 -14650.216820     43.281564  3  4  4  79       
PG23  20856.012085  16612.625604    243.140842    141.205178  3  5  3  23       
PG24  -6576.832251  18234.961804 -18388.812109   -419.209703  4  5  2  50       
PG25  15638.371526  20156.743916  -8211.802039    486.258001  4  5  5  23       
PG26  19803.632560  -1962.935041  17612.173313    197.538610  5  5  4  95       
PG28  25047.279799  -4388.911222  -7680.354356   -107.703785  4  5  3  36       
PG29   5952.850107  20399.804724  15821.042101   -608.269387  3  7  7  65       
PG30 -23595.348774  -1242.814291  12517.810205   -441.828373  4  4  4  41       
PG31  24970.698227  -9562.562473   1327.987946   -227.466731  4  5  3  83       
PG32  15039.204959   1571.624450 -21634.833191   -607.163996  4  4  4  84       
*  2024  1 23 17 45  0.00000000
PG01    272.823902 -15607.763966 -21786.868410    166.969729  5  7  5  94       
PG02   7934.321442 -17938.068216 -17295.636622   -496.512076  4  7  4  87       
PG03  -5188.100028 -18834.788985 -18192.131671    145.862028  6  7  6  49       
PG04   1144.978201 -26210.594039   3652.212156    273.541934  4  9  2  88       
PG05  -6608.905016  13492.555890  21724.273375   -159.064485  6  6  3  75       
PG06 -24937.771925   5309.849582  -7557.642219    434.294074  4  4  3  54       
PG07 -14206.868864  -9921.207808  20730.813669    -44.488807  2  6  3  66       
PG08   5586.805937 -25173.194376   5249.616969   -163.516257  4  8  4  78       
PG09  -8409.440294 -20639.383798  14321.358239     68.320868  3  4  5  75       
PG10  23238.371111   9657.724010  -8791.425965    -70.482935  3  2  4  49       
PG11 -23400.642173  11916.126298   3833.557137   -550.525567  4  6  5  80       
PG12   3452.295950  19382.092544 -18147.967377   -470.820085  4  5  5  63       
PG13 -13291.435382  19373.476788  11967.622184    618.703962  5  6  6  56       
PG14 -22854.753510 -12533.026467  -5570.624114    306.530565  4  6  5  65       
PG15  -2501.971722  25775.633685   4879.458256    120.235288  2  6  4  45       
PG16  13910.281518  -7380.800267  21122.573394   -378.101779  5  4  5  86       
PG17 -13234.827746  -8177.713371 -21077.839254    719.139960  3  3  2  71       
PG18  14970.289165   8599.317991  20250.325432   -539.077118  3  5  4  84       
PG19 -15506.605569   1621.052212 -21644.945101    430.609734  2  5  5  55       
PG20 -18609.337657   5304.259463  18179.957713    390.258567  5  4  3  67       
PG21  12053.562787 -18013.703845 -14164.272182    137.436824  3  6  4  70       
PG22 -21808.674553  -7615.244139 -12414.900876     43.275670  3  4  4  58       
PG23  20589.943385  16656.689083   3111.996397    141.212062  3  6  3  19       
PG24  -8411.339563  18959.812983 -16765.111982   -419.215890  4  5  2  58       
PG25  14673.338753  19715.713304 -10749.240626    486.259161  3  5  5  52       
PG26  21312.760032   -730.963528  15908.211730    197.535265  5  5  4  93       
PG28  24205.091227  -3760.068478 -10281.779023   -107.714395  4  4  3  26       
PG29   5426.965526  22022.419461  13689.476288   -608.268563  2  7  7  51       
PG30 -22259.183149  -2031.049416  14672.172860   -441.824166  4  4  4  68       
PG31  25069.681220  -9339.559820  -1490.401414   -227.466840  3  5  3  85       
PG32  14716.455469   4063.341049 -21551.424115   -607.166395  4  4  3  59       
*  2024  1 23 18  0  0.00000000
PG01   2450.329308 -16541.190827 -20900.970321    166.970856  5  7  6  97       
PG02   9717.298216 -18783.084673 -15420.009372   -496.506716  4  6  4  74       
PG03  -3376.281906 -17708.038566 -19689.799345    145.884675  6  7  6  67       
PG04   1424.674962 -26435.924326    795.879947    273.550631  3  9  3  79       
PG05  -8763.011762  12180.039346  21745.739233   -159.065867  6  6  3  75       
PG06 -24078.498307   4738.385140 -10219.131336    434.281693  2  5  3  86       
PG07 -12148.503188 -10970.667341  21472.417365    -44.497343  3  6  3  60       
PG08   5845.436428 -24384.576258   7981.103498   -163.516808  3  7  4  59       
PG09  -8120.488432 -22151.369951  12059.105658     68.331958  4  4  5  75       
PG10  23863.740811  10279.100723  -6081.436383    -70.484688  4  2  4  73       
PG11 -23747.009514  11799.610064    982.216289   -550.537892  3  5  4  49       
PG12   1725.981245  18174.331632 -19602.317247   -470.823240  5  6  5  68       
PG13 -13161.289153  17828.708203  14272.925158    618.707335  5  6  6  38       
PG14 -23083.147640 -13038.121191  -2808.276682    306.539702  4  6  5  68       
PG15  -2898.023934  25027.480952   7570.447429    120.238570  2  6  4  59       
PG16  15761.827060  -5801.737235  20353.045755   -378.094509  4  4  5  88       
PG17 -12829.817071 -10598.562622 -20237.110877    719.138951  4  4  2  54       
PG18  12853.964881   9646.789822  21194.573054   -539.085196  3  6  4  74       
PG19 -15110.592733   -804.492741 -22002.322175    430.614461  2  5  5  66       
PG20 -20344.167237   4332.368754  16479.761366    390.257353  4  4  3  61       
PG21  13563.658956 -18599.397549 -11850.381754    137.435635  3  6  4  70       
PG22 -22695.535402  -8660.465107  -9957.624748     43.269766  2  4  5  86       
PG23  20057.140311  16541.274286   5927.925214    141.218936  3  6  4  48       
PG24 -10044.426562  19671.469953 -14856.473364   -419.222065  4  5  2  64       
PG25  13461.290222  19172.787142 -13107.096273    486.260307  3  6  5  68       
PG26  22698.281034    320.174451  13931.851944    197.531944  5  4  3  91       
PG28  23144.270280  -2957.576962 -12706.360181   -107.725015  3  4  3  73       
PG29   5028.574531  23418.145097  11320.510448   -608.268489  2  8  7  51       
PG30 -20756.976244  -2980.258925  16578.995970   -441.819940  4  5  4  58       
PG31  24893.011744  -8994.846305  -4283.821754   -227.467052  3  5  2  84       
PG32  14525.396673   6535.135180 -21090.892261   -607.168790  4  3  4  65       
*  2024  1 23 18 15  0.00000000
PG01   4469.889462 -17543.183200 -19663.687147    166.971976  4  7  6  98       
PG02  11258.623444 -19589.205026 -13267.073740   -496.501805  4  6  4  91       
PG03  -1375.322087 -16607.592533 -20853.777161    145.907329  6  7  5  91       
PG04   1676.543626 -26350.538054  -2074.266702    273.559327  2 10  4  89       
PG05 -10965.724059  10993.086873  21387.072575   -159.067079  6  6  3  49       
PG06 -22996.479838   3978.282162 -12705.184990    434.269354  1  5  3  73       
PG07 -10090.176360 -12157.941840  21862.262603    -44.505899  3  6  3  60       
PG08   6148.384663 -23305.739296  10571.360054   -163.518260  3  7  5  79       
PG09  -7907.438555 -23407.188916   9587.803766     68.343078  4  5  4  92       
PG10  24255.014111  10703.247742  -3268.215298    -70.486128  4  2  4  77       
PG11 -23808.768059  11556.766088  -1886.074647   -550.550230  3  5  4  83       
PG12   -179.897258  16978.221601 -20727.827654   -470.826731  5  6  5  74       
PG13 -13075.364848  16032.177959  16326.944875    618.710831  5  5  6  53       
PG14 -23072.000337 -13362.838035      1.873025    306.548852  5  6  5  73       
PG15  -3371.798232  24000.385839  10127.324931    120.242157  2  6  3  64       
PG16  17601.016038  -4388.247707  19226.416544   -378.087298  4  4  5  88       
PG17 -12561.381987 -12919.083828 -19033.670767    719.138076  4  4  2  76       
PG18  10720.361459  10849.606714  21775.708873   -539.093290  3  6  5  82       
PG19 -14844.450324  -3263.412217 -21987.166334    430.619464  2  4  5  68       
PG20 -21932.174429   3522.678293  14495.249244    390.255716  4  3  3  55       
PG21  14808.429030 -19100.239525  -9316.363614    137.434463  2  6  4  77       
PG22 -23397.935838  -9484.005435  -7322.885056     43.263893  1  3  5  95       
PG23  19245.855075  16303.668756   8643.026739    141.225790  4  7  5  66       
PG24 -11458.608933  20331.320337 -12693.881545   -419.228353  4  4  1  56       
PG25  12006.990646  18567.567494 -15246.448085    486.261422  3  6  5  53       
PG26  23920.260860   1195.870195  11717.712843    197.528642  5  4  3 101       
PG28  21902.503850  -1965.556596 -14912.456807   -107.735648  3  4  3  56       
PG29   4730.870480  24553.747530   8755.222687   -608.268100  2  8  6  80       
PG30 -19129.088276  -4097.636859  18205.959147   -441.815697  4  5  5  66       
PG31  24461.737975  -8498.187210  -7005.582919   -227.467288  3  5  3  78       
PG32  14463.204078   8937.449278 -20262.056246   -607.171179  4  3  4  83       
*  2024  1 23 18 30  0.00000000
PG01   6299.268257 -18577.019021 -18094.387437    166.973083  4  7  6  86       
PG02  12545.740657 -20313.930220 -10876.307627   -496.496735  4  6  4  77       
PG03    783.565381 -15570.162320 -21664.290345    145.929992  6  7  4  64       
PG04   1938.139091 -25954.307525  -4908.410427    273.568033  2 10  5  79       
PG05 -13170.397080   9950.884112  20654.922415   -159.068469  5  6  3  32       
PG06 -21731.108545   3012.564732 -14972.871488    434.256953     5  4  81       
PG07  -8073.270651 -13465.356423  21892.922117    -44.514194  3  5  3  58       
PG08   6528.307376 -21959.351792  12974.656988   -163.520384  2  6  5  73       
PG09  -7737.905795 -24382.846452   6950.392072     68.354174  4  5  4  30       
PG10  24384.347617  10957.922235   -399.670569    -70.487449  4  2  4  93       
PG11 -23603.776687  11154.448143  -4721.798538   -550.562583  3  6  3  86       
PG12  -2237.565682  15830.730304 -21505.914530   -470.830035  6  7  5  78       
PG13 -13065.710573  14015.610733  18093.389586    618.714314  5  4  6  42       
PG14 -22799.780101 -13536.022317   2811.990936    306.557983  5  7  5  76       
PG15  -3951.752609  22718.272766  12503.987922    120.245790  3  6  3   2       
PG16  19382.290207  -3154.848538  17764.142727   -378.080212  3  3  5  99       
PG17 -12417.041406 -15090.735002 -17489.442771    719.137243  4  4  2  90       
PG18   8615.975167  12191.264062  21983.252877   -539.101358  4  6  5  80       
PG19 -14713.471867  -5707.336897 -21600.793595    430.624107  3  3  4  79       
PG20 -23331.628807   2863.555534  12260.280579    390.254490  3  3  3  67       
PG21  15784.323673 -19474.387184  -6609.486024    137.433349  3  5  4  76       
PG22 -23879.886228 -10101.978862  -4558.125920     43.257919  1  3  5 102       
PG23  18152.887353  15983.644569  11211.082286    141.232672  4  7  5  81       
PG24 -12644.037856  20899.425845 -10313.026762   -419.234558  4  4  1  70       
PG25  10323.168648  17939.070294 -17132.045798    486.262546  3  6  5  61       
PG26  24942.129559   1908.890697   9304.205064    197.525328  5  4  3  93       
PG28  20521.383764   -775.776134 -16862.203659   -107.746284  3  4  3  33       
PG29   4501.855681  25403.312567   6038.118129   -608.267707  3  8  6  66       
PG30 -17417.831545  -5382.783716  19525.334133   -441.811437  4  5  5  76       
PG31  23803.509345  -7824.343943  -9610.327973   -227.467449  2  5  3  82       
PG32  14519.025088  11222.753851 -19080.203898   -607.173551  4  2  5  60       
*  2024  1 23 18 45  0.00000000
PG01   7913.426132 -19601.551536 -16218.144302    166.974212  4  7  5  88       
PG02  13575.443581 -20915.182837  -8291.326754   -496.491727  4  5  3  89       
PG03   3062.681550 -14627.068011 -22107.455849    145.952635  6  7  3  62       
PG04   2246.316793 -25256.131166  -7657.360159    273.576674  3 10  6  87       
PG05 -15328.510294   9064.457686  19562.529935   -159.069753  5  5  2  71       
PG06 -20325.877389   1832.391424 -16982.910428    434.244576  1  5  4  66       
PG07  -6135.972043 -14868.253088  21562.566595    -44.522501  3  5  3  58       
PG08   7013.402763 -20375.831279  15148.729406   -163.521917  1  5  5  66       
PG09  -7576.334360 -25062.542038   4192.648497     68.365308  4  6  4  56       
PG10  24231.111116  11076.188797   2475.641227    -70.488593  5  2  4  91       
PG11 -23157.417175  10564.437983  -7475.976044   -550.574932  3  6  2  73       
PG12  -4412.854273  14763.994856 -21923.683619   -470.833633  6  7  4  63       
PG13 -13158.827558  11817.643970  19541.130703    618.717581  5  4  6  71       
PG14 -22252.276239 -13590.758163   5574.268689    306.567131  5  7  5  66       
PG15  -4661.242200  21212.331489  14657.263554    120.249396  4  5  3  79       
PG16  21059.898282  -2107.460752  15993.374879   -378.073236  3  3  5  97       
PG17 -12376.682299 -17069.416787 -15632.617727    719.136238  4  4  3  80       
PG18   6584.338203  13647.478155  21813.092110   -539.109387  4  7  5  75       
PG19 -14714.800794  -8088.129814 -20850.644114    430.628861  3  3  4  87       
PG20 -24505.196237   2336.256202   9813.166719    390.253253  3  4  4  72       
PG21  16497.419433 -19682.488548  -3780.274288    137.432275  3  5  4  71       
PG22 -24111.268276 -10537.805292  -1712.773514     43.251996  1  3  5  98       
PG23  16783.855991  15621.814936  13588.316979    141.239552  5  8  6  69       
PG24 -13598.774228  21336.109973  -7753.799972   -419.240776  4  4  1  23       
PG25   8430.198567  17324.221564 -18732.813504    486.263679  2  6  5  61       
PG26  25732.010333   2478.650332   6732.851921    197.522022  5  4  3  90       
PG28  19044.827043    611.833136 -18522.155589   -107.756885  3  5  3           
PG29   4305.780980  25949.178243   3216.337837   -608.267069  3  8  6  68       
PG30 -15665.962003  -6827.529224  20514.442845   -441.807247  4  5  5  58       
PG31  22951.484773  -6954.179734 -12054.716125   -227.467699  2  5  3  82       
PG32  14674.500817  13347.204416 -17566.757891   -607.175946  4  2  5  50       
*  2024  1 23 19  0  0.00000000
PG01   9295.343747 -20572.733348 -14065.434459    166.975292  4  7  5  85       
PG02  14353.723095 -21353.073248  -5558.956111   -496.486575  5  5  3  89       
PG03   5419.074074 -13803.083217 -22175.516232    145.975273  6  7  3  60       
PG04   2635.587603 -24273.612853 -10273.427379    273.585360  4 10  6  77       
PG05 -17391.418592   8336.391329  18129.455804   -159.070969  5  5  2  57       
PG06 -18826.730614    437.614906 -18700.365405    434.232150  2  5  4  75       
PG07  -4312.008046 -16335.735301  20875.075632    -44.530874  3  5  2  54       
PG08   7626.100886 -18592.209029  17055.567698   -163.522926  1  4  5  83       
PG09  -7385.569906 -25439.178402   1362.374007     68.376399  4  7  4  38       
PG10  23782.694537  11094.968653   5309.295363    -70.490268  5  2  4  90       
PG11 -22501.536157   9764.732639 -10101.021598   -550.587208  2  7  2  66       
PG12  -6666.290116  13804.177032 -21974.119334   -470.836870  6  7  4  78       
PG13 -13374.497335   9482.463968  20644.789237    618.720859  5  4  6  78       
PG14 -21423.242208 -13562.939064   8241.710059    306.576260  6  7  5  57       
PG15  -5517.321202  19519.889180  16547.813613    120.252847  5  5  2  34       
PG16  22589.585507  -1243.451316  13946.354504   -378.066196  2  4  5 103       
PG17 -12413.519341 -18817.066509 -13497.051527    719.135327  4  6  3  93       
PG18   4664.492964  15186.980968  21267.588147   -539.117468  4  7  5  67       
PG19 -14837.612963 -10359.499242 -19750.103449    430.633569  4  4  5  90       
PG20 -25421.332096   1915.825818   7196.022892    390.252218  2  4  3  66       
PG21  16962.905043 -19689.457675   -881.343788    137.431112  4  5  4  74       
PG22 -24069.041380 -10821.001224   1162.743162     43.246426  2  4  5  95       
PG23  15153.146776  15257.966994  15734.125143    141.246433  5  8  6  81       
PG24 -14328.763663  21603.581339  -5059.687680   -419.247010  4  4  1  12       
PG25   6355.514156  16756.447007 -20022.294235    486.264820  3  6  5  89       
PG26  26263.871747   2930.239110   4047.577950    197.518706  4  5  2 100       
PG28  17517.421168   2188.980845 -19863.855001   -107.767501  4  5  3  41       
PG29   4104.736676  26182.554458    338.820403   -608.266592  4  8  5  22       
PG30 -13915.161031  -8416.048592  21156.044508   -441.802967  4  5  5  63       
PG31  21943.059195  -5875.542568 -14298.071052   -227.467669  2  5  3  71       
PG32  14904.593469  15272.143862 -15748.832421   -607.178292  5  2  6  41       
*  2024  1 23 19 15  0.00000000
PG01  10436.556292 -21445.288041 -11671.738229    166.976467  4  6  5 104       
PG02  14895.237502 -21591.562234  -2728.258232   -496.481439  5  5  3  94       
PG03   7805.969863 -13115.535363 -21866.981338    145.997895  6  6  3  83       
PG04   3136.568062 -23032.411413 -12711.273745    273.594051  5 10  7  88       
PG05 -19312.109210   7760.888983  16381.190682   -159.072073  4  5  2  70       
PG06 -17280.325696  -1162.994377 -20095.267995    434.219845  2  5  4  75       
PG07  -2629.533032 -17831.652761  19840.084025    -44.539366  4  5  2  67       
PG08   8382.002559 -16650.741110  18662.111958   -163.523999  1  4  5  85       
PG09  -7128.495981 -25514.541177  -1491.454493     68.387524  4  7  5  67       
PG10  23035.023884  11053.464323   8053.761463    -70.491689  6  2  4 101       
PG11 -21673.146768   8740.594814 -12551.575886   -550.599536  2  7  2  86       
PG12  -8954.385401  12970.548564 -21656.193668   -470.840122  7  8  4  74       
PG13 -13724.894821   7058.224175  21385.204228    618.724110  5  4  6  73       
PG14 -20314.749459 -13489.740150  10768.904051    306.585418  6  7  5  46       
PG15  -6529.801808  17683.022157  18140.975754    120.256289  5  4  2  37       
PG16  23930.207205   -552.014134  11659.741265   -378.059072  2  4  6  97       
PG17 -12495.338951 -20302.995992 -11121.545520    719.133886  4  7  3  99       
PG18   2889.639551  16772.599309  20355.575370   -539.125491  4  7  5  66       
PG19 -15063.601967 -12478.534620 -18318.242771    430.638191  5  5  5  99       
PG20 -26055.466837   1572.253790   4454.043647    390.250630  1  4  4  63       
PG21  17204.168524 -19466.049734   2033.798539    137.429858  4  4  4  88       
PG22 -23738.155076 -10985.744829   4017.959395     43.240620  3  4  5  80       
PG23  13283.536869  14929.433186  17611.748510    141.253323  6  8  6  89       
PG24 -14847.504015  21667.528819  -2277.069529   -419.253246  4  4  2           
PG25   4132.775048  16264.402231 -20979.033378    486.265998  3  6  4  72       
PG26  26518.464489   3293.247804   1293.976764    197.515412  4  5  3  90       
PG28  15982.757957   3939.146022 -20864.313318   -107.778075  4  6  3  65       
PG29   3860.330462  26103.806078  -2544.567294   -608.266135  4  8  5  52       
PG30 -12204.561962 -10125.270659  21438.645652   -441.798687  4  5  5  83       
PG31  20818.453365  -4583.895765 -16302.989562   -227.467836  2  5  4  65       
PG32  15178.681632  16965.393256 -13658.693709   -607.180630  5  3  6           
*  2024  1 23 19 30  0.00000000
PG01  11337.371065 -22174.470647  -9077.038727    166.977541  5  6  5  71       
PG02  15222.439591 -21599.950268    150.452849   -496.476171  6  4  2 100       
PG03  10174.357995 -12573.695011 -21186.674921    146.020514  6  6  4  78       
PG04   3774.588538 -21565.286541 -14928.713551    273.602741  5 10  7  97       
PG05 -21046.894299   7324.178801  14348.659333   -159.073253  4  5  2  53       
PG06 -15732.273716  -2951.872179 -21143.160826    434.207511  3  4  4  85       
PG07  -1110.201596 -19315.799971  18472.956411    -44.547715  4  4  2  37       
PG08   9289.110250 -14597.326489  19940.835690   -163.527495  1  4  4  75       
PG09  -6769.668955 -25299.143401  -4319.546636     68.398568  5  8  5  47       
PG10  21992.771270  10991.518067  10663.139478    -70.492641  6  2  4 106       
PG11 -20712.941004   7485.324163 -14785.299487   -550.611859  3  7  2  94       
PG12 -11231.077131  12274.837993 -20974.894066   -470.843546  7  8  3  71       
PG13 -14214.024412   4595.311804  21749.772973    618.727465  4  4  5  84       
PG14 -18937.238221 -13408.049482  13112.773624    306.594560  6  7  5  61       
PG15  -7700.618096  15746.964241  19407.514333    120.259626  5  4  2  45       
PG16  25045.205872    -14.864336   9173.889247   -378.052267  1  4  6 105       
PG17 -12585.968897 -21504.918604  -8549.032076    719.133099  4  7  4  92       
PG18   1286.009466  18362.579536  19092.247394   -539.133567  4  7  6  62       
PG19 -15367.746287 -14407.113088 -16579.484042    430.643054  6  6  5  94       
PG20 -26390.935376   1271.835299   1634.714335    390.249889  1  4  4  16       
PG21  17251.539419 -18990.162384   4911.939656    137.429153  4  4  4  82       
PG22 -23112.137027 -11069.282759   6803.306530     43.234684  3  4  5  88       
PG23  11205.508206  14669.562438  19188.896956    141.260221  6  7  6  90       
PG24 -15175.409541  21498.622053    545.573673   -419.259481  3  4  2  38       
PG25   1800.814210  15870.886120 -21586.898794    486.267143  3  5  4  83       
PG26  26484.011913   3600.436283  -1481.430977    197.512242  4  6  3  91       
PG28  14481.819756   5838.026055 -21506.398871   -107.788667  4  6  3  37       
PG29   3535.384692  25722.389046  -5383.913275   -608.265803  5  8  5  42       
PG30 -10569.374965 -11925.566190  21356.726972   -441.794419  4  5  5  49       
PG31  19619.215804  -3082.674820 -18035.905826   -227.467906  2  5  4  61       
PG32  15461.875802  18402.283949 -11333.138525   -607.182983  5  4  6  49       
*  2024  1 23 19 45  0.00000000
PG01  12006.751592 -22717.851837  -6325.220844    166.978595  5  5  6  77       
PG02  15364.408455 -21354.134560   3026.585179   -496.470794  6  4  2  89       
PG03  12474.666259 -12178.477897 -20145.684084    146.043070  6  6  4  80       
PG04   4568.515284 -19910.879584 -16887.455612    273.611413  6  9  7  92       
PG05 -22556.972542   7005.238032  12067.630795   -159.074606  4  5  3  61       
PG06 -14225.426428  -4903.130356 -21825.548665    434.195208  3  4  4  78       
PG07    231.533485 -20745.294379  16794.682581    -44.555912  4  4  2  56       
PG08  10347.380872 -12479.800135  20870.208049   -163.529507  2  4  4  73       
PG09  -6276.886342 -24811.742977  -7073.160126     68.409669  5  8  5  79       
PG10  20669.254662  10947.963369  13093.861734    -70.494030  6  2  4 105       
PG11 -19663.671332   6000.718259 -16763.613069   -550.624187  3  7  3  86       
PG12 -13449.269156  11720.862337 -19941.169220   -470.847077  7  8  3  79       
PG13 -14837.501712   2144.535102  21732.656659    618.730953  4  5  5  79       
PG14 -17309.262563 -13352.917133  15233.289289    306.603650  6  7  5  71       
PG15  -9023.528978  13758.380377  20324.255942    120.263368  5  5  2  60       
PG16  25903.899530    392.791032   6532.090175   -378.045236  2  4  6  92       
PG17 -12646.905347 -22409.626850  -5825.690323    719.131903  5  8  4  82       
PG18   -127.989585  19912.108935  17498.930882   -539.141622  4  7  5  57       
PG19 -15719.328470 -16113.129394 -14563.196005    430.647896  6  7  5 100       
PG20 -26419.611535    978.687228  -1213.027108    390.247736  1  5  4           
PG21  17140.757726 -18247.808118   7701.291682    137.428340  5  4  4  78       
PG22 -22193.341499 -11110.249636   9470.988734     43.228705  4  4  4  71       
PG23   8956.273511  14506.349073  20438.301965    141.267116  6  7  6  83       
PG24 -15338.889147  21073.851272   3358.529503   -419.265659  3  4  2  41       
PG25   -597.598820  15591.974163 -21835.335334    486.268314  3  5  4  87       
PG26  26156.632794   3886.295673  -4231.939651    197.508948  4  6  3  81       
PG28  13051.479528   7854.289343 -21779.125167   -107.799288  4  7  3  68       
PG29   3095.584873  25056.443416  -8130.140417   -608.265284  5  7  5  14       
PG30  -9039.661216 -13781.694550  20910.881450   -441.790158  4  5  5  36       
PG31  18386.688280  -1383.357766 -19467.606479   -227.467919  3  5  4  48       
PG32  15716.498757  19566.395304  -8812.805794   -607.185360  6  4  6  70       
*  2024  1 23 20  0  0.00000000
PG01  12461.863877 -23037.056421  -3463.373670    166.979612  6  5  6  64       
PG02  15355.445038 -20837.588142   5850.206336   -496.465708  6  3  3  92       
PG03  14658.470862 -11922.472340 -18761.210331    146.065630  6  5  5  72       
PG04   5529.833459 -18112.278223 -18553.770711    273.620076  6  8  7  62       
PG05 -23809.799612   6776.805922   9578.048704   -159.075330  3  4  3  60       
PG06 -12798.277131  -6983.357353 -22130.247791    434.182937  3  4  5  90       
PG07   1388.867527 -22076.092151  14831.685552    -44.564356  4  4  2  64       
PG08  11548.615628 -10346.173186  21435.027992   -163.530546  2  4  4  72       
PG09  -5622.626676 -24078.554095  -9704.945499     68.420666  5  7  5  68       
PG10  19086.033262  10959.027922  15305.354552    -70.495531  7     4 108       
PG11 -18568.465260   4297.204309 -18452.370619   -550.636416  3  6  4  90       
PG12 -15562.423719  11304.457721 -18571.791771   -470.850385  7  7  2  84       
PG13 -15582.688143   -244.693614  21334.848914    618.734292  5  5  5  67       
PG14 -15456.938043 -13356.080335  17094.137115    306.612819  6  6  5  41       
PG15 -10484.177984  11763.582229  20874.588394    120.267181  6  5  3  46       
PG16  26482.538697    701.051551   3779.799887   -378.038442  2  5  6 101       
PG17 -12639.023914 -23013.299123  -3000.017993    719.130897  5  8  4  60       
PG18  -1342.322870  21374.976363  15602.748089   -539.149705  5  7  5  26       
PG19 -16083.168718 -17571.508233 -12303.226663    430.652655  7  8  5  95       
PG20 -26142.220356    656.357415  -4039.662150    390.246880  2  5  4  76       
PG21  16911.252549 -17233.722684  10352.533904    137.426744  5  4  4  84       
PG22 -20992.858292 -11146.971508  11975.789038     43.223058  5  4  4  78       
PG23   6578.549207  14461.272030  21338.193577    141.274035  6  6  6  83       
PG24 -15369.169779  20377.644017   6111.784630   -419.271971  4  4  3  33       
PG25  -3017.138427  15436.401973 -21719.550949    486.269440  4  4  4  63       
PG26  25540.484168   4185.557533  -6911.391898    197.505673  4  7  4 103       
PG28  11723.171792   9950.603341 -21677.835127   -107.809905  4  7  3  75       
PG29   2511.013489  24132.060590 -10735.866533   -608.264775  5  6  6  42       
PG30  -7639.302775 -15653.977378  20107.858689   -441.785817  4  5  4  62       
PG31  17160.487451    494.754771 -20573.691783   -227.467979  3  5  4  84       
PG32  15903.670227  20449.974767  -6141.436671   -607.187754  6  4  6  19       
*  2024  1 23 20 15  0.00000000
PG01  12727.293811 -23099.385043   -541.003462    166.980664  6  5  6  46       
PG02  15233.497644 -20042.029638   8572.925049   -496.460494  6  3  3  98       
PG03  16680.176853 -11790.293163 -17056.321988    146.088225  6  4  5  90       
PG04   6662.027305 -16215.422435 -19899.072630    273.628866  6  7  7  85       
PG05 -24780.215878   6606.640662   6923.296923   -159.076882  3  4  3  64       
PG06 -11483.538516  -9152.720686 -22051.625611    434.170629  4  4  5  82       
PG07   2362.810159 -23264.592402  12615.534876    -44.572811  4  4  3  65       
PG08  12876.687127  -8242.892743  21626.627678   -163.532005  3  4  5  83       
PG09  -4785.304723 -23132.185401 -12169.759062     68.431695  5  7  4  84       
PG10  17272.214252  11056.844063  17260.653602    -70.496303  7  1  4 104       
PG11 -17469.139088   2393.635750 -19822.453532   -550.648689  4  6  5  82       
PG12 -17526.147472  11013.713411 -16889.137067   -470.853577  7  7  2  80       
PG13 -16429.170232  -2526.104804  20564.108613    618.737557  5  4  5  75       
PG14 -13413.111078 -13444.620387  18663.331088    306.621991  6  6  5  60       
PG15 -12060.509971   9806.766295  21048.806766    120.270610  6  5  4  65       
PG16  26765.099789    943.943080    963.862294   -378.031309  3  5  6  98       
PG17 -12524.299789 -23321.431703   -121.884848    719.129732  5  7  4  74       
PG18  -2355.548498  22705.308344  13436.171725   -539.157801  5  7  5  53       
PG19 -16421.028723 -18764.965475  -9837.377659    430.657271  7  8  5  76       
PG20 -25568.314101    269.462105  -6795.980237    390.245689  2  5  4  69       
PG21  16604.318755 -15951.595690  12819.738240    137.425553  5  4  3  83       
PG22 -19530.095981 -11215.821576  14275.793073     43.216832  5  5  4  88       
PG23   4119.119095  14548.389657  21872.692266    141.280972  5  6  6  85       
PG24 -15300.909148  19402.703494   8755.996022   -419.278250  4  4  3  19       
PG25  -5411.401909  15405.221743 -21240.631191    486.270599  4  3  4  81       
PG26  24647.621755   4531.703984  -9474.894890    197.502358  4  7  4  89       
PG28  10521.784796  12084.899249 -21204.278525   -107.820522  4  7  3  29       
PG29   1757.508332  22982.255166 -13156.228595   -608.264131  6  6  6  49       
PG30  -6385.208427 -17499.659026  18960.511182   -441.781516  4  5  4  77       
PG31  15977.055053   2525.044460 -21334.977718   -227.467949  4  5  4  73       
PG32  15984.932817  21054.029870  -3365.098297   -607.190095  6  5  5  49       
*  2024  1 23 20 30  0.00000000
PG01  12833.958942 -22879.249262   2390.831861    166.981706  6  5  6  36       
PG02  15038.487191 -18967.767070  11148.701633   -496.455673  6  3  2  99       
PG03  18498.607028 -11759.251308 -15059.608995    146.110785  6  3  5  84       
PG04   7960.281491 -14267.415085 -20900.402848    273.637514  6  6  7  89       
PG05 -25451.290435   6458.967487   4149.416239   -159.078459  3  4  3  46       
PG06 -10306.954195 -11366.330504 -21590.724354    434.158336  4  4  5  88       
PG07   3162.055716 -24269.274389  10182.558776    -44.580894  4  3  3  67       
PG08  14308.089644  -6213.191086  21442.946194   -163.534028  3  4  6  89       
PG09  -3750.293676 -22010.348047 -14425.430117     68.442816  5  7  4  83       
PG10  15263.495839  11268.118590  18926.967656    -70.497863  7  2  5 100       
PG11 -16404.576996    316.761049 -20850.274967   -550.661001  4  5  5  79       
PG12 -19299.716214  10829.503663 -14920.877525   -470.857165  7  7     74       
PG13 -17349.560619  -4658.178262  19434.761869    618.740864  5  3  5  61       
PG14 -11216.279297 -13639.802553  19913.760208    306.631175  6  6  4  56       
PG15 -13723.526903   7928.354353  20844.295972    120.274318  6  5  5  72       
PG16  26743.793597   1157.914262  -1868.257088   -378.024338  4  5  6  84       
PG17 -12267.464516 -23348.408867   2758.408356    719.128743  5  7  3  84       
PG18  -3174.697526  23859.312856  11036.478114   -539.165906  5  6  4  59       
PG19 -16693.136314 -19684.492923  -7206.825943    430.662119  7  8  5  50       
PG20 -24715.911509   -214.715205  -9433.966013    390.244053  2  5  4  57       
PG21  16261.279264 -14413.929459  15061.159559    137.424572  5  4  3  82       
PG22 -17832.065452 -11349.690789  16333.022898     43.211094  5  5  4  30       
PG23   1627.240828  14773.726289  22032.108013    141.287857  5  5  6  79       
PG24 -15170.653802  18150.523916  11243.478394   -419.284490  4  4  3  12       
PG25  -7734.437998  15491.746267 -20405.578432    486.271819  5  3  4  81       
PG26  23497.584785   4955.531952 -11879.512298    197.499071  4  7  4  79       
PG28   9464.815735  14211.825637 -20366.581515   -107.831104  4  7  3  50       
PG29    817.791984  21645.683257 -15349.656264   -608.263386  6  5  6  21       
PG30  -5286.787935 -19274.405749  17487.639294   -441.777188  4  5  4  67       
PG31  14868.327428   4674.350729 -21737.833532   -227.468116  4  4  4  74       
PG32  15923.856156  21388.094425   -531.385969   -607.192472  6  4  5  42       
*  2024  1 23 20 45  0.00000000
PG01  12817.752076 -22359.354876   5280.451691    166.982753  6  5  6  28       
PG02  14810.602024 -17623.713175  13534.576264   -496.450343  6  3  2 104       
PG03  20078.439377 -11800.316606 -12804.742443    146.133340  5  2  5  91       
PG04   9411.514605 -12314.803685 -21540.811237    273.646246  6  5  6  86       
PG05 -25814.852366   6296.058461   1304.288022   -159.079032  4  4  4  49       
PG06  -9286.391700 -13575.812521 -20755.264902    434.146061  4  4  6  93       
PG07   3802.552090 -25052.307105   7573.350649    -44.589324  4  3  4  56       
PG08  15812.785286  -4295.588301  20888.478030   -163.536005  4  4  6  84       
PG09  -2510.675484 -20754.385183 -16433.469909     68.453976  6  7  4  75       
PG10  13100.979835  11613.008430  20276.185615    -70.498663  6  2  4 101       
PG11 -15409.238831  -1899.615011 -21518.185689   -550.673322  4  5  6  92       
PG12 -20847.483518  10726.301552 -12699.592701   -470.860319  6  6     63       
PG13 -18310.584489  -6605.546461  17967.381319    618.744218  6  2  5  80       
PG14  -8909.301425 -13956.143781  20823.661284    306.640295  6  6  4  83       
PG15 -15438.347932   6163.510748  20265.545739    120.277728  5  5  5  48       
PG16  26419.278150   1380.267355  -4669.218175   -378.016908  5  5  6  78       
PG17 -11837.532603 -23116.739047   5591.043936    719.127644  4  6  3  90       
PG18  -3814.817408  24796.961762   8445.107067   -539.173975  5  6  4  42       
PG19 -16859.777641 -20329.550128  -4455.498037    430.667160  8  8  5  72       
PG20 -23610.813863   -824.729141 -11907.666933    390.242598  2  5  4  65       
PG21  15921.714886 -12641.549641  17039.880850    137.423114  5  4  3  85       
PG22 -15932.399769 -11576.628189  18113.976913     43.205546  6  5  4  78       
PG23   -847.046352  15134.976357  21813.139855    141.294786  5  4  6  74       
PG24 -15015.208055  16631.551918  13529.180857   -419.290756  4  5  3  22       
PG25  -9942.273461  15681.786277 -19227.271768    486.273008  5  3  4  83       
PG26  22116.721031   5483.822307 -14084.925105    197.495760  5  7  4  90       
PG28   8561.820792  16284.336111 -19179.108770   -107.841694  4  7  3   7       
PG29   -317.671398  20165.158797 -17278.581339   -608.262838  6  5  6  29       
PG30  -4345.717825 -20933.889261  15713.733110   -441.772876  4  5  3  72       
PG31  13860.572134   6903.993434 -21774.448821   -227.468357  4  4  4  79       
PG32  15687.558612  21469.683298   2311.382463   -607.194843  6  4  5  49       
*  2024  1 23 21  0  0.00000000
PG01  12717.967605 -21531.576535   8076.526302    166.983757  6  4  6  67       
PG02  14588.629185 -16027.082655  15691.308308   -496.445205  6  4  2 103       
PG03  21391.437708 -11879.339717 -10329.942830    146.155936  5  2  4  80       
PG04  10994.742418 -10401.900379 -21809.627373    273.654955  6  5  6  98       
PG05 -25871.692934   6079.880522  -1563.199594   -159.080295  4  5  4  48       
PG06  -8431.253751 -15731.029674 -19559.529100    434.133783  5  4  6 100       
PG07   4306.773763 -25581.067572   4832.168283    -44.597935  4  2  4  65       
PG08  17355.307437  -2522.604062  19974.103457   -163.537361  4  4  7  93       
PG09  -1067.691424 -19407.680671 -18159.711279     68.465020  6  7  3  78       
PG10  10829.794416  12104.241967  21285.321830    -70.499925  6  2  4  96       
PG11 -14511.854693  -4215.745261 -21814.774522   -550.685613  5  5  6  82       
PG12 -22140.121132  10673.248866 -10262.296122   -470.863978  6  6     68       
PG13 -19274.403855  -8340.141547  16188.353487    618.747567  6  2  5  89       
PG14  -6537.943273 -14400.745100  21377.009019    306.649477  6  5  4  77       
PG15 -17165.524161   4540.901539  19324.000433    120.281460  6  5  6  70       
PG16  25800.575551   1647.580548  -7392.526097   -378.009957  5  5  6  98       
PG17 -11209.139615 -22655.997721   8327.556060    719.126356  4  5  3  79       
PG18  -4298.195620  25483.544454   5706.939248   -539.182091  5  5  3           
PG19 -16882.901199 -20707.956149  -1629.402474    430.671347  8  8  5  65       
PG20 -22285.624868  -1583.643561 -14174.023322    390.241463  3  4  4  60       
PG21  15621.833810 -10662.805308  18724.311166    137.422151  6  4  3  92       
PG22 -13870.154194 -11918.696584  19590.074931     43.199537  6  5  4  88       
PG23  -3254.649737  15621.540034  21218.970381    141.301676  5  4  5  79       
PG24 -14869.985779  14864.979370  15571.624277   -419.296985  4  5  3  49       
PG25 -11994.385028  15954.177491 -17724.343499    486.274181  6  2  4  61       
PG26  20537.276193   6138.160853 -16054.054859    197.492440  5  7  4  92       
PG28   7814.180542  18255.350994 -17662.220427   -107.852311  4  6  3  41       
PG29  -1650.124710  18586.026720 -18910.071391   -608.262258  6  5  6  53       
PG30  -3556.011316 -22435.395635  13668.611010   -441.768543  4  5  3  69       
PG31  12973.434868   9171.010812 -21443.023888   -227.468395  4  4  4  80       
PG32  15248.090445  21323.461128   5114.967139   -607.197199  5  4  5  65       
*  2024  1 23 21 15  0.00000000
PG01  12575.573374 -20397.478265  10729.072680    166.984777  6  4  6  53       
PG02  14408.383631 -14202.793083  17583.923545   -496.440251  6  4  2 110       
PG03  22417.426807 -11958.488928  -7677.362810    146.178495  5  2  4  74       
PG04  12681.755612  -8569.204994 -21702.619348    273.663669  6  5  6  81       
PG05 -25631.435253   5773.747012  -4403.988050   -159.082009  5  6  5  79       
PG06  -7742.231980 -17781.885393 -18024.121435    434.121484  5  4  6  87       
PG07   4702.717259 -25829.503352   2006.227884    -44.606369  5  2  4  73       
PG08  18896.073755   -919.724116  18716.810174   -163.539313  5  3  7  88       
PG09    569.123213 -18014.008758 -19574.869637     68.476067  7  7  3  82       
PG10   8497.573893  12746.518033  21936.894652    -70.501270  6  3  3 107       
PG11 -13734.356831  -6587.286263 -21735.058575   -550.697934  5  6  6  89       
PG12 -23155.643503  10635.446347  -7649.881171   -470.867415  6  6  1  62       
PG13 -20200.123215  -9842.044647  14129.347145    618.750863  6  3  5  88       
PG14  -4149.312859 -14972.916066  21563.815822    306.658649  5  5  4  78       
PG15 -18862.546745   3081.747532  18037.752342    120.285031  5  4  6  60       
PG16  24904.701925   1994.176926  -9993.217711   -378.003069  6  4  6  95       
PG17 -10363.643806 -22001.527769  10921.639414    719.125250  4  5  3  78       
PG18  -4653.293517  25891.029712   2869.504057   -539.190245  5  4  3  72       
PG19 -16727.677154 -20835.483826   1224.073661    430.676240  7  8  5  87       
PG20 -20778.513724  -2507.923116 -16193.643746    390.240392  4  4  4  65       
PG21  15393.040554  -8512.506681  20088.540907    137.420834  5  4  4  95       
PG22 -11688.435691 -12391.079059  20738.009905     43.193540  6  5  3  79       
PG23  -5549.122032  16214.892003  20259.251049    141.308596  5  4  5  44       
PG24 -14767.419772  12878.170681  17333.770809   -419.303206  4  5  4  33       
PG25 -13855.064180  16281.583998 -15920.968179    486.275343  6  3  4  85       
PG26  18796.279377   6933.953079 -17753.643106    197.489167  5  7  4  93       
PG28   7215.189245  20079.430097 -15841.927627   -107.862969  4  6  3  30       
PG29  -3172.292364  16954.456886 -20216.377691   -608.261503  7  6  6  55       
PG30  -2904.393517 -23739.397993  11386.956864   -441.764270  4  5  3  72       
PG31  12219.233919  11429.572801 -20747.876886   -227.468439  5  3  3  75       
PG32  14583.628631  20980.160207   7831.990093   -607.199470  5  4  5  84       
*  2024  1 23 21 30  0.00000000
PG01  12431.400257 -18968.449176  13190.447514    166.985825  6  4  5  81       
PG02  14301.289721 -12182.600641  19182.169225   -496.435117  6  4  2 105       
PG03  23144.972256 -11997.848288  -4892.392157    146.201130  5  3  3  82       
PG04  14438.084393  -6851.991242 -21222.039167    273.672303  6  6  6  85       
PG05 -25112.080694   5343.909101  -7169.673246   -159.083374  5  6  5  66       
PG06  -7211.413490 -19680.137587 -16175.613542    434.109233  5  4  5  79       
PG07   5022.650315 -25779.276933   -855.100608    -44.614772  5  3  4  44       
PG08  20392.854196    495.344502  17139.317118   -163.540695  5  3  7  87       
PG09   2382.124316 -16615.887918 -20655.017553     68.487129  7  7  3  76       
PG10   6152.847334  13536.205769  22219.233018    -70.501762  6  3  2 104       
PG11 -13091.089866  -8966.824611 -21280.560462   -550.710264  5  6  7  88       
PG12 -23880.175116  10575.419642  -4906.489889   -470.870602  6  6  2  72       
PG13 -21045.414028 -11100.009282  11826.697068    618.754168  6  4  5  85       
PG14  -1790.242418 -15664.108016  21380.334691    306.667791  5  5  4  82       
PG15 -20485.478888   1799.207760  16431.092522    120.288945  5  3  7  63       
PG16  23756.028271   2450.691839 -12428.510356   -377.996092  6  5  6  82       
PG17  -9289.954968 -21192.955049  13329.886571    719.124271  4  3  3  59       
PG18  -4913.432725  25999.180101    -17.866965   -539.198341  5  3  3  52       
PG19 -16363.956173 -20735.168933   4056.897565    430.680895  7  7  5  86       
PG20 -19131.771366  -3606.590784 -17931.509907    390.238800  5  4  4  86       
PG21  15260.750323  -6230.655382  21112.564120    137.419870  5  4  4  97       
PG22  -9432.914666 -13001.461365  21540.009582     43.187808  6  4  3  95       
PG23  -7688.266107  16889.272112  18949.975849    141.315527  5  4  5  48       
PG24 -14735.502040  10705.745959  18783.798563   -419.309443  4  5  4  32       
PG25 -15494.624129  16631.554690 -13846.560875    486.276477  6  4  4  77       
PG26  16934.263049   7879.668261 -19154.780874    197.485860  6  7  4  96       
PG28   6750.464190  21714.393080 -13749.452085   -107.873637  4  6  3  35       
PG29  -4868.488205  15315.724954 -21175.389414   -608.261012  7  6  6  48       
PG30  -2370.971028 -24811.031170   8907.760078   -441.760000  4  5  3  79       
PG31  11602.531978  13632.522622 -19699.461298   -227.468727  5  2  3  76       
PG32  13679.441429  20475.290738  10416.692165   -607.201681  5  5  5  71       
*  2024  1 23 21 45  0.00000000
PG01  12324.327783 -17265.440667  15416.310560    166.986867  6  5  5  77       
PG02  14293.160820 -10004.009229  20460.879199   -496.429978  6  4  2 114       
PG03  23571.735659 -11957.116299  -2022.894652    146.223751  5  3  3  86       
PG04  16224.211555  -5279.109168 -20376.555892    273.681048  6  6  6  76       
PG05 -24339.253108   4761.027005  -9813.306109   -159.084508  6  6  5  84       
PG06  -6822.736287 -21381.151531 -14046.077568    434.096906  4  4  5  87       
PG07   5301.659021 -25420.635102  -3701.185329    -44.623070  5  3  4  68       
PG08  21802.335290   1713.107697  15269.612359   -163.541468  6  4  7  99       
PG09   4346.055939 -15253.001171 -21381.966883     68.498208  7  7  3  70       
PG10   3843.391457  14461.358991  22126.705727    -70.502900  6  3  2  98       
PG11 -12588.329232 -11305.524539 -20459.271816   -550.722560  6  6  7  91       
PG12 -24308.427469  10454.708340  -2078.810460   -470.873971  6  6  2  71       
PG13 -21768.192207 -12111.644438   9320.718514    618.757384  7  4  5  98       
PG14    494.322305 -16458.161429  20829.159721    306.676956  5  5  3  51       
PG15 -21990.638362    698.113066  14533.937691    120.292526  5  3  7  64       
PG16  22385.397737   3042.785799 -14658.409506   -377.988824  6  4  6  74       
PG17  -7985.066434 -20272.581149  15512.446289    719.123416  4  3  3  40       
PG18  -5115.286895  25796.372915  -2904.924585   -539.206408  5  3  2  74       
PG19 -15767.574381 -20436.356238   6821.145585    430.685507  7  7  5  79       
PG20 -17390.218322  -4880.685755 -19357.597072    390.237358  5  4  4  77       
PG21  15243.480746  -3861.025357  21782.380960    137.418207  5  4  4 106       
PG22  -7150.273041 -13749.704836  21984.012508     43.182082  6  4  3  75       
PG23  -9635.583429  17612.673974  17313.242694    141.322398  5  4  5  42       
PG24 -14796.522710   8388.358846  19895.757453   -419.315634  4  5  4  43       
PG25 -16890.401919  16967.799574 -11535.382215    486.277621  6  4  4  89       
PG26  14993.861457   8976.341206 -20233.381948    197.482554  6  6  3  83       
PG28   6398.659048  23122.825775 -11420.696633   -107.884259  4  6  3  10       
PG29  -6715.051547  13712.546180 -21770.988069   -608.260363  7  5  6  50       
PG30  -1930.172950 -25621.408795   6273.665267   -441.755737  4  5  4  78       
PG31  11120.006265  15732.993479 -18314.287654   -227.468923  5  2  3  74       
PG32  12528.589538  19847.693011  12825.653672   -607.203918  5  5  5  67       
*  2024  1 23 22  0  0.00000000
PG01  12289.546368 -15318.310035  17366.531027    166.987950  6  5  5  82       
PG02  14403.213731  -7708.997010  21400.253013   -496.424786  6  3  3 112       
PG03  23704.488135 -11797.339153    881.611299    146.246401  6  4  3  94       
PG04  17996.986275  -3872.047991 -19181.079585    273.689703  7  7  6  70       
PG05 -23345.172693   4001.466512 -12290.157269   -159.085770  6  6  5  81       
PG06  -6552.775348 -22845.522056 -11672.516958    434.084602  5  4  5  71       
PG07   5576.049126 -24752.955397  -6481.094653    -44.631407  6  4  4  63       
PG08  23081.720104   2732.398560  13140.417415   -163.543416  6  4  7 100       
PG09   6428.839390 -13960.742055 -21743.554001     68.509283  7  7  3  79       
PG10   1614.605264  15502.048426  21659.867955    -70.504352  6  4  2  90       
PG11 -12224.125583 -13554.833418 -19285.504400   -550.734835  6  7  7  88       
PG12 -24443.862258  10235.519127    784.688657   -470.877369  6  6  3  72       
PG13 -22328.282343 -12883.256630   6654.968095    618.760751  7  5  5  99       
PG14   2662.864543 -17331.860825  19919.220096    306.686070  4  5  3  59       
PG15 -23336.257234   -224.947689  12381.154790    120.295848  5  3  7  82       
PG16  20829.031506   3790.044465 -16646.272752   -377.981795  7  4  6  68       
PG17  -6454.278328 -19283.716657  17433.598121    719.122466  4  3  2  64       
PG18  -5297.240015  25280.093624  -5741.406354   -539.214466  5  2  2  72       
PG19 -14921.455134 -19973.513879   9469.771809    430.690119  7  6  5  79       
PG20 -15599.528420  -6323.043436 -20447.398189    390.236596  5  3  4  77       
PG21  15352.239464  -1449.653062  22089.995389    137.416984  4  4  4 103       
PG22  -4886.642561 -14627.814458  22063.763334     43.176236  6  4  2  78       
PG23 -11361.509156  18348.095488  15376.903979    141.329254  5  4  5           
PG24 -14966.065750   5971.223329  20650.086622   -419.321814  3  5  5  87       
PG25 -18027.514035  17251.643444  -9026.049416    486.278774  7  5  4  78       
PG26  13018.335855  10217.351669 -20970.593595    197.479274  6  6  3  84       
PG28   6132.453493  24273.414947  -8895.635236   -107.894847  4  6  3  54       
PG29  -8681.093533  12183.525312 -21993.297953   -608.259653  7  5  5  64       
PG30  -1551.928754 -26148.728117   3530.241035   -441.751438  5  5  4  54       
PG31  10760.627904  17686.042563 -16614.744165   -227.468849  5  2  3  74       
PG32  11132.340513  19137.985610  15018.470811   -607.206203  5  5  5  62       
*  2024  1 23 22 15  0.00000000
PG01  12356.974740 -13164.794326  19006.010528    166.989043  6  5  5  84       
PG02  14643.345221  -5342.608095  21986.053807   -496.419859  6  3  3 111       
PG03  23558.778145 -11482.609873   3770.814615    146.269052  6  4  3  72       
PG04  19711.183673  -2644.293036 -17656.480871    273.698348  7  7  6  83       
PG05 -22167.400539   3048.373700 -14558.435564   -159.086792  6  6  5  81       
PG06  -6371.827458 -24040.500475  -9096.205536    434.072300  4  4  5  57       
PG07   5881.667846 -23784.934123  -9144.607727    -44.639804  6  4  4  67       
PG08  24190.303851   3560.174286  10788.590388   -163.546171  7  4  7  89       
PG09   8592.624124 -12768.940128 -21733.825180     68.520356  7  6  4  87       
PG10   -492.035685  16631.004528  20825.519597    -70.505543  6  4  2  85       
PG11 -11988.480064 -15668.179658 -17779.632128   -550.747117  6  7  7 101       
PG12 -24298.528665   9882.379609   3634.577682   -470.880852  6  6  3  74       
PG13 -22689.004681 -13429.363533   3875.466564    618.764021  7  5  6  95       
PG14   4678.711645 -18255.778640  18665.665035    306.695191  4  5  2  55       
PG15 -24484.049324   -981.202572  10011.806616    120.299348  4  3  7  78       
PG16  19127.261112   4705.100938 -18359.327950   -377.974683  7  4  6  74       
PG17  -4711.111747 -18269.017292  19062.241357    719.121357  4  3  2  56       
PG18  -5497.678269  24457.081179  -8477.942634   -539.222525  6  2  2  89       
PG19 -13816.464162 -19384.856093  11957.380954    430.694853  6  6  5  73       
PG20 -13804.535622  -7918.405972 -21182.342305    390.235234  6  3  4  78       
PG21  15590.213820    956.706503  22033.323729    137.415862  3  4  5 100       
PG22  -2686.085416 -15620.197342  21778.832451     43.170414  6  3  2  79       
PG23 -12844.384417  19055.004312  13174.110036    141.336156  5  4  4  10       
PG24 -15252.306794   3502.456250  21033.979332   -419.327925  4  5  5  93       
PG25 -18899.331276  17443.605829  -6360.954505    486.279913  7  5  4  71       
PG26  11050.077939  11588.492517 -21353.138198    197.475996  6  5  2  72       
PG28   5919.780695  25142.060397  -6217.632342   -107.905407  5  5  3  69       
PG29 -10729.524364  10761.780717 -21838.830249   -608.259003  7  5  6  55       
PG30  -1203.037787 -26379.115296    725.180024   -441.747182  5  5  4  67       
PG31  10506.150330  19450.241701 -14628.812253   -227.468786  5  2  3  81       
PG32   9500.283410  18386.966623  16958.380767   -607.208538  5  5  5  71       
*  2024  1 23 22 30  0.00000000
PG01  12549.904788 -10849.156558  20305.398327    166.990080  6  6  4  86       
PG02  15017.688494  -2951.459071  22209.730214   -496.414495  5  2  4 111       
PG03  23158.263560 -10981.664766   6594.500563    146.291737  6  4  3  81       
PG04  21321.150057  -1600.998845 -15829.212420    273.707002  7  7  6  75       
PG05 -20847.402434   1892.489533 -16579.951439   -159.088173  6  5  5  63       
PG06  -6245.250677 -24941.169603  -6361.947909    434.059918  4  4  5  68       
PG07   6252.219797 -22534.395969 -11643.246900    -44.647900  6  5  4  49       
PG08  25090.967729   4211.009765   8254.479960   -163.548353  7  5  7  88       
PG09  10795.060662 -11700.812780 -21353.120623     68.531449  7  6  4  69       
PG10  -2440.388854  17814.552643  19636.670254    -70.507040  6  4  3  79       
PG11 -11863.842457 -17602.598065 -15967.729132   -550.759421  6  7  7  94       
PG12 -23892.574973   9363.727107   6421.324817   -470.884372  6  6  3  58       
PG13 -22818.625430 -13771.903893   1029.898492    618.767214  7  6  6  96       
PG14   6511.267775 -19195.378074  17089.638950    306.704351  4  5  2  62       
PG15 -25400.623024  -1588.961100   7468.342385    120.302863  4  3  7  73       
PG16  17323.129582   5793.008651 -19769.143480   -377.967518  8  4  5  90       
PG17  -2776.924331 -17268.882197  20372.298444    719.120321  5  3  2  67       
PG18  -5753.285295  23343.118981 -11066.945548   -539.230584  6  2  3  88       
PG19 -12451.982064 -18710.822160  14240.994886    430.699618  6  5  5  72       
PG20 -12047.591350  -9643.858020 -21550.100480    390.234141  6  3  4  80       
PG21  15952.758188   3312.104904  21616.029209    137.414781  2  4  5  94       
PG22   -589.166314 -16704.198146  21134.564625     43.164461  6  3  3  59       
PG23 -14071.126083  19690.961999  10742.751541    141.343066  5  4  4           
PG24 -15655.643005   1031.310776  21041.587278   -419.334115  3  5  6  95       
PG25 -19507.647871  17505.048909  -3585.593547    486.281078  7  5  4  81       
PG26   9129.144438  13068.328112 -21373.579124    197.472700  7  5  2  80       
PG28   5725.245019  25712.721612  -3432.702773   -107.916084  5  5  3  53       
PG29 -12818.321655   9473.793667 -21310.520102   -608.258491  7  4  6  66       
PG30   -848.676210 -26307.173644  -2092.555045   -441.742935  5  6  4  74       
PG31  10331.894679  20989.163170 -12389.674733   -227.469152  5  2  3  71       
PG32   7650.140816  17634.025393  18612.829306   -607.210884  5  5  5  76       
*  2024  1 23 22 45  0.00000000
PG01  12883.935707  -8420.562595  21241.678118    166.991213  6  6  4  90       
PG02  15522.458342   -582.210696  22068.467272   -496.409453  5  2  4 112       
PG03  22533.731617 -10269.311585   9303.449924    146.314443  6  4  4  90       
PG04  22782.471059   -738.988426 -13730.840050    273.715672  7  7  6  64       
PG05 -19428.986124    532.675887 -18320.717497   -159.089163  7  5  5  85       
PG06  -6135.003847 -25531.320456  -3517.275924    434.047548  4  5  5  46       
PG07   6717.654270 -21027.723117 -13931.302011    -44.656589  7  6  4  70       
PG08  25751.538042   4706.312132   5581.241730   -163.550356  8  5  7  94       
PG09  12990.747874 -10772.181474 -20608.056963     68.542544  7  6  5  55       
PG10  -4200.864909  19013.811492  18112.406255    -70.508335  6  4  3  75       
PG11 -11825.911672 -19320.220673 -13881.110784   -550.771720  6  6  7 100       
PG12 -23253.447819   8653.367193   9096.180831   -470.887552  6  6  3  52       
PG13 -22691.617677 -13939.179112  -1833.197090    618.770441  7  6  6  97       
PG14   8137.015421 -20112.334209  15217.948078    306.713526  4  5  1  74       
PG15 -26058.686668  -2072.608890   4795.756353    120.306404  4  4  7  71       
PG16  15460.907365   7050.885664 -20852.048236   -377.960632  8  4  5  70       
PG17   -680.247178 -16319.968908  21343.034571    719.119562  5  3  3  56       
PG18  -6097.410513  21962.480021 -13463.462689   -539.238634  6  3  3  88       
PG19 -10836.167208 -17992.465899  16280.800916    430.704148  6  5  5  66       
PG20 -10367.036934 -11469.569336 -21544.775053    390.232632  6  3  4  87       
PG21  16427.665498   5572.858335  20847.296243    137.413981  2  4  5  99       
PG22   1368.338864 -17850.890183  20141.960734     43.158836  6  3  3  64       
PG23 -15037.565918  20213.343252   8124.809408    141.349951  5  5  4  49       
PG24 -16168.668146  -1393.619747  20674.062622   -419.340295  3  5  6  86       
PG25 -19862.530782  17399.829719   -747.813696    486.282221  7  5  4  76       
PG26   7291.875820  14628.834471 -21030.504175    197.469415  7  4     75       
PG28   5511.674832  25977.966233   -588.724465   -107.926744  6  5  3  57       
PG29 -14901.991417   8338.524799 -20417.657590   -608.257708  8  4  6  75       
PG30   -453.980276 -25936.209104  -4873.622370   -441.738635  6  6  4  60       
PG31  10207.807925  22272.700725  -9935.216824   -227.469215  5  2  3  50       
PG32   5607.285600  16915.621479  19953.975272   -607.213287  5  5  5  70       
*  2024  1 23 23  0  0.00000000
PG01  13366.245452  -5931.260206  21798.610156    166.992331  6  6  4 101       
PG02  16146.085024   1719.945620  21565.170888   -496.404402  5  3  4 113       
PG03  21721.843635  -9327.629648  11850.330334    146.337148  6  4  4  82       
PG04  24053.599458    -47.076133 -11397.492291    273.724370  8  8  7  86       
PG05 -17956.669933  -1023.864905 -19751.479633   -159.091063  7  4  5  79       
PG06  -6001.323484 -25803.996489   -611.597339    434.035178  4  5  5  36       
PG07   7302.700519 -19298.920923 -15966.814502    -44.664813  7  7  4  62       
PG08  26145.963684   5073.289608   2814.127602   -163.551988  7  5  6  87       
PG09  15132.800815  -9990.980565 -19511.409286     68.553627  6  6  6  56       
PG10  -5751.410445  20186.115548  16277.656008    -70.510451  6  4  4  60       
PG11 -11844.706389 -20789.576493 -11555.786154   -550.784007  7  6  8  92       
PG12 -22414.805618   7731.739923  11612.071753   -470.890879  6  7  3  44       
PG13 -22289.688503 -13964.570820  -4665.232101    618.773761  7  6  6  92       
PG14   9540.245331 -20966.023453  13082.622063    306.722597  3  6  1  70       
PG15 -26438.004962  -2461.382431   2040.735919    120.310139  5  5  7  79       
PG16  13584.571483   8467.843329 -21589.498547   -377.953328  8  4  5  95       
PG17   1544.128660 -15453.873537  21959.296092    719.118475  5  3  3  70       
PG18  -6558.576980  20347.048959 -15625.978374   -539.246741  6  4  3 103       
PG19  -8985.892561 -17269.814978  18040.868830    430.709188  6  5  5  78       
PG20  -8795.850406 -13359.813507 -21166.970759    390.231272  7  3  5  81       
PG21  16995.702126   7698.895886  19741.556340    137.411949  3  4  6  96       
PG22   3156.557558 -19026.093920  18817.495843     43.153075  6  3  4  66       
PG23 -15748.444016  20581.082072   5365.623046    141.356799  6  5  4  66       
PG24 -16776.489015  -3726.148438  19939.442134   -419.346470  3  5  6  91       
PG25 -19981.847509  17095.889853   2103.011772    486.283322  6  5  4  83       
PG26   5569.650301  16236.302671 -20328.620094    197.466134  7  4     60       
PG28   5241.749878  25939.198969   2265.382646   -107.937409  6  5  3  82       
PG29 -16933.166318   7366.829453 -19175.714959   -608.257318  8  3  6  79       
PG30     14.359490 -25278.120591  -7569.210298   -441.734376  7  6  4  71       
PG31  10099.757509  23278.170047  -7307.422995   -227.469376  6  2  4  72       
PG32   3403.979593  16263.884875  20959.126980   -607.215663  6  6  5  73       
*  2024  1 23 23 15  0.00000000
PG01  13995.231070  -3434.641075  21967.017868    166.993459  6  6  4  94       
PG02  16869.628722   3912.738609  20708.389501   -496.399440  5  3  4 106       
PG03  20763.653243  -8146.890751  14190.561276    146.359873  5  4  5  79       
PG04  25097.381460    493.300411  -8869.238210    273.732979  8  8  7  61       
PG05 -16474.042326  -2761.683917 -20848.173176   -159.091956  7  4  5  78       
PG06  -5804.469936 -25761.684877   2304.686258    434.022790  5  5  5  36       
PG07   8025.622454 -17388.356523 -17712.488975    -44.673339  7  7  3  76       
PG08  26255.272562   5343.715556     -0.241784   -163.551767  7  5  6  68       
PG09  17174.481044  -9357.076059 -18081.894949     68.564712  6  5  6  86       
PG10  -7078.212415  21286.612239  14162.851352    -70.511423  5  4  3  62       
PG11 -11885.863334 -21986.651142  -9031.831826   -550.796285  7  6  8  88       
PG12 -21415.185400   6586.937848  13924.480725   -470.894530  6  7  3  64       
PG13 -21602.537395 -13885.085715  -7418.359140    618.777100  7  6  6  87       
PG14  10713.484745 -21715.123855  10720.376230    306.731743  4  6  2  53       
PG15 -26526.077252  -2787.980312   -749.181820    120.313528  5  6  7  75       
PG16  11736.297761  10025.204097 -21968.388449   -377.946177  9  4  5  92       
PG17   3856.280940 -14696.017681  22211.670964    719.117228  6  3  4  66       
PG18  -7159.189174  18535.157164 -17517.146730   -539.254793  6  5  4  94       
PG19  -6926.351593 -16580.262307  19489.822672    430.714315  6  6  4  71       
PG20  -7360.519131 -15274.221394 -20423.748660    390.230038  7  3  5  48       
PG21  17631.379522   9654.961093  18318.175306    137.410968  4  4  6  93       
PG22   4752.423498 -20191.588449  17182.876068     43.147150  6  3  5  58       
PG23 -16217.055410  20756.374587   2513.090140    141.363691  6  6  4  50       
PG24 -17457.363177  -5924.117523  18852.383323   -419.352632  3  5  5  85       
PG25 -19890.484075  16566.715559   4916.866842    486.284488  6  5  4  73       
PG26   3987.820898  17852.477055 -19278.752105    197.462844  7  3  1  84       
PG28   4879.639655  25606.561816   5080.497573   -107.948056  6  5  3  69       
PG29 -18864.281105   6561.192214 -17606.073891   -608.256727  9  3  6  67       
PG30    586.560038 -24352.957034 -10131.944794   -441.730062  7  7  4  56       
PG31   9971.014949  23991.139624  -4551.675978   -227.469799  6  2  4  77       
PG32   1078.360604  15705.387254  21611.105839   -607.218053  6  5  5  60       
*  2024  1 23 23 30  0.00000000
PG01  14760.531469   -983.271374  21744.913888    166.994433  6  6  4  91       
PG02  17667.458775   5958.159937  19512.175661   -496.394385  6  3  5 113       
PG03  19702.956876  -6726.160739  16283.134199    146.382575  5  5  5  84       
PG04  25882.424362    907.165368  -6189.404141    273.741647  9  8  7  83       
PG05 -15022.171730  -4657.488963 -21592.299345   -159.093259  7  3  6  75       
PG06  -5506.472282 -25416.148774   5181.074771    434.010517  5  5  5  72       
PG07   8897.254481 -15341.224552 -19136.501524    -44.681737  7  8  3  68       
PG08  26068.275092   5552.534451  -2814.612638   -163.554197  7  6  6  75       
PG09  19070.829194  -8862.400280 -16343.862557     68.575824  6  5  6  85       
PG10  -8176.092498  22269.976601  11803.484366    -70.512268  5  5  3  54       
PG11 -11912.111996 -22895.666676  -6352.698223   -550.808627  7  5  8  65       
PG12 -20296.473899   5215.428869  15992.298937   -470.897593  6  7  3  76       
PG13 -20628.321464 -13739.783832 -10046.235089    618.780362  8  6  6 104       
PG14  11657.605453 -22319.263516   8171.982707    306.740849  4  6  3  32       
PG15 -26318.520840  -3087.070658  -3526.428955    120.317071  6  6  7  82       
PG16   9955.016304  11697.004741 -21981.298950   -377.939057  9  4  6  88       
PG17   6212.459572 -14064.775916  22096.574428    719.116116  6  3  4  63       
PG18  -7914.492465  16570.178251 -19104.442722   -539.262838  7  5  4  84       
PG19  -4690.340880 -15957.052580  20601.452524    430.718881  6  6  4  62       
PG20  -6080.180116 -17169.219026 -19328.466224    390.228199  7  3  6  76       
PG21  18303.931425  11411.635714  16601.109115    137.409894  4  4  6  97       
PG22   6140.339705 -21306.476206  15264.735804     43.141388  6  3  6  59       
PG23 -16464.562945  20706.269404   -383.186910    141.370645  7  6  4  71       
PG24 -18183.623511  -7950.830767  17433.766985   -419.358832  2  5  5  91       
PG25 -19619.278595  15792.603862   7644.017554    486.285624  6  6  5  80       
PG26   2564.877926  19435.890357 -17897.743206    197.459556  7  3  2  71       
PG28   4392.588599  24998.509140   7808.144534   -107.958718  7  6  4  66       
PG29 -20649.262494   5915.789069 -15735.657783   -608.256246  9  2  7  69       
PG30   1288.328641 -23188.157448 -12516.774558   -441.725754  7  7  4  64       
PG31   9783.871115  24405.952452  -1715.967877   -227.469776  6  2  5  79       
PG32  -1326.787415  15260.128329  21898.532844   -607.220484  6  6  4  36       
*  2024  1 23 23 45  0.00000000
PG01  15643.427810   1373.023347  21137.466177    166.995559  5  6  4  95       
PG02  18508.174843   7823.657215  17995.889156   -496.389340  6  3  5 109       
PG03  18584.542918  -5073.554561  18091.369887    146.405291  6  5  5  84       
PG04  26384.254756   1224.843136  -3403.840577    273.750326  9  8  8 102       
PG05 -13638.123788  -6680.842705 -21971.218074   -159.094592  8  3  6  90       
PG06  -5072.801868 -24787.909016   7967.860708    433.998120  5  4  5  45       
PG07   9920.366491 -13205.809269 -20213.177679    -44.690301  7  8  2  71       
PG08  25581.992746   5736.361203  -5581.833134   -163.556115  8  6  6  73       
PG09  20780.239418  -8491.396845 -14326.890619     68.586945  5  5  7  98       
PG10  -9048.570501  23092.179325   9239.561419    -70.513247  6  5  4  34       
PG11 -11884.868001 -23509.552848  -3564.460629   -550.820940  7  5  9  35       
PG12 -19102.243452   3622.448475  17778.625018   -470.901149  6  7  3  80       
PG13 -19373.813706 -13568.149256 -12504.749406    618.783545  8  6  6  96       
PG14  12381.605992 -22740.651529   5481.560866    306.749979  5  6  4  71       
PG15 -25819.154617  -3393.755233  -6244.188147    120.320275  7  6  7  90       
PG16   8275.079487  13450.772633 -21626.681048   -377.931991  9  4  6  79       
PG17   8566.519590 -13570.869656  21616.262892    719.115553  6  3  5  69       
PG18  -8831.825293  14498.941009 -20360.719488   -539.270937  7  6  5 102       
PG19  -2317.239894 -15427.925380  21355.251318    430.723750  6  6  4  81       
PG20  -4966.058653 -18999.592999 -17900.508919    390.227381  6  4  6  55       
PG21  18978.462084  12946.160485  14618.533493    137.408600  5  4  6 101       
PG22   7312.579884 -22328.656821  13094.276220     43.135713  6  3  6  38       
PG23 -16519.003414  20404.080390  -3272.791092    141.377549  8  6  4  82       
PG24 -18922.843214  -9776.240714  15710.184031   -419.364995  2  5  5  96       
PG25 -19203.709305  14761.676376  10235.958153    486.286730  6  6  5  82       
PG26   1311.872222  20943.349269 -16208.249184    197.456256  7  4  3  46       
PG28   3752.385768  24141.073731  10401.329784   -107.969359  7  5  4  55       
PG29 -22245.170481   5416.873408 -13596.475227   -608.255530  9  2  7  83       
PG30   2139.627274 -21817.504273 -14681.813442   -441.721471  8  7  4  95       
PG31   9501.318010  24525.910877   1149.963064   -227.470050  6  3  5  71       
PG32  -3765.438861  14940.774333  21816.033747   -607.222877  7  5  4  59       
EOF
