#cP2024  1 17  0  0  0.00000000      96 ORBIT IGS20 HLM  IGS
## 2297 259200.00000000   900.00000000 60326 0.0000000000000
+   31   G01G02G03G04G05G06G07G08G09G10G11G12G13G14G15G16G17
+        G18G19G20G21G22G23G24G25G26G28G29G30G31G32  0  0  0
+          0  0  0  0  0  0  0  0  0  0  0  0  0  0  0  0  0
+          0  0  0  0  0  0  0  0  0  0  0  0  0  0  0  0  0
+          0  0  0  0  0  0  0  0  0  0  0  0  0  0  0  0  0
++         2  2  2  2  2  1  2  2  2  2  2  2  2  2  2  2  2
++         2  2  1  2  2  2  2  2  1  2  2  2  2  2  0  0  0
++         0  0  0  0  0  0  0  0  0  0  0  0  0  0  0  0  0
++         0  0  0  0  0  0  0  0  0  0  0  0  0  0  0  0  0
++         0  0  0  0  0  0  0  0  0  0  0  0  0  0  0  0  0
%c G  cc GPS ccc cccc cccc cccc cccc ccccc ccccc ccccc ccccc
%c cc cc ccc ccc cccc cccc cccc cccc ccccc ccccc ccccc ccccc
%f  1.2500000  1.025000000  0.00000000000  0.000000000000000
%f  0.0000000  0.000000000  0.00000000000  0.000000000000000
%i    0    0    0    0      0      0      0      0         0
%i    0    0    0    0      0      0      0      0         0
/* FINAL ORBIT COMBINATION FROM WEIGHTED AVERAGE OF:        
/* cod emr esa gfz grg jgx jpl mit ngs sio                  
/* REFERENCED TO GPS CLOCK AND TO WEIGHTED MEAN POLE:       
/* PCV:IGS20      OL/AL:FES2014b NONE     Y  ORB:CMB CLK:CMB
*  2024  1 17  0  0  0.00000000
PG01  14957.511661   -295.005713  21639.800643    166.312377  6  7  9 115       
PG02  17777.086876   6405.294053  19265.773725   -499.814037  6  8  5  96       
PG03  19569.253550  -6445.513236  16555.593211    130.998494  4  6  8  66       
PG04  25921.799154    867.917738  -6030.415389    267.905203  9  7  8  84       
PG05 -14809.560358  -4980.823794 -21666.587197   -158.230850  8  7  5  84       
PG06  -5567.939963 -25377.134665   5310.213569    442.174251  5  6  6  73       
PG07   8980.422389 -15154.580876 -19248.862666    -39.067807  9  6  7 101       
PG08  26062.302486   5500.199728  -2963.639374   -162.435019  7  6  8  65       
PG09  19291.730277  -8787.165869 -16124.014637     61.165275 11  8  6  99       
PG10  -8282.789623  22356.408218  11553.147703    -69.616458  8  4  8  91       
PG11 -11921.377505 -22954.198830  -6122.604931   -542.482254  6  8  6  55       
PG12 -20171.418201   5025.622944  16207.356574   -468.595782  6  6  6 105       
PG13 -20539.028453 -13715.680943 -10260.602103    616.556420  6  7 10  81       
PG14  11742.623664 -22364.304425   7922.998927    300.593908  7  4  8  72       
PG15 -26304.338383  -3048.741048  -3682.374225    117.971673  7  7  8 100       
PG16   9748.415137  11895.305792 -21961.369817   -382.668563  7  8  6  66       
PG17   6409.897474 -14019.542421  22070.546105    719.702054 10  6  5  60       
PG18  -7963.857139  16421.623212 -19213.249052   -533.798808  7  5  7  84       
PG19  -4461.821588 -15902.737603  20689.480569    427.544743  9  1  6  83       
PG20  -5945.959812 -17366.043411 -19197.552593    391.174577  8  7  3  91       
PG21  18362.120593  11622.443012  16391.808281    138.168112  6 10  4 114       
PG22   6305.107320 -21415.902444  15040.354429     47.034634  6  5  6  92       
PG23 -16496.623565  20672.210042   -691.285353    136.793956  7  3  8  81       
PG24 -18252.731037  -8181.235840  17262.871248   -415.145798  4  6  5  59       
PG25 -19573.139778  15753.295706   7835.987825    485.505066  6  4  6  99       
PG26   2546.927591  19504.181111 -17822.375636    199.648404  6  4  4  71       
PG28   4434.080138  24949.048745   7940.818685   -100.931660  7  4  6  59       
PG29 -20793.933407   5872.644194 -15559.684498   -608.587047  9  6  7  92       
PG30   1376.953513 -23062.404710 -12739.416664   -444.561530  7  3  8 101       
PG31   9770.040617  24424.951871  -1467.341622   -227.348083  7  6  6  64       
PG32  -1477.241131  15238.356835  21901.557032   -605.583892  6  6  4  37       
*  2024  1 17  0 15  0.00000000
PG01  15842.840609   2040.789580  20945.072882    166.313356  6  7  9 115       
PG02  18611.012906   8240.821767  17694.836407   -499.808884  5  8  5  85       
PG03  18441.180958  -4764.955865  18320.904634    131.021783  4  6  8  63       
PG04  26407.256587   1180.329016  -3240.513846    267.913931 10  7  8  83       
PG05 -13431.396610  -7014.818459 -21993.765036   -158.231831  8  7  4  92       
PG06  -5125.518913 -24737.980603   8091.758454    442.162212  5  5  6  43       
PG07  10016.967401 -13013.929872 -20293.603160    -39.076435  8  6  6  98       
PG08  25560.336653   5684.950325  -5727.137586   -162.437312  8  6  9  83       
PG09  20976.424144  -8426.260280 -14077.379881     61.176370 10  8  7 112       
PG10  -9133.833229  23159.598280   8971.067034    -69.617873  8  4  8  85       
PG11 -11888.177849 -23543.231804  -3327.351699   -542.494785  6  7  6  96       
PG12 -18969.274261   3410.309230  17960.469674   -468.599099  6  6  6 105       
PG13 -19261.191292 -13544.742706 -12702.649122    616.559796  7  7  9  88       
PG14  12446.272003 -22766.694994   5221.289360    300.603099  7  4  8  52       
PG15 -25789.349553  -3358.447458  -6395.032195    117.975168  7  7  8 106       
PG16   8079.218849  13654.234486 -21566.427311   -382.661568  7  8  6  10       
PG17   8761.623898 -13538.488245  21559.202762    719.701208 10  6  5  55       
PG18  -8895.567209  14345.116391 -20443.228712   -533.807015  7  5  7  89       
PG19  -2077.914363 -15383.144132  21408.128952    427.549449  9  2  5  55       
PG20  -4847.814863 -19186.201633 -17737.074489    391.173210  8  7  4  95       
PG21  19032.027473  13131.884594  14381.139689    138.166927  6  9  5 116       
PG22   7454.463310 -22424.242156  12844.109849     47.028784  6  5  6  93       
PG23 -16532.433445  20341.921999  -3577.101109    136.800714  6  4  8  80       
PG24 -18989.062754  -9984.301153  15508.167972   -415.152278  4  5  6  75       
PG25 -19149.713690  14703.465281  10416.676267    485.506263  5  4  6  85       
PG26   1306.429300  21010.371007 -16118.070000    199.645232  6  4  4  75       
PG28   3783.302443  24081.665927  10526.232495   -100.941996  7  4  6  64       
PG29 -22371.753036   5386.003891 -13398.787324   -608.586443  9  6  7  93       
PG30   2242.684041 -21673.231900 -14881.000229   -444.557317  7  3  8  92       
PG31   9477.660705  24519.754029   1399.023769   -227.348305  7  6  6  92       
PG32  -3916.847107  14931.571968  21792.854079   -605.586420  6  5  3   5       
*  2024  1 17  0 30  0.00000000
PG01  16813.774901   4227.363864  19880.896503    166.314392  5  7  9 114       
PG02  19446.198066   9866.465298  15833.046782   -499.803878  5  7  6  86       
PG03  17304.753901  -2872.736159  19766.206209    131.045054  4  6  7  82       
PG04  26592.066960   1433.591971   -395.279859    267.922642 10  7  8  99       
PG05 -12156.446380  -9134.507067 -21948.752363   -158.233582  8  6  4  84       
PG06  -4515.897724 -23846.539920  10733.531705    442.150206  4  5  6  43       
PG07  11198.542949 -10838.952950 -20970.673904    -39.084845  8  6  5  79       
PG08  24764.977413   5884.102062  -8394.720722   -162.439135  8  6  9  73       
PG09  22433.721598  -8164.063551 -11790.389538     61.187434  9  8  7  84       
PG10  -9772.968894  23756.858251   6232.902854    -69.619511  7  3  8  67       
PG11 -11759.979385 -23839.512043   -474.976133   -542.507460  6  7  6  76       
PG12 -17739.671706   1589.648628  19396.882773   -468.602462  6  6  5 104       
PG13 -17720.019833 -13389.006502 -14930.808429    616.562998  7  7  9  79       
PG14  12948.225909 -22949.782522   2428.766993    300.612286  7  3  8  57       
PG15 -24995.406981  -3712.207673  -9000.362859    117.978532  7  7  8 100       
PG16   6542.736195  15452.901283 -20809.179586   -382.654123  7  7  6  66       
PG17  11060.145787 -13197.357874  20691.655972    719.700543 10  7  5  56       
PG18  -9987.934140  12214.831562 -21319.491031   -533.815316  7  6  7  88       
PG19    393.914960 -14980.344007  21753.531479    427.554444  9  3  4  30       
PG20  -3918.874623 -20892.113581 -15971.861930    391.171282  8  6  4  99       
PG21  19662.154646  14402.374812  12140.750960    138.166206  6  8  5 113       
PG22   8388.733072 -23293.858190  10434.987071     47.022979  6  4  6  95       
PG23 -16412.429048  19738.909776  -6400.619791    136.807392  6  4  8  75       
PG24 -19698.802069 -11561.580421  13483.884195   -415.158612  3  5  6  59       
PG25 -18623.709924  13393.407735  12812.597549    485.507419  5  4  7  83       
PG26    238.921128  22394.682713 -14134.925047    199.642043  6  4  4  83       
PG28   2955.441696  22999.747885  12930.326993   -100.952450  7  5  6  71       
PG29 -23719.110984   5022.683337 -11009.041808   -608.585938  9  6  6  84       
PG30   3271.973311 -20120.965328 -16761.392763   -444.553164  7  3  8  81       
PG31   9052.307868  24333.261333   4240.640210   -227.348453  7  5  5  75       
PG32  -6338.639987  14755.487942  21315.272241   -605.588950  6  5  3  57       
*  2024  1 17  0 45  0.00000000
PG01  17836.484122   6226.795249  18467.507262    166.315409  4  6  9 111       
PG02  20242.932120  11264.495813  13710.359782   -499.798433  5  7  6  83       
PG03  16201.028171   -795.402139  20866.246515    131.068324  3  6  6  74       
PG04  26468.613388   1664.491287   2456.703683    267.931423 10  7  8  87       
PG05 -11009.165607 -11297.797882 -21532.023136   -158.234168  8  6  3  72       
PG06  -3716.263859 -22738.361985  13190.118421    442.138169  3  5  6  59       
PG07  12510.621062  -8678.337426 -21268.751601    -39.093196  8  6  4  70       
PG08  23690.309533   6132.801815 -10921.698297   -162.441918  8  6  9  78       
PG09  23633.667980  -7971.992537  -9301.979948     61.198522  9  8  7  78       
PG10 -10220.667906  24112.479873   3385.945212    -69.619941  7  3  8  75       
PG11 -11500.754873 -23854.213506   2385.553084   -542.520006  6  6  5  72       
PG12 -16524.102533   -412.968847  20490.855777   -468.605816  6  5  5  86       
PG13 -15939.430117 -13283.658510 -16907.768896    616.566336  7  6  9  68       
PG14  13272.420528 -22886.010952   -406.019645    300.621498  6  3  8  88       
PG15 -23942.294344  -4141.260790 -11455.343444    117.982091  7  6  8  93       
PG16   5160.120138  17248.749463 -19700.734962   -382.647341  7  7  6  83       
PG17  13259.237724 -12990.194875  19482.082551    719.699636 10  6  6  63       
PG18 -11230.856855  10079.255597 -21827.385707   -533.823584  7  6  7  85       
PG19   2904.937605 -14707.159513  21718.466517    427.559083  9  3  4  34       
PG20  -3153.357593 -22440.447732 -13932.649434    391.169669  7  5  5  86       
PG21  20213.215936  15426.830536   9706.407885    138.164985  6  7  5 116       
PG22   9116.821715 -23985.138563   7852.371817     47.017110  6  4  6  98       
PG23 -16174.730003  18853.159593  -9112.683401    136.814161  6  4  8  59       
PG24 -20344.075361 -12899.562986  11226.561225   -415.164893  3  4  6  78       
PG25 -18035.282460  11829.385469  14980.768768    485.508599  4  4  7  52       
PG26   -660.477431  23615.369485 -11906.429615    199.638825  6  4  4  63       
PG28   1935.511362  21741.470261  15111.640225   -100.962812  7  5  6           
PG29 -24804.351581   4754.953881  -8431.254382   -608.585497  9  6  6  84       
PG30   4469.836698 -18448.274870 -18347.792244   -444.548956  7  2  7  80       
PG31   8463.754418  23886.543932   7007.127348   -227.348645  8  5  5  64       
PG32  -8694.839185  14706.332156  20476.151415   -605.591487  6  5  4  32       
*  2024  1 17  1  0  0.00000000
PG01  18872.215266   8008.763117  16731.197906    166.316411  3  6  9 114       
PG02  20959.848555  12425.029512  11361.030201   -499.793294  5  7  5  87       
PG03  15166.715799   1432.940929  21601.897364    131.091590  4  6  5  58       
PG04  26038.043357   1910.520888   5266.755379    267.940142  9  7  8  77       
PG05 -10006.619087 -13459.209210 -20750.252121   -158.235688  8  6  4  56       
PG06  -2711.264599 -21454.292435  15419.413257    442.126169  3  4  5  57       
PG07  13930.955640  -6578.095060 -21183.733194    -39.101841  8  6  4  80       
PG08  22358.144098   6463.172229 -13265.645030   -162.442260  7  6  9  71       
PG09  24553.573162  -7817.094095  -6654.554820     61.209557  8  8  7  81       
PG10 -10504.180235  24197.122081    479.717000    -69.621049  6  4  8  97       
PG11 -11078.155723 -23606.615453   5205.158330   -542.532577  7  6  5  75       
PG12 -15360.470201  -2566.423277  21222.799671   -468.609237  6  5  4  93       
PG13 -13950.532152 -13259.547302 -18600.396928    616.569632  7  6  8  50       
PG14  13448.335711 -22554.653094  -3233.735274    300.630576  6  4  8  52       
PG15 -22656.503630  -4672.894989 -13719.768362    117.985636  7  6  7  81       
PG16   3945.012450  18996.583573 -18258.151140   -382.640246  7  6  6  67       
PG17  15314.998960 -12903.337424  17950.112311    719.698866 10  6  6  42       
PG18 -12606.095567   7984.989408 -21958.682756   -533.831765  7  6  6  87       
PG19   5404.494701 -14568.273083  21302.447969    427.564122  9  4  4  69       
PG20  -2537.856404 -23791.223230 -11654.761077    391.167939  6  5  5  71       
PG21  20646.036575  16205.901587   7116.800677    138.164229  6  6  6 109       
PG22   9654.977421 -24462.008760   5138.721811     47.011395  6  4  6  97       
PG23 -15859.788830  17683.600899 -11666.120125    136.820936  6  4  8  66       
PG24 -20886.766045 -13993.140761   8776.339475   -415.171243  3  4  6  93       
PG25 -17424.243033  10026.572830  16882.229442    485.509876  4  4  7  71       
PG26  -1404.011897  24633.852384  -9470.603279    199.635610  6  4  4  59       
PG28    716.284938  20348.768972  17032.535867   -100.973140  7  5  6  13       
PG29 -25603.086886   4550.170429  -5709.430389   -608.585073  9  6  5  81       
PG30   5833.379840 -16699.634748 -19612.700765   -444.544740  7  3  7  64       
PG31   7687.330319  23208.014060   9649.293137   -227.349138  8  5  5  42       
PG32 -10939.301567  14772.492234  19288.919662   -605.594015  6  5  4  44       
*  2024  1 17  1 15  0.00000000
PG01  19878.862725   9551.467740  14703.728168    166.317372  2  6  9 112       
PG02  21555.473196  13346.260344   8823.170225   -499.788318  6  7  5  97       
PG03  14232.767228   3771.774146  21960.496087    131.114819  4  6  4  81       
PG04  25310.238641   2208.252654   7986.906763    267.948859  9  7  7  75       
PG05  -9157.932670 -15571.425440 -19616.233214   -158.236850  8  6  4  59       
PG06  -1493.782546 -20038.888593  17383.332709    442.114146  3  4  5  67       
PG07  15430.414977  -4579.867649 -20718.726255    -39.109939  8  5  3  51       
PG08  20797.292541   6902.936217 -15387.060352   -162.444684  7  6  8  79       
PG09  25178.789957  -7663.474323  -3893.283725     61.220580  7  7  7  68       
PG10 -10656.299232  23989.078015  -2434.913636    -69.622154  6  4  8  94       
PG11 -10464.936679 -23123.270796   7935.488384   -542.545166  7  5  5  62       
PG12 -14281.608102  -4832.890883  21579.667471   -468.612735  7  5  4  88       
PG13 -11790.613437 -13341.919649 -19980.247221    616.573107  7  6  8  28       
PG14  13509.658890 -21942.729908  -6005.146144    300.639762  6  4  8  69       
PG15 -21170.263414  -5329.294190 -15756.804772    117.988994  7  6  7  88       
PG16   2903.119119  20650.153771 -16504.277328   -382.633092  7  6  6  80       
PG17  17187.304616 -12915.990121  16120.567189    719.697666 10  6  6  81       
PG18 -14087.873351   5975.103818 -21711.678385   -533.839962  7  6  6  88       
PG19   7841.788439 -14560.019592  20511.811540    427.568992  9  5  4  31       
PG20  -2052.058341 -24909.252347  -9177.487611    391.165784  6  4  5  87       
PG21  20922.998300  16747.814260   4413.077293    138.163087  6  5  6 106       
PG22  10026.057490 -24693.334134   2338.967904     47.005386  6  3  5  90       
PG23 -15508.665527  16238.296658 -14016.591443    136.827768  7  4  7  86       
PG24 -21290.045525 -14845.509505   6176.185330   -415.177628  3  4  6  84       
PG25 -16828.372988   8008.674891  18482.829795    485.511062  4  4  7  73       
PG26  -2010.652401  25416.216678  -6869.367961    199.632414  6  4  4  68       
PG28   -701.219900  18865.746286  18659.857135   -100.983462  7  5  6  38       
PG29 -26099.058669   4372.202703  -2890.040705   -608.584894  9  5  5  81       
PG30   7351.737334 -14919.650270 -20534.410265   -444.540508  7  3  7  54       
PG31   6705.145591  22332.254408  12120.093575   -227.349238  7  5  5  68       
PG32 -13029.094042  14934.977904  17772.930353   -605.596512  5  5  5  81       
*  2024  1 17  1 30  0.00000000
PG01  20812.660573  10842.197423  12421.649118    166.318316  1  7  9 111       
PG02  21989.807137  14034.411130   6138.244980   -499.783095  6  7  5  79       
PG03  13423.198607   6175.565260  21936.062975    131.138035  4  6  3  76       
PG04  24303.466515   2591.741723  10570.701981    267.957575  8  7  7  80       
PG05  -8464.050729 -17586.935711 -18148.703653   -158.237791  7  6  5  80       
PG06    -65.388092 -18538.711169  19048.450364    442.102186  3  4  4  44       
PG07  16974.107986  -2719.448236 -19883.871086    -39.118535  8  5  3  76       
PG08  19042.595037   7474.203672 -17249.991834   -162.447232  7  6  8  83       
PG09  25503.199222  -7473.849899  -1065.350760     61.231617  6  7  7  87       
PG10 -10713.894487  23475.258838  -5306.667733    -69.623309  6  4  8  87       
PG11  -9640.188384 -22436.907991  10529.739661   -542.557761  7  5  4  71       
PG12 -13314.016899  -7169.149981  21555.210441   -468.616204  7  5  4  97       
PG13  -9501.904087 -13549.373254 -21024.006184    616.576789  7  6  7  33       
PG14  13492.786709 -21045.634528  -8672.007973    300.648995  6  4  7  82       
PG15 -19520.387423  -6126.586789 -17533.485876    117.992481  7  6  7  64       
PG16   2032.085149  22163.818713 -14467.496530   -382.626598  7  5  6  52       
PG17  18841.136188 -13001.061896  14023.134186    719.696450 10  6  6  67       
PG18 -15643.777465   4087.648448 -21091.185948   -533.848153  7  5  6  81       
PG19  10167.697587 -14670.528622  19359.665755    427.573655  9  5  5  63       
PG20  -1669.730842 -25765.405657  -6543.404653    391.164666  5  3  5  67       
PG21  21009.452173  17067.969416   1638.348504    138.162039  6  4  6 102       
PG22  10258.546281 -24654.174276   -500.139887     46.999977  6  3  5 103       
PG23 -15161.291074  14534.279722 -16123.382833    136.834539  7  4  7  85       
PG24 -21519.837759 -15467.760636   3471.104210   -415.183990  2  4  7  97       
PG25 -16281.825910   5807.192682  19753.920440    485.512261  3  5  7  71       
PG26  -2505.175462  25934.551854  -4147.828844    199.629346  6  4  4  46       
PG28  -2307.578708  17337.005146  19965.503511   -100.993749  7  5  6  43       
PG29 -26284.703941   4183.004806    -21.246544   -608.584381  8  5  4  87       
PG30   9006.338149 -13151.398515 -21097.370366   -444.536313  7  3  6  72       
PG31   5507.039641  21298.598994  14375.555077   -227.349143  7  5  4  50       
PG32 -14925.961902  15168.177692  15953.202517   -605.598987  5  5  5  75       
*  2024  1 17  1 45  0.00000000
PG01  21629.925828  11877.530663   9925.562242    166.319259     7  9 109       
PG02  22225.891135  14503.399150   3350.505386   -499.778079  6  7  5  76       
PG03  12754.211024   8595.368863  21529.390274    131.161233  5  6  2  84       
PG04  23043.725212   3091.029055  12973.973585    267.966335  7  7  7  85       
PG05  -7917.809562 -19459.696343 -16372.074225   -158.239020  7  6  5  75       
PG06   1563.547102 -17000.559055  20386.545688    442.090196  3  4  3  56       
PG07  18522.747771  -1025.578346 -18696.008004    -39.127131  7  5  3  46       
PG08  17133.735763   8192.464471 -18822.615499   -162.449781  7  6  8  61       
PG09  25529.382245  -7211.162541   1780.835404     61.242615  6  7  7  84       
PG10 -10716.271479  22651.848377  -8084.816624    -69.624503  6  5  8  86       
PG11  -8590.330237 -21585.109165  12943.449824   -542.570312  6  5  3  55       
PG12 -12476.874562  -9528.112670  21150.092872   -468.619463  7  5  4  83       
PG13  -7130.166745 -13893.063693 -21713.863424    616.580223  7  6  7   3       
PG14  13435.226604 -19867.435131 -11187.935278    300.658234  6  4  7  90       
PG15 -17746.985224  -7074.124601 -19021.142229    117.996002  7  6  6  81       
PG16   1321.681651  23494.227306 -12181.363182   -382.619201  7  4  6  11       
PG17  20247.746091 -13126.244421  11691.971732    719.696446 10  5  6  78       
PG18 -17235.923589   2354.369281 -20108.414803   -533.856338  7  5  6  94       
PG19  12336.542619 -14880.215641  17865.703875    427.578761  9  6  5  48       
PG20  -1359.932001 -26337.653680  -3797.643958    391.162523  5  3  5  50       
PG21  20875.057278  17188.303671  -1162.838505    138.161125  6  3  6  93       
PG22  10385.354348 -24326.841447  -3330.738059     46.993814  6  3  4 107       
PG23 -14854.790375  12597.042385 -17950.122539    136.841363  7  4  7  73       
PG24 -21546.164090 -15878.189682    707.355455   -415.190372  2  4  7  92       
PG25 -15813.691927   3460.364329  20672.923929    485.513427  3  5  6  71       
PG26  -2917.001783  26168.077607  -1353.476381    199.626226  6  3  3  63       
PG28  -4085.126658  15805.976287  20926.920035   -101.004068  7  5  6  26       
PG29 -26161.402409   3944.263388   2847.905784   -608.583799  8  5  4  95       
PG30  10771.485225 -11434.850462 -21292.432654   -444.532092  7  4  6  58       
PG31   4091.213884  20149.526966  16375.635120   -227.349525  7  5  4  40       
PG32 -16597.637399  15440.886198  13860.063921   -605.601439  5  6  5  86       
*  2024  1 17  2  0  0.00000000
PG01  22288.782232  12663.176312   7259.333238    166.320141     7  8 108       
PG02  22231.296885  14774.221022    506.358738   -499.772807  6  7  5  63       
PG03  12233.635935  10980.561753  20748.002302    131.184417  5  5  2  78       
PG04  21563.807808   3730.798358  15155.582580    267.975110  6  6  7  91       
PG05  -7504.326285 -21146.756423 -14316.066571   -158.240433  7  6  5  91       
PG06   3374.078351 -15469.715340  21375.058868    442.078214  3  3  3  54       
PG07  20034.186923    480.934182 -17178.208220    -39.135435  7  5  3  68       
PG08  15113.884848   9065.825582 -20077.765691   -162.450023  7  6  7  70       
PG09  25268.472575  -6840.194732   4596.457930     61.253600  5  7  6  63       
PG10 -10703.425715  21524.596138 -10720.147564    -69.625162  6  5  8  90       
PG11  -7309.825149 -20608.815506  15135.250845   -542.582863  6  5  3  59       
PG12 -11781.360659 -11860.517896  20371.862981   -468.623011  7  6  4  81       
PG13  -4723.160260 -14376.194460 -22037.806966    616.583565  6  5  6  52       
PG14  13373.963740 -18420.844103 -13509.234252    300.667445  5  5  7  79       
PG15 -15892.079523  -8174.012313 -20195.771894    117.999641  7  6  6  93       
PG16    754.306891  24601.955741  -9684.133331   -382.612108  7  3  6  50       
PG17  21385.615090 -13255.297537   9165.249051    719.695139 10  5  6  56       
PG18 -18822.336472    799.681697 -18780.741738   -533.864582  7  5  5  87       
PG19  14307.726211 -15162.605409  16055.876839    427.583189  8  6  6  72       
PG20  -1088.398169 -26611.847508   -987.130005    391.161065  5  3  5  67       
PG21  20495.003845  17136.428214  -3945.061112    138.160353  5  2  6  63       
PG22  10442.436790 -23701.719624  -6104.601778     46.987796  6  3  4  92       
PG23 -14621.932244  10459.700385 -19465.414836    136.848185  7  4  7  90       
PG24 -21344.322125 -16101.356473  -2068.317810   -415.196745  2  4  7  99       
PG25 -15446.787297   1011.827053  21223.772527    485.514633  3  5  6  70       
PG26  -3278.835311  26104.005742   1464.675609    199.622980  6  3  3  58       
PG28  -6008.448526  14313.302941  21527.490481   -101.014404  7  5  6  54       
PG29 -25739.395883   3619.061532   5668.307803   -608.583576  7  5  4  79       
PG30  12615.223621  -9805.437652 -21116.969125   -444.527915  7  4  6  68       
PG31   2464.518500  18928.938853  18084.998560   -227.349769  7  5  4  65       
PG32 -18018.937487  15717.567037  11528.697934   -605.603926  4  6  6  86       
*  2024  1 17  2 15  0.00000000
PG01  22750.798020  13213.468989   4469.279348    166.321083  2  7  8 110       
PG02  21979.490279  14874.071231  -2346.321029   -499.767618  6  7  5  62       
PG03  11860.727121  13280.643527  19605.989271    131.207611  5  5  3  76       
PG04  19902.119118   4529.238893  17078.111324    267.983869  5  5  6  82       
PG05  -7201.691312 -22609.786234 -12015.259944   -158.241507  6  5  6 101       
PG06   5339.247598 -13988.271290  21997.446144    442.066259  3  3  3  58       
PG07  21465.053754   1787.749301 -15359.190152    -39.144070  6  5  3  41       
PG08  13028.213162  10094.522497 -20993.406826   -162.452548  6  6  7  72       
PG09  24739.691448  -6329.124222   7333.121660     61.264633  4  6  6  70       
PG10 -10714.265085  20108.731781 -13165.910449    -69.626613  6  5  7  92       
PG11  -5801.588416 -19550.717358  17067.569348   -542.595356  5  5  2  69       
PG12 -11230.322053 -14116.714458  19234.781798   -468.626651  6  6  4  82       
PG13  -2329.030512 -14993.809653 -21989.838033    616.586998  6  5  5  71       
PG14  13343.859926 -16726.854775 -15595.682383    300.676688  5  5  6  67       
PG15 -13998.176113  -9420.899885 -21038.350456    118.003180  7  6  6  74       
PG16    305.790594  25453.034488  -7018.187289   -382.605432  7  3  6           
PG17  22241.166896 -13349.500879   6484.618611    719.694370 10  4  5  26       
PG18 -20358.492804   -560.064623 -17131.381222   -533.872753  7  4  5  89       
PG19  16047.178998 -15485.455679  13961.931598    427.587732  8  6  6  63       
PG20   -819.054757 -26582.210939   1840.205848    391.159299  4  3  5  52       
PG21  19851.080350  16944.565963  -6662.619249    138.158816  5  2  6  58       
PG22  10467.277045 -22777.806926  -8773.935958     46.982070  6  3  3  73       
PG23 -14489.768179   8161.865801 -20643.376502    136.854986  7  4  7  72       
PG24 -20895.860642 -16166.939081  -4809.433254   -415.203051  2  5  6 100       
PG25 -15196.722159  -1490.941854  21397.201146    485.515846  3  5  5  75       
PG26  -3625.158634  25738.098195   4256.997916    199.619783  5  3  3  59       
PG28  -8045.174267  12895.345664  21756.827428   -101.024717  7  5  6  44       
PG29 -25037.381879   3173.494635   8391.616634   -608.583255  6  5  4  73       
PG30  14500.459835  -8292.819251 -20574.865748   -444.523655  7  5  6  77       
PG31    642.380286  17680.390264  19473.689822   -227.349909  7  5  3  58       
PG32 -19172.606177  15959.806644   8998.597104   -605.606379  4  6  6  78       
*  2024  1 17  2 30  0.00000000
PG01  22982.477400  13550.549520   1603.347324    166.321958  3  7  8 115       
PG02  21451.013170  14835.218484  -5158.939247   -499.762643  5  6  4  42       
PG03  11626.304933  15447.030472  18123.720297    131.230775  6  5  3  65       
PG04  18101.289352   5497.158206  18708.498380    267.992644  4  4  6  87       
PG05  -6981.941172 -23816.450616  -9508.551207   -158.242945  6  5  6  93       
PG06   7424.951747 -12593.591279  22243.431882    442.054255  3  3  3  71       
PG07  22772.417565   2891.170718 -13272.644933    -39.151871  6  5  3  39       
PG08  10922.331197  11270.726537 -21553.038993   -162.453861  6  6  7  77       
PG09  23969.583018  -5650.956562   9943.682736     61.275615  4  6  5  81       
PG10 -10784.876740  18428.500993 -15378.721944    -69.627960  6  6  7  81       
PG11  -4077.074514 -18453.590657  18707.262976   -542.607899  4  5  2  16       
PG12 -10818.291758 -16248.459041  17759.516068   -468.629964  6  6  4  87       
PG13      5.315431 -15732.898845 -21570.101360    616.590284  6  4  5  62       
PG14  13376.149538 -14814.060772 -17411.239429    300.685866  5  5  6  58       
PG15 -12106.832868 -10802.042530 -21535.081634    118.006823  7  6  5  64       
PG16    -53.522136  26020.300825  -4229.348132   -382.598234  7  3  5  65       
PG17  22809.210408 -13369.223955   3694.622396    719.693460  9  4  5  58       
PG18 -21798.966626  -1717.004068 -15188.962088   -533.880981  7  4  4  84       
PG19  17528.548181 -15812.135119  11620.823550    427.592460  7  6  6  73       
PG20   -515.592352 -26251.527398   4636.221528    391.157621  4  3  4  36       
PG21  18932.545939  16648.314319  -9270.171615    138.157846  5  1  5  75       
PG22  10497.289662 -21562.952284 -11292.195149     46.976258  6  3  2  90       
PG23 -14478.513374   5748.274713 -21464.067731    136.861804  6  4  7  85       
PG24 -20189.321276 -16108.428459  -7470.480209   -415.209427  2  5  6  96       
PG25 -15071.285964  -3998.336892  21190.889427    485.517057  3  5  4  60       
PG26  -3990.647259  25074.893953   6974.179742    199.616531  5  4  3  70       
PG28 -10157.050259  11582.865132  21610.954081   -101.035072  7  5  6  59       
PG29 -24081.795810   2578.175953  10971.074417   -608.582733  5  4  4  85       
PG30  16386.285191  -6919.896052 -19676.395060   -444.519452  7  5  6  71       
PG31  -1351.624776  16445.359666  20517.684821   -227.350064  7  5  3  49       
PG32 -20049.865411  16127.905521   6312.928549   -605.608844  4  6  6  79       
*  2024  1 17  2 45  0.00000000
PG01  22956.553679  13703.270571  -1289.702983    166.322857  4  7  8 107       
PG02  20634.433526  14693.674067  -7882.975852   -499.757607  5  6  4  58       
PG03  11513.243980  17434.771835  16327.443599    131.253983  6  5  3  45       
PG04  16206.635956   6637.379738  20018.605076    268.001434  2  3  5  82       
PG05  -6812.277512 -24741.573878  -6838.533529   -158.244221  5  5  6  84       
PG06   9591.085644 -11316.975558  22109.155364    442.042249  3  3  4  59       
PG07  23915.413530   3795.970081 -10956.495262    -39.160478  6  5  3  49       
PG08   8840.706980  12578.659921 -21746.029132   -162.456113  5  6  7  25       
PG09  22990.977229  -4784.778981  12383.063859     61.286595  4  6  4  43       
PG10 -10946.913625  16516.339870 -17319.404076    -69.629267  6  6  7  70       
PG11  -2156.037807 -17358.643271  20026.182586   -542.620379  3  5  3  44       
PG12 -10531.856741 -18210.654480  15972.704997   -468.633565  6  6  4  69       
PG13   2235.794387 -16572.813223 -20784.927243    616.593789  6  3  4  72       
PG14  13497.093063 -12717.685922 -18924.676277    300.695069  5  5  5  53       
PG15 -10257.273581 -12297.625378 -21677.588779    118.010455  7  6  5  66       
PG16   -357.444001  26284.516359  -1366.103318   -382.591256  7  3  5  57       
PG17  23093.088383 -13275.561367    842.034216    719.692780  9  3  5  71       
PG18 -23099.114438  -2671.844106 -12987.019353   -533.889191  7  4  4  86       
PG19  18734.077590 -16103.197320   9074.015987    427.597054  7  7  6  54       
PG20   -143.048352 -25631.016198   7353.358849    391.155679  4  3  4  50       
PG21  17736.772352  16285.267454 -11723.409413    138.156368  5  1  5  33       
PG22  10568.201472 -20073.767178 -13614.919325     46.970224  6  3  1  96       
PG23 -14600.712928   3267.224868 -21913.811278    136.868603  6  5  7  53       
PG24 -19220.726803 -15961.713748 -10007.590835   -415.215817  1  6  6 110       
PG25 -15070.174745  -6460.414477  20609.452153    485.518252  3  5  3  35       
PG26  -4408.570035  24127.591913   9568.166447    199.613296  5  4  3  49       
PG28 -12301.245489  10399.933738  21092.374554   -101.045427  6  5  7  70       
PG29 -22905.807949   1809.573299  13362.306044   -608.582188  4  4  5  68       
PG30  18229.448737  -5702.106869 -18437.974283   -444.515214  6  5  5  55       
PG31  -3486.534274  15261.624532  21199.310741   -227.350209  6  5  3  62       
PG32 -20650.648739  16182.546510   3517.818691   -605.611341  4  6  5  82       
*  2024  1 17  3  0  0.00000000
PG01  22653.041482  13705.875809  -4161.096707    166.323765  5  6  8 115       
PG02  19527.019389  14487.696113 -10470.820369   -499.752555  5  6  3  51       
PG03  11497.281475  19204.121618  14248.784161    131.277213  6  4  2  44       
PG04  14264.530870   7944.449872  20985.704308    268.010212  2  3  5  72       
PG05  -6656.488091 -25368.049587  -4050.801079   -158.245578  5  5  6  61       
PG06  11792.915778 -10182.569765  21597.211855    442.030257  3  3  5  59       
PG07  24856.763463   4514.880520  -8452.110963    -39.168859  5  5  3  82       
PG08   6825.120053  13995.019965 -21567.859386   -162.459191  5  5  7  89       
PG09  21841.718919  -3716.785229  14609.040838     61.297557  3  6  3  78       
PG10 -11226.170853  14411.721497 -18953.736037    -69.631048  6  6  6  84       
PG11    -65.975408 -16303.934319  21001.651262   -542.632874  2  5  4  26       
PG12 -10350.355216 -19962.957178  13906.413960   -468.636960  6  6  5  92       
PG13   4322.634501 -17485.981333 -19646.781875    616.596950  6  2  4  41       
PG14  13726.841898 -10478.364303 -20110.110383    300.704236  5  5  5  49       
PG15  -8485.090958 -13881.342471 -21463.046743    118.014092  7  6  5  72       
PG16   -642.424897  26235.196080   1521.258938   -382.584371  7  3  4  67       
PG17  23104.520144 -13031.975114  -2024.858103    719.691072  8  3  5 105       
PG18 -24216.736346  -3433.624707 -10563.410798   -533.897443  6  4  4  92       
PG19  19655.141530 -16318.083400   6366.683283    427.601950  6  7  6  48       
PG20    330.665436 -24739.903922   9945.425042    391.154038  3  3  4  48       
PG21  16269.623624  15893.538809 -13979.764433    138.155607  5  2  5  18       
PG22  10712.474633 -18335.204855 -15700.569910     46.964513  6  3     95       
PG23 -14860.724273    768.885451 -21985.396182    136.875420  6  5  7  63       
PG24 -17993.804751 -15763.609530 -12379.167477   -415.222195  2  6  6  90       
PG25 -15185.068161  -8828.684317  19664.282196    485.519433  4  5  2  70       
PG26  -4909.244524  22917.592020  11993.078488    199.610067  5  4  3  58       
PG28 -14431.842806   9363.117905  20210.031340   -101.055716  6  5  6  72       
PG29 -21548.072256    851.124307  15524.081911   -608.581768  3  4  5  74       
PG30  19985.920154  -4647.030539 -16881.817661   -444.510987  6  5  5  28       
PG31  -5725.062514  14161.814116  21507.526412   -227.350461  6  5  3  39       
PG32 -20983.503919  16086.474840    661.567427   -605.613843  4  6  5  87       
*  2024  1 17  3 15  0.00000000
PG01  22060.015829  13596.506713  -6962.813346    166.324694  5  6  7 106       
PG02  18135.100014  14256.182650 -12876.633517   -499.747480  5  6  2  49       
PG03  11548.110800  20721.905762  11924.150893    131.300464  6  4  2  49       
PG04  12320.734309   9404.667547  21592.882993    268.018994  3  3  4  70       
PG05  -6476.516851 -25687.457236  -1193.188980   -158.247307  5  5  5  77       
PG06  13982.632664  -9206.560416  20716.588947    442.018262  3  3  5  69       
PG07  25564.136679   5067.792994  -5803.502680    -39.177561  5  5  3  61       
PG08   4913.208821  15489.702795 -21020.284386   -162.461034  4  5  7  91       
PG09  20563.211135  -2441.029421  16582.986124     61.308542  3  6  2  72       
PG10 -11641.413592  12159.723381 -20253.100607    -69.632716  6  6  5  87       
PG11   2158.727522 -15322.926742  21616.852380   -542.645347  2  5  4  48       
PG12 -10246.869881 -21471.189511  11597.490883   -468.640650  5  6  5  74       
PG13   6231.710488 -18438.902160 -18174.123043    616.600209  6  3  4  73       
PG14  14078.558891  -8140.719726 -20947.438879    300.713487  5  5  5  43       
PG15  -6821.080595 -15521.212663 -20894.252755    118.017160  6  6  4  47       
PG16   -945.897574  25871.105715   4381.582498   -382.577234  7  3  4  74       
PG17  22863.136314 -12605.883066  -4857.024582    719.690289  7  2  4 106       
PG18 -25113.651138  -4019.160143  -7959.668599   -533.905692  6  5  3  40       
PG19  20292.410194 -16416.879541   3546.837563    427.606710  5  7  6  91       
PG20    933.346507 -23604.707682  12368.350110    391.152293  4  3  4  52       
PG21  14545.547485  15510.230970 -15999.145151    138.154840  6  3  4  60       
PG22  10957.836699 -16379.812492 -17511.347767     46.958592  6  3     86       
PG23 -15254.533736  -1696.454680 -21678.164932    136.882237  5  6  7  56       
PG24 -16519.943718 -15550.376099 -14546.463513   -415.228551  2  6  6  85       
PG25 -15400.048039 -11057.826568  18373.254757    485.520643  4  5  2  54       
PG26  -5518.614236  21473.712436  14206.088892    199.606862  4  5  4  24       
PG28 -16501.458047   8480.962436  18979.150621   -101.066051  6  5  6  70       
PG29 -20051.273801   -305.914240  17419.032598   -608.581108  3  4  5  82       
PG30  21612.480907  -3754.304113 -15035.493346   -444.506764  6  6  5  29       
PG31  -8024.916187  13172.197800  21438.060683   -227.350636  6  5  2  65       
PG32 -21065.163591  15806.122398  -2206.195555   -605.616306  4  6  5  83       
*  2024  1 17  3 30  0.00000000
PG01  21174.096521  13415.594783  -9648.319221    166.325603  6  6  7  96       
PG02  16474.087772  14037.013951 -15057.219018   -499.742260  6  7  1  49       
PG03  11630.713929  21962.633633   9394.066764    131.323734  6  4  3  62       
PG04  10418.757746  10996.437566  21829.350649    268.027780  3  3  4  68       
PG05  -6234.123175 -25700.358299   1685.040203   -158.248967  5  5  6  72       
PG06  16111.023654  -8396.684793  19482.500502    442.006186  2  3  5  75       
PG07  26011.304881   5480.698700  -3056.512595    -39.185873  5  5  3  80       
PG08   3137.166889  17026.805639 -20111.389720   -162.461823  4  5  7  76       
PG09  19198.828337   -959.877042  18270.555418     61.319470  3  6  3  77       
PG10 -12203.506571   9809.376958 -21195.009983    -69.633720  6  5  5  73       
PG11   4477.918625 -14443.228343  21861.120338   -542.657817  3  5  4  53       
PG12 -10189.471564 -22708.502775   9086.842881   -468.644082  5  6  5  77       
PG13   7935.676343 -19393.382868 -16391.159095    616.603575  6  3  5  75       
PG14  14557.828283  -5751.801509 -21422.662951    300.722751  4  5  4  82       
PG15  -5290.244499 -17180.608109 -19979.634033    118.020773  6  5  4  51       
PG16  -1304.558376  25200.397414   7163.825083   -382.570331  7  4  4  76       
PG17  22395.714743 -11970.131697  -7605.510335    719.689836  6  2  4  79       
PG18 -25757.126844  -4452.186697  -5220.296853   -533.913947  5  5  4  88       
PG19  20655.641631 -16362.053656    664.401100    427.611345  5  7  6  91       
PG20   1687.249670 -22258.257284  14580.909413    391.150779  4  2  4  78       
PG21  12587.359772  15169.905963 -17744.690862    138.153617  6  5  3  55       
PG22  11325.981830 -14246.675650 -19013.972742     46.952865  6  3     68       
PG23 -15769.911803  -4080.132489 -20997.985186    136.889040  5  6  7  64       
PG24 -14817.887909 -15356.282308 -16474.116058   -415.234975  2  6  5  85       
PG25 -15692.334910 -13107.264490  16760.305537    485.521875  5  5  2  46       
PG26  -6257.009486  19831.115229  16168.237645    199.603634  4  5  4  51       
PG28 -18462.924829   7753.796371  17420.978080   -101.076421  6  5  6  94       
PG29 -18460.529520  -1661.917754  19014.302904   -608.580594  4  5  5  64       
PG30  23068.282039  -3015.855101 -12931.396496   -444.502558  6  6  5  32       
PG31 -10340.304597  12311.756075  20993.410679   -227.350841  5  5  2  50       
PG32 -20919.796807  15313.109114  -5035.397140   -605.618807  5  6  4  90       
*  2024  1 17  3 45  0.00000000
PG01  20000.626862  13204.198362 -12173.256763    166.326563  6  5  6  95       
PG02  14568.146973  13865.410413 -16972.886080   -499.736997  6  7     45       
PG03  11706.877576  22909.313639   6702.436272    131.346971  7  4  3  45       
PG04   8598.318165  12690.936537  21690.647726    268.036604  3  3  4  51       
PG05  -5892.565567 -25416.256199   4534.050198   -158.250625  5  5  5  84       
PG06  18129.203907  -7752.071864  17916.121703    441.994146  2  3  5  68       
PG07  26179.055584   5784.427736   -258.018006    -39.194201  4  5  3  58       
PG08   1522.640177  18565.875645 -18855.544698   -162.463757  4  6  7  87       
PG09  17792.260738    715.867108  19642.304072     61.330432  3  5  3  63       
PG10 -12914.881337   7411.869781 -21763.499781    -69.635163  7  5  4  66       
PG11   6847.023770 -13685.569428  21730.128953   -542.670341  4  6  5  40       
PG12 -10142.658130 -23656.248036   6418.651834   -468.647679  5  6  5  73       
PG13   9414.851207 -20307.978923 -14327.510186    616.606827  6  4  5  92       
PG14  15162.376623  -3359.438412 -21528.099559    300.732045  4  5  4  52       
PG15  -3910.998445 -18819.464570 -18733.188964    118.024314  6  5  4  30       
PG16  -1752.657545  24240.369445   9818.065112   -382.563518  7  4  3  73       
PG17  21735.138372 -11104.292250 -10222.286848    719.689004  6  3  4  96       
PG18 -26121.114125  -4762.250354  -2392.026199   -533.922179  5  5  4  87       
PG19  20763.111877 -16120.096632  -2229.752104    427.615955  5  8  7  84       
PG20   2608.046370 -20738.492597  16545.401368    391.148405  5  3  3  64       
PG21  10425.712497  14903.113751 -19183.529793    138.152857  6  6  3  63       
PG22  11831.503070 -11980.088623 -20180.402831     46.947238  5  3     88       
PG23 -16386.898249  -6336.783393 -19957.109289    136.895846  5  7  6  25       
PG24 -12913.182967 -15212.257932 -18130.629496   -415.241357  2  7  5  94       
PG25 -16033.305525 -14942.530742  14854.898519    485.523069  5  5  2           
PG26  -7138.145368  18029.986223  17845.163311    199.600391  4  5  4  58       
PG28 -20270.980169   7173.867299  15562.409805   -101.086767  7  5  6  70       
PG29 -16821.703020  -3208.669346  20282.133289   -608.580321  4  5  4  65       
PG30  24316.309739  -2416.433576 -10606.150951   -444.498320  5  6  5  27       
PG31 -12623.579445  11591.567564  20182.705803   -227.350864  5  6  2  79       
PG32 -20577.967853  14585.557844  -7776.432412   -605.621320  4  6  3  98       
*  2024  1 17  4  0  0.00000000
PG01  18553.546052  13002.342962 -14496.086025    166.327569  7  5  6  89       
PG02  12449.510097  13772.375314 -18588.280297   -499.732139  5  7     43       
PG03  11736.831681  23553.945007   3895.765164    131.370227  6  5  3  83       
PG04   6893.942653  14453.068406  21178.748681    268.045447  4  4  4  46       
PG05  -5418.242631 -24853.217743   7304.309953   -158.252051  5  5  5  85       
PG06  19990.341360  -7263.418710  16044.229873    441.982126  2  3  5  73       
PG07  26055.839484   6013.238493   2544.839587    -39.202651  4  5  2  36       
PG08     87.870676  20063.362539 -17273.243942   -162.464873  4  6  7  86       
PG09  16385.854236   2567.161716  20674.221025     61.341381  3  5  3  61       
PG10 -13769.361781   5018.676819 -21949.384228    -69.636230  6  5  4  29       
PG11   9218.566948 -13063.056259  21225.974051   -542.682852  5  6  5  49       
PG12 -10068.926861 -24304.525480   3639.547867   -468.651118  5  5  5  91       
PG13  10657.821969 -21139.585658 -12017.772299    616.609889  6  4  5  78       
PG14  15882.113574  -1010.575038 -21262.479052    300.741259  3  5  3   9       
PG15  -2694.612301 -20395.636630 -17174.357999    118.027802  6  5  4  87       
PG16  -2320.375626  23016.852950  12296.506904   -382.556345  7  4  3  65       
PG17  20919.107829  -9995.723420 -12661.122943    719.687976  5  3  4           
PG18 -26187.237319  -4983.377775    476.962986   -533.930383  4  5  4  88       
PG19  20640.711263 -15662.998927  -5084.761665    427.620423  5  8  7  68       
PG20   3704.034624 -19087.080422  18228.270727    391.147016  5  3  3  77       
PG21   8098.247464  14735.039848 -20287.522951    138.151221  6  6  2  63       
PG22  12481.108237  -9627.998079 -20988.470454     46.941498  5  3  1  20       
PG23 -17078.595683  -8425.878150 -18573.926653    136.902689  5  7  6  61       
PG24 -10837.393090 -15144.678884 -19488.809039   -415.247738  2  7  5 106       
PG25 -16389.743321 -16536.376402  12691.401121    485.524274  6  5  3  49       
PG26  -8168.399434  16114.025522  19207.734908    199.597157  4  5  5  23       
PG28 -21883.885988   6725.798185  13435.524735   -101.097128  6  6  6  75       
PG29 -15179.697914  -4929.470656  21200.357779   -608.579737  4  5  4  64       
PG30  25324.704548  -1934.418846  -8099.952317   -444.494148  5  6  4  13       
PG31 -14826.935515  11014.530799  19021.446783   -227.351029  5  6  2  86       
PG32 -20075.341812  13609.165594 -10381.082379   -605.623789  4  7  3  96       
*  2024  1 17  4 15  0.00000000
PG01  16854.964218  12847.421968 -16578.675062    166.328568  7  6  5  84       
PG02  10157.457697  13783.291840 -19873.158768   -499.727186  5  8     58       
PG03  11680.945078  23897.670763   1022.347443    131.393449  6  5  4  62       
PG04   5333.777212  16242.675238  20302.056280    268.054256  4  4  4  60       
PG05  -4782.224557 -24037.167254   9947.481168   -158.253089  5  5  5  85       
PG06  21651.311971  -6913.494659  13898.756737    441.970066  2  3  5  61       
PG07  25638.137931   6203.314181   5305.390325    -39.211003  4  5  2  74       
PG08  -1156.875412  21474.222929 -15390.834197   -162.465689  4  7  7  77       
PG09  15019.011065   4567.257110  21348.169324     61.352369  3  5  3  64       
PG10 -14752.352256   2679.699286 -21750.369976    -69.637434  6  5  5  47       
PG11  11543.807757 -12580.729157  20357.148304   -542.695364  5  6  5  57       
PG12  -9930.414717 -24652.396830    797.759366   -468.654788  5  5  5  66       
PG13  11661.735741 -21845.123192  -9500.986331    616.613276  5  5  6  70       
PG14  16699.488743   1250.345173 -20630.929432    300.750515  3  5  3  35       
PG15  -1644.906295 -21866.355412 -15327.819927    118.031140  6  4  5  70       
PG16  -3032.360495  21563.246863  14554.456007   -382.549534  7  4  3  70       
PG17  19988.653075  -8640.350113 -14878.458272    719.687563  4  4  4  56       
PG18 -25945.507013  -5152.581443   3337.837240   -533.938628  4  5  4  74       
PG19  20320.749255 -14969.501668  -7850.729878    427.624992  4  8  7  70       
PG20   4975.629966 -17347.901670  19600.668456    391.145482  5  3  2  67       
PG21   5648.450359  14684.333644 -21033.971393    138.150275  5  6  2  68       
PG22  13273.161344  -7240.279794 -21422.413769     46.935677  5  3  2  56       
PG23 -17812.238507 -10313.067251 -16872.615654    136.909460  4  7  6  80       
PG24  -8627.115663 -15174.324257 -20526.143367   -415.254098  3  7  4 110       
PG25 -16725.265442 -17869.584462  10308.385645    485.525468  5  5  3  41       
PG26  -9346.398840  14128.813197  20232.570433    199.593927  3  6  5  77       
PG28 -23264.923984   6387.348164  11077.026901   -101.107506  6  6  5  67       
PG29 -13576.795446  -6799.586313  21752.808489   -608.579184  4  5  4  64       
PG30  26067.886759  -1542.865697  -5455.865299   -444.489941  5  5  4  24       
PG31 -16904.103186  10575.424746  17531.131741   -227.351138  5  6  2  63       
PG32 -19451.187924  12377.983256 -12803.417416   -605.626255  4  7  2  92       
*  2024  1 17  4 30  0.00000000
PG01  14934.458014  12772.711204 -18386.836760    166.329582  7  6  4  73       
PG02   7736.994477  13916.740252 -20803.084347   -499.722109  4  8  2  43       
PG03  11501.412170  23950.590144  -1868.565562    131.416708  5  6  4  43       
PG04   3938.646316  18015.958730  19075.285291    268.063039  4  4  4  61       
PG05  -3961.611519 -23000.878200  12417.296709   -158.254391  5  5  5  73       
PG06  23074.224080  -6677.953414  11516.258836    441.958002  2  3  5  75       
PG07  24930.546738   6391.222653   7978.130054    -39.219473  4  5  2  42       
PG08  -2209.567533  22753.616031 -13240.125198   -162.467339  4  8  7  84       
PG09  13726.714323   6682.530399  21652.223847     61.363336  4  4  3  62       
PG10 -15841.376479    441.487582 -21171.030117    -69.638610  6  6  5  34       
PG11  13774.434934 -12235.442585  19138.407991   -542.707900  5  6  5  73       
PG12  -9690.540139 -24707.759312  -2057.742850   -468.658160  6  5  5  61       
PG13  12432.266404 -22383.251241  -6820.016727    616.616551  5  5  6  77       
PG14  17590.148328   3382.889005 -19644.850186    300.759705  3  5  2  54       
PG15   -758.218998 -23189.741548 -13223.209139    118.034471  6  4  5  51       
PG16  -3906.493353  19919.239666  16551.236196   -382.542086  7  4  4  75       
PG17  18986.498939  -7043.117220 -16834.259671    719.686929  4  4  4  25       
PG18 -25394.728236  -5308.255649   6141.914846   -533.946872  4  5  5  51       
PG19  19840.522077 -14026.072393 -10479.632943    427.629908  4  8  7  39       
PG20   6415.157747 -15565.464378  20638.939848    391.143120  5  3  2  70       
PG21   3124.234642  14762.176876 -21406.261125    138.149368  5  7  2  58       
PG22  14197.578003  -4866.918550 -21473.282704     46.929985  5  4  3  42       
PG23 -18550.494204 -11971.284053 -14882.703040    136.916218  4  7  6  41       
PG24  -6322.825177 -15315.538999 -21225.134983   -415.260470  3  6  4  99       
PG25 -17001.864687 -18931.463252   7747.876215    485.526639  6  5  3  63       
PG26 -10662.932575  12120.119376  20902.432169    199.590684  3  6  5  66       
PG28 -24383.706301   6130.446857   8527.607330   -101.117854  6  6  5  73       
PG29 -12051.100950  -8787.007307  21929.618366   -608.578649  4  5  4  56       
PG30  26527.448683  -1210.747121  -2719.087890   -444.485754  5  5  4  25       
PG31 -18811.966349  10261.297799  15738.783181   -227.351451  4  6  3  82       
PG32 -18746.741452  10894.867827 -15000.665550   -605.628714  5  7  2  88       
*  2024  1 17  4 45  0.00000000
PG01  12828.112773  12806.046199 -19890.810179    166.330584  7  7  3  86       
PG02   5237.269943  14183.593754 -21360.014274   -499.716728  3  7  2  39       
PG03  11163.865874  23731.241572  -4727.599801    131.439987  5  6  4  45       
PG04   2721.400501  19727.059255  17519.235580    268.071756  4  4  5  65       
PG05  -2940.661464 -21782.700051  14670.411517   -158.255666  5  5  4  83       
PG06  24227.755508  -6526.422208   8937.313755    441.945948  2  3  5  61       
PG07  23945.581873   6612.393724  10519.368376    -39.227905  4  4  2  51       
PG08  -3076.342832  23858.624734 -10857.886304   -162.469299  4  8  6  89       
PG09  12538.234951   8873.596779  21580.898759     61.374319  4  4  3  59       
PG10 -17006.940472  -1654.380384 -20222.643867    -69.639154  6  6  6  22       
PG11  15864.251923 -12016.072275  17590.533043   -542.720438  4  6  5  63       
PG12  -9315.582034 -24486.892993  -4878.090996   -468.661979  6  5  5  55       
PG13  12983.251607 -22716.047240  -4020.846564    616.619718  5  5  6  59       
PG14  18523.863938   5351.978179 -18321.680374    300.768992  2  5  2  58       
PG15    -23.654676 -24326.322246 -10894.749812    118.037804  5  3  5  40       
PG16  -4952.941842  18129.272644  18251.020991   -382.535048  7  4  4  20       
PG17  17955.348238  -5218.089295 -18492.838731    719.685790  4  4  4  60       
PG18 -24542.589405  -5488.523746   8841.467242   -533.955158  4  5  5  78       
PG19  19240.706505 -12827.568809 -12926.175094    427.634414  4  7  7  52       
PG20   8006.956312 -13783.301015  21325.033167    391.142148  4  4  2  74       
PG21    576.299718  14971.645924 -21394.417394    138.148401  4  7  2  81       
PG22  15236.087395  -2556.168422 -21139.202275     46.924232  5  4  3  55       
PG23 -19252.945698 -13381.567592 -12638.539887    136.923015  4  7  6  67       
PG24  -3967.583035 -15575.630272 -21573.576218   -415.266816  3  6  4  76       
PG25 -17181.502419 -19720.009158   5054.559839    485.527855  6  5  4  47       
PG26 -12101.189869  10132.229244  21206.492844    199.587514  3  6  5  64       
PG28 -25217.251518   5922.461087   5831.236952   -101.128188  6  7  4  77       
PG29 -10635.159890 -10853.505971  21727.415356   -608.578303  4  5  4  63       
PG30  26692.783733   -904.344232     63.805442   -444.481557  5  5  3  62       
PG31 -20512.044629  10052.162100  13676.390932   -227.351719  4  6  3  58       
PG32 -18003.491717   9171.584891 -16934.024974   -605.631210  5  7  3  75       
*  2024  1 17  5  0  0.00000000
PG01  10577.344386  12968.705379 -21065.684680    166.331626  7  7  1  56       
PG02   2709.806424  14586.440710 -21532.760239   -499.711736  2  7  3  74       
PG03  10638.855963  23265.779444  -7506.083287    131.463257  4  6  5  44       
PG04   1686.578436  21329.732489  15660.456574    268.080516  4  5  5  55       
PG05  -1711.638472 -20425.069741  16667.207477   -158.257478  5  4  4  83       
PG06  25088.253672  -6423.826902   6205.850795    441.933839  2  3  5  61       
PG07  22703.220845   6899.664878  12887.828433    -39.236055  4  4  2  48       
PG08  -3771.107825  24749.932559  -8285.233956   -162.469965  4  8  6  87       
PG09  11476.072744  11096.654912  21135.259292     61.385313  4  4  3  34       
PG10 -18213.679492  -3572.702643 -18922.910725    -69.640528  6  6  6  47       
PG11  17770.790483 -11904.041959  15739.983437   -542.732921  4  6  4  74       
PG12  -8776.136006 -24013.705468  -7615.341009   -468.665147  6  5  5  94       
PG13  13336.009639 -22810.580602  -1151.798623    616.622955  4  4  6  62       
PG14  19465.695838   7129.020469 -16684.567322    300.778178  2  5  1   5       
PG15    576.391485 -25240.498665  -8380.803917    118.041479  5  2  6           
PG16  -6173.544884  16240.812466  19623.555307   -382.528050  6  4  4  31       
PG17  16936.152642  -3188.181358 -19823.607721    719.685658  4  4  4  56       
PG18 -23405.428672  -5729.598768  11390.505511   -533.963307  4  5  5  76       
PG19  18563.648849 -11377.568137 -15148.569289    427.639172  3  7  6  38       
PG20   9727.789395 -12042.409370  21646.821837    391.140521  4  4  1  77       
PG21  -1943.677282  15307.412051 -20995.539212    138.146890  3  7  3  69       
PG22  16362.856093   -352.774052 -20425.479967     46.918315  5  4  3  32       
PG23 -19877.697314 -14533.576896 -10178.704043    136.929769  4  7  6  63       
PG24  -1605.653949 -15954.519086 -21564.767970   -415.273157  4  6  4  73       
PG25 -17227.689034 -20241.741401   2274.979110    485.529064  6  5  4  72       
PG26 -13637.311647   8206.351444  21140.470670    199.584288  3  5  4  34       
PG28 -25750.784685   5727.643778   3034.403141   -101.138521  6  7  4  71       
PG29  -9354.797996 -12955.943528  21149.403041   -608.578075  4  5  4  49       
PG30  26561.432248   -588.729714   2845.630020   -444.477369  5  4  3  57       
PG31 -21971.786321   9921.958719  11380.286575   -227.351921  4  6  3  34       
PG32 -17261.467923   7228.554266 -18569.401260   -605.633707  5  6  3  54       
*  2024  1 17  5 15  0.00000000
PG01   8227.540233  13274.535883 -21891.764959    166.332680  7  7  1  41       
PG02    206.609066  15119.366540 -21317.300204   -499.706587     7  3  75       
PG03   9903.137935  22586.878903 -10156.848536    131.486564  4  6  5  69       
PG04    830.397839  22779.059114  13530.807196    268.089327  4  6  5   8       
PG05   -275.343994 -18972.866782  18372.534238   -158.259103  5  4  4  89       
PG06  25640.557525  -6331.903144   3368.425639    441.921738  3  4  5  66       
PG07  21230.200795   7281.941849  15045.197646    -39.244697  4  4  2  42       
PG08  -4314.821101  25393.386717  -5566.918505   -162.472405  4  8  5  71       
PG09  10555.173766  13305.014579  20322.914748     61.396344  4  5  4  27       
PG10 -19421.738021  -5285.786416 -17295.550569    -69.641464  5  6  6  72       
PG11  19456.790681 -11874.149930  13618.456785   -542.745482  4  5  4  72       
PG12  -8048.394476 -23318.708488 -10223.256017   -468.668698  6  6  5  80       
PG13  13518.358788 -22640.318126   1737.305322    616.626313  4  4  6  80       
PG14  20377.344399   8692.786668 -14761.943592    300.787408  2  6     76       
PG15   1065.441618 -25901.908573  -5723.331441    118.044640  5  2  6  58       
PG16  -7561.557648  14302.510462  20644.746869   -382.520949  6  4  5  24       
PG17  15966.444862   -984.522075 -20801.750790    719.684479  3  4  4  31       
PG18 -22007.685968  -6064.219024  13745.540633   -533.971530  5  4  4  49       
PG19  17851.620461  -9688.354273 -17109.231403    427.643948  3  7  6  52       
PG20  11547.554763 -10379.795198  21598.334014    391.138816  4  4  2  84       
PG21  -4384.943291  15755.810196 -20214.085921    138.146119  3  7  3  87       
PG22  17545.451142   1703.667350 -19344.549102     46.912508  5  4  3  10       
PG23 -20383.042908 -15425.780345  -7545.339616    136.936538  4  7  6  77       
PG24    718.927106 -16444.661798 -21197.677323   -415.279498  4  6  4  80       
PG25 -17106.991580 -20511.224151   -543.277641    485.530235  6  6  4  74       
PG26 -15241.228725   6379.173220  20706.634932    199.581077  3  5  4  36       
PG28 -25978.230888   5508.707781    185.303469   -101.148855  6  7  3  61       
PG29  -8228.231540 -15047.780895  20205.324807   -608.577375  4  5  4  49       
PG30  26139.134371   -229.288849   5579.355863   -444.473203  5  3  2  52       
PG31 -23165.627667   9839.750081   8890.464702   -227.352134  4  6  3  77       
PG32 -16557.594938   5094.247350 -19878.051549   -605.636154  5  6  3  75       
*  2024  1 17  5 30  0.00000000
PG01   5826.563765  13729.351405 -22354.874703    166.333685  6  7  2  55       
PG02  -2221.759331  15768.111710 -20716.926943   -499.701537     7  3  61       
PG03   8940.725301  21732.412155 -12635.001150    131.509860  3  6  5  80       
PG04    141.076754  24033.121060  11166.917498    268.098053  4  7  4  71       
PG05   1358.693697 -17471.678347  19756.369048   -158.259804  5  4  4  86       
PG06  25878.510089  -6210.836725    473.449461    441.909658  3  4  5  41       
PG07  19559.100493   7783.015385  16956.629636    -39.253116  4  4  2  44       
PG08  -4734.482611  25761.380331  -2750.522685   -162.474046  4  8  4  76       
PG09   9782.455515  15450.747176  19157.892034     61.407366  4  5  4  46       
PG10 -20588.323664  -6774.271843 -15369.803208    -69.642684  5  6  6  21       
PG11  20891.490369 -11895.663921  11262.353699   -542.758014  4  5  4  84       
PG12  -7115.205460 -22437.769838 -12658.042151   -468.672146  6  6  5  72       
PG13  13563.374678 -22186.300681   4596.032108    616.629521  4  3  5  68       
PG14  21218.636974  10030.002972 -12587.021004    300.796696  2  5     48       
PG15   1471.898650 -26286.630012  -2967.263454    118.048208  4  3  6  60       
PG16  -9101.767321  12362.331137  21297.112109   -382.514266  6  5  5  46       
PG17  15078.805687   1354.532412 -21408.788279    719.684056  3  4  4  47       
PG18 -20381.060378  -6520.217643  15866.306430   -533.979770  4  4  4  55       
PG19  17145.110171  -7780.569259 -18775.378237    427.648599  2  7  6  47       
PG20  13430.265075  -8827.171544  21179.884319    391.136928  3  5  2  96       
PG21  -6699.581185  16295.289903 -19061.990945    138.144635  2  7  3  70       
PG22  18746.102638   3580.128913 -17915.746041     46.906808  4  4  4  47       
PG23 -20729.133051 -16065.315660  -4783.444540    136.943274  4  7  6  81       
PG24   2963.790973 -17031.248392 -20477.029280   -415.285817  4  6  4  37       
PG25 -16790.413348 -20550.302206  -3352.374816    485.531411  5  6  4  89       
PG26 -16877.748982   4681.617834  19913.687166    199.577851  3  5  3  59       
PG28 -25902.383770   5228.462529  -2666.988904   -101.159204  6  7  3  53       
PG29  -7265.483372 -17080.734902  18911.310776   -608.577041  4  5  4  69       
PG30  25439.590673    206.778269   8218.861128   -444.469005  5  3  2  59       
PG31 -24075.784419   9771.089044   6249.865730   -227.352231  4  6  3  49       
PG32 -15924.188332   2804.260091 -20837.120552   -605.638702  6  6  4  86       
*  2024  1 17  5 45  0.00000000
PG01   3423.171413  14330.623510 -22446.596043    166.334745  6  7  4  66       
PG02  -4528.051972  16510.603696 -19742.224108   -499.696428  1  6  3  74       
PG03   7743.667467  20743.947535 -14898.644176    131.533158  4  6  6  78       
PG04   -400.526448  25054.578331   8609.560431    268.106793  4  8  4  58       
PG05   3172.382220 -15966.044983  20794.380393   -158.261628  5  4  4  84       
PG06  25805.141578  -6020.971117  -2429.616233    441.897553  2  4  4  57       
PG07  17727.238598   8420.569821  18591.198009    -39.261643  4  4  2  62       
PG08  -5061.868666  25833.993064    114.412566   -162.476124  4  8  3  73       
PG09   9156.658794  17486.394397  17660.391531     61.418388  4  5  5  41       
PG10 -21669.370462  -8027.620620 -13179.842223    -69.644089  5  5  5  38       
PG11  22051.674269 -11933.642228   8712.159294   -542.770585  4  4  4  77       
PG12  -5966.874179 -21410.690585 -14879.028244   -468.675809  6  6  5  95       
PG13  13507.933035 -21438.039267   7374.254467    616.632721  3  2  5  92       
PG14  21949.092951  11135.639318 -10197.211401    300.805886  2  6     62       
PG15   1827.797423 -26378.174445   -159.791423    118.051444  4  4  7  50       
PG16 -10770.972299  10465.733047  21570.066942   -382.506989  5  5  5  28       
PG17  14299.535473   3784.698711 -21633.014105    719.683583  3  5  4  55       
PG18 -18563.403160  -7119.280405  17716.434459   -533.988017  5  3  4  80       
PG19  16481.220124  -5682.548747 -20119.522953    427.653574  2  6  5  40       
PG20  15335.266616  -7409.864457  20398.103609    391.135189  3  5  3 101       
PG21  -8844.341686  16897.242138 -17558.583474    138.143818  2  7  3  53       
PG22  19923.210636   5251.297198 -16164.925393     46.901041  4  4  4  64       
PG23 -20879.578705 -16467.528218  -1940.117576    136.950033  4  7  5  82       
PG24   5089.625622 -17692.676333 -19413.326986   -415.292145  4  6  4  68       
PG25 -16254.597082 -20387.085810  -6105.004864    485.532556  5  6  4  87       
PG26 -18507.846320   3137.849861  18776.525728    199.574673  3  4  2  65       
PG28 -25534.743151   4851.449105  -5473.373418   -101.169582  6  7  3  37       
PG29  -6468.128346 -19006.515885  17289.609052   -608.576673  4  4  4  48       
PG30  24483.941346    749.028296  10719.664720   -444.464792  5  3  2  28       
PG31 -24692.752633   9679.509380   3503.633968   -227.352357  4  6  3  72       
PG32 -15387.651801    400.099752 -21430.056260   -605.641204  6  6  4  86       
*  2024  1 17  6  0  0.00000000
PG01   1065.393632  15067.479347 -22164.441273    166.335780  5  7  5  91       
PG02  -6670.074586  17317.841760 -18410.867256   -499.691243  2  6  3  92       
PG03   6312.525717  19665.128163 -16909.548957    131.556455  4  5  6  84       
PG04   -819.978867  25812.083753   5902.944290    268.115560  4  9  5  72       
PG05   5139.575326 -14497.758853  21468.382457   -158.262547  4  4  3  93       
PG06  25432.515115  -5724.517349  -5291.086965    441.885448  1  4  4  56       
PG07  15775.424726   9205.412924  19922.302736    -39.269682  4  4  2  51       
PG08  -5332.063958  25599.838783   2977.316031   -162.477366  5  7  3  70       
PG09   8668.531989  19366.667851  15856.429592     61.429495  4  6  5  50       
PG10 -22621.244804  -9044.258027 -10764.118568    -69.644980  5  5  5  57       
PG11  22922.441762 -11950.429895   6011.750822   -542.782991  4  4  4  64       
PG12  -4601.681809 -20279.662425 -16849.282748   -468.678989  6  6  5  66       
PG13  13391.095489 -20394.089235  10023.078770    616.635914  3  2  5  86       
PG14  22529.507419  12012.885698  -7633.484475    300.815052  2  6     50       
PG15   2167.386159 -26168.223089   2650.420406    118.055177  3  5  7  83       
PG16 -12538.800024   8653.981208  21460.058788   -382.500077  5  5  6  30       
PG17  13647.591898   6257.329194 -21469.789479    719.682115  3  5  4  66       
PG18 -16597.386465  -7875.939559  19264.070500   -533.996265  5  3  4  68       
PG19  15892.225090  -3429.372871 -21119.864616    427.658636  2  6  5  57       
PG20  17218.652145  -6145.967649  19265.863934    391.133680  3  4  3  98       
PG21 -10782.303964  17527.174475 -15730.306761    138.142821  2  7  3  93       
PG22  21033.028734   6700.384167 -14123.923641     46.895074  3  4  4  43       
PG23 -20802.931580 -16655.206944    936.223698    136.956776  4  7  5  80       
PG24   7061.474605 -18401.290037 -18022.794275   -415.298466  4  5  4  77       
PG25 -15482.811589 -20054.727593  -8755.130708    485.533769  5  6  4  77       
PG26 -20090.097314   1764.562541  17315.903815    199.571443  3  4  2  50       
PG28 -24895.028716   4345.509479  -8185.568886   -101.179962  6  7  3  45       
PG29  -5829.378693 -20778.578844  15368.205136   -608.576297  4  5  4  75       
PG30  23299.984297   1422.471719  13039.629369   -444.460564  4  3  1  48       
PG31 -25015.506764   9528.079955    698.363411   -227.352607  4  6  3  92       
PG32 -14967.430939  -2072.263942 -21646.896779   -605.643710  5  6  3  82       
*  2024  1 17  6 15  0.00000000
PG01  -1201.066245  15921.009557 -21511.952603    166.336816  5  7  6  73       
PG02  -8612.205260  18155.095208 -16747.254302   -499.685967  2  6  4  92       
PG03   4656.530878  18539.990634 -18633.764227    131.579771  4  5  6  89       
PG04  -1148.081216  26281.478941   3093.938345    268.124267  5  9  5  97       
PG05   7226.911186 -13104.284337  21766.670128   -158.263811  4  5  3  94       
PG06  24781.239554  -5287.200767  -8061.892114    441.873378     4  4  25       
PG07  13746.603262  10140.950096  20928.029488    -39.278101  4  3  2  57       
PG08  -5581.851949  25056.581108   5787.546469   -162.478622  5  7  3  78       
PG09   8301.339932  21050.072581  13777.374397     61.440541  5  6  6  54       
PG10 -23402.427486  -9831.370679  -8164.649519    -69.645786  5  5  5  50       
PG11  23497.663178 -11907.271661   3207.643039   -542.795537  3  4  3  80       
PG12  -3026.106174 -19087.662527 -18536.162794   -468.682113  6  6  4  83       
PG13  13252.404081 -19062.274370  12495.762609    616.639349  3  2  4  94       
PG14  22923.493758  12672.820023  -4939.673532    300.824278  2  5     68       
PG15   2525.590489 -25657.067864   5414.088946    118.058422  3  5  7  62       
PG16 -14368.823281   6962.662098  20970.542026   -382.493137  4  6  6  57       
PG17  13133.844403   8721.172644 -20921.680640    719.681817  3  5  4  62       
PG18 -14528.996180  -8796.843031  20482.422763   -534.004506  5  4  4  69       
PG19  15404.346867  -1061.673694 -21760.571209    427.663398  2  6  5  37       
PG20  19034.816179  -5045.779851  17802.097288    391.132402  3  4  4  89       
PG21 -12484.278453  18146.185935 -13610.231358    138.141130  2  7  3  97       
PG22  22031.447922   7919.573151 -11829.887423     46.889128  2  4  4  56       
PG23 -20473.986234 -16657.547880   3796.642305    136.963545  4  7  4  76       
PG24   8849.895616 -19124.367021 -16327.234098   -415.304706  4  5  4  72       
PG25 -14465.690466 -19590.040123 -11258.687544    485.534988  6  6  4  76       
PG26 -21582.207054    570.569016  15557.992643    199.568257  3  4  1  37       
PG28 -24010.389316   3683.228438 -10756.944029   -101.190312  6  7  4  21       
PG29  -5334.506272 -22353.819393  13180.335793   -608.575869  4  5  5  71       
PG30  21921.161249   2246.442516  15139.627067   -444.456377  4  3  2  64       
PG31 -25051.394054   9280.964638  -2118.657673   -227.352948  4  6  3  90       
PG32 -14675.265703  -4564.022738 -21484.423419   -605.646201  5  5  2  64       
*  2024  1 17  6 30  0.00000000
PG01  -3334.361068  16864.880738 -20498.725125    166.337874  5  7  6  95       
PG02 -10326.628837  18983.359766 -14781.976768   -499.681065  3  6  4  89       
PG03   2793.417655  17411.285725 -20042.156247    131.603048  4  5  6  88       
PG04  -1419.465613  26446.723137    231.245918    268.133014  5 10  6  81       
PG05   9394.945174 -11817.365648  21684.227309   -158.265185  4  5  2  95       
PG06  23879.666345  -4679.781039 -10694.407946    441.861358  2  5  4  36       
PG07  11684.432347  11222.919313  21591.461581    -39.286365  5  3  2  26       
PG08  -5848.032295  24211.092156   8495.362000   -162.481047  5  6  4  78       
PG09   8031.676319  22500.390472  11459.384185     61.451553  5  6  6  72       
PG10 -23975.108498 -10404.375306  -5426.268092    -69.646983  4  5  5  82       
PG11  23780.106416 -11765.978428    348.184238   -542.808072  3  4  3  88       
PG12  -1254.739729 -17876.843945 -19911.791622   -468.685672  6  6  4  73       
PG13  13130.155234 -17459.547290  14748.600948    616.642796  2  3  4  96       
PG14  23098.927491  13133.782371  -2161.740339    300.833469  2  5     61       
PG15   2936.420247 -24853.728677   8082.217888    118.062106  3  5  7  86       
PG16 -16219.921927   5420.460836  20111.804306   -382.486010  4  6  6  19       
PG17  12760.681206  11124.256659 -19998.433551    719.681291  3  5  5  40       
PG18 -12405.904095  -9880.328612  21350.232550   -534.012724  5  4  4  88       
PG19  15036.785457   1375.751912 -22031.957688    427.668484  2  6  5  38       
PG20  20738.094766  -4111.548255  16031.508459    391.130471  3  4  4  81       
PG21 -13929.876533  18712.673599 -11237.372375    138.140146  3  7  4  88       
PG22  22875.799862   8910.082221  -9324.487575     46.883488  2  4  4  48       
PG23 -19874.855609 -16508.885201   6592.487069    136.970296  4  7  4  88       
PG24  10431.934639 -19825.322509 -14353.796618   -415.311072  4  5  4  60       
PG25 -13201.701070 -19032.006199 -13574.237971    485.536165  5  6  4  84       
PG26 -22942.563889   -443.293280  13533.862508    199.565058  3  3  1  21       
PG28 -22914.339142   2843.191775 -13143.317396   -101.200690  6  7  4  44       
PG29  -4961.584978 -23694.147532  10763.905864   -608.575357  4  6  6  77       
PG30  20385.348624   3233.681220  16984.159256   -444.452192  4  4  2  69       
PG31 -24815.734589   8904.931504  -4900.193649   -227.352981  4  6  3  78       
PG32 -14514.770477  -7025.261390 -20946.178944   -605.648727  5  5  2  72       
*  2024  1 17  6 45  0.00000000
PG01  -5297.903322  17866.236949 -19140.347729    166.338896  4  7  6  99       
PG02 -11794.231883  19761.003873 -12551.149467   -499.675782  3  5  4  95       
PG03    748.942014  16318.862481 -21110.873630    131.626318  4  6  5  98       
PG04  -1671.039122  26300.517112  -2635.459395    268.141739  5 10  6  76       
PG05  11599.531082 -10661.877966  21222.804573   -158.266601  4  5  2  94       
PG06  22762.799476  -3879.385968 -13143.273218    441.849290  3  5  3  74       
PG07   9631.842235  12439.396351  21900.943210    -39.295021  5  4  2  28       
PG08  -6165.737900  23079.245858  11052.874606   -162.482230  6  6  5  49       
PG09   7830.546277  23687.965181   8942.758973     61.462585  4  6  6  58       
PG10 -24306.636308 -10786.085613  -2595.847277    -69.647663  4  6  5  84       
PG11  23781.228516 -11490.581582  -2517.282883   -542.820591  2  3  3  83       
PG12    690.089614 -16686.978527 -20953.461646   -468.689140  6  6  4  91       
PG13  13059.725957 -15611.488289  16741.759600    616.646085  2  4  4 101       
PG14  23029.237735  13420.481017    652.989549    300.842667  3  5     69       
PG15   3431.384995 -23775.731425  10607.036458    118.065548  4  6  8  90       
PG16 -18047.827540   4048.246093  18900.655696   -382.478985  3  6  6  63       
PG17  12521.988009  13415.809083 -18716.784332    719.680835  3  4  5  79       
PG18 -10275.779486 -11116.321700  21852.158797   -534.020965  6  5  5  80       
PG19  14801.037878   3835.469668 -21930.562431    427.672850  2  6  6  64       
PG20  22284.427638  -3337.530011  13984.184140    391.128479  2  4  4  85       
PG21 -15108.188794  19184.187722  -8655.830703    138.139128  3  7  4  84       
PG22  23526.598939   9681.847247  -6653.043798     46.877547  2  4  3  71       
PG23 -18995.780031 -16247.237637   9276.192088    136.977055  4  7  4  76       
PG24  11791.875373 -20465.095150 -12134.651565   -415.317416  4  4  4  77       
PG25 -11697.331371 -18420.235841 -15663.575902    485.537327  5  5  4  76       
PG26 -24131.763447  -1283.948207  11278.895004    199.561990  3  3  1  48       
PG28 -21645.462443   1811.011675 -15303.713012   -101.211023  6  6  4  23       
PG29  -4682.523589 -24767.877015   8160.818798   -608.575171  4  6  6  44       
PG30  18733.496512   4389.664915  18541.924552   -444.448002  4  4  3  52       
PG31 -24331.145918   8370.758239  -7599.791554   -227.353199  4  6  3  53       
PG32 -14481.356111  -9406.725527 -20042.353528   -605.651249  5  5  1  72       
*  2024  1 17  7  0  0.00000000
PG01  -7061.591796  18886.864833 -17458.256562    166.339941  4  7  6 105       
PG02 -13005.121940  20445.527998 -10095.621466   -499.670795  4  5  4 100       
PG03  -1443.900918  15298.174512 -21821.731354    131.649601  4  6  5  95       
PG04  -1940.335708  25844.596536  -5456.417615    268.150480  6 10  6  81       
PG05  13793.394269  -9654.967961  20390.865506   -158.267752  4  5  2 101       
PG06  21470.958556  -2870.606193 -15366.173545    441.837271  3  5  3  55       
PG07   7629.618172  13771.072702  21850.291485    -39.303228  5  4  2  40       
PG08  -6566.824587  21685.353774  13414.965925   -162.485109  6  5  5  50       
PG09   7664.674807  24590.738388   6271.218646     61.473682  5  6  6  68       
PG10 -24370.770501 -11005.614397    278.487671    -69.649571  4  6  5  82       
PG11  23520.639996 -11048.909678  -5339.280515   -542.833089  2  3  2  63       
PG12   2778.979487 -15554.006451 -21643.961115   -468.692367  6  6  4  64       
PG13  13072.023525 -13551.460762  18440.035786    616.649302  1  5  3 101       
PG14  22694.498471  13562.865194   3456.609527    300.851885  3  5  2  84       
PG15   4037.987291 -22448.545274  12942.948996    118.068945  4  5  8  88       
PG16 -19806.782577   2858.492785  17359.996076   -382.472136  2  6  6  50       
PG17  12403.499441  15548.133376 -17100.110226    719.680244  3  4  5  78       
PG18  -8184.603068 -12486.563329  21979.068808   -534.029221  6  6  5  80       
PG19  14700.524081   6269.018007 -21459.126660    427.677700  2  6  6  75       
PG20  23632.978701  -2710.371499  11695.102504    391.127153  2  4  4  90       
PG21 -16018.035362  19519.342060  -5913.788062    138.138758  4  7  4  84       
PG22  23949.146979  10252.845325  -3863.587101     46.871708  2  4  3  71       
PG23 -17835.639362 -15912.724863  11802.059112    136.983808  4  7  4  88       
PG24  12921.729606 -21003.667778  -9706.560859   -415.323775  4  4  4  68       
PG25  -9966.991712 -17793.424128 -17492.275801    485.538503  6  5  4  73       
PG26 -25114.045202  -1965.571122   8832.139701    199.558795  3  3  2  67       
PG28 -20245.937255    580.079319 -17201.059042   -101.221372  6  6  4   3       
PG29  -4464.347464 -25550.875223   5416.233514   -608.574709  4  6  6  63       
PG30  17008.164138   5712.209250  19786.327112   -444.443783  3  4  3  57       
PG31 -23626.619727   7654.485340 -10172.487039   -227.353249  4  5  4  75       
PG32 -14562.493421 -11661.554156 -18789.544297   -605.653777  5  5  2 100       
*  2024  1 17  7 15  0.00000000
PG01  -8602.814270  19884.587028 -15479.495919    166.340927  4  7  6  97       
PG02 -13958.754171  20995.355947  -7460.094983   -499.665825  4  5  4  77       
PG03  -3745.930581  14378.962818 -22162.509199    131.672858  4  6  4  83       
PG04  -2263.843220  25089.682583  -8182.669004    268.159196  6  9  7  80       
PG05  15927.832464  -8805.516970  19203.404416   -158.268949  3  4  2 103       
PG06  20048.244971  -1646.306404 -17324.580796    441.825246  4  5  3  58       
PG07   5715.053072  15191.801266  21438.953507    -39.311678  5  5  2  57       
PG08  -7078.403106  20061.267684  15540.141759   -162.486857  6  5  5  15       
PG09   7497.987774  25194.997308   3491.121828     61.484717  4  5  5  65       
PG10 -24148.695128 -11097.056419   3148.146885    -69.650748  4  6  4  73       
PG11  23025.262686 -10414.024795  -8069.059576   -542.845583  2  3  2  44       
PG12   4976.371635 -14508.742266 -21971.822892   -468.696182  6  6  3  36       
PG13  13192.125005 -11319.456623  19813.527208    616.652507  2  5  3 105       
PG14  22082.279306  13594.807776   6201.421284    300.861085  3  4  2  77       
PG15   4778.362364 -20904.693666  15047.470304    118.072245  4  5  8  93       
PG16 -21451.243356   1855.056541  15518.278619   -382.465235  2  6  5  49       
PG17  12383.506114  17478.355132 -15177.931751    719.678814  3  5  5  92       
PG18  -6175.046792 -13965.162908  21728.228524   -534.037431  6  6  5  81       
PG19  14730.528087   8628.542183 -20626.482283    427.682621  3  6  6  87       
PG20  24747.651426  -2209.792591   9203.549631    391.125200  2  4  4  93       
PG21 -16667.776561  19679.682519  -3062.393731    138.137700  4  7  4  66       
PG22  24114.933038  10648.095770  -1005.887944     46.865746  2  4  3  72       
PG23 -16402.148643 -15545.913012  14127.011670    136.990572  4  7  4  80       
PG24  13821.442068 -21401.669337  -7110.349727   -415.330136  4  4  4  52       
PG25  -8032.637538 -17187.862730 -19030.184576    485.539626  5  5  4  72       
PG26 -25858.589701  -2508.808864   6235.628270    199.555579  3  2  2  28       
PG28 -18759.935317   -847.984600 -18802.817923   -101.231684  6  5  4  35       
PG29  -4270.677323 -26027.427954   2577.761868   -608.574197  5  7  7  66       
PG30  15252.003933   7191.358396  20695.918991   -444.439547  3  4  4  51       
PG31 -22736.385423   6738.474720 -12575.480003   -227.353498  4  5  4  82       
PG32 -14738.303250 -13746.907888 -17210.397292   -605.656316  5  5  2  83       
*  2024  1 17  7 30  0.00000000
PG01  -9907.184823  20814.839074 -13236.382232    166.341925  5  7  6  87       
PG02 -14663.668159  21371.577647  -4692.181017   -499.660622  4  5  4  69       
PG03  -6113.068958  13584.163279 -22127.160537    131.696099  4  6  4 103       
PG04  -2675.373110  24055.091546 -10766.925917    268.167941  6  9  7 100       
PG05  17954.475060  -8113.946186  17681.641144   -158.270298  3  4  2  98       
PG06  18540.868996   -208.119175 -18984.434094    441.813241  4  4  2  77       
PG07   3920.714490  16669.397314  20672.103448    -39.320107  5  5  2  50       
PG08  -7721.576381  18245.188189  17391.304861   -162.488570  6  5  5  68       
PG09   7293.205397  25495.805231    650.640963     61.495796  4  5  5  59       
PG10 -23629.759634 -11098.003881   5964.852817    -69.652288  4  6  4  65       
PG11  22328.213964  -9565.461236 -10659.452231   -542.858139  1  3  2  73       
PG12   7241.695641 -13575.781682 -21931.494061   -468.699284  6  6  3  75       
PG13  13438.164822  -8960.679057  20838.193606    616.656016  2  5  3  99       
PG14  21188.224200  13552.647779   8840.719403    300.870313  3  4  3  72       
PG15   5668.128779 -19182.569811  16882.119817    118.076086  5  4  7  94       
PG16 -22937.557341   1033.298337  13408.888505   -382.458451  2  6  5  51       
PG17  12433.883059  19169.963771 -12985.281939    719.678625  3  6  5  87       
PG18  -4284.981303 -15519.457683  21103.386914   -534.045654  6  6  5  77       
PG19  14878.451401  10868.394424 -19447.354016    427.687345  4  6  6  80       
PG20  25598.438847  -1809.550777   6552.451385    391.124032  2  3  4  95       
PG21 -17074.697829  19631.420420   -154.586077    138.137050  5  6  4  54       
PG22  24002.772381  10898.389803   1869.522601     46.860159  3  4  3  58       
PG23 -14711.728939 -15186.151128  16211.310077    136.997373  5  8  5  90       
PG24  14498.792993 -21621.997684  -4390.277378   -415.336508  4  3  4  68       
PG25  -5923.127705 -16636.055336 -20251.853934    485.540782  6  5  4  78       
PG26 -26340.631066  -2939.763718   3533.658388    199.552353  2  2  2  73       
PG28 -17231.959848  -2463.199075 -20081.537741   -101.242083  6  5  4  72       
PG29  -4063.345378 -26190.785358   -305.377580   -608.573830  5  7  7  55       
PG30  13506.248334   8809.569117  21254.770068   -444.435320  3  4  4  56       
PG31 -21698.601730   5612.238173 -14768.774420   -227.353775  4  5  4  63       
PG32 -14982.444775 -15625.429649 -15333.143110   -605.658887  6  5  2  31       
*  2024  1 17  7 45  0.00000000
PG01 -10968.981982  21632.376294 -10766.068154    166.342901  5  6  5  92       
PG02 -15136.856293  21539.567861  -1841.421060   -499.655397  5  4  4  52       
PG03  -8497.817154  12929.079119 -21715.928098    131.719334  4  6  4 100       
PG04  -3204.538880  22768.019083 -13164.412718    268.176613  6  8  6  89       
PG05  19827.029993  -7572.368628  15852.601552   -158.271081  2  4  2  98       
PG06  16995.401700   1433.400601 -20316.749557    441.801238  4  4  1  54       
PG07   2273.368611  18166.674474  19560.673391    -39.328423  5  5  2  45       
PG08  -8510.435150  16280.231495  18936.428549   -162.491044  6  6  5  67       
PG09   7013.484002  25497.099714  -2201.090224     61.506878  4  4  5  70       
PG10 -22811.924487 -11047.950771   8681.397044    -69.653635  5  5  4  52       
PG11  21467.461214  -8490.216955 -13065.697392   -542.870664     3  2  58       
PG12   9530.698302 -12772.646621 -21523.425268   -468.702654  6  6  3  57       
PG13  13820.517565  -6523.921527  21496.297824    616.659411  3  5  3 109       
PG14  20016.336524  13473.647476  11329.560018    300.879519  4  4  3  62       
PG15   6715.506829 -17325.002472  18413.247026    118.079402  5  4  7  99       
PG16 -24225.549408    380.543255  11069.456288   -382.451514  2  5  5  65       
PG17  12521.390254  20594.084266 -10561.962921    719.677165  4  6  5  87       
PG18  -2546.168746 -17111.148998  20114.750547   -534.053868  5  6  6  75       
PG19  15124.365263  12946.644698 -17942.081842    427.692025  5  6  6  75       
PG20  26162.553563  -1478.648417   3787.631577    391.121638  2  3  4  87       
PG21 -17264.007061  19346.946255   2756.105929    138.135671  4  6  4  53       
PG22  23599.642699  11038.810523   4712.313349     46.854269  4  4  3  70       
PG23 -12789.056757 -14869.960840  18019.216757    137.004189  5  7  5  92       
PG24  14968.992918 -21631.398525  -1593.311885   -415.342892  4  3  3  68       
PG25  -3673.340889 -16165.483321 -21136.911133    485.541996  6  4  4  91       
PG26 -26542.347076  -3288.782978    772.058989    199.549120  2  2  2  47       
PG28 -15705.185010  -4247.417032 -21015.316039   -101.252372  6  5  4  84       
PG29  -3804.083471 -26043.367756  -3183.233091   -608.573378  5  7  7  68       
PG30  11809.253847  10542.185025  21452.759334   -444.431093  4  5  4  53       
PG31 -20553.922248   4273.007978 -16715.777392   -227.354131  5  5  4  88       
PG32 -15263.262121 -17266.482885 -13191.039323   -605.661351  6  6  3  67       
*  2024  1 17  8  0  0.00000000
PG01 -11791.263451  22293.049621  -8110.005733    166.343919  5  6  5  77       
PG02 -15402.801654  21470.413956   1041.696869   -499.650339  4  3  3  50       
PG03 -10850.868019  12420.849512 -20935.364040    131.742551  4  5  5 102       
PG04  -3875.404649  21262.527974 -15333.657388    268.185310  6  8  6  86       
PG05  21502.948655  -7165.078188  13748.594688   -158.272500  3  4  2 104       
PG06  15457.019010   3258.969703 -21298.146833    441.789263  4  4     78       
PG07    793.100994  19642.687573  18121.310765    -39.336995  5  5  3  35       
PG08  -9451.352835  14212.816608  20149.117278   -162.492109  6  6  5  74       
PG09   6624.040298  25211.456441  -5014.840534     61.517984  4  4  5  78       
PG10 -21701.899039 -10986.644729  11252.368761    -69.654715  5  5  5  62       
PG11  20484.299428  -7183.457793 -15246.223941   -542.883228  2  3  2  57       
PG12  11796.913218 -12109.198302 -20754.078680   -468.706090  6  6  2  74       
PG13  14341.310049  -4059.810769  21776.717004    616.662994  3  5  3  99       
PG14  18578.959340  13394.421971  13625.502527    300.888686  4  4  3  70       
PG15   7920.750030 -15377.631687  19612.761437    118.082805  6  5  7 100       
PG16 -25279.958405   -123.155360   8541.124771   -382.444760  3  5  5  58       
PG17  12609.183977  21730.427838  -7951.713333    719.676796  5  7  5  75       
PG18   -983.192272 -18697.674265  18778.846065   -534.062061  5  7  5  80       
PG19  15441.838687  14826.450758 -16136.269796    427.696918  6  7  6  80       
PG20  26425.291275  -1182.736048    957.009314    391.120243  2  3  4  85       
PG21 -17267.503412  18806.054748   5616.737265    138.134746  4  6  4  74       
PG22  22901.190831  11107.111564   7473.272748     46.848580  4  4  3  58       
PG23 -10666.307063 -14629.539903  19519.601748    137.010966  4  7  5  86       
PG24  15253.976946 -21401.933857   1231.682047   -415.349264  4  3  3  63       
PG25  -1323.079792 -15797.563048 -21670.365980    485.543203  6  4  4  88       
PG26 -26453.497884  -3589.101470  -2002.552542    199.545904  2  3  2  82       
PG28 -14219.860508  -6174.837531 -21588.168822   -101.262721  6  5  4  75       
PG29  -3456.215325 -25596.624373  -6006.003447   -608.573209  6  7  7  73       
PG30  10195.155552  12358.186947  21285.781638   -444.426895  4  5  4  64       
PG31 -19343.984561   2726.030112 -18383.852690   -227.354335  5  5  5  94       
PG32 -15545.139737 -18647.122521 -10821.734126   -605.663826  6  6  3  78       
*  2024  1 17  8 15  0.00000000
PG01 -12385.644351  22755.583568  -5313.310298    166.344864  6  7  5  40       
PG02 -15492.236818  21142.097490   3906.701979   -499.645243  5  4  2  54       
PG03 -13122.797047  12058.235214 -19798.252435    131.765794  4  5  5  89       
PG04  -4705.358159  19578.280171 -17237.219713    268.194046  6  7  6  78       
PG05  22944.943623  -6869.352264  11406.599579   -158.273564  2  4  2  98       
PG06  13967.806203   5241.114495 -21911.281578    441.777262  4  4     80       
PG07   -507.330434  21054.146305  16376.254569    -39.345404  5  5  3  22       
PG08 -10542.606555  12090.942026  21009.044237   -162.493731  5  6  5  45       
PG09   6093.693670  24659.530059  -7742.140105     61.529045  4  4  4  83       
PG10 -20314.969682 -10952.445676  13634.847805    -69.656147  5  5  5  44       
PG11  19421.711917  -5648.906016 -17163.377278   -542.895761  2  3  3  74       
PG12  13993.220423 -11587.339512 -19635.853508   -468.709709  6  5  2  46       
PG13  14994.281885  -1618.987053  21675.118336    616.666155  4  5  2 102       
PG14  16896.450786  13349.400113  15689.313694    300.897904  4  4  3  55       
PG15   9275.920626 -13387.164978  20458.742830    118.086583  6  4  7  98       
PG16 -26071.673961   -503.985530   5867.786961   -382.437788  3  5  5  51       
PG17  12658.469302  22567.886813  -5201.311886    719.675552  5  7  5  82       
PG18    387.334883 -20233.763760  17118.270229   -534.070317  5  6  5  82       
PG19  15799.010561  16477.241549 -14060.366877    427.701467  7  7  6  76       
PG20  26380.591626   -885.656075  -1890.249669    391.118440  2  3  4  47       
PG21 -17121.992442  17996.830811   8376.057723    138.133347  4  5  3  65       
PG22  21911.898655  11142.025834  10105.169199     46.842611  5  5  3  42       
PG23  -8382.116092 -14491.436433  20686.478708    137.017708  4  7  5  81       
PG24  15381.419138 -20912.274370   4034.829326   -415.355678  5  2  3  73       
PG25   1084.200736 -15546.830339 -21842.851624    485.544325  6  4  3  87       
PG26 -26071.793594  -3875.388337  -4743.511552    199.542782  2  4  3  61       
PG28 -12811.842107  -8212.816728 -21790.299046   -101.273093  6  5  4  69       
PG29  -2986.284950 -24870.551612  -8724.914886   -608.572934  6  7  7  69       
PG30   8692.682101  14221.195334  20755.864405   -444.422671  4  5  3  74       
PG31 -18109.874692    984.569381 -19744.824109   -227.354842  5  5  5  89       
PG32 -15790.009861 -19752.765609  -8266.566331   -605.666332  6  6  3  62       
*  2024  1 17  8 30  0.00000000
PG01 -12771.738637  22983.285984  -2424.029849    166.345805  6  7  5  74       
PG02 -15440.684917  20540.387966   6704.061839   -499.640110  5  5  1  58       
PG03 -15265.770376  11831.730944 -18323.433204    131.789043  4  5  5  92       
PG04  -5704.253118  17759.064070 -18842.342545    268.202823  6  6  6  96       
PG05  24122.300962  -6656.532104   8867.576095   -158.274791  2  4  2  93       
PG06  12565.189371   7345.034677 -22145.174518    441.765242  4  5  1  91       
PG07  -1622.880351  22356.956072  14353.122514    -39.353887  5  4  4  26       
PG08 -11774.336391   9962.424353  21502.260106   -162.495794  4  6  5  55       
PG09   5396.265814  23869.195982 -10336.118600     61.540114  4  4  4  81       
PG10 -18674.526515 -10980.749183  15789.055900    -69.657795  6  5  5  89       
PG11  18322.678666  -3898.897101 -18784.075919   -542.908252  3  4  3  64       
PG12  16073.442522 -11201.017945 -18186.928084   -468.712976  6  5  2  64       
PG13  15764.998337    749.703097  21193.997707    616.669844  4  5  2  94       
PG14  14996.565425  13369.374619  17485.623743    300.907150  4  4  3  62       
PG15  10765.023319 -11399.591847  20935.911377    118.090209  6  5  6 107       
PG16 -26578.733291   -793.127382   3095.310895   -382.430847  4  6  5  34       
PG17  12630.219612  23104.756292  -2359.643036    719.674898  5  6  5  72       
PG18   1557.248259 -21673.123295  15161.329291   -534.078595  5  6  5  90       
PG19  16159.866602  17875.674661 -11749.185689    427.706466  7  8  6  90       
PG20  26031.272120   -551.064810  -4704.611373    391.116527  2  3  4  65       
PG21 -16867.532393  16916.166677  10985.525935    138.132155  5  5  3  56       
PG22  20644.911663  11181.575151  12563.537272     46.836962  5  5  2  55       
PG23  -5980.300614 -14475.444862  21499.462332    137.024482  4  6  5  83       
PG24  15383.501278 -20148.754744   6766.187237   -415.362088  5  2  3  88       
PG25   3502.800047 -15420.380797 -21650.796250    485.545532  6  3  3  72       
PG26 -25402.980543  -4182.251550  -7404.836937    199.539556  2  5  3  69       
PG28 -11511.303828 -10322.947086 -21618.260551   -101.283401  6  5  4  76       
PG29  -2365.556286 -23892.891260 -11293.074665   -608.572314  6  6  7  64       
PG30   7324.176394  16090.691216  19871.189429   -444.418415  4  5  3  73       
PG31 -16890.619558   -930.375315 -20775.423770   -227.354885  5  5  5  97       
PG32 -15958.950821 -20577.541166  -5569.817083   -605.668775  5  6  4  29       
*  2024  1 17  8 45  0.00000000
PG01 -12976.277138  22945.618433    507.671581    166.346739  6  7  5  53       
PG02 -15286.850442  19659.421615   9386.042538   -499.635112  5  5  1  74       
PG03 -17235.207290  11724.002577 -16535.527566    131.812244  3  5  5  91       
PG04  -6873.854670  15851.175827 -20121.514530    268.211588  6  6  5  99       
PG05  25011.938096  -6493.334334   6175.715305   -158.275841  3  4  2  91       
PG06  11280.555925   9529.761671 -21995.429418    441.753248  5  4  2  77       
PG07  -2556.316475  23507.835277  12084.601730    -39.361890  5  4  4  68       
PG08 -13128.840116   7873.171062  21621.371088   -162.497760  4  7  6  53       
PG09   4511.783218  22874.428601 -12752.307960     61.551200  4  5  4  90       
PG10 -16811.306458 -11102.529733  17678.960424    -69.658911  6  5  5  79       
PG11  17228.498800  -1954.101889 -20080.386343   -542.920786  4  4  4  60       
PG12  17993.921933 -10936.532698 -16431.017739   -468.716390  5  4  3  59       
PG13  16631.403909   3000.927988  20342.583372    616.673229  5  4  2  77       
PG14  12913.563066  13480.196268  18983.524500    300.916336  4  4  3  71       
PG15  12364.493649  -9458.437281  21035.942324    118.093464  6  4  6  95       
PG16 -26787.048400  -1025.337987    270.765057   -382.423722  4  5  5  46       
PG17  12486.888496  23348.582640    523.250072    719.673825  5  6  5  85       
PG18   2526.978383 -22970.177875  12941.571776   -534.086788  5  6  4  74       
PG19  16485.675664  19006.336090  -9241.364226    427.710942  8  8  5  80       
PG20  25388.924151   -144.067017  -7437.064094    391.114977  2  3  3  80       
PG21 -16545.600190  15569.901372  13400.201443    138.131218  5  5  3  80       
PG22  19121.547202  11261.447929  14807.379321     46.831170  5  5  2  50       
PG23  -3508.379536 -14593.766893  21944.138810    137.031291  3  6  5  58       
PG24  15295.483223 -19106.138800   9376.723119   -415.368496  5  2  3  91       
PG25   5886.266348 -15417.587083 -21096.522346    485.546741  6  3  3  61       
PG26 -24460.645631  -4542.754133  -9941.943633    199.536327  2  5  2  63       
PG28 -10341.680556 -12462.364169 -21075.014989   -101.293736  6  6  3   3       
PG29  -1571.324663 -22698.041669 -13666.285512   -608.571803  7  6  7  64       
PG30   6104.860543  17923.413550  18646.015696   -444.414126  5  5  3  79       
PG31 -15721.759626  -2990.638189 -21457.680198   -227.354967  6  5  5  65       
PG32 -16013.812952 -21124.311552  -2777.928427   -605.671281  5  5  4  66       
*  2024  1 17  9  0  0.00000000
PG01 -13031.929955  22619.558412   3430.404157    166.347677  6  6  5  44       
PG02 -15070.929798  18501.952622  11907.493916   -499.629908  5  5  1  51       
PG03 -18991.335360  11710.635268 -14464.566356    131.835365  3  5  5  83       
PG04  -8207.609333  13901.718917 -21052.934825    268.220386  6  5  5  90       
PG05  25599.169250  -6343.338830   3377.645193   -158.277035  4  5  3  86       
PG06  10138.119201  11749.568458 -21464.334270    441.741283  5  4  3  87       
PG07  -3318.021840  24465.952225   9608.036980    -39.370678  5  4  4  22       
PG08 -14581.186458   5865.556269  21365.587980   -162.500417  3  6  6  75       
PG09   3427.436322  21713.961261 -14949.396173     61.562271  5  5  5 103       
PG10 -14762.379693 -11343.054637  19272.825453    -69.660252  5  5  5  70       
PG11  16177.192947    157.075578 -21030.005888   -542.933304  5  4  4  53       
PG12  19715.023458 -10773.135869 -14397.048116   -468.720070  5  4  3  61       
PG13  17564.690602   5094.436872  19136.610312    616.676475  5  4  2  78       
PG14  10687.076600  13701.662103  20157.100098    300.925628  4  3  3  58       
PG15  14044.019583  -7603.133325  20757.615893    118.097396  6  4  6  93       
PG16 -26690.844854  -1237.426641  -2558.344100   -382.416976  5  5  4  69       
PG17  12194.042606  23315.655275   3397.101947    719.672775  5  6  5  77       
PG18   3305.356781 -24081.808108  10497.221110   -534.095020  6  5  4  75       
PG19  16736.534964  19862.158929  -6578.776113    427.715891  8  8  4  86       
PG20  24473.474088    367.203867 -10040.003060    391.112841  3  3  3  43       
PG21 -16197.263695  13972.593075  15579.498453    138.129994  5  5  3  76       
PG22  17370.510993  11413.505780  16799.775850     46.825293  6  5  2  58       
PG23  -1015.951562 -14850.471327  22012.341794    137.038075  4  5  5  68       
PG24  15154.133322 -17788.052837  11819.301863   -415.374888  5  2  2  83       
PG25   8188.930017 -15530.105927 -20188.269743    485.547937  6  3  3  75       
PG26 -23265.747375  -4986.994897 -12312.329521    199.533115  3  5  2  50       
PG28  -9318.880926 -14585.231733 -20169.880958   -101.304093  6  6  3  35       
PG29   -587.988692 -21325.726086 -15803.806375   -608.571387  7  6  7  60       
PG30   5042.375537  19674.883303  17100.500306   -444.409887  5  5  3  66       
PG31 -14634.051936  -5161.719836 -21779.240623   -227.355462  6  5  5  64       
PG32 -15918.809462 -21404.370313     61.296776   -605.673729  5  4  5  88       
*  2024  1 17  9 15  0.00000000
PG01 -12975.875094  21990.690422   6292.499643    166.348630  6  6  5  18       
PG02 -14832.910748  17079.278069  14226.550251   -499.624885  6  6  1  66       
PG03 -20500.579245  11761.166941 -12145.523993    131.858548  4  5  5  46       
PG04  -9690.747599  11956.888825 -21620.872577    268.229172  5  5  5  73       
PG05  25878.152615  -6168.592189    521.607624   -158.278735  5  5  3  84       
PG06   9154.072868  13955.577156 -20560.842203    441.729276  5  4  3  90       
PG07  -3925.495645  25194.520152   6964.912499    -39.378683  5  3  4  70       
PG08 -16100.117188   3976.961976  20740.651286   -162.503828  4  6  6  74       
PG09   2138.259060  20429.781267 -16889.919849     61.573334  5  5  5  95       
PG10 -12569.914494 -11720.813652  20543.705010    -69.660714  5  5  5  85       
PG11  15202.047881   2399.401450 -21616.645376   -542.945796  5  5  5  62       
PG12  21202.507822 -10683.910965 -12118.744279   -468.723148  5  3  3  62       
PG13  18530.441840   6996.410105  17597.973989    616.679949  5  4  2  89       
PG14   8360.779355  14046.640775  20985.881335    300.934880  4  3  3  82       
PG15  15767.658295  -5867.581594  20106.799585    118.100859  6  4  5  92       
PG16 -26292.803929  -1466.678150  -5344.813177   -382.409777  5  6  4  78       
PG17  11721.850394  23030.172788   6212.329669    719.671963  5  5  5  84       
PG18   3909.087855 -24969.010390   7870.517002   -534.103304  6  5  3  73       
PG19  16872.970240  20444.546609  -3805.894657    427.720805  8  8  3  84       
PG20  23312.426261   1010.124745 -12468.090894    391.112139  2  3  3  55       
PG21 -15861.439982  12146.951647  17487.793410    138.128840  5  5  3  81       
PG22  15426.860044  11664.471742  18508.401508     46.819368  6  5  2  60       
PG23   1447.011425 -15241.275841  21702.327392    137.044844  4  4  4  79       
PG24  14996.086319 -16207.059938  14049.655732   -415.381262  5  2  1  85       
PG25  10367.423665 -15742.178646 -18940.138364    485.549137  6  4  4  86       
PG26 -21845.891228  -5540.803857 -14476.230017    199.529881  3  5  2  51       
PG28  -8450.800059 -16644.349055 -18918.376181   -101.314421  6  6  3  23       
PG29    592.158963 -19819.471465 -17669.046389   -608.570572  7  5  7  79       
PG30   4136.616423  21300.998640  15260.416004   -444.405650  5  5  2  79       
PG31 -13652.350384  -7403.861242 -21733.621505   -227.355461  6  5  5  64       
PG32 -15642.012441 -21436.833317   2899.499961   -605.676216  6  3  5  51       
*  2024  1 17  9 30  0.00000000
PG01 -12848.168267  21053.972200   9042.995745    166.349575  6  6  5  17       
PG02 -14610.926209  15410.850289  16305.240810   -499.619793  6  6  2  60       
PG03 -21736.729311  11840.370372  -9617.762565    131.881736  4  5  5  82       
PG04 -11300.714118  10060.309644 -21815.916212    268.237967  5  5  4  93       
PG05  25852.006284  -5931.262749  -2343.377953   -158.279498  5  5  4  92       
PG06   8336.069494  16097.502265 -19300.430964    441.717269  6  4  3  89       
PG07  -4402.561206  25662.286216   4200.226606    -39.387461  5  3  4  94       
PG08 -17649.197378   2238.538589  19758.640010   -162.505016  4  6  6  83       
PG09    647.503702  19065.518862 -18540.885000     61.584390  5  5  5  98       
PG10 -10279.762531 -12246.702401  21469.873523    -69.662992  5  4  5  94       
PG11  14330.360050   4731.981842 -21830.305099   -542.958305  6  5  5  83       
PG12  22428.724892 -10636.899782  -9634.136957   -468.726778  4  2  3  70       
PG13  19490.002284   8680.542696  15754.274821    616.683304  6  4  2  88       
PG14   5980.900206  14520.469851  21455.215476    300.944152  4  3  3  80       
PG15  17495.195875  -4278.969332  19096.266531    118.104375  5  3  5  93       
PG16 -25603.910021  -1749.280940  -8042.454045   -382.403042  5  6  4  96       
PG17  11046.370616  22523.126596   8920.888861    719.671669  5  4  5  77       
PG18   4361.906393 -25598.414145   5106.976817   -534.111528  6  5  2  64       
PG19  16857.534832  20763.195774   -969.116346    427.725123  8  8  3  70       
PG20  21939.817975   1806.301279 -14679.076080    391.109702  2  3  3  36       
PG21 -15573.308830  10122.971835  19094.886128    138.127555  6  5  3  90       
PG22  13330.757282  12034.843304  19905.946475     46.813467  6  5  2  79       
PG23   3831.891620 -15753.661864  21018.842935    137.051669  4  3  4  86       
PG24  14856.201771 -14384.364703  16027.307834   -415.387638  5  2  1  90       
PG25  12382.136105 -16031.219492 -17371.946539    485.550337  6  4  4  80       
PG26 -20234.374903  -6224.598416 -16397.233925    199.526673  4  5  2  93       
PG28  -7737.150271 -18592.819748 -17341.955217   -101.324804  6  6  3  82       
PG29   1968.451956 -18224.958030 -19230.180684   -608.570131  7  5  7  76       
PG30   3379.873027  22759.641386  13156.765638   -444.401447  5  5  2  68       
PG31 -12794.705218  -9673.324780 -21320.380972   -227.355881  6  4  5  78       
PG32 -15156.699136 -21247.750773   5688.564473   -605.678718  6  3  5  79       
*  2024  1 17  9 45  0.00000000
PG01 -12689.980012  19814.135128  11632.633952    166.350549  6  6  5  39       
PG02 -14439.721930  13523.601165  18110.008142   -499.614884  7  6  2  54       
PG03 -22681.843500  11909.737015  -6924.392327    131.904962  5  5  5  63       
PG04 -13007.907508   8251.486646 -21635.109882    268.246741  4  5  4  90       
PG05  25532.592854  -5595.282455  -5168.349330   -158.280485  6  6  4  95       
PG06   7683.044710  18125.461505 -17704.842375    441.705239  6  4  3  99       
PG07  -4778.302179  25844.850131   1361.762120    -39.395697  5  2  4  88       
PG08 -19188.164521    674.227976  18437.673828   -162.505692  5  6  6  92       
PG09  -1033.302211  17664.792484 -19874.307043     61.595464  5  5  5  91       
PG10  -7939.912790 -12923.489651  22035.188371    -69.664396  5  4  4  84       
PG11  13582.426480   7109.653770 -21667.439815   -542.970759  7  5  5  80       
PG12  23373.580259 -10596.439771  -6984.988593   -468.730058  4  1  3  89       
PG13  20402.015464  10128.822744  13638.266650    616.686642  6  4  2  77       
PG14   3594.640735  15120.650089  21556.544117    300.953354  5  3  3  75       
PG15  19183.686604  -2856.888051  17745.359680    118.107924  5  3  5  81       
PG16 -24643.014599  -2118.814495 -10606.771652   -382.396022  5  6  4  71       
PG17  10150.595198  21830.954658  11477.066771    719.670263  5  4  5  70       
PG18   4693.453516 -25943.594470   2254.590423   -534.119763  7  5  1  61       
PG19  16656.351119  20835.623582   1883.950203    427.729567  8  8  3  66       
PG20  20394.928684   2770.518418 -16634.552606    391.107962  3  4  3  49       
PG21 -15362.937875   7936.817180  20376.320512    138.126417  6  5  3  72       
PG22  11126.068206  12538.063218  20970.445269     46.807873  6  5  2  56       
PG23   6093.107908 -16367.321134  19973.085745    137.058450  5  2  3  81       
PG24  14765.997751 -12349.155902  17716.420917   -415.394015  5  2  1  94       
PG25  14198.547929 -16368.676280 -15509.001008    485.551517  6  4  4  52       
PG26 -18469.036869  -7052.441072 -18042.854356    199.523416  4  5  2  98       
PG28  -7169.615814 -20385.718872 -15467.646753   -101.335136  6  6  3  43       
PG29   3531.699424 -16588.304209 -20460.678496   -608.569721  7  5  6  53       
PG30   2757.274597  24012.232890  10825.295956   -444.397263  5  5  2  71       
PG31 -12071.717460 -11923.840620 -20545.206661   -227.356196  6  4  5  80       
PG32 -14442.500288 -20868.977123   8381.394361   -605.681181  6  3  5  78       
*  2024  1 17 10  0  0.00000000
PG01 -12541.774732  18285.693326  14014.845006    166.351535  6  6  5  78       
PG02 -14349.289982  11451.011664  19612.134853   -499.609500  7  6  2  72       
PG03 -23326.845140  11929.106981  -4111.556887    131.928195  5  5  5  72       
PG04 -14776.699843   6564.433622 -21081.976559    268.255462  4  5  4  90       
PG05  24939.985127  -5127.912654  -7905.221176   -158.282379  7  6  4  72       
PG06   7185.394494  19991.782981 -15801.705674    441.693277  6  3  2  81       
PG07  -5085.761367  25725.751016  -1500.739739    -39.403891  5  2  4  82       
PG08 -20674.420950   -699.919347  16801.519793   -162.508443  6  6  6  78       
PG09  -2884.617874  16269.573477 -20867.662724     61.606489  5  5  5  88       
PG10  -5598.866849 -13745.589547  22229.379283    -69.665924  5  4  4  68       
PG11  12970.821692   9484.543549 -21131.010504   -542.983296  7  6  5  71       
PG12  24025.235644 -10524.665177  -4216.143556   -468.733370  4  1  3  82       
PG13  21224.065712  11331.979561  11287.223872    616.689843  6  4  2  58       
PG14   1248.553003  15836.850879  21287.582738    300.962611  5  3  3  90       
PG15  20789.101240  -1612.787934  16079.516851    118.111687  5  3  5  85       
PG16 -23436.136397  -2604.846873 -12995.603238   -382.389171  6  6  4  87       
PG17   9025.212907  20994.024188  13838.202068    719.669449  5  3  5  75       
PG18   4937.915801 -25986.126336   -637.036130   -534.128007  7  5     46       
PG19  16240.538912  20686.414028   4705.223127    427.734419  8  8  3  81       
PG20  18720.795553   3909.966079 -18300.645407    391.106435  3  4  3  57       
PG21 -15254.161907   5629.510494  21313.575580    138.125038  6  5  3  85       
PG22   8858.852742  13179.970572  21685.516619     46.801904  6  4  2  68       
PG23   8189.689338 -17054.919664  18582.549797    137.065238  5  1  3  77       
PG24  14752.232244 -10137.612710  19086.545084   -415.400384  4  2  2  89       
PG25  15788.398614 -16721.137850 -13381.775399    485.552721  5  4  4  69       
PG26 -16590.947652  -8031.332880 -19385.048532    199.520186  4  5  2  81       
PG28  -6732.325333 -21981.695063 -13327.596194   -101.345485  6  6  3  22       
PG29   5264.368637 -14954.353371 -21339.735971   -608.569314  7  5  6  46       
PG30   2247.524666  25025.177754   8305.915542   -444.393101  5  5  2  95       
PG31 -11486.176189 -14108.169978 -19419.912552   -227.356480  6  4  5  64       
PG32 -13486.310383 -20336.843513  10932.664255   -605.683744  6  3  5  98       
*  2024  1 17 10 15  0.00000000
PG01 -12441.511175  16492.553636  16146.694842    166.352500  7  6  5  75       
PG02 -14363.711354   9231.966820  20788.081693   -499.604482  7  6  2  77       
PG03 -23671.790480  11858.382795  -1227.653407    131.951416  6  5  5  41       
PG04 -16566.695315   5026.526376 -20166.429328    268.264247  3  5  4  80       
PG05  24101.636930  -4501.174990 -10507.576948   -158.283529  7  5  4  88       
PG06   6825.498719  21652.737131 -13624.051268    441.681246  6  3  2  86       
PG07  -5360.449209  25297.267286  -4336.489200    -39.412274  5  1  4  86       
PG08 -22064.610255  -1876.113616  14879.115561   -162.509731  7  6  6  87       
PG09  -4879.459185  14918.632018 -21504.248311     61.617485  4  5  5  93       
PG10  -3303.991553 -14699.150121  22048.259145    -69.666775  5  3  4  76       
PG11  12499.987859  11807.732573 -20230.422641   -542.995816  7  6  5  70       
PG12  24380.512139 -10383.117610  -1374.808817   -468.736844  4  1  3  75       
PG13  21914.358216  12289.590137   8742.242686    616.693152  5  4  2  51       
PG14  -1013.061317  16651.229437  20652.396762    300.971801  5  3  2  74       
PG15  22268.010614   -549.784133  14129.675869    118.114931  4  3  5  89       
PG16 -22015.525010  -3231.688205 -15169.715824   -382.381852  6  6  4  64       
PG17   7669.072533  20055.005796  15965.324363    719.669284  6  3  4  71       
PG18   5132.482438 -25716.336799  -3517.571138   -534.136196  7  4     51       
PG19  15587.478165  20346.207505   7446.906496    427.739089  8  7  4  66       
PG20  16962.595507   5223.771423 -19648.608165    391.104926  3  4  3  80       
PG21 -15263.744897   3245.489279  21894.140553    138.123673  6  4  4  93       
PG22   6575.806467  13958.544343  22040.519009     46.796184  6  4  2  83       
PG23  10086.678196 -17783.152239  16870.760128    137.072023  5     2  81       
PG24  14835.698029  -7791.617280  20113.241427   -415.406759  4  2  3  92       
PG25  17130.639072 -17051.653079 -11025.495104    485.553908  5  5  4  80       
PG26 -14642.988919  -9160.769410 -20400.680189    199.516944  4  5  3  95       
PG28  -6402.623599 -23344.446705 -10958.520725   -101.355848  6  6  3   4       
PG29   7141.092949 -13365.027967 -21852.607973   -608.568657  7  5  5  64       
PG30   1823.900429  25771.136730   5642.024322   -444.388915  5  5  3  92       
PG31 -11032.997510 -16179.730923 -17962.338797   -227.356874  6  4  4  25       
PG32 -12282.928821 -19690.683555  13299.531392   -605.686299  6  3  6  96       
*  2024  1 17 10 30  0.00000000
PG01 -12422.944820  14467.237557  17989.763817    166.353535  6  5  5  86       
PG02 -14500.241672   6909.441255  21619.741210   -499.599419  7  6  2  90       
PG03 -23725.792143  11659.260001   1677.499846    131.974663  6  5  5  46       
PG04 -18334.178675   3657.624439 -18904.574318    268.272903  3  6  4  98       
PG05  23051.293424  -3693.094692 -12931.421864   -158.284978  7  5  4  91       
PG06   6578.569923  23070.124656 -11209.723843    441.669221  6  3  2  73       
PG07  -5638.720716  24560.884186  -7094.623476    -39.420925  6  2  4  79       
PG08 -23316.217084  -2854.874886  12704.021534   -162.511432  7  6  6  85       
PG09  -6984.254334  13646.122291 -21773.439985     61.628516  4  5  5  82       
PG10  -1099.906824 -15762.459051  21493.850728    -69.667923  5  3  4  72       
PG11  12166.153085  14030.966432 -18981.352797   -543.008352  7  6  5  84       
PG12  24444.975484 -10134.405762   1490.226352   -468.740295  4  1  2  43       
PG13  22433.371225  13009.846301   6047.492139    616.696644  5  4  2  67       
PG14  -3149.669723  17539.054391  19661.370351    300.980981  5  3  2  85       
PG15  23579.231710    337.185932  11931.581878    118.118537  4  4  4  71       
PG16 -20418.521530  -4017.340337 -17093.359544   -382.374903  6  6  4  72       
PG17   6089.336309  19057.202365  17823.709470    719.668450  6  2  4  80       
PG18   5315.683131 -25133.723904  -6336.863943   -534.144449  7  4     55       
PG19  14681.857851  19850.467039  10062.261219    427.743917  8  7  4  78       
PG20  15165.958970   6702.856381 -20655.322255    391.103108  4  4  3  69       
PG21 -15400.840119    831.084224  22111.489331    138.122663  6  4  4  96       
PG22   4322.704712  14863.941717  22030.626911     46.790298  6  4  2  76       
PG23  11756.307206 -18514.048680  14866.896959    137.078829  5     2  76       
PG24  15030.286410  -5357.231254  20778.563251   -415.413125  4  2  3  79       
PG25  18212.129455 -17321.216933  -8479.628145    485.555086  5  4  4  67       
PG26 -12668.369442 -10432.577496 -21071.918193    199.513734  4  5  3  92       
PG28  -6152.112539 -24444.015772  -8401.085597   -101.366221  7  6  3  59       
PG29   9129.484525 -11857.813368 -21990.835113   -608.568209  7  5  5  76       
PG30   1455.479433  26230.075566   2879.764759   -444.384722  6  5  3  90       
PG31 -10699.473733 -18094.228137 -16196.149469   -227.356867  6  4  4  81       
PG32 -10835.410811 -18971.267209  15442.301976   -605.688847  6  3  6  91       
*  2024  1 17 10 45  0.00000000
PG01 -12514.109201  12249.745069  19510.933411    166.354561  7  5  5  98       
PG02 -14768.664669   4529.063551  22094.611981   -499.594140  6  6  2  80       
PG03 -23506.598166  11296.905721   4553.534334    131.997901  6  5  5  39       
PG04 -20033.697247   2469.492370 -17318.410378    268.281626  4  6  4  61       
PG05  21827.684096  -2688.711290 -15135.887035   -158.286037  8  4  4  80       
PG06   6413.792874  24212.657291  -8600.706135    441.657180  6  3  2  80       
PG07  -5956.089118  23527.396797  -9725.224881    -39.429320  6  2  3  58       
PG08 -24389.130674  -3644.766766  10313.814190   -162.513009  8  6  6  31       
PG09  -9159.952267  12480.359242 -21670.853850     61.639580  4  5  4  84       
PG10    973.033632 -16906.656831  20574.423892    -69.668917  5  3  4  50       
PG11  11957.579821  16108.341817 -17405.467255   -543.020917  7  6  4  72       
PG12  24232.694170  -9743.850033   4329.420765   -468.743648  4  1  2  77       
PG13  22745.417224  13508.997967   3249.430414    616.699966  5  4  2  82       
PG14  -5125.887127  18469.612519  18331.065796    300.990198  6  3  2  81       
PG15  24685.367977   1060.871220   9525.020417    118.121893  3  4  3  71       
PG16 -18686.255196  -4972.676256 -18734.774702   -382.367870  6  6  4  60       
PG17   4301.325821  18042.894438  19383.348945    719.667479  6  2  4  84       
PG18   5525.674610 -24247.024743  -9045.849199   -534.152671  7  4  2  67       
PG19  13516.469071  19238.063161  12506.377935    427.748439  7  6  4  71       
PG20  13375.282838   8330.125522 -21303.688110    391.101582  5  4  2  62       
PG21 -15666.751932  -1567.023446  21964.969925    138.121858  6  4  4  96       
PG22   2142.900998  15878.824311  21656.832674     46.784546  6  4  2  96       
PG23  13178.903466 -19206.482512  12605.313797    137.085623  5     2  53       
PG24  15342.361638  -2883.005351  21071.382240   -415.419494  4  2  4  73       
PG25  19028.049780 -17490.370764  -5787.283800    485.556232  5  4  3  51       
PG26 -10709.129817 -11831.041975 -21386.564741    199.510624  4  5  3  74       
PG28  -5947.921235 -25257.849741  -5699.211694   -101.376604  7  6  3  54       
PG29  11191.219934 -10464.428129 -21752.363996   -608.567625  7  5  5  66       
PG30   1108.546138  26390.044571     67.207542   -444.380526  6  5  3  85       
PG31 -10465.829956 -19811.225578 -14150.524491   -227.357214  5  4  3  60       
PG32  -9155.117041 -18219.199902  17325.044988   -605.691457  5  3  5  66       
*  2024  1 17 11  0  0.00000000
PG01 -12736.045520   9886.107949  20683.057294    166.355620  7  5  5  66       
PG02 -15170.928676   2137.609359  22205.898603   -499.589320  6  6  3  65       
PG03 -23039.840123  10741.517093   7350.424558    132.021179  6  4  6  12       
PG04 -21619.715699   1465.540242 -15435.432138    268.290332  5  6  4  57       
PG05  20473.048626  -1480.820947 -17083.876184   -158.287432  8  3  4  38       
PG06   6295.708575  25057.076624  -5842.366629    441.645140  6  4  3  79       
PG07  -6345.551036  22216.632453 -12180.354103    -39.437756  6  2  3  67       
PG08 -25247.115474  -4261.831012   7749.432534   -162.514081  8  5  5  77       
PG09 -11363.342194  11442.831680 -21198.404411     61.650531  4  5  3  79       
PG10   2880.112740 -18096.736624  19304.438135    -69.670900  5  2  4  63       
PG11  11855.132560  17997.906786 -15530.038199   -543.033422  7  5  4  80       
PG12  23765.673720  -9181.046220   7093.348460   -468.747229  4  1     84       
PG13  22820.055008  13810.499708    396.001176    616.703330  4  3  3  84       
PG14  -6912.659758  19407.366043  16683.973214    300.999382  6  3  1  51       
PG15  25554.183287   1640.912772   6953.000087    118.125816  4  4  3  67       
PG16 -16862.219423  -6100.875887 -20066.650401   -382.360551  6  6  3  81       
PG17   2328.073035  17051.760444  20619.334449    719.666871  6  2  3  82       
PG18   5798.545880 -23073.929644 -11597.430102   -534.160950  7  3  2  61       
PG19  12092.708294  18549.726890  14736.940917    427.753352  7  5  3  54       
PG20  11632.109619  10080.975853 -21582.902912    391.099437  6  4  1  72       
PG21 -16054.992468  -3903.313994  21459.623653    138.120327  6  4  4  91       
PG22     75.928023  16978.956905  20925.878594     46.778504  6  4  1  70       
PG23  14343.481971 -19817.823758  10124.956219    137.092440  5     1  52       
PG24  15770.472042   -418.198681  20987.553095   -415.425828  4  2  4  69       
PG25  19582.000625 -17520.857168  -2994.523442    485.557425  5  4  3  68       
PG26  -8804.689057 -13333.321940 -21338.306490    199.507405  4  4  3  74       
PG28  -5754.155563 -25771.590668  -2899.325813   -101.386960  7  6  3  47       
PG29  13283.356705  -9209.729775 -21141.560382   -608.567209  7  5  4  49       
PG30    748.122298  26247.653956  -2746.512909   -444.376312  6  5  3  89       
PG31 -10306.073306 -21295.600699 -11859.744007   -227.357423  5  3  3  80       
PG32  -7261.461491 -17473.344429  18916.147366   -605.694039  5  4  6  56       
*  2024  1 17 11 15  0.00000000
PG01 -13101.838334   7426.695570  21485.497588    166.356712  7  5  6  80       
PG02 -15701.072478   -218.526628  21952.542339   -499.584065  6  5  3  76       
PG03 -22357.977560   9969.695267  10019.386590    132.044457  6  4  6  36       
PG04 -23048.280497    640.890658 -13288.144367    268.299116  6  6  4  63       
PG05  19031.550983    -70.424629 -18742.647569   -158.288505  8  1  4  66       
PG06   6185.786314  25588.966881  -2982.646233    441.633092  6  4  3  86       
PG07  -6836.000690  20656.794834 -14415.067995    -39.445918  6  2  3  82       
PG08 -25859.137198  -4728.749234   5054.488989   -162.517017  8  5  5  85       
PG09 -13548.534817  10547.487531 -20364.261661     61.661563  5  5  1  88       
PG10   4593.419326 -19292.799283  17704.386037    -69.672026  5  1  3  66       
PG11  11833.141615  19663.113441 -13387.464683   -543.045944  7  5  3  78       
PG12  23072.983720  -8421.283512   9733.586972   -468.750435  5        79       
PG13  22633.301636  13943.898216  -2464.176173    616.706682  4  3  3  78       
PG14  -8488.207672  20313.317507  14748.152329    301.008586  6  3  1  62       
PG15  26159.758944   2102.789208   4260.907647    118.129059  4  5  2  67       
PG16 -14990.773863  -7397.137283 -21066.532302   -382.353530  6  6  3  82       
PG17    199.598414  16119.425033  21512.158873    719.666141  6  1  3  79       
PG18   6166.711440 -21640.454200 -13947.322508   -534.169189  6  3  3  52       
PG19  10420.766046  17826.426498  16714.970808    427.758288  6  4  3  36       
PG20   9973.636251  11924.107099 -21488.621147    391.098039  6  4     70       
PG21 -16551.617940  -6134.863687  20605.947385    138.119384  6  3  4  90       
PG22  -1843.754774  18134.055690  19850.123061     46.772855  6  4  2  77       
PG23  15248.003583 -20305.670934   7468.690469    137.099239  5  2     70       
PG24  16305.406953   1989.012488  20529.916470   -415.432183  4  2  4  67       
PG25  19885.782439 -17377.264815   -149.591128    485.558607  5  4  2  71       
PG26  -6990.485824 -14910.146015 -20926.881876    199.504182  4  4  3  68       
PG28  -5533.471133 -25979.560865    -49.566118   -101.397332  6  6  4  49       
PG29  15359.830575  -8110.895943 -20169.116539   -608.566637  7  5  4  37       
PG30    339.558798  25808.222191  -5512.095649   -444.372065  6  5  4  93       
PG31 -10189.107869 -22518.820960  -9362.665892   -227.357500  5  3  3  41       
PG32  -5181.366861 -16769.321901  20188.805094   -605.696553  5  4  6  62       
*  2024  1 17 11 30  0.00000000
PG01 -13616.000283   4924.348070  21904.512012    166.357737  7  4  6  81       
PG02 -16345.438283  -2494.830654  21339.186669   -499.578946  6  5  4  64       
PG03 -21498.978844   8965.577236  12513.763652    132.067749  6  4  6  41       
PG04 -24278.631115    -17.232735 -10913.496693    268.307815  7  6  4  69       
PG05  17547.640244   1533.132946 -20084.324866   -158.289463  8     4  75       
PG06   6044.119828  25803.230127    -71.200216    441.621010  5  4  3  81       
PG07  -7450.808960  18883.451294 -16388.389599    -39.454358  6  3  3  58       
PG08 -26200.498574  -5073.766571   2274.555188   -162.519549  8  5  6  71       
PG09 -15668.550271   9800.316831 -19182.708156     61.672613  5  5     78       
PG10   6092.769624 -20451.521714  15800.534123    -69.673100  4     2  63       
PG11  11860.528385  21074.068009 -11014.707182   -543.058584  6  5  3  84       
PG12  22189.607271  -7446.755973  12203.609086   -468.754200  5        72       
PG13  22168.601909  13943.506688  -5282.609601    616.709813  4  3  4  66       
PG14  -9838.687701  21146.530374  12556.770319    301.017765  7  3  1  51       
PG15  26483.394747   2476.553522   1495.656560    118.132522  6  5  3  62       
PG16 -13115.621393  -8848.674267 -21717.176471   -382.346465  6  6  3  48       
PG17  -2048.053991  15276.182515  22047.937041    719.665350  6  1  3  73       
PG18   6657.457867 -19979.994950 -16054.843000   -534.177475  6  3  3  63       
PG19   8519.487155  17107.728223  18405.532850    427.763185  6  3  3  54       
PG20   8431.410153  13822.599123 -21022.997170    391.096317  7  3     77       
PG21 -17135.822306  -8222.660515  19419.610134    138.117992  6  3  5  81       
PG22  -3587.828090  19308.856238  18447.343797     46.766934  6  4  2  70       
PG23  15899.285606 -20629.593246   4682.553365    137.105985  5  2  1  67       
PG24  16930.591623   4293.258149  19708.146031   -415.438508  4  2  4  79       
PG25  19958.854607 -17028.596144   2697.925146    485.559815  5  3  2  58       
PG26  -5296.765009 -16526.766098 -20158.158214    199.500986  4  4  3  37       
PG28  -5248.708181 -25884.926173   2801.043762   -101.407669  6  6  4  30       
PG29  17373.076823  -7176.910100 -18851.855504   -608.566163  7  5  4  51       
PG30   -149.877089  25085.588301  -8180.983953   -444.367901  6  5  4  94       
PG31 -10080.076466 -23459.988085  -6702.100121   -227.357919  5  3  2  58       
PG32  -2948.446853 -16138.144957  21121.445242   -605.699132  5  4  5  71       
*  2024  1 17 11 45  0.00000000
PG01 -14274.231797   2432.419706  21933.483176    166.358750  6  4  7  91       
PG02 -17083.161580  -4650.094615  20376.081092   -499.573871  5  4  4  74       
PG03 -20504.789975   7721.677001  14789.880220    132.091010  6  4  6  39       
PG04 -25274.697442   -528.812276  -8352.248670    268.316557  8  6  5  69       
PG05  16064.417806   3312.337713 -21086.331705   -158.290841  9  2  3  70       
PG06   5831.178765  25704.206204   2841.487434    441.608964  5  3  3  44       
PG07  -8206.636894  16938.204062 -18064.198317    -39.462722  6  3  3  87       
PG08 -26253.746878  -5329.419600   -543.567578   -162.521552  8  5  6  79       
PG09 -17676.953982   9199.247071 -17673.898641     61.683661  5  6  1  66       
PG10   7366.342069 -21527.787431  13624.559200    -69.673639  4  1     73       
PG11  11902.147501  22208.531215  -8452.645875   -543.071128  6  5  3  69       
PG12  21155.055090  -6247.513513  14459.658819   -468.757667  5        84       
PG13  21417.522723  13846.918712  -8011.719467    616.712997  4  3  4  86       
PG14 -10958.549279  21865.746426  10147.542075    301.026976  7  3  1  50       
PG15  26514.227431   2795.418465  -1295.152611    118.136161  7  5  4  65       
PG16 -11278.310121 -10435.003325 -22006.845553   -382.339291  7  6  3  35       
PG17  -4373.987970  14545.935259  22218.549227    719.664291  6  1  4  67       
PG18   7291.702505 -18132.107438 -17883.625516   -534.185674  6  3  4  72       
PG19   6415.900508  16430.203640  19778.396364    427.768116  6  3  3  66       
PG20   7030.261802  15735.212841 -20194.611364    391.094653  7  3     76       
PG21 -17780.760563 -10132.765603  17921.133033    138.116888  6  4  5  87       
PG22  -5134.960820  20464.365445  16740.480395     46.761048  6  4  2  79       
PG23  16312.567252 -20752.812710   1814.937241    137.112764  5  3  1  83       
PG24  17622.796447   6453.557352  18538.450706   -415.444848  4  2  4  84       
PG25  19827.488993 -16449.691126   5497.987167    485.560988  4  3  2  56       
PG26  -3747.556489 -18144.139152 -19044.112595    199.497792  4  4  3  62       
PG28  -4864.524535 -25499.530205   5603.437861   -101.418063  6  6  4  69       
PG29  19275.714725  -6408.369521 -17212.436338   -608.565555  8  5  4  54       
PG30   -749.485757  24101.593301 -10706.269375   -444.363747  5  4  4  93       
PG31  -9941.879393 -24106.602915  -3924.087086   -227.358156  5  3  2           
PG32   -601.943527 -15605.031958  21698.074309   -605.701726  5  4  5  49       
*  2024  1 17 12  0  0.00000000
PG01 -15063.563486      2.818426  21572.987044    166.359769  6  3  7  89       
PG02 -17886.920166  -6647.721147  19078.925523   -499.568860  4  4  5  81       
PG03 -19419.652374   6239.399186  16807.846290    132.114294  6  4  6  60       
PG04 -26006.427513   -920.067161  -5648.275961    268.325301  9  6  5  55       
PG05  14622.069897   5241.987251 -21731.745424   -158.292474  9  4  3  85       
PG06   5509.544756  25305.434204   5704.999698    441.596891  5  3  3  52       
PG07  -9112.542548  14867.103245 -19412.010223    -39.471072  6  3  3  94       
PG08 -26009.323401  -5531.116294  -3352.584415   -162.523534  8  6  6  52       
PG09 -19529.480024   8734.354046 -15863.525896     61.694657  5  6  2  79       
PG10   8410.995956 -22476.420104  11213.080153    -69.675485  4  2     69       
PG11  11920.293066  23052.631597  -5745.374002   -543.083691  6  5  2  71       
PG12  20011.797639  -4822.107953  16461.591356   -468.760885  5  1     80       
PG13  20380.150191  13693.418642 -10605.595274    616.716252  5  3  4  80       
PG14 -11850.567538  22431.036325   7562.081554    301.036169  7  4  1  71       
PG15  26249.552264   3094.250607  -4064.044477    118.139475  7  5  5  72       
PG16  -9516.810508 -12128.513986 -21929.542647   -382.332183  7  5  3  67       
PG17  -6733.791356  13945.379112  22021.710657    719.663615  6  1  4  22       
PG18   8083.013811 -16141.056481 -19402.253111   -534.193939  5  3  4  72       
PG19   4144.428943  15825.946661  20808.630612    427.772752  6  2  2  60       
PG20   5787.513121  17617.862633 -19018.283722    391.093235  7  3     83       
PG21 -18454.569705 -11837.290666  16135.539419    138.115592  6  4  5  92       
PG22  -6471.412417  21559.256630  14757.317522     46.755251  6  3  3  66       
PG23  16510.746470 -20643.757736  -1084.274447    137.119503  6  3  1  69       
PG24  18353.122943   8434.696669  17043.147504   -415.451210  4  3  3  67       
PG25  19523.646330 -15622.443788   8201.037519    485.562184  4  3  2  67       
PG26  -2359.887191 -19720.297303 -17602.711536    199.494587  4  4  3  75       
PG28  -4348.962601 -24843.405630   8309.353643   -101.428555  6  6  5  54       
PG29  21022.232156  -5797.621184 -15278.965647   -608.564883  8  4  4  79       
PG30  -1483.754982  22885.250475 -13043.568521   -444.359554  5  4  4  93       
PG31  -9736.810837 -24455.013705  -1077.090620   -227.358375  5  4  3  18       
PG32   1814.543750 -15188.444829  21908.548520   -605.704311  4  4  5  66       
*  2024  1 17 12 15  0.00000000
PG01 -15962.870657  -2315.873604  20830.703312    166.360795  6  3  7  94       
PG02 -18723.917684  -8456.868370  17468.656537   -499.563660  3  4  5  77       
PG03 -18288.337490   4529.201585  18532.294213    132.137614  5  4  6  67       
PG04 -26450.896243  -1222.246496  -2847.828998    268.334039  9  6  6  71       
PG05  13256.421679   7289.961045 -22009.566303   -158.293744  9  4  3  82       
PG06   5045.562484  24629.066806   8469.874866    441.584862  5  2  3  47       
PG07 -10169.425536  12718.873886 -20407.622501    -39.479749  6  4  3  89       
PG08 -25465.934467  -5715.620039  -6105.441085   -162.526415  8  6  6  41       
PG09 -21185.581931   8388.379811 -13782.397621     61.705691  5  6  3  65       
PG10   9232.255800 -23253.954706   8607.087598    -69.677324  4  2     68       
PG11  11876.310008  23601.265513  -2939.438669   -543.096208  6  4  2  75       
PG12  18803.577875  -3177.901887  18173.656354   -468.764480  5  2  1  79       
PG13  19065.178222  13522.347811 -13020.715225    616.719526  6  3  5  84       
PG14 -12525.550996  22805.417454   4845.175254    301.045372  7  4  2  77       
PG15  25694.845465   3408.033348  -6764.441410    118.142943  7  5  6  70       
PG16  -7864.216531 -13895.308228 -21485.177423   -382.325027  7  5  2  51       
PG17  -9080.991283  13483.459740  21460.969880    719.662489  6  2  4  56       
PG18   9036.931818 -14054.197325 -20584.793730   -534.202162  5  3  4  86       
PG19   1745.802815  15321.260852  21477.122004    427.777478  5  1  2  59       
PG20   4712.489519  19425.202132 -17514.780680    391.091213  6  3     92       
PG21 -19121.552189 -13315.167589  14091.979459    138.114695  6  4  5  85       
PG22  -7591.369618  22551.362767  12530.109517     46.749544  6  3  3  56       
PG23  16523.318400 -20277.424463  -3964.603691    137.126269  6  4  2  20       
PG24  19088.217774  10208.352383  15250.123389   -415.457531  5  3  3  54       
PG25  19083.617174 -14536.754895  10758.947263    485.563357  4  3  2  74       
PG26  -1143.260168 -21211.858151 -15857.685601    199.491386  4  4  3  70       
PG28  -3674.888746 -23943.981088  10872.165608   -101.438914  5  6  5  68       
PG29  22570.607540  -5329.219054 -13084.521865   -608.564278  9  4  4  82       
PG30  -2371.174160  21471.637811 -15151.852329   -444.355385  5  3  4 100       
PG31  -9428.246401 -24510.523053   1788.879903   -227.358444  6  2  3  29       
PG32   4254.494140 -14899.385911  21748.761898   -605.706801  3  3  4  67       
*  2024  1 17 12 30  0.00000000
PG01 -16943.732294  -4480.119527  19721.175675    166.361825  6  4  7  84       
PG02 -19557.070649 -10053.398016  15571.175752   -499.558680  3  5  5  78       
PG03 -17154.370062   2610.397725  19933.031874    132.160814  5  4  6  57       
PG04 -26593.154213  -1470.231552      1.244024    268.342780  9  6  6  65       
PG05  11997.664804   9418.252792 -21914.899166   -158.295239  9  4  2  58       
PG06   4410.840126  23704.962630  11088.470693    441.572819  5  2  3  49       
PG07 -11369.836306  10543.039347 -21033.601580    -39.488018  6  4  3  99       
PG08 -24630.632571  -5919.492012  -8756.048918   -162.528121  8  6  6  50       
PG09 -22609.853440   8137.538109 -11465.930225     61.716726  5  6  3  66       
PG10   9843.955897 -23820.376976   5851.276598    -69.678983  4  2     43       
PG11  11732.247743  23858.169628    -83.042168   -543.108747  6  4  2  66       
PG12  17573.673779  -1331.022071  19565.204544   -468.767589  5  2  1  80       
PG13  17489.688073  13371.486331 -15216.620785    616.722881  6  3  5  89       
PG14 -13001.734402  22956.373756   2043.990968    301.054583  7  4  2  65       
PG15  24863.496029   3770.357003  -9351.387149    118.146341  7  5  6  81       
PG16  -6347.617299 -15696.285687 -20679.658238   -382.317965  6  5  3  54       
PG17 -11368.580071  13161.115369  20545.638310    719.662034  6  2  4  27       
PG18  10150.614586 -11920.252549 -21411.231271   -534.210398  6  4  4  96       
PG19   -734.286556  14935.572912  21770.997923    427.782301  6     2  54       
PG20   3806.351224  21112.261633 -15710.422772    391.089747  6  3     87       
PG21 -19743.484357 -14552.691853  11823.331702    138.113537  7  5  5 101       
PG22  -8497.005026  23399.219523  10095.146668     46.743595  7  3  3  68       
PG23  16385.058225 -19636.489742  -6775.888424    137.133145  7  4  2  56       
PG24  19791.657977  11753.918116  13192.206593   -415.463864  5  3  2  65       
PG25  18546.481048 -13191.174110  13125.957352    485.564543  4  2  3  76       
PG26    -99.425163 -22575.620153 -13838.196973    199.488193  4  4  3  76       
PG28  -2821.248235 -22835.014183  13247.692118   -101.449265  5  6  5  81       
PG29  23883.808778  -4980.684429 -10666.599793   -608.563906  9  4  4  85       
PG30  -3423.293723  19900.558197 -16994.208822   -444.351184  5  3  4  97       
PG31  -8982.310742 -24287.142887   4623.200469   -227.358619  6  1  3  58       
PG32   6670.016343 -14740.980732  21220.748202   -605.709288  3  3  4  68       
*  2024  1 17 12 45  0.00000000
PG01 -17971.591709  -6452.917917  18265.434469    166.362842  6  4  7  96       
PG02 -20346.362068 -11420.595802  13417.019807   -499.553567  3  5  5  71       
PG03 -16058.312637    510.605703  20985.597883    132.183992  4  4  5  64       
PG04 -26426.785280  -1701.001005   2850.297690    268.351516  9  6  7  61       
PG05  10869.304354  11584.228484 -21449.044825   -158.296225  9  5  2  82       
PG06   3583.540174  22569.494403  13515.788528    441.560772  4  2  2  47       
PG07 -12698.158138   8388.028441 -21279.601291    -39.496492  5  4  2  90       
PG08 -23518.605877  -6177.547127 -11259.993235   -162.529684  8  6  6  37       
PG09 -23773.266217   7952.576971  -8953.566570     61.727776  5  6  4  86       
PG10  10267.553253 -24140.760654   2993.290770    -69.681138  4  2     77       
PG11  11452.491881  23835.664247   2774.782497   -543.121136  6  4  2  61       
PG12  16363.183339    694.045515  20611.298854   -468.770890  6  2  2  87       
PG13  15678.628912  13275.508668 -17156.539457    616.726268  7  4  5 101       
PG14 -13303.880354  22857.215608   -792.763117    301.063741  7  5  2  71       
PG15  23776.265269   4211.990023 -11782.214920    118.149969  7  5  7  89       
PG16  -4987.181668 -17488.442736 -19524.903480   -382.310958  6  4  3  57       
PG17 -13550.561770  12971.312867  19290.652553    719.661260  5  3  4  37       
PG18  11412.823023  -9787.553008 -21867.785796   -534.218627  6  4  5  82       
PG19  -3246.745439  14680.620628  21683.943404    427.787070  6  1  2  46       
PG20   3062.246968  22636.074086 -13636.602085    391.087749  5  2     90       
PG21 -20281.010560 -15543.827025   9365.782065    138.112086  7  5  5 106       
PG22  -9198.253062  24063.607510   7492.263306     46.737755  7  3  3  78       
PG23  16134.502034 -18712.129802  -9469.188187    137.139904  7  5  3  60       
PG24  20425.445754  13059.014078  10906.468480   -415.470230  5  3  2  70       
PG25  17952.447351 -11593.197734  15259.589413    485.565651  4  2  4  78       
PG26    777.545451 -23770.182704 -11578.400166    199.484976  4  4  3  69       
PG28  -1774.085935 -21555.291667  15394.961142   -101.459620  4  6  6  66       
PG29  24931.113360  -4723.539803  -8066.483956   -608.563297 10  5  4  68       
PG30  -4644.069651  18215.023051 -18538.522112   -444.347018  5  2  4  94       
PG31  -8369.453175 -23807.002377   7375.595435   -227.358831  6     3  76       
PG32   9013.460656 -14708.364078  20332.693109   -605.711812  2  2  4  65       
*  2024  1 17 13  0  0.00000000
PG01 -19007.163818  -8205.006579  16490.497730    166.363804  6  4  7 102       
PG02 -21050.319575 -12549.638832  11040.970813   -499.548266  3  5  5  91       
PG03 -15036.181482  -1735.135508  21671.706778    132.207188  4  4  5  57       
PG04 -25954.152606  -1952.017891   5650.701099    268.360280  9  6  7  52       
PG05   9887.363549  13742.066063 -20619.499386   -158.297573  9  5  1  82       
PG06   2549.410579  21264.121575  15710.242935    441.548778  4  3  2  44       
PG07 -14131.150569   6299.353504 -21142.504781    -39.504958  4  4  1  84       
PG08 -22152.683750  -6521.377995 -13575.218370   -162.531829  8  6  6  55       
PG09 -24654.178026   7800.058641  -6288.125765     61.738803  5  6  4  62       
PG10  10531.131058 -24186.733789     82.889387    -69.682294  4  2  2  75       
PG11  11005.310759  23554.078373   5585.007965   -543.133696  5  4  2  67       
PG12  15209.404697   2865.205835  21293.213470   -468.774187  6  3  2  89       
PG13  13664.019295  13264.567883 -18807.949772    616.729587  7  4  5  96       
PG14 -13462.125533  22488.223897  -3615.712394    301.072895  7  5  2  96       
PG15  22460.500534   4759.579911 -14017.155997    118.153508  7  4  7  95       
PG16  -3795.492926 -19226.345193 -18038.765133   -382.303981  6  4  4  72       
PG17 -15583.468989  12899.375561  17716.370449    719.660108  4  3  4  62       
PG18  12804.242835  -7702.311631 -21947.119246   -534.226851  7  4  5  72       
PG19  -5740.789777  14559.953561  21216.398523    427.791730  6  2  2  49       
PG20   2465.780684  23957.227919 -11329.219696    391.086118  5  2  1 101       
PG21 -20695.082449 -16290.262935   6758.379270    138.111300  7  6  5  96       
PG22  -9712.307127  24509.041925   4764.288112     46.732034  7  3  3 101       
PG23  15812.287770 -17504.510805 -11997.666235    137.146611  8  5  4  69       
PG24  20951.549546  14119.668603   8433.476688   -415.476614  5  4  2  43       
PG25  17341.148631  -9759.203227  17121.501131    485.566813  3  2  4  76       
PG26   1500.873254 -24757.527407  -9116.898682    199.481781  4  4  3  68       
PG28   -527.292055 -20147.147048  17276.921381   -101.470010  4  5  6  72       
PG29  25689.200425  -4524.576672  -5328.560246   -608.563113 10  5  3  94       
PG30  -6029.520528  16459.622606 -19758.052939   -444.342846  5  1  4 101       
PG31  -7565.861451 -23099.429556   9997.109427   -227.359157  5     4  88       
PG32  11239.034960 -14788.876559  19098.853485   -605.714324  2  3  4  70       
*  2024  1 17 13 15  0.00000000
PG01 -20008.025008  -9715.737801  14428.769234    166.364767  6  5  7  98       
PG02 -21627.571425 -13439.791513   8481.605916   -499.543440  4  6  5  90       
PG03 -14118.058473  -4085.547074  21979.574997    132.230378  4  3  4  56       
PG04 -25186.324214  -2259.599685   8354.648425    268.368979  8  6  7  53       
PG05   9059.875927  15844.325857 -19439.860075   -158.298282  9  5  1  85       
PG06   1302.516972  19833.784724  17634.363898    441.536764  4  3  2  64       
PG07 -15638.824832   4317.941256 -20626.391403    -39.513514  3  5     85       
PG08 -20562.575168  -6977.999085 -15662.682500   -162.533559  7  6  6  52       
PG09 -25239.073007   7643.808639  -3515.094263     61.749812  4  5  4  58       
PG10  10668.128789 -23937.710384  -2828.947667    -69.683227  4  1  2  54       
PG11  10364.256994  23040.879487   8299.446730   -543.146188  5  4  2  77       
PG12  14144.380756   5143.821465  21598.807161   -468.777758  6  3  2  82       
PG13  11483.898625  13363.058601 -20143.083169    616.732956  7  4  5  79       
PG14 -13510.618181  21837.531052  -6375.705201    301.082090  6  5  2  86       
PG15  20949.136360   5434.525846 -16019.886621    118.156898  7  4  6  89       
PG16  -2777.163686 -20863.726615 -16244.857765   -382.296851  6  4  4  71       
PG17 -17427.800387  12923.592649  15848.301107    719.659479  5  3  4  21       
PG18  14298.128937  -5706.996613 -21648.425446   -534.235047  7  4  4  81       
PG19  -8165.743993  14568.772501  20375.626658    427.796402  7  2  3   9       
PG20   1995.770113  25041.288434  -8828.054105    391.084297  5  2     89       
PG21 -20948.402095 -16801.225644   4042.564551    138.110509  7  6  5 100       
PG22 -10062.850588  24705.157808   1956.437610     46.726007  7  3  3  90       
PG23  15459.424096 -16022.931188 -14317.429994    137.153381  8  5  4  33       
PG24  21333.429341  14940.176347   5816.519095   -415.482995  5  4  2  50       
PG25  16749.960528  -7714.018267  18678.262214    485.568003  3  3  5  65       
PG26   2090.393346 -25504.496500  -6496.103408    199.478562  4  3  3  70       
PG28    916.957211 -18654.852988  18861.086124   -101.480358  4  5  6  66       
PG29  26142.973873  -4347.308993  -2499.576191   -608.562698  9  5  3  65       
PG30  -7567.710875  14678.850477 -20631.908898   -444.338656  4  2  4  83       
PG31  -6554.650011 -22199.742846  12441.063468   -227.359480  5     4  64       
PG32  13304.366334 -14962.568013  17539.381272   -605.716764  3  3  4  58       
*  2024  1 17 13 30  0.00000000
PG01 -20930.316126 -10973.598592  12117.353470    166.365686  6  6  7  92       
PG02 -22038.429944 -14098.318906   5780.784756   -499.538421  4  6  4  66       
PG03 -13326.955059  -6494.540931  21904.121330    132.253592  3  3  4  53       
PG04 -24142.680931  -2657.333502  10915.955990    268.377734  8  5  7  57       
PG05   8386.684844  17843.595911 -17929.636925   -158.299773  8  5  1  75       
PG06   -154.351157  18325.185297  19255.420565    441.524761  4  3  1  44       
PG07 -17185.605992   2478.688368 -19742.336799    -39.522187  3  5     80       
PG08 -18783.865551  -7568.659516 -17486.975441   -162.534754  7  6  6  50       
PG09 -25523.005351   7446.479190   -681.868577     61.760857  4  5  4  68       
PG10  10715.847805 -23381.831885  -5690.959188    -69.684406  4  2  3  72       
PG11   9509.369920  22329.542144  10871.569382   -543.158707  5  4  2  68       
PG12  13193.670565   7486.052534  21522.760714   -468.781083  6  4  3  72       
PG13   9181.065693  13588.602430 -21139.357884    616.736424  7  4  5  85       
PG14 -13486.002322  20901.702518  -9024.699350    301.091255  6  5  2 104       
PG15  19279.521466   6252.057714 -17758.012646    118.160295  7  4  6  95       
PG16  -1928.752525 -22355.157335 -14172.286938   -382.289843  6  3  5  76       
PG17 -19049.331063  13016.091689  13716.768718    719.658380  5  4  4  56       
PG18  15861.245223  -3838.865723 -20977.405448   -534.243171  7  4  4  53       
PG19 -10472.854089  14694.119655  19175.646724    427.801263  7  3  3  45       
PG20   1625.265486  25860.035172  -6176.072341    391.082809  5  2  1  76       
PG21 -21006.827160 -17093.042796   1261.672710    138.108952  7  6  5  86       
PG22 -10279.043113  24627.940560   -884.345052     46.720257  7  3  3  77       
PG23  15115.557836 -14285.610195 -16388.312897    137.160173  8  5  5           
PG24  21537.488011  15532.649960   3100.816222   -415.489356  6  4  3  59       
PG25  16212.422532  -5490.139346  19902.028883    485.569188  3  3  5  67       
PG26   2571.600041 -25984.106539  -3761.501755    199.475361  4  3  2  58       
PG28   2548.082361 -17122.950756  20120.098409   -101.490725  3  4  6  55       
PG29  26286.085429  -4153.557040    372.138993   -608.562468  9  6  3  76       
PG30  -9239.060294  12915.451497 -21145.395797   -444.334419  4  3  4  75       
PG31  -5326.768429 -21147.802642  14663.970378   -227.359620  4     4  74       
PG32  15171.950597 -15202.993037  15680.050434   -605.719259  4  4  4  40       
*  2024  1 17 13 45  0.00000000
PG01 -21730.487169 -11976.365465   9597.307939    166.366590  6  6  7 102       
PG02 -22246.449312 -14540.114667   2983.074257   -499.533488  4  6  4  79       
PG03 -12677.973534  -8912.842055  21447.038696    132.276765  3  3  4  65       
PG04 -22850.221271  -3174.596688  13290.833768    268.386470  7  5  7  68       
PG05   7859.559515  19694.153005 -16113.970559   -158.300786  8  5  1  91       
PG06  -1809.614438  16785.017871  20545.957356    441.512775  4  3     68       
PG07 -18731.723951    809.300110 -18508.060399    -39.530577  2  5     84       
PG08 -16856.805553  -8307.867781 -19016.892311   -162.536314  6  6  5  69       
PG09 -25509.728494   7171.167525   2163.039031     61.771886  4  4  5  22       
PG10  10713.792477 -22516.574237  -8452.565735    -69.686448  4  2  3  64       
PG11   8428.132492  21458.199326  13257.293430   -543.171247  4  4  2  66       
PG12  12375.399810   9844.414228  21066.672377   -468.784474  6  4  3  88       
PG13   6801.648376  13951.292063 -21779.740319    616.739705  7  5  5  77       
PG14 -13425.810679  19685.994542 -11516.627562    301.100469  6  5  2 106       
PG15  17492.113893   7220.548629 -19203.492301    118.163976  7  5  6  85       
PG16  -1238.993825 -23657.723940 -11855.272449   -382.282721  6  3  6  64       
PG17 -20420.251083  13143.947475  11356.509723    719.657445  5  4  4  42       
PG18  17455.061413  -2128.716263 -19946.131293   -534.251431  7  4  4  74       
PG19 -12617.040129  14915.416393  17637.026083    427.806010  7  3  4  30       
PG20   1322.787109  26392.470099  -3418.695800    391.080787  4  1  2  66       
PG21 -20840.696297 -17188.473719  -1539.598717    138.108058  6  5  4  76       
PG22 -10394.292844  24260.754327  -3710.102451     46.714437  6  4  2  81       
PG23  14817.310262 -12319.131629 -18174.582324    137.166960  8  6  5  86       
PG24  21534.396190  15916.292655    332.737413   -415.495712  6  5  3  75       
PG25  15756.829672  -3126.631573  20771.097832    485.570368  3  3  5  80       
PG26   2974.454187 -26176.640616   -960.849773    199.472124  4  2  2  65       
PG28   4347.312272 -15594.581455  21032.207455   -101.501102  3  4  6  39       
PG29  26121.137585  -3905.101415   3237.482743   -608.561785  9  6  3  74       
PG30 -11016.964081  11208.859899 -21290.244942   -444.330157  4  3  4  81       
PG31  -3881.588278 -19986.384862  16626.385228   -227.359782  4     4  73       
PG32  16810.434772 -15478.272898  13551.886694   -605.721703  5  4  4  52       
*  2024  1 17 14  0  0.00000000
PG01 -22367.013606 -12730.898687   6912.852638    166.367481  7  7  7  86       
PG02 -22219.902954 -14787.049684    135.111281   -499.528195  3  6  4  83       
PG03 -12177.798072 -11289.736751  20616.737209    132.299914  3  3  4  64       
PG04 -21342.588948  -3835.239271  15438.619524    268.395125  5  4  6  70       
PG05   7462.625606  21353.578683 -14023.257306   -158.302110  7  5  2  85       
PG06  -3643.178686  15258.222991  21484.235208    441.500863  3  3     73       
PG07 -20234.766736   -670.545634 -16947.439331    -39.539086  1  6     83       
PG08 -14824.932609  -9202.665207 -20225.955723   -162.538073  5  6  5  92       
PG09 -25211.503594   6783.026961   4970.819592     61.782858  4  4  5  63       
PG10  10701.915549 -21348.990040 -11064.834082    -69.687445  4  3  4  54       
PG11   7116.145639  20468.128569  15415.729881   -543.183712  4  4  2  58       
PG12  11699.630083  12169.486327  20239.009420   -468.788424  5  4  2  85       
PG13   4393.554143  14453.221701 -22053.029563    616.743157  6  4  5  75       
PG14 -13366.832006  18204.277583 -13808.224084    301.109657  5  4  3 106       
PG15  15629.089044   8341.080130 -20332.997946    118.167444  7  5  5  99       
PG16   -689.340854 -24732.655228  -9332.663915   -382.275799  6  3  6  66       
PG17 -21520.091639  13270.492748   8806.202961    719.656906  6  4  4  79       
PG18  19037.159304   -599.896153 -18572.803108   -534.259611  7  3  4  72       
PG19 -14558.514220  15205.329769  15786.534802    427.810744  7  4  4  54       
PG20   1053.733050  26625.560415   -603.033035    391.079317  4  2  2  63       
PG21 -20426.033438 -17115.819588  -4315.755248    138.106955  6  5  4  90       
PG22 -10444.853582  23595.125513  -6472.620824     46.708453  6  4  1 102       
PG23  14596.749216 -10157.566006 -19645.560341    137.173761  8  5  5  71       
PG24  21300.245550  16116.427851  -2440.966431   -415.502059  6  5  4  74       
PG25  15405.057441   -667.756597  21270.324603    485.571550  3  4  5  78       
PG26   3331.998843 -26070.470291   1856.697321    199.468880  4  2  2  78       
PG28   6288.217741 -14109.883665  21581.647890   -101.511485  3  4  6  68       
PG29  25659.558116  -3565.344075   6047.403436   -608.561429  8  6  3  74       
PG30 -12868.697942   9593.790090 -21064.714520   -444.325915  4  4  3  87       
PG31  -2227.141385 -18759.446896  18293.668607   -227.359693  4  1  4  75       
PG32  18195.682185 -15752.387506  11190.701337   -605.724154  5  4  4  74       
*  2024  1 17 14 15  0.00000000
PG01 -22802.018450 -13252.594964   4110.555356    166.368359  7  7  7  81       
PG02 -21933.125759 -14867.057006  -2715.094595   -499.523280  3  6  4  85       
PG03 -11824.533928 -13574.876576  19428.161544    132.323096  3  2  4  73       
PG04 -19658.858926  -4656.478847  17322.464239    268.403900  4  3  6  79       
PG05   7173.096947  22784.270181 -11692.684190   -158.303256  6  4  2  88       
PG06  -5627.038943  13786.326996  22054.572665    441.488869  4  3  2  74       
PG07 -21651.324915  -1949.683880 -15089.910915    -39.547120     6     92       
PG08 -12733.572137 -10252.177258 -21092.878772   -162.538059  4  5  5  89       
PG09 -24648.593081   6250.808383   7693.198088     61.793889  4  4  5  41       
PG10  10718.842010 -19895.571146 -13481.419547    -69.689406  4  4  4  62       
PG11   5577.493797  19402.131012  17309.875488   -543.196206  4  4  2  79       
PG12  11168.072103  14411.702687  19054.918264   -468.791562  5  4  2  81       
PG13   2004.855231  15088.322034 -21954.060902    616.746600  6  4  5  83       
PG14 -13343.519439  16478.628563 -15859.795827    301.118819  5  4  3 100       
PG15  13732.906772   9607.271423 -21128.217804    118.170829  7  5  4  91       
PG16   -254.809667 -25546.829261  -6647.349085   -382.268795  7  2  7  53       
PG17 -22336.403954  13356.788966   6107.932962    719.654923  6  5  4  83       
PG18  20562.793332    732.389005 -16881.405987   -534.267810  7  3  4  75       
PG19 -16264.194713  15530.933849  13656.666220    427.815789  7  4  4  52       
PG20    781.902338  26554.689939   2222.908240    391.077825  4  2  2  59       
PG21 -19745.590703 -16907.835267  -7021.108489    138.106694  6  5  4  85       
PG22 -10468.294304  22631.245212  -9124.225701     46.702708  6  4    102       
PG23  14480.057832  -7841.307183 -20776.146318    137.180555  8  5  6  81       
PG24  20817.493609  16163.328677  -5173.903300   -415.508450  6  5  4  76       
PG25  15171.671180   1838.611631  21391.395990    485.572771  4  4  4  81       
PG26   3678.839543 -25662.569056   4641.497996    199.465641  4  2  2  79       
PG28   8337.547177 -12704.519537  21758.915065   -101.521854  3  4  6  62       
PG29  24921.150057  -3100.912711   8753.727729   -608.560800  7  6  4  91       
PG30 -14756.568019   8099.034752 -20473.566459   -444.321642  4  4  3  96       
PG31   -379.998674 -17510.361449  19636.643325   -227.359839  4  2  4  74       
PG32  19311.576657 -15986.651396   8636.532302   -605.726582  6  5  4  65       
*  2024  1 17 14 30  0.00000000
PG01 -23002.740802 -13564.529808   1238.509628    166.369255  7  7  7  79       
PG02 -21367.667977 -14812.978580  -5518.913768   -499.517984  3  5  4  83       
PG03 -11607.898585 -15720.065911  17902.488392    132.346335  4  1  4  56       
PG04 -17842.126940  -5648.050784  18909.958031    268.412563  4  3  5  78       
PG05   6962.283628  23954.788799  -9161.677779   -158.304820  5  4  3  83       
PG06  -7726.188133  12405.931089  22247.583305    441.476856  4  3  3  62       
PG07 -22938.655343  -3025.589851 -12969.787645    -39.555870     6  1  59       
PG08 -10628.270251 -11447.462945 -21601.960741   -162.539880  4  5  5  64       
PG09 -23848.457120   5548.271782  10283.261993     61.804945  3  3  5  80       
PG10  10800.147875 -18181.733961 -15659.462551    -69.690570  4  4  4  74       
PG11   3824.787094  18302.865407  18907.239574   -543.208731  4  5  3  74       
PG12  10774.152416  16523.145534  17535.899743   -468.795214  4  4  2  84       
PG13   -317.835041  15842.507906 -21483.824329    616.750010  5  4  5  82       
PG14 -13386.504456  14538.608775 -17635.922907    301.128051  4  4  3  85       
PG15  11844.883881  11005.376258 -21576.098393    118.174511  7  5  4  71       
PG16     94.901596 -26074.097471  -3845.558721   -382.261825  7  3  7  73       
PG17 -22865.162386  13363.208537   3306.587281    719.654315  6  5  4  88       
PG18  21986.545192   1861.449652 -14901.274436   -534.276029  6  3  4  55       
PG19 -17708.855530  15855.118011  11285.033132    427.820096  7  5  5  76       
PG20    471.075412  26183.803860   5011.017835    391.075867  3  2  2  60       
PG21 -18789.691619 -16600.470951  -9610.417413    138.105164  5  4  3  94       
PG22 -10501.895393  21378.162658 -11618.604742     46.696843  6  4     90       
PG23  14486.451982  -5415.670765 -21547.232979    137.187320  7  5  6  85       
PG24  20075.672064  16090.894820  -7820.745883   -415.514834  6  5  4  71       
PG25  15063.357387   4342.713996  21132.951173    485.573959  4  4  3  66       
PG26   4049.552552 -24958.692022   7344.360133    199.462394  4  2  2  84       
PG28  10456.332944 -11408.386327  21560.931516   -101.532187  4  4  6  67       
PG29  23933.333204  -2483.146544  11309.977759   -608.560459  6  6  4  81       
PG30 -16639.257936   6746.515394 -19527.923040   -444.317458  3  5  2  71       
PG31   1635.204495 -16280.194793  20632.128969   -227.360209  4  2  3  52       
PG32  20150.531068 -16141.319195   5932.997993   -605.729028  5  5  4  66       
*  2024  1 17 14 45  0.00000000
PG01 -22942.799951 -13696.330960  -1654.479964    166.370160  7  7  7  91       
PG02 -20513.211274 -14661.209262  -8227.897636   -499.512809  3  5  4  64       
PG03 -11509.754080 -17680.962659  16066.712390    132.369492  4  1  3  74       
PG04 -15937.954797  -6811.647332  20173.686422    268.421343  4  4  5  76       
PG05   6796.840901  24840.993163  -6473.272594   -158.305522  4  4  3  82       
PG06  -9899.794829  11147.405543  22060.307713    441.464856  4  3  3  73       
PG07 -24056.295469  -3904.156564 -10625.508791    -39.564207     6  2  50       
PG08  -8553.213315 -12771.672797 -21743.407236   -162.541231  4  5  6  75       
PG09 -22844.682334   4655.411901  12696.273491     61.815912  3  3  4  57       
PG10  10976.768539 -16240.946879 -17560.416613    -69.691885  4  4  4  94       
PG11   1878.877827  17211.200732  20180.395367   -543.221288  4  5  3  74       
PG12  10503.427313  18459.270093  15709.359790   -468.798849  3  4  2  72       
PG13  -2530.937370  16694.136300 -20649.494269    616.753438  4  4  4  92       
PG14 -13521.276232  12420.257121 -19106.075380    301.137298  4  4  3  87       
PG15  10003.817705  12514.643485 -21669.027799    118.178206  7  5  3  76       
PG16    394.056473 -26296.366009   -976.075914   -382.254813  7  4  7  80       
PG17 -23110.871749  13251.074491    449.190303    719.653540  6  5  4  74       
PG18  23264.009423   2789.155858 -12666.573252   -534.284183  6  3  3  78       
PG19 -18875.960955  16138.182602   8713.653041    427.824783  7  5  5  67       
PG20     86.591924  25525.242923   7713.876642    391.074159  2  2  2  58       
PG21 -17556.839294 -16231.478469 -12039.566907    138.103961  6  4  3  55       
PG22 -10581.031703  19853.652003 -13911.644512     46.690731  6  4     91       
PG23  14627.387883  -2929.310602 -21946.010037    137.194116  7  5  6  81       
PG24  19071.839668  15935.226945 -10337.897011   -415.521186  6  5  4  62       
PG25  15078.698935   6794.701084  20500.551485    485.575155  4  4  3  74       
PG26   4477.088783 -23973.210917   9917.477545    199.459146  4  2  2  91       
PG28  12601.226283 -10244.563109  20991.101613   -101.542520  4  4  6  40       
PG29  22730.104833  -1689.405698  13672.164838   -608.560033  5  6  4  89       
PG30 -18473.317499   5550.619175 -18245.010110   -444.313244  3  5  2           
PG31   3786.574419 -15106.103140  21263.343053   -227.360278  4  2  3  65       
PG32  20713.676077 -16177.259396   3126.571667   -605.731512  5  5  5  57       
*  2024  1 17 15  0  0.00000000
PG01 -22603.213785 -13682.832063  -4519.692724    166.371067  7  7  7  95       
PG02 -19368.203308 -14450.183260 -10794.617785   -499.507545  4  5  4  65       
PG03 -11504.955944 -19418.625948  13953.131008    132.392656  4     2  72       
PG04 -13992.729372  -8140.668674  21091.707603    268.430099  5  5  5  83       
PG05   6640.213458  25426.911704  -3673.406613   -158.307174  4  3  3  71       
PG06 -12102.604958  10033.836694  21496.239782    441.452852  3  4  4  73       
PG07 -24967.565375  -4599.145641  -8098.851735    -39.572595  1  6  3  71       
PG08  -6549.691501 -14200.515302 -21513.566349   -162.541832  5  5  6  71       
PG09 -21675.682745   3559.448627  14890.451034     61.826912  3  3  4  68       
PG10  11273.605928 -14113.535690 -19150.786857    -69.692485  4  4  4  81       
PG11   -231.738817  16164.650238  21107.446994   -543.233790  5  5  3  74       
PG12  10334.322461  20180.489200  13608.049054   -468.802353  3  4  3  69       
PG13  -4595.376301  17614.761525 -19464.367142    616.756740  4  4  3  89       
PG14 -13767.078914  10164.839671 -20245.135187    301.146509  3  4  4  82       
PG15   8244.704755  14107.929971 -21404.959201    118.181319  6  5  3  80       
PG16    679.337694 -26204.382090   1910.637936   -382.247585  7  4  7  70       
PG17 -23086.367733  12984.299011  -2415.822381    719.653505  5  5  4  73       
PG18  24353.446376   3525.652250 -10215.704522   -534.292387  5  3  3  70       
PG19 -19758.150216  16339.553463   5988.139677    427.829692  7  6  6  97       
PG20   -403.133473  24599.274365  10285.535575    391.072331  2  3  2  55       
PG21 -16054.058493 -15838.923829 -14266.279993    138.102737  6  3  3  55       
PG22 -10737.606296  18083.746541 -15962.265148     46.685104  6  5     87       
PG23  14906.089127   -432.516231 -21966.152120    137.200888  6  5  5  90       
PG24  17810.769589  15733.150033 -12684.110853   -415.527567  5  5  4  67       
PG25  15208.299883   9146.418765  19506.503653    485.576346  4  5  3  83       
PG26   4991.242107 -22728.608906  12315.344500    199.455969  4  2  2  82       
PG28  14726.009768  -9228.533179  20059.253344   -101.552920  4  4  6  74       
PG29  21350.758144   -704.152576  15799.546394   -608.559431  5  6  4  81       
PG30 -20214.733096   4517.843545 -16647.795806   -444.308895  3  5  2  47       
PG31   6036.059715 -14019.914267  21520.162128   -227.360536  5  3  3  52       
PG32  21010.716887 -16057.630703    265.786876   -605.733960  5  5  5           
*  2024  1 17 15 15  0.00000000
PG01 -21973.140650 -13562.561311  -7309.256929    166.371996  7  7  7  95       
PG02 -17940.175377 -14218.756945 -13173.529854   -499.502502  4  4  4  63       
PG03 -11562.481737 -20900.851807  11598.740669    132.415805  4     1  64       
PG04 -12051.996730  -9620.297392  21647.942255    268.438864  6  5  5  81       
PG05   6454.221113  25705.317692   -810.153411   -158.308762  3  3  3  64       
PG06 -14286.514430   9080.264544  20565.248536    441.440806  3  4  4  77       
PG07 -25640.903061  -5131.346326  -5434.124207    -39.581049  1  6  3  60       
PG08  -4654.663550 -15703.020622 -20915.072653   -162.543861  5  5  6  86       
PG09 -20383.222070   2255.541447  16827.705975     61.837869  4  3  4  64       
PG10  11708.394748 -11845.217494 -20402.760846    -69.694112  4  4  3  60       
PG11  -2471.817973  15195.946639  21672.404566   -543.246269  5  5  4  95       
PG12  10239.162991  21653.554923  11269.407466   -468.805820  3  3  3  71       
PG13  -6477.890695  18570.163870 -17947.703940    616.759881  3  4  3 103       
PG14 -14136.069902   7817.406034 -21033.814754    301.155740  3  3  3  93       
PG15   6597.595900  15752.547464 -20787.473126    118.185062  6  4  3  78       
PG16    988.179835 -25798.183752   4763.383854   -382.240518  7  5  7  74       
PG17 -22812.309964  12530.959700  -5239.382593    719.652521  4  5  5  72       
PG18  25217.340826   4088.757859  -7590.651175   -534.300577  5  4  3  78       
PG19 -20357.351936  16419.541073   3156.820891    427.834405  7  6  6  94       
PG20  -1025.214148  23433.337811  12682.268878    391.070826  2  3  2  64       
PG21 -14296.946449 -15459.653978 -16250.856950    138.101639  6  4  2  68       
PG22 -10998.600041  16101.947688 -17733.234334     46.679380  6  5     71       
PG23  15317.409283   2024.542038 -21607.890161    137.207685  5  5  5  84       
PG24  16304.869761  15520.736574 -14821.067329   -415.533909  5  5  4  65       
PG25  15435.249420  11353.109513  18169.545854    485.577525  5  5  3  90       
PG26   5617.248481 -21254.655083  14495.625685    199.452701  4  2  3  74       
PG28  16783.229310  -8367.711923  18781.468192   -101.563294  4  4  6  63       
PG29  19838.406346    480.238066  17655.333104   -608.558977  4  6  3  80       
PG30 -21820.517885   3646.757509 -14764.535374   -444.304715  4  5  2  27       
PG31   8340.797155 -13046.951888  21399.240884   -227.361038  5  3  3  43       
PG32  21059.459033 -15749.493300  -2599.613002   -605.736414  4  5  5  41       
*  2024  1 17 15 30  0.00000000
PG01 -21050.324492 -13376.123118  -9976.877116    166.372909  7  6  6  72       
PG02 -16245.718306 -14004.549441 -15321.845260   -499.497292  5  5  4  80       
PG03 -11646.791511 -22103.247085   9044.557708    132.439011  5  2  1  50       
PG04 -10158.834108 -11227.895831  21832.468549    268.447664  6  5  5  84       
PG05   6200.725228  25677.980843   2067.097522   -158.310420  3  4  3  58       
PG06 -16402.253749   8293.237768  19283.397974    441.428787  3  5  4  71       
PG07 -26050.988258  -5527.487048  -2677.355879    -39.589378  1  6  3  71       
PG08  -2899.477940 -17242.579106 -19956.891361   -162.544544  6  5  7  69       
PG09 -19010.813939    747.197632  18474.320412     61.848866  4  4  5  75       
PG10  12290.876119  -9485.425817 -21294.717055    -69.695169  4  4  3  80       
PG11  -4800.519315  14331.812828  21865.461131   -543.258730  6  6  4  71       
PG12  10185.447005  22852.684205   8734.831515   -468.809311  2  3  3  45       
PG13  -8152.135209  19521.617718 -16124.475843    616.763215  3  4  2  98       
PG14 -14632.771213   5425.210220 -21458.966155    301.164985  3  4  3  87       
PG15   5086.626089  17411.318183 -19825.776052    118.188895  6  4  3  72       
PG16   1357.046901 -25087.185026   7531.211928   -382.233685  7  5  7  77       
PG17 -22316.378398  11864.751638  -7972.612191    719.651267  3  5  5  71       
PG18  25823.808478   4503.075961  -4836.267948   -534.308795  4  4  3  86       
PG19 -20684.525740  16341.068532    269.805446    427.838921  7  7  6  93       
PG20  -1801.065631  22061.034455  14863.291229    391.068958  4  4  2  51       
PG21 -12309.414848 -15127.771559 -17956.930831    138.100640  6  4  3  68       
PG22 -11384.800785  13948.129994 -19191.939944     46.673305  6  4     86       
PG23  15848.032756   4393.552591 -20877.967674    137.214547  5  5  5  72       
PG24  14573.842805  15331.878870 -16713.898218   -415.540250  5  5  4  69       
PG25  15735.899476  13374.960175  16514.409710    485.578727  5  5  3  74       
PG26   6374.576660 -19587.293061  16419.960186    199.449488  4  2  4  68       
PG28  18725.882958  -7661.297913  17179.802030   -101.573647  5  4  6  65       
PG29  18238.368045   1862.973589  19207.333723   -608.558645  5  6  3  67       
PG30 -23250.260421   2928.275715 -12628.233823   -444.300481  4  5  2  39       
PG31  10654.643542 -12205.148059  20903.991688   -227.361188  5  3  3  54       
PG32  20885.017871 -15225.288231  -5419.565619   -605.738856  3  6  5  85       
*  2024  1 17 15 45  0.00000000
PG01 -19841.233673 -13164.532101 -12478.517546    166.373921  8  6  6  14       
PG02 -14310.104469 -13842.307767 -17200.390863   -499.492297  6  5  4  57       
PG03 -11719.364077 -23010.003011   6334.878635    132.462187  5  2  2  54       
PG04  -8352.321531 -12933.713608  21641.716137    268.456436  6  5  5  75       
PG05   5843.310616  25355.581736   4908.498807   -158.311801  3  4  3  62       
PG06 -18401.121936   7670.701116  17672.668634    441.416709  3  5  4  65       
PG07 -26179.620792  -5818.950462    124.495271    -39.597735     6  4  97       
PG08  -1308.801564 -18778.221032 -18654.255934   -162.547318  7  6  7  80       
PG09 -17602.061848   -953.644421  19801.553121     61.859832  5  4  5  77       
PG10  13022.312705  -7085.498552 -21811.600310    -69.695852  4  4  3  65       
PG11  -7172.779473  13591.975104  21683.166728   -543.271232  6  6  4  50       
PG12  10137.306331  23760.387619   6048.883002   -468.812839  2  3  3  69       
PG13  -9599.529446  20427.355555 -14025.012078    616.766565  3  5  1  88       
PG14 -15253.833786   3036.058355 -21513.777309    301.174194  3  4  3  86       
PG15   3729.252263  19043.807496 -18534.632074    118.192195  6  3  3  66       
PG16   1819.729820 -24089.884486  10164.429539   -382.226702  6  5  7  85       
PG17 -21632.195440  10966.254823 -10567.677913    719.650298  3  5  5  27       
PG18  26147.798632   4798.849313  -1999.531031   -534.317039  4  4  3  99       
PG19 -20759.044893  16071.294258  -2621.977794    427.843684  7  7  7  86       
PG20  -2745.396887  20520.897034  16791.428626    391.067063  4  4  2  61       
PG21 -10123.115068 -14873.175973 -19352.224753    138.099524  7  4  3  67       
PG22 -11909.771231  11667.177713 -20311.099268     46.667705  6  4  1  68       
PG23  16477.003343   6629.720287 -19789.485420    137.221369  4  5  4  61       
PG24  12644.099552  15196.956960 -18331.663990   -415.546598  5  4  4  77       
PG25  16080.917326  15178.435696  14571.274209    485.579910  5  4  4  79       
PG26   7275.962634 -17767.290968  18054.680159    199.446234  4  3  4  38       
PG28  20509.101506  -7100.452406  15281.901882   -101.583946  5  4  5  67       
PG29  16596.475302   3434.664382  20428.525795   -608.558074  5  6  3  59       
PG30 -24467.573379   2346.229586 -10276.038908   -444.296264  4  5  2  19       
PG31  12929.827947 -11504.475045  20044.430941   -227.361233  5  4  3  55       
PG32  20518.740056 -14464.122009  -8144.603251   -605.741281  3  6  6  26       
*  2024  1 17 16  0  0.00000000
PG01 -18360.894066 -12967.558069 -14773.037406    166.374897  8  5  6  48       
PG02 -12166.558480 -13762.366087 -18774.434010   -499.487300  6  6  4  86       
PG03 -11740.347037 -23614.342152   3516.494646    132.485365  5  3  3  21       
PG04  -6666.171570 -14701.880612  21078.554302    268.465202  6  5  5  72       
PG05   5348.915727  24757.288389   7664.626269   -158.313212  2  5  3  63       
PG06 -20236.705555   7202.217956  15760.585673    441.404636  2  5  4  86       
PG07 -26016.330377  -6040.346858   2924.309595    -39.606396  1  6  4  67       
PG08    100.199210 -20266.093505 -17028.493894   -162.548971  7  7  7  86       
PG09 -16199.003552  -2826.862615  20786.161460     61.870819  5  4  4  75       
PG10  13895.363683  -4696.805654 -21945.157820    -69.697520  4  4  3  66       
PG11  -9540.851473  12988.456813  21128.496272   -543.283724  6  7  4  81       
PG12  10057.092004  24367.973697   3258.458252   -468.816543  1  2  3  44       
PG13 -10809.819555  21244.175893 -11684.550732    616.769718  3  5  2  82       
PG14 -15988.121909    696.647695 -21197.854012    301.183428  3  4  4  85       
PG15   2535.727798  20607.695965 -16934.223689    118.195574  5  3  3  80       
PG16   2405.740342 -22833.202669  12615.604192   -382.219538  6  6  7  61       
PG17 -20798.008217   9823.960768 -12978.663711    719.649664  2  5  5  56       
PG18  26172.049002   5010.605241    871.242125   -534.325255  3  4  4  95       
PG19 -20607.750108  15583.061220  -5467.744336    427.848357  7  7  7  93       
PG20  -3865.456929  18854.985860  18433.733577    391.065446  5  4  2  76       
PG21  -7776.550214 -14720.231867 -20409.292162    138.098675  7  4  3  78       
PG22 -12579.106785   9307.402090 -21069.382313     46.661971  6  4  2  78       
PG23  17176.557366   8693.280399 -18361.639768    137.228193  3  5  4  81       
PG24  10547.947073  15141.644953 -19647.780541   -415.552959  5  4  4  81       
PG25  16436.563817  16737.349513  12375.129564    485.581158  5  5  4  87       
PG26   8326.728701 -15838.710651  19371.427640    199.442984  4  3  4  57       
PG28  22091.756131  -6668.799535  13120.525270   -101.594013  5  4  5  59       
PG29  14957.369166   5177.480631  21297.541396   -608.557487  5  6  2  85       
PG30 -25441.389030   1878.208799  -7748.577248   -444.292077  4  5  2  67       
PG31  15118.655361 -10946.713375  18836.901946   -227.361424  5  4  3  71       
PG32  19996.878117 -13452.800395 -10726.769731   -605.743747  3  6  6  58       
*  2024  1 17 16 15  0.00000000
PG01 -16632.426641 -12822.138555 -16822.774549    166.375854  8  5  6  49       
PG02  -9855.194936 -13789.268190 -20014.448590   -499.482189  6  6  4  78       
PG03 -11670.255126 -23918.625547    637.875397    132.508549  4  4  4  65       
PG04  -5127.570187 -16491.649682  20152.270996    268.473985  6  5  5  78       
PG05   4689.344531  23910.008069  10287.366341   -158.315161  3  5  3  35       
PG06 -21866.519325   6869.518486  13579.759281    441.392560  2  5  3  77       
PG07 -25558.705426  -6228.002403   5675.536260    -39.614373  2  6  4  81       
PG08   1318.388653 -21661.081099 -15106.737535   -162.551272  7  8  7  98       
PG09 -14840.524908  -4844.722199  21410.828503     61.881774  5  4  4  85       
PG10  14894.321602  -2368.894967 -21694.033802    -69.698871  4  4  4  73       
PG11 -11855.953574  12525.179712  20210.809536   -543.296248  6  7  4  82       
PG12   9907.018630  24675.715284    411.936291   -468.819946  1  2  4  78       
PG13 -11781.326859  21929.136129  -9142.695111    616.772823  3  6  2  92       
PG14 -16817.112164  -1549.039198 -20517.188927    301.192668  3  5  4  97       
PG15   1508.835523  22060.247645 -15049.937345    118.199033  5  3  4  74       
PG16   3138.875298 -21351.471885  14840.532595   -382.212673  5  6  6  36       
PG17 -19855.176820   8435.008978 -15162.443062    719.648861  2  5  5  82       
PG18  25887.757896   5175.642366   3727.191244   -534.333473  3  5  4  96       
PG19 -20263.718609  14856.113137  -8217.799213    427.853212  7  7  7  88       
PG20  -5160.565815  17107.362479  19762.035691    391.063616  6  4  2  65       
PG21  -5313.890736 -14686.626582 -21106.217245    138.097649  7  4  3  80       
PG22 -13390.023647   6918.800724 -21451.927296     46.656306  6  5  3  67       
PG23  17913.226925  10550.812920 -16619.361580    137.234946  3  5  3  88       
PG24   8322.578215  15185.894071 -20640.394869   -415.559266  5  3  4  75       
PG25  16766.139926  18033.634243   9965.069986    485.582363  5  4  5  93       
PG26   9524.415030 -13847.261437  20347.656400    199.439727  3  3  5  68       
PG28  23437.931107  -6343.226953  10732.970632   -101.604420  5  4  5  86       
PG29  13362.848422   7065.641484  21799.058275   -608.557119  5  6  2  89       
PG30 -26147.055072   1496.636907  -5089.246441   -444.287909  4  5  3  19       
PG31  17175.192911 -10525.558055  17303.686589   -227.361439  5  4  3  66       
PG32  19359.070663 -12186.565020 -13120.520270   -605.746226  3  6  6  77       
*  2024  1 17 16 30  0.00000000
PG01 -14686.308528 -12760.911819 -18594.075416    166.376847  8  4  6  73       
PG02  -7421.657817 -13940.618311 -20896.796965   -499.476947  6  6  4  67       
PG03 -11471.650741 -23934.120038  -2251.663226    132.531725  4  5  4  86       
PG04  -3756.274065 -18258.843156  18878.441162    268.482724  7  5  5  61       
PG05   3842.597193  22847.340911  12730.791939   -158.316077  3  5  2  77       
PG06 -23253.507737   6647.352291  11167.344297    441.380438  3  5  3  75       
PG07 -24812.438420  -6418.418231   8332.881241    -39.622778  2  6  4  49       
PG08   2344.876860 -22918.509085 -12921.518747   -162.552265  7  8  7  96       
PG09 -13560.905836  -6972.750307  21664.486268     61.892749  6  4  4  61       
PG10  15995.697274   -147.732252 -21063.724858    -69.700276  4  5  4  74       
PG11 -14069.965474  12197.888720  18945.703161   -543.308846  5  7  4  84       
PG12   9650.801391  24692.678280  -2441.676523   -468.823287     2  4  90       
PG13 -12520.869293  22441.266333  -6442.780419    616.776292  3  6  2  92       
PG14 -17715.589065  -3661.224276 -19484.020670    301.201860  4  6  4  83       
PG15    643.894027  23359.826771 -12912.069369    118.202433  5  3  4  86       
PG16   4036.018375 -19685.119407  16799.147632   -382.205609  5  5  6  39       
PG17 -18846.524678   6805.593688 -17079.531279    719.647961  2  5  5  70       
PG18  25294.949323   5332.416274   6519.718247   -534.341730  3  5  4  95       
PG19 -19764.804192  13878.029538 -10824.441514    427.857729  6  7  7  94       
PG20  -6621.948963  15322.497006  20753.419404    391.062236  6  4  2  85       
PG21  -2783.525007 -14782.475391 -21427.249315    138.096399  7  4  4  69       
PG22 -14331.303537   4551.230213 -21450.728296     46.650374  6  5  3  82       
PG23  18649.168968  12176.309705 -14592.863776    137.241748  2  5  2  80       
PG24   6008.895111  15343.125495 -21292.708222   -415.565602  5  3  4  85       
PG25  17031.539542  19057.790004   7383.534564    485.583540  5  4  5  93       
PG26  10858.737336 -11838.608068  20967.009505    199.436496  3  3  5  61       
PG28  24518.204845  -6094.954924   8160.428905   -101.614839  5  4  4  82       
PG29  11850.335736   9066.220147  21924.088175   -608.556730  5  6  2  86       
PG30 -26567.192677   1170.037085  -2343.475703   -444.283727  4  5  3  55       
PG31  19056.872768 -10227.050848  15472.519908   -227.361751  5  4  3  67       
PG32  18646.690028 -10669.498592 -15283.583256   -605.748734  3  6  6  70       
*  2024  1 17 16 45  0.00000000
PG01 -12559.384575 -12810.918500 -20057.769259    166.377858  8  4  5  70       
PG02  -4915.511979 -14226.217648 -21404.303188   -499.471981  6  6  5  84       
PG03 -11110.742293 -23680.438566  -5102.793170    132.554944  4  5  5  71       
PG04  -2564.000269 -19957.449033  17278.684598    268.491489  7  5  6  82       
PG05   2793.963002  21608.274745  14952.008337   -158.317429  4  5  2  59       
PG06 -24367.352084   6504.612808   8564.426798    441.368290  3  5  3  57       
PG07 -23791.094596  -6646.754183  10852.948884    -39.631420  3  5  4  82       
PG08   3186.905988 -23995.862517 -10510.250109   -162.554923  7  9  6  86       
PG09 -12388.556173  -9170.881606  21542.527828     61.903772  6  4  3  65       
PG10  17169.123972   1925.894305 -20066.402036    -69.701247  4  5  5  82       
PG11 -16137.107742  11994.403442  17354.756286   -543.321333  5  7  4  74       
PG12   9255.221796  24436.226296  -5253.589462   -468.826802     3  3  72       
PG13 -13043.353807  22743.237138  -3631.158046    616.779700  3  6  3  96       
PG14 -18652.608289  -5605.652309 -18116.587932    301.211084  4  6  4  76       
PG15    -70.956304  24467.411254 -10555.448309    118.205882  4  3  4  90       
PG16   5106.235928 -17879.100658  18456.336365   -382.198320  4  5  6  60       
PG17 -17814.615813   4951.013636 -18694.895954    719.647176  3  5  4  56       
PG18  24402.517701   5518.884910   9201.287278   -534.349881  2  4  4  95       
PG19 -19152.012575  12644.844919 -13242.809401    427.862561  6  7  6           
PG20  -8232.882779  13543.667822  21390.621224    391.060570  6  4     79       
PG21   -236.391329 -15009.727154 -21363.342690    138.095007  7  4  4  71       
PG22 -15383.605385   2252.570022 -21064.878157     46.644241  5  5  4  50       
PG23  19343.667943  13551.956818 -12317.106763    137.248543  2  5  2  67       
PG24   3650.203894  15619.660185 -21593.244548   -415.571831  4  3  4  68       
PG25  17194.844397  19809.001618   4675.514755    485.584780  5  4  5  93       
PG26  12311.869739  -9856.703242  21219.567242    199.433295  3  3  5  75       
PG28  25310.689969  -5890.831365   5447.267793   -101.625205  5  5  4  56       
PG29  10451.521239  11140.235917  21670.155773   -608.556126  5  6  3  77       
PG30 -26692.288023    864.437955    442.032883   -444.279542  4  5  3  73       
PG31  20725.951543 -10030.313795  13376.022730   -227.361854  5  4  4  76       
PG32  17901.125752  -8914.578501 -17177.763540   -605.751228  4  5  6  47       
*  2024  1 17 17  0  0.00000000
PG01 -10293.663388 -12992.514348 -21189.584933    166.378868  8  3  5  88       
PG02  -2388.451213 -14647.532489 -21526.694902   -499.466864  6  5  5  72       
PG03 -10558.840204 -23184.678264  -7866.996740    132.578203  4  5  5   9       
PG04  -1554.133116 -21541.306026  15380.315650    268.500255  7  5  6  42       
PG05   1536.828115  20235.671912  16911.950573   -158.319082  5  5  2  80       
PG06 -25185.534292   6405.691300   5815.346423    441.356195  4  5  2  44       
PG07 -22515.618773  -6945.387549  13194.835002    -39.639779  3  5  4  83       
PG08   3859.406838 -24854.451519  -7914.597768   -162.556553  7  9  6  81       
PG09 -11344.991878 -11394.831516  21046.903210     61.914838  6  4  3  82       
PG10  18378.539300   3817.743591 -18720.608776    -69.701811  3  5  5  74       
PG11 -18015.540671  11895.187312  15465.173105   -543.333863  5  6  4  60       
PG12   8691.563027  23931.226760  -7976.043796   -468.830243     3  3  68       
PG13 -13371.050934  22802.914669   -756.407337    616.782947  3  6  3  76       
PG14 -19592.688478  -7354.689505 -16438.785191    301.220301  4  7  5  72       
PG15   -654.190333  25348.048876  -8018.970764    118.209313  4  3  4  69       
PG16   6350.209360 -15981.151749  19782.645157   -382.191664  4  5  5  30       
PG17 -16800.029770   2895.352156 -19978.702611    719.646789  3  5  4  65       
PG18  23227.950440   5770.875857  11726.208260   -534.358089  2  5  4  91       
PG19 -18467.781626  11161.331571 -15431.649706    427.867315  5  6  6  58       
PG20  -9969.148407  11811.412902  21662.339615    391.058496  6  4     94       
PG21   2275.847333 -15361.912910 -20912.572936    138.093837  7  5  4  98       
PG22 -16520.136842     66.958292 -20300.654065     46.638629  5  6  4  66       
PG23  19954.753897  14668.605443  -9831.191733    137.255321  2  5     55       
PG24   1290.821770  16014.406383 -21536.061225   -415.578181  4  3  5  54       
PG25  17219.898013  20294.929254   1887.745784    485.586012  4  4  5  95       
PG26  13859.037789  -7942.212707  21101.963927    199.430080  3  4  4  86       
PG28  25801.792544  -5694.801542   2640.261517   -101.635587  5  5  3  68       
PG29   9191.237042  13243.992649  21041.363551   -608.555795  5  6  3  80       
PG30 -26520.998651    544.865463   3220.071067   -444.275357  4  5  4  74       
PG31  22150.773766  -9908.548160  11051.067890   -227.362153  5  4  4  69       
PG32  17162.075795  -6943.373815 -18769.667869   -605.753784  5  5  6  86       
*  2024  1 17 17 15  0.00000000
PG01  -7934.937964 -13318.529801 -21970.508315    166.379889  8  3  5  98       
PG02    107.601190 -15197.525195 -21260.894747   -499.461884  6  5  5  89       
PG03  -9793.616615 -22480.291836 -10497.365177    132.601433  4  5  6  52       
PG04   -721.760850 -22965.812587  13215.889089    268.508991  7  5  6  54       
PG05     73.162058  18774.608278  18576.114452   -158.320296  5  5  1  74       
PG06 -25694.117646   6312.009412   2966.964110    441.344073  4  5  3  52       
PG07 -21013.602280  -7342.592637  15320.670929    -39.648099  4  4  4  85       
PG08   4384.239180 -25460.953166  -5179.755199   -162.560249  7  9  6  73       
PG09 -10444.092531 -13597.644061  20186.096279     61.925839  5  4  3  83       
PG10  19583.592493   5501.214757 -17050.846542    -69.702931  3  5  5  55       
PG11 -19668.821395  11874.212904  13309.327429   -543.346332  4  5  4  46       
PG12   7936.862512  23208.994350 -10563.090411   -468.833879  1  4  3  58       
PG13 -13532.575940  22594.738073   2131.512510    616.785952  3  6  4  71       
PG14 -20497.184394  -8888.163214 -14479.727836    301.229469  4  7  5  77       
PG15  -1130.071048  25972.201209  -5345.049374    118.212689  4  4  4  69       
PG16   7760.030128 -14039.939707  20754.852188   -382.184326  4  5  5  58       
PG17 -15839.708015    670.791149 -20906.972523    719.646019  4  5  4  53       
PG18  21796.738225   6120.536861  14051.392683   -534.366279  2  4  4 105       
PG19 -17754.237834   9440.940290 -17353.999515    427.871976  5  6  6  75       
PG20 -11799.779079  10162.090629  21563.451505    391.057214  6  5     84       
PG21   4702.711480 -15824.265914 -20080.401576    138.092622  7  5  4  85       
PG22 -17707.660629  -1966.821156 -19171.438465     46.633077  5  6  5  56       
PG23  20440.874239  15525.916513  -7177.692476    137.262054  2  6     45       
PG24  -1025.359164  16518.818367 -21120.898062   -415.584491  4  3  5  80       
PG25  17073.798881  20531.189392   -932.102436    485.587212  4  4  5  86       
PG26  15469.393643  -6131.095304  20617.375787    199.426825  3  4  4  78       
PG28  25986.661531  -5469.494336   -212.220241   -101.645963  5  5  3  85       
PG29   8086.607409  15330.613021  20048.339938   -608.555422  5  5  4 100       
PG30 -26060.166351    176.864622   5943.688352   -444.271205  4  5  4  72       
PG31  23306.796407  -9830.254068   8538.095335   -227.362453  5  4  4  85       
PG32  16465.917444  -4785.396382 -20031.335066   -605.756331  5  4  6  56       
*  2024  1 17 17 30  0.00000000
PG01  -5531.276075 -13793.704851 -22387.078056    166.380923  8  3  6  81       
PG02   2522.415769 -15860.862090 -20611.146954   -499.456625  6  5  5  71       
PG03  -8800.122861 -21605.736963 -12949.361936    132.624751  4  5  6  57       
PG04    -54.041857 -24189.593267  10822.648750    268.517725  7  7  5  75       
PG05  -1586.339813  17270.631493  19915.204410   -158.321185  5  5  1  79       
PG06 -25888.214672   6183.672572     67.885795    441.331980  4  5  3  46       
PG07 -19318.337916  -7861.381719  17196.118806    -39.656365  5  4  4  69       
PG08   4789.143291 -25788.763685  -2353.630577   -162.563631  7  9  5  56       
PG09  -9691.669902 -15731.354065  18974.982272     61.936894  5  5  4  85       
PG10  20741.217107   6958.126580 -15087.061859    -69.704114  3  4  4  58       
PG11 -21067.163252  11900.090417  10924.216105   -543.358824  4  5  4  69       
PG12   6974.937741  22306.016122 -12971.318507   -468.837298  2  4  4  61       
PG13 -13561.613776  22100.860672   4982.155230    616.789286  3  6  4  77       
PG14 -21325.787903 -10193.913738 -12273.235622    301.238652  4  8  5  78       
PG15  -1527.581529  26316.921162  -2578.973936    118.216084  4  5  4  60       
PG16   9319.365615 -12103.193271  21356.392820   -382.177452  3  5  5  54       
PG17 -14965.445018  -1683.420441 -21462.130768    719.645394  4  6  3  55       
PG18  20141.494165   6594.928081  16137.070609   -534.374552  2  4  4  95       
PG19 -17051.499066   7505.407332 -18977.770490    427.876851  5  6  6  35       
PG20 -13688.075603   8626.604415  21095.130318    391.055424  6  5     83       
PG21   6996.811427 -16374.224158 -18879.765029    138.091700  7  5  4  71       
PG22 -18907.793766  -3816.727299 -17697.474029     46.627030  4  6  5  54       
PG23  20762.555972  16132.176340  -4401.936785    137.268834  3  6     60       
PG24  -3256.304710  17117.132302 -20353.259713   -415.590789  4  4  4  67       
PG25  16728.258509  20540.553718  -3736.221277    485.588412  4  4  5  85       
PG26  17107.134193  -4453.392252  19775.385360    199.423601  4  4  4  60       
PG28  25869.311641  -5177.862525  -3061.049716   -101.656344  5  5  4  39       
PG29   7146.508672  17351.709803  18708.070277   -608.555082  5  5  4  90       
PG30 -25324.538688   -272.005127   8566.943135   -444.267028  4  5  4  84       
PG31  24177.341874  -9760.619496   5880.390740   -227.362738  4  4  4  28       
PG32  15844.226582  -2477.131961 -20940.756165   -605.758848  5  4  5  71       
*  2024  1 17 17 45  0.00000000
PG01  -3131.429565 -14414.419542 -22431.616693    166.381934  8  4  6  78       
PG02   4809.317272 -16614.493625 -19588.970723   -499.451675  6  5  5  51       
PG03  -7571.528219 -20602.955764 -15181.540429    132.648028  5  5  6  46       
PG04    469.113040 -25176.056768   8241.887635    268.526422  7  8  6  15       
PG05  -3422.466290  15768.009550  20905.683306   -158.322600  6  5     72       
PG06 -25772.123790   5981.181751  -2832.346531    441.319833  4  5  4  59       
PG07 -17467.695922  -8518.542179  18790.818863    -39.664701  5  4  4  62       
PG08   5106.443622 -25819.101348    514.036033   -162.564794  6  8  5  61       
PG09  -9085.364762 -17748.698525  17434.568091     61.947948  5  5  4  87       
PG10  21807.304125   8179.159335 -12864.049704    -69.704919  3  4  4  58       
PG11 -22188.448585  11937.415894   8350.829840   -543.371364  5  5  4  38       
PG12   5797.150811  21262.509196 -15160.527169   -468.840580  3  5  4  71       
PG13 -13495.436754  21312.004166   7745.507408    616.792632  4  6  4  94       
PG14 -22038.099108 -11268.040324  -9857.244238    301.247828  4  8  6  86       
PG15  -1879.149835  26366.813234    231.810486    118.219590  4  6  4  70       
PG16  11003.986048 -10215.897120  21577.629017   -382.170344  3  5  5  56       
PG17 -14202.592762  -4122.306106 -21633.424843    719.644509  4  6  3  42       
PG18  18300.813515   7214.809592  17947.458173   -534.382770  2  4  5 105       
PG19 -16396.089351   5384.049007 -20276.230015    427.881545  4  6  5  57       
PG20 -15592.854263   7229.339979  20264.861596    391.053524  5  6     77       
PG21   9115.661302 -16982.306319 -17330.969470    138.090778  6  6  5  17       
PG22 -20078.542611  -5458.562776 -15905.457695     46.621463  4  7  6  79       
PG23  20883.996089  16503.792478  -1551.248852    137.275643  3  6     57       
PG24  -5363.220071  17786.876818 -19244.425781   -415.597066  4  4  4  86       
PG25  16160.777063  20351.902665  -6477.434727    485.589607  4  4  5  83       
PG26  18732.813849  -2932.269738  18591.730564    199.420388  4  5  3  70       
PG28  25462.415487  -4784.812527  -5857.189934   -101.666726  5  5  4  36       
PG29   6371.360765  19259.129373  17043.612464   -608.554514  5  4  4  97       
PG30 -24336.211314   -830.755598  11045.631802   -444.262838  4  5  4  67       
PG31  24754.057938  -9663.022871   3123.341149   -227.363029  4  5  4  52       
PG32  15322.507333    -60.791401 -21482.272872   -605.761376  4  3  5  71       
*  2024  1 17 18  0  0.00000000
PG01   -783.214683 -15168.731872 -22102.393547    166.383011  8  4  6  99       
PG02   6926.896994 -17428.583174 -18212.938738   -499.446389  6  5  5  80       
PG03  -6109.553911 -19515.741812 -17156.207086    132.671309  5  6  6  70       
PG04    874.068420 -25894.783685   5518.230320    268.535227  7  8  6  62       
PG05  -5408.046054  14308.041415  21530.211483   -158.323972  6  5     89       
PG06 -25359.128449   5667.138481  -5684.084230    441.307744  4  5  4  68       
PG07 -15502.858051  -9323.898442  20078.789354    -39.673112  5  4  4  58       
PG08   5371.557421 -25541.810205   3372.606396   -162.565753  6  8  4  34       
PG09  -8614.875822 -19604.809777  15591.620006     61.959036  6  5  4  53       
PG10  22738.408538   9163.949577 -10420.788789    -69.705623  3  3  3  65       
PG11 -23018.955494  11948.286919   5633.451679   -543.383868  4  6  4  46       
PG12   4402.887429  20120.866205 -17094.333385   -468.844136  3  5  4  66       
PG13 -13373.273844  20227.986314  10372.916085    616.795901  4  6  5  91       
PG14 -22595.207903 -12114.834944  -7273.155396    301.257026  4  8  6  86       
PG15  -2219.210938  26114.731107   3038.501141    118.222972  4  6  4  95       
PG16  12782.625478  -8418.627802  21415.959985   -382.163606  3  5  5  71       
PG17 -13569.039156  -6596.755876 -21417.197666    719.643819  5  7  2  83       
PG18  16317.915252   7993.670795  19451.365298   -534.391003  2  4  5 101       
PG19 -15819.524693   3112.776758 -21228.376199    427.886259  4  6  5  35       
PG20 -17469.882237   5987.356723  19086.353535    391.051886  5  6     71       
PG21  11023.309679 -17613.330703 -15461.381468    138.089401  6  6  5  52       
PG22 -21176.004657  -6876.737908 -13827.984986     46.615635  3  7  6  88       
PG23  20774.520879  16664.490652   1325.835797    137.282368  3  6     63       
PG24  -7311.832013  18499.647177 -17811.382382   -415.603360  4  5  4  69       
PG25  15355.597550  19998.977453  -9109.936647    485.590792  3  4  5  54       
PG26  20304.797119  -1583.347353  17087.948761    199.417175  4  5  3  68       
PG28  24786.773785  -4258.759621  -8552.540077   -101.677093  5  4  4  75       
PG29   5753.259121  21006.699404  15083.701473   -608.554242  5  4  4  84       
PG30 -23123.812661  -1523.687762  13337.987152   -444.258649  4  5  3  80       
PG31  25037.074189  -9500.591442    313.679964   -227.363282  4  5  4  62       
PG32  14919.184607   2417.166038 -21646.846244   -605.763859  4  3  4  71       
*  2024  1 17 18 15  0.00000000
PG01   1468.082746 -16036.725704 -21403.715077    166.384045  8  4  7 103       
PG02   8840.498663 -18267.742902 -16508.286189   -499.441159  6  5  6  73       
PG03  -4424.587435 -18388.055454 -18840.021660    132.694566  5  5  6  45       
PG04   1192.240411 -26322.688251   2698.850425    268.543978  7  9  6  72       
PG05  -7508.827758  12927.499103  21777.965217   -158.325333  6  5     68       
PG06 -24670.964978   5207.877797  -8438.409096    441.295634  3  5  4  79       
PG07 -13466.950016 -10279.820899  21038.779474    -39.681297  5  4  5  69       
PG08   5621.370862 -24955.827397   6171.507014   -162.567734  5  8  4  64       
PG09  -8262.511170 -21258.823684  13478.185803     61.970116  6  5  4  74       
PG10  23493.423223   9920.841970  -7799.724261    -69.707672  3  2  2  64       
PG11 -23553.769898  11893.926666   2818.894892   -543.396443  4  6  4  46       
PG12   2799.736612  18924.046128 -18740.711619   -468.847177  3  6  4  63       
PG13 -13234.598105  18857.895712  12818.003321    616.799229  4  6  5  95       
PG14 -22961.226426 -12746.409003  -4565.136358    301.266198  4  8  6  85       
PG15  -2582.659089  25562.175234   5791.799680    118.226607  4  6  4  91       
PG16  14618.134714  -6746.101079  20875.776949   -382.156621  2  5  5  73       
PG17 -13074.508946  -9055.308242 -20817.003306    719.642906  5  7  2  86       
PG18  14239.114968   8937.039903  20622.733802   -534.399175  2  5  5 103       
PG19 -15347.120284    732.875082 -21819.206447    427.891184  4  6  5  55       
PG20 -19273.447880   4909.865621  17579.341287    391.050408  5  6  1  78       
PG21  12691.701470 -18227.925735 -13304.914169    138.088278  6  6  5  84       
PG22 -22156.159800  -8064.665387 -11502.861580     46.609503  2  7  6  86       
PG23  20409.859966  16644.244208   4180.371195    137.289119  4  6  1  58       
PG24  -9073.524937  19222.122821 -16076.668747   -415.609684  5  5  3  94       
PG25  14304.408566  19518.979741 -11589.986461    485.591936  3  4  5  69       
PG26  21780.792071   -414.332444  15290.927684    199.413958  5  5  3  87       
PG28  23870.484828  -3573.047686 -11100.762597   -101.687433  5  5  4  81       
PG29   5276.441954  22551.912005  12862.249340   -608.553810  4  5  4  94       
PG30 -21721.461197  -2369.288164  15405.338126   -444.254446  4  5  4  72       
PG31  25034.855471  -9237.757528  -2501.267862   -227.363265  5  5  4  46       
PG32  14644.900135   4907.675542 -21432.191252   -605.766394  3  4  4  61       
*  2024  1 17 18 30  0.00000000
PG01   3581.223023 -16991.161762 -20345.937790    166.385089  8  4  7  99       
PG02  10523.410870 -19092.519396 -14506.362520   -499.436052  6  5  6  60       
PG03  -2535.473763 -17262.349460 -20204.527652    132.717818  5  5  5  46       
PG04   1458.669709 -26444.907090   -167.362353    268.552690  8  9  7  32       
PG05  -9684.649114  11657.264876  21644.827759   -158.325891  6  5  1  88       
PG06 -23736.977797   4574.965904 -11047.964771    441.283545  2  5  4  53       
PG07 -11403.615064 -11380.997271  21654.574756    -39.689660  6  4  5  71       
PG08   5892.552083 -24069.291522   8861.197849   -162.569774  5  7  4  45       
PG09  -8004.039415 -22675.339410  11131.020690     61.981170  6  5  4  62       
PG10  24035.157277  10466.315175  -5046.012876    -69.708913  3  1  2  72       
PG11 -23796.866425  11736.352613    -44.306590   -543.408971  4  6  3  23       
PG12   1003.367839  17713.968502 -20072.461325   -468.850848  4  6  4  70       
PG13 -13117.403508  17219.902251  15037.546346    616.802358  5  6  5  92       
PG14 -23104.715176 -13182.029284  -1779.380085    301.275411  4  8  6  94       
PG15  -3003.251792  24719.363843   8442.823595    118.230094  5  6  4  85       
PG16  16468.871714  -5225.988475  19968.270184   -382.149335  2  6  5  72       
PG17 -12720.220819 -11446.042825 -19843.559157    719.642304  6  6  2  58       
PG18  12112.185064  10042.101613  21441.096730   -534.407310  3  5  5 100       
PG19 -14997.059340  -1710.407999 -22039.881439    427.895772  4  7  5  82       
PG20 -20958.007233   3998.015530  15769.285552    391.048542  4  5  2  77       
PG21  14101.697729 -18784.261785 -10901.319545    138.087101  6  6  6  52       
PG22 -22976.670025  -9024.771578  -8972.303805     46.603830     7  7  86       
PG23  19773.187836  16477.977064   6963.806061    137.295894  4  6  2  43       
PG24 -10626.286790  19917.298838 -14068.132718   -415.615978  5  5  3  84       
PG25  13006.775011  18951.071359 -13876.557463    485.593109  3  4  4  67       
PG26  23119.404357    575.032098  13232.376083    199.410747  5  5  2  78       
PG28  22747.846000  -2707.177976 -13458.077765   -101.697788  4  5  4           
PG29   4918.074403  23857.475806  10417.749440   -608.553571  4  5  4  93       
PG30 -20167.533018  -3379.343761  17212.723282   -444.250263  4  5  3  69       
PG31  24763.763012  -8841.756596  -5274.330899   -227.363439  4  5  4  75       
PG32  14502.138966   7360.807579 -20842.776618   -605.768883  2  4  3  63       
*  2024  1 17 18 45  0.00000000
PG01   5520.395868 -17998.414929 -18945.398415    166.386116  7  4  6 103       
PG02  11957.714215 -19861.059501 -12243.944308   -499.431032  6  5  6  66       
PG03   -468.991323 -16177.966147 -21226.606666    132.741071  5  5  4  14       
PG04   1710.448685 -26255.378741  -3030.669812    268.561425  8  9  7  33       
PG05 -11890.847380  10521.218796  21133.449429   -158.327303  6  5  1  70       
PG06 -22592.992599   3746.503908 -13467.768822    441.271460  2  6  5  67       
PG07  -9355.573034 -12614.474998  21915.253501    -39.697987  6  4  5  65       
PG08   6219.873995 -22899.285673  11394.122824   -162.572326  5  7  4  47       
PG09  -7809.805602 -23825.673438   8590.928332     61.992212  6  5  3  65       
PG10  24331.761446  10824.110290  -2206.744840    -69.710458  4     1  82       
PG11 -23760.854581  11440.024085  -2906.740932   -543.421487  4  6  3  69       
PG12   -962.887435  16529.967677 -21067.599776   -468.854143  4  7  4  71       
PG13 -13056.543891  15340.707558  16992.302220    616.806047  5  6  5  82       
PG14 -22999.949821 -13447.189918   1036.662569    301.284528  4  8  6  82       
PG15  -3512.031948  23604.963517  10944.047858    118.233204  5  6  4  67       
PG16  18290.265897  -3878.046554  18711.100758   -382.142559  2  6  5  76       
PG17 -12498.917420 -13718.500485 -18514.534140    719.640992  6  6  2  77       
PG18   9984.662876  11297.639986  21891.950437   -534.415490  3  6  6  98       
PG19 -14779.752898  -4169.403023 -21887.788053    427.900453  4  7  5  52       
PG20 -22479.844267   3244.998218  13686.967902    391.047172  4  5  3  66       
PG21  15243.697759 -19239.919349  -8295.308084    138.086053  5  6  6  73       
PG22 -23598.607185  -9768.129271  -6282.053312     46.597992     7  7  72       
PG23  18855.894115  16204.089126   9628.781644    137.302601  5  6  3  69       
PG24 -11955.425232  20545.892803 -11818.589863   -415.622325  5  5  2  49       
PG25  11470.285730  18334.828208 -15931.933365    485.594282  3  4  4  55       
PG26  24281.652429   1392.711361  10948.227373    199.407530  5  4  2  82       
PG28  21458.030350  -1647.798967 -15584.012131   -101.708179  4  6  4  58       
PG29   4649.318081  24892.675652   7792.596104   -608.553171  4  6  4  82       
PG30 -18503.283823  -4558.307598  18729.450861   -444.246064  4  5  3  56       
PG31  24247.343411  -8284.014609  -7959.218372   -227.363582  4  5  4  82       
PG32  14485.198738   9727.535189 -19889.692960   -605.771345  2  4  3  64       
*  2024  1 17 19  0  0.00000000
PG01   7256.420541 -19019.671118 -17224.255954    166.387181  7  4  6 112       
PG02  13134.749374 -20530.878625  -9762.432690   -499.425800  6  5  7  54       
PG03   1740.968370 -15169.664298 -21888.851269    132.764321  5  5  3  47       
PG04   1985.065904 -25757.090167  -5841.370526    268.570182  8  9  8  63       
PG05 -14079.853532   9535.420913  20253.176585   -158.328895  6  5  2  77       
PG06 -21279.949028   2708.185729 -15655.991672    441.259392  2  5  5  42       
PG07  -7363.210103 -13959.976098  21815.391584    -39.706412  6  5  5  65       
PG08   6634.619628 -21471.225425  13725.618401   -162.573948  4  6  4  61       
PG09  -7646.066256 -24688.858837   5902.030129     62.003280  6  4  3  65       
PG10  24357.950556  11024.100294    669.844588    -69.711450  4     1  70       
PG11 -23466.399753  10973.403392  -5718.979205   -543.433978  4  6  3  82       
PG12  -3068.733305  15407.360747 -21709.678275   -468.857365  5  7  4  65       
PG13 -13082.204852  13254.655717  18647.756866    616.809249  5  6  5  43       
PG14 -22627.981851 -13572.456505   3835.067165    301.293755  4  8  7  85       
PG15  -4135.837320  22245.480116  13250.254076    118.236790  5  6  4  89       
PG16  20036.487433  -2713.586820  17127.952822   -382.135645  2  6  5  71       
PG17 -12395.266803 -15825.545808 -16854.178580    719.640722  6  6  2  79       
PG18   7902.169874  12684.311573  21967.031865   -534.423683  3  6  6 104       
PG19 -14697.508481  -6595.635928 -21366.505965    427.905352  4  7  5  77       
PG20 -23798.680750   2636.470186  11367.987329    391.045155  4  5  4  66       
PG21  16117.830228 -19553.799446  -5535.526975    138.085265  5  6  6  52       
PG22 -23988.033720 -10313.734921  -3480.433265     46.592097     7  7  81       
PG23  17658.053665  15862.859458  12129.910955    137.309346  5  7  4  76       
PG24 -13054.020674  21067.879794  -9365.382507   -415.628704  5  6  1  88       
PG25   9710.416367  17708.702386 -17722.249750    485.595461  3  4  4  37       
PG26  25232.387774   2053.829457   8477.989572    199.404328  5  4  2  85       
PG28  20043.589695   -389.418734 -17442.088329   -101.718588  4  6  4  51       
PG29   4436.642976  25634.485908   5032.332428   -608.552806  4  7  4  78       
PG30 -16771.374299  -5902.939218  19929.598589   -444.241873  4  5  3  90       
PG31  23515.374024  -7541.377035 -10511.222311   -227.363881  4  5  4  47       
PG32  14580.499242  11961.456226 -18590.395553   -605.773925  3  4  4  71       
*  2024  1 17 19 15  0.00000000
PG01   8767.716254 -20012.347142 -15210.240564    166.388158  6  4  6 104       
PG02  14055.191800 -21060.650284  -7106.962376   -499.420744  6  5  7  67       
PG03   4054.488201 -14266.329475 -22179.851719    132.787521  4  5  1  48       
PG04   2318.735001 -24961.979915  -8550.685452    268.578881  8  9  8  66       
PG05 -16202.905040   8707.619543  19019.852557   -158.329888  6  5  2  83       
PG06 -19842.343993   1454.067189 -17574.688678    441.247357  3  5  5  68       
PG07  -5463.244476 -15390.478524  21355.211679    -39.714563  6  5  5  68       
PG08   7163.138958 -19817.918144  15814.757881   -162.575423  4  5  4  60       
PG09  -7476.489190 -25252.351279   3110.977290     62.014340  6  4  3  60       
PG10  24095.981580  11100.946944   3535.161932    -69.712853  4     1  82       
PG11 -22941.341509  10310.368449  -8432.438612   -543.446527  4  7  2  63       
PG12  -5277.860577  14376.178338 -21988.020282   -468.860896  5  8  4  75       
PG13 -13218.573980  11002.539707  19974.780287    616.812822  5  6  5  54       
PG14 -21977.453872 -13592.126622   6568.225035    301.302886  4  8  7  80       
PG15  -4895.965689  20674.326720  15319.461727    118.240088  5  6  4  63       
PG16  21662.150819  -1735.298065  15247.984504   -382.128905  2  6  6  80       
PG17 -12386.615790 -17725.089858 -14892.807131    719.639769  6  7  3  77       
PG18   5906.805362  14175.241513  21664.494527   -534.431887  4  6  6  95       
PG19 -14744.514225  -8941.460869 -20485.683432    427.910165  5  7  5  78       
PG20 -24879.172579   2151.276749   8852.164688    391.043410  3  5  4  70       
PG21  16733.705013 -19687.979358  -2673.435522    138.084207  5  5  6  52       
PG22 -24117.370128 -10687.469637   -617.373976     46.586122     7  7  76       
PG23  16188.578355  15494.786868  14424.528262    137.316187  6  7  4  81       
PG24 -13923.090951  21444.100759  -6749.837209   -415.635091  6  6     58       
PG25   7750.114719  17108.545093 -19217.977865    485.596640  2  4  4  54       
PG26  25941.569103   2579.854571   5864.054444    199.401145  5  3  3  93       
PG28  18548.842232   1065.187922 -19000.444861   -101.728959  4  6  4  47       
PG29   4243.328667  26068.393348   2184.840786   -608.552386  5  7  4  85       
PG30 -15014.351380  -7402.234442  20792.446579   -444.237645  4  5  3  74       
PG31  22602.700545  -6597.137954 -12887.888579   -227.364033  4  5  4  78       
PG32  14767.215413  14020.402221 -16968.330896   -605.776390  4  4  4  53       
*  2024  1 17 19 30  0.00000000
PG01  10041.002352 -20931.687601 -12936.305066    166.389147  6  4  5  78       
PG02  14728.738355 -21411.936791  -4325.451204   -499.415641  6  4  7  26       
PG03   6426.941526 -13489.914887 -22094.392557    132.810771  4  5     70       
PG04   2744.775577 -23890.501629 -11111.626341    268.587589  7  8  8  82       
PG05 -18211.807632   8037.103049  17455.496680   -158.330705  6  5  2  94       
PG06 -18326.544454    -12.986078 -19190.471973    441.235310  3  5  5  84       
PG07  -3687.512300 -16873.050510  20540.671715    -39.723147  6  5  6  26       
PG08   7825.618980 -17978.334846  17625.111391   -162.577324  4  5  4  43       
PG09  -7263.757315 -25512.415236    266.121279     62.025423  5  4  3  64       
PG10  23536.355537  11092.597722   6341.030246    -69.713255  5  1  2  93       
PG11 -22219.543681   9431.420456 -11000.232248   -543.459098  4  6  2  59       
PG12  -7549.118099  13460.101642 -21897.880232   -468.864173  5  8  4  74       
PG13 -13482.766297   8630.152590  20950.172269    616.816049  5  6  5  60       
PG14 -21045.139322 -13542.757363   9189.626350    301.312084  4  8  6 100       
PG15  -5807.059370  18930.601492  17113.814399    118.243637  5  5  4  82       
PG16  23123.983575   -937.417542  13105.196643   -382.121875  3  6  6  81       
PG17 -12444.058778 -19381.598496 -12666.151331    719.639369  6  7  3  65       
PG18   4035.676023  15736.922941  20988.977980   -534.440081  4  6  6  86       
PG19 -14907.134033 -11161.651349 -19260.828192    427.915070  5  8  6  62       
PG20 -25692.232921   1762.451643   6182.863943    391.041915  3  5  5  59       
PG21  17109.743102 -19609.420955    237.878618    138.083478  4  5  6  39       
PG22 -23966.495079 -10920.796658   2256.564899     46.580176  1  7  7  68       
PG23  14465.043783  15138.929889  16473.397992    137.323055  6  7  4  79       
PG24 -14571.452266  21637.883207  -4016.622214   -415.641448  6  6     83       
PG25   5619.124296  16566.240052 -20394.348583    485.597834  2  4  4  60       
PG26  26385.346092   2997.553349   3150.978095    199.397918  5  3  3  93       
PG28  17018.206733   2704.893528 -20232.375798   -101.739307  4  7  4  45       
PG29   4031.094220  26188.897508   -700.508143   -608.552079  5  7  5  72       
PG30 -13273.139652  -9037.649314  21302.836965   -444.233393  4  5  3  89       
PG31  21547.908611  -5441.834798 -15049.651416   -227.363925  4  5  4  80       
PG32  15018.203749  15867.871638 -15052.458638   -605.778888  5  5  5  63       
*  2024  1 17 19 45  0.00000000
PG01  11071.695641 -21732.484230 -10440.176309    166.390148  5  4  4  98       
PG02  15173.429616 -21550.786460  -1467.619547   -499.410634  6  4  7  51       
PG03   8810.490160 -12854.651958 -21633.555802    132.834026  4  6  3  77       
PG04   3292.111583 -22570.865422 -13479.829896    268.596364  7  8  8  67       
PG05 -20060.675180   7514.897938  15587.870363   -158.332401  5  5  3  81       
PG06 -16779.034168  -1681.192155 -20475.109342    441.223320  2  5  5  90       
PG07  -2061.916215 -18369.916553  19383.486159    -39.731582  6  5  6  22       
PG08   8635.118572 -15996.148284  19125.404558   -162.578530  4  4  4  66       
PG09  -6971.211841 -25474.176785  -2583.341179     62.036456  5  4  3  81       
PG10  22678.221767  11038.679506   9040.442578    -69.714122  5  2  2  88       
PG11 -21339.521378   8324.638242 -13377.989728   -543.471636  4  6  2  59       
PG12  -9837.863916  12675.642245 -21440.521928   -468.867549  6  8  4  88       
PG13 -13884.050404   6186.643794  21557.086107    616.819411  5  6  5  68       
PG14 -19836.186359 -13461.615253  11654.625720    301.321295  4  8  6  99       
PG15  -6876.264498  17057.623345  18600.393473    118.247515  6  6  4  89       
PG16  24382.395535   -306.233053  10737.738771   -382.115136  3  6  6  90       
PG17 -12533.770901 -20767.322854 -10214.602558    719.638124  6  7  3  45       
PG18   2319.618307  17330.388180  19951.567048   -534.448278  5  6  6  93       
PG19 -15164.498975 -13214.894683 -17713.019507    427.919840  6  8  6  96       
PG20 -26216.128526   1438.453940   3406.241331    391.039937  2  5  5  52       
PG21  17272.125768 -19291.449197   3144.897192    138.082094  4  5  6  18       
PG22 -23523.538226 -11049.258069   5091.150601     46.574477  3  7  7  75       
PG23  12513.195932  14831.308380  18241.372557    137.329862  6  7  5  84       
PG24 -15015.272616  21616.609088  -1213.010032   -415.647798  6  6     83       
PG25   3353.069667  16108.493175 -21231.714474    485.598995  1  4  4  73       
PG26  26546.916162   3337.757137    384.744447    199.394703  5  2  3  99       
PG28  15494.547268   4510.456813 -21116.781832   -101.749672  4  7  4  63       
PG29   3761.790901  25999.669104  -3573.731310   -608.551927  5  7  5  64       
PG30 -11585.597375 -10783.612915  21451.454069   -444.229131  4  6  3  89       
PG31  20391.875965  -4073.782053 -16960.426530   -227.364232  4  5  4  68       
PG32  15301.180753  17474.233811 -12876.682194   -605.781403  6  5  5  70       
*  2024  1 17 20  0  0.00000000
PG01  11863.981937 -22370.855823  -7763.805685    166.391093  4  4  4 109       
PG02  15414.647761 -21449.131858   1415.992445   -499.405598  5  3  6  13       
PG03  11155.710926 -12366.560476 -20804.728165    132.857248  4  5  4  58       
PG04   3983.947811 -21037.987723 -15614.341448    268.605107  7  7  8  53       
PG05 -21707.578558   7124.301664  13449.941451   -158.333088  5  5  3  79       
PG06 -15244.662021  -3530.094998 -21406.038293    441.211262  2  5  5  76       
PG07   -605.575774 -19839.725803  17901.072866    -39.739956  6  5  6  35       
PG08   9596.907164 -13918.100676  20290.062534   -162.581331  4  4  4  67       
PG09  -6564.469166 -25151.342843  -5388.232133     62.047534  5  4  4  77       
PG10  21529.473539  10978.847836  11588.286086    -69.715781  6  2  3  88       
PG11 -20342.898962   6986.340824 -15524.633534   -543.484163  4  6  2  58       
PG12 -12097.450078  12031.593354 -20623.215423   -468.871081  6  8  4  83       
PG13 -14423.407412   3722.749163  21785.321461    616.822852  5  6  4  53       
PG14 -18364.056321 -13385.106639  13921.179373    301.330493  4  7  6  99       
PG15  -8102.708599  15101.286718  19751.932812    118.250867  6  6  4  65       
PG16  25402.891091    179.114283   8187.171041   -382.108194  3  6  6  98       
PG17 -12618.542890 -21863.203029  -7582.369185    719.637302  6  7  4  90       
PG18    782.163928  18912.609218  18569.638814   -534.456475  5  6  6  83       
PG19 -15489.370614 -15065.139122 -15868.547337    427.924589  7  8  6  95       
PG20 -26437.304013   1144.593893    570.435599    391.038359  2  6  6  80       
PG21  17253.424498 -18714.933985   5994.839547    138.081209  3  4  6  44       
PG22 -22785.341073 -11110.839773   7837.390027     46.568711  4  6  6  69       
PG23  10366.154313  14603.426971  19697.988995    137.336648  6  7  5  92       
PG24 -15277.326685  21353.163182   1611.945602   -415.654179  6  6     78       
PG25    992.334202  15755.819122 -21715.847805    485.600169  2  4  3  71       
PG26  26417.126566   3633.988105  -2387.977929    199.391496  5  3  3  89       
PG28  14017.591664   6455.077580 -21638.525614   -101.760076  3  7  4  85       
PG29   3399.089632  25513.361506  -6385.117042   -608.551526  6  7  5  78       
PG30  -9985.189948 -12608.313592  21235.019264   -444.224928  4  6  3  85       
PG31  19176.255130  -2499.325600 -18588.158059   -227.364428  4  6  4  82       
PG32  15580.102729  18817.660344 -10479.202612   -605.783914  6  5  5  71       
*  2024  1 17 20 15  0.00000000
PG01  12430.550381 -22806.021347  -4952.720766    166.392078  4  5  4 105       
PG02  15483.842949 -21085.935550   4274.984274   -499.400411  4  3  6  39       
PG03  13413.292452 -12023.277705 -19621.510503    132.880504  3  5  5  58       
PG04   4836.677596 -19332.191872 -17478.333245    268.613901  6  5  7  51       
PG05 -23116.039044   6841.724895  11079.260085   -158.334574  5  5  4  80       
PG06 -13764.960168  -5531.148832 -21966.784670    441.199257  2  5  5  80       
PG07    669.785467 -21238.985769  16116.417631    -39.748280  6  5  7  59       
PG08  10708.132128 -11792.270808  21099.629988   -162.584151  4  4  5  76       
PG09  -6012.947288 -24565.599925  -8100.249321     62.058591  4  4  4   7       
PG10  20106.534462  10951.150942  13942.029775    -69.717353  6  3  4  79       
PG11 -19272.759731   5421.431305 -17403.096797   -543.496636  5  6  2  66       
PG12 -14280.790384  11528.772385 -19459.151322   -468.874524  6  8  3  76       
PG13 -15093.439788   1288.968519  21631.481322    616.826105  5  6  4  56       
PG14 -16650.158140 -13347.247411  15950.543281    301.339730  4  7  6  99       
PG15  -9477.325159  13108.307258  20547.410623    118.254450  6  6  4  68       
PG16  26157.275611    545.567047   5497.699488   -382.101208  4  6  6  88       
PG17 -12659.447112 -22659.412554  -4816.573450    719.636152  6  7  4  93       
PG18   -561.209953  20438.075337  16866.597296   -534.464701  5  6  6  78       
PG19 -15849.243465 -16682.748578 -13758.484433    427.929547  7  9  6 102       
PG20 -26350.899425    844.591061  -2275.285650    391.037025  2  6  6  62       
PG21  17090.988256 -17869.127650   8736.762293    138.080091  3  4  6  63       
PG22 -21757.576629 -11144.276240  10448.380820     46.562614  4  6  6  79       
PG23   8063.339294  14480.976529  20817.994839    137.343479  6  6  5  90       
PG24 -15385.974726  20827.196852   4408.304681   -415.660500  6  6  2  71       
PG25  -1419.232848  15521.759376 -21838.171967    485.601369  2  5  3  76       
PG26  25994.803373   3920.996943  -5120.576068    199.388303  5  3  3  91       
PG28  12622.483929   8505.246788 -21788.685923   -101.770410  3  7  4  57       
PG29   2910.095500  24751.083740  -9086.099720   -608.551085  6  7  5  75       
PG30  -8499.830344 -14474.733222  20656.395103   -444.220662  4  6  3  92       
PG31  17941.938595   -732.808195 -19905.314689   -227.364718  4  6  4  76       
PG32  15816.689455  19884.752599  -7901.810915   -605.786371  7  5  5  75       
*  2024  1 17 20 30  0.00000000
PG01  12791.991888 -23001.995630  -2055.283318    166.393017  3  5  4 108       
PG02  15417.050577 -20448.043556   7060.009283   -499.395271  4  3  6  50       
PG03  15535.740704 -11814.214697 -18103.528676    132.903704  3  5  5  18       
PG04   5859.065208 -17497.711649 -19039.744094    268.622659  6  4  7  62       
PG05 -24256.309144   6637.805805   8517.260641   -158.335656  4  5  5  92       
PG06 -12376.598055  -7648.624827 -22147.276676    441.187223  2  4  5  80       
PG07   1760.187299 -22523.616682  14057.848619    -39.756988  6  4  7  35       
PG08  11957.824900  -9666.313108  21541.061779   -162.585761  4  4  6  78       
PG09  -5291.241783 -23745.718000 -10672.800387     62.069592  4  4  5  58       
PG10  18433.845278  10990.466209  16062.369636    -69.718911  6  3  4  86       
PG11 -18171.952245   3643.407830 -18980.969437   -543.509088  5  5  3  82       
PG12 -16341.957219  11160.065489 -17967.271539   -468.877871  6  8  3  73       
PG13 -15878.631821  -1066.234060  21098.991941    616.829562  6  6  3  39       
PG14 -14723.191040 -13378.229643  17707.921896    301.348918  4  7  6  97       
PG15 -10983.037003  11124.436900  20972.498758    118.258415  6  6  4  64       
PG16  26624.617194    824.876542   2715.400126   -382.094208  4  6  6  92       
PG17 -12617.560372 -23155.528648  -1966.313927    719.635442  6  7  5  61       
PG18  -1703.514933  21860.488031  14871.497900   -534.472910  6  5  6  74       
PG19 -16207.646427 -18045.426597 -11418.196908    427.934100  8  9  6  93       
PG20 -25960.938585    502.201994  -5081.406998    391.034836  2  6  6  75       
PG21  16825.173741 -16752.131201  11322.558275    138.078506  3  4  5  76       
PG22 -20454.533288 -11187.365534  12880.086707     46.556976  5  6  6  73       
PG23   5649.161594  14482.763720  21581.794201    137.350312  6  6  5  83       
PG24 -15373.901477  20026.146998   7126.189735   -415.666989  6  6  3  50       
PG25  -3835.737647  15412.359550 -21595.923382    485.602541  3  5  3  81       
PG26  25286.798486   4233.265783  -7767.221336    199.384961  5  4  3  90       
PG28  11338.525550  10621.859839 -21564.706811   -101.780770  3  7  4  73       
PG29   2266.824979  23741.557253 -11630.108867   -608.550536  6  7  5  72       
PG30  -7150.930877 -16341.894783  19724.593919   -444.216410  4  6  3  93       
PG31  16727.559188   1203.754440 -20889.330033   -227.364784  4  6  4  78       
PG32  15972.030058  20670.846547  -5189.134263   -605.788831  7  5  5  88       
*  2024  1 17 20 45  0.00000000
PG01  12975.877026 -22929.136591    878.137369    166.393969  3  5  4 107       
PG02  15253.267436 -19530.721330   9723.625822   -499.390244  4  3  5  71       
PG03  17479.030664 -11721.036223 -16276.146020    132.926928  3  5  5  26       
PG04   7051.735071 -15581.057432 -20271.829033    268.631418  5  4  7  57       
PG05 -25106.393230   6478.748651   5808.505247   -158.336901  4  5  5  86       
PG06 -11110.033570  -9840.807146 -21944.046862    441.175209  3  5  5  78       
PG07   2669.453261 -23650.574900  11758.713435    -39.765357  6  4  7  31       
PG08  13327.241061  -7585.740667  21607.882915   -162.588295  5  4  6  89       
PG09  -4380.297888 -22726.396380 -13061.799794     62.080672  4  5  6  71       
PG10  16543.070232  11127.063750  17913.825576    -69.720082  6  4  4  93       
PG11 -17081.419849   1674.040540 -20231.061048   -543.521584  5  4  4  96       
PG12 -18237.751909  10910.774730 -16172.015769   -468.881212  6  8  3  92       
PG13 -16755.948046  -3298.134009  20197.988388    616.833024  6  6  3  53       
PG14 -12618.218466 -13503.139442  19163.057617    301.358144  4  7  5 105       
PG15 -12595.292372   9192.729081  21019.854886    118.261849  6  6  4  66       
PG16  26791.935616   1052.169397   -112.554661   -382.087454  4  7  6  97       
PG17 -12455.669072 -23360.330635    918.281379    719.634349  6  7  5  85       
PG18  -2646.351111  23134.507706  12618.566038   -534.481137  6  5  5  72       
PG19 -16525.596955 -19138.878954  -8886.798681    427.939060  8  9  6  99       
PG20 -25280.179119     82.851338  -7799.056049    391.033061  2  5  6  95       
PG21  16497.507251 -15370.983212  13707.830910    138.077707  4  3  5  84       
PG22 -18898.581593 -11275.361052  15092.027098     46.550908  5  6  5  81       
PG23   3171.521004  14619.910764  21975.805824    137.357104  6  5  5  93       
PG24 -15276.663958  18945.958475   9716.766356   -415.673391  6  6  4  56       
PG25  -6210.744730  15425.925896 -20992.240481    485.603762  4  5  3  84       
PG26  24307.755373   4603.530249 -10283.578761    199.381762  5  5  3  95       
PG28  10188.153273  12761.551104 -20970.439551   -101.791127  3  7  4  70       
PG29   1447.487449  22519.991084 -13973.377045   -608.550070  6  7  5  65       
PG30  -5952.703903 -18166.279976  18454.686980   -444.212171  4  5  2  88       
PG31  15568.077627   3281.278290 -21522.982053   -227.365238  4  6  5  74       
PG32  16008.207798  21179.989066  -2387.851025   -605.791305  7  5  5  86       
*  2024  1 17 21  0  0.00000000
PG01  13015.542934 -22565.475784   3796.062900    166.394932  3  5  4 110       
PG02  15032.756847 -18337.861537  12221.072000   -499.385180  4  3  5  56       
PG03  19204.142523 -11718.448898 -14170.078980    132.950107  3  5  5  80       
PG04   8406.987367 -13629.309716 -21153.609877    268.640210  5  3  7  11       
PG05 -25652.771538   6327.830821   2999.884784   -158.338476  4  5  6  92       
PG06  -9988.415228 -12061.433585 -21360.316717    441.163183  3  5  6  67       
PG07   3408.971802 -24579.487780   9256.953048    -39.773443  6  4  7  45       
PG08  14790.515585  -5592.320307  21300.220066   -162.589952  5  4  7  85       
PG09  -3268.333724 -21546.898151 -15226.415004     62.091644  5  5  6  82       
PG10  14472.051071  11385.347131  19465.284896    -69.722356  6  4  4  82       
PG11 -16038.618868   -457.273401 -21131.870578   -543.534056  5  4  5  80       
PG12 -19929.192935  10759.258488 -14102.983416   -468.884482  6  7  3  77       
PG13 -17695.741736  -5367.286208  18945.071792    616.836148  6  6  3  70       
PG14 -10375.506044 -13740.875107  20290.751579    301.367343  4  6  5 102       
PG15 -14282.929920   7351.932572  20689.249124    118.265408  6  6  4  55       
PG16  26654.601108   1264.412408  -2938.656237   -382.080591  5  7  6  73       
PG17 -12139.885983 -23291.245085   3786.988227    719.633402  6  6  5  80       
PG18  -3399.666663  24217.483656  10146.616693   -534.489313  7  5  4  85       
PG19 -16763.156948 -19957.192679  -6206.555118    427.943678  8  9  7 105       
PG20 -24329.629011   -444.800391 -10380.885850    391.031591  2  5  6  87       
PG21  16148.864067 -13741.384349  15852.628676    138.076670  4  3  5  72       
PG22 -17119.353953 -11439.499841  17047.874831     46.545291  5  5  5  92       
PG23    680.168949  14895.357873  21992.725685    137.363959  6  5  4  77       
PG24 -15131.108004  17591.470131  12133.229980   -415.679743  6  6  4  44       
PG25  -8498.811594  15553.072620 -20036.175925    485.604960  4  6  4  42       
PG26  23079.603438   5061.373162 -12627.489811    199.378541  5  5  2  82       
PG28   9186.191894  14878.199366 -20016.076786   -101.801437  3  7  3  83       
PG29    437.520831  21126.721002 -16075.692170   -608.549605  6  7  5  72       
PG30  -4911.740645 -19903.366341  16867.611443   -444.207957  4  5  3  93       
PG31  14493.507091   5464.478830 -21794.705902   -227.365304  4  6  5  89       
PG32  15889.881345  21424.592331    454.110851   -605.793814  7  5  5  86       
*  2024  1 17 21 15  0.00000000
PG01  12948.632874 -21897.770275   6646.859016    166.395896  3  4  4 107       
PG02  14795.351593 -16881.866638  14510.954965   -499.380138  4  2  4  71       
PG03  20678.423993 -11775.270363 -11820.918876    132.973293  3  6  5  69       
PG04   9908.946398 -11688.407031 -21670.219696    268.648969  5  4  6  65       
PG05 -25890.803408   6147.017023    139.793212   -158.339173  4  5  6  98       
PG06  -9026.779646 -14261.325824 -20405.960645    441.151206  4  5  6  63       
PG07   3997.156459 -25274.238039   6594.569013    -39.781992  6  4  7           
PG08  16315.601888  -3722.641149  20624.710015   -162.592393  5  3  7  90       
PG09  -1951.479866 -20249.527324 -17129.749966     62.102688  5  5  6  67       
PG10  12263.544761  11782.815423  20690.487293    -69.723314  6  4  4  86       
PG11 -15076.087204  -2714.451920 -21667.954746   -543.546556  6  4  5  70       
PG12 -21382.867951  10677.845412 -11794.511433   -468.888111  6  7  3  76       
PG13 -18662.932807  -7240.841384  17362.947432    616.839667  7  6  3  73       
PG14  -8039.165237 -14103.307714  21071.306943    301.376537  4  6  5 106       
PG15 -16009.332439   5635.085604  19987.523177    118.269169  6  6  3  57       
PG16  26216.436160   1498.833156  -5715.797253   -382.073525  5  7  6  91       
PG17 -11641.114677 -22973.470550   6590.385299    719.632230  6  5  6 100       
PG18  -3981.185199  25071.098503   7498.384153   -534.497508  7  5  4  61       
PG19 -16881.036029 -20502.918415  -3422.241254    427.948172  8  9  7  99       
PG20 -23137.748373  -1107.416789 -12781.930706    391.029858  2  5  6  86       
PG21  15817.743860 -11887.086775  17722.032962    138.075363  4  3  5  80       
PG22 -15152.676511 -11705.718972  18715.959341     46.539619  5  5  4  81       
PG23  -1775.004742  15303.689862  21631.687843    137.370774  6  5  4  63       
PG24 -14973.721914  15976.439365  14331.771165   -415.686098  6  6  4  38       
PG25 -10657.002805  15777.062484 -18742.627966    485.606156  5  6  4  67       
PG26  21630.799749   5631.939600 -14759.621924    199.375311  5  5  2  75       
PG28   8339.410103  16924.547331 -18717.979977   -101.811822  3  7  3  74       
PG29   -769.658673  19605.667018 -17901.081401   -608.548990  7  6  5  75       
PG30  -4026.887545 -21509.227548  14989.873860   -444.203676  4  5  3  92       
PG31  13527.821058   7712.975427 -21698.834152   -227.365622  4  6  5  82       
PG32  15585.763319  21424.784662   3288.378670   -605.796256  7  6  5  86       
*  2024  1 17 21 30  0.00000000
PG01  12815.444964 -20922.223629   9379.723011    166.396836  4  4  4 107       
PG02  14578.819439 -15183.221509  16555.849575   -499.374848  5  2  4  56       
PG03  21876.725723 -11855.741364  -9268.564508    132.996503  3  6  5  76       
PG04  11534.034807  -9801.494817 -21813.136620    268.657722  5  5  6  61       
PG05 -25824.798512   5898.616337  -2722.709366   -158.340639  5  5  6 103       
PG06  -8231.576938 -16390.146216 -19097.348562    441.139162  4  5  6  63       
PG07   4458.615269 -25704.433285   3816.983650    -39.790282  6  4  8  33       
PG08  17865.452722  -2006.909061  19594.292986   -162.593263  6  3  8  90       
PG09   -434.111716 -18878.008249 -18739.455503     62.113706  5  5  7  64       
PG10   9963.787915  12329.283658  21568.446356    -69.724664  6  5  4  49       
PG11 -14220.218967  -5055.930940 -21830.189076   -543.559030  6  5  5  67       
PG12 -22572.098878  10633.992248  -9285.169559   -468.891633  6  7  3  85       
PG13 -19618.404121  -8893.589900  15479.955233    616.842999  7  5  3  84       
PG14  -5655.651833 -14594.717656  21490.886591    301.385746  4  6  4 106       
PG15 -17733.815319   4068.371190  18928.386568    118.272506  5  6  3  60       
PG16  25489.523606   1791.353035  -8397.979513   -382.066368  5  7  6  97       
PG17 -10936.306850 -22438.826530   9280.702307    719.631803  6  5  6 107       
PG18  -4415.522502  25662.860883   4719.773469   -534.505734  7  4  3  54       
PG19 -16842.186017 -20786.852503   -580.460231    427.952953  8  9  7 104       
PG20 -21739.368300  -1925.732601 -14960.417640    391.028505  3  5  6  77       
PG21  15538.709727  -9838.990487  19286.599943    138.074101  5  4  5  79       
PG22 -13039.299306 -12093.601801  20069.675387     46.533793  5  4  3  88       
PG23  -4145.696879  15831.296436  20898.318470    137.377571  6  6  4   9       
PG24 -14839.000704  14123.197050  16272.490662   -415.692443  6  6  5  64       
PG25 -12646.330765  16074.433684 -17132.186834    485.607374  6  6  4  83       
PG26  19995.344968   6334.818700 -16644.078431    199.372082  6  6  3  92       
PG28   7646.395875  18853.873977 -17098.402839   -101.822230  4  7  3  78       
PG29  -2172.221157  18002.670288 -19418.415447   -608.548456  7  6  5  99       
PG30  -3289.428634 -22942.136623  12853.150786   -444.199465  4  5  4 101       
PG31  12688.085661   9982.597493 -21235.758045   -227.365923  4  6  5  89       
PG32  15069.942016  21207.486837   6066.930686   -605.798776  7  6  5  80       
*  2024  1 17 21 45  0.00000000
PG01  12657.157477 -19644.836854  11945.681504    166.397921  4  3  4 101       
PG02  14417.349862 -13269.781898  18322.804770   -499.370055  6  2  4  60       
PG03  22782.264397 -11921.032584  -6556.572150    133.019681  4  6  5  84       
PG04  13251.753996  -8007.398727 -21580.304595    268.666451  5  5  5  68       
PG05 -25467.757693   5546.917503  -5538.730291   -158.342168  5  5  6  97       
PG06  -7600.543615 -18398.212427 -17457.068845    441.127153  5  5  6  71       
PG07   4823.052349 -25846.696576    972.296786    -39.798830  6  5  8  44       
PG08  19399.392561   -468.008771  18227.900832   -162.594221  6  4  8  88       
PG09   1271.136876 -17475.829837 -20028.257865     62.124730  5  5  7  35       
PG10   7620.936768  13026.390562  22083.802455    -69.726178  6  5  4  53       
PG11 -13490.292389  -7436.081583 -21615.917514   -543.571383  7  6  5  54       
PG12 -23477.874581  10591.646319  -6617.175851   -468.895132  6  7  4  58       
PG13 -20520.557152 -10308.696192  13329.506237    616.846383  7  5  3  86       
PG14  -3272.174264 -15211.530741  21541.777972    301.395004  4  5  4 102       
PG15 -19413.185165   2670.280590  17532.060484    118.276287  5  5  3  69       
PG16  24493.733431   2175.086732 -10940.986785   -382.059512  5  7  6  98       
PG17 -10009.468710 -21724.380260  11812.603566    719.631122  6  4  5 102       
PG18  -4733.027178  25967.385678   1859.047391   -534.513966  7  4  3  75       
PG19 -16613.330120 -20827.524918   2271.071894    427.957581  7  8  7 108       
PG20 -20174.370420  -2913.539367 -16878.516842    391.026338  3  6  6  67       
PG21  15341.045461  -7633.997599  20522.663223    138.073264  5  4  5  81       
PG22 -10823.475549 -12615.585668  21087.799604     46.527781  5  4  2  90       
PG23  -6386.862462  16456.862963  19804.679496    137.384364  6  6  3  55       
PG24 -14757.895686  12061.942790  17920.236106   -415.698781  5  6  5  30       
PG25 -14433.071040  16415.896129 -15230.892322    485.608603  6  6  4  73       
PG26  18211.607571   7183.132151 -18248.962686    199.368947  6  6  3 102       
PG28   7097.755748  20621.656406 -15185.115078   -101.832616  4  7  3  72       
PG29  -3759.817774  16363.774415 -20601.924034   -608.547842  7  6  5  91       
PG30  -2683.570677 -24164.110151  10493.789250   -444.195246  4  5  4 106       
PG31  11983.851244  12226.849800 -20412.003273   -227.366135  5  5  5  82       
PG32  14322.999179  20805.251991   8742.871475   -605.801278  7  6  6  81       
*  2024  1 17 22  0  0.00000000
PG01  12514.006147 -18081.365995  14298.572486    166.398852  5  3  4 113       
PG02  14340.212850 -11175.813055  19783.758659   -499.364905  6  2  4  75       
PG03  23387.177594 -11930.889640  -3731.431470    133.042875  4  6  5  79       
PG04  15025.739246  -6339.280270 -20976.140872    268.675171  4  6  5  92       
PG05 -24840.797455   5059.739956  -8260.361009   -158.343427  6  5  6 100       
PG06  -7122.928520 -20238.298441 -15513.535924    441.115120  5  5  6  29       
PG07   5123.937750 -25685.717254  -1889.552586    -39.807324  5  5  8  53       
PG08  20874.625249    879.136495  16550.051328   -162.596120  7  4  8  90       
PG09   3143.678135 -16084.617727 -20974.398355     62.135696  5  6  7  39       
PG10   5283.435992  13867.413382  22227.101725    -69.727537  6  5  4  64       
PG11 -12897.788182  -9806.786944 -21028.988616   -543.583832  7  6  5  45       
PG12 -24089.512631  10512.764822  -3835.737095   -468.898407  6  7  4  67       
PG13 -21326.963007 -11478.100533  10949.439804    616.849696  7  5  3  91       
PG14   -935.070722 -15942.366496  21222.558863    301.404196  4  5  4  98       
PG15 -21003.397331   1451.115798  15824.784944    118.279823  5  5  3  67       
PG16  23255.989082   2678.958326 -13303.018519   -382.052357  6  7  6  97       
PG17  -8852.384564 -20870.910873  14143.897141    719.630410  6  4  5  97       
PG18  -4968.391439  25967.409188  -1034.035629   -534.522203  8  4  3  74       
PG19 -16166.371709 -20650.408994   5084.268223    427.962453  7  8  7 100       
PG20 -18486.180589  -4076.951187 -18503.015973    391.024745  4  6  6  64       
PG21  15247.671654  -5313.680985  21412.508453    138.071441  5  4  5  89       
PG22  -8551.443416 -13276.452129  21754.718714     46.521962  4  4  2  77       
PG23  -8458.268499  17152.175741  18369.100032    137.391129  6  6  3  76       
PG24 -14756.421111   9829.708565  19245.334301   -415.705155  5  6  5  16       
PG25 -15989.902625  16767.470244 -13069.899488    485.609791  7  6  4  62       
PG26  16320.996828   8182.862605 -19546.890196    199.365755  6  6  3  94       
PG28   6676.629987  22187.158096 -13010.932310   -101.842878  4  6  3  81       
PG29  -5513.808599  14733.517632 -21431.615175   -608.547392  7  6  5  86       
PG30  -2187.215744 -25142.332127   7952.212212   -444.191047  4  5  5  90       
PG31  11416.829916  14398.487537 -19240.213887   -227.366524  5  5  5  79       
PG32  13332.884845  20254.914776  11271.177084   -605.803773  7  6  6  70       
*  2024  1 17 22 15  0.00000000
PG01  12423.493379 -16256.880971  16395.984380    166.399845  5  2  4 110       
PG02  14370.631847  -8940.819500  20915.865404   -499.360058  6  3  4  74       
PG03  23692.745755 -11845.353099   -841.777984    133.066069  4  7  6  87       
PG04  16815.047699  -4823.524991 -20011.432058    268.683925  4  7  5  70       
PG05 -23972.283589   4409.842494 -10841.464450   -158.344974  6  5  6  98       
PG06  -6780.062957 -21867.350582 -13300.489388    441.103068  5  5  6  46       
PG07   5396.994343 -25215.007994  -4717.706262    -39.815699  5  5  7  64       
PG08  22247.817288   2027.890250  14590.360710   -162.598563  7  4  8  91       
PG09   5155.580482 -14742.595760 -21561.978602     62.146720  5  6  7  75       
PG10   2998.372716  14837.399744  21994.995737    -69.729370  7  6  4  34       
PG11 -12446.023916 -12119.117677 -20079.678387   -543.596355  7  7  5  55       
PG12 -24405.020458  10358.935705   -988.320701   -468.901908  6  8  4  85       
PG13 -21996.042475 -12402.578669   8381.317093    616.852923  7  5  3 100       
PG14   1311.784042 -16768.399653  20538.159054    301.413435  5  5  3  95       
PG15 -22461.238551    412.844797  13838.208997    118.283505  5  4  3  87       
PG16  21809.301418   3326.479182 -15445.281483   -382.045138  6  7  5  94       
PG17  -7465.037932 -19921.273678  16236.163010    719.629235  5  4  5  91       
PG18  -5159.088101  25654.497286  -3909.115219   -534.530424  8  4  3  61       
PG19 -15479.630554 -20286.878408   7811.432259    427.966870  7  8  7 103       
PG20 -16720.137704  -5413.980425 -19805.905162    391.023093  4  6  6  70       
PG21  15274.347374  -2922.825774  21944.433980    138.070393  5  4  5  87       
PG22  -6269.864544 -14073.110536  22060.574069     46.516174  4  4  1  76       
PG23 -10325.869519  17883.213218  16615.895690    137.397959  7  6  2  68       
PG24 -14854.482468   7469.035691  20224.196649   -415.711579  5  6  5  56       
PG25 -17296.827752  17091.831780 -10685.050596    485.610979  7  7  4  37       
PG26  14366.530140   9332.447635 -20515.442493    199.362536  6  6  3  97       
PG28   6359.503542  23514.883078 -10613.159617   -101.853230  5  6  3  54       
PG29  -7407.813703  13153.301134 -21893.592823   -608.546844  7  6  5  80       
PG30  -1772.993893 -25850.399387   5272.236805   -444.186831  4  5  5  85       
PG31  10980.876573  16451.146133 -17739.038472   -227.366804  5  5  5  92       
PG32  12095.519611  19596.101154  13609.401167   -605.806322  7  7  6  70       
*  2024  1 17 22 30  0.00000000
PG01  12418.709607 -14204.939148  18200.125047    166.400844  6  2  4 107       
PG02  14524.903648  -6608.211577  21701.738252   -499.354896  6  3  5  77       
PG03  23709.269243 -11626.486175   2062.445371    133.089318  5  7  6  74       
PG04  18575.628730  -3478.903872 -18703.122385    268.692612  4  7  5 101       
PG05 -22896.709607   3576.137797 -13238.422055   -158.346391  7  5  6 101       
PG06  -6546.252054 -23248.050384 -10856.393897    441.091019  6  5  7  37       
PG07   5678.561941 -24437.324269  -7461.369603    -39.824272  5  6  7  70       
PG08  23476.696136   2979.907627  12382.986806   -162.600639  8  5  8  93       
PG09   7272.460442 -13483.194157 -21781.207604     62.157732  5  6  7  72       
PG10    809.873585  15913.616055  21390.356322    -69.730152  6  6  5  67       
PG11 -12130.117580 -14325.041979 -18784.501816   -543.608825  7  7  4  84       
PG12 -24431.136581  10093.039173   1876.133061   -468.905162  7  8  4  80       
PG13 -22488.709374 -13091.463532   5669.666477    616.856306  7  5  3  95       
PG14   3428.481698 -17664.023828  19499.814378    301.422694  5  5  3  99       
PG15 -23745.962280   -450.693618  11608.686289    118.286725  5  4  2  72       
PG16  20191.604684   4134.726947 -17332.536938   -382.038113  7  7  5 103       
PG17  -5855.722581 -18918.727731  18055.296635    719.628788  5  4  4  88       
PG18  -5343.697379  25029.417037  -6716.136539   -534.538627  8  3  3  30       
PG19 -14538.859140 -19772.946122  10406.029621    427.971612  6  7  7 108       
PG20 -14921.803310  -6914.440143 -20764.861812    391.021114  5  6  6  74       
PG21  15429.171106   -507.901653  22112.712954    138.069212  5  4  5  84       
PG22  -4024.272523 -14994.675988  22001.327566     46.510176  4  4  2  59       
PG23 -11962.950255  18611.482870  14574.978058    137.404751  7  7  2  89       
PG24 -15064.980164   5026.424465  20839.780119   -415.717907  5  5  6  44       
PG25 -18341.831993  17349.816864  -8116.353134    485.612183  7  7  4  79       
PG26  12391.344323  10622.656314 -21137.556286    199.359330  6  6  4  79       
PG28   6117.281317  24575.840476  -8032.957623   -101.863618  5  6  3  69       
PG29  -9408.565270  11659.895246 -21980.269362   -608.546338  7  6  4  66       
PG30  -1409.517288 -26269.336319   2500.315851   -444.182609  4  4  6  86       
PG31  10662.280426  18340.966804 -15932.913628   -227.366724  5  4  5  92       
PG32  10615.104506  18869.654085  15718.334448   -605.808851  7  7  6  78       
*  2024  1 17 22 45  0.00000000
PG01  12526.843096 -11966.405983  19678.595154    166.401863  6  2  4 113       
PG02  14811.788606  -4223.857383  22129.613813   -499.349746  6  3  5  81       
PG03  23455.601971 -11240.041156   4930.863040    133.112541  5  7  6  64       
PG04  20261.919740  -2316.037733 -17073.999553    268.701309  4  7  5  80       
PG05 -21653.364195   2544.669008 -15410.830755   -158.347725  7  5  6  97       
PG06  -6389.951189 -24350.162140  -8223.751493    441.078967  6  6  7  54       
PG07   6003.908022 -23364.716104 -10070.833419    -39.832700  5  6  7  50       
PG08  24521.604172   3744.826520   9966.015071   -162.600838  8  5  8  89       
PG09   9454.622273 -12333.855786 -21628.548165     62.168829  6  7  6  70       
PG10  -1242.397496  17066.301148  20422.300181    -69.731766  6  6  5  42       
PG11 -11937.280547 -16379.104441 -17165.917090   -543.621336  7  7  3  82       
PG12 -24183.044357   9680.885213   4708.047256   -468.908741  7  8  4  98       
PG13 -22769.914593 -13562.046093   2861.196291    616.859464  7  5  2  94       
PG14   5380.435151 -18597.794560  18124.911187    301.431912  5  6  2 102       
PG15 -24820.809379  -1153.254476   9176.499749    118.290547  5  3  2  76       
PG16  18444.434162   5113.558354 -18933.601240   -382.031564  8  7  5  98       
PG17  -4040.847170 -17905.288142  19571.966798    719.628213  5  4  4  87       
PG18  -5560.191821  24102.156195  -9406.252737   -534.546875  8  3  3  58       
PG19 -13337.998080 -19147.828264  12823.460325    427.976335  6  7  6 109       
PG20 -13135.279653  -8560.176546 -21363.626842    391.019603  6  7  6  69       
PG21  15712.383037   1884.478706  21917.472412    138.068239  5  4  5  77       
PG22  -1857.582468 -16022.833579  21578.753866     46.504773  4  5  2  73       
PG23 -13350.989376  19295.553050  12281.358948    137.411605  7  7  2  81       
PG24 -15393.228371   2550.626904  21081.891894   -415.724226  5  5  6  78       
PG25 -19121.253457  17502.033475  -5407.366036    485.613344  7  6  3  70       
PG26  10437.202963  12036.756298 -21401.841302    199.356126  6  6  4  90       
PG28   5916.586083  25348.570911  -5314.641411   -101.874020  6  6  4  72       
PG29 -11477.027404  10284.139197 -21690.471176   -608.545832  7  6  4  78       
PG30  -1062.807042 -26388.334898   -315.284193   -444.178375  5  4  6  97       
PG31  10440.362628  20028.156603 -13851.741300   -227.366889  5  4  6  68       
PG32   8904.128956  18116.032382  17562.610738   -605.811412  7  7  6  73       
*  2024  1 17 23  0  0.00000000
PG01  12767.946248  -9587.972476  20805.043243    166.402917  6  2  4 111       
PG02  15232.185239  -1834.570111  22193.442718   -499.344613  6  3  5  81       
PG03  22958.356971 -10656.996798   7713.561918    133.135774  6  7  6  66       
PG04  21828.506081  -1337.182594 -15152.284937    268.710002  5  7  5  94       
PG05 -20284.838726   1309.313855 -17322.141466   -158.348383  8  5  6  96       
PG06  -6275.179597 -25151.611725  -5448.339847    441.066869  6  6  7  78       
PG07   6405.560455 -22018.198437 -12498.507004    -39.841021  5  7  7  55       
PG08  25346.952231   4339.662615   7380.799327   -162.602836  8  4  8  68       
PG09  11658.402408 -11315.084183 -21106.761740     62.179861  6  7  6  85       
PG10  -3124.585376  18259.702934  19106.118196    -69.734193  7  5  6  64       
PG11 -11847.427376 -18240.009637 -15251.928252   -543.633796  6  7  3  82       
PG12 -23683.763378   9092.761283   7458.079238   -468.912251  7  8  4  60       
PG13 -22810.033602 -13838.684134      3.989586    616.862821  7  6  2 100       
PG14   7139.532145 -19533.617645  16436.721247    301.441179  6  6  2 106       
PG15 -25654.354827  -1715.353598   6585.039087    118.294107  6  2  2  73       
PG16  16611.489370   6265.081449 -20221.797725   -382.024125  8  6  5  91       
PG17  -2044.447503 -16920.160825  20761.988455    719.627461  5  4  4  89       
PG18  -5844.249570  22891.589585 -11932.703869   -534.555083  8  4  3  55       
PG19 -11879.637742 -18452.383407  15021.820504    427.981257  5  7  6 100       
PG20 -11401.602796 -10325.621188 -21592.266627    391.017700  7  7  6  85       
PG21  16116.460653   4209.063903  21364.504003    138.067045  5  5  6  93       
PG22    191.290621 -17132.472469  20800.363372     46.499008  5  5  3  76       
PG23 -14480.208669  19892.720508   9774.556404    137.418397  7  7  1  91       
PG24 -15836.712820     90.859900  20947.332098   -415.730636  5  5  6  99       
PG25 -19639.839782  17510.518867  -2604.498954    485.614545  8  6  2  63       
PG26   8543.053002  13550.969558 -21302.820098    199.352883  7  6  5  82       
PG28   5721.228618  25819.895214  -2504.923793   -101.884435  6  6  4  71       
PG29 -13569.740461   9049.882441 -21029.437223   -608.545424  8  5  5  87       
PG30   -697.835716 -26205.186660  -3125.353225   -444.174174  5  5  6  81       
PG31  10288.363585  21478.421766 -11530.458474   -227.367346  6  3  6  79       
PG32   6983.077598  17373.740223  19111.253530   -605.813983  6  7  7  83       
*  2024  1 17 23 15  0.00000000
PG01  13154.014432  -7120.434147  21559.683866    166.403948  7  3  4 115       
PG02  15779.094380    513.419143  21892.911522   -499.339404  6  3  6  92       
PG03  22250.812908  -9854.903111  10361.989265    133.159060  6  7  6  81       
PG04  23231.781920   -536.341611 -12971.136290    268.718758  6  8  5  93       
PG05 -18835.430699   -127.808046 -18940.231892   -158.349792  8  5  5 101       
PG06  -6163.113566 -25639.254225  -2578.391692    441.054800  7  6  8  69       
PG07   6911.739784 -20427.044936 -14699.931357    -39.849291  5  7  6  31       
PG08  25922.521870   4787.935891   4671.268493   -162.603813  8  5  8 100       
PG09  13837.668472 -10439.767785 -20224.851990     62.190984  6  7  6  69       
PG10  -4809.781797  19453.365124  17463.105108    -69.736115  6  5  6  57       
PG11 -11834.077617 -19872.050216 -13075.593782   -543.646182  6  7  4  70       
PG12 -22963.236861   8304.825772  10078.010476   -468.915547  7  8  4  54       
PG13 -22586.047545 -13951.657732  -2853.305389    616.866263  7  6  2  88       
PG14   8685.041742 -20432.138475  14464.029105    301.450372  6  6  3 101       
PG15 -26221.631386  -2163.181033   3879.953801    118.297647  6  2  2  72       
PG16  14737.129815   7583.405160 -21175.357335   -382.017044  9  6  5  88       
PG17    102.570480 -15998.312160  21606.612708    719.626360  5  4  5  83       
PG18  -6227.664832  21424.806030 -14251.654333   -534.563357  8  4  3  45       
PG19 -10175.162796 -17727.483596  16962.641213    427.986236  5  7  5 102       
PG20  -9757.273645 -12178.639794 -21447.317556    391.016371  7  7  6  71       
PG21  16626.491342   6423.384613  20465.019375    138.065689  5  5  7  99       
PG22   2088.661328 -18292.565830  19679.259713     46.492949  6  5  4  71       
PG23 -15349.784251  20360.747933   7097.911944    137.425165  8  7  2  78       
PG24 -16385.194324  -2304.981380  20439.875249   -415.736961  5  5  6  84       
PG25 -19910.483105  17340.377820    243.767442    485.615727  8  6  2  44       
PG26   6743.683157  15135.204902 -20841.083176    199.349675  7  6  5  75       
PG28   5493.792918  25985.356389    347.884380   -101.894856  7  6  5  68       
PG29 -15640.338679   7973.205971 -20008.712079   -608.544612  8  5  5  82       
PG30   -280.122459 -25726.385640  -5880.637695   -444.169970  5  5  6  84       
PG31  10174.591334  22664.215575  -9008.500364   -227.367499  6  3  6  71       
PG32   4879.846822  16677.843225  20338.157791   -605.816533  6  7  7  79       
*  2024  1 17 23 30  0.00000000
PG01  13688.418248  -4616.807758  21929.665186    166.404997  7  4  5 120       
PG02  16437.869555   2775.954101  21233.399983   -499.334508  5  3  7  86       
PG03  21371.563265  -8818.976852  12829.835246    133.182359  6  7  6  83       
PG04  24431.549286    100.303120 -10568.072111    268.727426  7  8  5  88       
PG05 -17349.501905  -1756.238317 -20237.907516   -158.351067  8  6  5  91       
PG06  -6013.794457 -25809.300688    336.268139    441.042715  7  5  8  82       
PG07   7544.966325 -18627.729489 -16634.740235    -39.857893  5  7  6  80       
PG08  26224.571564   5118.564531   1883.209623   -162.606029  9  5  7  60       
PG09  15945.417250  -9712.804552 -18997.908589     62.202006  6  7  6  90       
PG10  -6278.909986  20603.620861  15520.286269    -69.737343  7  5  6  59       
PG11 -11865.513565 -21246.325429 -10674.450059   -543.658709  6  7  5           
PG12 -22057.146475   7300.287169  12521.637325   -468.919071  7  8  3  67       
PG13 -22082.476791 -13935.818541  -5662.276426    616.869430  7  6  2  88       
PG14  10004.236816 -21252.279444  12240.656248    301.459523  7  6  3 108       
PG15 -26504.992889  -2527.313441   1108.302327    118.300912  7  3  3  80       
PG16  12864.852436   9054.676200 -21777.764882   -382.009980 10  5  4  86       
PG17   2363.426130 -15169.219652  22092.736786    719.624995  6  4  6  85       
PG18  -6736.920206  19736.123499 -16322.972043   -534.571456  8  5  3  61       
PG19  -8244.567324 -17012.377757  18611.590858    427.990998  4  7  5 108       
PG20  -8232.983452 -14081.642863 -20931.812663    391.014602  8  7  7  92       
PG21  17220.798898   8489.050413  19235.361268    138.064394  5  5  7  95       
PG22   3807.112875 -19467.265988  18233.934679     46.487129  6  5  5  78       
PG23 -15967.709868  20659.602168   4297.830838    137.431929  8  7  2  67       
PG24 -17021.147982  -4592.032023  19570.097019   -415.743298  5  5  6  84       
PG25 -19953.635997  16961.334507   3087.728725    485.616889  7  5  2  72       
PG26   5068.534434  16754.045304 -20023.353008    199.346486  7  6  6  67       
PG28   5197.274625  25849.337545   3194.703354   -101.905322  7  6  5  70       
PG29 -17641.183737   7061.951302 -18645.936396   -608.544081  8  5  5  65       
PG30    222.685518 -24966.895101  -8532.751645   -444.165776  6  5  6  68       
PG31  10063.790585  23565.747060  -6329.161223   -227.367597  6  3  7  45       
PG32   2628.891511  16058.623810  21222.502050   -605.819052  6  7  7  63       
*  2024  1 17 23 45  0.00000000
PG01  14365.712804  -2130.369217  21909.277975    166.406073  7  5  6 123       
PG02  17186.742311   4912.364680  20225.876949   -499.329437  5  4  7  93       
PG03  20362.961167  -7542.900703  15073.881513    133.205643  6  8  6  73       
PG04  25392.495276    593.657556  -7984.327818    268.736132  8  8  4  91       
PG05 -15869.850975  -3557.396010 -21193.325610   -158.352074  9  6  4  98       
PG06  -5787.882276 -25667.388300   3245.110813    441.030641  8  5  8  74       
PG07   8320.910436 -16662.558473 -18267.537098    -39.866539  6  8  5  85       
PG08  26236.710057   5364.569380   -936.463092   -162.607388  9  6  7  61       
PG09  17935.412478  -9131.040044 -17446.853988     62.213048  6  8  6  91       
PG10  -7521.317922  21665.240941  13310.039762    -69.738741  7  5  7  51       
PG11 -11906.148124 -22341.704235  -8089.860060   -543.671105  6  6  6  64       
PG12 -21005.498438   6070.316086  14745.643328   -468.922264  7  8  3  79       
PG13 -21292.035743 -13829.086131  -8375.529034    616.872692  8  6  2 107       
PG14  11092.706570 -21952.865720   9804.888685    301.468705  7  6  3 109       
PG15 -26494.692237  -2841.283255  -1682.284616    118.304502  8  3  4  89       
PG16  11035.800893  10657.404925 -22018.047062   -382.002836 10  5  4  83       
PG17   4696.660608 -14455.842383  22213.037279    719.624875  6  5  7  80       
PG18  -7391.978478  17865.832827 -18110.934219   -534.579694  8  6  4  55       
PG19  -6115.940168 -16343.110382  19939.126901    427.995652  5  7  5  97       
PG20  -6852.581806 -15992.913150 -20055.192260    391.012751  8  7  8  89       
PG21  17871.795546  10372.887900  17696.679026    138.063487  6  5  8  96       
PG22   5326.313318 -20617.178289  16488.002669     46.481159  7  6  6  86       
PG23 -16350.316477  20753.122898   1422.959415    137.438683  8  7  3  61       
PG24 -17720.512367  -6730.016045  18355.058032   -415.749625  5  5  5 101       
PG25 -19796.424942  16349.131442   5877.356719    485.618073  7  5  2  66       
PG26   3540.708891  18367.958329 -18862.451108    199.343276  7  6  6  76       
PG28   4796.708647  25424.850871   5986.528815   -101.915663  7  6  6  62       
PG29 -19525.052916   6315.573213 -16964.538984   -608.543561  8  6  6  67       
PG30    839.311741 -23949.585240 -11035.078288   -444.161562  7  6  6  79       
PG31   9918.681144  24171.704594  -3538.860367   -227.367734  6  3  7  51       
PG32    270.131452  15540.423788  21749.086174   -605.821584  6  7  7  82       
EOF
