#cP2024  1 30  0  0  0.00000000      96 ORBIT IGS20 HLM  IGS
## 2299 172800.00000000   900.00000000 60339 0.0000000000000
+   32   G01G02G03G04G05G06G07G08G09G10G11G12G13G14G15G16G17
+        G18G19G20G21G22G23G24G25G26G27G28G29G30G31G32  0  0
+          0  0  0  0  0  0  0  0  0  0  0  0  0  0  0  0  0
+          0  0  0  0  0  0  0  0  0  0  0  0  0  0  0  0  0
+          0  0  0  0  0  0  0  0  0  0  0  0  0  0  0  0  0
++         2  2  2  2  2  2  1  2  2  2  2  2  2  2  2  2  2
++         2  2  2  2  2  2  2  2  2  3  2  2  2  2  2  0  0
++         0  0  0  0  0  0  0  0  0  0  0  0  0  0  0  0  0
++         0  0  0  0  0  0  0  0  0  0  0  0  0  0  0  0  0
++         0  0  0  0  0  0  0  0  0  0  0  0  0  0  0  0  0
%c G  cc GPS ccc cccc cccc cccc cccc ccccc ccccc ccccc ccccc
%c cc cc ccc ccc cccc cccc cccc cccc ccccc ccccc ccccc ccccc
%f  1.2500000  1.025000000  0.00000000000  0.000000000000000
%f  0.0000000  0.000000000  0.00000000000  0.000000000000000
%i    0    0    0    0      0      0      0      0         0
%i    0    0    0    0      0      0      0      0         0
/* FINAL ORBIT COMBINATION FROM WEIGHTED AVERAGE OF:        
/* cod emr esa gfz grg jgx jpl mit ngs sio                  
/* REFERENCED TO GPS CLOCK AND TO WEIGHTED MEAN POLE:       
/* PCV:IGS20      OL/AL:FES2014b NONE     Y  ORB:CMB CLK:CMB
*  2024  1 30  0  0  0.00000000
PG01  18250.608843   6477.770963  17995.014702    167.636092  8 10  8 122       
PG02  20655.029254  11522.273189  12833.851002   -493.408849  8 10  4  95       
PG03  15719.625914    113.186293  21247.419047    159.507777  4  6  6 102       
PG04  26237.532347   1914.489186   4161.101904    278.741495  7  6  5  86       
PG05 -10507.963944 -12373.263183 -21175.380769   -159.841514  9 10  3  85       
PG06  -2986.175435 -21964.028659  14621.009269    426.793183  5  7  7  46       
PG07  13275.917712  -7509.669700 -21270.642348    -49.481225  8  8  6 107       
PG08  22876.635623   6428.917977 -12382.067818   -164.531802  5  6  7  79       
PG09  24104.048772  -7961.684563  -8000.669218     75.023842  7  6  6  67       
PG10 -10367.812637  24202.981779   1851.435818    -71.277421  3  5  6  60       
PG11 -11271.030591 -23753.982085   3966.118577   -557.862042  6  4  7  94       
PG12 -15925.470758  -1474.171909  20908.063667   -472.864830  7  6  2  79       
PG13 -14856.076072 -13266.450015 -17881.787856    620.673668  7  6  7 100       
PG14  13377.120947 -22743.688372  -1943.511246    312.019036  5  3  8  93       
PG15 -23174.648659  -4531.930236 -12849.791462    122.348129  8 10  9  83       
PG16   4557.561545  18148.931858 -18998.022249   -373.795436  8  8  7  54       
PG17  14425.134163 -12920.999674  18670.497680    718.533158  8  6  4  97       
PG18 -12017.238227   8849.671668 -21950.626890   -543.879629  7  8  6  97       
PG19   4236.273183 -14622.022269  21541.385280    433.463182  8  7  7  92       
PG20  -2848.071810 -23171.204010 -12761.304474    389.464997  9  7  7 101       
PG21  20493.973439  15798.976381   8412.830457    136.745191  7  8  6  69       
PG22   9369.149610 -24278.500475   6466.161090     39.814834  5  4  7  57       
PG23 -15987.728863  18306.826543 -10461.154324    145.384883  5  5  7  64       
PG24 -20667.476684 -13442.496897   9993.249189   -422.890264  7  9 10  51       
PG25 -17708.670421  10749.331730  16127.738208    486.942113  5  6  8  65       
PG26  -1259.293141  24273.691632 -10402.990641    195.522626  6  6  7  60       
PG27  11816.184072  13148.865654 -20221.774689      0.694000 15 13 11   5       
PG28   1103.732884  20897.094009  16335.814235   -114.163745  9  4  7  52       
PG29 -25285.908167   4619.691977  -6941.864096   -607.917838  8  6  6 105       
PG30   5156.643975 -17524.138899 -19065.842169   -439.234240  7  6  5 109       
PG31   8053.361458  23542.202599   8481.797342   -227.565233  7  2 10  41       
PG32 -10041.841769  14706.595851  19836.350557   -608.541737  7  5  4  70       
*  2024  1 30  0 15  0.00000000
PG01  19309.326010   8173.285342  16168.952505    167.637248  7 10  9 116       
PG02  21342.250149  12583.043649  10407.644520   -493.403545  8  9  4  84       
PG03  14740.773707   2402.965596  21812.499439    159.530443  4  6  6 103       
PG04  25624.789264   2184.486342   6922.927420    278.750118  7  6  6  34       
PG05  -9588.015094 -14518.460288 -20212.346753   -159.843055  9  9  4  87       
PG06  -1855.573322 -20585.396100  16687.918667    426.780553  5  8  7  61       
PG07  14743.608606  -5459.829502 -20976.080544    -49.489497  8  8  6  86       
PG08  21399.384443   6816.971240 -14593.652715   -164.534557  5  5  7  63       
PG09  24879.005999  -7814.685531  -5290.331663     75.035050  7  6  6  53       
PG10 -10577.206469  24134.888836  -1065.532288    -71.279127  3  5  7  70       
PG11 -10745.561576 -23370.727890   6742.094828   -557.874150  6  4  7  87       
PG12 -14806.308917  -3692.849011  21448.375612   -472.868338  7  6  3  90       
PG13 -12767.609055 -13296.369123 -19405.119813    620.676851  7  7  6  91       
PG14  13487.480281 -22260.850567  -4746.248592    312.028101  5  3  8  79       
PG15 -21761.264209  -5131.215351 -14981.282193    122.351833  7 10  8  77       
PG16   3434.488382  19855.747681 -17392.904812   -373.787961  8  7  7  67       
PG17  16384.160823 -12890.554379  16970.911776    718.532194  7  6  3  83       
PG18 -13453.506061   6796.051203 -21865.098763   -543.887528  7  8  6  66       
PG19   6708.616688 -14555.045255  20924.038278    433.467920  8  7  6  87       
PG20  -2305.405884 -24404.659047 -10373.189466    389.463856  8  6  8 109       
PG21  20855.182492  16455.319062   5760.471620    136.743949  7  8  6  75       
PG22   9818.050455 -24632.910009   3703.043803     39.809310  4  3  7  69       
PG23 -15651.006819  16991.760028 -12914.529928    145.391889  5  5  7  75       
PG24 -21145.982868 -14410.233819   7460.235629   -422.896180  7  9 10  53       
PG25 -17097.536347   8818.324444  17856.035431    486.943241  5  7  7  82       
PG26  -1919.410224  25144.333117  -7859.044267    195.519245  6  6  7  45       
PG27   9534.427065  13462.607070 -21171.812599      0.690686 14 12 10  63       
PG28   -231.397966  19436.317146  18078.890770   -114.174596  8  5  6  76       
PG29 -25918.517135   4433.473114  -4160.580442   -607.917032  8  6  6 109       
PG30   6606.562505 -15754.243372 -20150.085090   -439.229868  7  6  5 105       
PG31   7166.010807  22749.681131  11035.471035   -227.565507  7    10  57       
PG32 -12202.067747  14826.524630  18456.564930   -608.543987  7  6  4  85       
*  2024  1 30  0 30  0.00000000
PG01  20322.219357   9625.712753  14062.022323    167.638401  6 10  9 113       
PG02  21890.082548  13407.383753   7808.507310   -493.398336  7  9  4  82       
PG03  13874.671889   4782.364968  21996.956272    159.553029  3  6  5  93       
PG04  24724.518732   2525.987618   9566.574347    278.758718  7  7  7  82       
PG05  -8823.277730 -16589.753328 -18905.759682   -159.843757  9  9  4  87       
PG06   -512.978686 -19103.368627  18467.805476    426.767932  5  8  7  58       
PG07  16271.978007  -3532.517972 -20306.138218    -49.497773  7  7  5  54       
PG08  19713.696739   7327.677983 -16560.302720   -164.536563  5  5  7  87       
PG09  25355.109789  -7649.598032  -2489.440712     75.046255  6  7  7  71       
PG10 -10674.626170  23765.954437  -3963.746701    -71.281036  3  5  7  71       
PG11 -10017.076132 -22769.121174   9402.440951   -557.886353  6  5  7  79       
PG12 -13786.452261  -6002.648469  21609.594306   -472.871610  7  6  3  83       
PG13 -10530.768388 -13443.892583 -20602.119058    620.680261  7  7  5  91       
PG14  13502.857105 -21493.942776  -7466.340787    312.037188  5  3  8  83       
PG15 -20168.687644  -5865.170379 -16864.957262    122.355206  7  9  8  68       
PG16   2484.031222  21444.378569 -15490.474023   -373.780821  8  7  7  42       
PG17  18139.737294 -12945.461294  14989.612537    718.530834  7  6  3  94       
PG18 -14978.730949   4849.170426 -21403.205857   -543.895448  8  8  6  56       
PG19   9092.108899 -14613.234966  19938.275942    433.472802  8  7  6  89       
PG20  -1878.943573 -25388.987901  -7807.689062    389.462422  8  6  8 100       
PG21  21041.990830  16881.855940   3015.633284    136.742941  6  7  6  75       
PG22  10114.460652 -24727.890501    877.743550     39.803465  4  3  6  93       
PG23 -15299.537412  15408.646892 -15143.281382    145.398873  6  5  6  65       
PG24 -21466.589523 -15141.781106   4800.132948   -422.902201  7  8 10  74       
PG25 -16521.553372   6689.818454  19265.976509    486.944348  5  7  7  82       
PG26  -2456.366564  25761.294571  -5177.599054    195.515878  6  5  7  74       
PG27   7184.807282  13913.882724 -21768.791448      0.687398 14 12  8  74       
PG28  -1759.722329  17911.931643  19510.351258   -114.185391  8  5  6  68       
PG29 -26243.161353   4253.371487  -1308.187253   -607.916520  8  6  7 107       
PG30   8202.406435 -13976.452176 -20881.960855   -439.225476  7  5  5  99       
PG31   6066.292395  21781.011618  13393.112353   -227.565894  7  2  9  79       
PG32 -14185.065363  15029.210096  16761.808958   -608.546232  7  6  4  93       
*  2024  1 30  0 45  0.00000000
PG01  21245.180018  10825.774924  11711.998680    167.639534  5  9  9 106       
PG02  22259.621666  14004.956282   5079.032207   -493.393112  7  8  4  63       
PG03  13141.595317   7203.969174  21797.895282    159.575652  3  6  3 106       
PG04  23559.630453   2970.902964  12046.874151    278.767331  6  7  7  74       
PG05  -8210.430414 -18540.159199 -17277.307722   -159.845295  8  9  5  93       
PG06   1034.757020 -17564.919920  19930.453426    426.755324  6  8  6  78       
PG07  17823.525376  -1759.813044 -19274.691357    -49.506184  7  7  4  72       
PG08  17857.427067   7979.357696 -18248.550641   -164.538684  6  4  7  71       
PG09  25530.686517  -7429.028231    354.096494     75.057440  6  7  7  61       
PG10 -10698.449629  23087.968776  -6792.103907    -71.282714  3  6  7  69       
PG11  -9068.617189 -21984.770400  11901.557309   -557.898461  6  5  7  45       
PG12 -12888.644526  -8358.128753  21389.016882   -472.874907  7  6  4  82       
PG13  -8189.916491 -13723.631260 -21452.462043    620.683627  7  7  5  95       
PG14  13460.428848 -20443.064318 -10056.449504    312.046268  5  4  8  82       
PG15 -18435.850275  -6746.048587 -18470.397448    122.358962  7  9  7  93       
PG16   1699.666677  22870.189767 -13321.802303   -373.773519  8  6  8  49       
PG17  19660.170665 -13055.632835  12758.817095    718.529663  7  5  3  87       
PG18 -16557.264965   3043.681090 -20573.445046   -543.903284  8  8  6  86       
PG19  11339.271347 -14780.495993  18600.748431    433.477594  8  7  5  87       
PG20  -1539.770023 -26098.721442  -5108.833320    389.461051  8  5  8  80       
PG21  21021.828761  17097.494128    222.201615    136.741440  5  7  6  65       
PG22  10289.327848 -24542.197130  -1962.336687     39.797877  5  3  6  94       
PG23 -14971.962920  13579.064257 -17108.858040    145.405868  6  5  6  83       
PG24 -21597.183809 -15652.112032   2058.697670   -422.908239  7  8 10  61       
PG25 -16012.141499   4399.328157  20332.413979    486.945505  5  7  7  76       
PG26  -2897.858264  26100.879251  -2405.338364    195.512340  6  5  7  81       
PG27   4814.182153  14502.316157 -22001.785956      0.684150 14 12  6  91       
PG28  -3466.895503  16368.094751  20605.475533   -114.196237  8  5  5  72       
PG29 -26257.178452   4041.003137   1566.571611   -607.915881  7  6  7 114       
PG30   9921.656995 -12232.371502 -21249.308215   -439.221069  7  6  4  91       
PG31   4748.571316  20677.476162  15512.806293   -227.565815  7  3  9  78       
PG32 -15955.824433  15285.743036  14780.205568   -608.548444  7  7  4  74       
*  2024  1 30  1  0  0.00000000
PG01  22034.837004  11773.455977   9160.493190    167.640612  5  9  9 109       
PG02  22415.664829  14392.873830   2264.356609   -493.388136  6  8  4  50       
PG03  12553.693436   9617.775410  21219.192261    159.598229  3  6  2  97       
PG04  22160.252950   3546.323479  14321.399657    278.775921  6  7  7  79       
PG05  -7738.204099 -20325.022290 -15354.183200   -159.846123  8  8  6  75       
PG06   2772.077687 -16016.201981  21051.152522    426.742706  6  8  6  85       
PG07  19357.177655   -166.210870 -17902.078559    -49.514575  6  7  3  43       
PG08  15872.486210   8783.234675 -19629.385145   -164.539937  6  4  6  78       
PG09  25412.730267  -7116.642382   3191.553393     75.068626  6  7  7  61       
PG10 -10688.566192  22102.197090  -9500.559701    -71.283614  4  6  7  24       
PG11  -7890.990593 -21057.328458  14196.612261   -557.910563  6  5  7  67       
PG12 -12127.916469 -10710.853076  20790.856967   -472.878611  8  6  5  78       
PG13  -5792.120744 -14142.435227 -21941.500551    620.686682  7  7  4  97       
PG14  13397.595391 -19117.011397 -12471.552768    312.055379  4  5  8  85       
PG15 -16604.178267  -7779.019010 -19771.712456    122.362642  7  9  6  81       
PG16   1067.228014  24091.698180 -10922.904425   -373.766352  8  6  8  62       
PG17  20920.593164 -13186.449016  10314.965193    718.528793  8  5  3  95       
PG18 -18148.742181   1407.316717 -19390.591698   -543.911213  8  8  6  85       
PG19  13406.964637 -15033.423286  16934.533683    433.482268  8  6  5  84       
PG20  -1254.982874 -26515.946159  -2322.810712    389.459806  7  5  8  96       
PG21  20767.084477  17127.250845  -2574.787611    136.740265  5  6  6  67       
PG22  10377.316602 -24062.294435  -4769.065060     39.791795  5  2  6  97       
PG23 -14703.281329  11532.649451 -18777.392719    145.412836  6  5  6  69       
PG24 -21510.396400 -15962.942746   -717.457994   -422.914263  8  7 10  63       
PG25 -15594.934654   1988.363959  21036.547460    486.946699  5  7  7  73       
PG26  -3275.430066  26147.070462    409.199736    195.508925  6  5  7  62       
PG27   2469.263432  15219.506434 -21865.735326      0.680899 14 12     96       
PG28  -5330.585599  14846.819452  21345.343839   -114.207085  7  5  5  70       
PG29 -25966.842434   3758.631425   4414.518787   -607.915424  7  6  7  99       
PG30  11735.099187 -10559.706412 -21246.450381   -439.216699  7  6  5  84       
PG31   3215.778564  19482.566667  17357.007209   -227.566339  7  4  8  86       
PG32 -17485.971258  15562.306503  12544.934557   -608.550702  7  7  4  59       
*  2024  1 30  1 15  0.00000000
PG01  22650.259912  12477.715366   6452.161929    167.641721  5  9  9 104       
PG02  22328.150654  14594.963138   -588.489391   -493.382964  6  8  4  37       
PG03  12114.602271  11972.969636  20271.394777    159.620828  3  6  2  88       
PG04  20562.647979   4273.292239  16351.177727    278.784506  6  7  7  81       
PG05  -7387.932501 -21903.597676 -13168.671754   -159.847900  7  8  7  94       
PG06   4675.152049 -14500.829259  21811.091780    426.730095  6  8  5  93       
PG07  20829.890189   1232.068528 -16214.565396    -49.523160  6  7  3  57       
PG08  13803.403671   9742.834294 -20678.744782   -164.542307  6  4  6  71       
PG09  25016.590541  -6678.759538   5974.209247     75.079892  6  7  7  97       
PG10 -10684.604711  20819.472579 -12041.087663    -71.285206  5  6  7  54       
PG11  -6483.313125 -20028.926172  16248.267387   -557.922619  6  6  7  73       
PG12 -11511.086710 -13011.138438  19826.142126   -472.881816  8  6  5  78       
PG13  -3385.570058 -14699.047461 -22060.513477    620.690247  7  6  3  91       
PG14  13350.355857 -17533.064322 -14669.751219    312.064525  5  5  8  65       
PG15 -14716.176560  -8961.848598 -20747.874422    122.365936  8  8  6  92       
PG16    565.566459  25072.158681  -8334.213210   -373.759480  7  5  8  51       
PG17  21903.789419 -13300.139421   7698.220856    718.528118  8  4  4  83       
PG18 -19709.558014    -39.973898 -17875.412396   -543.919115  9  7  5  79       
PG19  15257.932719 -15342.291256  14968.738250    433.486790  8  6  5  86       
PG20   -989.153399 -26630.933507    502.809725    389.458573  7  4  8  90       
PG21  20256.248650  17001.283615  -5329.726956    136.738856  5  6  5  40       
PG22  10415.350669 -23283.033257  -7494.353754     39.786011  5  2  5  94       
PG23 -14523.388419   9306.105245 -20120.286557    145.419886  7  5  6  87       
PG24 -21184.677849 -16101.677854  -3481.624629   -422.920310  8  7  9  81       
PG25 -15288.724269   -497.040401  21366.277822    486.947836  5  7  6  72       
PG26  -3623.021816  25892.214808   3216.515155    195.505572  5  4  7  80       
PG27    195.054389  16049.230334 -21361.596930      0.677646 14 12     98       
PG28  -7321.147916  13386.422751  21717.166662   -114.217902  7  5  4  75       
PG29 -25387.103738   3370.811942   7186.870536   -607.915093  6  6  7  90       
PG30  13607.831472  -8990.927998 -20874.246609   -439.212330  6  6  4  82       
PG31   1479.501753  18240.227903  18893.260288   -227.566307  7  4  8  87       
PG32 -18754.726952  15821.552503  10093.726165   -608.552913  7  8  4  61       
*  2024  1 30  1 30  0.00000000
PG01  23054.552844  12955.865077   3633.890076    167.642813  5  8  9  97       
PG02  21973.446711  14640.773236  -3431.293366   -493.377811  6  7  4   7       
PG03  11819.407612  14219.733326  18971.499740    159.643399  3  5  2  91       
PG04  18807.902525   5165.807770  18101.348075    278.793224  5  7  7  89       
PG05  -7134.395529 -23240.506025 -10757.652624   -159.848904  7  7  7  58       
PG06   6712.622505 -13058.279287  22197.649696    426.717491  6  8  4  88       
PG07  22198.309031   2427.419493 -14243.706902    -49.531509  5  7  3  43       
PG08  11695.792877  10853.667059 -21377.949262   -164.544524  6  4  5  82       
PG09  24365.350365  -6085.851370   8654.181031     75.091196  6  7  8 101       
PG10 -10724.170282  19259.908635 -14368.606462    -71.286067  5  6  7  69       
PG11  -4853.244073 -18942.524317  18021.343532   -557.934690  6  6  6  56       
PG12 -11036.612002 -15209.855599  18512.471779   -472.885374  7  6  5  64       
PG13  -1017.948956 -15384.066788 -21806.875981    620.693681  7  6  3  97       
PG14  13351.753142 -15716.448868 -16613.012518    312.073621  5  5  7  37       
PG15 -12813.992560 -10284.851013 -21382.991746    122.369409  8  8  5  82       
PG16    167.504742  25781.006738  -5599.948989   -373.751968  7  4  8  60       
PG17  22600.763723 -13357.305711   4951.907606    718.526829  8  3  5  94       
PG18 -21194.477749  -1286.585826 -16054.280661   -543.927022  9  7  5  83       
PG19  16862.117989 -15672.320163  12737.967504    433.491542  8  6  4  83       
PG20   -705.880263 -26442.470091   3319.872175    389.457010  6  4  8  87       
PG21  19474.882768  16753.732803  -7997.052572    136.737759  5  5  5  43       
PG22  10441.048260 -22208.034955 -10090.965749     39.780576  6  2  5  81       
PG23 -14455.838036   6941.936640 -21114.692177    145.426933  7  5  6  80       
PG24 -20605.154273 -16100.173802  -6187.723955   -422.926347  8  7  9  70       
PG25 -15104.705473  -3007.983357  21316.412186    486.948950  6  7  6  76       
PG26  -3975.408015  25337.383636   5967.072337    195.502194  5  4  7  83       
PG27  -1966.663925  16967.945614 -20496.419427      0.674410 13 11  6  92       
PG28  -9402.588513  12020.129197  21714.508147   -114.228743  7  5  4  79       
PG29 -24541.009955   2845.954995   9836.061603   -607.914568  6  6  7  90       
PG30  15500.502523  -7552.167512 -20140.020412   -439.207978  6  6  4  85       
PG31   -440.283271  16993.100035  20094.809602   -227.566416  7  5  7  85       
PG32 -19749.589017  16024.140355   7468.264116   -608.555151  7  8  5  31       
*  2024  1 30  1 45  0.00000000
PG01  23216.281769  13232.644628    753.970295    167.643896  6  8  9  94       
PG02  21335.433731  14564.355986  -6215.424411   -493.372493  5  7  4  48       
PG03  11654.958022  16311.008750  17342.613541    159.666017  3  5  3  84       
PG04  16940.446748   6230.099091  19541.757723    278.801836  4  7  7  87       
PG05  -6946.926623 -24307.004401  -8162.014821   -159.850324  6  6  8  92       
PG06   8846.643509 -11722.469465  22204.579848    426.704859  6  7  3  94       
PG07  23420.423570   3420.831972 -12025.632411    -49.539948  4  6  2  46       
PG08   9594.772567  12103.216358 -21714.059826   -164.545694  5  5  5  72       
PG09  23488.916879  -5313.890122  11185.247953     75.102564  6  7  8  61       
PG10 -10841.165826  17452.239417 -16441.852563    -71.287243  6  6  6  79       
PG11  -3016.890874 -17840.247140  19485.417004   -557.946803  6  6  6  68       
PG12 -10694.790329 -17260.204656  16873.643648   -472.888616  7  6  6  61       
PG13   1265.173719 -16180.223944 -21184.142062    620.696992  7  6  3  71       
PG14  13430.449112 -13699.493962 -18267.839452    312.082694  5  5  7  94       
PG15 -10938.005764 -11731.102264 -21666.523772    122.372979  8  8  5  85       
PG16   -158.947560  26195.094670  -2767.388078   -373.744689  7  3  8  64       
PG17  23011.022249 -13318.533684   2121.878763    718.526092  8  3  5  85       
PG18 -22558.312487  -2329.491703 -13958.703906   -543.934844  9  7  5  87       
PG19  18197.690260 -15985.166936  10281.676159    433.496222  8  5  4  78       
PG20   -369.376655 -25957.878032   6080.431738    389.456045  5  4  7  89       
PG21  18416.374160  16421.407172 -10531.897165    136.737543  5  5  5  51       
PG22  10491.107018 -20849.758815 -12513.343944     39.774670  6  3  4  95       
PG23 -14516.868761   4486.970363 -21743.887632    145.433979  7  5  6  89       
PG24 -19764.237889 -15993.368885  -8791.000040   -422.932400  8  7  9  70       
PG25 -15046.056756  -5494.461488  20888.716737    486.950075  6  7  5  65       
PG26  -4366.596174  24492.393858   8612.239341    195.498801  5  5  7  88       
PG27  -3978.743191  17945.583941 -19283.328712      0.671203 13 11  7  66       
PG28 -11533.780482  10774.883565  21337.399065   -114.239592  6  5  3  63       
PG29 -23458.828100   2157.745153  12316.554487   -607.913772  5  7  7  60       
PG30  17370.723542  -6262.378224 -19057.369786   -439.203606  6  6  4  79       
PG31  -2515.827224  15780.836461  20941.078886   -227.566981  7  6  6  90       
PG32 -20466.705730  16130.379207   4713.504515   -608.557380  7  8  5  57       
*  2024  1 30  2  0  0.00000000
PG01  23110.686233  13339.037128  -2138.710785    167.644980  6  8  9  85       
PG02  20406.338706  14402.857456  -8892.642726   -493.367300  5  7  4  51       
PG03  11600.511914  18204.153485  15413.503861    159.688601  4  5  3  75       
PG04  15006.452923   7464.201339  20647.481317    278.810456  4  7  7  88       
PG05  -6790.744345 -25082.022845  -5425.995625   -159.851302  6  5  8  85       
PG06  11034.169358 -10520.562281  21832.090618    426.692274  6  7  4  96       
PG07  24457.142748   4221.530494  -9600.276696    -49.548508  3  6  2  50       
PG08   7543.400631  13471.235698 -21680.160415   -164.547889  6  5  4  80       
PG09  22422.858067  -4345.490935  13523.654328     75.113880  6  7  7  85       
PG10 -11064.271480  15432.814729 -18224.176118    -71.287404  6  6  6  74       
PG11   -998.391648 -16761.761007  20615.336366   -557.958824  5  6  6  69       
PG12 -10468.304511 -19119.392941  14939.160346   -472.892022  7  6  6  59       
PG13   3421.884125 -17062.964032 -20202.036886    620.700206  7  6  3  91       
PG14  13609.487585 -11520.520202 -19605.849415    312.091822  5  5  7  96       
PG15  -9125.488344 -13276.915911 -21593.436144    122.376918  8  7  4  79       
PG16   -449.160107  26299.664306    113.960297   -373.737675  7  3  8  52       
PG17  23142.553939 -13146.038922   -744.174020    718.524959  8  3  5  92       
PG18 -23757.598899  -3174.144339 -11624.770904   -543.942744  8  6  5  65       
PG19  19251.745165 -16240.576881   7643.414080    433.501141  9  4  4  76       
PG20     53.969188 -25192.726104   8737.544247    389.454326  5  4  7  71       
PG21  17082.444089  16042.349844 -12890.778914    136.736086  5  5  5  67       
PG22  10599.700471 -19229.239458 -14718.448320     39.768908  6  3  3 128       
PG23 -14714.733822   1990.716266 -21997.536232    145.441058  6  4  6  86       
PG24 -18661.976935 -15817.830793 -11248.668408   -422.938442  8  7  8  88       
PG25 -15107.868030  -7907.169453  20091.819542    486.951199  6  7  5  66       
PG26  -4828.252561  23375.484238  11105.216883    195.495413  6  5  7  68       
PG27  -5809.922469  18946.611650 -17741.420243      0.667990 13 10  8  85       
PG28 -13669.886556   9670.418450  20592.337325   -114.250429  6  5  3  43       
PG29 -22176.900696   1286.362315  14585.619766   -607.912999  5  7  7  79       
PG30  19174.598503  -5132.794040 -17645.867163   -439.199206  6  5  4  64       
PG31  -4712.540262  14638.568389  21418.015629   -227.566836  7  6  5  86       
PG32 -20910.924096  16101.911311   1876.919531   -608.559613  8  9  5  68       
*  2024  1 30  2 15  0.00000000
PG01  22720.636203  13310.877095  -4995.465824    167.646084  7  8  9  96       
PG02  19187.275730  14194.967942 -11415.944059   -493.362120  5  7  4  47       
PG03  11628.689575  19862.420227  13218.054313    159.711179  4  4  4  64       
PG04  13052.175168   8857.849948  21399.258389    278.819117  4  7  6  92       
PG05  -6628.459184 -25552.924432  -2596.449818   -159.852887  5  5  8  85       
PG06  13228.442263  -9472.042250  21086.819576    426.679674  6  7  4  92       
PG07  25273.735180   4846.299207  -7010.579894    -49.556851  2  6  2  64       
PG08   5581.177700  14930.350410 -21275.551319   -164.548586  6  6  5  77       
PG09  21207.029306  -3170.802298  15628.876462     75.125208  6  6  7  95       
PG10 -11415.647910  13244.291083 -19684.240032    -71.288428  6  6  5  70       
PG11   1170.810389 -15742.760003  21391.651513   -557.970983  5  7  6  74       
PG12 -10333.079288 -20750.147388  12743.630686   -472.895316  6  5  6  65       
PG13   5415.334873 -18001.317881 -18876.355664    620.703838  7  5  3 101       
PG14  13905.293991  -9222.504349 -20604.255210    312.100946  5  5  6  88       
PG15  -7409.379656 -14892.563333 -21164.295858    122.380330  8  7  4  79       
PG16   -740.284293  26089.007551   2993.254807   -373.730245  7  3  8  68       
PG17  23011.502925 -12805.286043  -3597.469092    718.523704  7  4  5  96       
PG18 -24752.219698  -3834.054942  -9092.529788   -543.950631  8  5  5  76       
PG19  20020.642393 -16398.125054   4869.985811    433.505608  9  3  4  88       
PG20    594.118730 -24170.243476  11246.036907    389.453062  4  4  7  72       
PG21  15483.380130  15654.328613 -15032.321786    136.734877  5  5  4  62       
PG22  10796.950504 -17375.493387 -16666.584150     39.763276  6  3  3 117       
PG23 -15049.358507   -496.364598 -21871.829895    145.448099  6  4  6  82       
PG24 -17306.138346 -15610.273096 -13520.519726   -422.944478  8  6  8  83       
PG25 -15277.415607 -10199.257259  18940.970349    486.952313  6  7  4  68       
PG26  -5388.223422  22012.658788  13401.934513    195.492010  5  5  6  83       
PG27  -7435.877786  19931.326067 -15895.551929      0.664777 12  9  9  61       
PG28 -15763.933603   8718.612548  19492.175920   -114.261306  6  5  3  73       
PG29 -20736.278201    219.455892  16604.074245   -607.912558  5  7  7  86       
PG30  20868.311196  -4166.701313 -15930.658774   -439.194792  5  5  3  29       
PG31  -6990.200608  13595.579700  21518.293766   -227.566957  7  6  5  80       
PG32 -21095.504670  15903.369208   -992.322634   -608.561821  7  9  5  66       
*  2024  1 30  2 30  0.00000000
PG01  22037.305360  13187.305861  -7768.569815    167.647237  7  7  8  77       
PG02  17688.462328  13979.286825 -13740.424839   -493.356772  5  6  4  48       
PG03  11706.689139  21256.205893  10794.634675    159.733782  5  4  4  83       
PG04  11122.292222  10392.699541  21783.839651    278.827759  5  6  5  86       
PG05  -6421.698697 -25715.956170    277.940029   -159.853912  5  4  8  60       
PG06  15380.624679  -8588.097429  19981.704380    426.667100  6  7  5  93       
PG07  25841.082528   5318.532204  -4301.676390    -49.565110  1  6  3  48       
PG08   3742.676927  16446.947613 -20505.847327   -164.549538  6  6  5  76       
PG09  19884.041811  -1788.107570  17464.339335     75.136472  6  6  7  90       
PG10 -11909.919470  10934.074561 -20796.605236    -71.289882  7  6  5  83       
PG11   3452.974044 -14813.616225  21800.948020   -557.983055  6  7  6  67       
PG12 -10259.411734 -22122.002001  10326.082503   -472.899019  5  5  6  69       
PG13   7214.976089 -18959.034296 -17228.766539    620.707048  7  5  4 109       
PG14  14326.950459  -6851.573509 -21246.239612    312.110066  5  5  6  82       
PG15  -5817.214725 -16543.217549 -20385.304084    122.383666  8  6  5  66       
PG16  -1069.557029  25566.778180   5819.282345   -373.722870  7  3  8  60       
PG17  22641.536942 -12266.520029  -6388.932404    718.522702  7  4  5  74       
PG18 -25506.904491  -4330.065506  -6405.307235   -543.958622  8  5  5  56       
PG19  20509.970777 -16418.972034   2010.545082    433.510426  9  3  5  82       
PG20   1276.048369 -22920.458465  13563.248847    389.451640  4  4  7  88       
PG21  13637.970541  15293.300738 -16917.999319    136.733932  6  5  4  44       
PG22  11107.540751 -15324.607342 -18322.201871     39.757145  6  3  2  90       
PG23 -15512.335948  -2924.617685 -21369.516049    145.455084  6  3  5  89       
PG24 -15712.024945 -15406.091124 -15569.475975   -422.950526  8  6  7  74       
PG25 -15534.766880 -12327.971941  17457.668522    486.953406  6  7  5  38       
PG26  -6069.215893  20436.723981  15461.891741    195.488640  5  5  6  74       
PG27  -8840.022777  20857.345026 -13776.032952      0.661583 12  8  9  55       
PG28 -17768.478543   7923.164052  18055.900215   -114.272138  6  5  3  33       
PG29 -19181.179128  -1047.167272  18336.964069   -607.911819  5  7  6  74       
PG30  22409.706997  -3359.527518 -13941.974579   -439.190408  5  5  3  31       
PG31  -9304.385142  12674.244855  21241.374836   -227.567185  6  6  4  94       
PG32 -21041.509983  15503.939177  -3844.227391   -608.564053  7  9  5  49       
*  2024  1 30  2 45  0.00000000
PG01  21060.542946  13009.133368 -10411.985042    167.648318  7  7  8  90       
PG02  15929.090151  13792.665304 -15824.150555   -493.351916  5  6  3  63       
PG03  11797.715570  22364.024038   8185.400663    159.756426  5  3  5  75       
PG04   9258.315905  12042.861557  21794.235476    278.836403  5  6  5  86       
PG05  -6132.788219 -25576.369512   3147.499842   -159.855334  4  3  8  32       
PG06  17441.514911  -7871.326872  18535.753362    426.654512  6  6  6  92       
PG07  26136.705767   5667.056635  -1520.089962    -49.573559     5  3  64       
PG08   2056.353513  17982.327007 -19382.973090   -164.551153  6  6  5  68       
PG09  18497.632100   -204.111722  18998.069559     75.147664  6  6  7  95       
PG10 -12553.480177   8552.582153 -21542.188908    -71.290672  7  5  4  90       
PG11   5805.311546 -13998.246301  21836.081165   -557.995180  6  7  6  85       
PG12 -10213.324123 -23212.311931   7729.205251   -472.902494  5  5  7  69       
PG13   8797.558749 -19895.935164 -15286.515916    620.710065  7  5  4  92       
PG14  14875.773503  -4455.388935 -21521.218663    312.119195  5  6  6  83       
PG15  -4370.242853 -18190.092484 -19268.263978    122.387203  8  6  5  84       
PG16  -1472.577941  24745.932709   8541.455699   -373.715487  7  4  7  70       
PG17  22062.927139 -11506.148043  -9070.034335    718.521743  7  4  5  90       
PG18 -25992.555597  -4689.345020  -3608.979909   -543.966563  7  5  5  68       
PG19  20734.143942 -16267.558447   -884.352710    433.515160  8  4  5  94       
PG20   2118.605183 -21479.094530  15649.731267    389.450453  4  4  6  92       
PG21  11573.126611  14991.907657 -18512.890074    136.732850  6  5  3  73       
PG22  11549.533095 -13118.535305 -19654.647383     39.751707  6  3  2  93       
PG23 -16087.258736  -5246.910887 -20499.810335    145.462063  5  3  5  91       
PG24 -13902.036736 -15237.965563 -17362.097869   -422.956542  8  6  6  80       
PG25 -15853.683173 -14256.117868  15669.173713    486.954523  6  7  5  60       
PG26  -6887.695778  18686.060412  17248.923555    195.485238  5  5  6  87       
PG27 -10014.023916  21681.237878 -11418.205635      0.658370 11  7  9   8       
PG28 -19637.301657   7279.591255  16308.298418   -114.282998  6  5  3  58       
PG29 -17557.336113  -2509.169981  19754.180502   -607.911348  6  7  6  91       
PG30  23759.808898  -2699.238026 -11714.560871   -439.186060  5  5  2  71       
PG31 -11608.059729  11889.269605  20593.431718   -227.567258  6  7  3  91       
PG32 -20776.887022  14878.765396  -6628.876572   -608.566255  7  8  5  84       
*  2024  1 30  3  0  0.00000000
PG01  19798.936889  12817.165997 -12882.041903    167.649435  7  6  8  76       
PG02  13936.842193  13668.594650 -17629.006933   -493.346479  5  6  3  63       
PG03  11862.564195  23173.166213   5435.537903    159.779010  5  3  5  72       
PG04   7497.125810  13775.742477  21429.861045    278.845059  5  6  4  77       
PG05  -5726.420793 -25148.201806   5962.432744   -159.856951  4  3  7  91       
PG06  19363.282307  -7315.783374  16773.720031    426.641919  5  6  6  88       
PG07  26145.534865   5924.781559   1287.050677    -49.581846     5  3  58       
PG08    543.582471  19494.074200 -17925.049577   -164.552647  5  6  5  90       
PG09  17090.995507   1566.100628  20203.271751     75.158895  6  6  6  89       
PG10 -13344.150524   6151.395767 -21908.586543    -71.292428  7  5  3  93       
PG11   8181.437705 -13313.237544  21496.305453   -558.007237  6  7  6 102       
PG12 -10158.080228 -24006.958356   4998.541342   -472.905943  5  5  7  97       
PG13  10147.870033 -20769.446211 -13082.036018    620.713085  7  5  5  72       
PG14  15545.209029  -2081.482967 -21424.991133    312.128302  5  5  6  65       
PG15  -3082.767800 -19791.743251 -17830.479859    122.390774  8  5  5  87       
PG16  -1981.635979  23648.294862  11110.823119   -373.708634  7  4  7  48       
PG17  21311.366713 -10507.912866 -11593.652721    718.520857  6  4  5  70       
PG18 -26187.350145  -4944.148928   -751.209546   -543.974423  6  5  5  58       
PG19  20715.647033 -15913.165970  -3763.716201    433.519748  8  4  5 105       
PG20   3133.596215 -19886.264353  17469.897349    389.448904  4  4  6  96       
PG21   9323.189215  14778.059028 -19786.428827    136.731550  6  5  3  85       
PG22  12133.443636 -10803.644990 -20638.840469     39.745748  6  3  2  73       
PG23 -16750.370728  -7420.243669 -19278.199361    145.469067  5  2  5  94       
PG24 -11904.993153 -15134.578962 -18869.042646   -422.962581  7  6  6  85       
PG25 -16202.777052 -15953.279886  13607.916343    486.955664  5  7  5  74       
PG26  -7853.049413  16803.181422  18731.872156    195.481848  5  5  6  77       
PG27 -10958.003290  22360.238261  -8861.919932      0.655170 11  5 10  76       
PG28 -21327.062051   6775.559660  14279.530967   -114.293844  6  5  2  48       
PG29 -15910.291021  -4153.643616  20830.996935   -607.910441  6  7  6 100       
PG30  24884.211166  -2167.020601  -9287.048296   -439.181673  5  4  2  45       
PG31 -13853.261814  11247.259988  19587.142736   -227.567308  6  7  3  83       
PG32 -20335.277602  14010.134469  -9297.345953   -608.568487  6  8  6  89       
*  2024  1 30  3 15  0.00000000
PG01  18269.571128  12650.559210 -15138.071073    167.650567  7  6  7  77       
PG02  11747.063568  13635.709502 -19121.510976   -493.341139  6  6  2  67       
PG03  11861.295217  23680.030561   2592.465126    159.801609  5  4  5  73       
PG04   5869.686551  15553.152942  20696.574057    278.853709  5  6  4  93       
PG05  -5171.249075 -24453.723505   8673.704282   -159.858538  3  3  7  58       
PG06  21101.157864  -6907.348542  14725.686901    426.629280  5  5  6  89       
PG07  25860.403271   6127.228432   4072.764982    -49.589978     4  3  73       
PG08   -782.034045  20937.608232 -16156.167146   -164.554412  5  5  5  64       
PG09  15705.148948   3499.436818  21058.816728     75.170084  5  6  6  90       
PG10 -14271.197102   3781.386941 -21890.253150    -71.293261  7  5  2  81       
PG11  10532.962719 -12767.267345  20787.297049   -558.019281  7  7  6  95       
PG12 -10055.800900 -24500.722050   2181.645092   -472.909326  5  5  7 100       
PG13  11259.169239 -21536.248314 -10652.456062    620.716318  6  4  5  72       
PG14  16321.046537    224.386354 -20959.773962    312.137424  5  6  6  65       
PG15  -1961.735168 -21305.487240 -16094.583596    122.394157  8  5  5 109       
PG16  -2624.161439  22303.755982  13481.062118   -373.701250  7  5  7  78       
PG17  20426.567587  -9263.804353 -13914.946263    718.519967  6  4  5  64       
PG18 -26077.578225  -5130.389668   2119.346746   -543.982337  6  5  5  58       
PG19  20483.970581 -15331.279704  -6577.078210    433.524411  7  5  6  95       
PG20   4325.145959 -18185.010047  18992.612711    389.447803  5  4  6  90       
PG21   6928.927879  14673.667449 -20713.133350    136.730813  6  5  3  73       
PG22  12861.625423  -8429.067883 -21255.859007     39.740190  6  4  3  76       
PG23 -17471.511285  -9407.189431 -17726.139443    145.476087  5  3  5  73       
PG24  -9755.239652 -15119.486256 -20065.471437   -422.968592  7  6  5  77       
PG25 -16546.870891 -17396.765521  11310.826503    486.956745  5  7  6  95       
PG26  -8967.044725  14833.140387  19885.149947    195.478461  5  5  6  83       
PG27 -11680.413084  22853.972698  -6150.903132      0.651961 10  3 10  22       
PG28 -22798.851503   6391.522159  12004.606410   -114.304727  6  5  2  23       
PG29 -14283.704596  -5959.403101  21548.516708   -607.910028  6  6  5  84       
PG30  25754.299873  -1738.226831  -6701.268188   -439.177314  5  4  2  71       
PG31 -15992.805962  10746.630221  18241.367005   -227.567661  6  7  3  74       
PG32 -19754.602774  12888.387980 -11802.617557   -608.570707  6  7  6 100       
*  2024  1 30  3 30  0.00000000
PG01  16497.489635  12545.251218 -17142.983660    167.651705  7  6  7  55       
PG02   9401.608860  13716.474291 -20273.557376   -493.336061  6  7  3  74       
PG03  11754.933256  23890.109126   -294.988497    159.824179  5  4  6  64       
PG04   4399.997361  17332.647323  19606.602464    278.862353  6  5  5  91       
PG05  -4441.333764 -23522.569559  11233.927031   -159.859596  1  3  7  56       
PG06  22615.017810  -6624.425135  12426.564958    426.616622  5  5  6  76       
PG07  25282.259038   6310.999802   6790.934356    -49.598580     4  4  91       
PG08  -1915.057820  22267.846275 -14106.042973   -164.556538  5  5  4  43       
PG09  14377.387362   5565.485265  21549.631349     75.181256  5  6  6  93       
PG10 -15315.710699   1490.890275 -21488.543147    -71.294266  6  4  3 101       
PG11  12811.168840 -12360.838373  19721.068061   -558.031325  7  7  6  88       
PG12  -9869.112598 -24697.317560   -672.772512   -472.912906  5  6  7  88       
PG13  12133.303235 -22153.988027  -8039.020547    620.719656  6  3  5  66       
PG14  17181.941851   2419.800099 -20134.125650    312.146520  4  6  6  31       
PG15  -1006.585912 -22688.900675 -14088.283786    122.397758  8  6  5 103       
PG16  -3421.375189  20749.141678  15609.428928   -373.693844  7  5  6  55       
PG17  19450.685350  -7774.663397 -15992.219765    718.518840  6  5  5  35       
PG18 -25658.186582  -5286.072676   4953.839344   -543.990255  5  5  5  65       
PG19  20074.280644 -14504.696695  -9275.427829    433.528979  7  5  6  89       
PG20   5689.347096 -16419.743112  20191.717779    389.446488  5  5  5  76       
PG21   4436.254354  14693.594565 -21273.282842    136.729565  6  6  3  64       
PG22  13727.993052  -6044.918178 -21493.407664     39.734236  6  4  3  78       
PG23 -18215.313359 -11177.118300 -15870.658762    145.483072  4  2  5  90       
PG24  -7491.567891 -15210.175666 -20931.405080   -422.974593  6  5  4  74       
PG25 -16848.496921 -18572.235892   8818.600511    486.957883  5  6  6 105       
PG26 -10223.612841  12821.854458  20689.182364    195.475080  5  5  6  80       
PG27 -12197.578849  23126.135242  -3332.030886      0.648743 10     9  30       
PG28 -24019.586811   6101.646531   9522.773007   -114.315584  6  6  2  66       
PG29 -12717.746084  -7897.609053  21894.022664   -607.909275  6  6  5  92       
PG30  26348.257056  -1383.530874  -4001.530013   -439.173002  4  4  2  90       
PG31 -17981.944310  10377.845589  16580.714112   -227.567670  6  7  4  58       
PG32 -19075.478038  11512.521590 -14100.465956   -608.572923  6  7  7 100       
*  2024  1 30  3 45  0.00000000
PG01  14514.888368  12532.530008 -18863.796784    167.652891  7  5  7  59       
PG02   6947.405142  13926.115813 -21063.075246   -493.330796  6  7  3  70       
PG03  11507.126125  23817.638434  -3177.417309    159.846776  5  4  6  42       
PG04   3104.315413  19069.043980  18178.361524    278.870990  5  5  5  90       
PG05  -3517.387876 -22390.586775  13598.226477   -159.861267     3  6  80       
PG06  23870.801643  -6438.920051   9915.516142    426.603936  4  5  6  74       
PG07  24420.094122   6512.241531   9396.971329    -49.606789     3  4  85       
PG08  -2858.283163  23440.921628 -11809.563256   -164.559263  3  5  5  64       
PG09  13139.894958   7727.497203  21666.981600     75.192467  5  6  5  94       
PG10 -16451.322924   -676.000161 -20711.612637    -71.295166  6  4  4  96       
PG11  14968.707724 -12086.340166  18315.773301   -558.043421  7  7  6  92       
PG12  -9562.763250 -24609.093610  -3515.696284   -472.916337  5  6  7  70       
PG13  12780.492174 -22582.981780  -5286.420400    620.722898  5  3  6  58       
PG14  18100.225768   4467.103805 -18962.761565    312.155682  4  6  5  28       
PG15   -209.387144 -23901.340950 -11844.033451    122.401182  8  6  6  91       
PG16  -4387.198648  19026.791935  17457.635604   -373.686915  7  5  5  62       
PG17  18426.632372  -6050.443680 -17787.760455    718.518218  6  5  5  67       
PG18 -24933.008076  -5449.656917   7704.030463   -543.998154  5  5  5  59       
PG19  19525.884745 -13424.337564 -11812.093992    433.533975  6  5  6  83       
PG20   7214.219052 -14634.641494  21046.474097    389.445559  5  5  5  95       
PG21   1894.687504  14844.865342 -21453.520954    136.728258  6  6  2  63       
PG22  14718.109524  -3700.454746 -21346.152160     39.728725  6  4  3  87       
PG23 -18942.607727 -12707.156522 -13743.871549    145.490087  4  3  5  79       
PG24  -5155.983951 -15417.350811 -21452.026712   -422.980610  5  5  4  76       
PG25 -17069.475448 -19474.008824   6174.924114    486.959038  5  6  6  97       
PG26 -11608.957133  10814.415199  21130.723136    195.471679  5  5  6  77       
PG27 -12532.922485  23146.037515   -454.509616      0.645527  9     9           
PG28 -24963.186998   5874.993350   6876.836870   -114.326442  6  6  2  45       
PG29 -11247.625620  -9932.695392  21861.220861   -607.908655  6  6  5  97       
PG30  26651.814088  -1070.258762  -1233.872357   -439.168663  4  3  2  75       
PG31 -19779.918056  10123.982785  14635.022763   -227.567891  5  7  4  53       
PG32 -18339.524342   9890.442108 -16150.297727   -608.575184  6  6  7  95       
*  2024  1 30  4  0  0.00000000
PG01  12360.064282  12637.780989 -20272.102494    167.654046  7  5  6  64       
PG02   4434.785120  14271.856163 -21474.571017   -493.325660  6  7  3  77       
PG03  11085.699730  23484.930500  -6005.670524    159.869390  5  5  6  46       
PG04   1990.683982  20716.068837  16436.161307    278.879619  5  5  5  81       
PG05  -2387.763659 -21098.441159  15725.069753   -159.862830     3  6  74       
PG06  24841.712047  -6317.480758   7235.307140    426.591218  4  5  6  68       
PG07  23290.602124   6765.151092  11848.441042    -49.615319     3  4  83       
PG08  -3622.474754  24415.886666  -9306.213807   -164.559924  3  4  5   6       
PG09  12018.566506   9943.624235  21408.642487     75.203606  5  6  4  82       
PG10 -17645.227220  -2680.944184 -19574.191320    -71.296234  6  4  4  99       
PG11  16961.254130 -11928.435237  16595.411851   -558.055563  7  7  6  93       
PG12  -9105.143128 -24256.418109  -6298.641226   -472.920051  6  6  6  78       
PG13  13218.788907 -22787.846439  -2442.045351    620.725647  5  3  6  35       
PG14  19042.965279   6334.640648 -17466.266811    312.164852  4  6  5  28       
PG15    444.757357 -24905.441865  -9398.612703    122.404882  8  6  6  77       
PG16  -5527.475997  17182.916555  18992.628757   -373.679742  7  5  5  56       
PG17  17396.346573  -4110.109805 -19268.623068    718.517123  6  5  5  72       
PG18 -23914.668516  -5658.401592  10323.088488   -544.006110  5  5  5  70       
PG19  18880.560483 -12089.732170 -14143.562709    433.538633  5  5  6  70       
PG20   8879.977874 -12872.062923  21541.927292    389.443684  5  5  4  89       
PG21   -644.378682  15126.199742 -21247.354567    136.727041  6  6  3  64       
PG22  15809.638998  -1442.265458 -20815.903715     39.723057  6  5  4  63       
PG23 -19611.978498 -13982.849009 -11382.413887    145.497097  4  2  5  74       
PG24  -2792.363442 -15744.458747 -21617.928645   -422.986618  4  5  4  90       
PG25 -17172.507269 -20105.031417   3425.670418    486.960116  5  6  6  94       
PG26 -13101.982147   8853.455869  21203.038457    195.468193  5  5  6  64       
PG27 -12715.890333  22889.965768   2431.015622      0.642273  8  1  9  65       
PG28 -25611.490170   5676.897567   4112.418737   -114.337273  6  6  2  81       
PG29  -9902.327028 -12023.568558  21450.372625   -607.908184  5  6  5  94       
PG30  26658.729545   -763.836328   1554.700709   -439.164362  4  3  2  81       
PG31 -21351.342717   9961.578128  12438.763808   -227.568151  5  7  4           
PG32 -17587.645190   8038.868687 -17915.923896   -608.577426  6  5  7  91       
*  2024  1 30  4 15  0.00000000
PG01  10076.157423  12879.456416 -21344.478013    167.655245  7  6  6  82       
PG02   1915.658203  14752.487906 -21499.535562   -493.320386  6  8  3  80       
PG03  10464.050896  22921.412966  -8731.667928    159.892019  5  5  6  53       
PG04   1058.784985  22228.059419  14409.807889    278.888256  5  6  5  84       
PG05  -1049.138945 -19690.039974  17577.038963   -159.864198  1  4  5  80       
PG06  25509.151938  -6222.938585   4431.603698    426.578554  3  5  6  52       
PG07  21917.582446   7100.580539  14105.633700    -49.623402     3  4  85       
PG08  -4225.780272  25156.330744  -6639.406064   -164.562597  2  4  5           
PG09  11032.085752  12168.364393  20778.950504     75.214801  5  6  3  82       
PG10 -18859.458050  -4492.621221 -18097.234361    -71.297733  6  4  5 101       
PG11  18749.052968 -11864.755347  14589.427478   -558.067645  7  7  6  81       
PG12  -8469.654063 -23666.777557  -8974.455405   -472.923163  5  6  6  81       
PG13  13473.228728 -22738.989802    444.831401    620.728944  4  3  6  65       
PG14  19973.234801   7997.747794 -15670.713794    312.173975  3  6  5  44       
PG15    977.024072 -25668.527009  -6792.624098    122.408065  7  7  6  90       
PG16  -6839.545070  15265.799219  20187.247396   -373.672282  7  6  4  64       
PG17  16399.088178  -1981.165670 -20407.340683    718.516247  6  5  5  73       
PG18 -22624.174072  -5946.761116  12766.360853   -544.014023  5  6  5  58       
PG19  18180.817594 -10509.164767 -16230.213323    433.543644  5  5  6  49       
PG20  10659.609625 -11171.033438  21669.180191    389.442373  5  5  4  83       
PG21  -3129.537818  15527.899459 -20655.519374    136.726024  6  7  2  26       
PG22  16973.151422    687.445578 -19911.642993     39.717338  5  5  4  58       
PG23 -20181.410024 -14998.503022  -8826.811456    145.504048  4  3  5  68       
PG24   -445.036046 -16187.481904 -21425.300171   -422.992608  4  5  5  90       
PG25 -17122.718401 -20476.532212    618.089116    486.961245  5  5  7  95       
PG26 -14675.021153   6977.641088  20905.960445    195.464766  5  5  6  85       
PG27 -12780.625868  22342.282542   5273.409791      0.639025  8  3  8   3       
PG28 -25954.874905   5470.499121   1277.162656   -114.348109  6  6  2  62       
PG29  -8703.591183 -14125.033389  20668.311062   -607.907411  5  6  5  89       
PG30  26370.977111   -429.300573   4316.986676   -439.160028  5  3  3  64       
PG31 -22667.378381   9861.723861  10030.383142   -227.568202  5  7  5  35       
PG32 -16858.342262   5982.879771 -19366.246729   -608.579660  6  5  7  88       
*  2024  1 30  4 30  0.00000000
PG01   7709.728016  13268.300835 -22062.835141    167.656460  7  6  5  75       
PG02   -558.402213  15358.317914 -21136.697392   -493.315016  6  8  4  92       
PG03   9622.326812  22162.417326 -11309.187908    159.914647  5  5  6  48       
PG04    300.122863  23561.663343  12134.103587    278.896864  4  7  5 101       
PG05    493.128078 -18210.831612  19121.531645   -159.865793  2  4  5  85       
PG06  25863.363298  -6115.904584   1552.215594    426.565802  3  5  6  62       
PG07  20331.115454   7544.777852  16132.087869    -49.631557  1  3  4  99       
PG08  -4692.837431  25631.844516  -3855.709264   -164.564395  2  4  5  53       
PG09  10191.297829  14354.160722  19788.736784     75.225986  5  6  2  88       
PG10 -20052.372482  -6087.702913 -16307.466874    -71.299257  5  4  5 104       
PG11  20298.300402 -11866.881537  12332.213750   -558.079734  6  7  5  89       
PG12  -7635.877730 -22873.630246 -11498.079926   -472.926533  6  7  6  91       
PG13  13574.699261 -22413.898389   3323.922511    620.732220  4  4  6  32       
PG14  20851.547361   9439.480820 -13607.192803    312.183094  3  6  5  49       
PG15   1413.931492 -26163.886425  -4069.900293    122.411327  6  7  6  64       
PG16  -8312.176248  13323.930805  21020.741911   -373.665100  7  6  3  61       
PG17  15469.838332    301.176375 -21182.538689    718.515597  6  5  5  61       
PG18 -21090.194013  -6344.888783  14992.114324   -544.021916  5  6  5  58       
PG19  17468.164690  -8699.478662 -18036.962464    433.548175  5  5  6  64       
PG20  12519.728307  -9565.867758  21425.570481    389.441203  4  6  4  95       
PG21  -5511.286251  16032.112178 -19686.185331    136.724892  5  7  2  90       
PG22  18173.247386   2652.390545 -18649.378445     39.711929  5  5  4  34       
PG23 -20609.962557 -15757.202902  -6120.790094    145.510981  3  3  5  94       
PG24   1842.655170 -16735.004528 -20876.051964   -422.998566  3  5  5  76       
PG25 -16889.099493 -20607.374759  -2199.998247    486.962389  5  5  7 104       
PG26 -16294.828879   5220.337837  20245.813715    195.461380  5  5  6  80       
PG27 -12764.439495  21496.219809   8022.031490      0.635795  7  4  8           
PG28 -25992.562634   5218.362155  -1580.089345   -114.358998  6  6  2  77       
PG29  -7665.190488 -16189.391440  19528.340285   -607.906599  5  5  5  83       
PG30  25798.639522    -32.818007   7006.344626   -439.155708  5  3  3  84       
PG31 -23706.646104   9791.364779   7451.599595   -227.568146  4  7  5  64       
PG32 -16186.140603   3755.123066 -20475.844439   -608.581922  6  4  7  89       
*  2024  1 30  4 45  0.00000000
PG01   5309.215338  13806.859100 -22414.706279    167.657696  6  6  5  87       
PG02  -2938.070495  16071.488622 -20392.108818   -493.309675  5  8  3  75       
PG03   8548.348362  21247.762696 -13694.616836    159.937300  5  5  7  50       
PG04   -301.466342  24677.464751   9648.253744    278.905480  4  8  5  73       
PG05   2224.992941 -16706.052208  20331.372359   -159.867275  3  5  4  84       
PG06  25903.743235  -5956.457762  -1353.696760    426.553099  3  5  6  55       
PG07  18566.538822   8118.304871  17895.065176    -49.639889  2  3  4  88       
PG08  -5053.609026  25819.266923  -1004.003081   -164.565743  2  4  5  33       
PG09   9498.900771  16453.089973  18455.141521     75.237153  5  5  2  64       
PG10 -21180.271729  -7451.500477 -14236.835395    -71.300501  4  4  5  96       
PG11  21582.305730 -11901.570393   9862.531415   -558.091740  6  6  5  75       
PG12  -6590.502646 -21915.060419 -13827.256585   -472.929962  6  7  5  70       
PG13  13558.572712 -21798.166606   6144.833512    620.735219  3  4  6  47       
PG14  21637.390324  10651.041675 -11311.264958    312.192203  4  7  4  51       
PG15   1786.174677 -26371.863574  -1276.826256    122.414823  6  7  6  56       
PG16  -9925.880556  11404.155435  21479.141728   -373.657745  6  6  3  72       
PG17  14637.871314   2695.157986 -21579.430813    718.514823  6  5  5  54       
PG18 -19348.064521  -6877.305723  16962.231783   -544.029802  5  6  5  60       
PG19  16781.449388  -6685.554169 -19533.807827    433.552919  5  6  6  85       
PG20  14421.688623  -8084.973807  20814.748291    389.439632  4  6  4  95       
PG21  -7743.903461  16613.477211 -18354.979432    136.723331  5  7  2  68       
PG22  19369.955170   4423.480440 -17051.840081     39.705841  5  5  5  63       
PG23 -20859.413534 -16270.497941  -3310.540431    145.517957  3  4  4  54       
PG24   4029.772371 -17368.556330 -19977.871866   -423.004530  3  5  5  65       
PG25 -16445.788564 -20523.144428  -4980.984304    486.963490  5  5  7  99       
PG26 -17923.795675   3608.517581  19235.221944    195.457951  5  5  6  53       
PG27 -12706.138942  20354.323139  10627.727182      0.632533  7  4  7  40       
PG28 -25732.589900   4884.119087  -4410.141920   -114.369836  6  6  2  71       
PG29  -6792.523687 -18168.150132  18050.017837   -607.906273  5  5  6  82       
PG30  24959.514800    456.845876   9577.438539   -439.151358  5  3  3  74       
PG31 -24455.862358   9714.741709   4746.672013   -227.568455  4  7  5  60       
PG32 -15600.189668   1394.720685 -21225.440268   -608.584163  6  4  7  83       
*  2024  1 30  5  0  0.00000000
PG01   2923.328893  14489.285162 -22393.463894    167.658852  6  6  4  60       
PG02  -5178.092857  16866.666590 -19279.058085   -493.304503  5  8  4  98       
PG03   7238.244401  20220.189336 -15847.649942    159.959908  5  5  7  51       
PG04   -768.999869  25541.474338   6995.189755    278.914068  4  8  4  79       
PG05   4124.070397 -15218.990587  21185.321319   -159.868680  3  5  4  88       
PG06  25638.824434  -5705.861740  -4236.442318    426.540382  4  5  6  55       
PG07  16663.259888   8835.164066  19365.977239    -49.648243  2  4  5  93       
PG08  -5341.992377  25703.659171   1865.431598   -164.566250  2  4  5  61       
PG09   8949.468315  18418.575120  16801.312696     75.248315  6  5  3  76       
PG10 -22199.096444  -8578.268744 -11921.881619    -71.302098  4  4  5  99       
PG11  22582.388930 -11932.179167   7222.847354   -558.103838  6  6  5  43       
PG12  -5327.979315 -20832.286177 -15923.175709   -472.933409  6  7  5  74       
PG13  13463.153881 -20886.221003   8857.989161    620.738398  2  4  6  59       
PG14  22290.806893  11631.897016  -8822.347539    312.201263  4  7  4  32       
PG15   2127.271128 -26280.703776   1538.418634    122.418020  5  7  6  76       
PG16 -11653.570354   9549.910884  21555.465015   -373.650675  6  6  2  58       
PG17  13925.566020   5153.924749 -21590.178917    718.513567  6  5  5  60       
PG18 -17438.549536  -7561.786000  18642.854986   -544.037685  5  5  4  77       
PG19  16155.335153  -4499.486129 -20696.267048    433.557753  5  6  6  60       
PG20  16322.914033  -6749.887426  19846.650313    389.438864  4  6  4  93       
PG21  -9787.206497  17240.135723 -16684.809982    136.722331  4  7  3  74       
PG22  20520.337993   5979.799552 -15148.016039     39.700382  5  6  5  59       
PG23 -20895.803133 -16557.777305   -443.948087    145.524891  3  4  5  37       
PG24   6079.131454 -18063.227593 -18744.206124   -423.010553  4  4  5  75       
PG25 -15773.153296 -20255.008520  -7678.232644    486.964599  5  5  6  95       
PG26 -19521.331446   2161.928340  17892.803754    195.454537  5  5  6  66       
PG27 -12644.291957  18928.521730  13043.809830      0.629263  7  5  7  43       
PG28 -25191.452225   4434.074866  -7164.295478   -114.380706  6  6  2  65       
PG29  -6082.547567 -20013.776281  16258.823168   -607.905622  5  6  6  77       
PG30  23878.450879   1066.959438  11986.954893   -439.147072  5  3  3  88       
PG31 -24910.174567   9594.924931   1961.648630   -227.568823  4  7  6  71       
PG32 -15123.098627  -1054.085061 -21602.245743   -608.586448  6  4  6  86       
*  2024  1 30  5 15  0.00000000
PG01    599.425017  15301.460985 -21998.469729    167.660086  5  6  4  88       
PG02  -7238.940210  17712.069421 -17817.807348   -493.299162  4  8  3  95       
PG03   5696.774792  19123.700732 -17731.934916    159.982555  6  5  7  77       
PG04  -1131.258748  26126.423436   4220.820030    278.922695  3  9  4  77       
PG05   6160.318900 -13789.342696  21668.468503   -159.869388  3  6  4  91       
PG06  25085.919516  -5328.244363  -7046.633540    426.527722  4  5  6  52       
PG07  14663.442502   9702.160093  20520.765430    -49.656496  3  4  5  81       
PG08  -5594.260688  25278.961093   4701.863245   -164.567883  3  4  5  57       
PG09   8529.802763  20207.054236  14855.994646     75.259438  6  5  3  78       
PG10 -23066.128723  -9471.162839  -9403.054114    -71.303157  3  5  5  85       
PG11  23288.478711 -11920.234393   4458.606012   -558.115932  5  6  5  77       
PG12  -3850.883362 -19668.077505 -17751.058367   -472.936766  6  7  5  86       
PG13  13328.006259 -19681.705026  11415.558915    620.741843  1  4  6  77       
PG14  22773.963561  12389.585270  -6183.042393    312.210330  4  7  4  17       
PG15   2472.066388 -25887.122029   4326.689524    122.421687  4  7  6  57       
PG16 -13461.539475   7799.638853  21249.769833   -373.643427  6  5  2  78       
PG17  13347.512624   7627.204492 -21214.102168    718.512987  6  5  5  83       
PG18 -15406.403580  -8408.501095  20004.963219   -544.045622  5  5  5  94       
PG19  15618.970611  -2179.497949 -21505.709874    433.562654  5  6  6  80       
PG20  18178.391946  -5574.575241  18537.368382    389.437397  4  6  4  88       
PG21 -11608.088873  17875.067288 -14705.485340    136.721216  4  7  3  85       
PG22  21580.238832   7309.228903 -12972.545355     39.694420  4  6  5  70       
PG23 -20690.826628 -16645.357197   2430.198946    145.531915  2  5  5  33       
PG24   7958.532732 -18788.541101 -17194.159734   -423.016552  4  4  5  65       
PG25 -14858.637802 -19838.396056 -10246.796796    486.965710  5  5  6  76       
PG26 -21045.362280    892.563499  16242.769148    195.451105  5  5  6  75       
PG27 -12615.497625  17239.816348  15226.995102      0.625942  7  5  6  79       
PG28 -24393.434061   3838.708512  -9795.184739   -114.391555  6  6  2  70       
PG29  -5524.048634 -21681.425296  14185.717356   -607.905136  4  7  6  84       
PG30  22586.433859   1819.609420  14194.286204   -439.142760  5  3  3  79       
PG31 -25073.191863   9395.379385   -856.389556   -227.568686  4  7  6  75       
PG32 -14770.053673  -3543.488619 -21600.171551   -608.588728  5  5  6  91       
*  2024  1 30  5 30  0.00000000
PG01  -1618.076622  16221.425499 -21235.149327    167.661310  5  6  5  83       
PG02  -9088.214160  18570.784648 -16035.163345   -493.294001  4  7  3  93       
PG03   3937.331300  18001.875699 -19315.650463    160.005208  6  5  6  82       
PG04  -1421.466912  26412.810030   1373.222471    278.931266  3 10  3  53       
PG05   8297.037138 -12451.722913  21772.504500   -159.871095  2  6  3  90       
PG06  24270.441325  -4792.175667  -9736.021626    426.514975  4  5  5  73       
PG07  12610.609789  10718.515527  21340.233538    -49.665029  3  4  5  90       
PG08  -5847.402286  24548.298957   7455.078984   -164.569861  5  4  5  42       
PG09   8219.603210  21779.539937  12653.014333     75.270610  6  6  3  84       
PG10 -23741.635620 -10141.856941  -6723.973454    -71.303674  2  5  5  85       
PG11  23699.387432 -11827.082640   1617.445671   -558.128036  5  5  4  58       
PG12  -2169.977044 -18465.142385 -19280.668608   -472.940371  6  7  4  76       
PG13  13192.225151 -18197.503919  13772.360410    620.744922     4  5  83       
PG14  23052.644724  12939.222208  -3438.418411    312.219423  4  7  4  61       
PG15   2855.156497 -25196.557248   7038.763048    122.425010  3  6  6  40       
PG16 -15310.715481   6185.430572  20569.051681   -373.636139  6  5  3  73       
PG17  12909.957158  10063.142701 -20457.726050    718.512002  6  5  5  86       
PG18 -13298.789021  -9419.457811  21024.878298   -544.053511  5  6  5  92       
PG19  15194.897761    231.362204 -21949.584260    433.567264  5  6  6  83       
PG20  19942.280821  -4565.033978  16908.912052    389.435786  3  6  4  83       
PG21 -13181.762253  18477.694062 -12453.130425    136.720105  3  6  3  83       
PG22  22506.083619   8408.693127 -10564.985736     39.688867  3  6  5  63       
PG23 -20223.021913 -16565.315667   5263.014131    145.538911  3  5  5  41       
PG24   9641.827914 -19509.557092 -15352.309483   -423.022540  4  4  5  71       
PG25 -13697.347968 -19311.547992 -12644.094753    486.966894  5  5  6  87       
PG26 -22453.879918   -195.558439  14314.428963    195.447756  5  5  6  62       
PG27 -12652.743438  15317.595351  17138.268946      0.622741  6  5  5  79       
PG28 -23369.651415   3074.013136 -12257.592209   -114.402408  5  5  2  74       
PG29  -5098.244174 -23130.577889  11866.601645   -607.904535  4  8  6  92       
PG30  21119.463312   2730.680990  16162.172710   -439.138490  5  3  2  84       
PG31 -24956.715843   9081.504277  -3660.081055   -227.568757  4  7  6  84       
PG32 -14548.252369  -6023.815965 -21219.903324   -608.590993  5  5  5  78       
*  2024  1 30  5 45  0.00000000
PG01  -3689.182183  17220.103836 -20114.987036    167.662555  4  6  5  83       
PG02 -10701.743078  19402.319329 -13963.894400   -493.288770  3  7  3  99       
PG03   1981.616851  16896.212411 -20572.013000    160.027852  6  5  6  81       
PG04  -1675.791570  26389.654226  -1498.206412    278.939813  3 10  4  54       
PG05  10492.132398 -11234.392922  21495.862539   -159.872346  2  6  3  93       
PG06  23224.923413  -4072.082862 -12258.319381    426.502283  4  5  5  30       
PG07  10548.206283  11875.753393  21810.332518    -49.673263  4  4  5  86       
PG08  -6137.429195  23523.929246  10076.348721   -164.572400  5  4  5  84       
PG09   7992.421628  23103.007984  10230.675386     75.281763  6  6  3  67       
PG10 -24190.393217 -10609.846965  -3930.665604    -71.304265  2  5  5  86       
PG11  23822.751745 -11615.558527  -1251.626769   -558.140168  5  5  4  64       
PG12   -303.969919 -17264.538664 -20486.752517   -472.943711  6  7  4  79       
PG13  13092.730243 -16455.404799  15886.719580    620.747994     4  5  78       
PG14  23097.618804  13302.725738   -635.259370    312.228500  4  7  4  53       
PG15   3309.291249 -24223.091887   9626.265345    122.428535  2  6  6  69       
PG16 -17158.125564   4731.960304  19526.997335   -373.628899  5  5  3  49       
PG17  12610.610908  12410.215023 -19334.667290    718.511425  6  6  5  86       
PG18 -11163.606004 -10588.253138  21684.687019   -544.061439  5  6  5  96       
PG19  14898.234998   2686.690970 -22021.539023    433.571733  5  6  5  80       
PG20  21569.568806  -3719.203572  14988.866447    389.434541  3  5  4  76       
PG21 -14492.633414  19005.676345  -9969.415208    136.718811  3  6  4  85       
PG22  23256.661592   9284.024009  -7968.979451     39.683094  2  6  5  52       
PG23 -19478.708176 -16354.119403   8006.315840    145.545872  2  6  5  34       
PG24  11109.780902 -20188.178227 -13248.423814   -423.028550  5  3  5  75       
PG25 -12292.359018 -18713.991217 -14830.533916    486.968013  5  5  6  88       
PG26 -23706.483889  -1106.301453  12141.630536    195.444337  5  5  6  70       
PG27 -12783.921766  13198.606857  18743.662273      0.619468  5  6  4  96       
PG28 -22156.844767   2122.622102 -14509.222608   -114.413330  5  5  2  72       
PG29  -4779.688674 -24326.519557   9341.684586   -607.904386  5  8  6  71       
PG30  19517.255095   3809.070313  17857.294852   -439.134158  5  4  2  87       
PG31 -24580.186081   8622.092237  -6402.522830   -227.568999  4  7  6  96       
PG32 -14456.675842  -8445.287056 -20468.843283   -608.593186  5  5  5  67       
*  2024  1 30  6  0  0.00000000
PG01  -5579.665494  18262.317100 -18655.436329    167.663825  3  5  6  82       
PG02 -12064.321210  20164.307832 -11642.013359   -493.283657  2  7  3  91       
PG03   -140.985029  15844.564749 -21479.705534    160.050444  6  5  6  75       
PG04  -1931.725073  26054.932257  -4343.629385    278.948476  3 10  4  30       
PG05  12699.609011 -10158.259324  20843.729403   -159.873590  2  6  3  85       
PG06  21987.776501  -3149.446549 -14569.998016    426.489599  4  5  5  61       
PG07   8518.164232  13157.852125  21922.395416    -49.681341  4  5  4  83       
PG08  -6497.728333  22226.819467  12519.360007   -164.573991  6  4  5  62       
PG09   7816.867649  24151.560613   7631.071910     75.292924  6  6  3  76       
PG10 -24383.036581 -10901.469934  -1070.777404    -71.305408  2  5  5  85       
PG11  23674.640907 -11251.604097  -4099.087855   -558.152229  5  4  4  44       
PG12   1721.010546 -16104.167301 -21349.401789   -472.946813  7  7  4  72       
PG13  13062.650028 -14485.403002  17721.266585    620.751110     4  5  83       
PG14  22885.825273  13507.790640   2178.711447    312.237603  4  7  4  43       
PG15   3863.826359 -22989.029278  12042.620223    122.432032  1  6  6  61       
PG16 -18958.509989   3455.744335  18143.608896   -373.621757  5  5  4  78       
PG17  12438.833981  14619.132439 -17865.356712    718.510737  6  6  5  76       
PG18  -9047.797023 -11900.158076  21972.572968   -544.069346  6  6  5  92       
PG19  14736.159686   5138.308779 -21721.447147    433.576798  5  6  5  74       
PG20  23017.720576  -3027.199501  12809.948623    389.433481  2  5  4  71       
PG21 -15534.768505  19416.810363  -7300.620033    136.717242  3  5  4  70       
PG22  23794.804031   9949.452670  -5231.343478     39.677740  1  6  5  39       
PG23 -18452.640745 -16051.094195  10613.419018    145.552850  3  6  5  46       
PG24  12350.685009 -20784.612597 -10917.084731   -423.034572  5  3  4  25       
PG25 -10654.738370 -18084.990529 -16770.082632    486.969166  5  6  5  78       
PG26 -24765.858249  -1851.017197   9762.132983    195.440942  5  5  6  69       
PG27 -13030.572063  10925.631667  20014.911687      0.616238  4  5  3 104       
PG28 -20795.969352    974.677398 -16511.425116   -114.424165  5  4  2  77       
PG29  -4537.449164 -25241.604190   6654.769621   -607.903458  5  9  6  49       
PG30  17821.817946   5056.158681  19250.809569   -439.129844  4  4  3  78       
PG31 -23969.864155   7990.657333  -9037.988193   -227.569148  5  7  6  96       
PG32 -14486.204826 -10759.773919 -19360.922280   -608.595406  4  5  5  79       
*  2024  1 30  6 15  0.00000000
PG01  -7262.212729  19308.042957 -16879.740328    167.665052  2  5  6  68       
PG02 -13170.062368  20814.298450  -9111.950810   -493.278348  2  6  3  95       
PG03  -2394.328007  14879.727824 -22023.223538    160.073091  5  5  5  79       
PG04  -2226.413568  25415.671082  -7113.656193    278.957127  3 10  5  57       
PG05  14871.216089  -9236.179472  19827.926251   -159.874863  2  6  3  93       
PG06  20601.827055  -2013.730217 -16631.044143    426.476924  4  5  6  61       
PG07   6559.519340  14541.671346  21673.319330    -49.689727  4  5  4  90       
PG08  -6957.526909  20685.883618  14741.100335   -164.575140  6  5  6  84       
PG09   7658.012869  24907.319343   4899.335706     75.304114  6  6  3  79       
PG10 -24297.188857 -11048.681969   1807.213210    -71.306597  3  5  5  78       
PG11  23278.847798 -10705.775308  -6875.761094   -558.164347  4  5  4  50       
PG12   3872.218277 -15017.399011 -21854.340101   -472.950803  7  7  3  72       
PG13  13129.867119 -12324.681312  19243.648088    620.754891  1  4  5  92       
PG14  22401.338713  13586.652831   4955.618420    312.246709  4  7  4  49       
PG15   4543.293825 -21524.136623  14243.993436    122.435166  2  6  6  79       
PG16 -20666.012965   2364.747120  16444.714902   -373.614319  5  5  4  69       
PG17  12376.184128  16644.654820 -16076.607965    718.509295  6  6  5  72       
PG18  -6995.689690 -13332.530222  21883.050560   -544.077240  6  7  5  83       
PG19  14707.703579   7537.889804 -21055.334905    433.581203  5  6  5  81       
PG20  24248.248431  -2471.857383  10409.467774    389.431955  1  5  4  67       
PG21 -16311.920138  19670.932150  -4496.571739    136.716110  3  5  4  74       
PG22  24088.889297  10426.759856  -2401.111582     39.671587     5  5  63       
PG23 -17148.357361 -15696.796306  13039.903817    145.559779  3  6  5  46       
PG24  13360.706193 -21258.944488  -8397.208763   -423.040601  5  3  4  57       
PG25  -8803.286081 -17462.032102 -18430.785379    486.970290  6  6  5  77       
PG26 -25599.128928  -2447.868954   7216.935262    195.437494  5  5  6  44       
PG27 -13406.904106   8545.915686  20929.989335      0.612972  3  5  2  92       
PG28 -19330.637552   -371.593622 -18229.851428   -114.435025  5  4  1  73       
PG29  -4336.502023 -25856.251708   3852.476750   -607.903093  6  9  5  66       
PG30  16075.954435   6465.568414  20318.823683   -439.125463  4  5  3  88       
PG31 -23157.787931   7166.586655 -11522.617006   -227.569317  4  7  6  95       
PG32 -14620.070796 -12922.483777 -17916.289867   -608.597607  5  5  5  77       
*  2024  1 30  6 30  0.00000000
PG01  -8717.324858  20313.887612 -14816.657947    167.666209  2  4  6  77       
PG02 -14022.359449  21311.537201  -6419.646237   -493.273233  2  6  3  67       
PG03  -4736.675365  14028.224221 -22193.133357    160.095724  5  6  5  74       
PG04  -2595.000066  24487.699414  -9760.223575    278.965741  3 10  5  25       
PG05  16958.187408  -8472.601655  18466.663576   -159.876239     6  3  89       
PG06  19112.692855   -663.004713 -18405.663461    426.464284  5  5  6  52       
PG07   4707.120895  15997.639440  21065.689958    -49.698175  4  5  4  88       
PG08  -7540.538185  18936.905604  16702.665374   -164.577198  6  4  5  70       
PG09   7478.937645  25361.013092   2082.831836     75.315302  6  6  3  59       
PG10 -23918.331866 -11087.644148   4654.780915    -71.308474  4  4  5  68       
PG11  22665.890272  -9954.575641  -9533.676166   -558.176494  5  5  4   8       
PG12   6111.329171 -14031.881354 -21993.130954   -472.953878  7  7  3  96       
PG13  13315.786744 -10016.303457  20427.138638    620.757511  1  3  5  93       
PG14  21636.074295  13574.690166   7648.221180    312.255850  4  7  4  45       
PG15   5366.157250 -19864.577570  16190.206731    122.439282  3  6  5  65       
PG16 -22235.880426   1458.340290  14461.387204   -373.607378  4  6  4  68       
PG17  12397.304253  18447.233347 -14001.045654    718.508495  5  7  5  76       
PG18  -5047.440560 -14855.542557  21417.095323   -544.085108  6  7  5  74       
PG19  14803.863148   9838.584365 -20035.222520    433.586239  5  5  5  65       
PG20  25228.145692  -2029.570391   7828.696796    389.430648     5  4  70       
PG21 -16837.118379  19731.731174  -1609.491453    136.715348  3  4  4  37       
PG22  24114.112330  10744.129118    471.443947     39.665978     5  5  75       
PG23 -15578.202222 -15331.345568  15244.350225    145.566797  3  6  5  55       
PG24  14143.930705 -21572.755489  -5731.466578   -423.046667  5  3  4  50       
PG25  -6764.003899 -16879.389856 -19785.219304    486.971391  6  5  4  81       
PG26 -26179.053612  -2920.905158   4549.569682    195.434049  5  5  6  43       
PG27 -13919.143833   6109.431465  21473.489834      0.609704  2  5    106       
PG28 -17805.473510  -1909.615643 -19635.038810   -114.445902  5  4  2  87       
PG29  -4139.294775 -26159.640590    983.413447   -607.902506  6  9  5  80       
PG30  14321.739652   8023.211227  21042.797887   -439.121112  4  5  3  84       
PG31 -22180.534563   6136.076724 -13815.072381   -227.569593  4  7  6  68       
PG32 -14834.619496 -14893.501020 -16160.892729   -608.599854  5  5  5  62       
*  2024  1 30  6 45  0.00000000
PG01  -9933.939503  21234.720555 -12500.091982    167.667358  2  4  6  51       
PG02 -14633.460471  21618.669642  -3613.586338   -493.267936  2  5  3  62       
PG03  -7122.085529  13309.335488 -21986.239359    160.118366  5  6  4  74       
PG04  -3069.049002  23295.065048 -12237.450223    278.974335  3 10  6  47       
PG05  18913.003058  -7863.551484  16784.177426   -159.877288     5  3  92       
PG06  17567.057228    895.759229 -19862.918084    426.451652  5  5  5  70       
PG07   2990.479871  17490.686175  20107.843039    -49.706433  5  5  3  97       
PG08  -8263.845173  17021.197816  18369.974335   -164.578956  7  4  5 101       
PG09   7242.357845  25512.239842   -769.681677     75.326474  5  6  3  55       
PG10 -23240.390562 -11057.170754   7424.120628    -71.310036  4  4  4  70       
PG11  21871.761969  -8981.563506 -12026.908011   -558.188524  5  5  4  46       
PG12   8395.686672 -13168.567050 -21763.305829   -472.957097  7  7  3  93       
PG13  13634.380940  -7607.676008  21251.136750    620.760997  1  3  4  94       
PG14  20590.208440  13508.912502  10210.691354    312.264935  4  6  4  50       
PG15   6343.812632 -18051.573977  17845.594069    122.442730  4  6  5  86       
PG16 -23626.097034    727.605141  12229.283065   -373.600533  4  6  4  67       
PG17  12471.105889  19994.411338 -11676.411169    718.507688  5  7  5  58       
PG18  -3237.639816 -16433.203616  20582.165815   -544.093033  6  8  5  74       
PG19  15008.016108  11996.577010 -18678.882406    433.591083  5  5  5  75       
PG20  25931.124928  -1671.388089   5112.164955    389.429726     6  4  58       
PG21 -17131.851990  19568.383812   1307.201331    136.714288  3  4  4  44       
PG22  23853.469751  10934.759809   3335.784470     39.660202  1  5  5  57       
PG23 -13763.025672 -14992.782497  17189.027986    145.573761  4  6  5  77       
PG24  14712.106101 -21690.733061  -2965.604023   -423.052713  5  3  4  26       
PG25  -4569.312143 -16366.822796 -20810.890026    486.972537  6  5  3 100       
PG26 -26485.003347  -3298.921368   1805.372715    195.430630  5  5  6  70       
PG27 -14565.227530   3667.045506  21636.867534      0.606463     4  1 104       
PG28 -16264.443264  -3624.527379 -20702.908788   -114.456776  5  4  2  84       
PG29  -3907.409769 -26150.068137  -1902.689025   -607.902316  6  9  6  54       
PG30  12599.032152   9707.629808  21409.875062   -439.116758  4  6  4  91       
PG31 -21077.836190   4892.823392 -15877.158715   -227.569412  4  7  6  91       
PG32 -15100.351683 -16639.129126 -14125.953927   -608.602091  5  5  5  88       
*  2024  1 30  7  0  0.00000000
PG01 -10909.742256  22025.415291  -9968.617143    167.668537  3  5  6  63       
PG02 -15023.689777  21703.288115   -743.819734   -493.262501  3  5  3  54       
PG03  -9501.961485  12734.414923 -21405.656746    160.140965  5  6  4  83       
PG04  -3675.115970  21869.141925 -14502.449908    278.982977  4 10  6  52       
PG05  20691.102300  -7396.961668  14810.256698   -159.878086     5  3  91       
PG06  16010.908147   2646.744741 -20977.285217    426.439079  5  5  5  70       
PG07   1432.796222  18981.395838  18813.855899    -49.714843  5  5  3  88       
PG08  -9137.068464  14984.053401  19714.377024   -164.580392  7  4  5  80       
PG09   6912.266256  25369.393275  -3608.913702     75.337676  5  6  4  26       
PG10 -22266.014065 -10997.097745  10068.890314    -71.311516  4  4  4  69       
PG11  20936.481688  -7778.188989 -14312.380335   -558.200606  5  5  4  57       
PG12  10679.709630 -12440.997045 -21168.411591   -472.960490  7  7  4  76       
PG13  14091.548616  -5148.842889  21701.534702    620.764206  2  3  4  88       
PG14  19272.298697  13426.397669  12599.367435    312.274034  4  6  5  66       
PG15   7479.885116 -16129.851406  19179.772902    122.446170  4  6  4  90       
PG16 -24798.900267    155.955625   9787.931783   -373.593329  3  6  5  49       
PG17  12562.192518  21261.925680  -9144.768281    718.506582  4  7  5  62       
PG18  -1594.131220 -18024.632687  19392.114159   -544.100894  6  8  5  82       
PG19  15296.625367  13972.526907 -17009.521081    433.595958  5  6  5  76       
PG20  26338.610543  -1364.334289   2306.883527    389.428491  1  5  4  32       
PG21 -17224.889141  19156.929265   4200.083206    136.712967  4  4  4  50       
PG22  23298.426399  11035.305473   6142.047181     39.654353  2  5  5  43       
PG23 -11731.569143 -14715.511077  18840.531519    145.580804  5  6  5  82       
PG24  15084.076675 -21582.200509   -147.671234   -423.058779  5  4  4  54       
PG25  -2257.041113 -15948.446890 -21490.564664    486.973657  6  5  3  91       
PG26 -26503.703391  -3614.155975   -969.255897    195.427219  5  6  5  87       
PG27 -15334.853450   1268.670831  21418.522662      0.603283     3  3 103       
PG28 -14749.224328  -5493.566082 -21415.173564   -114.467623  5  5  2  85       
PG29  -3603.262595 -25834.964914  -4755.857077   -607.901871  7  9  6  30       
PG30  10944.071150  11490.623181  21413.126899   -439.112384  4  6  5  67       
PG31 -19891.096460   3438.441935 -17674.396236   -227.569537  4  7  6  87       
PG32 -15383.195344 -18132.983035 -11847.366968   -608.604298  6  6  5  86       
*  2024  1 30  7 15  0.00000000
PG01 -11651.147826  22642.632515  -7264.908121    167.669691  4  5  6  80       
PG02 -15220.358502  21539.261921   2139.024296   -493.257343  4  4  3  63       
PG03 -11826.708816  12306.507971 -20460.787671    160.163572  5  5  3  88       
PG04  -4433.520249  20247.462926 -16516.087100    278.991559  4  9  6  96       
PG05  22252.480007  -7053.328276  12579.673449   -159.879607     5  3  91       
PG06  14487.810356   4565.689878 -21729.125910    426.426440  5  4  5  65       
PG07     50.202925  20427.348413  17203.461556    -49.723209  5  5  3  81       
PG08 -10161.851009  12873.059009  20713.141018   -164.581178  7  4  5  75       
PG09   6455.523167  24949.259204  -6385.903112     75.348854  5  5  5  52       
PG10 -21006.546547 -10946.630685  12544.921346    -71.312779  5  4  4  76       
PG11  19902.498423  -6344.326176 -16350.618735   -558.212708  5  5  5  65       
PG12  12916.414369 -11854.863630 -20217.976041   -472.963762  7  8  4  55       
PG13  14684.817510  -2690.683781  21770.954763    620.767350  2  3  4  92       
PG14  17699.097692  13362.731939  14773.476939    312.283176  4  6  5  70       
PG15   8769.858941 -14145.934667  20168.304975    122.449529  4  6  4 101       
PG16 -25722.117253   -279.952696   7179.984125   -373.586121  3  7  5  61       
PG17  12632.456449  22234.466417  -6451.633099    718.506188  3  8  5  43       
PG18   -137.094187 -19585.543200  17866.983987   -544.108788  5  8  5  90       
PG19  15640.202549  15732.842019 -15055.390617    433.600838  4  6  5  69       
PG20  26440.444547  -1072.892109   -538.481747    389.427221  2  5  4  30       
PG21 -17150.805390  18481.327620   7016.877398    136.712135  4  4  4  51       
PG22  22449.244588  11084.207976   8841.936682     39.648692  3  5  5  73       
PG23  -9519.556327 -14528.886071  20170.349941    145.587769  5  7  6  75       
PG24  15284.927472 -21222.501878   2672.829291   -423.064831  5  4  4  43       
PG25    130.769509 -15641.819570 -21812.539796    486.974774  6  5  3 101       
PG26 -26229.709909  -3900.869544  -3727.595749    195.423806  5  6  5  89       
PG27 -16209.883299  -1038.517006  20823.739944      0.600094     2  4 113       
PG28 -13297.676930  -7486.760275 -21759.643850   -114.478454  5  6  1  95       
PG29  -3191.766942 -25230.564203  -7526.756840   -607.901319  7  8  6  73       
PG30   9388.211640  13338.136396  21051.713119   -439.107999  4  6  5  79       
PG31 -18661.858906   1782.602653 -19176.547403   -227.569482  4  7  6 102       
PG32 -15645.955402 -19356.793667  -9365.019661   -608.606497  6  6  4  74       
*  2024  1 30  7 30  0.00000000
PG01 -12172.943227  23046.577385  -4435.070619    167.670839  5  6  6  78       
PG02 -15256.420485  21107.800582   4984.688213   -493.252392  4  5  3  79       
PG03 -14047.442679  12020.295807 -19167.199151    160.186150  5  5  4  91       
PG04  -5357.369240  18472.325347 -18243.660845    279.000154  4  8  6  93       
PG05  23563.104772  -6806.663363  10131.529938   -159.881215     5  3  82       
PG06  13037.278048   6620.623344 -22105.053946    426.413840  5  4  4  88       
PG07  -1148.740705  21784.608615  15301.877436    -49.731511  5  5  3  74       
PG08 -11331.678115  10736.339573  21349.811453   -164.583266  7  4  5  82       
PG09   5843.333286  24276.299695  -9052.869147     75.360079  5  5  6  88       
PG10 -19481.691597 -10942.730919  14810.889761    -71.314586  6  4  4  82       
PG11  18813.014847  -4688.479332 -18106.439683   -558.224813  5  4  5  78       
PG12  15058.998944 -11407.869934 -18927.390624   -472.967400  7  7  4  84       
PG13  15403.398802   -283.091225  21458.848520    620.770608  2  3  4  83       
PG14  15895.066986  13350.513522  16695.815365    312.292282  4  6  5  65       
PG15  10201.061930 -12146.368787  20793.224565    122.453135  5  6  3  93       
PG16 -26370.279354   -609.071525   4450.441337   -373.579109  3  7  5  51       
PG17  12642.776729  22906.069098  -3645.054125    718.504733  3  8  4  37       
PG18   1121.574758 -21069.878609  16032.696656   -544.116730  5  8  5  84       
PG19  16004.495168  17250.744635 -12849.335402    433.605616  4  7  4  78       
PG20  26235.275496   -760.596948  -3374.475813    389.425601  2  5  5  46       
PG21 -16948.299789  17534.159853   9707.523384    136.710861  4  5  4  66       
PG22  21314.972556  11119.998898  11389.549304     39.643022  4  5  5  67       
PG23  -7168.522452 -14455.998803  21155.362853    145.594796  4  6  6  77       
PG24  15344.864684 -20594.178135   5445.860305   -423.070911  5  4  3  55       
PG25   2549.223974 -15457.268527 -21770.841688    486.975909  7  5  2  87       
PG26 -25665.608540  -4193.860585  -6423.341000    195.420416  5  6  5  86       
PG27 -17165.070478  -3211.727346  19864.487782      0.596984        4 119       
PG28 -11942.475021  -9567.904652 -21730.433385   -114.489330  5  6  2  88       
PG29  -2641.899321 -24361.240659 -10167.560038   -607.900340  7  8  6  52       
PG30   7956.845053  15211.385303  20330.948137   -439.103607  5  6  5  71       
PG31 -17430.279622    -57.123848 -20358.090376   -227.569566  3  7  6  90       
PG32 -15849.881241 -20300.898589  -6722.063197   -608.608693  7  6  4  82       
*  2024  1 30  7 45  0.00000000
PG01 -12497.598404  23202.660187  -1527.881536    167.672001  5  6  6  70       
PG02 -15168.938277  20398.214521   7744.188616   -493.247225  5  5  2  59       
PG03 -16117.681601  11862.366235 -17546.402259    160.208693  5  5  4  76       
PG04  -6451.873475  16589.224879 -19655.504484    279.008779  5  7  6  80       
PG05  24596.104941  -6625.702387   7508.537312   -159.882017     5  3  80       
PG06  11693.312263   8772.908924 -22098.196495    426.401213  5  4  4  82       
PG07  -2163.280431  23009.315181  13139.541031    -49.739813  5  5  3  75       
PG08 -12632.035901   8620.807959  21614.439978   -164.584187  7  4  5  71       
PG09   5052.551174  23381.654862 -11564.033796     75.371254  4  5  6  70       
PG10 -17718.883612 -11018.596642  16828.942478    -71.315870  6  4  4  62       
PG11  17710.295161  -2827.654118 -19549.562862   -558.236897  5  3  5  83       
PG12  17062.434934 -11089.892589 -17317.709379   -472.970780  7  7  3  62       
PG13  16228.589637   2026.798718  20771.459816    620.773867  2  3  4  74       
PG14  13891.607536  13417.975500  18333.371800    312.301431  4  5  5  60       
PG15  11753.008379 -10175.945543  21043.416631    122.456590  5  6  3  92       
PG16 -26725.479814   -864.617164   1645.878486   -373.571841  3  7  5  44       
PG17  12554.743234  23280.131945   -774.668082    718.503827  3  7  4  43       
PG18   2178.555208 -22431.538167  13920.628776   -544.124637  5  8  5  76       
PG19  16351.854716  18507.092941 -10428.279657    433.610345  5  7  4  66       
PG20  25730.613328   -391.673073  -6151.740189    389.424452  3  5  5  70       
PG21 -16658.386823  16316.950679  12225.136009    136.709910  5  5  4  62       
PG22  19913.102804  11179.637419  13742.117563     39.637174  4  5  5  76       
PG23  -4724.423311 -14512.708545  21778.253168    145.601699  4  6  6  65       
PG24  15297.873581 -19687.877302   8121.813460   -423.076984  5  4  3  63       
PG25   4952.032151 -15397.489203 -21365.355641    486.977015  7  4  2  96       
PG26 -24821.930440  -4526.971639  -9011.320035    195.417020  5  7  5  88       
PG27 -18169.078194  -5214.000671  18559.089749      0.593724  2     5  97       
PG28 -10709.948953 -11695.780433 -21328.057084   -114.500193  5  6  2  74       
PG29  -1928.101466 -23258.545736 -12632.777492   -607.900162  7  7  6  73       
PG30   6668.547270  17068.178193  19262.270647   -439.099256  5  6  5  80       
PG31 -16233.656855  -2055.708389 -21198.634576   -227.569662  3  7  6  83       
PG32 -15956.289274 -20964.405615  -3964.141780   -608.610924  7  6  4  94       
*  2024  1 30  8  0  0.00000000
PG01 -12654.263628  23082.990224   1406.051818    167.673120  6  7  6  81       
PG02 -14997.428512  19408.352262  10370.651765   -493.241987  5  5  2  67       
PG03 -17994.965585  11811.804183 -15625.533191    160.231243  5  5  4  90       
PG04  -7713.978896  14645.180423 -20727.490824    279.017431  5  6  6  75       
PG05  25332.679046  -6475.315279   4756.241588   -159.883852  1  4  3  82       
PG06  10483.161155  10978.560150 -21708.340039    426.388587  5  3  3  94       
PG07  -3000.405386  24059.316286  10751.745718    -49.748242  4  5  4  88       
PG08 -14040.896942   6570.490159  21503.683282   -164.586903  7  5  6  77       
PG09   4066.764695  22301.903058 -13876.401961     75.382467  4  6  7  61       
PG10 -15752.389122 -11202.291823  18565.273077    -71.316815  7  5  4  94       
PG11  16634.023706   -786.898272 -20655.135981   -558.248977  5  2  5  76       
PG12  18885.011045 -10883.444327 -15415.363547   -472.973885  7  7  3  53       
PG13  17134.503825   4196.250847  19721.655452    620.777196  3  2  4  61       
PG14  11726.033778  13587.780581  19657.891464    312.310495  4  5  5  74       
PG15  13398.086210  -8276.015912  20914.833079    122.460427  5  5  4  88       
PG16 -26777.950576  -1082.591352  -1186.325264   -373.564496  3  7  5  82       
PG17  12332.333614  23369.066971   2109.244164    718.503283  3  7  4  66       
PG18   3039.057401 -23626.125426  11567.086513   -544.132564  5  8  5  71       
PG19  16642.737350  19490.931373  -7832.661086    433.615164  5  8  4  69       
PG20  24942.546436     67.352844  -8821.901761    389.422697  4  5  5  64       
PG21 -16322.552702  14840.115590  14526.833052    136.708525  5  5  4  64       
PG22  18268.923621  11296.948906  15860.666231     39.631489  5  5  5  80       
PG23  -2236.074256 -14706.957970  22027.829060    145.608769  4  6  5  84       
PG24  15180.207316 -18502.950980  10652.495510   -423.083071  5  4  3  74       
PG25   7293.031399 -15457.427363 -20601.880881    486.978145  7  4  1  84       
PG26 -23716.790806  -4931.639114 -11448.192071    195.413641  5  7  5  93       
PG27 -19185.739292  -7015.400007  16931.783022      0.590578  4  2  6  94       
PG28  -9619.183528 -13825.575132 -20559.421372   -114.511043  5  7  2  72       
PG29  -1031.465208 -21959.979309 -14880.045129   -607.899308  7  7  6  67       
PG30   5534.488386  18864.387950  17863.112666   -439.094886  5  5  5  79       
PG31 -15105.068779  -4181.379604 -21683.272953   -227.569595  2  7  6  99       
PG32 -15928.177274 -21355.028934  -1138.597693   -608.613143  7  6  5  27       
*  2024  1 30  8 15  0.00000000
PG01 -12677.487249  22667.636515   4315.199715    167.674236  6  7  5  68       
PG02 -14782.156960  18144.707669  12820.069793   -493.237014  5  6  1  66       
PG03 -19642.337779  11841.082199 -13436.938215    160.253785  4  5  4  90       
PG04  -9132.330164  12687.015865 -21441.434607    279.026122  5  5  5  91       
PG05  25762.698762  -6318.062976   1922.212823   -159.884709  2  4  2  81       
PG06   9426.352894  13189.775539 -20941.957163    426.376007  5  3  3  90       
PG07  -3674.485096  24895.791500   8178.171730    -49.756741  4  4  4  57       
PG08 -15529.508371   4624.991498  21020.775014   -164.587365  7  5  7  57       
PG09   2877.115158  21077.629122 -15950.486503     75.393640  4  6  7  70       
PG10 -13622.169446 -11515.570777  19990.642053    -71.316965  7  5  4  86       
PG11  15619.778552   1401.470797 -21404.162867   -558.261121  5  2  6  84       
PG12  20489.773367 -10764.423115 -13251.791828   -472.977375  6  6  3  69       
PG13  18089.097285   6188.385433  18328.631132    620.780349  3  2  4  70       
PG14   9440.327843  13876.034090  20646.366023    312.319578  4  5  5  47       
PG15  15102.557008  -6482.964462  20410.541681    122.463984  5  6  4  90       
PG16 -26526.345128  -1300.222863  -3998.739046   -373.557461  3  8  4  91       
PG17  11943.474771  23193.609632   4956.679513    718.501786  4  7  5  74       
PG18   3716.438172 -24612.650456   9012.684504   -544.140488  5  8  5  74       
PG19  16837.284714  20199.751176  -5105.815958    433.620000  5  8  3  86       
PG20  23895.131291    646.127337 -11338.446324    389.421702  4  5  5  74       
PG21 -15980.959933  13122.551685  16574.418982    136.707235  5  5  4  90       
PG22  16414.597618  11501.221012  17710.575181     39.625961  5  5  4  77       
PG23    246.523800 -15038.400977  21899.248024    145.615785  4  6  5  73       
PG24  15028.770126 -17047.702800  12992.110580   -423.089138  5  4  3  82       
PG25   9527.717551 -15624.454446 -19492.107003    486.979262  7  4     81       
PG26 -22375.263943  -5435.538172 -13693.113836    195.410240  5  8  4  95       
PG27 -20175.501214  -8593.906700  15012.180204      0.587344  5  2  7  86       
PG28  -8681.405384 -15910.448170 -19437.706926   -114.521714  5  7  2  74       
PG29     59.346353 -20507.546967 -16870.848736   -607.898874  7  7  6  80       
PG30   4558.129597  20555.521703  16156.665780   -439.090524  5  5  5  62       
PG31 -14072.168020  -6396.593563 -21802.865171   -227.569884  2  7  6  88       
PG32 -15731.769100 -21488.609613   1706.334108   -608.615376  6  6  5   4       
*  2024  1 30  8 30  0.00000000
PG01 -12605.700945  21945.596136   7148.067628    167.675316  6  7  6  94       
PG02 -14562.451462  16622.204188  15051.969432   -493.231626  5  6     63       
PG03 -21029.632949  11917.219869 -11017.665995    160.276352  4  5  5  98       
PG04 -10687.565473  10759.666025 -21785.386384    279.034770  6  5  4  85       
PG05  25884.985097  -6115.836596   -944.786821   -159.886190  3  4  2  84       
PG06   8534.040337  15356.635445 -19812.112110    426.363377  5  3  4  74       
PG07  -4206.608235  25484.797107   5462.309883    -49.765000  3  4  4  64       
PG08 -17063.445945   2818.161469  20175.377835   -164.590342  7  6  7  76       
PG09   1482.823449  19751.857140 -17750.966699     75.404828  4  6  7  86       
PG10 -11372.543700 -11972.939834  21080.836554    -71.317774  7  5  5  85       
PG11  14697.679531   3698.921791 -21783.827589   -558.273183  6  2  6  74       
PG12  21845.809381 -10703.124251 -10862.987070   -472.980412  6  6  3  24       
PG13  19055.442998   7973.387509  16617.502898    620.783668  3  1  4  47       
PG14   7079.718760  14291.553966  21281.443086    312.328736  4  4  6  74       
PG15  16827.822190  -4826.913005  19540.608743    122.467530  5  5  4  88       
PG16 -25977.724620  -1554.387234  -6744.607066   -373.550001  4  8  4  85       
PG17  11361.428375  22781.824963   7718.793293    718.500854  4  6  5  38       
PG18   4231.492128 -25355.117679   6301.639675   -544.148336  5  7  5  81       
PG19  16896.929641  20639.451887  -2293.321082    433.624786  6  8  3  66       
PG20  22619.478555   1369.097603 -13657.558814    389.420263  4  5  4  76       
PG21 -15670.775244  11190.907028  18334.920807    136.706235  5  5  3  82       
PG22  14388.009481  11816.005200  19262.047362     39.620017  6  5  4  73       
PG23   2673.909365 -15498.359766  21394.137200    145.622767  4  6  5  81       
PG24  14879.465735 -15339.269983  15098.210222   -423.095206  6  4  2  75       
PG25  11614.732474 -15878.834096 -18053.507847    486.980517  7  4     73       
PG26 -20828.517406  -6061.370481 -15708.369844    195.406838  5  8  4 100       
PG27 -21096.994079  -9935.993549  12834.652005      0.584129  6  3  8  75       
PG28  -7899.682619 -17903.183141 -17982.145674   -114.532581  5  6  2  78       
PG29   1347.476640 -18946.160447 -18571.175331   -607.897928  8  7  6  88       
PG30   3735.222385  22098.329838  14171.544021   -439.086226  5  5  5  61       
PG31 -13156.177280  -8659.226637 -21554.245567   -227.569951  2  7  6  97       
PG32 -15337.932533 -21388.343624   4522.328833   -608.617535  6  5  6  75       
*  2024  1 30  8 45  0.00000000
PG01 -12479.531963  20915.421631   9854.182408    167.676447  5  6  5  48       
PG02 -14375.096188  14863.674914  17029.988959   -493.226331  6  6     81       
PG03 -22134.522176  12003.170334  -8408.872605    160.298905  3  5  5  83       
PG04 -12352.930182   8904.572348 -21753.814214    279.043402  6  5  3  93       
PG05  25707.251491  -5831.514529  -3795.640991   -159.887446  4  3  3  70       
PG06   7808.684346  17428.894562 -18338.245449    426.350803  5  3  4  96       
PG07  -4623.638419  25798.670203   2650.779204    -49.773430  3  3  4  43       
PG08 -18603.887989   1177.004980  18983.324655   -164.592863  7  6  7  69       
PG09   -108.596969  18368.408702 -19247.270317     75.416005  5  6  7  87       
PG10  -9050.697620 -12580.989925  21817.064632    -71.318443  7  5  4  79       
PG11  13891.263081   6062.007920 -21787.709357   -558.285250  6  3  6  82       
PG12  22929.326876 -10665.481989  -8288.961369   -472.983988  6  5  3  76       
PG13  19993.200783   9529.426716  14618.796539    620.787040  4  2  4  68       
PG14   4691.138314  14835.427402  21551.747124    312.337854  4  4  6  77       
PG15  18531.896113  -3330.708533  18321.822941    122.471206  5  5  5  86       
PG16 -25147.254214  -1880.060391  -9378.543379   -373.543087  4  8  4  87       
PG17  10565.949904  22167.858836  10348.723041    718.499764  4  5  5  30       
PG18   4611.445322 -25823.935087   3480.992517   -544.156242  6  7  5  78       
PG19  16785.970315  20824.004031    557.701503    433.629550  6  8  3  28       
PG20  21152.572269   2254.347327 -15738.912912    389.419122  4  5  4  47       
PG21 -15424.683979   9078.574702  19780.979008    136.705083  5  5  4  90       
PG22  12231.431164  12258.161634  20490.482876     39.614105  6  5  4  79       
PG23   4998.871616 -16070.115732  20520.605437    145.629759  4  5  5  83       
PG24  14765.585420 -13403.136783  16932.582544   -423.101279  6  4  2  84       
PG25  13517.255520 -16194.468621 -16309.148756    486.981648  7  4  1  66       
PG26 -19112.735491  -6825.837812 -17459.960039    195.403477  5  8  4 112       
PG27 -21908.657442 -11036.862374  10437.648331      0.580914  7  4  8  46       
PG28  -7268.947704 -19757.864210 -16217.695540   -114.543471  5  6  3  75       
PG29   2827.575661 -17321.944150 -19952.080833   -607.897229  8  7  5  87       
PG30   3054.113849  23452.393214  11941.344713   -439.081857  5  4  5  73       
PG31 -12371.124776 -10923.953383 -20940.349431   -227.570154  2  7  6 104       
PG32 -14723.418932 -21083.750636   7261.760261   -608.619627  6  6  7  86       
*  2024  1 30  9  0  0.00000000
PG01 -12340.011809  19585.472627  12385.083060    167.677585  5  6  5  86       
PG02 -14252.863874  12899.067328  18722.362344   -493.221038  6  6     73       
PG03 -22943.271480  12059.382614  -5655.146409    160.321535  3  5  5  70       
PG04 -14095.184210   7158.229664 -21347.671836    279.052076  5  5  2  94       
PG05  25245.720241  -5430.573291  -6581.708755   -159.888972  4  4  3           
PG06   7244.088960  19357.799719 -16545.840772    426.338208  5  3  4  77       
PG07  -4957.015355  25817.228434   -207.456134    -49.781895  3  3  4  21       
PG08 -20109.055840   -279.123559  17466.259777   -164.593342  6  6  7  63       
PG09  -1881.447173  16970.249731 -20414.071093     75.427147  5  6  6  82       
PG10  -6705.088963 -13338.025420  22186.278847    -71.320297  7  5  4  73       
PG11  13216.627163   8443.857775 -21415.884954   -558.297321  7  4  7  71       
PG12  23724.484849 -10614.498064  -5573.133033   -472.987322  5  4  3  63       
PG13  20860.220473  10843.256455  12367.849134    620.790206  4  2  4  72       
PG14   2321.610405  15500.873369  21452.104926    312.347043  4  4  6  86       
PG15  20171.018041  -2009.235381  16777.273403    122.474666  5  5  5  66       
PG16 -24057.625532  -2308.858837 -11857.189819   -373.536069  5  8  3  91       
PG17   9544.182155  21390.490718  12802.343321    718.499082  5  4  5  59       
PG18   4888.691153 -25997.087268    599.770438   -544.164114  5  6  5  73       
PG19  16473.056795  20774.823121   3399.310819    433.634281  6  7  3  75       
PG20  19535.869793   3312.688713 -17546.393891    389.417638  5  5  4  23       
PG21 -15269.640529   6824.465361  20891.102128    136.703662  5  4  4  80       
PG22   9990.056641  12837.174948  21376.762036     39.608483  6  5  3  76       
PG23   7178.082754 -16729.526003  19293.144164    145.636757  4  5  5  81       
PG24  14716.309860 -11272.296796  18462.052858   -423.107348  6  4  2  89       
PG25  15204.247702 -16539.904160 -14287.403661    486.982768  6  4  2  58       
PG26 -17267.869193  -7738.838376 -18918.138668    195.400097  5  8  3  97       
PG27 -22570.361707 -11900.346677   7862.974789      0.577653  8  4  9           
PG28  -6776.342374 -21431.513037 -14174.618029   -114.554370  5  6  3  75       
PG29   4485.832817 -15680.513644 -20990.165578   -607.896677  8  7  5 102       
PG30   2496.350103  24581.626583   9504.110931   -439.077424  5  4  4  71       
PG31 -11723.351086 -13143.763913 -19970.251159   -227.570482  2  7  5 102       
PG32 -13871.881005 -20609.425248   9878.464098   -608.621721  5  6  7  63       
*  2024  1 30  9 15  0.00000000
PG01 -12226.757909  17973.773114  14695.290224    167.678728  5  6  5  76       
PG02 -14223.234512  10764.409588  20102.312201   -493.215977  6  6  1  74       
PG03 -23451.182212  12045.480601  -2803.762032    160.344130  4  5  5  76       
PG04 -15875.766839   5550.938810 -20574.354058    279.060649  5  5  2  86       
PG05  24524.430792  -4882.591009  -9255.632765   -159.889455  4  4  3  37       
PG06   6825.787451  21097.861124 -14465.978906    426.325610  5  3  5  68       
PG07  -5241.342687  25528.706894  -3061.960200    -49.789867  2  2  4  41       
PG08 -21535.762690  -1539.018998  15651.191776   -164.594143  6  7  7  68       
PG09  -3812.264870  15597.888673 -21231.695134     75.438275  5  6  6  79       
PG10  -4383.804158 -14234.005092  22181.423929    -71.321488  7  5  4  81       
PG11  12681.878763  10795.801178 -20674.917570   -558.309444  7  5  7  73       
PG12  24223.941148 -10511.806309  -2761.640717   -472.990768  5  4  3  49       
PG13  21614.213184  11910.474751   9904.137872    620.793399  5  3  4  63       
PG14     16.633859  16273.418974  20983.669820    312.356170  4  3  6  86       
PG15  21701.330055   -869.074871  14935.799740    122.478359  6  5  5  62       
PG16 -22738.228990  -2867.714663 -14139.833546   -373.528513  5  8  3  83       
PG17   8291.256293  20491.549144  15038.943013    718.497872  5  3  5  64       
PG18   5099.319218 -25861.023925  -2291.890455   -544.172007  5  5  5  64       
PG19  15932.535841  20519.874758   6183.497073    433.639012  5  7  4  49       
PG20  17813.739101   4547.047850 -19048.740269    389.416957  5  5  4  78       
PG21 -15225.890181   4471.616192  21649.797465    136.702730  5  4  4  82       
PG22   7710.460209  13554.757997  21907.441590     39.602690  6  4  3  83       
PG23   9173.588430 -17445.944639  17732.415933    145.643762  4  4  4  87       
PG24  14755.394217  -8986.098935  19659.170959   -423.113410  6  4  2  91       
PG25  16651.500580 -16879.563506 -12021.579380    486.983918  6  4  2  57       
PG26 -15336.255554  -8802.915726 -20057.898187    195.396732  5  8  3 102       
PG27 -23044.962986 -12538.492695   5155.040508      0.574418  8  5  9  47       
PG28  -6401.870930 -22885.623989 -11887.965295   -114.565225  4  6  3  61       
PG29   6300.340005 -14065.292403 -21667.951219   -607.896028  8  7  4  95       
PG30   2037.557593  25455.637883   6901.701692   -439.073083  5  4  4  74       
PG31 -11211.310472 -15271.568866 -18659.108060   -227.570597  3  6  5 106       
PG32 -12774.633525 -20003.618894  12328.466825   -608.623729  4  6  8  63       
*  2024  1 30  9 30  0.00000000
PG01 -12176.208074  16107.473834  16743.227589    167.679868  5  6  5  92       
PG02 -14307.339913   8500.581269  21148.355002   -493.210767  6  6  3  82       
PG03 -23662.692892  11921.993825     96.125323    160.366729  4  5  5  52       
PG04 -17652.173005   4105.811281 -19447.542065    279.069277  5  5  1  94       
PG05  23574.269460  -4162.587552 -11772.114023   -159.890951  4  4  3  60       
PG06   6531.763877  22608.506751 -12134.787669    426.312996  5  3  4  49       
PG07  -5512.816192  24930.381868  -5861.773402    -49.798414  2  2  4  68       
PG08 -22841.010437  -2599.805154  13569.970492   -164.595764  5  7  7  20       
PG09  -5870.544572  14287.886214 -21686.431342     75.449471  6  6  6  66       
PG10  -2132.923310 -15250.801020  21801.603067    -71.322782  7  5  3  88       
PG11  12286.904468  13069.067422 -19577.732883   -558.321484  8  5  7  79       
PG12  24429.091043 -10319.315746     97.407887   -472.994159  5  4  2  72       
PG13  22214.424278  12735.443111   7270.551793    620.796836  5  3  4  59       
PG14  -2181.380323  17131.385801  20153.940208    312.365250  4  3  5  82       
PG15  23080.547253     91.481504  12831.335155    122.481882  7  5  5  49       
PG16 -21224.106711  -3577.728325 -16188.981481   -373.521389  5  8  2 104       
PG17   6810.585757  19514.253187  17021.819722    718.497357  5  3  5  44       
PG18   5281.496727 -25411.227019  -5143.647502   -544.179920  5  5  5  91       
PG19  15145.603668  20092.540044   8862.947597    433.643539  5  6  4  48       
PG20  16031.796553   5952.168258 -20220.091904    389.415087  5  6  3  84       
PG21 -15306.284093   2065.695176  22047.592701    136.701430  5  4  5  82       
PG22   5439.032407  14404.750520  22074.868977     39.596973  6  4  3  94       
PG23  10954.097756 -18183.415279  15864.931548    145.650813  4  4  4  77       
PG24  14900.097329  -6588.827929  20502.764279   -423.119429  5  5  3  88       
PG25  17842.446969 -17175.165960  -9549.445905    486.985047  6  5  2  64       
PG26 -13361.153935 -10012.981947 -20859.391900    195.393354  5  7  3 105       
PG27 -23299.735248 -12970.843394   2360.091631      0.571152  9  7 10  57       
PG28  -6119.336526 -24087.539067  -9396.984873   -114.576084  4  5  3  73       
PG29   8241.769955 -12515.930769 -21974.154407   -607.895413  8  7  4  80       
PG30   1648.570350  26050.887328   4179.078709   -439.068701  5  4  4  55       
PG31 -10825.679984 -17261.835081 -17028.004293   -227.570916  3  6  5 105       
PG32 -11431.131682 -19306.705953  14570.671823   -608.625815  4  6  8  53       
*  2024  1 30  9 45  0.00000000
PG01 -12219.986828  14021.937965  18492.068940    167.681068  5  6  5  81       
PG02 -14519.164086   6151.935603  21844.523197   -493.205741  7  5  4  85       
PG03 -23591.135106  11652.071767   2994.331955    160.389358  4  5  5  66       
PG04 -19379.487399   2838.061954 -17986.943150    279.077870  5  6  2  84       
PG05  22431.759748  -3252.152330 -14088.642653   -159.892533  4  5  2  52       
PG06   6333.480965  23855.554021  -9592.797580    426.300382  6  4  4  48       
PG07  -5807.556582  24028.842778  -8556.414477    -49.806768  3  2  4  29       
PG08 -23983.574239  -3466.795765  11258.700582   -164.596530  5  7  7  68       
PG09  -8019.728017  13071.531915 -21770.742515     75.460618  6  6  6  80       
PG10      5.048559 -16362.770615  21052.157349    -71.324152  7  5  3  79       
PG11  12023.471957  15216.490708 -18143.385222   -558.333524  8  6  7  67       
PG12  24349.981834 -10000.869586   2954.743101   -472.997320  5  4  2  57       
PG13  22623.243301  13330.873007   4512.622037    620.799694  6  4  3  13       
PG14  -4234.557541  18046.670389  18976.669485    312.374366  5  3  5  85       
PG15  24269.549697    882.075870  10502.165801    122.485500  7  5  5           
PG16 -19554.722601  -4453.235939 -17970.889439   -373.514286  6  8  2  91       
PG17   5113.850122  18501.542698  18718.788702    718.496291  6  3  5  68       
PG18   5473.768488 -24652.432894  -7905.859126   -544.187838  5  4  5  75       
PG19  14101.221650  19530.279412  11391.819441    433.648342  5  5  4  67       
PG20  14235.211902   7514.644173 -21040.434520    389.413925  4  6  3  76       
PG21 -15515.896384   -346.541870  22080.964153    136.699805  5  3  5  85       
PG22   3220.446229  15373.310104  21877.219652     39.591201  6  4  3  73       
PG23  12496.021440 -18902.090718  13722.618890    145.657760  4  4  3  76       
PG24  15160.403658  -4128.083452  20978.341343   -423.125443  5  5  4  81       
PG25  18768.697468 -17387.284872  -6912.673477    486.986194  6  5  2  33       
PG26 -11385.250094 -11356.328042 -21308.288802    195.389992  5  7  3 110       
PG27 -23307.630199 -13223.459505   -474.556856      0.567912  9  7 10  52       
PG28  -5897.524113 -25011.609916  -6744.451699   -114.586971  3  5  3  65       
PG29  10274.342881 -11066.886585 -21903.854506   -607.894742  8  7  4  77       
PG30   1296.760315  26351.597035   1383.521241   -439.064360  5  4  4  47       
PG31 -10549.778716 -19072.191828 -15103.690542   -227.571038  3  5  5  93       
PG32  -9849.151528 -18559.590239  16567.495508   -608.627941  4  7  8  63       
*  2024  1 30 10  0  0.00000000
PG01 -12383.477645  11759.486624  19910.486255    167.682252  5  6  4  81       
PG02 -14865.019914   3764.822712  22180.509440   -493.200645  7  5  4  78       
PG03 -23258.149814  11203.112862   5840.529093    160.411962  5  5  5  87       
PG04 -21012.017158   1754.614484 -16217.930910    279.086551  5  5  2  75       
PG05  21137.660398  -2140.319334 -16166.175361   -159.893666  4  5  3  42       
PG06   6197.172573  24812.440264  -6884.216102    426.287839  6  4  4  37       
PG07  -6159.919209  22839.888550 -11096.910803    -49.814903  2  2  4  57       
PG08 -24925.516729  -4153.048469   8757.103805   -164.599201  5  7  7           
PG09 -10218.427255  11973.736497 -21483.375251     75.471825  6  5  5  89       
PG10   1992.627046 -17537.626108  19944.653101    -71.325929  6  5  4  83       
PG11  11875.657290  17194.157479 -16396.718542   -558.345616  8  6  7  67       
PG12  24004.900728  -9523.854823   5760.783932   -473.000685  6  3  2  86       
PG13  22807.690291  13717.102072   1677.725699    620.803160  6  5  3  26       
PG14  -6110.837795  18985.791357  17471.666163    312.383436  5  3  5  75       
PG15  25233.831999   1519.610265   7990.130291    122.488892  7  5  5  37       
PG16 -17772.590971  -5501.121028 -19456.043897   -373.507161  6  8  1 113       
PG17   3220.676990  17494.457513  20102.605969    718.495701  6  3  4  70       
PG18   5713.344976 -23598.499974 -10530.479277   -544.195751  4  4  5  96       
PG19  12796.757117  18873.140960  13726.508248    433.652970  5  5  4  58       
PG20  12467.048128   9213.281543 -21495.933229    389.412309  4  6  3  82       
PG21 -15851.941287  -2718.787377  21752.187095    136.698577  5  3  6  91       
PG22   1096.203557  16439.383989  21318.462272     39.585782  6  4  3  80       
PG23  13784.215816 -19559.825129  11342.288949    145.664765  4  3  3  67       
PG24  15538.571811  -1653.031544  21078.335980   -423.131444  5  5  5  89       
PG25  19430.275710 -17476.985967  -4156.179665    486.987276  6  5  2  61       
PG26  -9449.180792 -12812.924956 -21396.054012    195.386587  5  7  3 107       
PG27 -23048.323284 -13327.719459  -3301.280149      0.564634  9  8 10  73       
PG28  -5701.584130 -25640.102236  -3975.938342   -114.597833  4  4  3  72       
PG29  12357.043880  -9746.220167 -21458.554337   -607.893982  8  7  4  86       
PG30    947.518443  26350.371188  -1436.216840   -439.060024  5  5  4  52       
PG31 -10360.287904 -20664.946074 -12918.216732   -227.571002  3  5  5 103       
PG32  -8044.667675 -17802.109660  18285.447152   -608.630112  4  7  8  70       
*  2024  1 30 10 15  0.00000000
PG01 -12684.665970   9367.857380  20973.277354    167.683468  5  6  4  92       
PG02 -15343.313304   1386.064244  22151.738108   -493.195413  7  5  5  90       
PG03 -22692.784280  10548.241556   8585.141074    160.434580  5  5  5  53       
PG04 -22504.960681    854.031873 -14171.093392    279.095166  6  5  2  86       
PG05  19735.424350   -824.158623 -17969.751554   -159.894848  4  5  2  74       
PG06   6085.348066  25461.163235  -4056.134853    426.275219  6  4  4  40       
PG07  -6600.857505  21388.042063 -13436.827676    -49.823573  2  2  4  52       
PG08 -25633.577917  -4678.634166   6107.841649   -164.600298  5  6  6  63       
PG09 -12421.834460  11012.180155 -20829.368124     75.483063  5  5  5  78       
PG10   3798.616522 -18737.574972  18496.772313    -71.327484  6  5  4  74       
PG11  11820.580229  18962.932815 -14367.928657   -558.357743  8  6  7  72       
PG12  23419.646198  -8860.696823   8466.517853   -473.004106  6  3  1  83       
PG13  22740.724044  13921.093097  -1185.722414    620.806461  6  5  3  50       
PG14  -7785.033149  19911.164850  15664.484996    312.392543  5  3  5  75       
PG15  25944.755613   2027.293727   5339.782728    122.492560  8  5  5  38       
PG16 -15921.808904  -6720.393338 -20619.594156   -373.500068  6  8  1 109       
PG17   1158.039851  16530.621407  21151.306934    718.494664  7  4  4  78       
PG18   6034.448494 -22271.927397 -12971.920323   -544.203632  4  4  5  89       
PG19  11238.320036  18162.166224  15826.401838    433.657800  5  4  4  76       
PG20  10766.701582  11019.771338 -21579.150219    389.411412  4  6  4  76       
PG21 -16303.978766  -5006.661679  21069.122414    136.697334  5  3  6  95       
PG22   -896.692002  17575.442169  20408.255989     39.579619  6  4  3  81       
PG23  14812.401758 -20113.876929   8765.006985    145.671765  4  3  4  66       
PG24  16029.026904    787.392806  20802.189031   -423.137444  5  5  6  89       
PG25  19835.535822 -17407.483742  -1327.392633    486.988303  5  5  2  63       
PG26  -7590.131989 -14356.008792 -21120.148080    195.383202  5  7  4 107       
PG27 -22509.012940 -13318.945988  -6072.884452      0.561345 10  8 10  89       
PG28  -5494.563144 -25963.807661  -1139.035573   -114.608715  4  4  2  71       
PG29  14445.044422  -8574.647773 -20646.134538   -607.893482  8  7  4  67       
PG30    565.826811  26048.498079  -4230.791249   -439.055666  4  5  4  42       
PG31 -10228.250392 -22008.446305 -10508.457325   -227.571345  4  4  4  97       
PG32  -6041.433359 -17071.495981  19695.646761   -608.632281  5  7  8  71       
*  2024  1 30 10 30  0.00000000
PG01 -13133.305226   6898.442997  21661.855652    167.684675  6  6  4  82       
PG02 -15944.597162   -938.570540  21759.368894   -493.190294  7  4  5  89       
PG03 -21930.303208   9667.571913  11180.240537    160.457203  5  5  5  49       
PG04 -23816.049242    126.772330 -11881.697810    279.103786  6  5  1  76       
PG05  18269.575983    690.936046 -19469.041220   -159.896181  4  5  2  82       
PG06   5958.447345  25792.894882  -1157.685705    426.262556  6  5  4  58       
PG07  -7156.417356  19705.695358 -15533.264796    -49.831665  3  2  4  63       
PG08 -26080.392631  -5069.653338   3355.809181   -164.602499  5  6  6  58       
PG09 -14583.265967  10196.747629 -19819.958891     75.494264  5  5  5  86       
PG10   5399.151502 -19920.694191  16732.102184    -71.328878  6  4  4  73       
PG11  11829.417931  20489.807909 -12092.034871   -558.369852  8  5  7  74       
PG12  22626.506203  -7990.175901  11024.393035   -473.007732  6  3     85       
PG13  22402.325932  13975.198299  -4029.076913    620.809700  7  5  4  44       
PG14  -9239.622008  20782.560292  13586.012045    312.401614  5  3  4  78       
PG15  26380.559888   2433.458443   2597.541118    122.495999  8  5  5  39       
PG16 -14046.540261  -8102.049558 -21441.732195   -373.492597  6  8  1 102       
PG17  -1040.601605  15642.880828  21848.463043    718.493535  7  4  4  78       
PG18   6466.784878 -20703.044367 -15187.866922   -544.211536  4  3  5  76       
PG19   9440.776548  17437.751640  17654.605700    433.662623  6  4  4  74       
PG20   9168.503179  12899.647277 -21289.144441    389.409898  4  6  4  81       
PG21 -16854.389331  -7169.092128  20044.952067    136.696003  5  2  6  97       
PG22  -2726.894403  18748.445082  19161.783342     39.574029  6  4  3  81       
PG23  15583.240208 -20522.654859   6035.379158    145.678806  4  3  4  82       
PG24  16618.596953   3146.252251  20156.270490   -423.143439  6  5  6  82       
PG25  20000.757711 -17145.749599   1524.559957    486.989420  5  5  3  76       
PG26  -5840.562296 -15952.933711 -20484.138623    195.379816  5  6  4 103       
PG27 -21684.949470 -13234.911177  -8743.322165      0.558054 10  9  9  88       
PG28  -5239.021828 -25982.339279   1717.463567   -114.619601  4  3  2  61       
PG29  16491.273991  -7564.887617 -19480.703639   -607.892814  9  6  4  78       
PG30    117.857050  25455.918437  -6951.174331   -439.051329  5  5  4  70       
PG31 -10120.315903 -23078.237909  -7915.531505   -227.571410  4  3  4  81       
PG32  -3870.277993 -16400.944373  20774.275860   -608.634508  5  7  8  71       
*  2024  1 30 10 45  0.00000000
PG01 -13730.442375   4404.388052  21964.589596    167.685892  6  6  4  93       
PG02 -16651.909174  -3165.838668  21010.236495   -493.185011  7  4  6 101       
PG03 -21010.759967   8549.204223  13580.422218    160.479860  5  5  5  51       
PG04 -24907.099544   -444.241712  -9389.081539    279.112418  7  5     81       
PG05  16784.066111   2391.272842 -20638.818741   -159.897413  5  5  2  77       
PG06   5776.579283  25808.244950   1760.837320    426.249903  5  5  4  30       
PG07  -7846.435506  17831.917664 -17347.787465    -49.840070  3  2  4  78       
PG08 -26245.494300  -5357.038797    547.410166   -164.604552  5  6  5  61       
PG09 -16655.783269   9529.270101 -18472.392692     75.505408  5  5  5  88       
PG10   6778.468519 -21042.491493  14679.821069    -71.330509  5  3  4  79       
PG11  11868.656702  21749.017680  -9608.270553   -558.381919  8  5  7  62       
PG12  21662.979579  -6898.508272  13389.204472   -473.010964  6  3     92       
PG13  21780.322133  13915.738689  -6804.255841    620.812701  7  5  4  33       
PG14 -10465.247605  21558.680544  11271.948932    312.410675  4  3  4  74       
PG15  26527.100063   2770.200213   -189.159315    122.499460  8  5  5  56       
PG16 -12189.500954  -9629.222657 -21908.016877   -373.485131  6  8  2 115       
PG17  -3336.384980  14858.141619  22183.359518    718.492541  7  4  3  74       
PG18   7034.202683 -18928.903533 -17140.024789   -544.219446  3  3  5  75       
PG19   7427.431714  16738.027419  19178.626594    433.667294  6  4  4  80       
PG20   7700.534125  14813.488916 -20631.453652    389.408257  4  6  4  92       
PG21 -17479.092516  -9169.553304  18697.873671    136.694977  6  2  6  94       
PG22  -4369.670503  19921.012801  17599.521389     39.568239  6  4  4  83       
PG23  16108.059826 -20747.437298   3200.767288    145.685780  3  3  4  37       
PG24  17287.076972   5380.266845  19153.650693   -423.149439  6  5  6  82       
PG25  19949.428938 -16664.004431   4349.723528    486.990510  5  4  3  73       
PG26  -4227.100250 -17566.266039 -19497.718106    195.376420  5  6  4  98       
PG27 -20579.679361 -13114.274079 -11268.375440      0.554749 10  9  9  95       
PG28  -4898.677075 -25704.099094   4544.402311   -114.630474  5  2  2  19       
PG29  18448.082689  -6721.321413 -17982.347315   -607.892284  9  6  4  84       
PG30   -427.471751  24590.858527  -9549.565142   -439.046922  5  5  4  87       
PG31 -10000.187052 -23857.959323  -5184.123758   -227.571602  4  2  4  88       
PG32  -1568.146649 -15818.343580  21502.956531   -608.636728  5  7  7  85       
*  2024  1 30 11  0  0.00000000
PG01 -14468.322240   1938.627208  21876.984804    167.687123  5  6  5  88       
PG02 -17441.379574  -5256.401225  19916.729461   -493.179950  7  4  6  94       
PG03 -19977.384289   7189.911423  15743.636791    160.502526  4  4  5  56       
PG04 -25745.419101   -882.765157  -6735.979846    279.121022  7  5     42       
PG05  15320.664398   4255.199177 -21459.357700   -159.898744  5  5  2  87       
PG06   5501.273196  25517.165368   4648.872830    426.237248  5  5  4  29       
PG07  -8683.506307  15810.976596 -18847.261233    -49.848414  3  3  3  74       
PG08 -26116.072013  -5575.190602  -2270.177313   -164.607342  5  5  4  23       
PG09 -18593.831043   9003.582720 -16809.634374     75.516611  5  5  4  76       
PG10   7929.374486 -22057.597970  12374.279827    -71.331844  4  3  4  73       
PG11  11901.532382  22722.886584  -6959.403545   -558.393999  8  4  6  52       
PG12  20570.288805  -5580.142079  15518.954147   -473.014420  6  3     90       
PG13  20870.917347  13781.453765  -9464.510862    620.816108  7  5  4  58       
PG14 -11460.899503  22198.804703   8762.203866    312.419751  4  4  4  57       
PG15  26378.292860   3071.902532  -2972.691217    122.502821  8  4  5  34       
PG16 -10390.495611 -11277.618159 -22009.638310   -373.477902  7  8  2 107       
PG17  -5686.312864  14196.439404  22151.097438    718.491507  7  4  3  78       
PG18   7753.593700 -16991.923657 -18794.790065   -544.227357  2  3  5  67       
PG19   5229.386134  16097.316928  20370.999649    433.672264  7  4  4  83       
PG20   6383.700465  16718.321730 -19617.961529    389.407283  5  6  4  88       
PG21 -18148.478752 -10977.135912  17050.762228    136.693604  6  2  7  79       
PG22  -5807.621518  21052.757171  15746.952876     39.562428  6  4  4  68       
PG23  16406.246523 -20753.995105    310.446453    145.692759  3  4  4  59       
PG24  18008.089516   7451.298394  17813.733970   -423.155405  6  4  6  77       
PG25  19711.235729 -15941.030489   7098.234330    486.991645  5  4  3  80       
PG26  -2769.659021 -19155.083518 -18176.622319    195.373015  5  6  4  97       
PG27 -19205.000187 -12995.005677 -13606.303197      0.551442 10  9  8 107       
PG28  -4440.003935 -25145.918377   7293.106826   -114.641364  5  2  2  45       
PG29  20268.932535  -6039.982523 -16176.781554   -607.891423  9  5  4  75       
PG30  -1097.041526  23479.141021 -11980.282024   -439.042565  4  5  4  60       
PG31  -9830.210846 -24339.936977  -2361.713935   -227.571920  5  2  3  76       
PG32    823.085463 -15345.212093  21869.054274   -608.638964  6  7  7  84       
*  2024  1 30 11 15  0.00000000
PG01 -15330.671570   -448.049392  21401.707545    167.688324  5  6  5  92       
PG02 -18283.087843  -7176.062178  18496.610248   -493.174782  7  5  6  89       
PG03 -18874.851143   5595.484731  17631.966681    160.525140  4  4  6  64       
PG04 -26305.012130  -1218.116748  -3967.801580    279.129639  7  4  2  49       
PG05  13917.447106   6253.738297 -21916.742550   -159.900193  6  5  2  85       
PG06   5097.172894  24938.500964   7456.485981    426.224574  5  5  4  46       
PG07  -9672.268310  13690.638773 -20004.561860    -49.856934  4  2  3  71       
PG08 -25687.456511  -5760.493596  -5049.736272   -164.608290  5  5  4  64       
PG09 -20354.831646   8605.894954 -14859.989152     75.527829  5  5  4  73       
PG10   8853.387967 -22921.529401   9854.479762    -71.333456  3  1  4  54       
PG11  11889.602862  23402.371241  -4190.998335   -558.406087  8  4  6  31       
PG12  19391.742551  -4038.230121  17375.664681   -473.017773  6  3     70       
PG13  19678.923775  13611.880068 -11965.164159    620.819212  7  5  5  69       
PG14 -12233.769428  22664.428379   6100.199421    312.428832  4  4  3  61       
PG15  25936.262505   3373.704784  -5706.024992    122.506253  8  5  5  49       
PG16  -8685.055210 -13016.227056 -21743.617357   -373.470577  7  7  3 111       
PG17  -8044.660598  13670.271273  21752.623256    718.490380  7  4  3  82       
PG18   8634.078304 -14938.336674 -20123.827193   -544.235203  2  3  5  78       
PG19   2884.583935  15544.738568  21209.843983    433.677140  7  4  4  77       
PG20   5231.099873  18569.158568 -18266.654730    389.405831  5  6  4  64       
PG21 -18828.520681 -12567.417782  15130.804637    136.692440  6  2  7  83       
PG22  -7031.147324  22101.733720  13634.218518     39.556703  6  4  4  75       
PG23  16504.318686 -20514.051669  -2585.278108    145.699793  4  4  4  73       
PG24  18750.197844   9327.601497  16161.771879   -423.161400  6  4  6  66       
PG25  19320.799161 -14963.242617   9721.262903    486.992736  4  4  3  72       
PG26  -1480.805399 -20676.434877 -16542.445239    195.369615  5  5  4  91       
PG27 -17580.630350 -12912.855153 -15718.447569      0.548128 10  9  8  98       
PG28  -3833.734458 -24332.384515   9916.226249   -114.652236  5  2  2           
PG29  21910.054381  -5508.869689 -14094.915652   -607.891077  9  5  4  72       
PG30  -1912.251960  22153.200735 -14200.617179   -439.038233  4  5  4  13       
PG31  -9573.052065 -24525.448409    502.270482   -227.571899  5  2  3  63       
PG32   3257.982855 -14995.878959  21865.900526   -608.641206  6  6  6  88       
*  2024  1 30 11 30  0.00000000
PG01 -16293.346063  -2708.821026  20548.453673    167.689528  5  6  6  92       
PG02 -19142.140632  -8896.829500  16772.777443   -493.169552  7  4  6  79       
PG03 -17747.500918   3780.721937  19212.326787    160.547739  3  4  6  70       
PG04 -26567.541321  -1483.854131  -1131.864471    279.138201  7  4  4   8       
PG05  12607.434514   8351.502510 -22003.093669   -159.901137  7  5  2 103       
PG06   4533.605669  24099.206269  10135.244381    426.211896  4  5  4  56       
PG07 -10809.045940  11520.328218 -20799.137343    -49.865326  3  2  3  78       
PG08 -24963.320056  -5949.771101  -7744.739512   -164.609792  6  5  3  67       
PG09 -21900.677011   8315.459542 -12656.637001     75.538949  5  5  4  71       
PG10   9560.541822 -23592.448587   7163.450943    -71.334804  3     4  67       
PG11  11794.391309  23787.280168  -1350.632846   -558.418229  7  4  6  51       
PG12  18171.014357  -2284.754071  18926.126027   -473.021175  6  3     76       
PG13  18217.679992  13445.718365 -14264.303791    620.822241  6  5  5  61       
PG14 -12798.785947  22920.835571   3332.109230    312.437883  4  4  3  59       
PG15  25211.191373   3709.973834  -8343.472970    122.509879  8  4  5  30       
PG16  -7103.223381 -14808.296300 -21112.934417   -373.463331  7  7  3 100       
PG17 -10364.476696  13284.208057  20994.688341    718.489757  7  4  4  89       
PG18   9676.507127 -12816.501647 -21104.545531   -544.243073  3  3  5  82       
PG19    436.582461  15103.008538  21679.331901    433.681785  7  4  4  80       
PG20   4247.702194  20320.622028 -16601.276640    389.405107  5  6  5  58       
PG21 -19482.027270 -13923.116173  12969.110487    136.691235  6  3  6  76       
PG22  -8038.637579  23025.966448  11295.710896     39.551035  6  3  4  89       
PG23  16434.725080 -20006.520107  -5435.977041    145.706788  4  5  5  33       
PG24  19478.218278  10984.796236  14228.275679   -423.167414  6  4  6  37       
PG25  18816.205270 -13725.467564  12171.961184    486.993870  4  3  3  89       
PG26   -365.411436 -22086.907249 -14622.347484    195.366221  4  5  4  87       
PG27 -15733.606558 -12899.909261 -17569.796200      0.544754 10 10  7  89       
PG28  -3056.194354 -23294.880124  12368.551361   -114.663122  5  2  2  66       
PG29  23332.008766  -5108.573314 -11772.332061   -607.890501  9  4  3  87       
PG30  -2887.960277  20650.845399 -16171.633508   -439.033873  4  5  4  77       
PG31  -9193.379167 -24424.636346   3357.363558   -227.572147  5  2  3  58       
PG32   5689.056815 -14776.939884  21492.930855   -608.643430  6  6  6  92       
*  2024  1 30 11 45  0.00000000
PG01 -17325.307158  -4802.476019  19333.671995    167.690697  4  6  6  89       
PG02 -19979.937062 -10397.764644  14772.970207   -493.164537  7  4  6  67       
PG03 -16637.583552   1769.056732  20457.074665    160.570352  2  4  5  88       
PG04 -26523.010033  -1716.288721   1723.397862    279.146800  7  4  5  61       
PG05  11417.427071  10507.850810 -21716.702974   -159.902116  7  5  3  97       
PG06   3785.964240  23033.261373  12639.059674    426.199208  4  5  3  72       
PG07 -12081.863033   9349.228389 -21217.405073    -49.873473  3  1  3  86       
PG08 -23955.584569  -6178.729730 -10310.064268   -164.611874  6  6  4  84       
PG09 -23199.062499   8105.514820 -10237.087216     75.550126  5  4  4  66       
PG10  10068.848914 -24032.858475   4347.537692    -71.336694  2     4  61       
PG11  11579.036130  23886.163354   1512.916708   -558.430319  7  4  5  13       
PG12  16950.408802   -340.289851  20142.555620   -473.024605  6  3     86       
PG13  16508.665029  13319.248554 -16323.430284    620.825298  6  5  5  77       
PG14 -13177.845673  22938.538319    506.037848    312.446946  3  4  3  62       
PG15  24220.889702   4112.834948 -10841.380295    122.513247  8  4  5  77       
PG16  -5668.535830 -16612.529140 -20126.580967   -373.455899  7  7  3 101       
PG17 -12599.126447  13034.797969  19889.740529    718.488825  6  4  4  87       
PG18  10873.297400 -10675.152755 -21720.467499   -544.250962  4  3  5 103       
PG19  -2066.913654  14787.496572  21770.057380    433.686569  7  4  4  75       
PG20   3430.352735  21928.584896 -14650.886173    389.403244  5  5  5  68       
PG21 -20070.002078 -15034.506134  10600.300610    136.690087  6  4  6  64       
PG22  -8836.381370  23784.995863   8769.610182     39.545063  5  3  4  80       
PG23  16234.414150 -19218.466531  -8192.007278    145.713756  5  5  5  12       
PG24  20154.671928  12406.531683  12048.348950   -423.173395  6  4  6  43       
PG25  18237.388660 -12231.391664  14406.389341    486.994992  4  3  4  92       
PG26    579.392953 -23344.242968 -12448.657658    195.362806  4  5  4  84       
PG27 -13697.430045 -12983.293194 -19129.497104      0.541581 10  9  5  83       
PG28  -2090.424576 -22070.371447  14607.797466   -114.674031  6  2  3  60       
PG29  24501.092639  -4813.189731  -9248.691110   -607.889948  9  2  3  79       
PG30  -4031.689324  19013.812746 -17858.885530   -439.029513  5  5  4  78       
PG31  -8659.490666 -24056.071554   6153.011938   -227.572177  6  2  3  68       
PG32   8068.357357 -14687.010201  20755.735123   -608.645681  6  6  5  85       
*  2024  1 30 12  0  0.00000000
PG01 -18389.881317  -6694.801031  17780.155262    167.691887  4  5  6  89       
PG02 -20755.582079 -11665.591981  12529.414231   -493.159137  6  4  6  68       
PG03 -15583.598417   -408.157334  21344.516879    160.592936  2  4  5  88       
PG04 -26170.139890  -1952.897326   4549.244917    279.155403  7  4  6  77       
PG05  10367.082526  12678.250213 -21062.077833   -159.903630  7  5  3  84       
PG06   2836.847687  21780.331412  14924.979729    426.186525  4  5  3  67       
PG07 -13470.825660   7224.415907 -21252.974373    -49.881791  3  1  3  87       
PG08 -22684.041922  -6480.450205 -12702.685926   -164.614113  6  6  4  80       
PG09 -24224.612742   7944.465027  -7642.560754     75.561346  6  4  4  62       
PG10  10403.446481 -24211.156183   1455.601208    -71.338651  2     4  60       
PG11  11209.883662  23715.877003   4350.509026   -558.442353  6  4  5  60       
PG12  15769.188278   1766.580427  21003.154234   -473.027801  7  3  2  96       
PG13  14580.823163  13264.848905 -18108.048146    620.828660  6  5  5  69       
PG14 -13398.771405  22694.525201  -2328.840288    312.456057  3  4  3  64       
PG15  22990.107623   4610.813063 -13158.757517    122.517044  8  4  5  55       
PG16  -4397.232688 -18384.479017 -18799.526921   -373.448431  7  7  4  79       
PG17 -14703.828354  12910.763821  18455.748948    718.487518  5  4  5  88       
PG18  12208.608669  -8561.650205 -21961.483537   -544.258827  5  3  5  97       
PG19  -4575.700246  14605.577859  21479.290860    433.691464  7  4  4  83       
PG20   2768.094734  23351.765891 -12449.331290    389.401947  5  4  5  30       
PG21 -20553.065644 -15899.595178   8062.073181    136.688795  5  4  6  56       
PG22  -9438.195320  24341.398897   6097.361950     39.539528  5  3  4  64       
PG23  15943.233076 -18145.759554 -10805.408010    145.720718  5  5  5  25       
PG24  20741.312785  13584.824045   9660.961449   -423.179375  6  4  6   8       
PG25  17624.437596 -10493.651360  16384.397577    486.996129  4  2  4  88       
PG26   1363.959481 -24408.943252 -10058.368298    195.359398  4  5  4  88       
PG27 -11510.990004 -13184.056813 -20371.322655      0.538334 10 10  3  83       
PG28   -927.043197 -20699.992806  16595.337623   -114.684936  5  2  2  73       
PG29  25390.539551  -4591.488317  -6567.069654   -607.889292  9     2  75       
PG30  -5343.137419  17286.184076 -19233.048340   -439.025181  5  4  3  80       
PG31  -7944.810669 -23445.978044   8839.545476   -227.572571  6  2  4  83       
PG32  10349.094102 -14716.786382  19666.016273   -608.647871  5  6  4  86       
*  2024  1 30 12 15  0.00000000
PG01 -19446.243401  -8359.668191  15916.515134    167.693056  4  4  6  87       
PG02 -21427.403653 -12695.046062  10078.408044   -493.153890  6  4  6  51       
PG03 -14618.797803  -2712.680125  21859.300700    160.615485  2  4  4  85       
PG04 -25516.430081  -2230.691117   7297.441973    279.164039  7  4  7  71       
PG05   9468.268086  14815.792760 -20049.891623   -159.904589  7  5  3  81       
PG06   1676.917611  20384.223895  16953.917890    426.173848  3  4  3  78       
PG07 -14948.852775   5189.111036 -20906.692225    -49.890335  2  1  2  84       
PG08 -21175.699525  -6883.977355 -14882.344045   -164.616433  6  6  5  94       
PG09 -24959.756953   7797.254245  -4917.309040     75.572524  6  4  5  64       
PG10  10595.448784 -24102.981525  -1461.847385    -71.339247  1  1  4  82       
PG11  10657.961924  23300.841143   7113.474941   -558.454465  6  3  5  36       
PG12  14662.031722   4000.188588  21492.542277   -473.031315  6  3  2  92       
PG13  12469.624430  13309.672020 -19588.196707    620.831693  5  5  4  69       
PG14 -13494.039075  22173.267199  -5123.165563    312.465191  3  4  3  53       
PG15  21549.620116   5227.629208 -15257.852099    122.520306  7  4  5  77       
PG16  -3297.737387 -20078.092699 -17152.596850   -373.441400  6  6  4  88       
PG17 -16637.133244  12893.487457  16715.962733    718.486427  4  4  5  78       
PG18  13658.849002  -6520.301958 -21823.991633   -544.266730  6  3  5  96       
PG19  -7038.840026  14556.313109  20811.109283    433.696013  6  4  4  90       
PG20   2242.795298  24553.220424 -10034.647945    389.400599  5  4  5  56       
PG21 -20892.900996 -16524.049925   5394.745779    136.687985  5  4  6  68       
PG22  -9864.778598  24662.228811   3323.097748     39.533678  5  3  4  75       
PG23  15602.222039 -16793.379269 -13230.763728    145.727684  6  6  4  55       
PG24  21200.669179  14520.067395   7108.184451   -423.185370  6  4  5   5       
PG25  17015.893770  -8533.557129  18070.438352    486.997250  5  2  4  94       
PG26   2005.558397 -25245.794641  -7492.531025    195.355968  4  4  4  73       
PG27  -9217.299421 -13516.284501 -21274.079015      0.535108 10  9     91       
PG28    435.186973 -19227.481864  18296.873243   -114.695808  5  3  3  80       
PG29  25981.468451  -4408.286967  -3773.243536   -607.888747  9        82       
PG30  -6814.010163  15512.720303 -20270.441345   -439.020839  5  4  3  80       
PG31  -7029.186697 -22627.149972  11369.143359   -227.572789  6  2  4  78       
PG32  12487.228172 -14849.417186  18241.454962   -608.650138  5  6  4  86       
*  2024  1 30 12 30  0.00000000
PG01 -20451.057958  -9779.783262  13776.559711    167.694332  4  3  6  78       
PG02 -21954.525462 -13488.941617   7459.848352   -493.148724  6  4  5  63       
PG03 -13769.914806  -5100.693896  21992.683267    160.638039  2  4  4  91       
PG04 -24577.896347  -2584.603987   9921.064024    279.172584  7  5  7  62       
PG05   8724.712245  16872.814385 -18696.839986   -159.905880  7  5  3  73       
PG06    305.437372  18891.205316  18691.307497    426.161208  3  4  2  74       
PG07 -16482.716190   3281.121955 -20186.517301    -49.898701  3     1  83       
PG08 -19463.873250  -7413.059346 -16812.173936   -164.618086  6  6  5 101       
PG09 -25395.320099   7626.882116  -2107.879067     75.583744  6  4  6  39       
PG10  10680.551040 -23692.300321  -4353.567144    -71.340632  2  1  4  68       
PG11   9900.278496  22672.019416   9754.444715   -558.466531  5  3  4  46       
PG12  13657.691378   6318.996101  21602.064588   -473.034579  7  3  3  96       
PG13  10215.894414  13474.524321 -20738.915214    620.835054  5  5  4  74       
PG14 -13499.325208  21367.439284  -7828.283483    312.474311  2  4  4   1       
PG15  19935.121338   5981.189895 -17104.657658    122.523731  6  4  5  66       
PG16  -2370.427794 -21647.351011 -15212.248591   -373.434207  6  6  4  94       
PG17 -18362.297345  12957.766598  14698.603650    718.485384  3  4  5  66       
PG18  15193.489896  -4590.820350 -21310.921535   -544.274634  7  3  5  96       
PG19  -9406.477535  14630.475466  19776.393024    433.700792  6  4  5  97       
PG20   1830.047781  25501.670804  -7448.395907    389.399375  5  4  5  60       
PG21 -21053.680712 -16920.875885   2640.770867    136.686313  5  4  5  48       
PG22 -10142.812203  24720.323930    492.999953     39.528012  4  2  4  76       
PG23  15251.873406 -15175.373128 -15426.016757    145.734702  7  6  4  31       
PG24  21497.538182  15220.728122   4434.406230   -423.191373  6  4  5   7       
PG25  16447.121429  -6380.458430  19434.285966    486.998386  5  1  5  89       
PG26   2527.530853 -25825.255122  -4795.558597    195.352539  3  5  4  88       
PG27  -6862.084412 -13986.460430 -21821.956812      0.531893  9  9    104       
PG28   1989.108231 -17697.526277  19683.030160   -114.706639  4  2  3  80       
PG29  26263.545383  -4225.983630   -914.924648   -607.888309  9  2     72       
PG30  -8428.180363  13737.189351 -20953.436565   -439.016476  5  3  3  75       
PG31  -5899.930832 -21637.604321  13696.770764   -227.573170  5  3  4  53       
PG32  14442.976940 -15061.174568  16505.478065   -608.652343  4  6  3  79       
*  2024  1 30 12 45  0.00000000
PG01 -21360.207979 -10947.073875  11398.593337    167.695491  4  1  6  67       
PG02 -22298.443481 -14057.959004   4716.693478   -493.143643  5  4  5  46       
PG03 -13056.166746  -7524.334976  21742.673324    160.660606  2  4  3  91       
PG04 -23378.499287  -3045.961571  12375.278790    279.181232  6  5  7  68       
PG05   8131.970618  18802.557624 -17025.402615   -159.907198  6  5  3  84       
PG06  -1269.524955  17348.243147  20107.671777    426.148653  3  4  2  79       
PG07 -18034.337144   1531.547839 -19107.233969    -49.906927  3        75       
PG08 -17587.058016  -8085.081617 -18459.296922   -164.620301  6  6  6  86       
PG09 -25530.806680   7396.003857    737.664346     75.594943  6  5  6  44       
PG10  10697.439636 -22972.172613  -7168.541310    -71.341998  3  2  4  86       
PG11   8920.892385  21865.660832  12228.151750   -558.478588  5  3  4  57       
PG12  12777.905030   8677.055300  21329.955573   -473.037850  7  3  3  95       
PG13   7864.454373  13772.988801 -21540.637508    620.838271  4  5  3  70       
PG14 -13451.934218  20278.327773 -10397.122248    312.483459  2  4  4  67       
PG15  18185.969151   6882.799748 -18669.361033    122.527531  5  5  5  71       
PG16  -1607.716080 -23047.949405 -13010.248858   -373.426883  6  5  4 105       
PG17 -19848.503044  13072.820988  12436.492324    718.484610  4  4  6  17       
PG18  16776.156304  -2806.971544 -20431.645836   -544.282467  8  2  5  81       
PG19 -11631.628506  14810.928258  18392.684596    433.705745  5  4  5  79       
PG20   1500.313533  26172.626967  -4734.943444    389.397918  5  3  5  60       
PG21 -21003.433796 -17109.857103   -155.778462    136.685098  5  4  5  39       
PG22 -10303.828776  24495.436300  -2345.386276     39.522257  4  2  3  36       
PG23  14930.426692 -13314.460796 -17353.213090    145.741711  7  6  4  71       
PG24  21600.377484  15702.745754   1685.544211   -423.197388  7  4  5  66       
PG25  15948.818222  -4070.774359  20451.643004    486.999579  5  1  5 100       
PG26   2958.187335 -26124.640792  -2014.444878    195.349089  2  4  3  86       
PG27  -4492.273107 -14593.113532 -22004.818258      0.528667  9  9  2 105       
PG28   3719.246073 -16154.085765  20729.869635   -114.717498  4  2  4  87       
PG29  26235.332885  -4006.185704   1959.035896   -607.887750  9  3     68       
PG30 -10162.168055  12000.753318 -21270.744700   -439.012084  6  3  3  88       
PG31  -4552.556414 -20519.026284  15781.061409   -227.573047  5  3  4  68       
PG32  16182.175312 -15322.403390  14486.930161   -608.654519  4  6  2  85       
*  2024  1 30 13  0  0.00000000
PG01 -22130.539851 -11862.712650   8824.658614    167.696626  4     5  86       
PG02 -22424.552679 -14420.146308   1894.364688   -493.138548  5  4  5  71       
PG03 -12488.573340  -9933.386081  21114.043855    160.683129  2  4  2  93       
PG04 -21949.283275  -3641.089243  14618.096925    279.189863  6  5  7  77       
PG05   7677.709092  20560.817789 -15063.511399   -159.908503  6  4  4  82       
PG06  -3031.236124  15801.241316  21179.101153    426.136038  3  4  1  96       
PG07 -19562.276269    -36.209337 -17690.023314    -49.915290  4  1     71       
PG08 -15587.613909  -8910.235045 -19795.362092   -164.622725  7  7  6  97       
PG09 -25374.365131   7068.553395   3570.547271     75.606114  5  5  7 105       
PG10  10686.073581 -21945.168542  -9856.943664    -71.342648  4  3  4  93       
PG11   7711.718485  20921.852147  14492.199585   -558.490675  5  3  4  81       
PG12  12036.609736  11025.654903  20681.360707   -473.041395  7  3  4  91       
PG13   5462.618978  14210.822746 -21979.511864    620.841038  3  4  2  80       
PG14 -13389.169866  18915.906535 -12785.039508    312.492521  1  4  4  73       
PG15  16343.823741   7936.619833 -19926.727886    122.530807  4  5  5  94       
PG16   -994.442925 -24238.956002 -10583.242218   -373.419657  6  4  4  95       
PG17 -21071.884818  13203.516763   9966.607686    718.483551  5  4  6  51       
PG18  18365.947984  -1195.467485 -19201.782107   -544.290380  8  2  5  67       
PG19 -13671.868866  15073.342084  16683.907861    433.710326  4  3  5  90       
PG20   1220.257471  26549.257154  -1940.713115    389.396360  5  2  5  75       
PG21 -20715.310908 -17116.768263  -2949.755643    136.684253  4  4  4  76       
PG22 -10382.888073  23975.135201  -5143.889388     39.516520  3  2  3  50       
PG23  14672.268239 -11241.304561 -18979.167191    145.748684  7  6  4  83       
PG24  21482.545936  15988.672456  -1091.732164   -423.203401  7  4  6  83       
PG25  15545.733850  -1646.730706  21104.616758    487.000698  5  2  5 104       
PG26   3329.494500 -26129.060728    802.083098    195.345651  2  4  3  81       
PG27  -2154.434106 -15326.758233 -21818.415278      0.525458  9  9  4 112       
PG28   5602.213588 -14638.754581  21419.305217   -114.728384  4  2  4  91       
PG29  25904.313352  -3711.375236   4799.466313   -607.887343  8  4     79       
PG30 -11985.919084  10340.480336 -21217.575522   -439.007718  6  3  3  84       
PG31  -2991.176360 -19315.074330  17585.122700   -227.573120  4  3  4  80       
PG32  17677.440967 -15598.718211  12219.648541   -608.656786  4  7  2  82       
*  2024  1 30 13 15  0.00000000
PG01 -22721.555518 -12536.785001   6099.739911    167.697772  5  1  5  81       
PG02 -22303.569177 -14600.148480   -959.913448   -493.133415  5  4  5  78       
PG03 -12069.615409 -12277.060928  20118.216978    160.705620  3  4  2  73       
PG04 -20327.257643  -4390.112398  16611.077827    279.198468  5  5  7  62       
PG05   7342.296198  22107.511885 -12844.126903   -159.909894  5  4  4  68       
PG06  -4954.772745  14293.336597  21887.631960    426.123478  3  4     83       
PG07 -21023.347192  -1407.091311 -15961.912153    -49.923460  4  1  1  81       
PG08 -13510.312282  -9890.950677 -20797.032063   -164.625063  7  7  6  97       
PG09 -24942.432749   6611.327061   6342.113599     75.617398  5  6  7 124       
PG10  10685.909214 -20623.409568 -12371.094196    -71.344279  4  3  4  72       
PG11   6273.033420  19882.936595  16507.779749   -558.502804  5  3  4  80       
PG12  11439.489319  13315.080397  19668.214760   -473.044793  7  3  4  89       
PG13   3058.603795  14785.653027 -22047.641734    620.845042  2  4  2           
PG14 -13346.717430  17298.578897 -14950.621102    312.501623     4  5  67       
PG15  14451.226013   9139.386312 -20856.427876    122.534489  4  5  5  93       
PG16   -508.579740 -25184.382212  -7972.212284   -373.412638  6  3  4  89       
PG17 -22016.322711  13311.770339   7329.579524    718.482084  6  4  6  48       
PG18  19918.940047    224.860016 -17642.891847   -544.298279  8  1  5  82       
PG19 -15490.851498  15387.224268  14679.950619    433.714903  5  3  5  83       
PG20    954.225250  26622.977633    886.598994    389.395582  5  2  5  84       
PG21 -20168.707272 -16972.377892  -5695.523492    136.682840  4  4  3  83       
PG22 -10417.101609  23155.446065  -7854.489474     39.510936  3  2  3  48       
PG23  14506.499706  -8993.475432 -20276.033620    145.755705  7  6  4  69       
PG24  21123.351823  16106.591196  -3850.756350   -423.209427  7  4  6  84       
PG25  15255.652879    845.141946  21382.053201    487.001812  5  2  5  99       
PG26   3675.603087 -25832.057324   3604.463771    195.342195  1  4  3  89       
PG27    106.782769 -16170.137959 -21264.532625      0.522261  8  8  6 112       
PG28   7607.427478 -13189.227757  21739.418111   -114.739218  3  2  4 104       
PG29  25286.584679  -3306.546211   7557.701720   -607.886826  8  4     84       
PG30 -13863.848460   8788.039735 -20795.672495   -439.003326  6  3  3  84       
PG31  -1228.544816 -18069.618651  19077.242725   -227.573445  4  4  4  75       
PG32  18909.096879 -15852.405231   9741.944051   -608.659007  5  7  2  75       
*  2024  1 30 13 30  0.00000000
PG01 -23096.987906 -12987.624925   3270.946365    167.698856  5  3  4  54       
PG02 -21912.793849 -14628.183508  -3797.830667   -493.128103  5  4  4  68       
PG03 -11793.245438 -14505.809561  18773.025449    160.728138  3  4  2  57       
PG04 -18554.061686  -5305.995266  18319.980134    279.207089  5  5  7  52       
PG05   7099.685153  23408.111234 -10404.726553   -159.910920  4  3  4  50       
PG06  -7007.812208  12863.320134  22221.522416    426.110851  3  3     65       
PG07 -22374.281721  -2574.672786 -13955.123454    -49.932109  4  2  2  80       
PG08 -11400.791723 -11021.625004 -21446.404878   -164.627798  7  7  5  97       
PG09 -24259.073388   5995.466199   9004.656765     75.628736  5  6  7  53       
PG10  10734.144018 -19028.229223 -14666.380375    -71.345660  5  4  4  67       
PG11   4613.662907  18791.859581  18240.328906   -558.514890  5  4  3  66       
PG12  10983.872688  15496.415160  18308.981359   -473.048243  7  3  4  78       
PG13    699.897990  15486.981774 -21743.243305    620.848447  1  4  2  40       
PG14 -13357.102461  15452.595947 -16856.415837    312.510786  1  4  5  55       
PG15  12550.162157  10480.396216 -21443.300249    122.537918  4  5  4  64       
PG16   -122.219767 -25854.600997  -5221.837153   -373.404975  6  2  4  85       
PG17 -22673.971953  13358.086226   4569.114737    718.481351  7  4  6  44       
PG18  21389.804428   1443.574604 -15782.083507   -544.306210  8  1  5  70       
PG19 -17059.585467  15717.219110  12416.117819    433.719661  5  2  5  46       
PG20    665.805117  26393.741133   3698.818333    389.393932  5  2  5  70       
PG21 -19350.204161 -16711.267690  -8347.574507    136.682231  5  4  3  57       
PG22 -10444.057648  22041.192824 -10430.128757     39.505000  3  2  2  59       
PG23  14455.731904  -6614.157172 -21221.775770    145.762728  7  6  5  78       
PG24  20508.876613  16088.858126  -6545.588407   -423.215429  7  5  6  71       
PG25  15088.685317   3355.683398  21279.721040    487.002916  5  3  5  94       
PG26   4031.277720 -25235.921357   6343.230704    195.338767  1  4  3  79       
PG27   2250.149251 -17098.768757 -20351.049529      0.519048  8  7  6 112       
PG28   9698.108893 -11837.930424  21684.665435   -114.750107  3  2  4  90       
PG29  24406.238733  -2760.750950  10186.407621   -607.886508  8  5     96       
PG30 -15756.104227   7368.630361 -20013.224588   -438.998941  6  3  3  68       
PG31    714.259527 -16824.989526  20231.481687   -227.573466  3  4  4  79       
PG32  19865.812324 -16043.978452   7095.992130   -608.661190  6  7  2  74       
*  2024  1 30 13 45  0.00000000
PG01 -23226.202857 -13240.853701    386.690554    167.699927  5  4  3  92       
PG02 -21237.165894 -14538.795546  -6570.761272   -493.123120  5  4  4  91       
PG03 -11645.246646 -16573.072729  17102.357823    160.750696  3  4  3  64       
PG04 -16674.462849  -6393.855911  19715.346438    279.215685  4  5  7  80       
PG05   6918.554920  24434.882628  -7786.709491   -159.912191  3  2  4  73       
PG06  -9151.708227  11544.242824  22175.423462    426.098231  3  3  1  82       
PG07 -23573.375910  -3541.094802 -11706.352411    -49.940320  4  2  2  80       
PG08  -9303.977840 -12288.650336 -21731.363879   -164.629732  7  7  5  96       
PG09 -23355.031508   5197.780274  11512.242165     75.640123  5  6  7  56       
PG10  10864.055459 -17189.464728 -16702.120701    -71.346835  5  4  4  88       
PG11   2750.842836  17690.504582  19660.114781   -558.526978  4  4  3  82       
PG12  10658.984241  17523.307030  16628.262436   -473.051595  6  3  5  73       
PG13  -1568.340492  16296.504878 -21070.715955    620.851573     4  2  26       
PG14 -13448.288397  13411.175197 -18469.592167    312.519860  2  4  5  74       
PG15  10680.660449  11941.759497 -21677.560303    122.541495  5  5  4  74       
PG16    197.174149 -26227.550598  -2379.744866   -373.397954  6  2  4  89       
PG17 -23045.504768  13303.177020   1731.359002    718.480170  7  4  6  68       
PG18  22733.490125   2458.823784 -13651.527977   -544.314113  8  1  5  82       
PG19 -18357.422270  16024.624494   9932.466909    433.724605  6  2  5  75       
PG20    319.414981  25870.014851   6448.089227    389.392667  4  3  5  76       
PG21 -18254.292294 -16370.499567 -10861.188763    136.680745  5  5  2  82       
PG22 -10500.204047  20646.021005 -12825.542648     39.499679  2  2     42       
PG23  14535.150739  -4150.640647 -21800.524571    145.769782  7  5  5  88       
PG24  19632.550924  15970.718390  -9131.700790   -423.221474  7  5  6  91       
PG25  15046.893702   5834.879106  20800.343591    487.004033  5  3  5  95       
PG26   4430.294907 -24351.664957   8969.951659    195.335337  2  4  3  84       
PG27   4239.250876 -18081.770217 -19091.913280      0.515843  7  7  7 123       
PG28  11832.531108 -10610.863151  21255.977672   -114.761045  3  2  5  95       
PG29  23294.445148  -2048.495632  12640.385996   -607.885736  7  5     97       
PG30 -17619.999368   6100.181322 -18884.660999   -438.994548  6  3  3  75       
PG31   2808.493570 -15620.311065  21028.134515   -227.573539  3  4  4  96       
PG32  20544.933365 -16133.831586   4327.140800   -608.663380  7  8  3  67       
*  2024  1 30 14  0  0.00000000
PG01 -23085.379718 -13328.165847  -2504.123059    167.700989  6  4  2  70       
PG02 -20270.059462 -14369.424690  -9230.578872   -493.117539  5  5  3  86       
PG03 -11603.922991 -18436.916524  15135.696667    160.773191  3  4  2  68       
PG04 -14734.743937  -7650.584951  20773.012600    279.224334  4  5  6  74       
PG05   6763.669257  25167.888893  -5034.724819   -159.913619  2     5  68       
PG06 -11342.809467  10362.255720  21750.443702    426.085643  4  3  3  77       
PG07 -24582.051108  -4316.658954  -9255.991986    -49.948677  3  2  3  48       
PG08  -7262.523391 -13670.754615 -21645.847218   -164.631228  7  7  5  99       
PG09 -22266.537747   4201.857638  13821.506002     75.651493  6  6  7  79       
PG10  11103.507128 -15144.407723 -18442.348572    -71.348657  6  5  4  82       
PG11    709.758559  16618.082765  20742.741456   -558.539036  3  4  4  59       
PG12  10446.531935  19353.627592  14656.289634   -473.055055  6  3  5  73       
PG13  -3704.810017  17188.735131 -20040.621996    620.854975     4  1  71       
PG14 -13642.469180  11213.355652 -19762.504729    312.528984  1  3  5  63       
PG15   8879.465083  13498.909061 -21554.946433    122.545220  5  4  4  61       
PG16    485.310000 -26289.667529    504.321077   -373.390559  6  2  4  80       
PG17 -23140.049325  13109.608966  -1135.802776    718.479159  7  4  5  78       
PG18  23906.898514   3277.196421 -11287.895924   -544.322020  8  1  5  68       
PG19 -19372.706616  16269.060075   7273.040785    433.729059  7  3  5  66       
PG20   -118.145243  25068.450186   9087.662774    389.391809  4  3  5  66       
PG21 -16883.844098 -15988.168679 -13193.127314    136.679752  5  5  1  75       
PG22 -10619.251230  18992.089974 -14998.096698     39.493792  2  2     60       
PG23  14751.890474  -1652.668621 -22002.822607    145.776807  7  5  5  69       
PG24  18495.468479  15788.846437 -11566.621512   -423.227509  6  5  6  63       
PG25  15124.269354   8233.658785  19953.481327    487.005147  4  3  5  89       
PG26   4903.877969 -23198.650716  11438.154454    195.331936  2  4  3  90       
PG27   6043.716451 -19082.960419 -17507.018362      0.512632  7  6  8 107       
PG28  13965.466468  -9526.707740  20460.743522   -114.771906  3  2  5  90       
PG29  21988.274171  -1150.930280  14877.350629   -607.885096  7  5  1  97       
PG30 -19411.553476   4992.852490 -17430.336814   -438.990181  6  3  3  69       
PG31   5018.723035 -14489.990896  21454.055872   -227.573512  3  4  4  95       
PG32  20952.485216 -16083.921710   1483.144853   -608.665603  7  8  3  67       
*  2024  1 30 14 15  0.00000000
PG01 -22658.432705 -13285.913859  -5352.888032    167.702063  6  4  1  86       
PG02 -19013.783223 -14158.842404 -11730.504329   -493.112496  5  5  3  85       
PG03 -11641.089249 -20061.484313  12907.561212    160.795762  3  3  2  49       
PG04 -12781.039563  -9064.784385  21474.532860    279.232946  3  5  6  79       
PG05   6597.403512  25595.707743  -2195.931900   -159.914626  1     4  58       
PG06 -13533.971084   9335.727365  20954.109165    426.073025  4  3  4  69       
PG07 -25366.271420  -4919.112407  -6647.330145    -49.957017  3  2  3  70       
PG08  -5315.326036 -15139.644122 -21190.028726   -164.631991  6  7  5  98       
PG09 -21033.910890   2998.918816  15892.416197     75.662818  6  6  7  71       
PG10  11473.687085 -12936.457968 -19856.496808    -71.350194  6  5  4  75       
PG11  -1477.220990  15609.637733  21469.565895   -558.551138  3  5  4  92       
PG12  10321.604118  20950.957315  12428.312577   -473.058738  5  3  5  81       
PG13  -5673.455086  18131.911049 -18669.572562    620.858347     4  1  70       
PG14 -13955.104464   8902.635731 -20713.161023    312.538104  2  3  5  80       
PG15   7178.829643  15121.353297 -21076.806658    122.548577  6  4  4  69       
PG16    779.451736 -26036.501736   3379.411738   -373.383246  6  2  3  79       
PG17 -22974.820169  12743.412820  -3983.501977    718.478235  6  4  5  78       
PG18  24870.490912   3913.257716  -8731.727105   -544.329931  7  2  5  41       
PG19 -20103.064255  16410.215026   4485.017202    433.734097  7  3  5  76       
PG20   -676.234311  24013.257498  11572.664051    389.390033  4  4  4  79       
PG21 -15250.306847 -15601.887277 -15302.356108    136.678202  6  5  1  95       
PG22 -10830.660053  17109.435240 -16908.612087     39.487995  2  2     59       
PG23  15104.736765    829.303698 -21825.751617    145.783844  7  5  5  67       
PG24  17106.432546  15579.862179 -13810.531528   -423.233500  6  5  6  54       
PG25  15307.054096  10505.642007  18755.272706    487.006234  4  4  5  91       
PG26   5479.236639 -21803.890719  13704.216800    195.328510  3  4  3  85       
PG27   7640.236109 -20062.181247 -15621.985422      0.509446  7  5  8  86       
PG28  16049.777183  -8596.227784  19312.682356   -114.782723  3  2  5  92       
PG29  20529.302394    -56.785895  16858.658490   -607.884446  6  5     97       
PG30 -21087.082775   4048.849462 -15676.119521   -438.985801  6  3  2  64       
PG31   7304.064722 -13462.428018  21502.843494   -227.573799  4  5  3  89       
PG32  21102.841614 -15859.417532  -1386.661860   -608.667823  7  8  4  76       
*  2024  1 30 14 30  0.00000000
PG01 -21937.645762 -13153.548060  -8112.054530    167.703056  6  4     81       
PG02 -17479.751989 -13945.509764 -14025.972297   -493.107261  5  6  3  94       
PG03 -11723.318746 -21418.211170  10456.867403    160.818278  4  3  2  63       
PG04 -10857.684339 -10617.031033  21807.512965    279.241597  4  5  5  82       
PG05   6381.381340  25715.837832    680.796660   -159.916226  1     4  13       
PG06 -15676.202309   8474.669363  19800.219960    426.060420  4  3  5  69       
PG07 -25897.768275  -5372.664255  -3925.738593    -49.965460  3  3  4  51       
PG08  -3496.179881 -16660.931307 -20370.402225   -164.634738  6  7  5  83       
PG09 -19700.009404   1588.376710  17688.981247     75.674037  6  6  7  63       
PG10  11988.132713 -10613.537353 -20919.966356    -71.352026  6  5  4  76       
PG11  -3771.586231  14694.722423  21828.018882   -558.563202  3  5  5  69       
PG12  10253.833365  22285.838495   9983.901054   -473.062390  4  3  5  62       
PG13  -7444.668946  19089.161983 -16980.017240    620.861447  1  4     70       
PG14 -14394.234671   6525.448764 -21305.581022    312.547243  3  3  5  84       
PG15   5605.469783  16773.648678 -20250.122591    122.552430  6  4  4  63       
PG16   1116.715088 -25472.979079   6194.339509   -373.376118  6  2  3  69       
PG17 -22574.446103  12175.598302  -6762.689843    718.477282  6  4  5  79       
PG18  25589.768613   4388.781780  -6026.742357   -544.337822  7  2  4  64       
PG19 -20555.316220  16409.599855   1617.796226    433.738868  7  4  5  95       
PG20  -1379.057986  22735.309707  13860.827789    389.388322  3  4  4  77       
PG21 -13373.595399 -15247.250251 -17150.792004    136.677849  6  5  1  89       
PG22 -11158.279240  15035.015415 -18522.159996     39.481975  2  2     65       
PG23  15584.168518   3245.864676 -21272.943722    145.790884  6  4  5  62       
PG24  15481.737749  15378.873239 -15826.814418   -423.239507  6  6  6  30       
PG25  15574.388165  12608.758659  17228.044958    487.007361  4  4  4  87       
PG26   6178.274770 -20201.044207  15728.198095    195.325097  3  5  3  83       
PG27   9013.324998 -20976.810365 -13467.835669      0.506262  6  5  8  92       
PG28  18038.088881  -7821.986751  17831.606426   -114.793626  4  2  5  84       
PG29  18962.053765   1236.979235  18549.984357   -607.883996  6  5     97       
PG30 -22604.776499   3262.554919 -13652.887667   -438.981464  5  3  2  57       
PG31   9619.642698 -12558.989911  21174.880318   -227.573741  4  5  3  84       
PG32  21018.069790 -15430.244750  -4232.241636   -608.670014  7  8  5  52       
*  2024  1 30 14 45  0.00000000
PG01 -20924.004410 -12971.970565 -10735.848970    167.704137  6  4     77       
PG02 -15688.310888 -13765.922321 -16075.498514   -493.101897  5  6  3  96       
PG03 -11813.396650 -22486.756305   7826.219389    160.840799  4  3  3  70       
PG04  -9005.635231 -12280.456921  21765.844656    279.250223  4  5  5  89       
PG05   6078.157950  25534.772405   3545.716742   -159.917559  2     4  58       
PG06 -17720.388609   7780.489937  18308.607136    426.047817  4  2  5  81       
PG07 -26155.033209  -5706.781608  -1137.869890    -49.973714  2  3  4  71       
PG08  -1832.613804 -18195.318795 -19199.762128   -164.636873  6  7  5  95       
PG09 -18308.592326    -21.920569  19179.893571     75.685279  6  6  7  70       
PG10  12652.083122  -8226.332107 -21614.566440    -71.353119  7  5  3  83       
PG11  -6129.968317  13896.298682  21811.824949   -558.575464  4  5  5  83       
PG12  10208.775158  23336.749177   7366.179530   -473.065330  2  2  5  66       
PG13  -8996.262548  20019.890133 -14999.936021    620.864930  2  4  1  57       
PG14 -14960.101396   4129.536617 -21530.045031    312.556383  3  2  5  87       
PG15   4179.710684  18416.563402 -19087.467932    122.555681  6  3  4  68       
PG16   1532.346948 -24613.291129   8898.678954   -373.368784  6  2  2  82       
PG17 -21970.012488  11383.510821  -9424.978670    718.476136  5  4  4  78       
PG18  26036.570772   4731.712875  -3219.109404   -544.345696  6  2  4  34       
PG19 -20745.025465  16232.226855  -1277.951149    433.743440  7  4  5  84       
PG20  -2244.554177  21271.008204  15913.192262    389.387419  3  4  4  82       
PG21 -11281.671804 -14956.338465 -18704.058555    136.676462  6  6  2  94       
PG22 -11619.193991  12811.472557 -19808.803439     39.476752  3  2     59       
PG23  16172.734219   5550.351430 -20354.478936    145.797906  6  4  5  75       
PG24  13644.697851  15218.091251 -17582.557170   -423.245509  5  6  6  45       
PG25  15899.250935  14506.679693  15399.809830    487.008487  4  4  4  81       
PG26   7016.522091 -18429.156327  17474.592913    195.321662  4  5  4  83       
PG27  10155.797280 -21783.406988 -11080.558098      0.503074  6  5  8  69       
PG28  19884.482567  -7198.393943  16043.076949   -114.804522  4  3  4  87       
PG29  17332.334928   2724.851260  19921.926500   -607.883168  6  5     96       
PG30 -23926.199545   2620.965998 -11395.953905   -438.977152  5  3  2  55       
PG31  11918.195264 -11793.296793  20477.240032   -227.574021  5  5  3  88       
PG32  20726.973372 -14772.463492  -7003.758860   -608.672216  7  7  6  96       
*  2024  1 30 15  0  0.00000000
PG01 -19627.218674 -12781.863044 -13180.948865    167.705176  6  4     66       
PG02 -13668.206156 -13653.009636 -17841.527020   -493.096962  6  6  3  87       
PG03 -11871.919511 -23255.620769   5061.147205    160.863347  3  4  3  35       
PG04  -7261.028213 -14021.626841  21349.836170    279.258923  4  5  5  75       
PG05   5652.883220  25067.733757   6349.084700   -159.918868  2     4  70       
PG06 -19619.024528   7246.083100  16504.794170    426.035164  4  3  5  86       
PG07 -26124.050867  -5954.818932   1669.123341    -49.982216  2  3  5  48       
PG08   -344.964182 -19699.999817 -17697.074396   -164.637664  6  6  5 120       
PG09 -16902.652959  -1815.776467  20339.094647     75.696486  6  6  6  95       
PG10  13462.185000  -5826.438158 -21928.817671    -71.354356  7  5  3  84       
PG11  -8505.611293  13229.901692  21421.117371   -558.587475  5  6  6  88       
PG12  10149.441525  24090.764026   4621.012954   -473.069098  1  3  6  71       
PG13 -10314.160655  20881.321152 -12762.433565    620.867861  3  3  2  73       
PG14 -15645.086144   1762.285261 -21383.227551    312.565507  4  2  5  79       
PG15   2914.859964  20008.396821 -17606.897783    122.559439  6  3  4  29       
PG16   2058.064570 -23480.409182  11443.775915   -373.361696  5  3  2  80       
PG17 -21197.847071  10351.972110 -11923.507221    718.475553  5  5  4  92       
PG18  26190.142560   4974.896010   -356.673879   -544.353620  5  3  4  49       
PG19 -20695.698600  15848.147685  -4151.249310    433.747932  7  5  5  78       
PG20  -3283.516875  19660.952991  17694.741645    389.385490  3  4  4  97       
PG21  -9009.809539 -14756.319637 -19932.235039    136.675150  7  6  2 102       
PG22 -12222.841076  10485.648628 -20744.264194     39.470791  3  1  1  71       
PG23  16845.745374   7700.439722 -19086.673408    145.804949  5  4  4  80       
PG24  11624.937271  15125.566867 -19049.001239   -423.251524  5  6  6  54       
PG25  16249.649295  16170.003919  13303.661624    487.009580  4  5  4  79       
PG26   8002.335708 -16531.191885  18912.988433    195.318238  4  5  4  75       
PG27  11068.924823 -22439.430744  -8500.569511      0.499930  6  6  8 104       
PG28  21546.139812  -6712.075858  13977.960060   -114.815421  5  4  5  92       
PG29  15685.528465   4392.765677  20950.532086   -607.882508  6  5     98       
PG30 -25017.665456   2104.415778  -8944.425206   -438.972950  5  2  3  63       
PG31  14151.764789 -11170.836488  19423.464345   -227.573927  5  5  3  94       
PG32  20263.868823 -13869.418408  -9652.497992   -608.674421  7  6  6  91       
*  2024  1 30 15 15  0.00000000
PG01 -18065.441310 -12622.046763 -15407.108531    167.706297  6  4  1  88       
PG02 -11455.711634 -13634.658991 -19291.234137   -493.091626  6  7  3  95       
PG03 -11858.977027 -23722.430478   2209.305653    160.885889  4  4  4  72       
PG04  -5653.924758 -15801.681852  20566.234835    279.267592  4  5  5  75       
PG05   5074.877527  24338.075166   9042.043570   -159.920079  2     4  62       
PG06 -21327.893137   6856.248783  14419.568597    426.022502  4  3  5  82       
PG07 -25798.755081  -6152.536746   4448.336590    -49.990379  1  3  5  51       
PG08    954.277804 -21130.225441 -15887.233654   -164.639448  6  6  5 108       
PG09 -15522.790628  -3769.061510  21146.250512     75.707625  6  6  6  93       
PG10  14406.561630  -3464.487898 -21858.113965    -71.355859  7  5  2  90       
PG11 -10849.980007  12703.101399  20662.445797   -558.599544  5  7  6  93       
PG12  10037.925014  24543.881964   1796.162719   -473.072769     3  6  57       
PG13 -11392.795014  21630.167241 -10305.237443    620.871218  3  3  2  59       
PG14 -16433.967530   -530.913238 -20868.217267    312.574658  4  3  5  71       
PG15   1816.830835  21506.413729 -15831.764581    122.562417  6  3  4  41       
PG16   2720.530233 -22105.237252  13783.737014   -373.354554  5  3  2  92       
PG17 -20298.090071   9074.152173 -14213.814120    718.474548  4  5  4  73       
PG18  26037.934579   5154.625707   2511.832851   -544.361543  4  3  4  12       
PG19 -20437.680773  15233.784186  -6951.775630    433.752831  6  5  5  74       
PG20  -4498.992280  17948.465960  19174.987693    389.384615  4  5  3  94       
PG21  -6599.552448 -14668.208226 -20810.578097    136.673802  7  6  3  93       
PG22 -12970.436202   8106.913750 -21310.492544     39.465020  4     3  70       
PG23  17572.257751   9659.559443 -17491.764598    145.811953  4  4  5  70       
PG24   9457.470574  15124.084032 -20201.943051   -423.257555  5  5  6  34       
PG25  16589.999371  17577.158861  10977.096300    487.010696  4  4  4  91       
PG26   9136.404580 -14552.426885  20018.611275    195.314818  4  5  4  91       
PG27  11762.266438 -22904.967009  -5772.070351      0.496737  5  7  9 103       
PG28  22984.877780  -6342.557778  11671.890430   -114.826302  5  4  4  69       
PG29  14064.909671   6218.447825  21617.732083   -607.882116  6  5  1 105       
PG30 -25851.429909   1687.546810  -6340.513123   -438.968629  5  2  3  57       
PG31  16273.401086 -10688.918495  18033.223123   -227.574218  5  5  3 102       
PG32  19667.143116 -12712.610428 -12131.773529   -608.676630  7  5  7  84       
*  2024  1 30 15 30  0.00000000
PG01 -16264.694997 -12527.930729 -17377.732410    167.707447  6  5  2  97       
PG02  -9093.436125 -13732.430929 -20397.264567   -493.086579  6  7  3  89       
PG03 -11735.849929 -23893.877789   -680.350713    160.908410  3  5  4  53       
PG04  -4207.296921 -17577.706879  19428.139504    279.276198  4  5  5  85       
PG05   4319.055335  23376.370660  11577.506127   -159.921657  3  2  3  75       
PG06 -22807.630082   6588.427233  12088.470281    426.009826  4  3  5  53       
PG07 -25181.201235  -6336.566177   7153.821430    -49.999087  2  4  5  58       
PG08   2060.813702 -22440.980517 -13800.704550   -164.641669  6  5  5 104       
PG09 -14205.684639  -5850.443701  21587.127688     75.718851  6  6  5  93       
PG10  15465.238588  -1188.336070 -21404.743436    -71.357273  6  5  3  89       
PG11 -13114.443405  12315.281932  19548.675742   -558.611563  5  7  6  83       
PG12   9837.046593  24701.014376  -1059.569179   -473.076276     4  6  51       
PG13 -12235.175081  22224.340720  -7670.104119    620.874351  3  3  3  24       
PG14 -17304.484601  -2708.209855 -19994.425442    312.583810  4  3  5 101       
PG15    884.033398  22868.347464 -13790.456198    122.566180  6  4  4  54       
PG16   3540.032315 -20525.436776  15876.370959   -373.347241  5  3  3  92       
PG17 -19313.100212   7552.128297 -16254.700390    718.473703  3  4  4  78       
PG18  25576.104483   5309.068083   5337.597424   -544.369485  4  3  4  52       
PG19 -20006.794360  14372.998715  -9630.787113    433.757577  6  5  5  69       
PG20  -5885.970804  16178.021558  20328.482210    389.383334  5  5  3  92       
PG21  -4097.392339 -14705.844655 -21320.191531    136.672999  7  6  3 103       
PG22 -13854.746938   5725.372998 -21496.118820     39.459458  4     4  75       
PG23  18316.300482  11398.083993 -15597.500956    145.818975  4  4  4  67       
PG24   7181.599928  15230.249130 -21022.082767   -423.263552  4  5  6  63       
PG25  16882.641156  18714.987195   8461.270870    487.011815  5  5  4  88       
PG26  10411.576400 -12538.766189  20772.752943    195.311279  4  4  5  91       
PG27  12253.166563 -23144.388674  -2942.303020      0.493544  5  8  9 104       
PG28  24168.514934  -6063.228230   9164.652024   -114.837180  5  5  4  64       
PG29  12510.052090   8172.078345  21911.676747   -607.881757  6  5  2 111       
PG30 -26406.662609   1340.495978  -3628.806897   -438.964317  4  2  4  12       
PG31  18238.810693 -10336.961445  16331.870806   -227.574187  5  5  3  94       
PG32  18977.650711 -11302.250332 -14397.811092   -608.678767  7  4  8  68       
*  2024  1 30 15 45  0.00000000
PG01 -14258.030849 -12530.099652 -19060.393542    167.708590  6  5  3  99       
PG02  -6628.852785 -13960.528649 -21138.374614   -493.081503  7  7  4  93       
PG03 -11466.658432 -23785.327931  -3558.402006    160.930971  4  5  5  71       
PG04  -2936.291064 -19304.271525  17954.802316    279.284871  4  5  5  79       
PG05   3367.136732  22219.226129  13911.016681   -159.923596  3  3  3  75       
PG06 -24025.114425   6413.719515   9551.203807    425.997121  4  4  5  52       
PG07 -24281.457705  -6542.874427   9741.248320    -50.007262  2  3  6  75       
PG08   2978.560902 -23588.703683 -11473.048192   -164.643507  5  4  5 103       
PG09 -12982.730885  -8022.407219  21653.861366     75.729993  6  6  4  91       
PG10  16610.904115    958.621731 -20577.772451    -71.357913  6  4  3  71       
PG11 -15251.969727  12057.747901  18098.780762   -558.623585  5  7  6  73       
PG12   9511.962159  24575.641316  -3897.191030   -473.079445     4  6  71       
PG13 -12852.628712  22624.652138  -4902.138792    620.877679  3  3  3  35       
PG14 -18228.182127  -4732.700658 -18777.386887    312.592990  4  3  5  86       
PG15    107.544095  24053.921670 -11516.052036    122.569653  5  5  5  64       
PG16   4529.434865 -18783.972348  17684.053824   -373.339926  5  4  3  79       
PG17 -18285.757723   5797.098125 -18009.060089    718.473132  3  4  4  87       
PG18  24809.702528   5476.615798   8072.528146   -544.377367  3  4  4  68       
PG19 -19442.782202  13257.862807 -12141.995925    433.762241  5  5  6  63       
PG20  -7431.388016  14393.642545  21135.252411    389.381829  5  5  3  88       
PG21  -1553.204055 -14875.149876 -21448.616934    136.671871  7  6  4 105       
PG22 -14860.229369   3390.026746 -21296.768194     39.453789  5     4  98       
PG23  19038.304240  12894.251082 -13436.644874    145.825984  3  4  4  38       
PG24   4839.665606  15453.805078 -21495.319516   -423.269561  4  5  6  69       
PG25  17089.422476  19579.004220   5800.222023    487.012908  4  4  4  91       
PG26  11813.011718 -10535.057865  21163.066927    195.307865  4  4  5  97       
PG27  12565.936281 -23127.883766    -60.723237      0.490339  5  9  9  79       
PG28  25072.014839  -5842.547960   6499.486991   -114.848041  6  5  3  69       
PG29  11055.384061  10217.260175  21826.964346   -607.880415  6  5  3 110       
PG30 -26670.164408   1030.243123   -855.521733   -438.960049  4  2  4  54       
PG31  20007.888958 -10097.094669  14349.913840   -227.574275  5  5  3 103       
PG32  18237.015689  -9647.467523 -16410.578854   -608.681014  6  3  8  87       
*  2024  1 30 16  0  0.00000000
PG01 -12084.448310 -12653.088247 -20427.295107    167.709786  7  6  3 101       
PG02  -4112.606892 -14325.074076 -21499.958576   -493.076407  7  7  4  91       
PG03 -11019.898654 -23420.109043  -6375.793042    160.953523  4  6  5  66       
PG04  -1847.799831 -20935.085802  16171.321241    279.293500  3  5  5  90       
PG05   2208.594950  20907.857455  16001.573117   -159.924748  3  4  3  95       
PG06 -24954.634659   6298.155531   6850.983422    425.984404  4  4  5  16       
PG07 -23117.227753  -6805.283199  12168.521437    -50.015812  3  3  6  76       
PG08   3719.344963 -24532.982699  -8944.337730   -164.644446  5  4  5 104       
PG09 -11878.895394 -10242.521133  21345.109704     75.741151  5  5  4  92       
PG10  17809.968267   2938.931881 -19392.800548    -71.359105  6  4  4  54       
PG11 -17218.769296  11914.153989  16337.529902   -558.635652  5  8  7  79       
PG12   9031.665993  24189.155724  -6668.352269   -473.083202  2  5  6  27       
PG13 -13264.218049  22796.425556  -2049.037806    620.880552  3  3  3  71       
PG14 -19171.503168  -6573.630104 -17238.459398    312.602128  4  4  5  50       
PG15   -528.445541  25026.337470  -9045.893693    122.572813  5  6  5  70       
PG16   5693.445308 -16927.442133  19174.492695   -373.332730  5  4  3  80       
PG17 -17257.732664   3829.227332 -19444.656609    718.472080  3  4  4  91       
PG18  23752.534231   5694.237691  10670.047059   -544.385243  3  4  4  72       
PG19 -18787.623002  11889.097032 -14442.376421    433.766730  5  5  6  56       
PG20  -9114.436522  12637.320111  21581.152012    389.380754  6  5  3  86       
PG21    981.508166 -15173.703149 -21190.316172    136.670484  7  7  4  96       
PG22 -15963.529798   1146.964325 -20715.223939     39.448338  5  2  5  94       
PG23  19696.672797  14134.782988 -11046.398622    145.832942  3  4  4   5       
PG24   2475.688951  15797.194188 -21612.990529   -423.275566  4  5  6  71       
PG25  17173.288455  20173.325401   3040.061860    487.014024  5  4  4  68       
PG26  13318.655795  -8583.473589  21183.734575    195.304498  4  4  5  93       
PG27  12730.744022 -22832.781190   2821.900917      0.487128  4  9  9  93       
PG28  25678.364126  -5645.455473   3722.344974   -114.858921  6  6  3  72       
PG29   9728.953011  12312.251612  21364.757574   -607.880018  6  5  4 104       
PG30 -26636.806344    722.070920   1932.265957   -438.955710  4  3  5  29       
PG31  21546.078702  -9945.042755  12122.404596   -227.574453  5  5  4  88       
PG32  17485.909894  -7766.162216 -18134.549287   -608.683250  6  3  8  95       
*  2024  1 30 16 15  0.00000000
PG01  -9787.613290 -12914.382173 -21455.673042    167.710973  7  6  3  97       
PG02  -1596.671353 -14823.730558 -21474.436799   -493.071240  7  7  5  99       
PG03 -10369.809621 -22828.516004  -9084.646053    160.976114  4  6  6  98       
PG04   -940.360223 -22424.707344  14108.226907    279.302100  3  6  5  87       
PG05    841.298260  19486.491630  17812.391024   -159.926318  4  5  3  77       
PG06 -25578.786387   6204.161823   4033.819866    425.971659  4  5  5  50       
PG07 -21713.220844  -7154.088070  14396.344381    -50.024183  4  3  6  68       
PG08   4302.268569 -25238.155098  -6258.470633   -164.646435  5  4  6 109       
PG09 -10911.830602 -12464.909502  20666.090299     75.752287  5  5  3  82       
PG10  19023.873145   4722.310977 -17871.596911    -71.359863  6  3  4  66       
PG11 -18975.822293  11861.241804  14295.074700   -558.647709  5  8  6  83       
PG12   8370.335381  23569.926871  -9326.141153   -473.086398  3  5  6  59       
PG13 -13495.849043  22710.964933    839.734931    620.883757  3  3  4  82       
PG14 -20097.085206  -8207.352129 -15404.428965    312.611265  5  5  5  72       
PG15  -1045.909351  25753.671180  -6421.068135    122.576408  4  6  4  46       
PG16   7028.234477 -15004.267501  20321.365701   -373.325323  5  5  3  84       
PG17 -16267.791298   1677.128001 -20534.821597    718.470891  4  4  4  90       
PG18  22426.704962   5995.885111  13085.859036   -544.393142  3  4  4  75       
PG19 -18083.789883  10276.169495 -16492.889447    433.771548  5  5  6  61       
PG20 -10907.179406  10947.517089  21658.121653    389.379699  6  5  2  87       
PG21   3455.485125 -15590.678872 -20547.016911    136.669362  7  7  5 100       
PG22 -17134.335024   -962.328649 -19761.429171     39.442781  6  3  6  81       
PG23  20249.437572  15115.185865  -8467.763663    145.839927  2  4  4  41       
PG24    133.950765  16255.386807 -21372.050652   -423.281538  4  5  6  68       
PG25  17099.815036  20510.275865    228.167092    487.015155  4  4  5  77       
PG26  14900.005162  -6722.020068  20835.500568    195.301084  4  4  5  92       
PG27  12782.257304 -22244.613208   5654.443718      0.483933  5  9  9  21       
PG28  25979.151030  -5434.913557    881.086235   -114.869841  6  6  3  62       
PG29   8551.446464  14411.419135  20532.784042   -607.879634  5  5  4 104       
PG30 -26309.677551    381.080557   4687.385269   -438.951420  4  3  5  67       
PG31  22825.507975  -9851.252134   9688.277262   -227.574814  5  5  4  83       
PG32  16762.379458  -5684.504826 -19539.372873   -608.685506  6  3  8 103       
*  2024  1 30 16 30  0.00000000
PG01  -7414.417158 -13323.678908 -22128.137529    167.712184  7  7  3 104       
PG02    867.570694 -15445.696436 -21061.487815   -493.066275  6  7  5  98       
PG03  -9497.520623 -22046.568248 -11639.044204    160.998706  5  6  6  91       
PG04   -204.382947 -23730.233893  11800.969376    279.310734  3  6  4  91       
PG05   -728.182958  18000.655020  19311.592632   -159.926961  4  5  3  90       
PG06 -25889.067730   6092.173910   1147.759342    425.958897  4  5  5  40       
PG07 -20100.298764  -7614.821796  16388.736752    -50.032470  4  3  6  84       
PG08   4752.778752 -25674.746109  -3462.388895   -164.647431  5  4  6 104       
PG09 -10091.289738 -14641.865895  19628.497285     75.763455  4  4  3  72       
PG10  20210.597362   6286.575783 -16041.631323    -71.361711  6  2  5  68       
PG11 -20490.232909  11869.856000  12006.441825   -558.659840  5  8  6  76       
PG12   7508.468278  22752.123608 -11825.838134   -473.089991  4  5  6  54       
PG13 -13579.106166  22346.809717   3713.823430    620.887014  3  3  4  73       
PG14 -20965.208963  -9618.015319 -13307.029216    312.620394  5  5  5  65       
PG15  -1472.015094  26210.127839  -3685.803346    122.579788  3  6  4   9       
PG16   8521.425897 -13062.823156  21104.821179   -373.318067  5  5  3  91       
PG17 -15350.214327   -623.019454 -21259.054014    718.470493  4  4  4  86       
PG18  20861.862720   6411.014949  15278.686763   -544.401078  3  4  4  80       
PG19 -17372.523218   8437.054936 -18259.113090    433.776545  4  5  6  59       
PG20 -12775.444774   9357.810424  21364.353186    389.378049  6  5  2  69       
PG21   5819.628170 -16107.162556 -19527.894743    136.668411  6  7  5  95       
PG22 -18336.537253  -2902.472715 -18452.322773     39.437330  5  4  6  76       
PG23  20655.932333  15839.719669  -5744.844301    145.846871  2  4  4  44       
PG24  -2142.449198  16815.985315 -20775.187802   -423.287619  5  5  6  71       
PG25  16838.629712  20609.705116  -2587.623836    487.016267  4  4  5  76       
PG26  16523.133849  -4983.239295  20125.582286    195.297662  4  4  5  94       
PG27  12758.089631 -21357.863103   8386.408344      0.480714  4  9  9  10       
PG28  25974.822647  -5173.535791  -1975.347238   -114.880765  6  6  3  70       
PG29   7535.508871  16466.854609  19345.219412   -607.879077  5  5  6 103       
PG30 -25699.939434    -26.293309   7363.329128   -438.947106  4  3  5  66       
PG31  23825.869474  -9782.210979   7089.640702   -227.574911  5  5  4  75       
PG32  16100.290344  -3436.101936 -20600.447668   -608.687727  6  4  8 106       
*  2024  1 30 16 45  0.00000000
PG01  -5013.423925 -13882.434017 -22432.950727    167.713416  7  7  4 117       
PG02   3231.230892 -16172.075772 -20268.112189   -493.060898  6  7  5  86       
PG03  -8391.937416 -21114.570044 -13995.775067    161.021274  5  6  6  96       
PG04    377.294900 -24812.914658   9289.312681    279.319334  3  7  4  90       
PG05  -2484.619251  16495.418188  20472.804749   -159.928851  4  5  3  85       
PG06 -25886.149455   5922.332341  -1757.914298    425.946119  4  5  4  62       
PG07 -18314.427455  -8207.198963  18113.502247    -50.040710  5  4  5  86       
PG08   5101.467776 -25820.680994   -605.221972   -164.649024  4  3  6  89       
PG09  -9418.862716 -16725.549235  18250.299948     75.774604  4  5  3  74       
PG10  21326.291619   7618.244623 -13935.514114    -71.363636  5  2  5  80       
PG11 -21736.357581  11906.200707   9510.939176   -558.671994  4  7  6           
PG12   6433.774941  21774.345456 -14125.615784   -473.093041  5  6  6  43       
PG13 -13549.856169  21690.724872   6522.890419    620.890369  3  3  4  73       
PG14 -21735.343878 -10797.949159 -10982.384543    312.629442  5  6  5  78       
PG15  -1837.930482  26377.097998   -886.779058    122.583217  2  6  4  52       
PG16  10152.453057 -11149.591269  21511.824247   -373.310931  5  5  4  90       
PG17 -14533.398106  -3028.670901 -21603.498585    718.469503  5  4  4  94       
PG18  19094.166317   6963.285317  17210.960767   -544.408983  3  4  4  80       
PG19 -16692.185804   6397.670000 -19711.772419    433.781414  4  6  5  72       
PG20 -14679.970301   7895.724480  20704.353365    389.376687  6  5  2  75       
PG21   8028.867788 -16696.847143 -18149.570077    136.667046  6  7  5  96       
PG22 -19529.663553  -4645.438391 -16811.511390     39.431466  6  5  7  71       
PG23  20878.425029  16321.042405  -2924.106949    145.853875  3  4  4  68       
PG24  -4313.004193  17459.605049 -19830.869045   -423.293569  5  5  6  56       
PG25  16364.669077  20498.040069  -5359.793318    487.017381  4  4  5  85       
PG26  18149.934335  -3393.145988  19067.460332    195.294364  4  3  5  86       
PG27  12697.117366 -20176.359501  10968.920540      0.477479  4  9  9           
PG28  25674.611526  -4825.228967  -4797.777891   -114.891638  6  6  2  51       
PG29   6685.381797  18430.094467  17822.453969   -607.878640  5  6  6 100       
PG30 -24826.393773   -530.823909   9914.994612   -438.942872  4  3  5  30       
PG31  24535.015027  -9701.908370   4371.042375   -227.574964  5  5  4  83       
PG32  15527.958277  -1060.862923 -21299.371655   -608.689964  6  4  7 103       
*  2024  1 30 17  0  0.00000000
PG01  -2633.256543 -14583.709935 -22364.237558    167.714631  7  7  5 113       
PG02   5449.721753 -16976.613619 -19108.521964   -493.055545  6  7  5  97       
PG03  -7050.335756 -20075.528200 -16115.024361    161.043861  5  6  6 103       
PG04    828.554762 -25639.616702   6616.647109    279.327902  3  8  3  64       
PG05  -4404.515692  15013.669048  21275.651988   -159.930224  3  6  3  81       
PG06 -25579.808708   5656.198149  -4633.502270    425.933356  4  5  4  67       
PG07 -16395.469900  -8944.273395  19542.649074    -50.049031  5  5  5  84       
PG08   5382.655771 -25662.217520   2262.629463   -164.650775  4  4  6  73       
PG09  -8888.043942 -18669.694335  16555.426253     75.785704  4  5  3  77       
PG10  22326.978881   8712.794072 -11590.360530    -71.365066  4  2  5  85       
PG11 -22696.663472  11933.287689   6851.484948   -558.684131  4  7  6  54       
PG12   5141.794358  20678.114950 -16187.178028   -473.096709  5  6  5  52       
PG13 -13446.675617  20738.380527   9217.544790    620.893364  3  4  4  83       
PG14 -22367.731222 -11747.739758  -8470.387053    312.638527  5  6  5  70       
PG15  -2177.446662  26243.969737   1927.641566    122.586628  2  6  4  63       
PG16  11893.265718  -9307.420656  21536.345029   -373.303563  4  5  3 100       
PG17 -13838.703421  -5492.403325 -21561.285795    718.468623  5  4  4  82       
PG18  17165.016230   7669.473780  18849.454002   -544.416887  4  4  4  83       
PG19 -16076.762850   4191.012514 -20827.163921    433.786335  4  6  5  75       
PG20 -16577.756986   6581.800203  19688.903715    389.375496  6  5  2  60       
PG21  10043.893952 -17327.089983 -16435.905085    136.665887  6  7  5  90       
PG22 -20670.506205  -6171.475192 -14868.785693     39.425423  5  5  7  63       
PG23  20883.645795  16579.544222    -53.606545    145.860858  2  4  4  78       
PG24  -6341.135792  18160.525236 -18553.311289   -423.299517  5  4  6  64       
PG25  15659.230563  20207.117444  -8041.896603    487.018507  3  4  5  77       
PG26  19739.520614  -1970.439448  17680.559824    195.290951  4  3  5  81       
PG27  12637.739084 -18713.294436  13355.703075      0.474246  3  9  9  78       
PG28  25096.135129  -4356.786889  -7537.641100   -114.902554  5  6  3  73       
PG29   5996.882223  20253.873936  15990.745825   -607.878224  4  7  7 103       
PG30 -23714.782120  -1159.143027  12299.396389   -438.938553  5  3  5  68       
PG31  24949.249721  -9573.375499   1578.716208   -227.575224  5  5  4  87       
PG32  15067.020153   1396.385612 -21624.268120   -608.692265  6  4  7  98       
*  2024  1 30 17 15  0.00000000
PG01   -320.975670 -15412.335360 -21922.125686    167.715861  7  7  6 113       
PG02   7484.381014 -17826.764487 -17603.856440   -493.050395  5  7  5  97       
PG03  -5478.641553 -18973.486479 -17961.011305    161.066499  5  6  7 100       
PG04   1178.872462 -26184.087718   3829.231191    279.336503  3  9  3  89       
PG05  -6456.841571  13594.485147  21706.134063   -159.931649  3  6  3  84       
PG06 -24988.527552   5258.422211  -7429.725936    425.920616  4  5  4  78       
PG07 -14385.859025  -9831.833380  20652.763255    -50.057338  5  5  5  79       
PG08   5632.813942 -25194.555670   5090.448079   -164.653586  3  4  6  84       
PG09  -8484.628971 -20431.269754  14573.337119     75.796869  3  5  3  67       
PG10  23170.252223   9574.568788  -9047.095163    -71.367026  4  2  5  81       
PG11 -23362.283540  11912.519925   4073.870779   -558.696230  4  7  6  74       
PG12   3636.216747  19506.287924 -17976.333074   -473.099842  6  6  5  64       
PG13 -13309.165612  19494.688484  11750.265335    620.896546  4  4  4  83       
PG14 -22824.945032 -12475.994947  -5814.018054    312.647613  5  7  6  77       
PG15  -2525.468828  25808.654925   4708.249723    122.589985  2  6  4  58       
PG16  13709.350034  -7573.965341  21179.388650   -373.296089  4  5  3  99       
PG17 -13279.606096  -7963.618990 -21132.719647    718.467315  5  5  5  92       
PG18  15119.594185   8538.660223  20165.850979   -544.424765  4  4  4 100       
PG19 -15554.561309   1856.043031 -21587.473181    433.790803  5  6  5  81       
PG20 -18423.582913   5428.936886  18334.914732    389.374017  6  5  3  57       
PG21  11832.659336 -17960.289351 -14417.594946    136.664753  5  6  5  88       
PG22 -21714.880178  -7469.685096 -12659.495090     39.420054  5  6  7  85       
PG23  20644.154359  16642.397968   2817.808274    145.867817  2  4  4  75       
PG24  -8195.405031  18887.594070 -16962.370219   -423.305491  4  4  6  31       
PG25  14710.784526  19772.842611 -10589.274977    487.019660  3  4  5  89       
PG26  21249.735783   -726.014870  15989.833910    195.287556  4  3  4  92       
PG27  12616.154130 -16990.859637  15504.004134      0.471011  3  9  8  60       
PG28  24264.684325  -3739.373045 -10147.821125   -114.913484  5  5  3  64       
PG29   5457.720189  21893.847506  13881.766266   -607.877428  3  8  7  96       
PG30 -22396.842923  -1932.549686  14476.344987   -438.934283  5  4  5  62       
PG31  25073.321269  -9360.250756  -1240.174026   -227.575236  4  5  4  57       
PG32  14731.593067   3887.479699 -21569.978066   -608.694498  6  5  7  90       
*  2024  1 30 17 30  0.00000000
PG01   1879.494532 -16345.373978 -21112.810268    167.717100  7  7  6 112       
PG02   9303.840062 -18685.045497 -15781.732070   -493.045104  4  7  5  84       
PG03  -3691.388283 -17851.838366 -19502.557959    161.089134  5  7  6  85       
PG04   1461.969354 -26427.964248    975.377222    279.345070  3 10  4  77       
PG05  -8604.067311  12271.671727  21756.878866   -159.932784  3  6  4  73       
PG06 -24138.770065   4698.304241 -10098.561128    425.907875  4  5  4  72       
PG07 -12329.192339 -10868.053190  21425.334781    -50.065652  6  5  5  80       
PG08   5888.895283 -24422.095727   7828.169909   -164.655839  3  4  7  85       
PG09  -8187.423529 -21972.017594  12338.499632     75.808073  4  5  3  83       
PG10  23816.905587  10216.355686  -6349.711887    -71.368427  4  2  5  76       
PG11 -23733.246189  11805.348624   1225.971547   -558.708318  4  7  5  46       
PG12   1928.903933  18301.439776 -19463.495886   -473.103394  6  7  5  41       
PG13 -13176.223275  17973.777259  14076.299559    620.899526  4  5  4  75       
PG14 -23073.372394 -12998.810119  -3058.625140    312.656647  5  7  5  83       
PG15  -2916.432142  25077.798241   7405.884676    122.593530  3  6  3  62       
PG16  15561.013461  -5980.366414  20448.872695   -373.288841  4  5  3  94       
PG17 -12861.190166 -10390.396186 -20325.304392    718.466722  5  5  5  85       
PG18  13005.264857   9571.707023  21137.241962   -544.432677  4  5  4  94       
PG19 -15147.153652   -563.644724 -21980.986727    433.795443  4  6  5  76       
PG20 -20171.620950   4442.033403  16665.174156    389.373205  6  5  3  58       
PG21  13371.575298 -18555.519247 -12131.558138    136.663853  5  6  5  91       
PG22 -22619.428005  -8538.217432 -10223.800329     39.414363  5  6  7  57       
PG23  20139.496154  16542.362930   5641.299617    145.874784  2  4  4  64       
PG24  -9850.553855  19605.362871 -15083.341092   -423.311467  4  4  6  64       
PG25  13515.522106  19233.726104 -12959.723687    487.020791  3  4  5  61       
PG26  22638.704083    337.213407  14025.262086    195.284114  4  2  4  81       
PG27  12664.737222 -15039.513700  17375.453646      0.467801  2  9  8  79       
PG28  23212.229130  -2949.834113 -12583.459998   -114.924338  4  5  3  83       
PG29   5048.143277  23310.207803  11532.045135   -607.876877  2  8  7  86       
PG30 -20909.160820  -2866.019810  16409.082186   -438.930000  5  4  4  77       
PG31  24920.110824  -9028.311557  -4038.285677   -227.575375  5  5  5  76       
PG32  14527.754074   6362.626278 -21138.117414   -608.696754  6  5  6  94       
*  2024  1 30 17 45  0.00000000
PG01   3928.839273 -17352.891438 -19948.538537    167.718309  7  7  7 108       
PG02  10885.075281 -19510.611228 -13675.640911   -493.040104  4  7  5  85       
PG03  -1711.353711 -16751.680015 -20713.585874    161.111762  5  7  6  94       
PG04   1714.292660 -26361.484376  -1895.404379    279.353710  3 10  5  87       
PG05 -10803.466645  11072.525063  21427.266208   -159.934244  3  6  4  79       
PG06 -23063.963924   3951.180687 -12594.058200    425.895195  3  6  4  52       
PG07 -10268.792010 -12043.412572  21847.035670    -50.073715  6  5  5  81       
PG08   6186.644702 -23358.331481  10427.345861   -164.657986  3  5  7  80       
PG09  -7969.235756 -23259.814641   9889.769537     75.819263  4  6  3  81       
PG10  24232.437216  10658.645877  -3544.503985    -71.369967  4  3  5  47       
PG11 -23818.370134  11574.938501  -1643.084404   -558.720386  4  6  5  52       
PG12     39.609784  17104.285205 -20624.117104   -473.106691  6  7  5  28       
PG13 -13084.342640  16198.602870  16154.516235    620.902538  4  5  4  69       
PG14 -23084.557984 -13338.956883   -251.166191    312.665745  5  7  5  73       
PG15  -3382.707685  24066.649722   9972.365821    122.597056  4  6  3  79       
PG16  17404.874721  -4550.227766  19359.362614   -373.281493  3  5  3  88       
PG17 -12580.008192 -12721.405718 -19153.607083    718.466483  5  6  5  76       
PG18  10869.898536  10761.058536  21746.533447   -544.440613  5  5  5  97       
PG19 -14868.600470  -3021.311689 -22002.200912    433.800230  5  7  4  73       
PG20 -21777.099532   3617.944675  14707.990861    389.372167  5  5  4  49       
PG21  14646.335472 -19070.344194  -9620.141463    136.662457  5  6  6  80       
PG22 -23343.390896  -9384.080983  -7605.827599     39.408516  4  6  7  48       
PG23  19357.104252  16316.387192   8368.842850    145.881766  3  5  4  65       
PG24 -11288.334982  20275.415111 -12946.665657   -423.317439  4  4  6  54       
PG25  12077.623789  18629.351374 -15114.109682    487.021924  3  5  5  46       
PG26  23866.367406   1224.176726  11821.276608    195.280708  4  2  4  83       
PG27  12810.582030 -12896.910529  18936.823655      0.464574  3  9  8  97       
PG28  21976.180679  -1971.793016 -14802.725509   -114.935204  4  4  3  59       
PG29   4741.882200  24469.138782   8982.326332   -607.876721  2  9  8  77       
PG30 -19291.849444  -3967.452852  18064.866228   -438.925666  5  4  4  68       
PG31  24510.041254  -8546.918542  -6768.833737   -227.575566  5  5  5  71       
PG32  14453.359520   8772.169332 -20337.000495   -608.699011  5  4  6 101       
*  2024  1 30 18  0  0.00000000
PG01   5793.671996 -18398.999549 -18447.509053    167.719560  7  6  7 109       
PG02  12214.097605 -20260.976625 -11324.217922   -493.034941  3  7  5  98       
PG03    431.110793 -15710.263408 -21573.534175    161.134413  4  7  6 107       
PG04   1973.386054 -25983.875687  -4733.285357    279.362333  3 10  6  96       
PG05 -13008.630933  10016.870765  20723.420411   -159.935781  2  6  4  64       
PG06 -21803.223748   2999.586726 -14873.134094    425.882605  3  6  5  78       
PG07  -8246.275264 -13340.888881  21909.947858    -50.081813  6  4  4  81       
PG08   6558.961851 -22025.381934  12842.070667   -164.659160  3  5  7  65       
PG09  -7798.111026 -24269.801513   7269.695230     75.830473  4  6  3  71       
PG10  24388.372118  10928.618492   -679.278172    -71.371582  4  3  5  78       
PG11 -23634.828225  11187.775488  -4483.769815   -558.732460  4  6  4  75       
PG12  -2004.587191  15952.186630 -21439.036236   -473.109937  6  7  5  35       
PG13 -13066.017113  14200.208635  17948.191019    620.905772  5  5  4  80       
PG14 -22836.363083 -13524.826572   2560.568296    312.674838  5  7  5  43       
PG15  -3953.066868  22798.595162  12361.441764    122.600500  5  6  4  78       
PG16  19195.491959  -3298.921228  17931.679459   -373.274498  3  5  3  93       
PG17 -12424.315602 -14907.808446 -17638.958791    718.464819  5  6  5  67       
PG18   8760.177100  12090.870255  21982.766940   -544.448532  5  6  5 103       
PG19 -14724.975114  -5468.662850 -21651.832082    433.805093  4  7  4  64       
PG20 -23197.942909   2945.757149  12496.737864    389.370433  5  4  4  25       
PG21  15652.321927 -19462.723564  -6930.165955    136.661096  4  5  6  88       
PG22 -23850.267992 -10022.587733  -4852.750554     39.403175  3  6  7  54       
PG23  18292.913487  16004.061154  10954.015778    145.888735  3  5  5  89       
PG24 -12498.093624  20857.847125 -10587.540570   -423.323426  4  3  5  29       
PG25  10409.243055  17998.827960 -17016.935486    487.023038  3  5  5  51       
PG26  24895.948594   1947.216824   9416.130343    195.277283  4  2  3  81       
PG27  13074.278713 -10606.535765  20160.672167      0.461327  4  8  7 104       
PG28  20597.957712   -796.478880 -16767.525277   -114.946078  3  4  4  64       
PG29   4507.359400  25344.045657   6276.845534   -607.875991  2  9  8  83       
PG30 -17587.114677  -5237.183269  19415.499912   -438.921376  5  5  4  69       
PG31  23870.227837  -7890.322099  -9386.305347   -227.575513  5  5  5  36       
PG32  14498.207880  11068.341815 -19181.434780   -608.701241  5  4  6  85       
*  2024  1 30 18 15  0.00000000
PG01   7447.649926 -19443.146714 -16633.680572    167.720795  6  6  7 110       
PG02  13286.254382 -20893.807985  -8770.401974   -493.029649  3  6  5  90       
PG03   2699.034344 -14759.605951 -22067.694030    161.157011  4  7  5  97       
PG04   2276.216276 -25303.402409  -7489.007320    279.370939  2 10  6  88       
PG05 -15171.133758   9116.414745  19658.073236   -159.936734  2  6  4  66       
PG06 -20399.863658   1834.145611 -16896.322697    425.869891  3  6  5  76       
PG07  -6300.180407 -14736.419222  21611.737612    -50.090077  6  4  4  62       
PG08   7034.387676 -20453.181361  15029.856148   -164.660620  3  5  7  77       
PG09  -7638.759007 -24985.235998   4523.757125     75.841687  5  7  2  68       
PG10  24263.357964  11058.889454   2197.435016    -71.372961  5  3  5  85       
PG11 -23207.397005  10615.153062  -7247.022393   -558.744507  4  6  3  63       
PG12  -4170.117766  14877.802717 -21894.757452   -473.113623  7  7  4  45       
PG13 -13148.311773  12016.662658  19425.705907    620.909337  5  5  5  76       
PG14 -22313.896273 -13589.169299   5328.743106    312.683920  5  7  5  48       
PG15  -4651.273473  21304.354541  14529.731984    122.603857  5  6  3  72       
PG16  20887.058722  -2233.240555  16192.397108   -373.267190  2  4  3  95       
PG17 -12374.667665 -16905.049962 -15809.003233    718.464058  5  7  5  56       
PG18   6719.946901  13537.465753  21841.339051   -544.456467  5  6  5  87       
PG19 -14714.202114  -7857.479573 -20936.733303    433.809890  4  7  4  45       
PG20 -24396.327100   2407.374604  10069.300069    389.368810  5  5  4  61       
PG21  16394.572847 -19692.908897  -4111.848723    136.659343  4  5  6  81       
PG22 -24109.292859 -10476.459958  -2013.828025     39.397211  3  6  8  60       
PG23  16951.663495  15645.980071  13352.763289    145.895715  4  6  5  74       
PG24 -13477.071750  21312.849205  -8045.424683   -423.329440  4  3  6   3       
PG25   8530.208622  17379.283390 -18636.846385    487.024177  3  5  5  45       
PG26  25695.288327   2525.373030   6851.219231    195.273890  5  2  3  89       
PG27  13468.979042  -8216.111636  21025.854159      0.458085  3  9  7 107       
PG28  19121.413150    576.738442 -18444.155057   -114.957068  3  4  4  41       
PG29   4309.111876  25916.512813   3462.544007   -607.875369  3 10  8  75       
PG30 -15837.749396  -6667.775773  20437.794889   -438.917078  4  5  4  71       
PG31  23033.404050  -7038.786786 -11847.145773   -227.575774  5  4  5  10       
PG32  14644.535375  13206.933194 -17692.394913   -608.703506  5  4  5  85       
*  2024  1 30 18 30  0.00000000
PG01   8872.342013 -20441.613915 -14536.485970    167.721990  6  6  7  96       
PG02  14106.137385 -21368.700484  -6060.518520   -493.024463  3  6  5  83       
PG03   5050.030192 -13925.307240 -22187.455093    161.179649  4  7  4  88       
PG04   2657.523513 -24337.069528 -10114.759315    279.379550  3 10  7  82       
PG05 -17242.278029   8374.431056  18250.301758   -159.937905  2  6  4  55       
PG06 -18899.755011    454.148558 -18628.470027    425.857218  4  6  5  73       
PG07  -4464.693254 -16199.622564  20955.771837    -50.098407  6  4  4  63       
PG08   7635.779868 -18678.363059  16952.427640   -164.662684  3  5  6  79       
PG09  -7454.114984 -25398.038003   1699.557434     75.852921  5  6  3  67       
PG10  23843.998125  11086.075265   5037.163315    -71.373818  5  2  5  78       
PG11 -22567.421297   9834.477948  -9885.102211   -558.756601  4  6  3  41       
PG12  -6417.992659  13907.923275 -21983.646685   -473.116624  7  7  4  12       
PG13 -13351.666670   9691.716284  20561.145651    620.912345  6  5  5  72       
PG14 -21510.181369 -13567.676424   8006.265073    312.693048  5  7  5  37       
PG15  -5494.869445  19620.874587  16437.634488    122.607288  5  5  3  80       
PG16  22435.097426  -1351.407881  14173.247848   -373.260324  2  4  3  87       
PG17 -12404.850214 -18674.473920 -13697.107030    718.463409  4  7  5  76       
PG18   4788.681146  15070.107149  21324.117110   -544.464320  5  7  6  87       
PG19 -14826.209941 -10141.236514 -19869.723422    433.814846  4  6  4  68       
PG20 -25340.090013   1978.393203   7467.434579    389.367943  4  5  4  41       
PG21  16887.316208 -19725.238315  -1217.642281    136.658990  3  4  5  82       
PG22 -24096.667011 -10774.647269    860.574934     39.391371  3  6  7  18       
PG23  15346.878539  15282.076731  15524.126505    145.902745  5  6  5  77       
PG24 -14230.414601  21602.328808  -5363.445130   -423.335460  4  3  6  36       
PG25   6467.457485  16804.444833 -19947.078656    487.025341  4  5  4  68       
PG26  26238.008382   2983.423963   4170.371886    195.270509  4  2  3  81       
PG27  13999.788570  -5775.841026  21517.888444      0.454871  4  9  6 112       
PG28  17591.181502   2140.130180 -19803.870671   -114.967930  2  5  4  64       
PG29   4109.370689  26176.952177    588.233842   -607.874666  4 10  7  78       
PG30 -14085.613353  -8244.113754  21113.965706   -438.912759  4  5  4  82       
PG31  22036.661790  -5979.495839 -14110.410148   -227.575846  4  4  5  31       
PG32  14867.819861  15148.807296 -15896.586679   -608.705730  5  4  5  76       
*  2024  1 30 18 45  0.00000000
PG01  10057.811882 -21349.166544 -12190.447802    167.723200  5  6  7 100       
PG02  14687.110118 -21648.863684  -3243.313240   -493.019003  3  6  4  87       
PG03   7437.706261 -13225.616415 -21930.460268    161.202208  4  7  3  97       
PG04   3148.262313 -23109.995635 -12565.027966    279.388186  3 10  7  99       
PG05 -19174.855013   7785.796379  16525.148774   -159.939359  2  6  4  71       
PG06 -17349.591747  -1132.200046 -20039.361292    425.844579  4  6  5  77       
PG07  -2768.517321 -17694.764007  19951.170421    -50.106836  6  4  3  84       
PG08   8379.233353 -16742.885742  18576.425182   -164.664467  4  5  6  86       
PG09  -7206.972446 -25509.006109  -1154.023727     75.864141  6  6  3  84       
PG10  23125.395576  11049.226910   7792.257481    -71.375134  6  2  5  85       
PG11 -21751.534386   8830.342973 -12352.426865   -558.768723  4  6  3  65       
PG12  -8705.072759  13062.530376 -21704.048916   -473.119963  7  8  4  59       
PG13 -13688.982076   7273.239182  21334.777164    620.915560  6  5  4  76       
PG14 -20426.537746 -13497.459835  10547.557486    312.702127  5  7  5  66       
PG15  -6494.213774  17789.957206  18050.171859    122.610996  6  5  3  86       
PG16  23798.083221   -643.421305  11910.455818   -373.252747  1  4  4  86       
PG17 -12483.099401 -20184.685048 -11341.650485    718.462311  4  7  5  53       
PG18   3000.110960  16652.052634  20439.445895   -544.472233  5  7  6  70       
PG19 -15043.387965 -12276.646705 -18469.334558    433.819153  4  6  4  65       
PG20 -26003.939095   1629.232802   4736.053571    389.366501  4  5  5  40       
PG21  17153.099105 -19529.739528   1698.963763    136.657595  3  4  5  46       
PG22 -23796.503489 -10950.911952   3719.956540     39.385525  3  6  7  37       
PG23  13500.523605  14949.986632  17430.925829    145.909717  5  6  6  87       
PG24 -14770.870010  21691.512423  -2587.705505   -423.341456  4  3  6  65       
PG25   4254.219027  16303.357990 -20925.846799    487.026449  4  5  4  79       
PG26  26504.461610   3350.723626   1419.118102    195.267005  4  3  3  80       
PG27  14663.509395  -3336.568072  21629.174328      0.451646  5  9  6 110       
PG28  16051.010586   3877.715505 -20823.374373   -114.978804  2  6  4  80       
PG29   3869.733353  26124.916665  -2296.269139   -607.874226  4  9  7  31       
PG30 -12370.152729  -9943.780202  21431.947358   -438.908408  4  5  5  88       
PG31  20920.050611  -4707.205504 -16138.375877   -227.575947  4  4  5  55       
PG32  15137.856235  16861.212673 -13825.913631   -608.707901  5  5  5  66       
*  2024  1 30 19  0  0.00000000
PG01  11002.887122 -22120.804319  -9634.693654    167.724355  5  5  7  96       
PG02  15050.485288 -21702.643584   -368.965762   -493.013711  3  6  4  81       
PG03   9813.232509 -12670.784960 -21300.665762    161.224745  4  7  2  86       
PG04   3774.196035 -21654.479765 -14797.403545    279.396797  3  9  7  95       
PG05 -20924.844963   7337.366406  14513.135817   -159.940212     6  5  59       
PG06 -15795.129961  -2907.884684 -21104.267656    425.831933  4  6  5  91       
PG07  -1233.928562 -19181.935604  18612.787715    -50.114976  6  4  3  83       
PG08   9273.290271 -14692.462429  19873.994565   -164.665977  4  4  5  90       
PG09  -6861.621390 -25327.698967  -3987.689593     75.875369  6  6  4  70       
PG10  22111.391856  10988.192014  10416.630106    -71.376105  6  1  4  93       
PG11 -20800.184141   7595.323989 -14606.368960   -558.780808  4  7  3  82       
PG12 -10985.495373  12354.118158 -21060.324546   -473.123494  7  8  4  73       
PG13 -14165.024021   4811.496434  21733.401411    620.918526  6  5  5  82       
PG14 -19072.658532 -13415.485055  12909.311118    312.711214  5  7  5  60       
PG15  -7651.823332  15856.680160  19337.748689    122.614395  6  5  3  84       
PG16  24938.937062    -91.718928   9444.017503   -373.245643     4  4 101       
PG17 -12573.552752 -21412.606040  -8785.221366    718.461127  3  8  5  65       
PG18   1381.078664  18241.863197  19202.042699   -544.480117  5  8  6  84       
PG19 -15341.327576 -14225.082004 -16759.484038    433.824141  3  6  4  58       
PG20 -26370.407167   1326.480767   1922.441919    389.365840  3  5  5  39       
PG21  17221.564697 -19083.466044   4584.633667    136.656493  3  4  5  60       
PG22 -23201.448432 -11042.249012   6514.614765     39.379866  3  6  7  19       
PG23  11442.347947  14683.507033  19040.387592    145.916741  5  7  6  94       
PG24 -15118.183245  21550.459794    233.496679   -423.347501  4  3  6  51       
PG25   1928.977901  15899.286129 -21556.667692    487.027554  4  5  4  78       
PG26  26482.437350   3659.877896  -1356.052877    195.263625  4  3  3  99       
PG27  15448.740284   -947.934832  21359.057342      0.448499  5  9  6 118       
PG28  14542.141446   5765.689680 -21485.207962   -114.989715  2  6  4  95       
PG29   3552.861619  25769.067113  -5141.027878   -607.873775  5  9  6  66       
PG30 -10727.013147 -11737.720361  21385.630346   -438.904091  5  5  5  82       
PG31  19725.084618  -3224.627049 -17897.110914   -227.576118  4  4  5  96       
PG32  15420.056330  18318.837472 -11516.860547   -608.710112  6  5  5  79       
*  2024  1 30 19 15  0.00000000
PG01  11715.096693 -22713.545012  -6912.371748    167.725527  5  5  6  81       
PG02  15224.398286 -21504.820250   2511.889210   -493.008586  4  5  4  75       
PG03  12127.009086 -12262.729837 -20308.304208    161.247368  4  7  2  91       
PG04   4554.701414 -20008.799837 -16773.326450    279.405402  3  8  7 100       
PG05 -22452.992362   7008.675267  12249.681020   -159.941422     5  5  43       
PG06 -14279.469956  -4847.527090 -21804.401617    425.819289  4  6  5  79       
PG07    123.948398 -20618.420197  16961.115496    -50.123162  6  4  3  85       
PG08  10318.470326 -12574.859485  20823.257189   -164.667086  4  4  4  92       
PG09  -6385.427108 -24871.988158  -6752.589069     75.886602  6  6  5  77       
PG10  20814.495752  10941.964531  12866.461030    -71.376946  7     4  93       
PG11 -19756.023085   6130.468644 -16608.001270   -558.792862  5  7  4  71       
PG12 -13212.207836  11787.295421 -20062.803817   -473.126805  7  8  4  76       
PG13 -14776.174104   2357.339589  21750.571053    620.921704  6  5  4  80       
PG14 -17466.383029 -13357.016888  15051.201088    312.720342  5  7  5   5       
PG15  -8962.050813  13867.677723  20276.795278    122.618118  6  5  3  64       
PG16  25826.334835    327.876569   6816.947420   -373.238448     3  4  89       
PG17 -12637.864172 -22344.188114  -6073.736517    718.460022  4  8  5  63       
PG18    -49.341103  19794.910398  17632.779807   -544.487943  5  8  6  84       
PG19 -15689.818404 -15953.821183 -14769.076704    433.829029  3  6  5  74       
PG20 -26430.516671   1034.395321   -924.576378    389.364414  3  5  5  39       
PG21  17127.946691 -18371.508885   7387.327298    136.655530  3  5  5  59       
PG22 -22312.963973 -11087.211673   9196.530746     39.374027  4  6  7  45       
PG23   9208.938582  14511.208183  20324.704520    145.923726  6  7  6  88       
PG24 -15298.203412  21155.424224   3050.531766   -423.353546  4  3  5  53       
PG25   -465.750031  15608.826488 -21828.619340    487.028705  4  5  4  66       
PG26  26167.600177   3945.311852  -4108.434474    195.260229  3  4  3  80       
PG27  16336.324405   1343.388242  20713.748285      0.445346  5  9  6 117       
PG28  13101.798222   7773.157529 -21778.046551   -115.000595  2  7  4  89       
PG29   3124.136440  25126.795375  -7896.864855   -607.873432  5  9  6  16       
PG30  -9186.797340 -13591.165281  20975.007639   -438.899753  5  5  5  90       
PG31  18493.208274  -1542.522941 -19356.993248   -227.576117  4  4  5  80       
PG32  15676.918401  19504.572139  -9009.808788   -608.712328  6  6  5  31       
*  2024  1 30 19 30  0.00000000
PG01  12210.270357 -23088.173199  -4069.970079    167.726633  5  6  6  88       
PG02  15242.434229 -21037.632975   5349.108951   -493.003300  5  5  4  50       
PG03  14330.375215 -11995.021053 -18969.749444    161.269944  4  7  2  92       
PG04   5501.831030 -18215.790989 -18458.760108    279.414021  3  7  7  99       
PG05 -23726.194852   6772.926211   9774.435730   -159.942862     5  5  49       
PG06 -12841.447985  -6918.166494 -22127.271250    425.806673  4  6  4  88       
PG07   1297.610805 -21960.197042  15022.099495    -50.131458  5  4  3  95       
PG08  11507.137679 -10438.137763  21408.651819   -164.668284  5  3  3  90       
PG09  -5750.287130 -24167.302125  -9401.164195     75.897795  6  6  6 108       
PG10  19255.506736  10947.080556  15100.862792    -71.378451  7  2  4  88       
PG11 -18662.225787   4445.457040 -18322.775944   -558.804951  5  7  5  81       
PG12 -15338.556006  11358.686104 -18727.658236   -473.130361  7  8  4  81       
PG13 -15510.532228    -39.613284  21386.671023    620.925311  6  5  5  75       
PG14 -15633.170694 -13354.135941  16936.559117    312.729457  5  6  5  57       
PG15 -10411.118817  11869.357638  20850.276025    122.621534  6  6  4  65       
PG16  26435.788872    644.977719   4074.505488   -373.231209     4  4  88       
PG17 -12636.909802 -22974.752222  -3255.517109    718.459209  3  8  5  64       
PG18  -1280.416628  21265.028408  15758.355529   -544.495847  5  8  6  83       
PG19 -16054.062754 -17437.084103 -12531.543270    433.833673  4  7  4  87       
PG20 -26184.123967    716.508314  -3755.507164    389.362910  3  5  4  59       
PG21  16911.363484 -17387.646401  10057.356550    136.654257  3  5  4  51       
PG22 -21141.270983 -11124.213726  11720.182976     39.368455  4  6  6  40       
PG23   6842.516999  14455.249886  21261.520737    145.930734  5  7  6  91       
PG24 -15341.731045  20489.995966   5813.363029   -423.359593  4  4  5  35       
PG25  -2884.788623  15441.274766 -21736.531494    487.029787  5  5  4  53       
PG26  25563.649345   4241.780965  -6791.836301    195.256833  3  5  3  87       
PG27  17300.119541   3495.325909  19706.104200      0.442150  6  9  6 115       
PG28  11761.845374   9863.144632 -21696.888485   -115.011456  2  7  4  53       
PG29   2553.203997  24223.519672 -10516.224423   -607.872927  6  9  5  58       
PG30  -7774.014432 -15464.785771  20206.228405   -438.895419  5  5  5  72       
PG31  17264.273723    320.487389 -20493.176795   -227.576446  4  5  5  83       
PG32  15869.605922  20409.955668  -6348.299002   -608.714560  6  6  5  54       
*  2024  1 30 19 45  0.00000000
PG01  12511.807245 -23210.883231  -1156.545748    167.727732  6  6  6  88       
PG02  15142.074013 -20291.499220   8093.937347   -492.997932  5  5  3  89       
PG03  16377.296462 -11853.196185 -17307.282576    161.292517  4  6  3  89       
PG04   6619.670759 -16321.260708 -19824.778157    279.422656  4  6  7  91       
PG05 -24718.653420   6598.230498   7130.554910   -159.944150     5  5  58       
PG06 -11514.201164  -9080.343963 -22066.925209    425.794064  4  6  4  90       
PG07   2287.370109 -23163.540695  12826.861865    -50.139741  5  4  3  81       
PG08  12823.705596  -8328.908577  21621.145318   -164.669007  5  3  4  95       
PG09  -4933.909381 -23245.592684 -11887.967643     75.908979  6  6  6  95       
PG10  17462.848014  11036.116511  17082.500268    -71.378847  7  3  4  95       
PG11 -17560.799724   2558.427236 -19721.125491   -558.817025  5  6  5  82       
PG12 -17319.872758  11057.133062 -17076.688156   -473.133554  7  8  4  81       
PG13 -16348.365399  -2332.733964  20648.863063    620.928630  6  5  5  72       
PG14 -13605.294819 -13434.382031  18532.991085    312.738522  5  6  5  46       
PG15 -11977.511439   9906.134779  21048.045771    122.625329  6  6  4  69       
PG16  26750.468648    893.267753   1263.420589   -373.224041  1  4  4  88       
PG17 -12532.509880 -23308.955359   -380.343085    718.457746  4  8  5  82       
PG18  -2310.006419  22606.246952  13610.857170   -544.503774  5  8  6  89       
PG19 -16396.064661 -18656.817739 -10084.320185    433.838604  4  7  4  88       
PG20 -25639.928214    337.262628  -6521.073466    389.361622  3  5  4  78       
PG21  16613.000134 -16134.615916  12548.327940    136.653255  4  5  4  72       
PG22 -19704.964146 -11189.877430  14043.280246     39.362683  5  6  6  64       
PG23   4389.521992  14530.449426  21834.332692    145.937771  6  7  6  92       
PG24 -15283.149760  19545.972454   8472.514813   -423.365684  5  4  5  17       
PG25  -5281.774335  15398.261067 -21281.104930    487.030942  5  5  4  76       
PG26  24682.195847   4582.880089  -9361.301026    195.253413  2  6  3  89       
PG27  18308.052217   5471.812521  18355.283506      0.438976  7  9  7 109       
PG28  10547.663129  11993.848149 -21243.138576   -115.022377  3  8  5  41       
PG29   1815.351402  23091.681438 -12954.000638   -607.872293  6  8  5  66       
PG30  -6506.261712 -17316.037362  19091.554166   -438.891092  5  5  5  78       
PG31  16075.082105   2338.407653 -21285.998664   -227.576323  4  6  5  67       
PG32  15959.572711  21035.293988  -3578.256479   -608.716764  7  6  5  45       
*  2024  1 30 20  0  0.00000000
PG01  12649.634796 -23054.746542   1777.125174    167.728871  6  6  6  73       
PG02  14963.028990 -19265.408371  10699.830815   -492.992910  5  6  2  79       
PG03  18225.968022 -11815.392584 -15348.760099    161.315077  4  6  3  88       
PG04   7904.017179 -14372.303737 -20848.055809    279.431289  4  4  7 101       
PG05 -25412.741857   6449.042263   4363.917037   -159.945107  2  5  5  61       
PG06 -10323.962694 -11289.450725 -21624.082268    425.781449  3  6  5 104       
PG07   3101.249468 -24186.658190  10411.323018    -50.148152  5  4  4  85       
PG08  14245.165640  -6290.674637  21458.313289   -164.671968  5  2  4  99       
PG09  -3920.862193 -22144.066187 -14170.436174     75.920201  6  6  7  83       
PG10  15471.633306  11236.342010  18778.159173    -71.380627  7  3  4  97       
PG11 -16490.955869    495.471853 -20778.974853   -558.829065  5  6  6  84       
PG12 -19115.010759  10864.200563 -15137.025992   -473.137018  7  7  5  63       
PG13 -17262.880914  -4480.006181  19550.898865    620.931646  6  5  5  74       
PG14 -11420.784290 -13619.576121  19812.930244    312.747627  5  6  5  64       
PG15 -13632.706783   8018.761588  20867.043096    122.628828  6  6  5  63       
PG16  26761.738216   1109.007302  -1568.877403   -373.217117  2  5  4  76       
PG17 -12289.093775 -23360.393310   2501.489147    718.457138  3  7  5  66       
PG18  -3144.467025  23774.537576  11227.221710   -544.511653  5  7  6  82       
PG19 -16676.144611 -19603.207932  -7468.276355    433.843154  5  8  4  97       
PG20 -24815.143046   -136.382537  -9173.103308    389.360478  3  5  4  71       
PG21  16274.266370 -14624.011149  14817.951517    136.651715  4  5  3  82       
PG22 -18030.324223 -11317.490301  16127.405333     39.356791  5  6  6  50       
PG23   1899.029847  14743.638028  22032.798203    145.944807  6  6  5  86       
PG24 -15158.896847  18323.909457  10980.059827   -423.371772  5  4  5  58       
PG25  -7610.682409  15473.672497 -20468.955747    487.032034  5  5  4  58       
PG26  23542.363379   4999.603461 -11773.797176    195.250041  2  6  3  73       
PG27  19323.406247   7243.945224  16686.290201      0.435774  7  8  7 108       
PG28   9477.283620  14120.080092 -20424.583444   -115.033258  3  8  5  18       
PG29    892.657988  21769.484597 -15168.315646   -607.871839  6  8  5  46       
PG30  -5393.672146 -19100.648944  17649.214015   -438.886718  5  4  4  84       
PG31  14958.039884   4478.617071 -21721.322352   -227.576417  4  6  5  68       
PG32  15910.171239  21389.451788   -747.193953   -608.718981  7  6  5  60       
*  2024  1 30 20 15  0.00000000
PG01  12658.893410 -22600.937659   4679.462980    167.729971  6  6  6  90       
PG02  14745.534500 -17966.985662  13123.203619   -492.987469  6  6  2  85       
PG03  19840.273653 -11853.276043 -13127.186250    161.337627  4  6  3  68       
PG04   9342.386855 -12415.583219 -21511.257562    279.439921  5  4  6  91       
PG05 -25799.565290   6287.730343   1522.309395   -159.946466  2  5  5  70       
PG06  -9289.135793 -13497.289422 -20806.141300    425.768827  3  6  5 102       
PG07   3754.579711 -24991.304340   7815.718116    -50.156593  4  4  4  81       
PG08  15741.914917  -4362.320477  20924.294858   -164.673936  5  2  5  94       
PG09  -2703.356214 -20903.730022 -16209.607333     75.931383  7  6  7  86       
PG10  13322.499855  11568.574443  20159.258331    -71.382120  7  4  4  94       
PG11 -15487.602720  -1710.175062 -21478.155652   -558.841112  5  6  6  84       
PG12 -20687.764536  10754.960715 -12940.755123   -473.140712  6  7  5  71       
PG13 -18221.288762  -6445.449768  18112.809690    620.934959  6  4  5  54       
PG14  -9122.151133 -13924.866271  20754.116998    312.756704  5  6  5  75       
PG15 -15342.216775   6242.830320  20311.316034    122.632322  6  6  6  58       
PG16  26469.398700   1329.469665  -4375.006997   -373.209975  3  5  4  84       
PG17 -11875.240773 -23150.866373   5340.084051    718.456138  3  7  5  58       
PG18  -3798.223340  24729.504169   8648.602374   -544.519568  5  7  6  81       
PG19 -16854.526988 -20274.899542  -4727.092034    433.848225  5  8  4  86       
PG20 -23734.843268   -733.444315 -11665.399798    389.359130  4  5  4  77       
PG21  15935.013596 -12875.827252  16828.704941    136.650407  5  5  3  78       
PG22 -16150.362621 -11535.626461  17938.565059     39.351132  5  6  5  72       
PG23   -578.930273  15093.332673  21852.946766    145.951846  5  6  5  82       
PG24 -15005.837480  16833.320605  13290.598763   -423.377831  5  4  4  61       
PG25  -9827.354999  15653.868874 -19312.580666    487.033148  5  4  4  61       
PG26  22170.128497   5519.006629 -13988.881089    195.246669  2  7  4  86       
PG27  20306.288202   8790.836994  14729.423808      0.432594  7  8  8 110       
PG28   8560.820206  16194.848552 -19255.259416   -115.044121  3  8  5   9       
PG29   -225.122560  20299.427957 -17121.235067   -607.871049  6  7  5  33       
PG30  -4438.651716 -20774.201251  15903.156873   -438.882386  5  3  4  73       
PG31  13939.978240   6702.872411 -21790.811050   -227.576453  4  6  5  59       
PG32  15688.183180  21489.331273   2096.594204   -608.721192  7  6  6  50       
*  2024  1 30 20 30  0.00000000
PG01  12578.395678 -21839.660888   7499.046835    167.731125  7  6  5  79       
PG02  14528.669960 -16412.234907  15324.084927   -492.982525  6  5     95       
PG03  21191.044212 -11933.233397 -10680.193349    161.360149  4  6  3  67       
PG04  10914.356154 -10495.645206 -21803.315686    279.448525  5  4  5  86       
PG05 -25879.190307   6076.223838  -1345.405611   -159.947705  3  5  5  56       
PG06  -8419.683883 -15653.788213 -19627.069941    425.756199  3  7  6 102       
PG07   4269.298371 -25544.311633   5084.006245    -50.164683  4  4  5  87       
PG08  17278.843462  -2576.808752  20029.628712   -164.676162  5  3  6  97       
PG09  -1281.729019 -19567.811678 -17970.768148     75.942547  7  7  7  86       
PG10  11060.247626  12046.275717  21202.300776    -71.383104  7  4  3  95       
PG11 -14580.022389  -4019.229577 -21806.715638   -558.853177  5  7  7  83       
PG12 -22008.129409  10699.038881 -10524.445420   -473.143985  6  7  5  75       
PG13 -19186.106558  -8200.292753  16360.483064    620.938363  6  4  5  53       
PG14  -6754.949730 -14358.035202  21339.996776    312.765885  5  5  5  75       
PG15 -17066.885614   4607.512944  19391.882191    122.636197  6  6  6  76       
PG16  25881.634439   1591.361920  -7108.357868   -373.202541  4  6  4  94       
PG17 -11265.037375 -22709.347665   8086.820712    718.454736  3  6  5  84       
PG18  -4293.017112  25435.950025   5919.651709   -544.527537  5  6  6  75       
PG19 -16892.944764 -20678.916996  -1906.595392    433.852797  6  8  4  90       
PG20 -22431.012268  -1477.568767 -13954.575514    389.357661  4  6  3  73       
PG21  15631.884504 -10917.689978  18548.349665    136.649629  5  5  2  99       
PG22 -14103.641402 -11866.979172  19447.645470     39.345550  6  6  5  45       
PG23  -2995.103255  15569.738521  21297.285438    145.958868  6  6  5  86       
PG24 -14859.614081  15092.508824  15362.203819   -423.383857  5  4  4  66       
PG25 -11890.978610  15918.188663 -17830.239197    487.034268  5  4  4  53       
PG26  20597.423599   6163.017520 -15969.321572    195.243294  3  7  4  98       
PG27  21215.207272  10100.144446  12519.652556      0.429389  7  7  8 112       
PG28   7800.211290  18171.017110 -17755.215064   -115.054989  4  8  5  23       
PG29  -1539.982978  18726.689062 -18779.408486   -607.870351  6  7  4  68       
PG30  -3635.920238 -22293.736552  13882.700441   -438.878020  5  3  4  56       
PG31  13041.179223   8968.528498 -21492.124829   -227.576633  4  6  5  85       
PG32  15265.215624  21359.062428   4904.833488   -608.723388  7  6  6 105       
*  2024  1 30 20 45  0.00000000
PG01  12448.921097 -20770.730724  10185.602955    167.732249  7  6  5  72       
PG02  14348.768173 -14624.980268  17266.683793   -492.977311  6  5     92       
PG03  22257.066211 -12017.785838  -8049.435657    161.382731  4  6  3  63       
PG04  12592.217136  -8653.331684 -21719.596225    279.457112  5  5  5  95       
PG05 -25660.542107   5777.666615  -4190.128065   -159.948762  4  5  5  57       
PG06  -7716.862064 -17708.800999 -18107.172622    425.743603  2  7  6  90       
PG07   4672.968846 -25818.970177   2263.173952    -50.173056  4  4  5  81       
PG08  18816.634476   -960.128673  18790.979706   -164.678125  5  3  6  92       
PG09    335.385051 -18180.111765 -19424.026226     75.953757  7  7  7  94       
PG10   8732.330960  12674.923891  21889.258652    -71.384969  7  5  3  92       
PG11 -13790.779993  -6387.685707 -21759.118332   -558.865214  5  7  7  85       
PG12 -23053.349130  10661.883356  -7928.607553   -473.147311  6  7  5  56       
PG13 -20116.651255  -9723.848948  14325.139300    620.941456  5  3  5  84       
PG14  -4366.220185 -14919.097770  21560.028337    312.775000  5  5  5  77       
PG15 -18764.386209   3134.591780  18126.431514    122.639702  6  6  7  75       
PG16  25014.671025   1929.287297  -9723.780878   -373.195592  5  6  4  98       
PG17 -10439.202111 -22070.703827  10695.167847    718.454334  3  6  5  89       
PG18  -4656.862651  25865.257939   3087.733995   -544.535415  6  6  6  35       
PG19 -16756.204944 -20830.286869    945.937404    433.857801  6  7  4  88       
PG20 -20941.328387  -2385.898901 -16000.833980    389.357073  4  6  3  71       
PG21  15396.856684  -8783.816392  19950.303038    136.648392  5  5  2  90       
PG22 -11932.917628 -12327.441093  20630.773410     39.340196  5  6  4  76       
PG23  -5302.712327  16155.084778  20374.795988    145.965884  6  5  5  87       
PG24 -14753.045492  13128.030856  17157.297475   -423.389884  5  5  3  60       
PG25 -13765.458264  16239.732493 -16045.748668    487.035366  5  4  5  61       
PG26  18861.034027   6947.438838 -17681.681078    195.239945  4  7  4  92       
PG27  22008.704986  11168.259366  10095.927358      0.426201  8  6  8  92       
PG28   7189.288000  20002.979612 -15950.172092   -115.065815  4  8  6  45       
PG29  -3045.407613  17097.423025 -20114.624973   -607.869980  6  6  4  68       
PG30  -2972.857932 -23619.338108  11622.078478   -438.873671  5  2  4  73       
PG31  12274.646472  11229.937978 -20829.035283   -227.576829  5  6  5  68       
PG32  14618.912681  21028.939347   7630.054796   -608.725485  7  7  7  48       
*  2024  1 30 21  0  0.00000000
PG01  12311.416833 -19403.773104  12690.994225    167.733378  7  5  5  66       
PG02  14237.969539 -12636.037115  18919.861397   -492.972141  6  5     95       
PG03  23025.799325 -12067.170520  -5279.904213    161.405359  4  5  3  73       
PG04  14341.922825  -6924.352646 -21261.951433    279.465737  5  5  4  73       
PG05 -25160.976840   5358.016857  -6963.347966   -159.950005  4  5  5  49       
PG06  -7173.301168 -19613.923035 -16272.741254    425.730944  2  7  6  77       
PG07   4997.549775 -25796.194978   -597.560808    -50.181439  4  4  5  94       
PG08  20313.223263    469.468613  17230.766964   -164.679546  5  3  6  92       
PG09   2131.205187 -16783.354185 -20544.795312     75.964931  7  7  6  72       
PG10   6387.254069  13451.683790  22207.886772    -71.386117  7  5  3  91       
PG11 -13134.908241  -8768.328234 -21336.329949   -558.877239  5  7  7  91       
PG12 -23808.710239  10606.215520  -5197.069759   -473.150553  6  6  5  19       
PG13 -20970.655492 -11004.071634  12042.722180    620.944775  5  2  5  75       
PG14  -2002.873209 -15600.206073  21409.895760    312.784099  5  5  5  83       
PG15 -20390.845616   1837.818575  16538.885494    122.643367  6  6  7  70       
PG16  23892.162237   2374.300946 -12178.240709   -373.188321  5  6  4  69       
PG17  -9385.940409 -21274.225394  13121.428469    718.453141  4  5  5  75       
PG18  -4922.751135  25996.526881    202.081896   -544.543340  6  5  6  43       
PG19 -16413.658863 -20751.373906   3782.512125    433.862106  6  7  4  92       
PG20 -19307.739225  -3468.204630 -17768.682322    389.355158  5  6  3  77       
PG21  15256.027898  -6513.761704  21013.875499    136.647131  6  4  3  91       
PG22  -9683.664513 -12925.458346  21469.587575     39.334120  5  5  4  84       
PG23  -7459.075756  16824.284108  19100.820601    145.972901  6  5  5  87       
PG24 -14714.649690  10973.814335  18643.439242   -423.395932  5  4  3  59       
PG25 -15420.637572  16586.401708 -13988.188665    487.036486  5  3  5  63       
PG26  17001.327257   7881.177798 -19096.847246    195.236561  4  7  4  66       
PG27  22646.970998  12000.166445   7500.453467      0.422965  8  5  8  89       
PG28   6714.162708  21648.286739 -13871.089886   -115.076683  5  7  6  72       
PG29  -4726.450811  15457.042430 -21104.275474   -607.869306  7  6  4  68       
PG30  -2430.148051 -24715.617500   9159.890369   -438.869287  5  2  4  84       
PG31  11645.651032  13439.983832 -19811.451155   -227.577121  5  5  5  46       
PG32  13733.939812  20534.145254  10226.353535   -608.727512  6  7  7  58       
*  2024  1 30 21 15  0.00000000
PG01  12205.181698 -17758.031191  14970.185155    167.734406  7  5  5  70       
PG02  14222.968440 -10482.149771  20257.512426   -492.967004  7  5     95       
PG03  23493.772243 -12041.030402  -2419.172147    161.427903  5  5  2  77       
PG04  16124.284101  -5338.070946 -20438.659697    279.474363  5  6  4  75       
PG05 -24405.549255   4787.531138  -9617.949447   -159.951020  5  5  5  57       
PG06  -6773.441415 -21324.250132 -14155.594417    425.718254  2  6  7  72       
PG07   5277.957717 -25465.422973  -3447.633250    -50.190014  4  4  6  98       
PG08  21725.356284   1701.925104  15376.705399   -164.681006  5  4  7  93       
PG09   4081.267758 -15417.595998 -21314.189002     75.976085  7  7  6  77       
PG10   4072.925452  14365.391136  22151.959508    -71.387858  7  5  2  88       
PG11 -12619.398105 -11112.372204 -20545.792708   -558.889255  6  7  7  84       
PG12 -24268.049069  10493.608610  -2376.282633   -473.153863  6  7  6  54       
PG13 -21705.942970 -12037.767631   9553.219029    620.948014  5  2  5  75       
PG14    289.923228 -16385.868601  20891.618517    312.793289  4  5  5  75       
PG15 -21902.526223    722.622931  14658.831065    122.646640  6  6  7  55       
PG16  22544.330641   2952.606693 -14431.427682   -373.181109  6  6  4  91       
PG17  -8101.504298 -20362.028447  15325.406123    718.452061  4  4  5  77       
PG18  -5127.155538  25817.418399  -2687.086118   -544.551251  6  4  6           
PG19 -15840.523669 -20470.951581   6555.169241    433.866882  5  7  4  81       
PG20 -17574.881584  -4726.310175 -19227.560922    389.354366  5  6  3  75       
PG21  15228.676524  -4151.010452  21724.385731    136.646120  6  4  3  88       
PG22  -7402.523500 -13661.674100  21951.423364     39.328265  5  5  3  79       
PG23  -9427.073329  17545.892895  17496.835268    145.979950  6  5  5  64       
PG24 -14767.358584   8669.964523  19793.995975   -423.401959  4  4  3  55       
PG25 -16833.317294  16922.159535 -11691.512406    487.037588  5  4  5  66       
PG26  15060.857831   8965.731907 -20190.508621    195.233178  5  7  4  77       
PG27  23093.384321  12608.982114   4777.935503      0.419734  7  2  8  80       
PG28   6353.923158  23069.162505 -11553.640601   -115.087576  5  7  6  16       
PG29  -6560.144249  13848.544383 -21731.715825   -607.868695  7  6  3  67       
PG30  -1982.693737 -25553.049914   6538.459466   -438.864956  5  3  4  73       
PG31  11151.574069  15551.691984 -18455.348828   -227.577364  5  5  5  50       
PG32  12602.707073  19913.315315  12650.113010   -608.729533  6  7  8  53       
*  2024  1 30 21 30  0.00000000
PG01  12166.113323 -15861.777533  16982.155389    167.735551  7  5  4  81       
PG02  14323.990060  -8204.739693  21258.859241   -492.961905  7  4  1  98       
PG03  23666.638174 -11900.146836    483.418007    161.450480  5  5  2  38       
PG04  17896.371083  -3916.544792 -19264.255896    279.482922  5  6  5  67       
PG05 -23426.006665   4042.077881 -12108.980041   -159.952978  5  6  5  61       
PG06  -6494.298321 -22800.011572 -11792.513388    425.705583  2  6  7  80       
PG07   5550.478338 -24825.190895  -6236.088537    -50.198182  3  5  6  74       
PG08  23010.189828   2735.511298  13261.273088   -164.682909  4  5  7  88       
PG09   6154.184890 -14118.756634 -21719.317955     75.987258  7  7  6  98       
PG10   1835.028536  15396.854582  21721.425564    -71.388498  7  5  2  70       
PG11 -12243.014414 -13371.166006 -19401.285689   -558.901302  6  7  7  97       
PG12 -24433.946984  10286.136745    485.440355   -473.157412  6  7  5  57       
PG13 -22282.096524 -12830.469913   6899.925870    620.951256  4  2  5  79       
PG14   2470.294561 -17253.477885  20013.555370    312.802367  4  5  4  84       
PG15 -23257.489219   -213.826230  12520.850680    122.650135  6  6  7  49       
PG16  21006.893430   3684.436925 -16446.326153   -373.173809  6  6  4  78       
PG17  -6590.443891 -19377.390912  17270.987716    718.451585  5  4  5  92       
PG18  -5308.396864  25324.677587  -5529.469776   -544.559219  6  4  6  36       
PG19 -15019.005265 -20023.037678   9216.751308    433.871636  5  6  4  95       
PG20 -15788.410781  -6153.842031 -20352.378009    389.352829  5  7  3  93       
PG21  15326.617067  -1741.470884  22073.168796    136.644838  6  4  3  84       
PG22  -5135.741215 -14528.867270  22069.416441     39.322742  5  5  2  86       
PG23 -11176.405014  18283.337552  15590.112064    145.986960  6  4  5  54       
PG24 -14927.484269   6261.313522  20588.675617   -423.408004  4  4  3  55       
PG25 -17988.030296  17208.473005  -9194.064103    487.038691  6  4  5  67       
PG26  13082.896088  10194.951380 -20943.568197    195.229797  5  7  4  55       
PG27  23315.924661  13015.200471   1974.810016      0.416494  7     9  67       
PG28   6081.605191  24233.852800  -9037.603164   -115.098480  5  7  6  20       
PG29  -8516.216502  12310.948227 -21986.526067   -607.867891  7  5  3  66       
PG30  -1600.775623 -26109.102085   3803.109383   -438.860608  5  4  4  80       
PG31  10782.058356  17519.866581 -16782.602258   -227.577663  6  5  5           
PG32  11225.807282  19206.991224  14860.684051   -608.731635  6  7  8  79       
*  2024  1 30 21 45  0.00000000
PG01  12225.097173 -13751.353223  18690.735604    167.736860  7  5  5  91       
PG02  14554.026272  -5848.511594  21908.663594   -492.956805  7  5  3 107       
PG03  23558.884463 -11608.146436   3377.611479    161.473051  5  5  1  53       
PG04  19613.064430  -2673.862389 -17759.256910    279.491610  5  6  5  43       
PG05 -22259.549590   3104.232342 -14394.374563   -159.953912  5  6  5  90       
PG06  -6306.529909 -24008.011751  -9224.585760    425.692956  3  6  7  71       
PG07   5851.091647 -23883.357143  -8912.589241    -50.206248  3  5  6  52       
PG08  24126.868164   3576.643754  10921.116924   -164.684331  4  5  6  88       
PG09   8312.668761 -12917.321048 -21753.487449     75.998430  7  6  6  82       
PG10   -284.533585  16519.469384  20922.475196    -71.389911  7  5  3  71       
PG11 -11996.442413 -15497.892679 -17922.676316   -558.913341  6  8  8  84       
PG12 -24317.600543   9948.031096   3338.736592   -473.160546  6  7  5  67       
PG13 -22662.054618 -13395.980164   4128.673185    620.954348  4  2  5  62       
PG14   4501.088177 -18174.129230  18790.299371    312.811495  4  5  4  83       
PG15 -24417.170524   -982.218825  10163.771930    122.654092  6  5  7  69       
PG16  19319.810799   4583.151466 -18189.737329   -373.166512  7  6  4  85       
PG17  -4865.549305 -18363.086051  18926.640710    718.450565  5  3  4  82       
PG18  -5504.938330  24524.306879  -8275.593950   -544.567104  6  5  6  61       
PG19 -13939.178608 -19445.534109  11721.675657    433.876342  5  5  5  74       
PG20 -13993.306422  -7736.307189 -21123.939532    389.351565  5  7  4  92       
PG21  15553.858184    668.070337  22057.492971    136.643289  6  4  4  98       
PG22  -2927.643667 -15512.182470  21822.530032     39.317110  5  4  2  90       
PG23 -12684.591410  18996.360918  13413.273727    145.994023  6  4  5  33       
PG24 -15203.983554   3795.777633  21013.909615   -423.414019  4  4  4  72       
PG25 -18877.538062  17405.885146  -6538.003367    487.039799  5  4  5  54       
PG26  11109.931928  11555.089788 -21342.488267    195.226433  6  7  4  52       
PG27  23288.405319  13245.681553   -861.522031      0.413260  8     9  55       
PG28   5865.406330  25117.754316  -6366.186002   -115.109395  5  6  6  18       
PG29 -10558.096376  10877.902559 -21864.663556   -607.867179  7  5  3  94       
PG30  -1251.405920 -26369.104751   1001.370143   -438.856254  5  4  4  75       
PG31  10519.469349  19302.687454 -14820.708178   -227.577794  6  4  5  51       
PG32   9612.154996  18456.024070  16821.013712   -608.733759  6  8  8  76       
*  2024  1 30 22  0  0.00000000
PG01  12406.610491 -11469.872831  20065.341541    167.738064  7  6  5  97       
PG02  14918.349860  -3459.967185  22197.361091   -492.951587  7  5  3 107       
PG03  23193.204533 -11133.113476   6213.127656    161.495689  5  4  1  40       
PG04  21228.696754  -1615.791717 -15949.788558    279.500231  5  6  6  40       
PG05 -20947.407188   1964.113956 -16435.624474   -159.955002  6  6  5  89       
PG06  -6175.761800 -24922.823246  -6496.469494    425.680275  4  6  7  78       
PG07   6213.784401 -22656.946140 -11428.447356    -50.214757  3  6  6  69       
PG08  25038.023596   4239.398180   8396.408661   -164.687072  4  5  6  78       
PG09  10514.782789 -11837.264492 -21416.293592     76.009626  7  6  6  75       
PG10  -2249.062608  17700.125537  19767.514655    -71.391671  6  4  4  79       
PG11 -11862.758429 -17449.204331 -16135.567437   -558.925405  6  7  8  79       
PG12 -23938.365538   9447.277702   6134.049854   -473.164011  6  6  5  60       
PG13 -22813.576339 -13755.604941   1287.027297    620.957583  4  3  5  81       
PG14   6351.124363 -19113.701497  17242.463049    312.820553  4  5  4  93       
PG15 -25347.806185  -1600.388871   7629.860596    122.657310  6  5  7  80       
PG16  17525.898798   5654.584407 -19632.754425   -373.159363  7  6  4  73       
PG17  -2947.492519 -17359.772829  20265.824585    718.449608  6  3  4  78       
PG18  -5753.677261  23431.385267 -10877.699847   -544.574972  6  5  6  63       
PG19 -12599.588582 -18778.718101  14026.701878    433.881092  5  5  5  90       
PG20 -12232.222067  -9451.497771 -21529.267209    389.350159  5  7  4  99       
PG21  15906.559740   3031.479522  21680.400631    136.642382  6  4  4  94       
PG22   -819.197192 -16589.638615  21215.510690     39.311312  5  4  2  88       
PG23 -13937.675217  19642.633320  11003.746376    146.000998  6  4  5  19       
PG24 -15598.052387   1322.597449  21063.075257   -423.420025  4  4  5  71       
PG25 -19503.022976  17475.659655  -3768.640291    487.040913  5  4  5  63       
PG26   9182.206474  13025.145042 -21379.559933    195.223050  6  7  4  68       
PG27  22991.487214  13332.424725  -3683.452258      0.409979  8  1  9  28       
PG28   5670.093124  25704.280441  -3585.289610   -115.120315  6  6  6           
PG29 -12644.161110   9576.513164 -21368.509075   -607.866651  7  4  3  88       
PG30   -899.825555 -26326.831049  -1817.871355   -438.851924  6  5  4  76       
PG31  10339.654903  20863.208265 -12602.404140   -227.578037  6  4  5  42       
PG32   7778.822862  17699.983262  18498.216872   -608.735932  6  8  8  81       
*  2024  1 30 22 15  0.00000000
PG01  12727.604598  -9065.650307  21081.585087    167.739262  7  6  4  94       
PG02  15414.317054  -1085.877023  22121.123593   -492.946363  8  4  4 106       
PG03  22599.554192 -10449.041743   8940.558907    161.518217  5  3  1  64       
PG04  22698.721420   -739.756237 -13867.121602    279.508803  5  5  6  49       
PG05 -19533.281336    619.936658 -18198.384860   -159.956081  6  6  5  88       
PG06  -6064.116236 -25527.684114  -3655.592060    425.667638  4  6  7  40       
PG07   6668.926819 -21171.611327 -13737.651070    -50.222920  3  6  6  81       
PG08  25711.145189   4744.741743   5730.162884   -164.689798  5  5  6  76       
PG09  12715.372794 -10895.238073 -20713.617828     76.020806  7  6  6  85       
PG10  -4028.305067  18900.382411  18275.043126    -71.393437  6  4  4  90       
PG11 -11818.205188 -19186.727392 -14070.846706   -558.937467  6  7  8 100       
PG12 -23322.986900   8757.091523   8822.512816   -473.167339  7  6  5  74       
PG13 -22710.521546 -13937.119959  -1576.518470    620.960612  4  2  6  77       
PG14   7996.220185 -20034.160175  15396.354860    312.829657  4  5  4  88       
PG15 -26021.653721  -2092.326652   4963.980358    122.660958  7  5  7  12       
PG16  15669.352300   6896.660477 -20751.187894   -373.152012  8  6  4  74       
PG17   -864.188326 -16404.498226  21267.318111    718.448738  6  3  3  88       
PG18  -6088.304554  22069.540332 -13290.602202   -544.582781  6  5  6  77       
PG19 -11007.543555 -18063.638462  16091.682332    433.885946  5  5  5  80       
PG20 -10543.943814 -11270.204886 -21561.800318    389.349234  6  7  5 103       
PG21  16373.276175   5304.744602  20950.487224    136.640940  6  4  5 100       
PG22   1153.298279 -17732.895610  20258.776674     39.305599  5  4  2  86       
PG23 -14930.594336  20179.465380   8403.118595    146.008015  6  4  5  48       
PG24 -16103.065160  -1109.460044  20736.555565   -423.426009  4  4  5  89       
PG25 -19873.961460  17381.434659   -933.687811    487.042019  5  5  5  76       
PG26   7336.324578  14577.482885 -21053.090570    195.219685  6  7  5  71       
PG27  22413.442394  13311.175624  -6443.902560      0.406696  8  5  9  53       
PG28   5458.547513  25985.430627   -742.721249   -115.131237  6  5  6           
PG29 -14729.181671   8426.434701 -20506.806756   -607.866079  7  4  3  97       
PG30   -511.083769 -25984.753873  -4605.259760   -438.847617  6  6  4  63       
PG31  10212.980484  22170.695173 -10165.179281   -227.578419  6  3  5  33       
PG32   5750.581852  16975.628230  19864.085139   -608.738124  6  7  8  62       
*  2024  1 30 22 30  0.00000000
PG01  13196.715886  -6590.414654  21721.745594    167.740476  7  6  4  89       
PG02  16031.459582   1228.239651  21681.854229   -492.941143  8  5  5 111       
PG03  21813.927636  -9537.065208  11512.263996    161.540843  5  2  2  76       
PG04  23981.345454    -35.134927 -11547.125614    279.517380  6  5  6  62       
PG05 -18061.717172   -921.746600 -19653.012286   -159.957805  6  6  4  94       
PG06  -5931.882760 -25815.064380   -751.300743    425.654932  4  6  7  87       
PG07   7241.790555 -19460.732136 -15797.854328    -50.231400  4  7  6  93       
PG08  26119.768871   5119.517386   2967.527655   -164.691831  5  5  6  90       
PG09  14867.624880 -10100.044412 -19657.520675     76.032020  6  6  6  89       
PG10  -5599.459343  20077.871410  16469.428364    -71.394937  6  4  5  83       
PG11 -11833.240617 -20678.381526 -11764.146571   -558.949570  6  7  8  98       
PG12 -22504.539649   7857.204272  11356.839589   -473.170974  7  6  5  82       
PG13 -22333.900902 -13973.506038  -4413.349797    620.963830  5  3  6  90       
PG14   9419.945129 -20895.033582  13283.550138    312.838760  4  5  3  75       
PG15 -26417.967108  -2486.967224   2212.740748    122.664357  7  4  6  56       
PG16  13794.226282   8299.294697 -21525.937948   -373.144781  8  6  4  66       
PG17   1350.098034 -15529.360643  21915.465020    718.447718  6  3  3 104       
PG18  -6537.798546  20470.094763 -15472.495137   -544.590684  6  6  6  87       
PG19  -9179.084080 -17340.475800  17880.282752    433.890685  5  4  4  55       
PG20  -8962.017653 -13157.212236 -21221.479388    389.347924  6  7  5 102       
PG21  16935.465956   7447.337648  19881.630569    136.640043  6  4  6  95       
PG22   2959.342836 -18908.251489  18968.242333     39.300032  5  4  2  90       
PG23 -15667.210149  20565.554644   5656.417569    146.014997  6  4  5  54       
PG24 -16704.856773  -3453.857956  20041.640453   -423.431920  5  3  5  77       
PG25 -20007.675325  17090.818962   1917.558750    487.043133  5  5  5  49       
PG26   5603.999560  16178.724991 -20367.502736    195.216312  6  7  5  71       
PG27  21550.644704  13219.918850  -9097.036255      0.403450  7  6  9  61       
PG28   5193.391960  25962.041047   2112.624991   -115.142101  6  5  6  52       
PG29 -16765.910366   7439.258764 -19294.500128   -607.865461  7  4  4  99       
PG30    -51.635015 -25353.968447  -7311.879940   -438.843328  6  6  4  69       
PG31  10105.604703  23201.749699  -7550.680532   -227.578432  6  3  5  46       
PG32   3559.161796  16315.497147  20895.528027   -608.740318  6  7  8  79       
*  2024  1 30 22 45  0.00000000
PG01  13813.839878  -4097.394052  21975.089653    167.741696  7  6  4 105       
PG02  16751.859144   3439.578758  20887.118953   -492.936056  8  4  5 104       
PG03  20876.900534  -8386.415248  13883.237621    161.563449  5  1  2  80       
PG04  25039.065107    516.127130  -9029.650522    279.525907  6  5  6  50       
PG05 -16576.459689  -2646.113051 -20775.027841   -159.958956  6  6  4  84       
PG06  -5739.262703 -25786.880237   2166.018838    425.642248  4  6  7  88       
PG07   7951.280057 -17564.179567 -17571.296744    -50.239700  4  7  6 103       
PG08  26244.448831   5395.220553    155.057794   -164.694056  6  5  6  77       
PG09  16924.692275  -9452.421993 -18266.036793     76.043208  6  6  6  66       
PG10  -6947.908022  21187.878525  14380.578480    -71.395963  5  4  5  86       
PG11 -11873.818430 -21899.462400  -9255.224645   -558.961609  6  7  8  77       
PG12 -21521.118890   6734.909388  13692.209528   -473.174092  7  6  5  54       
PG13 -21672.660049 -13901.507439  -7175.522717    620.967178  5  3  6  94       
PG14  10614.077352 -21655.005337  10940.362121    312.847858  4  6  3  66       
PG15 -26523.695288  -2816.811241   -576.347520    122.668059  7  4  6  69       
PG16  11942.925150   9844.580915 -21943.310904   -373.137211  8  6  4  65       
PG17   3655.861956 -14760.376623  22200.341212    718.446613  6  3  3  98       
PG18  -7125.114296  18670.922454 -17385.690837   -544.598555  5  6  6  78       
PG19  -7138.620705 -16646.928708  19360.659012    433.895624  6  4  4  54       
PG20  -7513.597976 -15072.529027 -20514.712486    389.346429  6  7  6 105       
PG21  17568.240872   9423.433721  18492.680490    136.638804  6  3  6  92       
PG22   4575.161820 -20077.836132  17365.081003     39.294211  5  4  2  84       
PG23 -16159.988406  20762.695905   2811.315199    146.021971  6  4  5  56       
PG24 -17382.329010  -5667.929347  18992.278495   -423.437916  5  3  6  76       
PG25 -19928.571988  16576.863579   4735.101561    487.044227  5  5  5  69       
PG26   4010.978119  17790.873820 -19333.338434    195.212924  6  7  5  60       
PG27  20407.774701  13097.310689 -11598.936874      0.400196  7  6 10           
PG28   4838.629860  25643.706567   4931.608720   -115.152984  6  4  6  63       
PG29 -18706.751034   6618.219675 -17752.467894   -607.864939  7  3  4  87       
PG30    509.113731 -24453.780589  -9890.165936   -438.838968  7  7  4  82       
PG31   9980.948624  23941.166072  -4804.020266   -227.578407  5  2  5  58       
PG32   1242.257903  15746.662831  21574.941750   -608.742516  6  7  8  89       
*  2024  1 30 23  0  0.00000000
PG01  14570.085245  -1639.352733  21838.033049    167.742931  7  6  5 103       
PG02  17550.789501   5509.413194  19750.017580   -492.930593  8  5  6 102       
PG03  19831.997866  -6995.062799  16011.937548    161.586111  5  1  3  86       
PG04  25840.046627    938.622867  -6357.846438    279.534478  7  5  6  82       
PG05 -15118.855950  -4530.449909 -21545.500550   -159.960103  6  7  4  89       
PG06  -5448.116919 -25454.348931   5045.838473    425.629540  4  6  7  77       
PG07   8808.940140 -15526.803082 -19025.622906    -50.247996  5  7  5  94       
PG08  26073.478308   5606.614841  -2660.020105   -164.697443  6  6  6  74       
PG09  18841.330990  -8945.145430 -16562.874663     76.054402  5  6  6  87       
PG10  -8067.642875  22185.050114  12043.509169    -71.397298  5  4  5  60       
PG11 -11902.850030 -22833.447737  -6587.275462   -558.973601  6  6  8  98       
PG12 -20414.328547   5385.816173  15787.122317   -473.177332  7  5  4  44       
PG13 -20724.172411 -13760.068372  -9816.529764    620.970340  6  4  6  61       
PG14  11578.740985 -22273.560712   8407.220969    312.856946  4  6  3  62       
PG15 -26333.886582  -3116.437739  -3355.693529    122.671424  7  4  6  56       
PG16  10154.750257  11507.266382 -21995.275086   -373.130288  8  6  5  85       
PG17   6009.648970 -14116.585500  22117.846741    718.445842  6  3  3  97       
PG18  -7866.120806  16715.060880 -18997.277033   -544.606421  5  6  6  96       
PG19  -4918.247297 -16016.689010  20506.075386    433.900669  6  4  4  70       
PG20  -6218.560093 -16972.812695 -19454.227110    389.345742  7  7  6 110       
PG21  18241.324316  11202.954419  16807.116466    136.637771  5  3  7  94       
PG22   5984.393586 -21200.962309  15475.428121     39.288786  4  4  2  89       
PG23 -16429.344407  20737.385793    -82.720838    146.028993  6  5  5  61       
PG24 -18108.348100  -7714.333165  17608.693262   -423.443879  5  3  6  67       
PG25 -19667.097966  15819.343902   7469.162838    487.045353  5  5  5  38       
PG26   2576.188219  19372.636933 -17967.163392    195.209557  6  6  5  77       
PG27  18997.735243  12981.106628 -13908.249819      0.396910  7  7 10  54       
PG28   4361.236953  25048.376732   7665.689865   -115.163892  7  4  6  58       
PG29 -20505.449312   5958.227470 -15907.164391   -607.864177  8  3  4  81       
PG30   1197.370767 -23310.975574 -12294.789617   -438.834601  7  7  4  89       
PG31   9801.302336  24382.482469  -1972.994946   -227.578563  5  3  6  78       
PG32  -1157.682564  15289.700381  21890.501278   -608.744693  6  6  8  71       
*  2024  1 30 23 15  0.00000000
PG01  15448.106392    733.334069  21314.144282    167.744141  6  7  6 109       
PG02  18397.604199   7404.310278  18288.996193   -492.925380  8  4  6  97       
PG03  18723.952083  -5370.016649  17861.051359    161.608795  5  1  4  91       
PG04  26359.300895   1262.337809  -3577.433021    279.543048  7  5  7  84       
PG05 -13726.360411  -6544.830921 -21951.347116   -159.961110  7  7  4  89       
PG06  -5023.646522 -24837.491842   7838.379833    425.616789  4  6  6  84       
PG07   9818.289252 -13396.706954 -20134.573495    -50.256262  5  8  5  91       
PG08  25603.336679   5790.237525  -5430.542568   -164.700374  6  6  6  68       
PG09  20575.483816  -8563.437297 -14577.025280     76.065629  5  6  6  60       
PG10  -8961.360469  23025.158455   9497.807869    -71.399452  5  4  5  45       
PG11 -11881.790399 -23472.496777  -3806.185711   -558.985622  5  5  8 103       
PG12 -19227.628483   3814.276394  17604.203748   -473.180910  7  5  4  60       
PG13 -19494.425894 -13588.706503 -12292.031636    620.973437  6  4  6  94       
PG14  12322.217605 -22712.621465   5727.971045    312.866042  4  6  3  76       
PG15 -25851.793437  -3420.969320  -6078.410303    122.674970  7  4  5  26       
PG16   8464.554992  13255.500880 -21679.651114   -373.122573  8  6  5  71       
PG17   8365.477992 -13609.418466  21669.725612    718.444760  6  3  3  99       
PG18  -8768.828137  14649.136073 -20279.681481   -544.614301  4  7  6 106       
PG19  -2556.749118 -15478.067722  21295.449267    433.905097  6  4  4  74       
PG20  -5088.908656 -18812.925043 -18058.812840    389.343578  7  7  7 100       
PG21  18920.184180  12762.410346  14852.678690    136.636159  5  2  7  87       
PG22   7178.517498 -22235.590330  13330.025542     39.282915  4  4  2  79       
PG23 -16502.678120  20462.255972  -2975.314394    146.035994  6  5  5  59       
PG24 -18850.888182  -9562.269964  15916.881786   -423.449896  5  3  6  80       
PG25 -19258.443532  14805.793594  10071.130190    487.046508  5  6  5  42       
PG26   1311.145731  20880.904773 -16291.367244    195.206185  6  6  6  48       
PG27  17341.283187  12906.637404 -15986.782946      0.393605  7  7 10  26       
PG28   3732.641196  24201.641108  10267.766601   -115.174801  7  3  6  45       
PG29 -22118.739950   5446.225366 -13790.170771   -607.863731  8  3  5  81       
PG30   2033.703620 -21958.796592 -14483.508612   -438.830243  7  8  4  91       
PG31   9529.504224  24528.197256    892.771997   -227.578949  5  3  6  62       
PG32  -3594.851843  14957.904140  21836.371478   -608.746920  7  6  8  66       
*  2024  1 30 23 30  0.00000000
PG01  16422.795605   2974.485169  20413.994386    167.745354  6  7  6 113       
PG02  19256.841363   9097.166690  16527.601799   -492.920092  7  4  7  91       
PG03  17596.922275  -3527.263287  19398.185954    161.631454  4  2  4  89       
PG04  26579.608477   1521.299868   -735.930150    279.551616  7  5  7  81       
PG05 -12431.197093  -8653.065622 -21985.544629   -159.962682  7  7  4  99       
PG06  -4435.939601 -23964.307447  10495.486602    425.604106  3  5  6  84       
PG07  10974.511230 -11223.395743 -20878.525763    -50.264717  4  8  5 108       
PG08  24838.849125   5982.848802  -8110.136337   -164.702089  7  7  6  58       
PG09  22089.753968  -8285.675781 -12342.285351     76.076846  5  6  7           
PG10  -9640.218570  23666.858842   6786.999036    -71.400488  5  4  5  53       
PG11 -11772.286059 -23817.625129   -959.745864   -558.997704  5  4  8 102       
PG12 -18004.607214   2033.460078  19110.941804   -473.184315  7  5  4  62       
PG13 -17997.899608 -13425.883228 -14560.546260    620.976650  7  5  6  94       
PG14  12860.438170 -22938.103366   2949.098962    312.875164  5  7  3  39       
PG15 -25088.683233  -3764.548711  -8699.052005    122.678443  8  4  6  79       
PG16   6901.554779  15051.840170 -21000.230645   -373.115595  9  6  6  87       
PG17  10676.350575 -13242.350201  20863.515906    718.443569  6  4  4 101       
PG18  -9832.934162  12521.663466 -21211.134053   -544.622226  3  7  6 107       
PG19    -98.337726 -15052.829402  21713.807489    433.909949  6  4  4  68       
PG20  -4128.501786 -20547.560838 -16352.961715    389.342975  7  7  8  99       
PG21  19567.303409  14085.522469  12660.975719    136.635206  6  2  7  75       
PG22   8157.007130 -23139.858957  10963.807499     39.276943  4  5  2  63       
PG23 -16413.137944  19917.275969  -5816.088634    146.042931  6  5  5  69       
PG24 -19574.366156 -11188.414252  13948.015022   -423.455889  6  4  6  79       
PG25 -18741.048865  13532.240334  12494.502419    487.047584  6  6  5   1       
PG26    219.646887  22272.328532 -14333.857082    195.202803  7  6  6  54       
PG27  15466.391240  12905.384968 -17800.062574      0.390292  7  8 10           
PG28   2930.032737  23135.731345  12692.989893   -115.185724  7  3  6  52       
PG29 -23507.889871   5061.857078 -11437.664065   -607.863227  8  3  5  71       
PG30   3032.012847 -20435.674563 -16417.953926   -438.825901  8  8  4  93       
PG31   9130.623038  24389.635000   3742.746231   -227.579301  5  3  6  65       
PG32  -6021.603523  14756.783456  21412.833420   -608.749127  7  5  8  54       
*  2024  1 30 23 45  0.00000000
PG01  17462.299574   5043.724075  19154.862645    167.746540  5  7  7 121       
PG02  20089.510954  10568.027643  14494.179136   -492.914993  7  4  7  97       
PG03  16492.747029  -1491.348745  20596.464603    161.654096  4  3  4  95       
PG04  26492.161018   1752.076512   2118.138017    279.560227  8  5  7  77       
PG05 -11259.226778 -10813.887854 -21647.253482   -159.964239  8  7  5 107       
PG06  -3661.322887 -22869.648822  12971.460121    425.591403  3  4  5  82       
PG07  12264.519747  -9055.875382 -21244.867355    -50.272796  4  8  4  96       
PG08  23793.054560   6219.879774 -10653.930460   -164.703182  7  7  6  55       
PG09  23352.713528  -8084.371472  -9896.701632     76.088078  5  6  7  34       
PG10 -10123.256923  24073.367884   3957.817732    -71.402451  5  5  5  62       
PG11 -11537.820995 -23878.549441   1903.168258   -559.009789  6  4  8 103       
PG12 -16787.252006     65.072251  20280.333705   -473.187373  7  5  4  76       
PG13 -16257.137323 -13307.429609 -16584.088188    620.979868  8  5  6  99       
PG14  13216.174907 -22921.333119    118.906865    312.884330  5  7  4  73       
PG15 -24063.370852  -4178.882008 -11174.296996    122.681982  8  3  6  86       
PG16   5488.335901  16854.474851 -19966.816954   -373.108231  9  6  7  93       
PG17  12895.796480 -13010.842679  19712.432121    718.442344  5  4  4 107       
PG18 -11049.707444  10381.292176 -21776.019519   -544.630086  3  7  6 104       
PG19   2408.843052 -14755.285930  21752.640087    433.914870  6  4  4  87       
PG20  -3333.098216 -22132.885912 -14366.414889    389.341294  8  7  8 104       
PG21  20143.549337  15163.607867  10267.069970    136.634268  6  2  8  73       
PG22   8927.201503 -23873.632666   8415.428427     39.271312  4  5  3  61       
PG23 -16198.163248  19090.675932  -8555.575644    146.049914  6  6  5  79       
PG24 -20241.107489 -12577.534610  11737.761333   -423.461880  6  3  6  87       
PG25 -18154.972628  12003.605513  14695.811633    487.048687  6  6  5  29       
PG26   -702.236648  23504.938929 -12127.643977    195.199407  7  5  6  36       
PG27  13407.362023  13003.706211 -19317.841582      0.387073  8  7 10  56       
PG28   1937.452129  21888.278450  14899.540275   -115.196597  7  2  6  37       
PG29 -24640.079574   4778.417919  -8889.812333   -607.862701  8  3  6  82       
PG30   4198.779411 -18783.761987 -18064.339321   -438.821575  8  8  4  93       
PG31   8573.570594  23986.462153   6526.437565   -227.579348  5  4  6  64       
PG32  -8390.051789  14683.857506  20626.322166   -608.751334  7  5  8  46       
EOF
