#cP2024  1  9  0  0  0.00000000      96 ORBIT IGS20 HLM  IGS
## 2296 172800.00000000   900.00000000 60318 0.0000000000000
+   31   G01G02G03G04G05G06G07G08G09G10G11G12G13G14G15G16G17
+        G18G19G20G21G22G23G24G25G26G28G29G30G31G32  0  0  0
+          0  0  0  0  0  0  0  0  0  0  0  0  0  0  0  0  0
+          0  0  0  0  0  0  0  0  0  0  0  0  0  0  0  0  0
+          0  0  0  0  0  0  0  0  0  0  0  0  0  0  0  0  0
++         2  2  2  2  2  2  2  3  2  2  2  2  2  2  2  2  2
++         2  2  2  2  2  2  2  2  2  2  2  2  2  4  0  0  0
++         0  0  0  0  0  0  0  0  0  0  0  0  0  0  0  0  0
++         0  0  0  0  0  0  0  0  0  0  0  0  0  0  0  0  0
++         0  0  0  0  0  0  0  0  0  0  0  0  0  0  0  0  0
%c G  cc GPS ccc cccc cccc cccc cccc ccccc ccccc ccccc ccccc
%c cc cc ccc ccc cccc cccc cccc cccc ccccc ccccc ccccc ccccc
%f  1.2500000  1.025000000  0.00000000000  0.000000000000000
%f  0.0000000  0.000000000  0.00000000000  0.000000000000000
%i    0    0    0    0      0      0      0      0         0
%i    0    0    0    0      0      0      0      0         0
/* FINAL ORBIT COMBINATION FROM WEIGHTED AVERAGE OF:        
/* cod emr esa gfz grg jgx jpl mit ngs sio                  
/* REFERENCED TO IGS TIME (IGST) AND TO WEIGHTED MEAN POLE: 
/* PCV:IGS20      OL/AL:FES2014b NONE     Y  ORB:CMB CLK:CMB
*  2024  1  9  0  0  0.00000000
PG01  13590.455047  -5148.715651  21864.830913    165.601674  8  8  8  99       
PG02  16188.037803   2134.797333  21496.927449   -503.694737  6 10  5  83       
PG03  21771.515696  -9159.149840  11892.993577    113.017460  5  5  8  66       
PG04  23869.099862   -258.380869 -11775.137038    261.144166  9  6  7  45       
PG05 -17933.710165  -1161.688791 -19764.696761   -157.252671  6  7  6  88       
PG06  -6202.017593 -25737.514535  -1166.470797    451.249806  4  6  6  44       
PG07   7242.847996 -19472.148750 -15786.919476    -32.603342  8  4  7  88       
PG08  26123.418610   4880.113507   3294.580656   -161.156363  8  7  7  84       
PG09  15100.944434  -9966.032219 -19550.270539     52.738606  8  4  4 110       
PG10  -5666.614355  20095.566751  16418.840200    -68.576864  6  6  4  70       
PG11 -11860.634555 -20634.415924 -11815.604076   -532.757908  7  8  5  69       
PG12 -22477.513380   7727.809530  11495.879904   -465.949013  8  7  8  55       
PG13 -22353.803823 -13946.997649  -4385.355233    613.962967  7  8  8  83       
PG14   9437.991548 -20889.077841  13283.326567    293.491894 10  5  8  50       
PG15 -26407.188147  -2286.479630   2488.281283    115.282970  4  8  7  92       
PG16  13666.523046   8404.405358 -21561.504642   -388.011611  8 10  3  88       
PG17   1296.972678 -15536.803023  21917.231557    720.314390  7  7  4  62       
PG18  -6458.902977  20566.077180 -15377.513599   -527.403184  5  5  6  72       
PG19  -9129.895375 -17328.189866  17913.407273    423.898524  6  4  4  58       
PG20  -8881.128573 -13241.484797 -21206.918318    392.483523  8 10  5  90       
PG21  16946.129186   7663.789163  19796.817983    139.007339  7  7  5 121       
PG22   3112.191609 -18950.853089  18904.756408     51.536060  4  7  5  63       
PG23 -15751.203897  20533.598284   5535.454448    131.634799  8  6  9  94       
PG24 -16730.067213  -3596.498702  19999.017165   -410.158300  6  7  7  99       
PG25 -19929.203559  17206.406595   1719.637538    484.571548  5  4  6  69       
PG26   5969.630081  15892.316479 -20490.500814    202.071580  7  6  5  32       
PG28   5454.095441  25935.531040   1748.168942    -93.121011  6  6  3  66       
PG29 -16735.047793   7459.993912 -19311.023455   -608.947026  7  6  7  71       
PG30      9.859308 -25338.797683  -7369.124978   -447.758615  6  6  7  94       
PG31  10127.696781  23181.101575  -7579.173765   -227.182794  6  5  6  55       
PG32   3747.548797  16338.262919  20840.694522   -603.581044  9 13 12  84       
*  2024  1  9  0 15  0.00000000
PG01  14200.182821  -2645.144536  21951.983046    165.602549  7  8  8  90       
PG02  16892.233883   4323.868476  20606.575404   -503.689914  6 10  4  86       
PG03  20803.009130  -7981.092564  14229.156556    113.040998  5  5  8  77       
PG04  24952.822046    299.848992  -9275.168553    261.153015  9  5  7  91       
PG05 -16439.670678  -2891.343202 -20857.799735   -157.253348  6  7  5  97       
PG06  -6020.216264 -25755.684166   1751.316234    451.238140  3  5  6  44       
PG07   7952.612669 -17577.477659 -17561.015590    -32.611647  8  4  6 114       
PG08  26283.992898   5163.334195    484.440013   -161.157434  9  7  7 100       
PG09  17143.835253  -9319.742759 -18131.830575     52.749455  8  4  4  84       
PG10  -7011.411858  21201.396013  14323.020600    -68.579376  6  5  4  74       
PG11 -11902.033719 -21861.487028  -9311.220027   -532.770724  7  8  5  74       
PG12 -21481.295203   6597.335945  13820.060468   -465.952701  8  7  8  31       
PG13 -21694.839873 -13877.823007  -7147.955376    613.966499  7  8  8  91       
PG14  10631.063866 -21649.564812  10938.853148    293.501105 10  5  9  79       
PG15 -26544.060743  -2620.816695   -298.675073    115.286495  4  7  7  98       
PG16  11811.428372   9950.997511 -21961.019267   -388.004698  8 10  2  80       
PG17   3602.683888 -14768.964149  22206.895132    720.313557  6  7  5  60       
PG18  -7045.230075  18776.998450 -17303.162531   -527.411662  5  5  6  72       
PG19  -7085.874950 -16633.371379  19388.264249    423.902998  6  4  4  71       
PG20  -7432.645418 -15153.030513 -20489.390891    392.481967  8 10  3  88       
PG21  17572.195222   9629.719174  18386.583314    139.005674  7  6  5 104       
PG22   4721.172477 -20114.890136  17285.917167     51.529921  4  6  5  60       
PG23 -16234.459053  20720.618585   2687.150639    131.641436  8  6  8  98       
PG24 -17402.660489  -5805.857143  18936.041057   -410.164887  6  6  7  92       
PG25 -19865.442704  16709.655252   4542.246364    484.572740  6  4  6  82       
PG26   4369.223927  17520.303290 -19504.196970    202.068497  7  6  6   4       
PG28   5108.997842  25657.262893   4573.655374    -93.131067  6  6  3  32       
PG29 -18678.718616   6639.661964 -17771.635884   -608.946669  8  6  7  93       
PG30    572.310150 -24432.627703  -9943.124022   -447.754496  6  6  7  96       
PG31  10002.692549  23924.318344  -4834.415166   -227.183079  6  5  6  68       
PG32   1433.929440  15773.086577  21539.718112   -603.583846  8 13 11  81       
*  2024  1  9  0 30  0.00000000
PG01  14944.019193   -194.836325  21649.158913    165.603457  7  8  7 100       
PG02  17669.761771   6363.183530  19378.419543   -503.684781  5  9  3  77       
PG03  19731.119035  -6563.834882  16317.019420    113.064538  5  5  8  76       
PG04  25781.784090    728.531670  -6616.676182    261.161791  9  5  7  56       
PG05 -14975.743717  -4778.886053 -21598.174533   -157.254357  5  7  5  97       
PG06  -5742.259309 -25468.399203   4638.790122    451.226434  3  4  6  53       
PG07   8810.329920 -15541.907240 -19016.270336    -32.620356  8  5  5  52       
PG08  26149.142465   5380.374072  -2333.832365   -161.158971 10  7  7  94       
PG09  19043.399267  -8813.471425 -16404.059181     52.760373  8  4  4  95       
PG10  -8127.227947  22193.563525  11979.872356    -68.581686  6  5  5  84       
PG11 -11932.354712 -22801.847722  -6646.862831   -532.783529  6  7  5  44       
PG12 -20363.274490   5240.306386  15901.522914   -465.955972  8  7  7  55       
PG13 -20748.647275 -13739.155710  -9789.833269    613.969826  8  7  8  85       
PG14  11594.419802 -22268.624833   8404.492450    293.510335 10  5  9  25       
PG15 -26385.407102  -2923.305233  -3080.604728    115.289900  4  7  7  83       
PG16  10021.092268  11613.979243 -21994.649237   -387.997627  8 10  2  78       
PG17   5956.943369 -14126.320778  22129.201933    720.313016  6  7  5  83       
PG18  -7785.065953  16829.686041 -18928.621132   -527.420089  6  5  6  68       
PG19  -4862.460733 -16002.387861  20527.591160    423.907892  6  4  4  92       
PG20  -6138.083381 -17048.571031 -19418.719836    392.480793  7  9  1  85       
PG21  18237.184624  11397.663309  16681.531487    139.004585  8  6  5  97       
PG22   6122.620718 -21231.124772  15381.955374     51.524541  4  6  5  85       
PG23 -16494.685337  20684.501202   -207.929988    131.648061  8  6  9  86       
PG24 -18122.939374  -7846.441501  17539.942575   -410.171501  5  6  6  94       
PG25 -19617.970404  15969.572167   7284.790405    484.573997  6  5  6  51       
PG26   2924.827814  19122.561929 -18183.009923    202.065284  7  6  6  41       
PG28   4642.928563  25100.422382   7320.397459    -93.141089  6  6  3  36       
PG29 -20480.455561   5980.472078 -15928.599202   -608.946160  8  6  7  57       
PG30   1262.183983 -23284.414705 -12342.561727   -447.750461  6  6  7  94       
PG31   9822.887427  24369.616025  -2004.743975   -227.183259  6  5  6  56       
PG32   -964.714996  15319.048237  21875.349942   -603.586646  7 13 10  91       
*  2024  1  9  0 45  0.00000000
PG01  15802.554222   2152.807341  20962.989371    165.604324  6  8  7  98       
PG02  18489.119838   8220.371567  17832.299388   -503.679924  4  9  3  65       
PG03  18600.684131  -4915.332070  18119.988837    113.088038  4  4  7  79       
PG04  26330.509039   1057.342975  -3845.152062    261.170712  9  6  7  71       
PG05 -13579.147502  -6794.059900 -21973.246943   -157.255799  5  7  5  97       
PG06  -5332.974699 -24894.797582   7446.039294    451.214782  3  4  6  84       
PG07   9819.538759 -13413.486353 -20126.422883    -32.628764  8  4  5  70       
PG08  25714.643990   5567.711090  -5112.998720   -161.159856 10  7  8  86       
PG09  20757.864407  -8432.062592 -14396.356955     52.771317  7  4  5  61       
PG10  -9016.906934  23027.878775   9429.110461    -68.582504  5  4  5  90       
PG11 -11913.076980 -23447.514561  -3868.353139   -532.796346  7  6  5  76       
PG12 -19167.029099   3661.403918  17703.138881   -465.959553  8  7  7  45       
PG13 -19521.184864 -13570.481633 -12266.628170    613.973123  8  7  7  85       
PG14  12336.366786 -22708.149453   5724.103182    293.519628  9  5  9  57       
PG15 -25933.882133  -3229.048998  -5810.528992    115.293269  5  6  7  77       
PG16   8330.261830  13361.261610 -21660.506158   -387.990782  7  9  3  64       
PG17   8313.770261 -13620.350752  21685.807312    720.311829  5  6  6  89       
PG18  -8686.642959  14770.647186 -20226.070420   -527.428545  6  4  6  69       
PG19  -2498.558991 -15463.495094  21310.411996    423.912557  5  4  4  81       
PG20  -5009.306989 -18882.993668 -18013.874014    392.478546  7  9  1  81       
PG21  18906.430285  12944.434136  14709.640299    139.003617  8  5  5  87       
PG22   7308.284327 -22257.473669  13223.827233     51.518464  4  6  6  83       
PG23 -16559.486084  20398.096175  -3099.390884    131.654711  8  6  9  96       
PG24 -18858.835065  -9687.672730  15836.930691   -410.178090  6  6  6  78       
PG25 -19221.793928  14973.262760   9898.532794    484.575254  6  5  6  64       
PG26   1648.669487  20655.992055 -16548.547431    202.062201  7  5  6  55       
PG28   4026.912844  24289.899934   9941.072009    -93.151127  6  6  3  29       
PG29 -22096.939464   5469.385230 -13813.465025   -608.945848  8  5  6  73       
PG30   2099.949980 -21927.465394 -14525.300961   -447.746336  6  5  7  88       
PG31   9551.139859  24519.414473    860.233301   -227.183425  6  5  6  56       
PG32  -3402.664486  14989.674417  21841.413119   -603.589459  7 13  8  99       
*  2024  1  9  1  0  0.00000000
PG01  16748.882349   4353.103325  19907.014270    165.605184  5  8  7  94       
PG02  19314.206380   9869.547599  15993.084548   -503.674994  3  9  3  73       
PG03  17455.785579  -3052.483206  19606.487227    113.111535  4  4  7  87       
PG04  26581.235507   1320.083194  -1007.964977    261.179533  9  6  7  74       
PG05 -12281.803635  -8900.407307 -21976.508773   -157.256874  4  6  5  99       
PG06  -4761.941491 -24062.078157  10124.649806    451.203117  3  3  6  54       
PG07  10975.454002 -11241.666000 -20871.841000    -32.637297  8  4  3  69       
PG08  24984.630088   5762.164505  -7806.522880   -161.160982 10  6  8  87       
PG09  22250.195820  -8153.568426 -12142.883695     52.782332  7  5  5 100       
PG10  -9691.752203  23663.068790   6714.371414    -68.584436  5  4  6  80       
PG11 -11805.845374 -23799.354342  -1023.432177   -532.809150  7  6  5  73       
PG12 -17936.197797   1874.129821  19192.683444   -465.963092  8  7  6  76       
PG13 -18026.900016 -13410.236355 -14536.831979    613.976468  8  7  7  85       
PG14  12872.867177 -22934.026822   2944.182997    293.528848  9  5  9  68       
PG15 -25200.177791  -3572.272021  -8442.837566    115.296802  5  6  7  81       
PG16   6768.001669  15155.191966 -20962.684276   -387.983693  7  9  4  68       
PG17  10626.151799 -13254.573972  20884.158747    720.311281  5  6  6  85       
PG18  -9749.892271  12648.332028 -21173.474233   -527.436993  6  4  7  73       
PG19    -38.484769 -15038.381894  21721.873013    423.917301  5  4  4  85       
PG20  -4050.033451 -20611.048371 -16299.504592    392.477244  6  9  2  97       
PG21  19542.333019  14254.065155  12502.737665    139.002815  8  5  6  86       
PG22   8277.911398 -23152.081337  10846.660739     51.512715  5  5  6  43       
PG23 -16462.175030  19841.621825  -5936.875978    131.661350  8  7  8  79       
PG24 -19574.759795 -11306.458672  13858.357242   -410.184725  6  5  6  86       
PG25 -18715.244313  13716.306407  12336.787196    484.576485  6  5  6  49       
PG26    545.268188  22077.096331 -14627.989075    202.059097  6  5  6  26       
PG28   3237.636567  23257.317794  12390.504147    -93.161143  7  6  4  62       
PG29 -23489.382364   5086.053788 -11462.388511   -608.945771  9  5  6  95       
PG30   3099.407632 -20400.248803 -16453.092835   -447.742236  5  6  6  83       
PG31   9152.526253  24384.957916   3709.989374   -227.183471  6  5  5  30       
PG32  -5832.303468  14790.721211  21437.848217   -603.592233  7 12  6 102       
*  2024  1  9  1 15  0.00000000
PG01  17749.704216   6367.627466  18501.324738    165.606080  5  8  7  94       
PG02  20105.635748  11292.093525  13890.357704   -503.669744  4  9  4  48       
PG03  16338.007146  -1000.676468  20750.534303    113.135015  4  4  6  87       
PG04  26524.577518   1553.183119   1846.433148    261.188354  8  7  7  55       
PG05 -11109.217866 -11056.469629 -21607.632876   -157.257965  3  6  5 107       
PG06  -4004.861212 -23004.405847  12628.545683    451.191459  3  3  6  77       
PG07  12265.029578  -9075.403316 -21239.894246    -32.645831  8  4  2  80       
PG08  23971.480184   5999.339020 -10369.285994   -161.162434 10  6  8  91       
PG09  23489.392262  -7950.239042  -9681.997301     52.793261  7  5  5  50       
PG10 -10170.940667  24062.455277   3882.483217    -68.585320  5  4  6  87       
PG11 -11574.115612 -23866.934057   1839.055332   -532.822016  7  5  5  82       
PG12 -16712.749703    -99.494065  20343.475728   -465.966299  8  7  6  68       
PG13 -16288.302742 -13294.231450 -16562.429240    613.980023  8  6  7  94       
PG14  13226.729184 -22917.559295    113.042123    293.538105  9  5  9  83       
PG15 -24202.573851  -3984.856389 -10933.976958    115.300026  5  6  7  85       
PG16   5356.707861  16953.792406 -19911.297120   -387.976769  7  9  5  71       
PG17  12847.588806 -13024.493721  19737.380367    720.309886  5  6  5  93       
PG18 -10966.316750  10511.379182 -21754.937217   -527.445406  7  4  7  61       
PG19   2469.537071 -14741.267275  21753.594137    423.921982  5  4  5  81       
PG20  -3255.886177 -22188.983229 -14305.489272    392.475492  6  8  3  97       
PG21  20105.734081  15318.189367  10096.087879    139.001529  8  5  6  80       
PG22   9039.112626 -23874.868558   8289.281796     51.506791  5  5  6  70       
PG23 -16240.312858  19003.578179  -8670.978960    131.667959  9  7  8  81       
PG24 -20233.072835 -12687.804386  11640.038484   -410.191333  6  5  6 105       
PG25 -18138.348566  12203.172708  14555.841912    484.577701  6  5  6  56       
PG26   -388.599327  23343.599838 -12453.686416    202.055953  6  5  6  30       
PG28   2258.554404  22039.807724  14626.450008    -93.171152  7  6  4  44       
PG29 -24624.910903   4803.772509  -8915.523022   -608.945007  9  5  6  64       
PG30   4266.938937 -18744.929548 -18092.282794   -447.738133  5  5  6  84       
PG31   8595.953570  23985.833319   6494.031396   -227.183947  6  5  5  60       
PG32  -8205.719177  14719.958344  20670.756488   -603.594983  7 12  5 104       
*  2024  1  9  1 30  0.00000000
PG01  18766.687016   8165.479170  16772.081219    165.606928  5  8  7  96       
PG02  20822.190284  12477.191912  11558.038119   -503.664954  5  8  5  75       
PG03  15284.807778   1207.005365  21532.221484    113.158517  4  4  6  91       
PG04  26159.878542   1794.111313   4669.316405    261.197187  8  7  7  72       
PG05 -10079.608698 -13217.180533 -20872.496510   -157.259331  3  6  5  95       
PG06  -3044.686405 -21761.562916  14914.780196    451.179734  4  3  6  67       
PG07  13667.388671  -6961.308976 -21225.152253    -32.654210  8  3  2  89       
PG08  22695.423491   6312.118114 -12758.281441   -161.165133  9  7  8  85       
PG09  24451.566008  -7789.742583  -7055.622321     52.804174  6  4  5  53       
PG10 -10480.619219  24195.481774    982.654336    -68.586677  4  4  6  89       
PG11 -11184.734959 -23668.047860   4669.994710   -532.834761  7  4  5  68       
PG12 -15535.327318  -2229.573873  21134.911971   -465.969665  8  6  6  52       
PG13 -14335.253431 -13254.192429 -18309.481138    613.983239  8  6  7  90       
PG14  13426.529702 -22636.682264  -2720.061497    293.547338  9  6  9  68       
PG15 -22966.232916  -4494.993661 -13243.080569    115.303592  5  6  7  78       
PG16   4111.361462  18712.185285 -18522.428324   -387.970083  7  8  6  21       
PG17  14933.627794 -12917.831152  18264.090997    720.309327  5  6  5  91       
PG18 -12319.202795   8406.871501 -21960.949252   -527.453816  8  3  7  81       
PG19   4975.043683 -14578.299791  21403.904525    423.927067  6  4  5  83       
PG20  -2614.765366 -23576.125836 -12066.393518    392.473417  5  7  4  81       
PG21  20557.345483  16136.173269   7527.954499    139.000427  9  6  6  61       
PG22   9606.942930 -24389.044257   5593.682346     51.500909  5  5  6  81       
PG23 -15934.083953  17881.341186 -11254.134659    131.674597  9  7  8  73       
PG24 -20795.612604 -13825.096450   9221.521763   -410.197940  6  5  5  75       
PG25 -17531.130012  10447.278897  16515.836840    484.578908  6  5  6  65       
PG26  -1163.624433  24416.053575 -10062.657575    202.052835  6  5  6  44       
PG28   1080.736300  20678.587516  16610.329800    -93.181152  7  6  5  78       
PG29 -25477.736325   4590.677229  -6216.349896   -608.944770  9  5  5  71       
PG30   5601.065753 -17005.767444 -19414.422610   -447.734016  5  5  6  99       
PG31   7855.632103  23349.154113   9162.872762   -227.184134  7  5  5  56       
PG32 -10476.323114  14767.262611  19552.350998   -603.597781  7 12  6 106       
*  2024  1  9  1 45  0.00000000
PG01  19758.020927   9724.224889  14750.925553    165.607762  4  8  7  81       
PG02  21422.362406  13422.092181   9033.944321   -503.659845  5  8  6  63       
PG03  14328.072995   3530.887722  21938.069194    113.181982  4  4  5  93       
PG04  25495.246824   2079.743355   7412.497341    261.206009  8  7  7  70       
PG05  -9203.316087 -15335.405143 -19783.111521   -157.260226  4  5  6  76       
PG06  -1872.463045 -20377.400774  16944.264587    451.168145  4  3  6  67       
PG07  15154.596843  -4941.922061 -20829.406968    -32.662714  8  3  3  52       
PG08  21183.867770   6729.259753 -14933.282078   -161.168385  9  7  8  85       
PG09  25120.765363  -7636.569360  -4308.557030     52.815066  6  5  5  83       
PG10 -10652.715006  24039.025114  -1934.404474    -68.587989  4  4  6  85       
PG11 -10609.396988 -23227.940147   7420.837368   -532.847553  7  3  6  34       
PG12 -14437.733830  -4479.318974  21552.876541   -465.973421  8  6  5  63       
PG13 -12203.990479 -13316.460048 -19748.648007    613.986844  8  6  7  69       
PG14  13505.312481 -22076.933972  -5505.808190    293.556573  8  6  9  57       
PG15 -21522.270705  -5125.994261 -15332.537708    115.306798  5  6  7  73       
PG16   3039.054066  20384.160029 -16817.989686   -387.962848  7  7  6  52       
PG17  16843.329667 -12915.045596  16488.156148    720.308325  5  5  4  95       
PG18 -13784.160867   6378.669675 -21788.514274   -527.462192  8  2  7  46       
PG19   7427.114435 -14547.289108  20677.951640    423.931835  6  5  5  77       
PG20  -2107.518144 -24736.351033  -9620.859553    392.471818  5  7  4  81       
PG21  20859.196990  16715.002571   4839.137969    138.999410  9  6  6  70       
PG22  10003.212055 -24662.528841   2804.431249     51.494974  5  5  7  66       
PG23 -15584.579766  16481.413300 -13641.474109    131.681250  9  7  8  77       
PG24 -21225.232293 -14720.061486   6645.317253   -410.204559  6  5  5  88       
PG25 -16931.910308   8470.680579  18181.568922    484.580112  6  5  6  76       
PG26  -1797.389889  25259.357841  -7495.980924    202.049742  5  4  6  24       
PG28   -296.581737  19217.391355  18307.898222    -93.191183  8  6  6  57       
PG29 -26030.067322   4411.145497  -3410.953434   -608.944600  8  5  5  86       
PG30   7092.330419 -15227.450026 -20396.775539   -447.729938  4  5  6  95       
PG31   6912.342384  22508.440625  11668.997182   -227.184286  7  5  4  46       
PG32 -12600.437473  14915.020680  18100.812938   -603.600509  7 12  7 110       
*  2024  1  9  2  0  0.00000000
PG01  20680.103077  11030.490892  12474.306940    165.608571  5  8  8  88       
PG02  21865.937267  14132.096099   6359.294667   -503.654893  5  8  6  69       
PG03  13492.903814   5926.070917  21961.259997    113.205430  4  3  5  88       
PG04  24547.270824   2444.755087  10029.130316    261.214833  7  6  7  63       
PG05  -8482.512947 -17363.570214 -18357.460543   -157.261518  5  5  6  88       
PG06   -487.855250 -18898.153884  18682.422481    451.156548  4  4  5  59       
PG07  16692.737659  -3054.187820 -20061.524893    -32.671238  7  3  3  63       
PG08  19470.476448   7274.144415 -16857.472985   -161.170685  8  8  8  70       
PG09  25489.508083  -7453.567087  -1487.729062     52.825967  6  4  5  65       
PG10 -10723.504592  23578.432777  -4817.408473    -68.588696  4  5  6  81       
PG11  -9825.914224 -22578.255319  10044.425480   -532.860402  6  2  6  55       
PG12 -13447.629475  -6806.304924  21590.019700   -465.976895  8  6  5  77       
PG13  -9935.932480 -13500.900865 -20855.645347    613.990312  8  6  7  96       
PG14  13499.114463 -21232.136180  -8195.705603    293.565848  8  6  9  63       
PG15 -19906.638486  -5895.292126 -17168.500454    115.310550  6  6  7  93       
PG16   2138.809813  21923.828277 -14825.480156   -387.955703  7  7  6  76       
PG17  18540.626514 -12990.124876  14438.373848    720.307419  5  5  4  98       
PG18 -15329.971572   4465.887231 -21241.163818   -527.470564  8  1  7  60       
PG19   9776.188397 -14637.786355  19587.675969    423.936517  6  5  5  80       
PG20  -1708.879632 -25639.380513  -7010.934571    392.470611  4  6  5  80       
PG21  20976.058040  17068.921505   2072.485214    138.998331  8  7  6  60       
PG22  10255.542887 -24669.238061    -31.970429     51.489172  5  5  7  63       
PG23 -15232.058909  14819.320322 -15791.625946    131.687916  9  7  8  65       
PG24 -21487.279395 -15382.411948   3956.112991   -410.211188  6  5  5  95       
PG25 -16375.687773   6303.405030  19523.203267    484.581318  5  5  6  60       
PG26  -2313.509342  25844.142456  -4798.095687    202.046611  5  4  5  56       
PG28  -1865.765112  17700.814826  19689.840279    -93.201178  8  6  6  85       
PG29 -26272.731344   4227.345881   -547.252062   -608.944269  8  5  5  60       
PG30   8723.503636 -13453.426792 -21022.705011   -447.725786  4  5  6  78       
PG31   5754.438584  21502.243094  13967.790046   -227.184607  7  5  3  67       
PG32 -14538.788386  15138.830201  16340.051218   -603.603298  8 12  7 107       
*  2024  1  9  2 15  0.00000000
PG01  21489.277847  12080.191731   9982.742203    165.609370  4  8  8  81       
PG02  22115.563295  14620.257492   3578.145043   -503.649789  5  7  6           
PG03  12796.691653   8344.005336  21601.743613    113.228856  4  3  5  86       
PG04  23340.425385   2920.100996  12474.493590    261.223629  6  6  6  63       
PG05  -7911.231716 -19255.326862 -16619.239223   -157.263065  6  4  7  80       
PG06   1100.666585 -17370.681889  20099.760072    451.144958  4  4  5  62       
PG07  18243.236608  -1328.201308 -18937.141756    -32.679644  7  3  4  83       
PG08  17594.024980   7963.720754 -18498.042717   -161.172277  8  8  8  99       
PG09  25559.004515  -7203.548903   1358.589364     52.836866  6  4  5  80       
PG10 -10731.998834  22808.237995  -7615.457571    -68.590551  4  5  6  74       
PG11  -8819.259550 -21755.755095  12495.791731   -532.873206  6  2  6  74       
PG12 -12585.492545  -9163.971852  21245.894854   -465.980300  8  6  5  65       
PG13  -7576.296957 -13820.065774 -21611.628733    613.993581  7  5  7 101       
PG14  13445.380485 -20104.757423 -10742.962515    293.575097  8  6  9  99       
PG15 -18158.858738  -6813.674355 -18721.328435    115.313952  6  6  7  77       
PG16   1401.718569  23287.308451 -12577.640645   -387.948844  7  6  6  44       
PG17  19995.520586 -13111.621543  12148.093881    720.306985  5  5  3 101       
PG18 -16919.702511   2701.564095 -20328.857667   -527.478979  8     7  53       
PG19  11975.844582 -14831.514837  18151.646897    423.941251  6  5  5  75       
PG20  -1388.646583 -26261.866707  -4281.350067    392.468946  4  6  5  82       
PG21  20876.792676  17218.833219   -727.631987    138.997801  8  7  6  49       
PG22  10396.205207 -24390.178857  -2867.786660     51.483454  5  5  7  72       
PG23 -14914.254740  12919.159091 -17667.448251    131.694603  9  7  8           
PG24 -21550.964782 -15829.203475   1199.989225   -410.217757  6  5  4  91       
PG25 -15892.663926   3982.453293  20516.869790    484.582548  5  5  5  82       
PG26  -2740.514295  26147.944876  -2016.020539    202.043478  5  4  5  59       
PG28  -3610.876535  16172.638693  20732.281909    -93.211218  8  6  7  90       
PG29 -26205.480719   4000.876996   2325.802658   -608.943847  7  5  5  73       
PG30  10470.109541 -11724.313128 -21281.940619   -447.721666  4  4  6  66       
PG31   4378.542320  20372.565658  16018.412486   -227.184882  7  5  2  82       
PG32 -16257.849801  15408.477095  14299.364608   -603.606049  8 12  7  98       
*  2024  1  9  2 30  0.00000000
PG01  22143.563014  12878.396341   7320.030360    165.610167  4  7  8  63       
PG02  22138.256051  14906.799905    736.763972   -503.644793  5  6  6  55       
PG03  12248.515353  10734.211361  20866.212998    113.252306  4  3  5  84       
PG04  21906.190553   3531.635694  14706.738222    261.232469  5  5  6  71       
PG05  -7475.707203 -20967.185414 -14597.505438   -157.263882  6  4  7  77       
PG06   2875.979869 -15840.707965  21172.344110    451.133355  5  4  5  75       
PG07  19764.369159    213.735505 -17478.217220    -32.688130  7  3  4  73       
PG08  15597.074834   8807.688140 -19826.725786   -161.174215  8  8  8  76       
PG09  25339.060706  -6850.912658   4181.594583     52.847777  6  4  5  68       
PG10 -10718.209827  21732.517608 -10279.003379    -68.592620  5  6  6  81       
PG11  -7582.336098 -20800.852889  14732.921103   -532.885997  6  2  6  83       
PG12 -11863.888753 -11503.295448  20526.952179   -465.983883  7  6  5  62       
PG13  -5172.583635 -14278.626953 -22003.503255    613.997298  7  4  7  87       
PG14  13381.331123 -18705.943801 -13103.329494    293.584395  7  7  9  84       
PG15 -16320.658137  -7884.757742 -19965.972298    115.317437  6  6  7  95       
PG16    811.383949  24434.376570 -10112.001483   -387.942054  6  5  6  45       
PG17  21185.083557 -13243.903074   9654.770048    720.305652  6  5  4  84       
PG18 -18512.051108   1111.587376 -19067.775977   -527.487417  8     7  74       
PG19  13984.470252 -15103.137171  16394.759187    423.945844  6  6  5  79       
PG20  -1113.036997 -26588.221859  -1478.764423    392.466725  4  6  5  82       
PG21  20535.605842  17191.474693  -3515.873043    138.996562  8  7  6  68       
PG22  10460.761417 -23814.312796  -5654.791329     51.477297  4  5  7  83       
PG23 -14664.798746  10812.814956 -19236.676896    131.701325  8  6  8  54       
PG24 -21390.573789 -16083.937362  -1576.354397   -410.224505  6  5  4  82       
PG25 -15506.983550   1550.513145  21145.128949    484.583783  5  5  5  69       
PG26  -3110.531463  26156.134199    801.495483    202.040383  5  4  5  80       
PG28  -5508.097744  14674.196407  21417.206305    -93.221199  8  6  7  94       
PG29 -25836.971492   3694.433767   5159.046884   -608.943565  6  6  5  84       
PG30  12301.244585 -10076.427903 -21170.718527   -447.717582  5  4  6  92       
PG31   2789.894893  19163.159384  17784.595126   -227.185240  7  5  2  72       
PG32 -17730.985892  15689.156096  12013.007172   -603.608770  9 11  8  95       
*  2024  1  9  2 45  0.00000000
PG01  22604.294926  13438.848031   4532.440375    165.610971  4  7  8  72       
PG02  21906.780322  15018.265357  -2117.053019   -503.639855  5  6  6  63       
PG03  11848.882690  13046.074672  19767.953742    113.275701  4  3  5  87       
PG04  20281.915610   4298.931352  16687.592224    261.241307  3  3  6  59       
PG05  -7155.025481 -22460.061896 -12326.237671   -157.265214  7  4  7  49       
PG06   4812.798676 -14351.120688  21882.181605    451.121747  5  4  5  79       
PG07  21212.882870   1557.712550 -15712.470923    -32.696473  6  3  5  58       
PG08  13524.510041   9807.948049 -20820.288743   -161.175593  7  8  7  64       
PG09  24847.663680  -6363.208933   6932.780104     52.858675  6  4  5  52       
PG10 -10721.372875  20364.872933 -12760.801329    -68.593667  5  6  6  75       
PG11  -6116.445718 -19756.021606  16717.462355   -532.898747  6  2  6  73       
PG12 -11287.078610 -13774.560078  19446.389853   -465.987505  7  6  5  43       
PG13  -2772.974934 -14873.114546 -22024.153281    614.000622  7  3  7  96       
PG14  13342.350342 -17055.216037 -15235.889351    293.593643  7  7  9  86       
PG15 -14434.543632  -9104.726276 -20882.296851    115.320983  6  6  7  71       
PG16    344.677669  25330.018001  -7470.321979   -387.935065  6  5  5  23       
PG17  22094.218911 -13348.576405   6999.445292    720.304878  6  5  5  79       
PG18 -20062.860523   -286.102131 -17480.008839   -527.495929  8  1  7  82       
PG19  15766.746160 -15421.329479  14347.793692    423.950561  7  6  5  70       
PG20   -846.182833 -26611.162979   1349.019084    392.465072  4  5  5  88       
PG21  19933.140263  17018.385823  -6246.521555    138.995282  8  7  5  49       
PG22  10486.569119 -22939.148610  -8345.053622     51.471418  4  6  7  67       
PG23 -14511.822712   8538.881364 -20472.478698    131.707973  8  6  8  44       
PG24 -20986.479813 -16175.449046  -4326.347826   -410.231135  6  5  4  87       
PG25 -15235.743512   -945.561345  21397.294577    484.584986  4  5  4  71       
PG26  -3457.803652  25862.538787   3604.872505    202.037263  4  4  5  73       
PG28  -7526.461691  13242.848587  21732.768533    -93.231156  8  6  7  88       
PG29 -25184.415046   3273.437141   7903.932425   -608.942938  5  6  6  91       
PG30  14180.654835  -8540.522064 -20691.796683   -447.713466  5  4  6  86       
PG31   1002.351871  17917.758602  19235.331110   -227.185387  7  6  1  65       
PG32 -18939.345977  15942.891540   9519.659577   -603.611500  9 11  8  93       
*  2024  1  9  3  0  0.00000000
PG01  22837.631983  13783.167272   1667.889215    165.611743  4  6  8  96       
PG02  21400.856546  14986.417220  -4934.725830   -503.634725  6  5  6  25       
PG03  11589.824229  15230.645148  18326.571895    113.299128  5  2  5  93       
PG04  18509.470323   5234.336749  18383.008987    261.250118  2  1  5  49       
PG05  -6922.057250 -23700.677770  -9843.806150   -157.266661  7  4  7  85       
PG06   6878.477278 -12940.403414  22217.497031    451.110122  5  4  5  74       
PG07  22545.661616   2698.453158 -13672.723350    -32.704897  5  3  5  37       
PG08  11421.986643  10958.347797 -21460.951893   -161.175522  7  8  8  30       
PG09  24110.263178  -5712.596628   9564.767122     52.869530  6  3  5  65       
PG10 -10778.199676  18728.030591 -15016.824137    -68.594538  5  6  6  77       
PG11  -4431.437540 -18664.135815  18415.377759   -532.911509  5  2  6  57       
PG12 -10850.977094 -15929.159490  18023.868267   -465.991061  6  5  5  33       
PG13   -424.709458 -15591.964461 -21672.588506    614.004035  7  4  7 102       
PG14  13360.458455 -15179.845309 -17103.781740    293.602939  6  7  8  95       
PG15 -12542.368034 -10462.335823 -21455.344744    115.324590  6  6  7  55       
PG16    -27.221257  25945.815262  -4697.924883   -387.928176  6  5  5  71       
PG17  22716.156891 -13386.040365   4226.170346    720.304218  6  5  5  68       
PG18 -21526.749828  -1481.990575 -15593.150688   -527.504379  7  2  7  83       
PG19  17294.884666 -15750.118856  12046.850316    423.955320  7  6  5  65       
PG20   -551.698503 -26331.953991   4153.846748    392.463330  4  5  6  72       
PG21  19057.384759  16734.698799  -8874.116729    138.994299  8  7  5 129       
PG22  10511.192930 -21771.033130 -10891.754236     51.465663  4  6  6  73       
PG23 -14476.794687   6141.325650 -21353.900213    131.714621  7  5  8  37       
PG24 -20325.929591 -16136.628697  -7004.267288   -410.237773  6  5  4 106       
PG25 -15088.312648  -3456.437194  21269.606808    484.586195  4  4  3  70       
PG26  -3817.115351  25269.747374   6344.629984    202.034133  5  5  4  73       
PG28  -9628.867750  11910.623514  21673.502797    -93.241185  8  6  8  88       
PG29 -24272.914751   2707.564500  10513.348625   -608.942405  5  6  6  83       
PG30  16068.026182  -7140.746506 -19854.348244   -447.709396  5  3  6  90       
PG31   -961.979481  16678.337149  20345.451527   -227.185353  7  6  2  79       
PG32 -19872.474085  16130.106479   6861.810934   -603.614206 10 11  8 114       
*  2024  1  9  3 15  0.00000000
PG01  22815.863773  13939.776695  -1224.874755    165.612520  4  5  7  71       
PG02  20608.140796  14846.930232  -7667.682469   -503.629943  6  5  5  52       
PG03  11455.332734  17242.368149  16567.607942    113.322551  5  3  5  89       
PG04  16633.733406   6342.314901  19763.749520    261.258989  2     4  55       
PG05  -6744.643077 -24662.758754  -7192.361920   -157.267652  6  4  8  72       
PG06   9034.096718 -11641.249590  22172.904551    451.098452  6  5  5  71       
PG07  23721.361910   3639.201715 -11396.165711    -32.713381  5  3  5  32       
PG08   9334.349374  12244.730620 -21736.738355   -161.176178  7  7  8  52       
PG09  23158.775882  -4877.128615  12032.122834     52.880360  6  2  4  52       
PG10 -10921.238357  16853.077498 -17007.113367    -68.595523  5  6  6  21       
PG11  -2545.530246 -17566.811680  19797.520625   -532.924344  5  2  6  43       
PG12 -10543.464106 -17921.350096  16285.096474   -465.994625  5  5  5  41       
PG13   1827.514227 -16415.878277 -20954.002429    614.007397  7  4  7  89       
PG14  13462.932047 -13113.933546 -18674.848052    293.612219  6  7  8  72       
PG15 -10683.931106 -11939.184638 -21675.541059    115.327964  6  6  7  80       
PG16   -337.537017  26261.110344  -1842.932389   -387.921106  6  5  4  78       
PG17  23052.659092 -13317.113609   1381.357810    720.303262  6  5  6  54       
PG18 -22858.796069  -2475.143814 -13439.808073   -527.512738  7  3  7  77       
PG19  18549.567283 -16050.427978   9532.665552    423.960297  6  6  5  58       
PG20   -194.265631 -25760.337564   6888.009509    392.461571  5  5  6  59       
PG21  17904.357472  16377.780630 -11354.122807    138.993481  8  7  5  40       
PG22  10570.784094 -20325.119542 -13250.019951     51.459775  4  6  6  91       
PG23 -14573.633645   3667.954861 -21866.205509    131.721304  7  5  7  66       
PG24 -19403.578346 -16003.023415  -9565.913361   -410.244453  6  5  4  96       
PG25 -15065.989992  -5932.083233  20765.253283    484.587396  4  5  2  80       
PG26  -4222.189578  24389.067467   8972.325904    202.030981  5  5  4  92       
PG28 -11773.341422  10703.076188  21240.418661    -93.251188  7  6  8 101       
PG29 -23134.511800   1972.121381  12942.424895   -608.942150  4  6  6  88       
PG30  17920.434097  -5893.896724 -18673.739290   -447.705263  5  3  7  60       
PG31  -3073.442878  15483.459544  21096.070509   -227.185623  7  6  3  82       
PG32 -20528.605317  16211.280876   4085.058296   -603.616863 10 11  8 116       
*  2024  1  9  3 30  0.00000000
PG01  22518.482596  13942.596022  -4097.070305    165.613333  3  5  7  79       
PG02  19524.932839  14637.910551 -10268.192423   -503.625010  6  4  5  44       
PG03  11422.127319  19040.680619  14522.046912    113.346008  5  3  5  90       
PG04  14700.974406   7619.086002  20805.888897    261.267830  3  2  4  39       
PG05  -6586.987738 -25327.984920  -4417.150895   -157.269557  6  4  8  53       
PG06  11235.792494 -10479.414854  21749.474417    451.086843  6  4  6  65       
PG07  24701.956347   4391.276002  -8923.582353    -32.722020  4  3  5           
PG08   7304.072353  13645.295749 -21641.742050   -161.176843  6  7  8  65       
PG09  22030.349038  -3841.815947  14292.152226     52.891209  6  2  4  70       
PG10 -11177.411714  14778.360959 -18696.547506    -68.596754  6  6  6  64       
PG11   -484.813954 -16502.807970  20840.131321   -532.937062  6  3  6  70       
PG12 -10345.028659 -19709.884930  14261.303460   -465.998305  4  5  5           
PG13   3943.046424 -17318.485591 -19879.739718    614.010892  7  5  7  85       
PG14  13671.125943 -10897.235706 -19922.184878    293.621468  6  7  7  52       
PG15  -8895.660831 -13510.240884 -21538.838495    115.331559  6  5  7  70       
PG16   -622.404376  26263.886603   1044.585327   -387.914303  6  5  4  82       
PG17  23113.918453 -13104.680676  -1486.924899    720.302492  5  5  6  82       
PG18 -24016.204512  -3273.029719 -11057.030296   -527.521170  7  4  7  82       
PG19  19520.541170 -16281.760527   6849.830615    423.965259  6  6  5  58       
PG20    258.825649 -24914.160370   9505.027108    392.459827  5  4  6  30       
PG21  16478.531376  15985.768428 -13643.633707    138.992117  8  7  4 130       
PG22  10698.490868 -18625.003257 -15377.761348     51.453971  5  6  6  92       
PG23 -14808.135961   1168.742778 -22001.098930    131.727950  6  5  7  74       
PG24 -18221.761894 -15811.372091 -11969.246043   -410.251074  6  5  4 115       
PG25 -15162.012510  -8323.567391  19894.241837    484.588549  4  5  2  64       
PG26  -4704.124771  23240.140021  11441.482349    202.027828  5  6  4  88       
PG28 -13914.490408   9638.409925  20440.984435    -93.261209  7  6  8  93       
PG29 -21806.975449   1049.200731  15149.300592   -608.941575  5  6  5  51       
PG30  19693.894155  -4808.959688 -17171.199133   -447.701116  5  3  7  51       
PG31  -5295.843508  14366.796691  21474.891867   -227.186057  7  6  3  77       
PG32 -20914.632756  16148.634356   1237.333417   -603.619559 10 11  9 104       
*  2024  1  9  3 45  0.00000000
PG01  21932.984357  13829.560594  -6900.653405    165.614138  4  4  7  80       
PG02  18156.574481  14398.297818 -12690.227890   -503.619839  7  4  5  76       
PG03  11460.708610  20591.410787  12225.736440    113.369488  5  4  5  94       
PG04  12757.189504   9052.591199  21491.238073    261.276677  4  3  4  67       
PG05  -6411.211948 -25686.652665  -1565.761845   -157.270938  6  5  8  71       
PG06  13436.272904  -9472.847402  20954.694175    451.075221  6  4  6  57       
PG07  25454.126882   4973.315595  -6298.547546    -32.730317  3  2  5  13       
PG08   5369.781267  15131.261202 -21176.306273   -161.178870  5  8  9  81       
PG09  20765.930077  -2599.427173  16305.649001     52.902033  6  2  4  62       
PG10 -11566.797054  12548.100150 -20055.507397    -68.598295  6  6  6  43       
PG11   1717.550274 -15506.549154  21525.243730   -532.949768  6  4  5  71       
PG12 -10229.715549 -21259.462830  11988.609557   -466.001777  4  5  5  61       
PG13   5886.652666 -18267.288425 -18467.169459    614.014440  7  5  7  76       
PG14  13999.543571  -8573.771719 -20824.596691    293.630738  6  7  7  72       
PG15  -7209.417252 -15144.611173 -21046.801966    115.335208  6  5  7  76       
PG16   -919.231333  25951.325012   3913.533661   -387.907325  6  6  4  73       
PG17  22918.150819 -12715.295802  -4329.717975    720.301336  5  5  7  62       
PG18 -24959.904542  -3891.019681  -8485.673092   -527.529595  6  4  6  91       
PG19  20206.849859 -16403.954758   4045.929640    423.969797  6  6  5  64       
PG20    836.236645 -23818.706544  11960.410154    392.458176  6  5  7  23       
PG21  14792.974787  15596.043664 -15702.107000    138.991259  9  7  4 129       
PG22  10922.964817 -16702.028503 -17236.495754     51.447989  5  6  5  84       
PG23 -15177.733916  -1305.916068 -21756.831313    131.734609  6  5  7  79       
PG24 -16790.501534 -15598.124085 -14174.973939   -410.257741  6  4  4 109       
PG25 -15361.907245 -10584.794483  18673.132575    484.589793  5  5  3   5       
PG26  -5289.939369  21850.224864  13708.474677    202.024687  6  6  5  85       
PG28 -16005.101269   8726.894205  19288.997975    -93.271274  7  6  8  93       
PG29 -20332.382784    -71.416438  17095.849167   -608.941375  5  6  5  71       
PG30  21344.951816  -3886.975771 -15373.393323   -447.696971  5  3  7  45       
PG31  -7587.720686  13355.867015  21476.373816   -227.186225  7  7  4  89       
PG32 -21045.741544  15907.766173  -1631.930967   -603.622259 10 10  9  94       
*  2024  1  9  4  0  0.00000000
PG01  21055.376415  13641.020934  -9589.050564    165.614984  5  4  6  78       
PG02  16517.510426  14166.209070 -14890.336675   -503.614882  7  3  5  79       
PG03  11536.660035  21867.928988   9718.726035    113.392967  5  4  6  89       
PG04  10846.453781  10622.780812  21807.673305    261.285534  4  4  4  70       
PG05  -6179.002490 -25738.019392   1312.680698   -157.272465  6  5  8  69       
PG06  15586.470955  -8631.127541  19802.326701    451.063566  6  5  6  73       
PG07  25950.460005   5410.267932  -3566.616009    -32.738694  3  3  5  57       
PG08   3564.913218  16667.810707 -20347.104912   -161.179700  4  9  9  68       
PG09  19408.696805  -1150.989200  18037.591634     52.912859  6  2  4  68       
PG10 -12101.699955  10210.768310 -21060.423230    -68.599728  6  6  6  72       
PG11   4022.403902 -14606.826943  21840.995426   -532.962528  6  4  5  72       
PG12 -10166.330809 -22541.936608   9507.315272   -466.005530  4  5  5  44       
PG13   7629.686366 -19224.856889 -16739.461984    614.017588  7  6  7  94       
PG14  14455.191479  -6190.283726 -21366.940860    293.639986  5  7  6  64       
PG15  -5651.458205 -16806.527242 -20206.630506    115.338616  7  5  7  48       
PG16  -1264.984686  25330.002357   6712.769559   -387.900688  7  6  4  72       
PG17  22490.884901 -12120.682404  -7097.978981    720.300560  5  5  7  84       
PG18 -25656.011933  -4351.590728  -5769.706124   -527.538013  6  5  6  20       
PG19  20616.690023 -16378.929370   1170.619784    423.974253  5  7  6  68       
PG20   1561.295203 -22505.764532  14212.389425    392.456653  6  6  7  60       
PG21  12869.186765  15243.697655 -17492.117734    138.990272  9  7  4 123       
PG22  11267.027556 -14594.282590 -18792.135292     51.442143  5  6  5  75       
PG23 -15671.593039  -3706.957622 -21138.190458    131.741348  6  6  6  87       
PG24 -15127.245715 -15397.991581 -16147.095770   -410.264380  5  4  5  98       
PG25 -15644.167237 -12674.112962  17124.641205    484.590968  5  5  4  52       
PG26  -6001.287260  20253.186252  15733.362347    202.021546  6  6  5  77       
PG28 -17997.815283   7970.600856  17804.347089    -93.281336  7  6  8  85       
PG29 -18755.541435  -1391.655570  18748.343904   -608.940941  6  6  5  56       
PG30  22832.249706  -3121.215831 -13311.910779   -447.692852  5  3  7  59       
PG31  -9903.826309  12471.052415  21101.752860   -227.186217  7  7  4  86       
PG32 -20944.720295  15459.184996  -4472.680579   -603.624940 10 10  9 115       
*  2024  1  9  4 15  0.00000000
PG01  19890.380574  13418.082425 -12117.849182    165.615948  5  5  6  61       
PG02  14630.996226  13977.290358 -16828.507339   -503.609932  7  4  4  49       
PG03  11612.141258  22852.007763   7044.541830    113.416444  5  5  6  87       
PG04   9009.352314  12302.218390  21749.366551    261.294345  5  5  4  78       
PG05  -5853.296555 -25490.313536   4168.365642   -157.273886  6  5  8  70       
PG06  17637.268224  -7955.235693  18312.168279    451.051852  6  5  6  76       
PG07  26170.406345   5732.161102   -774.523529    -32.747265  3  3  5  63       
PG08   1916.567098  18215.294956 -19167.119178   -161.181823  4 10 10  87       
PG09  18002.408651    494.032463  19457.771170     52.923690  6  2  4  66       
PG10 -12786.060593   7817.314924 -21694.191185    -68.600610  6  6  7  60       
PG11   6385.897610 -13825.729926  21781.836250   -532.975320  6  4  5  66       
PG12 -10119.852272 -23537.235501   6861.126029   -466.008697  3  5  5  44       
PG13   9151.022239 -20150.235519 -14725.268092    614.020868  7  6  7  78       
PG14  15037.241900  -3794.599749 -21540.360623    293.649261  6  7  6  77       
PG15  -4241.602159 -18456.521276 -19031.113493    115.341996  7  6  7  73       
PG16  -1694.472330  24415.714324   9392.106501   -387.893498  7  6  4  77       
PG17  21863.969300 -11299.067056  -9743.429045    720.299552  5  5  7  35       
PG18 -26077.103605  -4683.260369  -2955.475407   -527.546426  5  5  6  47       
PG19  20766.903169 -16172.346706  -1725.323426    423.978990  5  7  6  70       
PG20   2450.914131 -21012.461993  16222.602185    392.454683  6  6  7  43       
PG21  10736.616321  14960.045507 -18980.118579    138.988623  9  7  4 116       
PG22  11746.558918 -12345.309042 -20015.718259     51.436018  6  6  5  82       
PG23 -16271.041713  -5988.337796 -20156.378811    131.747936  6  7  6  91       
PG24 -13256.360172 -15242.583063 -17853.393092   -410.271016  5  4  5  99       
PG25 -15981.216796 -14555.726932  15277.128737    484.592200  6  5  4  42       
PG26  -6853.399628  18488.221579  17480.641215    202.018387  6  7  5  74       
PG28 -19846.819013   7363.468246  16012.663759    -93.291367  7  6  8  38       
PG29 -17122.315031  -2904.863899  20078.053248   -608.940118  6  6  5  47       
PG30  24118.012918  -2497.661358 -11022.677323   -447.688736  5  3  7  31       
PG31 -12196.745198  11724.925076  20358.932021   -227.186456  7  7  5  82       
PG32 -20640.973730  14779.663991  -7235.147742   -603.627633 10  9  9 105       
*  2024  1  9  4 30  0.00000000
PG01  18451.329668  13200.943975 -14445.440279    165.616843  6  5  5  75       
PG02  12528.452164  13863.145357 -18469.004469   -503.605057  7  4  4  66       
PG03  11647.513120  23534.361449   4249.411610    113.439931  4  5  6  90       
PG04   7281.549981  14056.979952  21316.911484    261.303198  5  5  5  64       
PG05  -5399.933333 -24960.405518   6951.671857   -157.275639  6  6  8  78       
PG06  19541.226683  -7437.656010  16509.711161    451.040167  6  5  6  70       
PG07  26100.978158   5972.717208   2030.589079    -32.755857  4  3  5  38       
PG08    444.591793  19730.646621 -17655.503998   -161.183329  4 10 10  78       
PG09  16589.743110   2317.883803  20541.338334     52.934521  6  3  5  72       
PG10 -13615.215942   5419.303637 -21946.452068    -68.601729  5  6  7  94       
PG11   8760.982546 -13177.842355  21348.631495   -532.988059  7  5  4  71       
PG12 -10052.984356 -24233.970196   4096.331750   -466.012535  3  5  5  53       
PG13  10437.712523 -21000.510833 -12458.300831    614.024194  7  7  7  53       
PG14  15737.014654  -1433.967861 -21342.404078    293.658561  6  7  5  58       
PG15  -2992.618466 -20052.754251 -17538.517448    115.345333  7  6  7  53       
PG16  -2238.698839  23232.923577  11903.322148   -387.886519  7  7  5  83       
PG17  21074.327174 -10236.290074 -12219.421711    720.299341  5  5  6  56       
PG18 -26203.258186  -4919.295814    -90.932079   -527.554926  5  5  6  54       
PG19  20682.127577 -15755.122991  -4590.971555    423.983528  4  7  5  42       
PG20   3514.753791 -19379.911683  17956.725858    392.452558  7  7  7  42       
PG21   8431.865341  14771.249211 -20137.188549    138.987919  9  7  4 107       
PG22  12369.660627 -10002.584734 -20884.061300     51.430235  6  6  5  76       
PG23 -16950.313697  -8108.596625 -18828.783161    131.754596  6  7  5  93       
PG24 -11208.385238 -15159.161976 -19265.873362   -410.277638  5  4  6 108       
PG25 -16340.620040 -16200.860152  13163.994912    484.593438  5  5  5  59       
PG26  -7854.298372  16598.387614  18919.899682    202.015275  6  7  6  71       
PG28 -21509.484442   6891.690255  13944.878227    -93.301392  7  6  8  61       
PG29 -15477.915332  -4595.860042  21061.754562   -608.939549  6  6  5  55       
PG30  25169.397238  -1995.764288  -8545.308381   -447.684580  5  3  7  57       
PG31 -14418.589076  11121.906573  19262.242167   -227.186600  6  7  5  84       
PG32 -20169.273603  13853.362654  -9870.769332   -603.630301 10  8  9 101       
*  2024  1  9  4 45  0.00000000
PG01  16759.765892  13027.292704 -16533.610206    165.617706  6  5  4  62       
PG02  10248.477602  13849.910644 -19781.149875   -503.600292  6  4  4  52       
PG03  11603.029334  23914.848382   1381.455138    113.463449  3  6  6  82       
PG04   5692.555074  15847.816297  20517.341304    261.312047  5  5  5  77       
PG05  -4789.205832 -24173.148767   9614.055596   -157.276801  6  6  8  87       
PG06  21254.264478  -7062.810465  14425.716041    451.028459  6  5  6  66       
PG07  25737.168846   6167.862452   4801.918599    -32.764149  4  4  5  40       
PG08   -839.048114  21168.958715 -15837.340023   -161.185235  3 11 10  51       
PG09  15210.682541   4294.999478  21269.258745     52.945398  6  4  5  56       
PG10 -14576.024926   3067.044229 -21813.728688    -68.603436  5  6  7  75       
PG11  11099.030360 -12669.743010  20548.657439   -533.000863  7  5  4  73       
PG12  -9927.791980 -24629.702617   1260.959942   -466.015884  3  5  5  61       
PG13  11485.337285 -21732.483233  -9976.821821    614.027444  7  7  7  60       
PG14  16538.276879    846.574794 -20777.029563    293.667867  5  7  5  60       
PG15  -1909.869319 -21552.455957 -15752.399116    115.348682  7  6  7  42       
PG16  -2923.369507  21813.850971  14201.140544   -387.879871  7  7  5  94       
PG17  20162.500787  -8926.640821 -14481.817803    720.298682  5  5  6  75       
PG18 -26022.824427  -5096.247117   2775.160935   -527.563399  4  4  6  62       
PG19  20393.650403 -15104.722973  -7376.196241    423.988208  4  7  5  33       
PG20   4754.660933 -17651.718057  19385.049940    392.451069  6  7  7           
PG21   5997.588011  14697.111699 -20939.748446    138.986839  8  6  4 112       
PG22  13136.139501  -7615.818932 -21380.310113     51.424158  6  6  5  64       
PG23 -17677.572420 -10032.239123 -17178.642775    131.761276  6  7  5  93       
PG24  -9019.085430 -15169.570372 -20361.162434   -410.284209  5  4  6 101       
PG25 -16686.477804 -17588.631180  10822.994047    484.594671  5  5  5  68       
PG26  -9004.313744  14628.987330  20026.364277    202.012273  6  7  6  87       
PG28 -22947.895444   6534.414123  11636.680860    -93.311407  7  7  7  58       
PG29 -13865.226762  -6441.318528  21682.156298   -608.939672  6  6  5  39       
PG30  25959.651587  -1589.453138  -5922.413686   -447.680464  5  3  7  44       
PG31 -16522.694977  10658.265950  17832.087969   -227.186699  6  7  5  74       
PG32 -19568.296899  12672.665574 -12333.094351   -603.632976 10  8  9 108       
*  2024  1  9  5  0  0.00000000
PG01  14844.758022  12930.808392 -18348.078898    165.618623  7  5  3  42       
PG02   7835.556643  13957.044224 -20740.024559   -503.594939  6  4  4  52       
PG03  11440.528726  24002.331980  -1510.145409    113.486955  3  6  7  82       
PG04   4264.724909  17631.535799  19364.036102    261.320924  4  5  5  81       
PG05  -3997.248655 -23160.413655  12108.931232   -157.278349  5  6  8  74       
PG06  22737.213735  -6807.806219  12095.700965    451.016770  6  4  6  62       
PG07  25082.088970   6354.190252   7493.701442    -32.772721  5  4  5  54       
PG08  -1930.599220  22485.167541 -13743.269522   -161.186223  3 11 10  62       
PG09  13901.014992   6392.790730  21628.666642     52.956242  6  4  5  43       
PG10 -15647.347445    807.795830 -21299.422950    -68.605518  6  6  7  94       
PG11  13351.521114 -12299.823701  19395.488589   -533.013625  7  5  3  72       
PG12  -9707.347178 -24730.876606  -1596.079918   -466.019526  4  5  5  71       
PG13  12298.030917 -22304.380613  -7323.036152    614.030794  7  7  8  61       
PG14  17417.846627   3005.736040 -19854.499895    293.677166  5  7  5  63       
PG15   -991.220793 -22913.430396 -13701.340412    115.352091  7  7  7  56       
PG16  -3767.612551  20197.245813  16244.160371   -387.872846  7  7  6  73       
PG17  19171.038958  -7373.374692 -16489.847055    720.297844  6  5  5  76       
PG18 -25532.889534  -5252.359918   5594.032766   -527.571886  4  5  6  50       
PG19  19938.012441 -14206.187158 -10032.587824    423.992965  4  7  5  66       
PG20   6164.406022 -15872.399392  20482.977642    392.449273  6  8  7  37       
PG21   3481.113782  14750.101982 -21370.217591    138.985744  8  6  4 109       
PG22  14037.341142  -5235.142832 -21494.367949     51.418527  6  6  6  75       
PG23 -18416.175616 -11730.882666 -15234.623761    131.767946  6  8  5  88       
PG24  -6728.322050 -15289.352398 -21120.845139   -410.290840  5  4  6 104       
PG25 -16980.952108 -18706.612329   8295.492446    484.595939  5  5  5  16       
PG26 -10295.924987  12625.885819  20781.323998    202.009130  6  7  6  85       
PG28 -24130.201783   6264.719183   9127.901320    -93.321449  7  7  7  58       
PG29 -12323.228252  -8410.476907  21928.219897   -608.939021  6  5  5  57       
PG30  26469.053834  -1248.343709  -3198.866638   -447.676354  5  2  7  40       
PG31 -18465.260981  10322.449063  16094.492145   -227.187013  6  7  5  70       
PG32 -18879.010339  11238.699759 -14578.660323   -603.635652 10  8 10  86       
*  2024  1  9  5 15  0.00000000
PG01  12741.962817  12939.826934 -19858.982703    165.619528  6  5  2  47       
PG02   5338.502024  14196.386939 -21327.066574   -503.589863  5  4  4  65       
PG03  11125.062930  23814.210012  -4375.980567    113.510469  2  6  7  82       
PG04   3012.552720  19362.556105  17876.519392    261.329744  4  5  5  76       
PG05  -3007.203114 -21959.850223  14392.526925   -157.279687  5  6  8  78       
PG06  23957.202792  -6643.467688   9559.354135    451.005043  6  4  6  59       
PG07  24146.822582   6567.432042  10061.870409    -32.781107  5  5  5  34       
PG08  -2834.520388  23635.775067 -11409.017258   -161.188450  4 11 10  94       
PG09  12691.008525   8572.715165  21613.109286     52.967108  5  5  5  49       
PG10 -16800.852997  -1315.886269 -20413.677576    -68.606765  5  6  7  89       
PG11  15471.735338 -12058.434855  17908.777707   -533.026469  7  4  3  68       
PG12  -9357.323552 -24552.419108  -4425.844268   -466.022784  4  5  5  65       
PG13  12888.178930 -22677.547529  -4542.402311    614.034093  6  7  8  58       
PG14  18346.474710   5007.348292 -18591.169843    293.686593  5  6  4  42       
PG15   -227.232351 -24095.576139 -11418.601021    115.355652  6  6  8  57       
PG16  -4782.979591  18426.887372  17995.701817   -387.866281  7  7  6  80       
PG17  18142.789653  -5588.880211 -18206.935193    720.297108  6  5  5  81       
PG18 -24739.430367  -5425.927616   8317.707356   -527.580362  4  5  6  50       
PG19  19355.427523 -13052.852595 -12514.319960    423.997742  3  7  4  52       
PG20   7729.730582 -14085.783501  21231.449388    392.447550  6  8  7  32       
PG21    932.836103  14934.666310 -21417.583761    138.984674  8  6  5 106       
PG22  15056.349572  -2909.265931 -21223.183869     51.412547  6  6  6  60       
PG23 -19126.130315 -13184.130110 -13030.308542    131.774637  6  7  4  88       
PG24  -4378.784584 -15527.106772 -21531.751974   -410.297425  5  4  6 103       
PG25 -17185.854467 -19551.058983   5625.686119    484.597161  5  5  5  68       
PG26 -11713.928194  10633.825821  21172.426595    202.006001  6  6  6  92       
PG28 -25031.748514   6050.837466   6461.816121    -93.331500  7  7  6  62       
PG29 -10885.574018 -10466.140392  21795.374302   -608.938487  6  5  5  58       
PG30  26685.588218   -939.106072   -421.050544   -447.672249  4  2  6  42       
PG31 -20206.857047  10095.718274  14080.552885   -227.186953  6  7  5  74       
PG32 -18142.967753   9561.505557 -16567.817815   -603.638346 10  8 10  83       
*  2024  1  9  5 30  0.00000000
PG01  10492.463150  13076.206509 -21041.300012    165.620447  6  5  2  70       
PG02   2808.698764  14571.545809 -21530.541568   -503.584744  5  5  4  83       
PG03  10626.397931  23375.633556  -7167.240650    113.533971  3  7  7  66       
PG04   1942.264607  20994.565975  16080.145352    261.338595  4  6  5  85       
PG05  -1810.109423 -20613.427466  16424.696668   -157.280920  5  6  7  87       
PG06  24888.811570  -6535.614265   6859.879026    450.993347  6  4  6  61       
PG07  22950.016228   6840.987304  12464.663593    -32.789562  6  5  5  36       
PG08  -3563.152613  24580.541690  -8874.800685   -161.190041  5 11 10  81       
PG09  11604.311887  10791.588002  21222.676338     52.977928  5  5  5  66       
PG10 -18002.121006  -3267.595775 -19173.110763    -68.608345  5  6  7  98       
PG11  17416.385991 -11928.353075  16113.931376   -533.039290  7  3  2  86       
PG12  -8847.477742 -24117.033824  -7180.180913   -466.026232  5  5  5  64       
PG13  13275.792043 -22818.042686  -1682.866191    614.037412  6  6  7  81       
PG14  19289.968775   6821.542987 -17009.172836    293.695889  5  6  4  31       
PG15    398.374682 -25062.368266  -8941.685292    115.358856  6  6  8  85       
PG16  -5972.771487  16549.883576  19424.547176   -387.859240  7  7  6  86       
PG17  17119.166910  -3594.478640 -19601.473725    720.296543  6  5  4  79       
PG18 -23657.141912  -5653.644900  10899.793647   -527.588789  3  4  5  51       
PG19  18688.084808 -11646.742304 -14778.943454    424.002207  3  7  3  57       
PG20   9428.704956 -12333.436358  21617.281037    392.445824  5  7  7  71       
PG21  -1595.575837  15246.871298 -21077.857170    138.983772  8  6  5 110       
PG22  16168.551105   -683.679676 -20570.886744     51.406531  6  6  6  63       
PG23 -19765.681677 -14380.138537 -10603.610192    131.781269  6  7  4  86       
PG24  -2014.620882 -15884.091130 -21586.189080   -410.304019  4  4  6 106       
PG25 -17264.234330 -20126.809418   2859.796554    484.598381  5  5  5  51       
PG26 -13235.921267   8694.812062  21193.843951    202.002882  6  6  5  80       
PG28 -25635.937453   5857.567790   3684.396921    -93.341578  7  6  6  30       
PG29  -9579.389089 -12565.947041  21285.617756   -608.938019  6  5  6  67       
PG30  26605.342493   -626.934833   2363.906633   -447.668117  4  2  6  39       
PG31 -21713.755874   9953.069999  11825.829967   -227.187369  6  7  5  57       
PG32 -17400.591363   7659.851153 -18265.483350   -603.641035 10  9 10  80       
*  2024  1  9  5 45  0.00000000
PG01   8141.421715  13354.433729 -21875.217797    165.621382  6  6  3  54       
PG02    298.221307  15077.634345 -21345.866060   -503.579868  4  5  5  90       
PG03   9920.333561  22718.448302  -9836.522078    113.557494  4  7  7  33       
PG04   1051.743412  22482.233473  14005.680413    261.347459  3  6  5  87       
PG05   -405.486487 -19165.806999  18169.670560   -157.282177  4  6  7  95       
PG06  25514.956884  -6446.535619   4043.281193    450.981634  5  4  6  51       
PG07  21517.220334   7204.560205  14663.184443    -32.798017  6  6  4  42       
PG08  -4136.066181  25284.079347  -6184.637346   -161.191708  6 10  9 117       
PG09  10657.125523  13003.084413  20464.010719     52.988827  4  6  6  74       
PG10 -19211.983663  -5018.258559 -17600.434891    -68.609807  5  6  7 106       
PG11  19147.128036 -11885.553172  14041.685666   -533.052094  7  3  3  89       
PG12  -8152.963267 -23454.220240  -9812.519273   -466.030089  5  5  5  80       
PG13  13487.577798 -22698.079176   1205.969072    614.040667  5  6  7  86       
PG14  20210.514844   8425.677527 -15136.014329    293.705128  4  6  4  44       
PG15    907.978955 -25782.246990  -6311.821439    115.362346  6  5  8  95       
PG16  -7331.720754  14614.842984  20505.554157   -387.852314  7  7  6  85       
PG17  16138.465345  -1419.854218 -20647.509319    720.295768  6  5  3  67       
PG18 -22308.949048  -5969.024469  13296.251860   -527.597239  3  4  5  62       
PG19  17978.405093  -9998.612993 -16788.095702    424.007255  3  7  3  82       
PG20  11232.385507 -10653.182194  21633.410466    392.443719  5  7  7  78       
PG21  -4053.071287  15674.412023 -20354.379996    138.982492  7  6  6  93       
PG22  17342.542868   1401.011342 -19548.755976     51.400774  5  6  6  46       
PG23 -20292.974801 -15315.865145  -7996.122080    131.787859  6  6  5  91       
PG24    319.990417 -16354.094181 -21282.107764   -410.310618  4  4  6  93       
PG25 -17181.906459 -20446.867938     45.260672    484.599624  4  5  5  67       
PG26 -14833.082466   6846.629106  20846.307480    201.999803  6  6  5  70       
PG28 -25934.787817   5647.827373    843.512973    -93.351634  7  6  6  47       
PG29  -8424.327333 -14663.845936  20407.503551   -608.937802  6  5  6  71       
PG30  26232.613241   -277.067031   5108.898072   -447.664102  4  3  6  56       
PG31 -22959.037648   9864.388047   9369.675001   -227.187581  6  7  6  17       
PG32 -16689.509274   5560.696195 -19641.802634   -603.643725 10  9 10  79       
*  2024  1  9  6  0  0.00000000
PG01   5736.594462  13780.999825 -22346.436751    165.622334  6  6  4  77       
PG02  -2142.093476  15701.388141 -20775.768017   -503.574745  4  5  5  70       
PG03   8989.792586  21879.900516 -12338.601275    113.581026  4  7  6  57       
PG04    330.783673  23782.894165  11688.784991    261.356253  3  7  5  85       
PG05   1198.427393 -17662.616523  19596.726164   -157.283713  4  6  7  75       
PG06  25827.474235  -6336.609010   1157.606980    450.969959  5  4  6  65       
PG07  19880.009073   7682.945151  16621.912993    -32.806515  6  6  4  73       
PG08  -4579.107807  25717.277143  -3385.560970   -161.192756  7  9  9  72       
PG09   9857.676115  15159.374583  19350.199894     52.999718  4  6  6  43       
PG10 -20388.053391  -6547.012321 -15723.972500    -68.611507  4  7  6  97       
PG11  20631.887677 -11900.255288  11727.588198   -533.064933  7  3  3  66       
PG12  -7255.430040 -22599.059969 -12278.614659   -466.033563  5  5  4  60       
PG13  13555.742893 -22297.246491   4073.723052    614.044224  5  6  7  68       
PG14  21068.144511   9804.982308 -13004.080387    293.714341  4  7  4  50       
PG15   1329.070825 -26229.858365  -3573.353146    115.365705  5  5  8  88       
PG16  -8846.044273  12670.002048  21220.125805   -387.845430  6  7  6  76       
PG17  15234.296101    897.869876 -21325.330300    720.295327  6  6  4  63       
PG18 -20725.219032  -6400.936602  15466.124759   -527.605715  4  4  5  36       
PG19  17267.321868  -8127.665093 -18508.115566    424.011936  2  7  2  51       
PG20  13105.749228  -9077.770731  21279.047109    392.442414  5  7  6  81       
PG21  -6391.135757  16197.001498 -19257.966028    138.982146  7  5  6  96       
PG22  18541.348980   3310.554947 -18175.025766     51.394747  5  6  6  20       
PG23 -20667.726525 -15996.983787  -5252.413736    131.794495  5  6  5  93       
PG24   2582.279132 -16923.584050 -20623.208893   -410.317206  4  5  6  82       
PG25 -16908.860848 -20531.695451  -2770.070714    484.600821  4  5  6  79       
PG26 -16471.207053   5121.550114  20137.017827    201.996688  6  6  4  56       
PG28 -25929.174909   5384.279752  -2011.898053    -93.361699  7  6  6  50       
PG29  -7431.929625 -16711.731890  19176.008525   -608.937464  6  5  6  66       
PG30  25579.718173    143.708761   7767.594228   -447.659965  4  3  5  60       
PG31 -23923.432724   9795.783267   6754.520668   -227.187898  6  6  6  47       
PG32 -16043.019198   3298.325545 -20672.708459   -603.646430 10  9 10  63       
*  2024  1  9  6 15  0.00000000
PG01   3326.752206  14354.069010 -22446.412186    165.623267  6  6  4  55       
PG02  -4464.530756  16421.655586 -19830.275172   -503.569624  3  5  5  46       
PG03   7825.640103  20901.157866 -14631.165585    113.604585  4  7  6  61       
PG04   -238.331334  24858.153030   9169.403344    261.365120  3  8  4  79       
PG05   2984.785417 -16148.693372  20680.765469   -157.284795  4  6  6  70       
PG06  25827.373566  -6165.997596  -1747.854737    450.958181  4  4  6  36       
PG07  18074.910165   8294.997968  18309.168898    -32.814609  6  6  4  48       
PG08  -4923.184202  25858.497182   -526.761348   -161.194282  7  8  8  99       
PG09   9206.015691  17212.827492  17900.549000     53.010622  3  6  6  68       
PG10 -21486.371231  -7841.754771 -13577.084161    -68.612398  4  7  6  77       
PG11  21845.959894 -11938.206889   9211.394669   -533.077791  6  4  4  72       
PG12  -6143.872040 -21590.819482 -14537.237786   -466.037014  6  5  4  88       
PG13  13516.571574 -21603.460782   6870.150943    614.047450  4  5  7  74       
PG14  21822.291199  10952.906232 -10650.071003    293.723600  4  7  4  24       
PG15   1693.044182 -26387.094783   -773.046342    115.368996  5  5  7  81       
PG16 -10493.861873  10761.391000  21556.526550   -387.838354  6  7  6  60       
PG17  14434.214901   3315.377670 -21621.929676    720.294614  6  6  4  75       
PG18 -18942.703007  -6972.326935  17372.223073   -527.614135  4  4  5  58       
PG19  16592.654426  -6060.932549 -19910.556768    424.016745  2  7  2  75       
PG20  15008.873142  -7633.742393  20559.720107    392.440502  5  7  6  68       
PG21  -8565.642947  16787.138461 -17806.850316    138.980504  7  5  6  93       
PG22  19723.891613   5018.246949 -16474.526047     51.388741  4  6  6  32       
PG23 -20852.844459 -16437.477744  -2419.284212    131.801117  5  5  5  69       
PG24   4732.286803 -17572.133146 -19618.976644   -410.323792  5  5  6  76       
PG25 -16420.505334 -20408.241304  -5538.713734    484.602030  3  5  6  81       
PG26 -18111.956768   3545.284444  19079.436118    201.993586  6  6  4  84       
PG28 -25628.738256   5030.974889  -4832.676142    -93.371761  7  6  6  20       
PG29  -6605.308101 -18661.173607  17612.285387   -608.937316  6  5  6  67       
PG30  24666.524452    665.607468  10295.179815   -447.655848  4  4  4  63       
PG31 -24595.877151   9711.065018   4025.142865   -227.188227  6  6  6  61       
PG32 -15488.742908    913.188702 -21340.360607   -603.649122 10  9 10  59       
*  2024  1  9  6 30  0.00000000
PG01    960.062032  15063.452649 -22172.527169    165.624217  6  6  5  81       
PG02  -6626.253607  17210.244484 -18526.528096   -503.564536  3  4  5  80       
PG03   6427.204189  19825.701311 -16675.491707    113.628115  4  7  6  66       
PG04   -679.952419  25675.336543   6491.071693    261.373968  3  8  4  74       
PG05   4928.592339 -14666.370084  21402.784144   -157.286272  5  6  6  79       
PG06  25524.758350  -5896.365279  -4623.395911    450.946477  3  4  5  61       
PG07  16142.180429   9052.823375  19697.526984    -32.823210  6  6  4  36       
PG08  -5202.831048  25694.487060   2341.333728   -161.196732  7  8  7  78       
PG09   8694.153117  19117.716365  16140.239724     53.021556  4  6  7  34       
PG10 -22463.109608  -8899.346410 -11197.523633    -68.613965  4  7  5  82       
PG11  22772.831588 -11962.150028   6536.389562   -533.090642  6  4  5  66       
PG12  -4815.195657 -20471.423346 -16550.802576   -466.040168  6  6  4  88       
PG13  13408.835992 -20613.600035   9546.070564    614.050958  4  5  7  56       
PG14  22433.376096  11871.150586  -8114.368362    293.732872  4  7  4  27       
PG15   2033.809028 -26243.887711   2040.682789    115.372435  5  4  7  87       
PG16 -12245.958878   8931.118463  21510.039859   -387.831419  6  7  6  76       
PG17  13758.605826   5784.680191 -21531.327226    720.293987  7  7  5  64       
PG18 -17003.244743  -7699.161595  18981.754606   -527.622560  5  5  5  44       
PG19  15987.634328  -3832.381754 -20972.595990    424.021550  2  6  2  54       
PG20  16898.316365  -6340.535495  19487.221972    392.439141  4  7  6  80       
PG21 -10538.549141  17411.229223 -16026.436392    138.979222  7  6  7  82       
PG22  20846.651034   6505.802866 -14478.169497     51.383074  3  7  6  21       
PG23 -20815.932795 -16658.926029    455.015584    131.807712  5  4  5  53       
PG24   6734.185755 -18273.111206 -18284.635471   -410.330380  5  5  6  94       
PG25 -15698.698926 -20108.757986  -8214.301442    484.603213  3  5  6  90       
PG26 -19714.269317   2136.200835  17692.966301    201.990465  5  6  4  70       
PG28 -25051.463473   4554.937045  -7570.286968    -93.381832  7  5  6  20       
PG29  -5939.169491 -20465.167920  15743.302312   -608.936775  6  5  6  74       
PG30  23519.711693   1314.519110  12649.062823   -447.651748  4  5  4  67       
PG31 -24973.767109   9573.287084   1227.908429   -227.188416  6  6  6  62       
PG32 -15047.527282  -1549.506831 -21633.458491   -603.651880 10  9 10  74       
*  2024  1  9  6 45  0.00000000
PG01  -1317.517873  15890.893813 -21528.193665    165.625156  6  6  5  91       
PG02  -8590.849827  18033.087057 -16888.422117   -503.559493  3  4  5  78       
PG03   4802.479743  18697.648137 -18437.063271    113.651623  4  7  6  87       
PG04  -1023.921430  26208.736804   3700.156722    261.382730  4  9  5  77       
PG05   6997.496333 -13253.872369  21750.222443   -157.287208  4  6  6  89       
PG06  24938.409781  -5492.542566  -7419.725217    450.934767  2  4  5  44       
PG07  14124.466442   9961.203031  20764.185723    -32.831616  7  6  4  51       
PG08  -5454.626898  25220.967161   5168.013495   -161.198561  7  8  7  77       
PG09   8306.512323  20831.858544  14099.881327     53.032482  4  6  7  58       
PG10 -23276.262821  -9725.467873  -8626.735828    -68.615143  4  7  5  62       
PG11  23404.698056 -11933.416748   3748.642365   -533.103450  6  4  5  56       
PG12  -3274.491711 -19283.855029 -18285.926895   -466.044034  6  6  4  76       
PG13  13272.102861 -19333.793410  12054.283070    614.054479  3  5  6  79       
PG14  22864.363877  12569.392679  -5440.350842    293.742095  4  7  3  44       
PG15   2386.275155 -25798.712283   4818.608768    115.375923  5  5  7  86       
PG16 -14066.854845   7215.847432  21082.968768   -387.824643  5  7  6  62       
PG17  13219.873621   8254.846080 -21054.737372    720.293606  7  7  5  77       
PG18 -14952.303521  -8589.640839  20266.887051   -527.630970  5  5  4  57       
PG19  15479.638426  -1481.759176 -21677.334634    424.026099  2  6  2  64       
PG20  18728.654415  -5209.870870  18079.446099    392.437245  4  7  6  76       
PG21 -12279.342363  18031.018013 -13948.838070    138.977746  6  6  7  85       
PG22  21865.439353   7763.867926 -12222.299978     51.377099  3  6  6  55       
PG23 -20530.628985 -16689.511481   3321.579998    131.814367  5  3  5  43       
PG24   8557.466568 -18994.629220 -16641.023857   -410.336994  5  5  6 100       
PG25 -14732.542705 -19669.446246 -10752.294782    484.604396  2  5  6  83       
PG26 -21235.870145    904.850741  16002.539965    201.987401  5  6  4  71       
PG28 -24222.954766   3927.638147 -10177.657042    -93.391897  7  5  6  66       
PG29  -5420.176971 -22079.851282  13601.375602   -608.936311  5  5  6  84       
PG30  22171.797214   2110.844959  14789.547342   -447.647639  4  5  3  59       
PG31 -25062.909269   9346.310008  -1589.980252   -227.188506  6  5  6  17       
PG32 -14732.636646  -4041.389457 -21547.420979   -603.654548 10  9 10  44       
*  2024  1  9  7  0  0.00000000
PG01  -3463.775569  16810.657292 -20522.876911    165.626062  6  6  5  94       
PG02 -10329.599657  18851.669484 -14946.089083   -503.554641  3  4  5  80       
PG03   2968.008865  17560.068071 -19886.120143    113.675139  5  7  6  73       
PG04  -1304.207560  26440.597536    845.038415    261.391505  5  9  5  87       
PG05   9152.881062 -11943.895099  21717.190126   -157.288750  5  6  6  86       
PG06  24095.050366  -4924.079242 -10088.803314    450.923064  3  4  5  39       
PG07  12065.392356  11017.281828  21491.288416    -32.840311  6  6  4  52       
PG08  -5715.519430  24442.864996   7903.253336   -161.201040  7  8  6  89       
PG09   8020.698264  22318.125057  11814.962483     53.043403  5  5  7  80       
PG10 -23887.261226 -10334.144936  -5909.112780    -68.616947  4  7  5  65       
PG11  23742.652312 -11813.590140    896.212000   -533.116270  5  5  6  42       
PG12  -1535.004662 -18070.543403 -19713.922251   -466.047131  6  6  4  65       
PG13  13145.006465 -17779.348398  14350.466180    614.057699  3  5  6  69       
PG14  23082.229926  13064.712067  -2673.663892    293.751349  4  8  3  36       
PG15   2784.765624 -25058.773157   7511.592954    115.379326  5  5  7  91       
PG16 -15916.127460   5645.524299  20284.485972   -387.817780  5  7  6  52       
PG17  12821.983375  10673.868776 -20200.574699    720.292693  7  7  6  75       
PG18 -12837.345168  -9643.712786  21205.235017   -527.639367  6  5  4  59       
PG19  15089.171956    946.764767 -22013.995417    424.031208  1  7  2  74       
PG20  20454.108788  -4245.439299  16360.118121    392.435667  4  7  6  87       
PG21 -13766.168843  18605.260684 -11612.223529    138.977526  6  6  7  79       
PG22  22737.207433   8792.145545  -9747.922843     51.371909  2  6  6  57       
PG23 -19977.721679 -16562.788790   6131.653589    131.820931  5  4  5           
PG24  10177.948813 -19700.707639 -14714.378544   -410.343613  5  5  6  71       
PG25 -13518.904477 -19128.982148 -13110.648170    484.605562  2  4  6  73       
PG26 -22634.826404   -146.196167  14038.116112    201.984315  5  6  4  69       
PG28 -23175.426894   3126.299036 -12609.981508    -93.401933  7  5  6  54       
PG29  -5027.636279 -23466.100989  11223.603550   -608.935751  5  5  6  83       
PG30  20659.959017   3068.540317  16680.462493   -447.643535  5  6  3  61       
PG31 -24877.174588   8996.323060  -4381.233830   -227.188781  6  5  6  54       
PG32 -14549.267965  -6512.638410 -21084.431558   -603.657267 10  9 10  12       
*  2024  1  9  7 15  0.00000000
PG01  -5441.661196  17790.410321 -19172.037760    165.626977  6  6  6  89       
PG02 -11822.408801  19624.658993 -12735.236315   -503.549750  4  4  6  76       
PG03    948.442554  16453.354105 -20998.133002    113.698664  5  7  6  58       
PG04  -1557.377545  26361.801859  -2024.747332    261.400294  5  9  5  48       
PG05  11351.213601 -10762.414195  21304.561011   -157.289739  5  6  6  65       
PG06  23028.313326  -4166.623273 -12584.663949    450.911441  4  4  5  51       
PG07  10008.118805  12210.523271  21866.195906    -32.848520  6  6  4  63       
PG08  -6021.136129  23374.184573  10498.674091   -161.202780  7  7  7  70       
PG09   7808.539108  23545.760470   9325.214787     53.054336  5  5  7  37       
PG10 -24262.449855 -10746.966260  -3091.222020    -68.617827  5  7  5  70       
PG11  23796.539464 -11566.165694  -1971.686605   -533.129046  5  5  6  68       
PG12    382.197116 -16871.792189 -20811.209534   -466.050782  6  6  5  66       
PG13  13063.560594 -15974.315034  16394.018634    614.061191  3  5  5  85       
PG14  23059.284457  13380.742879    138.540824    293.760615  5  8  3  17       
PG15   3261.425057 -24039.853158  10071.517067    115.382453  5  5  7  84       
PG16 -17749.930500   4242.408910  19130.344741   -387.810809  4  7  6  60       
PG17  12560.369931  12990.588410 -18984.294760    720.291987  7  7  6  64       
PG18 -10706.160576 -10852.908055  21780.262545   -527.647757  6  5  4  70       
PG19  14829.134514   3406.102147 -21978.016852    424.035707  2  6  3  49       
PG20  22030.210250  -3442.905840  14358.422912    392.434168  3  6  5  77       
PG21 -14986.575632  19091.560606  -9059.980213    138.976362  5  6  7  99       
PG22  23421.803894   9599.143419  -7099.841491     51.365237  2  6  6  17       
PG23 -19146.008392 -16316.259108   8837.432387    131.827526  5  5  5  74       
PG24  11578.573784 -20352.633108 -12536.023643   -410.350236  5  5  5  60       
PG25 -12062.662870 -18526.979830 -15250.424803    484.606738  2  3  7  49       
PG26 -23871.083151  -1022.204772  11834.109032    201.981221  5  6  4  43       
PG28 -21946.456151   2134.967782 -14825.490771    -93.411960  8  5  6  60       
PG29  -4734.478698 -24590.962885   8651.211888   -608.935670  5  5  6  77       
PG30  19024.698692   4194.398815  18289.740153   -447.639435  5  6  3  66       
PG31 -24437.872721   8493.272057  -7099.209214   -227.189241  7  5  6  63       
PG32 -14494.406119  -8913.748994 -20253.350692   -603.659931 10 10 10  46       
*  2024  1  9  7 30  0.00000000
PG01  -7220.529757  18792.369286 -17496.987663    165.627845  6  6  6  90       
PG02 -13058.368664  20309.652397 -10296.365360   -503.544737  4  4  6  72       
PG03  -1224.200346  15413.707389 -21754.197577    113.722153  5  6  6  82       
PG04  -1820.961263  25972.233702  -4859.389746    261.409096  6  9  6  60       
PG05  13545.593067  -9727.781971  20519.936140   -157.291239  5  6  5  63       
PG06  21777.455604  -3203.071434 -14864.207092    450.899780  4  4  4  10       
PG07   7993.917971  13522.937675  21881.708532    -32.857094  6  6  4  53       
PG08  -6404.152598  22037.515358  12908.467681   -161.204846  7  6  7  83       
PG09   7637.361960  24491.461343   6673.900579     53.065270  5  3  6  66       
PG10 -24374.378999 -10992.029309   -221.020763    -68.619096  5  7  5  67       
PG11  23584.481508 -11158.147200  -4805.538954   -533.141849  5  5  6  60       
PG12   2448.836346 -15724.307122 -21559.658668   -466.054245  7  7  5  34       
PG13  13059.581179 -13950.702367  18148.835424    614.064387  3  6  5  86       
PG14  22774.304462  13546.585564   2948.386527    293.769870  4  8  3  42       
PG15   3844.691377 -22765.820362  12452.232590    115.385924  5  5  6  73       
PG16 -19522.638224   3020.438372  17642.465593   -387.804170  4  7  6  25       
PG17  12422.221461  15156.583285 -17428.073837    720.291367  7  7  6  71       
PG18  -8605.174269 -12200.504365  21981.593157   -527.656155  6  6  4  62       
PG19  14704.390454   5847.847212 -21571.049949    424.040625  3  7  4           
PG20  23415.431946  -2790.233013  12108.531089    392.432261  2  6  5  74       
PG21 -15937.829364  19448.274708  -6339.729200    138.975247  4  6  8  67       
PG22  23883.608924  10201.554918  -4325.727125     51.359516  3  6  6           
PG23 -18032.860793 -15989.804754  11392.850076    131.834137  6  6  5  51       
PG24  12749.943651 -20910.459108 -10141.960388   -410.356831  5  5  5  10       
PG25 -10376.666032 -17902.444225 -17136.358026    484.607924  2  2  7  76       
PG26 -24907.924252  -1735.827761   9428.757572    201.978133  4  6  5  71       
PG28 -20577.539066    945.333072 -16786.163032    -93.421988  8  5  6  79       
PG29  -4508.501308 -25428.848698   5928.823063   -608.935385  4  5  5  81       
PG30  17308.391876   5487.604918  19589.934508   -447.635347  5  6  3  70       
PG31 -23772.872977   7812.143706  -9698.620053   -227.189153  7  5  6  52       
PG32 -14557.021636 -11197.276372 -19069.500585   -603.662632 10 10  9  34       
*  2024  1  9  7 45  0.00000000
PG01  -8777.163220  19774.677789 -15524.651200    165.628720  6  6  6 100       
PG02 -14035.924987  20864.965375  -7673.897012   -503.539743  5  4  6  72       
PG03  -3511.550467  14471.791302 -22141.343704    113.745624  5  6  6  81       
PG04  -2131.778789  25280.797894  -7609.690557    261.417876  6  9  5  81       
PG05  15687.436667  -8850.141148  19377.477790   -157.292296  5  6  5  79       
PG06  20385.862370  -2024.445245 -16887.950341    450.888137  5  4  4  22       
PG07   6060.810157  14929.579633  21536.233767    -32.865419  6  6  4  76       
PG08  -6892.789132  20463.201783  15090.266184   -161.206699  7  5  7  70       
PG09   7471.450081  25140.171508   3907.039321     53.076233  5  2  6  67       
PG10 -24202.862531 -11102.658594   2652.931943    -68.620872  6  7  5   8       
PG11  23132.090868 -10561.513853  -7556.394938   -533.154678  4  5  6  54       
PG12   4630.304319 -14659.871537 -21946.850575   -466.057639  7  7  5  64       
PG13  13159.287077 -11747.377903  19583.994869    614.067825  3  6  5  90       
PG14  22213.431630  13595.519912   5708.061122    293.779083  5  7  3  57       
PG15   4557.899996 -21267.804801  14610.501480    115.389494  5  5  6  92       
PG16 -21188.545735   1984.941289  15848.416174   -387.797186  4  7  6  72       
PG17  12387.123386  17127.947275 -15560.337264    720.290289  7  7  5  90       
PG18  -6577.806636 -13662.017916  21805.220544   -527.664594  7  6  5  71       
PG19  14711.653867   8223.910664 -20800.862404    424.045337  4  7  4  70       
PG20  24572.728571  -2268.312277   9649.030988    392.430607  2  6  4  71       
PG21 -16626.795668  19636.393064  -3502.225905    138.974649  4  6  8  79       
PG22  24092.973587  10623.310444  -1475.149668     51.353644  3  6  5   3       
PG23 -16644.476013 -15624.042526  13754.337845    131.840767  6  7  5  76       
PG24  13690.579005 -21334.597866  -7572.355316   -410.363482  6  5  4  38       
PG25  -8481.409203 -17292.267005 -18737.355913    484.609118  3  2  7  75       
PG26 -25713.304895  -2306.382273   6863.448811    201.975030  4  6  5  60       
PG28 -19112.514672   -442.759031 -18458.370924    -93.432049  8  5  6  81       
PG29  -4313.814478 -25962.455851   3103.663440   -608.935097  4  6  5  85       
PG30  15553.777793   6939.572252  20558.676686   -447.631230  5  6  4  63       
PG31 -22915.505367   6934.062892 -12136.218110   -227.189483  7  6  7  70       
PG32 -14718.598733 -13319.488307 -17554.330590   -603.665293 11 10  9  55       
*  2024  1  9  8  0  0.00000000
PG01 -10096.529947  20692.971859 -13287.231851    165.629614  6  6  6  78       
PG02 -14762.655741  21251.381928  -4915.231335   -503.535077  5  4  6   9       
PG03  -5870.145395  13651.603837 -22152.755065    113.769029  5  5  6  78       
PG04  -2524.296570  24305.097880 -10227.940229    261.426679  6  9  6  76       
PG05  17728.234522  -8131.178963  17897.619750   -157.293318  5  5  5  73       
PG06  18899.399329   -630.455893 -18620.725038    450.876509  5  4  3  23       
PG07   4242.306620  16399.303652  20833.894715    -32.873909  6  6  4  76       
PG08  -7509.500150  18688.209591  17005.933465   -161.207624  6  5  7  71       
PG09   7273.622448  25485.563981   1072.587869     53.087150  5  2  6  74       
PG10 -23735.769104 -11115.947013   5482.254249    -68.621791  6  7  6  15       
PG11  22471.403399  -9754.500035 -10176.724502   -533.167494  4  5  6  64       
PG12   6886.769721 -13704.215729 -21966.260146   -466.061029  7  7  5  81       
PG13  13382.138899  -9408.694874  20674.341011    614.071445  4  6  4  72       
PG14  21370.802984  13563.568197   8370.604293    293.788316  5  7  3  59       
PG15   5418.086169 -19583.072021  16506.901531    115.393146  5  6  6  79       
PG16 -22703.555409   1132.703417  13780.803318   -387.790563  4  7  6  49       
PG17  12428.031377  18866.875482 -13415.151346    720.289752  7  7  5  82       
PG18  -4662.952173 -15206.005913  21253.614195   -527.673030  7  6  5  71       
PG19  14839.687155  10488.130332 -19681.156017    424.050358  5  7  4  66       
PG20  25470.920505  -1851.880856   7022.274327    392.428576  1  5  4  32       
PG21 -17069.389301  19621.297572   -600.189646    138.973033  3  6  8  75       
PG22  24027.406538  10894.347798   1401.402560     51.347727  4  6  5  12       
PG23 -14995.803665 -15258.657121  15881.546988    131.847408  6  7  5  58       
PG24  14406.876142 -21587.444206  -4870.927453   -410.370031  6  5  4  31       
PG25  -6404.444084 -16729.816625 -20026.946774    484.610297  3  2  7  56       
PG26 -26261.008742  -2758.882283   4182.008621    201.971886  4  6  5  72       
PG28 -17595.911236  -2021.105133 -19813.451700    -93.442063  8  6  6  67       
PG29  -4112.438052 -26183.373426    224.723833   -608.934889  3  6  5  89       
PG30  13802.441809   8534.075699  21179.057984   -447.627102  5  6  4  51       
PG31 -21903.281699   5847.166074 -14371.439967   -227.189864  7  6  7  22       
PG32 -14953.967899 -15241.862350 -15734.974024   -603.667989 11 11  9  58       
*  2024  1  9  8 15  0.00000000
PG01 -11172.247001  21502.079350 -10821.778035    165.630462  6  6  7  87       
PG02 -15254.677914  21433.787917  -2069.771968   -503.530280  5  4  5  52       
PG03  -8252.882704  12969.609828 -21787.896197    113.792484  5  5  6  91       
PG04  -3029.079295  23070.783960 -12668.765741    261.435521  6  8  6  96       
PG05  19621.302474  -7564.228297  16106.662087   -157.294579  4  5  5  81       
PG06  17364.675586    970.266559 -20032.304060    450.864893  5  4  3  42       
PG07   2566.301810  17895.759101  19784.573431    -32.882277  6  6  5  73       
PG08  -8269.911816  16754.738654  18622.261319   -161.208370  6  5  7  85       
PG09   7006.871891  25530.192052  -1780.409259     53.098146  4  2  6  52       
PG10 -22969.521434 -11071.175884   8219.502117    -68.623140  7  7  6  39       
PG11  21639.572672  -8722.636554 -12621.249295   -533.180267  4  4  6  61       
PG12   9174.480466 -12876.118846 -21617.359076   -466.064588  7  6  5  47       
PG13  13739.965247  -6982.904328  21400.947756    614.074877  4  5  4  84       
PG14  20248.890696  13487.962549  10890.680588    293.797592  5  7  2  40       
PG15   6435.044175 -17753.636375  18106.668812    115.396306  5  6  5  88       
PG16 -24026.783207    452.371041  11476.596641   -387.783932  5  7  7  20       
PG17  12512.526674  20342.990692 -11031.498461    720.288528  7  7  4  98       
PG18  -2893.632426 -16795.152523  20335.715698   -527.681457  7  7  5  87       
PG19  15069.801641  12597.802218 -18231.303322    424.055006  6  7  5  83       
PG20  26085.867089  -1510.689144   4273.645995    392.427327  1  5  3  80       
PG21 -17289.629691  19374.313952   2312.892972    138.971998  3  6  8  84       
PG22  23672.463732  11049.161777   4253.488632     51.341709  4  6  4  27       
PG23 -13110.149913 -14930.777046  17738.023575    131.854056  6  7  6  82       
PG24  14912.756512 -21634.967159  -2084.238535   -410.376679  6  5  3  44       
PG25  -4179.541025 -16243.669721 -20983.663474    484.611468  3  3  6  82       
PG26 -26531.590270  -3122.866823   1429.970802    201.968778  4  6  5  83       
PG28 -16071.280941  -3773.269351 -20828.191832    -93.452098  8  6  6  79       
PG29  -3865.981776 -26092.350897  -2658.110238   -608.934474  3  5  5  85       
PG30  12093.345591  10247.675126  21439.935408   -447.622951  5  6  4  62       
PG31 -20776.481828   4547.221520 -16367.014002   -227.189934  7  7  7  62       
PG32 -15232.405249 -16932.370778 -13643.709116   -603.670676 11 11  9  24       
*  2024  1  9  8 30  0.00000000
PG01 -12006.720240  22157.792914  -8169.648398    165.631304  6  6  7  74       
PG02 -15535.719529  21382.620959    812.056954   -503.525247  5  4  5  16       
PG03 -10610.616848  12434.165565 -21052.544050    113.815944  5  5  6  91       
PG04  -3671.399933  21610.598344 -14889.933394    261.444335  6  8  6  96       
PG05  21323.462961  -7134.708179  14036.261106   -157.295582  4  5  5  83       
PG06  15827.283867   2760.291605 -21097.949054    450.853316  5  4  3  76       
PG07   1054.155432  19378.597716  18403.882032    -32.890787  6  6  5  70       
PG08  -9182.051413  14708.642609  19911.555491   -161.209961  6  5  7  82       
PG09   6635.996133  25285.305483  -4602.683218     53.109076  4  2  6  87       
PG10 -21909.289336 -11008.171984  10818.903156    -68.624778  7  6  6  49       
PG11  20677.376901  -7459.511474 -14847.734956   -533.193050  5  4  6  53       
PG12  11447.213954 -12186.774502 -20905.637426   -466.067983  6  6  5  63       
PG13  14236.412936  -4520.418321  21751.454676    614.078126  4  5  4  80       
PG14  18858.538043  13405.574102  13225.327420    293.806855  5  7  3  50       
PG15   7610.691296 -15824.671037  19380.450225    115.400006  6  6  5  83       
PG16 -25122.024939    -74.834577   8976.402625   -387.777311  6  7  7  21       
PG17  12604.294320  21534.356685  -8452.458399    720.288030  7  7  4  88       
PG18  -1295.876405 -18387.599220  19066.823146   -527.689911  7  6  5  92       
PG19  15376.638814  14515.079695 -16476.009384    424.059826  7  8  5  78       
PG20  26401.380916  -1210.873320   1450.770532    392.425590  2  5  3  65       
PG21 -17318.357955  18873.985468   5183.946703    138.970949  3  5  8  63       
PG22  23022.311792  11125.200563   7031.643275     51.335632  4  6  3  39       
PG23 -11018.471592 -14673.454124  19291.824952    131.860693  6  7  6 101       
PG24  15229.013253 -21448.202784    739.105742   -410.383334  6  5  3  71       
PG25  -1845.632359 -15856.526399 -21591.364440    484.612663  4  3  6  87       
PG26 -26513.071275  -3431.070276  -1346.164384    201.965633  4  5  5  30       
PG28 -14579.586231  -5675.028510 -21485.218398    -93.462099  8  7  6  61       
PG29  -3537.342288 -25699.219937  -5494.941571   -608.934178  3  5  5  92       
PG30  10461.458432  12050.418468  21336.153522   -447.618762  5  6  4  57       
PG31 -19576.653995   3037.975313 -18089.522883   -227.190371  7  7  7  70       
PG32 -15518.950861 -18366.506404 -11317.338221   -603.673396 11 12  9  40       
*  2024  1  9  8 45  0.00000000
PG01 -12610.948266  22618.650045  -5375.877932    165.632111  6  6  7  59       
PG02 -15635.906985  21075.080263   3679.775329   -503.520214  4  5  5  43       
PG03 -12893.842756  12045.258173 -19958.722152    113.839410  5  5  6  91       
PG04  -4470.063851  19963.155545 -16853.091245    261.453140  5  7  6  81       
PG05  22796.587974  -6820.882171  11722.827229   -157.297055  4  5  5  75       
PG06  14330.086412   4713.852822 -21798.865963    450.841690  5  4  4  77       
PG07   -279.999282  20804.859033  16713.053928    -32.899362  6  5  5  72       
PG08 -10245.898373  12597.723172  20852.100833   -161.211042  5  6  7  75       
PG09   6129.156843  24770.341052  -7345.601460     53.120026  4  2  5  85       
PG10 -20568.872657 -10965.660831  13237.056323    -68.626178  7  6  6  85       
PG11  19627.597286  -5967.219753 -16817.729453   -533.205872  5  4  6  69       
PG12  13657.826292 -11639.442815 -19842.542833   -466.071401  6  6  5  54       
PG13  14866.743196  -2071.996706  21720.268189    614.081567  4  5  4  84       
PG14  17218.689386  13351.362789  15334.667213    293.816088  5  7  3  66       
PG15   8938.770656 -13842.783302  20304.941298    115.403356  6  6  4  87       
PG16 -25959.030846   -474.129210   6323.706936   -387.770429  6  7  7  63       
PG17  12664.755830  22428.140521  -5724.321128    720.287015  7  7  4  82       
PG18    112.126847 -19938.470331  17468.362896   -527.698352  7  6  5  89       
PG19  15729.202005  16208.193833 -14444.904575    424.064882  8  8  5  81       
PG20  26409.844872   -916.478861  -1397.330229    392.423455  2  5  3  47       
PG21 -17191.688082  18107.014985   7961.428023    138.969848  4  5  7  75       
PG22  22079.951206  11161.180162   9688.248249     51.329542  4  6  2  58       
PG23  -8758.384743 -14514.304263  20516.068270    131.867333  6  7  6  82       
PG24  15382.373085 -21004.582196   3549.331057   -410.390001  6  5  2  44       
PG25    554.428197 -15584.346198 -21839.488948    484.613967  4  4  6  63       
PG26 -26201.369741  -3717.985313  -4099.672446    201.962475  5  5  4  62       
PG28 -13157.699337  -7695.121071 -21773.291182    -93.472005  8  7  5  72       
PG29  -3092.348496 -25022.473442  -8236.740613   -608.933818  3  5  5  89       
PG30   8936.540533  13906.801805  20868.677042   -447.614622  5  6  5  63       
PG31 -18345.080699   1331.210704 -19509.916902   -227.190593  7  7  7  63       
PG32 -15775.890693 -19528.013829  -8796.500291   -603.676105 11 12  9  95       
*  2024  1  9  9  0  0.00000000
PG01 -13003.988888  22847.649954  -2488.449659    165.632928  6  6  7  73       
PG02 -15590.328041  20496.053352   6483.770492   -503.515399  4  5  5  57       
PG03 -15054.405308  11794.571119 -18524.536340    113.862827  5  5  6  91       
PG04  -5436.493931  18171.507130 -18524.437338    261.461950  6  6  5  96       
PG05  24008.944719  -6594.900432   9206.845045   -157.298196  4  5  4  83       
PG06  12911.613709   6797.643293 -22122.559063    450.830126  5  5  4  92       
PG07  -1429.690174  22130.491405  14738.747268    -32.907825  5  5  5  75       
PG08 -11453.272198  10469.971050  21428.498861   -161.212005  5  6  6  80       
PG09   5459.305288  24012.109529  -9962.009886     53.130970  4  3  5 106       
PG10 -18970.280517 -10979.674544  15433.591034    -68.627414  7  6  6  84       
PG11  18533.331586  -4256.483217 -18497.233983   -533.218706  6  4  6  50       
PG12  15759.847345 -11229.402401 -18445.336315   -466.074829  6  6  5  43       
PG13  15617.980534    313.067432  21308.625707    614.085165  4  5  4  81       
PG14  15355.823095  13356.906087  17182.573211    293.825367  5  6  4  56       
PG15  10404.910737 -11854.231750  20863.387864    115.407203  6  6  4  99       
PG16 -26514.546498   -775.950187   3564.101046   -387.763673  7  7  7  59       
PG17  12654.782590  23020.903197  -2895.656959    720.285760  7  7  4  77       
PG18   1320.568953 -21401.536215  15567.550114   -527.706801  7  5  4  97       
PG19  16092.100506  17652.454226 -12172.073949    424.069504  8  8  5  93       
PG20  26112.505452   -591.073826  -4221.112211    392.421775  2  5  3  73       
PG21 -16949.275770  17068.842428  10596.353170    138.968598  5  5  7  74       
PG22  20857.100473  11195.388081  12178.331502     51.324115  5  6  1  69       
PG23  -6372.922475 -14474.361673  21389.401833    131.873919  6  6  6  93       
PG24  15404.305492 -20289.032672   6296.429607   -410.396657  6  4  3  58       
PG25   2975.249430 -15435.734930 -21723.243890    484.615178  5  5  5  56       
PG26 -25600.448706  -4018.371641  -6784.338676    201.959352  5  5  5  28       
PG28 -11837.071951  -9796.271599 -21687.491030    -93.482008  8  7  5  72       
PG29  -2501.289664 -24088.519780 -10836.204392   -608.933184  3  5  5  76       
PG30   7542.124405  15776.954537  20044.629136   -447.610475  5  6  4  74       
PG31 -17121.262689   -553.482650 -20603.973286   -227.190723  7  7  7  71       
PG32 -15964.341549 -20409.303132  -6124.931899   -603.678807 11 12  9 100       
*  2024  1  9  9 15  0.00000000
PG01 -13212.100536  22813.836063    442.519767    165.633733  6  5  7  48       
PG02 -15437.437316  19638.731026   9176.160952   -503.510335  4  5  5  11       
PG03 -17047.172182  11665.875533 -16773.912036    113.886227  5  4  6  83       
PG04  -6574.112813  16281.548225 -19875.301743    261.470763  6  5  5 105       
PG05  24936.293510  -6424.080424   6532.130826   -157.299676  5  6  4  75       
PG06  11604.639328   8971.913495 -22063.075422    450.818520  6  5  5 100       
PG07  -2396.259670  23311.959073  12512.753165    -32.916118  5  5  5  53       
PG08 -12788.057606   8371.825955  21631.874991   -161.213543  4  6  6  81       
PG09   4605.418988  23043.712840 -12407.041571     53.141915  4  3  4  85       
PG10 -17143.023057 -11082.070022  17371.779887    -68.629770  6  6  7  94       
PG11  17436.309240  -2346.435469 -19857.294287   -533.231459  6  4  6  70       
PG12  17709.066379 -10944.206113 -16736.863851   -466.078087  6  6  5  66       
PG13  16469.405454   2588.689454  20524.524175    614.088627  5  4  3  81       
PG14  13303.107102  13449.062307  18737.278933    293.834640  4  6  4  48       
PG15  11987.041667  -9903.165740  21045.935188    115.410846  6  5  4  95       
PG16 -26773.088520  -1014.565556    744.507174   -387.756729  7  6  7  56       
PG17  12536.415148  23318.515631    -16.369627    720.285214  6  7  5  75       
PG18   2328.233180 -22730.950135  13396.941733   -527.715210  7  5  4  97       
PG19  16426.961659  18830.997089  -9695.528647    424.074144  9  8  5  79       
PG20  25519.428911   -199.386483  -6971.399525    392.419885  3  5  3  45       
PG21 -16632.493096  15763.845569  13043.207731    138.967245  5  4  7  75       
PG22  19373.756115  11264.044262  14460.282945     51.318156  5  6  1  68       
PG23  -3909.086613 -14567.191306  21896.390731    131.880548  5  6  5  96       
PG24  15329.624222 -19294.797123   8931.134052   -410.403308  6  4  2  66       
PG25   5370.384459 -15411.605079 -21243.718746    484.616369  5  5  5  51       
PG26 -24722.182383  -4365.764538  -9355.175833    201.956208  6  4  5  68       
PG28 -10642.625460 -11936.452211 -21229.301654    -93.492075  8  7  4  61       
PG29  -1740.265613 -22930.643105 -13248.579138   -608.932797  4  5  5  69       
PG30   6294.734318  17618.008890  18877.231248   -447.606325  5  6  4  71       
PG31 -15941.473396  -2589.223939 -21352.696381   -227.190978  7  7  7  75       
PG32 -16045.876132 -21011.535775  -3348.691972   -603.681549 12 13  9  89       
*  2024  1  9  9 30  0.00000000
PG01 -13267.585344  22493.675021   3365.668218    165.634535  5  4  7  36       
PG02 -15217.373941  18504.896385  11711.586338   -503.505230  4  5  5  38       
PG03 -18831.607985  11635.735179 -14736.234257    113.909663  5  3  6  56       
PG04  -7878.046153  14340.329073 -20882.632489    261.479632  6  5  5  82       
PG05  25562.698198  -6272.372503   3745.043295   -157.301192  6  6  4  80       
PG06  10434.987671  11191.830894 -21621.133592    450.806935  6  5  5  82       
PG07  -3188.721882  24307.879464  10071.602406    -32.924334  5  5  5  37       
PG08 -14226.752874   6346.525444  21459.956418   -161.214703  3  6  7  71       
PG09   3553.501786  21903.235355 -14638.878316     53.152808  4  4  4  84       
PG10 -15123.141042 -11299.209135  19019.099613    -68.631450  6  6  7  93       
PG11  16375.274102   -264.079556 -20874.501860   -533.244237  7  4  6  72       
PG12  19465.052390 -10764.234203 -14745.243262   -466.081721  6  6  5  88       
PG13  17393.367557   4713.592045  19382.518004    614.091843  5  4  4  56       
PG14  11099.306922  13648.819421  19971.921678    293.843916  4  6  5  66       
PG15  13656.150509  -8029.966949  20849.813877    115.414318  5  5  3  86       
PG16 -26727.434416  -1226.563795  -2087.586571   -387.749811  8  6  7  64       
PG17  12274.516065  23335.713596   2863.243897    720.284699  6  6  6  49       
PG18   3142.365637 -23882.991011  10993.887857   -527.723648  6  4  3  80       
PG19  16693.961231  19735.255655  -7056.624666    424.078820  9  8  5  61       
PG20  24649.120702    291.099615  -9600.272136    392.418554  3  5  3  34       
PG21 -16282.595977  14205.171683  15260.720249    138.965937  5  3  7  67       
PG22  17657.455418  11399.781354  16496.479606     51.311980  5  6  1  61       
PG23  -1416.245634 -14798.295136  22027.809098    131.887207  5  5  5  79       
PG24  15194.937811 -18023.928050  11405.905709   -410.409923  6  4  3  67       
PG25   7693.861396 -15505.124288 -20407.925054    484.617566  5  6  4  72       
PG26 -23585.946160  -4791.036447 -11769.118061    201.953058  6  4  5  74       
PG28  -9591.903607 -14070.333404 -20406.583688    -93.502095  8  8  5  10       
PG29   -792.306016 -21587.712020 -15432.431821   -608.932309  5  6  5  57       
PG30   5203.375751  19385.605323  17385.641316   -447.602186  5  6  4  64       
PG31 -14837.434506  -4742.626205 -21742.653153   -227.191056  7  7  7  52       
PG32 -15984.125231 -21344.385190   -515.364870   -603.684272 13 13  9 111       
*  2024  1  9  9 45  0.00000000
PG01 -13207.374787  21872.168755   6229.333743    165.635348  5  3  7  34       
PG02 -14970.260567  17104.887636  14047.913700   -503.500293  4  4  5  54       
PG03 -20373.190161  11674.501109 -12445.892989    113.933091  5  3  6  73       
PG04  -9335.157806  12394.338126 -21529.377726    261.488460  6  4  5  94       
PG05  25881.021448  -6101.950367    893.663555   -157.302076  6  6  4  76       
PG06   9420.622528  13409.049636 -20804.132517    450.795318  6  5  5  90       
PG07  -3823.318091  25080.629937   7456.066335    -32.933223  5  4  5  35       
PG08 -15739.314258   4432.606585  20917.024915   -161.216182  2  5  7  70       
PG09   2297.309425  20632.261430 -16619.452628     53.163743  5  4  4  82       
PG10 -12952.006959 -11650.847087  20347.735157    -68.632968  6  5  7  84       
PG11  15384.498034   1956.560873 -21531.396327   -533.256912  8  5  6  81       
PG12  20992.554325 -10663.528341 -12503.466619   -466.085018  6  5  5  88       
PG13  18356.382274   6652.698716  17903.394566    614.094896  5  5  4  70       
PG14   8787.485182  13970.373966  20865.011104    293.853168  4  5  5  36       
PG15  15377.340790  -6269.767435  20279.358349    115.418036  5  4  3  78       
PG16 -26378.816453  -1449.281521  -4884.871192   -387.743300  8  5  7   7       
PG17  11838.289903  23095.320222   5693.405538    720.283695  6  6  6  70       
PG18   3778.210158 -24817.743040   8399.890089   -527.732097  6  4  3  67       
PG19  16853.418566  20365.136813  -4299.434367    424.083398  9  7  5  54       
PG20  23527.822607    908.658658 -12061.932478    392.416541  5  5  4  32       
PG21 -15938.965310  12414.224718  17212.490868    138.965098  6  3  6  69       
PG22  15742.278625  11630.298511  18253.816580     51.306117  5  5  2  51       
PG23   1055.562274 -15164.837292  21780.832305    131.893906  5  4  5  67       
PG24  15037.015217 -16487.426061  13675.909773   -410.416430  5  4  3  58       
PG25   9901.711260 -15701.957564 -19228.756319    484.618795  5  6  4  40       
PG26 -22217.946089  -5321.062501 -13985.684163    201.949874  6  3  5  63       
PG28  -8694.519442 -16150.869538 -19233.441473    -93.512137  8  8  4  45       
PG29    351.784677 -20102.688400 -17350.357231   -608.931815  6  6  5  51       
PG30   4269.317450  21035.479070  15594.688669   -447.598079  5  6  4  71       
PG31 -13835.160250  -6974.827469 -21766.238080   -227.191481  7  7  7  50       
PG32 -15746.296533 -21425.486561   2326.744411   -603.687019 14 14  9 101       
*  2024  1  9 10  0  0.00000000
PG01 -13071.411927  20943.645091   8982.537638    165.636174  5     7   1       
PG02 -14734.549464  15457.246939  16146.854363   -503.495505  4  4  4  57       
PG03 -21644.612002  11747.560802  -9941.738158    113.956556  5  2  6  68       
PG04 -10924.414485  10487.823669 -21804.758694    261.497226  6  4  5  92       
PG05  25893.089948  -5874.862647  -1973.040319   -157.303312  6  6  5  62       
PG06   8571.053407  15573.429829 -19626.039007    450.783673  6  5  5  85       
PG07  -4322.776928  25597.860145   4710.550509    -32.941441  4  4  5  47       
PG08 -17290.258027   2662.616226  20013.751604   -161.217887  3  5  7  58       
PG09    838.773755  19274.277445 -18315.079307     53.174650  5  5  4  81       
PG10 -10674.938570 -12149.268395  21335.021841    -68.634151  5  5  7  98       
PG11  14492.483201   4275.564180 -21816.762213   -533.269691  8  5  7  77       
PG12  22262.729165 -10610.879798 -10048.919326   -466.088498  6  5  5  85       
PG13  19320.463259   8378.269187  16113.738087    614.098388  6  5  4  68       
PG14   6413.539657  14420.476427  21400.814550    293.862448  4  5  5  45       
PG15  17111.146751  -4651.209202  19345.860147    115.421484  5  4  2  83       
PG16 -25736.819747  -1719.226280  -7600.934258   -387.736289  9  5  7  57       
PG17  11202.612420  22627.177320   8425.722088    720.282984  6  5  6  74       
PG18   4258.224037 -25500.644837   5659.877596   -527.740506  6  3  2  73       
PG19  16867.400712  20728.897335  -1470.076296    424.088119  9  7  5  58       
PG20  22188.515457   1676.004930 -14313.532996    392.414998  6  5  5  36       
PG21 -15637.492659  10419.846433  18867.473755    138.963887  6  3  6  77       
PG22  13667.634888  11977.233548  19704.143125     51.300488  5  5  2  40       
PG23   3457.357883 -15655.701323  21159.123667    131.900546  5  4  5  71       
PG24  14891.138892 -14705.009388  15699.948991   -410.423027  5  4  3  80       
PG25  11953.440294 -15980.799435 -17724.864211    484.620007  5  6  4  28       
PG26 -20650.311887  -5977.537125 -15967.603743    201.946712  7  3  5  77       
PG28  -7951.917234 -18130.959045 -17729.984646    -93.522185  8  8  4  66       
PG29   1692.888923 -18520.995561 -18969.608947   -608.931439  6  6  4  47       
PG30   3486.178057  22525.068575  13534.505642   -447.593941  5  6  4  46       
PG31 -12954.013427  -9242.735750 -21421.861128   -227.191677  8  7  7  59       
PG32 -15304.554065 -21279.601346   5129.410145   -603.689776 15 14  9  61       
*  2024  1  9 10 15  0.00000000
PG01 -12900.895711  19712.185002  11575.981620    165.637038  4     7  67       
PG02 -14545.475832  13588.078472  17974.489003   -503.490550  5  5  4  35       
PG03 -22626.725031  11816.796264  -7266.450247    113.980034  6  3  6  69       
PG04 -12617.564544   8661.218701 -21704.430374    261.506024  6  3  5 100       
PG05  25609.527542  -5554.680906  -4806.049161   -157.304671  7  6  5  53       
PG06   7887.083936  17634.839411 -18107.154584    450.772053  6  5  4  92       
PG07  -4715.298119  25833.845578   1882.383430    -32.950187  4  3  4  59       
PG08 -18839.972438   1062.075478  18766.922911   -161.219188  5  5  7  74       
PG09   -811.889540  17873.020196 -19697.007461     53.185577  5  5  5  76       
PG10  -8339.672046 -12798.702087  21963.820492    -68.635719  5  5  6  82       
PG11  13720.903277   6648.463747 -21725.815343   -533.282496  8  5  7  75       
PG12  23254.150533 -10571.135333  -7422.818315   -466.092004  6  5  5  64       
PG13  20244.633704   9870.735836  14045.394911    614.101731  6  5  4  70       
PG14   4024.633202  14998.069988  21569.651600    293.871724  4  5  5  62       
PG15  18815.040971  -3195.497308  18067.264605    115.425011  5  4  2  63       
PG16 -24818.994200  -2070.549420 -10190.943942   -387.729676  9  5  6  61       
PG17  10349.121564  21966.836613  11013.990431    720.282696  6  4  6  57       
PG18   4611.005058 -25903.845308   2821.413966   -527.748950  5  3  2  70       
PG19  16701.278881  20842.722742   1383.990694    424.092700  8  6  5  73       
PG20  20669.667601   2609.198751 -16315.947529    392.413002  7  5  5  59       
PG21 -15409.168927   8257.239963  20200.318448    138.962641  6  3  5  68       
PG22  11476.881625  12455.288133  20824.605701     51.294453  5  4  3  71       
PG23   5742.916148 -16251.880344  20172.811624    131.907206  6  4  4  63       
PG24  14789.520052 -12704.518744  17441.327276   -410.429647  5  4  4  78       
PG25  13813.394130 -16314.182506 -15920.447073    484.621231  5  7  5  61       
PG26 -18919.985048  -6775.983786 -17681.399926    201.943570  7  3  5  75       
PG28  -7357.457980 -19965.116531 -15921.988287    -93.532226  8  8  4  51       
PG29   3223.364349 -16888.809770 -20262.644303   -608.930865  6  7  5  71       
PG30   2840.317775  23815.084138  11240.057971   -447.589823  5  6  4  70       
PG31 -12206.010161 -11500.447813 -20714.052292   -227.192018  8  7  7  80       
PG32 -14637.208629 -20937.531734   7845.269340   -603.692501 14 13 10   6       
*  2024  1  9 10 30  0.00000000
PG01 -12736.461422  18191.659802  13963.033351    165.637922  4  2  7  73       
PG02 -14433.671029  11530.147918  19501.701495   -503.485537  6  5  4  81       
PG03 -23309.182066  11842.196687  -4465.834563    114.003529  5  3  6  71       
PG04 -14380.103280   6949.729109 -21230.528868    261.514833  6  3  5 100       
PG05  25049.266875  -5108.080657  -7557.115218   -157.305824  7  6  5  64       
PG06   7360.912919  19544.967770 -16273.765116    450.760416  6  5  4  69       
PG07  -5033.291753  25770.620118   -978.992820    -32.958260  4  2  4  45       
PG08 -20346.185261   -351.267434  17199.068509   -161.220723  6  5  7  85       
PG09  -2636.392627  16470.834847 -20741.885427     53.196462  5  5  5  86       
PG10  -5994.746781 -13595.038875  22222.820287    -68.637637  6  4  6  94       
PG11  13083.824151   9027.779074 -21260.276221   -533.295214  9  5  6  81       
PG12  23953.556916 -10506.675418  -4669.573462   -466.095635  5  4  4  63       
PG13  21086.553837  11119.213473  11734.854548    614.105094  6  5  3  44       
PG14   1667.573536  15694.238834  21368.091377    293.881001  5  4  4  69       
PG15  20445.066011  -1915.783096  16467.724843    115.428582  6  4  1  51       
PG16 -23650.198572  -2533.620547 -12612.295219   -387.722527  9  5  6  33       
PG17   9267.034512  21154.068888  13414.931027    720.281842  6  4  6  35       
PG18   4869.972360 -26007.310790    -66.150101   -527.757386  5  3     82       
PG19  16325.181475  20730.021673   4214.702425    424.097353  8  5  5  46       
PG20  19013.779815   3716.820904 -18034.470825    392.411927  7  6  6  62       
PG21 -15278.920686   5966.690750  21191.580203    138.961511  6  4  5  92       
PG22   9215.830095  13071.630257  21597.901412     51.288617  5  4  2  74       
PG23   7870.363151 -16927.188001  18838.355048    131.913896  6  3  4  63       
PG24  14759.849302 -10520.980041  18868.616436   -410.436287  4  3  4  54       
PG25  15451.963090 -16669.538892 -13844.947339    484.622473  5  6  4  39       
PG26 -17067.440414  -7724.993691 -19097.922451    201.940419  8  3  5  74       
PG28  -6896.824877 -21611.093355 -13840.456898    -93.542268  8  8  5  78       
PG29   4927.165693 -15251.341379 -21207.575404   -608.930375  6  7  5  43       
PG30   2311.523451  24870.975018   8750.578425   -447.585729  5  6  3  82       
PG31 -11595.402880 -13700.794303 -19653.476230   -227.192299  7  7  6  76       
PG32 -13729.677372 -20434.828349  10428.578379   -603.695224 14 12 10  66       
*  2024  1  9 10 45  0.00000000
PG01 -12616.376573  16405.369260  16100.673229    165.638779  5  3  7  74       
PG02 -14423.979922   9321.762630  20704.524182   -503.480502  6  5  4  85       
PG03 -23690.753038  11783.564115  -1588.049186    114.027064  6  4  6  63       
PG04 -16172.486310   5382.138117 -20391.606622    261.523652  7  4  5  83       
PG05  24238.761888  -4506.295889 -10179.558571   -157.307388  7  5  5  55       
PG06   6976.584257  21259.079405 -14157.679197    450.748776  6  5  3  87       
PG07  -5311.917895  25398.831132  -3822.918225    -32.967084  4  2  4  77       
PG08 -21765.528107  -1567.873989  15338.003024   -161.222393  7  5  8  85       
PG09  -4608.897510  15107.104510 -21432.132741     53.207371  5  5  4  81       
PG10  -3687.857452 -14525.863421  22106.763914    -68.638936  6  4  6  87       
PG11  12587.233633  11364.665923 -20428.329759   -533.307983  8  5  6  77       
PG12  24356.306923 -10379.011549  -1836.078200   -466.098995  5  4  4  33       
PG13  21804.198706  12121.668543   9222.561887    614.108331  7  4  3  71       
PG14   -612.796579  16492.470710  20799.047188    293.890278  5  4  4  64       
PG15  21957.516682   -816.897246  14577.031463    115.431835  6  4  1  72       
PG16 -22261.702605  -3133.750440 -14825.214924   -387.715957  9  5  6  63       
PG17   7953.667246  20231.253095  15588.842137    720.280647  6  3  6  38       
PG18   5071.854226 -25799.637784  -2952.561645   -527.765800  5  3     59       
PG19  15715.290379  20420.458318   6974.146075    424.101872  8  4  5  71       
PG20  17265.785605   4999.449146 -19439.432342    392.410047  7  6  6  59       
PG21 -15264.724922   3592.142738  21827.812636    138.960276  7  4  5  92       
PG22   6931.191323  13825.587827  22012.446394     51.282557  6  4  3  64       
PG23   9803.612764 -17649.265481  17178.296186    131.920542  6  3  4  51       
PG24  14824.049793  -8195.364948  19956.302326   -410.442875  4  3  4  70       
PG25  16846.581531 -17010.481154 -11532.655514    484.623704  5  6  4  76       
PG26 -15135.285128  -8825.721915 -20192.824853    201.937297  8  3  6  73       
PG28  -6548.732857 -23031.385053 -11521.099117    -93.552351  8  8  5  76       
PG29   6780.294585 -13651.171531 -21788.520139   -608.929810  7  7  5  76       
PG30   1873.963449  25664.235632   6108.910657   -447.581600  5  6  3  10       
PG31 -11118.562176 -15796.957917 -18256.850878   -227.192684  7  7  6  52       
PG32 -12575.179649 -19810.340897  12835.933674   -603.697949 14 12 10  56       
*  2024  1  9 11  0  0.00000000
PG01 -12574.832800  14385.290315  17950.375255    165.639692  5  3  6  71       
PG02 -14534.517462   7005.476885  21564.398690   -503.475582  6  5  4  80       
PG03 -23779.297936  11602.245722   1317.221338    114.050549  5  5  6  70       
PG04 -17951.543321   3979.871076 -19202.458515    261.532478  7  4  5 100       
PG05  23210.934077  -3726.393278 -12629.026040   -157.308471  7  5  5  45       
PG06   6710.767687  22737.638029 -11795.663732    450.737083  6  5  3  72       
PG07  -5587.483323  24718.269732  -6598.479656    -32.975503  4  2  3  87       
PG08 -23055.137049  -2586.532298  13216.293793   -161.223905  6  5  7  68       
PG09  -6696.827740  13816.810184 -21756.214893     53.218267  5  4  4  87       
PG10  -1464.230941 -15570.804561  21616.589514    -68.640626  6  4  6  93       
PG11  12228.897394  13610.621977 -19244.472788   -533.320796  8  5  6  86       
PG12  24466.518930 -10150.443170   1029.062416   -466.102314  6  4  3  49       
PG13  22357.520035  12884.747636   6552.176232    614.111833  7  4  3  71       
PG14  -2775.137871  17369.226524  19871.764527    293.899508  5  3  4  56       
PG15  23310.599661    104.564746  12429.939507    115.435344  6  4  2  97       
PG16 -20690.079764  -3890.103630 -16793.323115   -387.708760  9  5  6  75       
PG17   6414.645270  19241.708676  17500.170327    720.280434  6  3  5  32       
PG18   5255.044158 -25278.537555  -5787.569995   -527.774230  6  4     54       
PG19  14854.931418  19948.754806   9615.330143    424.106909  7  4  6  83       
PG20  15471.371499   6449.457744 -20506.712726    392.408042  7  6  6  61       
PG21 -15377.019692   1179.687993  22101.557728    138.959128  7  4  4  87       
PG22   4669.016043  14708.637324  22062.464183     51.276763  6  4  2  73       
PG23  11513.586419 -18380.847790  15220.902882    131.927206  6  3  4  72       
PG24  14997.290380  -5773.104471  20685.291269   -410.449472  4  3  5  67       
PG25  17982.479703 -17298.259960  -9022.219924    484.624895  5  6  4  70       
PG26 -13166.783326 -10071.661226 -20946.979337    201.934181  8  3  6  93       
PG28  -6285.914634 -24194.568091  -9003.721526    -93.562382  8  8  5  39       
PG29   8751.558876 -12126.707503 -21995.849023   -608.929350  7  7  6  59       
PG30   1497.377036  26173.496565   3360.772983   -447.577533  5  6  3  73       
PG31 -10764.168058 -17744.106694 -16546.764735   -227.192704  7  6  6  61       
PG32 -11175.145951 -19104.665828  15026.948283   -603.700725 13 11 11  63       
*  2024  1  9 11 15  0.00000000
PG01 -12640.411165  12170.965061  19478.896145    165.640616  5  4  6  77       
PG02 -14775.990180   4626.670032  22068.357182   -503.470530  7  6  4  91       
PG03 -23591.394555  11262.823921   4199.632564    114.074065  5  6  6  58       
PG04 -19672.037237   2756.354223 -17683.843560    261.541326  8  4  5  94       
PG05  22003.894482  -2752.319918 -14864.202481   -157.309757  7  4  5  29       
PG06   6533.838707  23947.736558  -9228.787521    450.725416  6  5  3  54       
PG07  -5895.762082  23738.041456  -9255.522663    -32.983882  5  3  3  62       
PG08 -24174.229406  -3414.156623  10870.666931   -161.226459  7  5  7 113       
PG09  -8861.938700  12629.274345 -21708.818105     53.229162  5  4  3  66       
PG10    634.913967 -16702.195564  20759.483973    -68.642688  6  3  6  88       
PG11  11998.545590  15719.182581 -17729.252741   -533.333567  8  4  6  93       
PG12  24296.883854  -9785.710366   3876.355647   -466.105883  6  3  2  62       
PG13  22710.028268  13423.278345   3769.792727    614.115222  7  4  2  63       
PG14  -4783.022778  18294.797856  18601.700025    293.908819  6  3  4  71       
PG15  24466.000962    859.818425  10065.416034    115.439024  6  4  3  80       
PG16 -18975.928723  -4814.835550 -18484.148565   -387.701623  9  5  6  54       
PG17   4663.805646  18228.033336  19117.995453    720.279366  7  2  5  68       
PG18   5457.892316 -24450.972336  -8521.832550   -527.782719  6  4     53       
PG19  13735.415793  19353.304085  12092.958175    424.111541  7  3  6  72       
PG20  13675.284739   8051.147499 -21218.153781    392.406036  7  6  6  91       
PG21 -15618.416113  -1223.974148  22011.248683    138.958094  7  4  4  74       
PG22   2473.180509  15704.682096  21747.999093     51.270883  6  3  2  74       
PG23  12979.167037 -19081.241604  12999.703939    131.933835  6  3  4  59       
PG24  15287.303112  -3302.422986  21043.263082   -410.456079  4  2  5  70       
PG25  18853.153948 -17493.347160  -6356.063535    484.626113  5  6  4  71       
PG26 -11204.358010 -11448.704856 -21346.822748    201.931143  8  4  5  92       
PG28  -6076.345040 -25076.414768  -6331.551325    -93.572439  7  8  5  75       
PG29  10803.611615 -10710.814619 -21826.325524   -608.928951  7  7  6  59       
PG30   1148.452533  26385.353630    553.954449   -447.573458  5  6  3  37       
PG31 -10513.709973 -19500.981661 -14551.388837   -227.193235  7  6  6  59       
PG32  -9539.326929 -18358.547906  16964.877366   -603.703502 13 11 11  88       
*  2024  1  9 11 30  0.00000000
PG01 -12834.790910   9808.074415  20658.949444    165.641506  6  4  6  88       
PG02 -15151.299032   2232.047168  22209.129157   -503.465250  7  5  5  81       
PG03 -23151.632570  10734.695950   7009.071280    114.097533  5  6  6  60       
PG04 -21288.308789   1716.689448 -15862.108498    261.550142  8  4  5  84       
PG05  20659.490687  -1575.687281 -16847.465681   -157.311039  7  3  5  58       
PG06   6411.213738  24864.276277  -6501.685726    450.713731  5  5  3  61       
PG07  -6270.313699  22476.358255 -11745.683589    -32.992597  5  3  2  60       
PG08 -25085.599443  -4065.283379   8341.363797   -161.226692  7  6  7  65       
PG09 -11061.606007  11567.134250 -21290.922772     53.240089  6  3  2  68       
PG10   2573.767653 -17886.025643  19548.842342    -68.643987  5  3  5  75       
PG11  11878.381709  17647.541700 -15908.902716   -533.346312  7  4  6  76       
PG12  23868.152301  -9253.576511   6656.283991   -466.109029  6  3  2  60       
PG13  22830.235629  13759.467679    923.141112    614.118697  7  4  2  50       
PG14  -6606.158557  19234.421765  17010.290742    293.918108  6  2  4  58       
PG15  25390.298881   1467.155870   7525.832123    115.442424  6  3  3  79       
PG16 -17162.466293  -5912.482107 -19869.596235   -387.694817  9  5  5  44       
PG17   2722.801204  17230.505292  20416.430363    720.278794  7  2  5  56       
PG18   5717.002182 -23332.937302 -11107.803174   -527.791175  6  5  2  66       
PG19  12356.596872  18674.641591  14364.195466    424.116549  7  2  6  79       
PG20  11919.695663   9781.200136 -21561.855464    392.404087  7  6  5  84       
PG21 -15983.706649  -3573.055977  21561.040500    138.956977  7  4  4  55       
PG22    383.966992  16790.606311  21074.859245     51.265098  6  3     68       
PG23  14187.848095 -19707.957847  10552.923925    131.940501  6  3  4  43       
PG24  15694.033944   -832.568351  21024.863203   -410.462660  4  2  4  58       
PG25  19460.530409 -17557.085771  -3579.711730    484.627296  4  5  3  11       
PG26  -9288.123121 -12935.499915 -21384.626950    201.928039  8  4  5  72       
PG28  -5884.656152 -25660.743377  -3550.498999    -93.582515  7  8  5  75       
PG29  12894.229467  -9429.675373 -21283.139219   -608.928111  8  7  7  40       
PG30    792.339555  26294.898139  -2262.541918   -447.569359  5  5  3  33       
PG31 -10342.283110 -21031.377350 -12304.081220   -227.193276  7  6  6  37       
PG32  -7685.599814 -17611.293271  18617.186262   -603.706283 12 11 11  98       
*  2024  1  9 11 45  0.00000000
PG01 -13171.760390   7346.759469  21469.745351    165.642451  6  4  7  73       
PG02 -15655.431043   -131.887615  21985.178640   -503.460155  7  5  5  85       
PG03 -22491.599192   9993.477904   9696.554110    114.121068  5  7  6  55       
PG04 -22755.943710    857.654946 -13768.720920    261.558941  9  4  5  84       
PG05  19221.733575   -196.264095 -18545.477293   -157.312362  7  3  6  55       
PG06   6304.886164  25470.848651  -3661.759851    450.702017  5  5  3  69       
PG07  -6740.876320  20959.950618 -14023.411864    -33.001238  5  4  2  20       
PG08 -25756.979723  -4561.287716   5671.459178   -161.229146  8  6  7 113       
PG09 -13250.283856  10645.582207 -20509.775540     53.251009  6  3  2  73       
PG10   4323.138382 -19083.153037  18004.128782    -68.645196  5  2  5  77       
PG11  11843.892681  19358.036359 -13814.879895   -533.359055  7  4  5  83       
PG12  23208.310450  -8528.275674   9320.191778   -466.112967  6  3  1  72       
PG13  22692.907762  13921.833800  -1939.224085    614.122121  6  4  2  63       
PG14  -8221.376885  20149.611700  15124.615194    293.927358  6  2  4  53       
PG15  26056.169579   1950.941373   4856.122462    115.445972  5  4  3  76       
PG16 -15294.037974  -7179.622103 -20926.364321   -387.687855  9  5  5  67       
PG17    620.427200  16285.604247  21374.937087    720.277747  6  2  5  66       
PG18   6065.602079 -21948.897178 -13500.585036   -527.799586  7  5  3  66       
PG19  10727.115888  17953.830425  16389.416779    424.121099  7  2  6  82       
PG20  10242.679113  11609.437769 -21532.356008    392.403188  6  6  4  83       
PG21 -16460.155797  -5824.130687  20760.581722    138.955684  7  4  5  62       
PG22  -1563.216323  17937.082788  20054.493272     51.259015  5  3     35       
PG23  15136.050530 -20218.435016   7922.826127    131.947099  6  4  4  66       
PG24  16209.638726   1587.982414  20631.732727   -410.469222  5  2  4  70       
PG25  19814.808415 -17453.343014   -741.037960    484.628514  4  4  3  35       
PG26  -7454.498851 -14504.083170 -21058.686870    201.925032  8  5  5  77       
PG28  -5673.688220 -25939.970761   -708.373189    -93.592588  7  8  6  72       
PG29  14977.781728  -8301.917456 -20375.832719   -608.927841  8  7  7  62       
PG30    394.233943  25905.923474  -5039.391552   -447.565228  5  5  3  59       
PG31 -10219.656265 -22305.455364  -9842.884141   -227.193852  7  6  6  62       
PG32  -5639.479770 -16899.250658  19956.055545   -603.709062 11 11 11 109       
*  2024  1  9 12  0  0.00000000
PG01 -13656.574330   4839.764708  21897.381753    165.643407  6  4  7  71       
PG02 -16275.638606  -2420.336133  21400.676008   -503.454964  6  5  6  89       
PG03 -21648.594738   9022.174364  12215.115517    114.144622  5  7  6  54       
PG04 -24033.399425    168.029244 -11439.720700    261.567740  9  5  6  74       
PG05  17735.161978   1377.838544 -19929.703385   -157.314045  7  3  6  62       
PG06   6175.100738  25760.285490   -758.329268    450.690335  5  4  3  68       
PG07  -7331.911173  19223.117868 -16046.950466    -33.009569  6  4  1  36       
PG08 -26162.221212  -4929.353923   2906.151939   -161.230949  9  6  7  86       
PG09 -15381.079083   9871.900079 -19378.761219     53.261971  6  3  3  11       
PG10   5861.420911 -20250.739626  16150.635392    -68.646412  5  2  5  68       
PG11  11864.927726  20819.438279 -11483.315829   -533.371854  6  4  5  82       
PG12  22351.472279  -7590.763058  11821.178035   -466.116509  6  3  1  67       
PG13  22280.079919  13943.915770  -4768.728977    614.125431  6  4  3  64       
PG14  -9613.350061  20999.654155  12976.949720    293.936615  7  2  3  44       
PG15  26443.343796   2340.387219   2102.933951    115.449128  5  4  4  69       
PG16 -13414.594763  -8604.825002 -21636.307930   -387.681148  9  6  4  48       
PG17  -1608.301036  15424.699292  21978.562236    720.277317  7  3  5  81       
PG18   6532.057850 -20330.900624 -15658.730736   -527.808008  7  5  4  82       
PG19   8864.320612  17230.819592  18132.921918    424.126078  7  2  5  62       
PG20   8676.873634  13499.856056 -21130.693978    392.401018  6  5  4  67       
PG21 -17028.052093  -7937.469802  19624.738898    138.954968  6  4  5  73       
PG22  -3338.936159  19109.606043  18703.803841     51.253060  5  3     53       
PG23  15829.093286 -20571.784759   5154.974743    131.953717  6  4  4  52       
PG24  16818.819551   3913.263008  19872.381210   -410.475829  5  2  4  60       
PG25  19933.982133 -17150.099523   2110.562461    484.629705  5  4  3  42       
PG26  -5734.961540 -16120.780821 -20373.419673    201.921898  8  5  5  37       
PG28  -5406.115969 -25915.345687   2145.938988    -93.602665  6  8  6  48       
PG29  17006.834249  -7338.041943 -19120.124806   -608.927420  8  6  7  79       
PG30    -79.030167  25230.796378  -7727.857621   -447.561180  6  5  3  50       
PG31 -10111.574592 -23300.835355  -7209.917156   -227.193868  7  6  7  74       
PG32  -3433.353509 -16254.414774  20958.818006   -603.711791  9 11 11 113       
*  2024  1  9 12 15  0.00000000
PG01 -14285.684601   2340.485451  21935.077547    165.644314  6  4  7  87       
PG02 -16991.897232  -4591.641656  20465.407792   -503.449954  6  5  5  88       
PG03 -20664.128136   7812.063673  14520.666692    114.168154  4  7  6  54       
PG04 -25083.530054   -370.776023  -8915.099530    261.576533  9  5  6  80       
PG05  16243.204918   3130.295555 -20976.859172   -157.315033  7  4  6  76       
PG06   5982.098431  25734.856717   2158.248784    450.678647  4  3  3  40       
PG07  -8061.369346  17306.453864 -17779.242289    -33.017990  5  5  1  63       
PG08 -26282.252400  -5201.240439     92.038055   -161.232694 10  7  6  25       
PG09 -17407.382724   9245.304414 -17917.176885     53.272915  6  3  4  48       
PG10   7175.284507 -21343.857445  14019.136655    -68.647963  5  2  5  24       
PG11  11907.003078  22008.004031  -8954.388534   -533.384651  6  4  5  63       
PG12  21336.528403  -6429.713123  14114.976568   -466.119838  6  3  2  89       
PG13  21581.803207  13862.812799  -7517.569636    614.128819  6  3  3  59       
PG14 -10775.004229  21743.213276  10604.226060    293.945853  7  3  4  36       
PG15  26539.285433   2668.165865   -686.217667    115.452714  4  3  5  67       
PG16 -11566.186216 -10168.888309 -21986.745723   -387.673983  9  5  4  63       
PG17  -3923.284162  14672.944908  22218.094768    720.276591  7  3  6  65       
PG18   7138.586895 -18517.408708 -17544.973986   -527.816498  7  5  4  74       
PG19   6793.852842  16542.837773  19563.605062    424.130897  7  2  5  68       
PG20   7248.369323  15411.889031 -20364.353519    392.399462  6  5  4  77       
PG21 -17661.494661  -9878.232247  18173.283105    138.953703  6  4  5  59       
PG22  -4920.621451  20269.715773  17044.900349     51.246997  5  2     58       
PG23  16280.817315 -20730.489446   2297.429672    131.960334  6  5  3  48       
PG24  17499.480433   6101.429304  18761.912547   -410.482438  5  2  4  67       
PG25  19843.052471 -16620.907582   4925.056752    484.630926  5  4  3  57       
PG26  -4154.976040 -17747.343967 -19339.368945    201.918782  8  5  5  49       
PG28  -5046.086772 -25596.853741   4963.312198    -93.612733  5  8  6  82       
PG29  18933.827940  -6540.171545 -17537.633555   -608.926970  8  5  7  62       
PG30   -657.447918  24289.995738 -10280.697068   -447.557115  6  5  3  18       
PG31  -9981.249311 -24003.414697  -4450.672544   -227.194118  7  6  7  83       
PG32  -1105.461713 -15703.201538  21608.322797   -603.714506  8 10 10 113       
*  2024  1  9 12 30  0.00000000
PG01 -15046.853585    -98.994520  21583.245083    165.645252  5  4  7  85       
PG02 -17777.624986  -6608.610340  19194.626848   -503.444745  4  5  4  90       
PG03 -19582.252141   6363.260178  16572.806908    114.191644  4  7  6  71       
PG04 -25874.952701   -783.800626  -6238.119128    261.585309  9  5  7  76       
PG05  14786.600566   5037.004579 -21669.273387   -157.316294  7  4  6  78       
PG06   5687.861247  25406.109439   5037.473300    450.666954  4  2  3  64       
PG07  -8939.741965  15255.303017 -19188.731968    -33.026309  5  5  1  60       
PG08 -26105.785733  -5411.886296  -2723.624946   -161.233738 10  6  6  20       
PG09 -19284.498776   8757.107192 -16149.911684     53.283833  6  4  4  75       
PG10   8260.049134 -22317.209184  11645.439113    -68.649121  5  2  4  52       
PG11  11932.781216  22908.244432  -6271.627549   -533.397486  6  3  5  67       
PG12  20205.603271  -5042.219229  16160.803060   -466.123398  7  3  3  84       
PG13  20596.596847  13717.609380 -10139.474883    614.132160  6  3  4  72       
PG14 -11707.611781  22339.980485   8047.398425    293.955148  7  3  3  48       
PG15  26339.575204   2968.918256  -3463.767013    115.456168  5  4  6  42       
PG16  -9787.520023 -11845.360310 -21970.705032   -387.666975  9  5  4  93       
PG17  -6280.647726  14048.418610  22090.149355    720.275265  7  3  6  64       
PG18   7900.225061 -16551.885270 -19126.879036   -527.824934  7  5  5  47       
PG19   4548.913033  15922.885736  20655.563065    424.135454  7  2  4  57       
PG20   5975.865440  17301.854906 -19247.096317    392.397067  6  4  3  72       
PG21 -18329.383044 -11617.474403  16430.545522    138.952836  6  4  4  75       
PG22  -6293.209150  21376.370811  15104.792239     51.241171  5  3  1   4       
PG23  16512.877107 -20661.982734   -600.110806    131.966980  7  5  2  45       
PG24  18223.667043   8116.176900  17321.618640   -410.489062  6  2  4  70       
PG25  19572.954973 -15846.154090   7652.700126    484.632146  5  4  4  69       
PG26  -2733.153101 -19342.281982 -17973.108585    201.915693  8  5  5  64       
PG28  -4560.806493 -25002.797047   7695.229231    -93.622826  5  8  6  69       
PG29  20712.768992  -5902.126807 -15655.504531   -608.926428  8  4  7  65       
PG30  -1366.435865  23111.335965 -12653.042899   -447.553010  6  4  4  45       
PG31  -9790.976677 -24407.877690  -1613.223114   -227.194426  6  5  7  76       
PG32   1301.334777 -15265.439212  21893.222332   -603.717270  7 10  9 117       
*  2024  1  9 12 45  0.00000000
PG01 -15919.640853  -2429.790223  20849.404300    165.646117  4  5  7  83       
PG02 -18600.639862  -8439.677296  17608.844149   -503.439916  2  5  3  76       
PG03 -18447.805323   4684.927902  18335.569601    114.215105  3  6  6  74       
PG04 -26383.204261  -1101.373955  -3454.579372    261.594091  9  5  7  61       
PG05  13401.928759   7066.815189 -21995.168460   -157.317563  7  4  6  76       
PG06   5257.786970  24794.356478   7829.590312    450.655276  4     3  40       
PG07  -9969.440985  13118.016484 -20250.036310    -33.034750  5  5  2  78       
PG08 -25629.749017  -5597.910256  -5493.653632   -161.235519 11  6  6  36       
PG09 -20971.209963   8391.185653 -14107.036936     53.294785  6  4  4   2       
PG10   9119.729538 -23126.898186   9069.828237    -68.650389  5  3  5  29       
PG11  11903.666651  23513.384822  -3481.164103   -533.410274  5  3  5  64       
PG12  19002.382011  -3434.160340  17922.148650   -466.126563  7  3  4  53       
PG13  19331.593167  13547.745378 -12590.433388    614.135692  6  3  4  63       
PG14 -12420.557877  22752.303466   5350.730599    293.964388  7  4  3  54       
PG15  25847.994620   3277.718711  -6182.881072    115.459750  5  4  6  40       
PG16  -8112.637354 -13601.335245 -21587.100096   -387.659948  8  4  4  75       
PG17  -8634.178906  13561.525646  21597.178254    720.274733  7  4  6  62       
PG18   8824.087107 -14481.206283 -20377.396198   -527.833418  7  5  6  67       
PG19   2169.223339  15398.388747  21388.627667    424.140126  7  2  4  76       
PG20   4870.127632  19124.525691 -17798.685875    392.395895  5  4  3  68       
PG21 -18996.575736 -13132.956196  14425.046844    138.951617  6  4  4  65       
PG22  -7449.527341  22387.429191  12915.023737     51.235087  5  3  2  48       
PG23  16553.727667 -20340.048356  -3487.202521    131.973609  7  6  2  76       
PG24  18958.743537   9927.910692  15578.458944   -410.495653  6  3  4  35       
PG25  19159.242893 -14814.070044  10244.982239    484.633361  5  4  4  65       
PG26  -1480.667278 -20862.347393 -16297.042270    201.912578  8  5  5  68       
PG28  -3922.010665 -24159.064758  10294.618678    -93.632873  3  7  6  63       
PG29  22300.867735  -5409.825970 -13505.950294   -608.926095  8  3  7  77       
PG30  -2225.608672  21728.906026 -14803.242443   -447.548883  6  4  4  31       
PG31  -9503.820800 -24517.867029   1252.643847   -227.194512  6  5  7  57       
PG32   3740.962640 -14953.612322  21808.177676   -603.719946  7  9  9 117       
*  2024  1  9 13  0  0.00000000
PG01 -16876.236717  -4607.948139  19747.946424    165.646961  4  5  6  91       
PG02 -19424.324824 -10059.880332  15733.562584   -503.435025     5  2  65       
PG03 -17304.632272   2795.134637  19778.086759    114.238548  2  6  6  61       
PG04 -26591.645928  -1357.752255   -612.048088    261.602925  9  6  8  55       
PG05  12120.309718   9182.524765 -21948.853367   -157.318875  7  4  6  73       
PG06   4662.227188  23927.836586  10486.463484    450.643572  4     3  61       
PG07 -11144.540912  10944.089262 -20944.461811    -33.043272  5  5  2  77       
PG08 -24859.428288  -5796.056609  -8171.666762   -161.237105 11  6  7  68       
PG09 -22431.222488   8124.743338 -11823.312243     53.305747  6  5  5  60       
PG10   9766.739412 -23732.179126   6336.417154    -68.651539  5  4  5  55       
PG11  11781.456044  23825.499701   -630.939372   -533.423056  5  3  5   2       
PG12  17770.375265  -1620.214158  19367.499754   -466.129967  7  2  5  55       
PG13  17802.372909  13391.390885 -14829.377068    614.139121  6  4  5  61       
PG14 -12930.789232  22946.728929   2561.015859    293.973608  7  4  3  66       
PG15  25076.316730   3628.555099  -8798.194048    115.463035  5  5  6  59       
PG16  -6569.751003 -15398.499163 -20840.837285   -387.653094  8  4  4  76       
PG17 -10936.843084  13214.687817  20747.414071    720.273733  7  4  6  78       
PG18   9908.949122 -12353.952081 -21275.314278   -527.841796  7  4  7  93       
PG19   -300.276877  14990.065865  21748.806791    424.144836  7  3  3  90       
PG20   3933.762552  20834.759318 -16044.511412    392.394216  5  4  3  51       
PG21 -19625.180297 -14409.723934  12189.103167    138.950461  7  5  4  75       
PG22  -8390.401883  23261.186565  10511.250295     51.229420  6  3  2  71       
PG23  16437.347669 -19745.979536  -6313.564994    131.980272  8  6  3  70       
PG24  19668.750908  11514.625769  13564.446048   -410.502270  6  3  4  50       
PG25  18640.576915 -13521.437663  12655.572058    484.634579  5  4  4  52       
PG26   -400.962007 -22264.118508 -14339.096032    201.909475  8  5  5  89       
PG28  -3107.262974 -23098.122239  12716.669247    -93.642925  2  7  6  54       
PG29  23660.065105  -5041.992259 -11125.708585   -608.925687  8  1  6  62       
PG30  -3247.792586  20181.767582 -16693.632322   -447.544794  6  3  4  55       
PG31  -9085.289939 -24345.804222   4096.349225   -227.195094  6  4  7  78       
PG32   6165.669057 -14772.387010  21353.978457   -603.722647  8  9  8 114       
*  2024  1  9 13 15  0.00000000
PG01 -17882.600897  -6595.954094  18299.759589    165.647820  4  5  6  83       
PG02 -20208.964352 -11451.609502  13598.952205   -503.430130     5  2  57       
PG03 -16193.854727    720.350506  20875.156985    114.261966  2  6  6  80       
PG04 -26492.082092  -1589.607464   2240.935396    261.611711  9  6  8  64       
PG05  10966.315845  11342.106010 -21530.826556   -157.319694  7  4  5  71       
PG06   3877.827963  22841.581449  12962.408436    450.631922  3  1  3  67       
PG07 -12450.892950   8782.264969 -21260.354295    -33.051901  5  5  2  81       
PG08 -23808.318427  -6041.642880 -10712.798529   -161.239226 10  6  7  52       
PG09 -23634.435953   7929.333731  -9337.614434     53.316658  5  5  5  70       
PG10  10221.261336 -24097.118800   3492.405018    -68.653009  5  5  6  21       
PG11  11529.978510  23855.317755   2230.115677   -533.435873  5  3  4  52       
PG12  16551.194392    376.488783  20470.965170   -466.133530  7  2  5  81       
PG13  16032.499005  13283.884457 -16818.813823    614.142314  6  4  6  62       
PG14 -13261.966442  22895.396401   -273.255615    293.982867  8  4  3  15       
PG15  24043.820028   4052.879361 -11266.487967    115.466549  5  6  6  67       
PG16  -5180.289692 -17194.396001 -19742.840572   -387.646089  8  4  4  67       
PG17 -13142.330519  13002.324981  19554.745129    720.273168  7  4  6  42       
PG18  11145.167939 -10218.650263 -21805.603186   -527.850185  7  4  7  79       
PG19  -2810.956960  14711.066006  21728.620920    424.149524  6  4  3  85       
PG20   3161.315080  22389.131418 -14015.120200    392.392277  4  4  4  59       
PG21 -20175.936048 -15440.456097   9758.409118    138.949321  7  5  4  76       
PG22  -9124.480643  23957.922672   7932.756860     51.223567  6  3  3           
PG23  16201.750701 -18869.451107  -9029.989373    131.986900  8  7  4  82       
PG24  20315.885871  12862.473289  11315.958345   -410.508863  7  2  4  39       
PG25  18057.083375 -11973.958530  14841.236984    484.635782  5  4  5  62       
PG26    510.241820 -23505.620341 -12132.303568    201.906369  7  4  5  76       
PG28  -2101.029554 -21857.757882  14919.606338    -93.653046  1  7  6  79       
PG29  24758.389851  -4771.141024  -8555.427566   -608.925448  8  1  6  63       
PG30  -4438.317638  18512.466321 -18291.232610   -447.540662  6  3  4  60       
PG31  -8504.934054 -23912.360935   6867.480921   -227.195335  6  4  7  72       
PG32   8527.626619 -14718.437188  20537.573560   -603.725335  8  8  8 114       
*  2024  1  9 13 30  0.00000000
PG01 -18899.852087  -8363.958539  16531.732406    165.648646  5  6  5  77       
PG02 -20913.210956 -12605.106379  11239.465858   -503.424586  2  5  2  61       
PG03 -15152.264315  -1505.389868  21607.704949    114.285404  3  5  5  71       
PG04 -26085.070934  -1834.425504   5055.670643    261.620502  8  6  8  47       
PG05   9957.136214  13500.122975 -20747.786949   -157.320826  6  5  5  63       
PG06   2888.621024  21576.035845  15214.976029    450.620267  3  2  3  42       
PG07 -13866.603782   6678.695865 -21193.273045    -33.060350  5  5  3  70       
PG08 -22497.687197  -6367.064188 -13074.389998   -161.240497 10  6  7  83       
PG09 -24557.990770   7772.108127  -6692.297253     53.327558  5  5  5  56       
PG10  10510.302238 -24192.097707    587.256043    -68.654312  6  5  6  48       
PG11  11116.662577  23621.705798   5052.914968   -533.448677  5  3  4  10       
PG12  15382.910022   2525.059527  21212.793523   -466.137056  7  3  5  75       
PG13  14052.767039  13256.290350 -18525.403496    614.145977  6  5  6  57       
PG14 -13443.353524  22577.225899  -3102.765511    293.992117  8  4  4  53       
PG15  22776.550446   4578.278165 -13547.314453    115.469880  6  6  6  87       
PG16  -3958.186737 -18943.874995 -18309.990237   -387.639139  8  3  4  83       
PG17 -15206.582733  12911.129226  18038.524455    720.271878  7  5  5  59       
PG18  12514.938936  -8122.038214 -21959.642586   -527.858546  7  4  8  82       
PG19  -5312.185464  14566.410981  21327.322081    424.154098  6  4  3  85       
PG20   2539.680932  23747.504628 -11745.668312    392.390504  4  4  4  27       
PG21 -20609.649036 -16225.563715   7171.597442    138.948488  6  5  5  60       
PG22  -9667.777668  24441.404196   5221.918216     51.217585  6  3  3  34       
PG23  15887.345373 -17709.068335 -11589.225952    131.993535  9  7  5  62       
PG24  20862.037155  13965.999558   8873.000651   -410.515494  7  3  4  63       
PG25  17448.650497 -10186.260836  16762.711447    484.637014  4  4  5  71       
PG26   1264.629045 -24547.920769  -9714.286472    201.903340  7  3  4  85       
PG28   -895.486275 -20479.635930  16865.417120    -93.663082  1  7  7  68       
PG29  25571.095875  -4564.808851  -5838.987503   -608.924950  8  3  5  55       
PG30  -5794.618280  16765.418456 -19568.344984   -447.536561  6  2  4  50       
PG31  -7737.793153 -23245.599068   9516.766033   -227.195516  6  3  7  74       
PG32  10780.553428 -14780.580705  19372.009355   -603.728044  9  8  8 111       
*  2024  1  9 13 45  0.00000000
PG01 -19885.845009  -9890.675959  14476.153990    165.649489  5  6  4  83       
PG02 -21495.635483 -13518.693576   8693.393821   -503.419707  3  5  3  85       
PG03 -14210.902476  -3841.628307  21963.122603    114.308757  3  5  5  74       
PG04 -25379.915433  -2128.875076   7784.108040    261.629264  8  6  8  80       
PG05   9102.024777  15609.285670 -19612.551631   -157.322568  6  5  5  48       
PG06   1686.823721  20175.486520  17205.671354    450.608647  3  2  3  40       
PG07 -15362.852738   4675.241219 -20745.989297    -33.068690  5  5  4  96       
PG08 -20955.867694  -6800.407134 -15216.651931   -161.242738  9  6  7  83       
PG09 -25187.053317   7617.240800  -3932.490888     53.338434  5  5  5  80       
PG10  10666.468034 -23995.087560  -2328.186465    -68.654564  6  6  6  55       
PG11  10513.969174  23150.852362   7789.052586   -533.461500  5  3  4  55       
PG12  14298.564042   4787.867409  21579.766911   -466.140215  7  3  5  60       
PG13  11900.199815  13334.125779 -19920.471609    614.149255  6  5  6  44       
PG14 -13508.489453  21978.850487  -5878.254883    294.001366  7  4  4  80       
PG15  21306.363399   5227.307126 -15603.555209    115.473501  6  7  6  64       
PG16  -2909.444551 -20600.672590 -16564.967934   -387.632174  8  3  5  74       
PG17 -17089.248771  12920.623210  16223.312719    720.271197  7  5  4  21       
PG18  13992.880075  -6107.412438 -21735.334870   -527.866939  7  4  8  87       
PG19  -7753.119683  14552.773861  20550.985093    424.158980  6  4  2  82       
PG20   2048.815544  24874.476527  -9275.300668    392.388519  3  4  4  31       
PG21 -20888.638009 -16773.042423   4469.773014    138.947413  6  5  5  82       
PG22 -10042.948365  24680.292128   2423.602235     51.211660  6  4  3  61       
PG23  15535.211394 -16272.569864 -13946.832988    132.000140  9  7  6  42       
PG24  21270.316840  14828.060375   6278.432535   -410.522127  7  3  5  76       
PG25  16853.236526  -8181.540185  18385.490741    484.638236  5  4  6  53       
PG26   1880.672872 -25356.637726  -7126.634459    201.900179  7  2  4  72       
PG28    508.973495 -19007.711284  18520.511202    -93.673117     6  7  32       
PG29  26081.537134  -4386.977756  -3022.769093   -608.924801  8  4  5  48       
PG30  -7306.158674  14985.239424 -20503.042518   -447.532332  6  3  5  58       
PG31  -6765.631326 -22379.813006  11997.031916   -227.195710  6  3  7  82       
PG32  12881.290152 -14940.224005  17876.272790   -603.730759 10  7  9 109       
*  2024  1  9 14  0  0.00000000
PG01 -20796.865815 -11163.930893  12170.030450    165.650291  6  6  3  78       
PG02 -21916.311145 -14198.722416   6002.356201   -503.414702  4  5  3  57       
PG03 -13393.885030  -6242.881084  21935.485513    114.332160  3  5  5  87       
PG04 -24394.335240  -2507.208996  10379.649951    261.638083  7  6  8  77       
PG05   8402.053650  17622.088026 -18143.879506   -157.323550  6  5  5  70       
PG06    273.317881  18686.362125  18900.596902    450.597010  3  2  2  73       
PG07 -16905.004776   2807.978004 -19928.316076    -33.077042  5  5  4  64       
PG08 -19217.302935  -7364.222558 -17103.292130   -161.243862  8  6  7  77       
PG09 -25515.308473   7427.477646  -1105.351443     53.349304  5  5  5  58       
PG10  10726.504243 -23492.647481  -5202.633686    -68.655575  6  6  6  71       
PG11   9700.635334  22475.183020  10391.624790   -533.474333  4  3  4  46       
PG12  13324.898749   7121.838096  21565.460091   -466.143882  7  4  5  66       
PG13   9616.821813  13536.303157 -20980.455959    614.152763  6  5  6  56       
PG14 -13493.695701  21095.255110  -8551.412222    294.010609  7  4  4  59       
PG15  19669.783398   6016.524864 -17401.920276    115.477041  7  7  5  68       
PG16  -2031.998169 -22119.075023 -14536.001910   -387.625139  7  4  5  66       
PG17 -18755.023085  13003.985694  14138.554973    720.271025  6  5  4  72       
PG18  15546.917407  -4213.127550 -21137.103028   -527.875367  8  4  8  90       
PG19 -10084.522482  14658.607216  19412.463663    424.163655  6  5  2  78       
PG20   1662.709224  25740.652514  -6646.471906    392.386833  2  4  4  38       
PG21 -20978.149635 -17098.078776   1696.018429    138.946121  6  5  5  69       
PG22 -10278.315632  24649.402887   -415.482142     51.205749  6  4  3  42       
PG23  15185.361981 -14576.676686 -16061.969613    132.006777  9  7  7  67       
PG24  21506.527755  15459.425357   3577.182303   -410.528680  7  3  5  57       
PG25  16305.264285  -5990.845577  19680.527574    484.639481  5  4  6  68       
PG26   2382.737339 -25903.294789  -4414.193862    201.897043  7  2  4  77       
PG28   2103.551554 -17486.567715  19856.305170    -93.683172  1  6  7  68       
PG29  26281.747127  -4199.640311   -154.879535   -608.924493  7  4  5  46       
PG30  -8954.684677  13215.083698 -21079.541985   -447.528204  6  3  5  51       
PG31  -5577.900233 -21354.121749  14264.131113   -227.195811  5  3  6  67       
PG32  14791.276014 -15172.102715  16075.037622   -603.733409 10  6  9 112       
*  2024  1  9 14 15  0.00000000
PG01 -21589.374567 -12180.839002   9654.338232    165.651059  6  6  2  88       
PG02 -22138.378264 -14659.234829   3210.732465   -503.409714  4  5  3  72       
PG03 -12717.518310  -8660.237359  21525.640782    114.355566  4  4  5  72       
PG04 -23153.831614  -2999.758895  12797.928893    261.646868  6  5  8  61       
PG05   7850.182267  19492.470373 -16366.201045   -157.325113  6  5  5  73       
PG06  -1342.209481  17155.470751  20271.010293    450.585381  4  2  1  75       
PG07 -18453.963495   1105.984915 -18756.782601    -33.085624  4  5  5 101       
PG08 -17321.374587  -8074.501751 -18702.100295   -161.244264  8  7  7  86       
PG09 -25545.139855   7165.749462   1740.728422     53.360196  5  5  5  51       
PG10  10729.660813 -22680.592413  -7985.312348    -68.657449  7  7  7  62       
PG11   8662.680585  21632.049560  12816.025277   -533.487148  4  3  4  47       
PG12  12481.357297   9479.979137  21170.358470   -466.147512  7  4  5  72       
PG13   7248.256377  13874.324997 -21687.281495    614.156123  6  5  7  24       
PG14 -13436.480728  19930.095178 -11075.743824    294.019818  6  4  4  66       
PG15  17906.722810   6955.755543 -18913.384288    115.480785  7  8  5  61       
PG16  -1315.891091 -23455.601991 -12256.507504   -387.618285  7  4  5  63       
PG17 -20174.819615  13129.119093  11818.190730    720.270070  6  5  3  79       
PG18  17139.435769  -2471.301031 -20175.776133   -527.883769  7  4  8  78       
PG19 -12260.531669  14864.620748  17931.207339    424.168247  6  5  2  68       
PG20   1350.588960  26323.697123  -3904.220005    392.385151  2  4  4  53       
PG21 -20847.701050 -17222.419145  -1105.132050    138.945423  5  5  5  81       
PG22 -10406.675880  24330.775153  -3247.488905     51.199629  5  4  3           
PG23  14875.063217 -12646.593680 -17898.117187    132.013412  9  7  7  57       
PG24  21540.513422  15878.097952    815.462330   -410.535305  7  4  5  66       
PG25  15834.173347  -3652.039047  20624.811639    484.640708  5  4  6  68       
PG26   2799.932546 -26166.466984  -1624.275913    201.893912  7  1  4  74       
PG28   3871.186354 -15959.743837  20849.720558    -93.693220  2  6  7  75       
PG29  26172.700831  -3964.446122   2715.651924   -608.924192  7  5  6  61       
PG30 -10714.790598  11495.063285 -21288.452844   -447.523982  6  3  5  75       
PG31  -4172.387749 -20210.870836  16277.805739   -227.195919  5  3  6  50       
PG32  16477.868012 -15445.294518  13998.313208   -603.736082 10  7  9 104       
*  2024  1  9 14 30  0.00000000
PG01 -22221.724613 -12947.627077   6973.234255    165.651827  7  6  2  54       
PG02 -22129.535043 -14921.344400    365.028543   -503.404866  4  5  4  65       
PG03 -12189.741244 -11043.093326  20741.166133    114.378964  4  4  5  65       
PG04 -21690.768892  -3631.580675  14997.550894    261.655659  5  4  7  45       
PG05   7431.642110  21177.445885 -14309.255257   -157.326196  5  5  5  64       
PG06  -3141.467412  15628.243131  21293.788844    450.573755  4  1  2  88       
PG07 -19967.698964   -409.554935 -17254.171437    -33.094168  4  5  5  99       
PG08 -15311.055181  -8939.894413 -19985.483058   -161.247799  8  7  7  94       
PG09 -25287.489570   6796.788033   4556.935528     53.371123  5  5  5  72       
PG10  10715.948585 -21564.300673 -10626.931119    -68.658798  7  7  6  45       
PG11   7394.137106  20662.243598  15020.700752   -533.500022  4  3  4  66       
PG12  11779.397360  11813.068946  20401.832384   -466.150860  7  5  5  86       
PG13   4842.194401  14351.760715 -22028.659118    614.159672  5  5  7  70       
PG14 -13373.906668  18495.681690 -13407.408628    294.029073  6  4  4  90       
PG15  16059.104168   8047.600737 -20113.561530    115.483992  7  8  5  72       
PG16   -743.765539 -24570.647811  -9764.620053   -387.611268  7  4  5  65       
PG17 -21326.740767  13259.926027   9300.197031    720.269135  6  5  3  79       
PG18  18728.648644   -906.771108 -18868.367000   -527.892138  7  4  8  85       
PG19 -14240.307497  15144.592257  16132.939290    424.172924  6  5  2  79       
PG20   1078.299371  26609.125949  -1095.404834    392.383468  2  4  4  26       
PG21 -20472.308182 -17173.515445  -3888.253320    138.944411  5  5  5  84       
PG22 -10463.922625  23714.498697  -6024.185790     51.194067  5  5  3  43       
PG23  14637.278118 -10515.184549 -19423.715446    132.020049  9  7  8  74       
PG24  21347.344069  16108.385808  -1960.001077   -410.541933  6  4  5  81       
PG25  15463.193968  -1208.473070  21201.816329    484.641914  6  4  6  68       
PG26   3164.767047 -26132.666031   1194.200439    201.890793  6  1  4  49       
PG28   5787.018936 -14468.111742  21483.586383    -93.703269  3  6  7  54       
PG29  25764.248641  -3644.366885   5539.696568   -608.923676  6  6  6  71       
PG30 -12554.775602   9860.808148 -21126.900508   -447.519831  6  3  4  84       
PG31  -2555.521892 -18993.913175  18002.468582   -227.196298  5  4  6  82       
PG32  17915.451930 -15724.469954  11680.996840   -603.738765 11  7  8 101       
*  2024  1  9 14 45  0.00000000
PG01 -22655.792680 -13479.109990   4173.241486    165.652603  7  7  2  79       
PG02 -21863.399340 -15012.351037  -2486.816406   -503.399525  5  5  4  82       
PG03 -11809.913820 -13340.952242  19596.202817    114.402371  3  3  5  71       
PG04 -20043.206431  -4421.302677  16940.792529    261.664574  3  4  7  72       
PG05   7124.625228  22638.630646 -12007.636241   -157.327438  5  5  5  50       
PG06  -5098.095001  14147.048475  21951.795152    450.562125  4     3  80       
PG07 -21402.879798  -1725.904413 -15448.940110    -33.102499  4  5  6  88       
PG08 -13231.429560  -9961.199222 -20930.941559   -161.249366  8  7  7 101       
PG09 -24761.401360   6288.682558   7294.865908     53.382068  4  5  5  43       
PG10  10724.361022 -20158.643101 -13080.628892    -68.660104  7  7  6  77       
PG11   5897.475232  19608.391737  16967.854582   -533.512841  4  3  4  51       
PG12  11222.145634  14071.437991  19273.969467   -466.154381  6  5  5  81       
PG13   2446.787691  14964.025332 -21998.304243    614.162941  5  4  6  67       
PG14 -13340.984843  16812.633527 -15506.000619    294.038362  5  4  3  76       
PG15  14169.431962   9287.213579 -20983.020809    115.487496  7  8  5  61       
PG16   -291.656867 -25430.014663  -7102.620083   -387.604578  7  5  5  67       
PG17 -22196.804912  13357.754232   6626.064378    720.268626  6  4  4  84       
PG18  20270.133355    463.655217 -17237.748209   -527.900542  7  5  8  94       
PG19 -15989.487906  15466.480530  14049.199163    424.177831  5  5  2  77       
PG20    809.809137  26590.810282   1732.076221    392.381709  2  4  4  25       
PG21 -19833.559238 -16983.468204  -6607.627484    138.942911  5  6  5  73       
PG22 -10487.533637  22799.267674  -8697.744440     51.188123  4  5  3  22       
PG23  14499.297448  -8221.854176 -20612.702068    132.026707  8  7  8  71       
PG24  20908.300367  16179.763253  -4702.712689   -410.548541  6  4  5  84       
PG25  15208.396394   1292.556889  21401.801272    484.643128  6  5  6  63       
PG26   3511.651821 -25796.924267   3991.613529    201.887637  6  1  4  62       
PG28   7819.166239 -13048.371085  21746.939081    -93.713344  3  5  7  76       
PG29  25074.724041  -3205.316212   8268.854103   -608.923334  5  6  6  73       
PG30 -14437.752876   8342.224783 -20598.524718   -447.515724  6  4  4  79       
PG31   -742.316167 -17746.843598  19407.880970   -227.196377  4  4  6  47       
PG32  19086.300170 -15971.336850   9162.332458   -603.741406 11  8  8  97       
*  2024  1  9 15  0  0.00000000
PG01 -22858.459936 -13797.854980   1302.426869    165.653375  7  6  3  87       
PG02 -21320.687844 -14964.613565  -5296.179296   -503.394577  5  4  4  80       
PG03 -11568.957853 -15505.218407  18111.167825    114.425792  3  2  5  78       
PG04 -18253.524222  -5380.221136  18594.240723    261.673386  1  4  6  84       
PG05   6901.253487  23843.619427  -9500.253078   -157.328892  4  4  5  51       
PG06  -7178.506306  12749.646308  22234.139733    450.550544  4     3  78       
PG07 -22716.537601  -2838.964978 -13374.550849    -33.110679  3  5  6  79       
PG08 -11128.136540 -11131.149260 -21521.483505   -161.250739  8  7  7  91       
PG09 -23993.263023   5614.315588   9907.354534     53.392955  3  4  5  63       
PG10  10791.137502 -18487.533087 -15302.881213    -68.661182  8  7  6  56       
PG11   4183.707476  18513.293690  18624.087218   -533.525614  4  3  5  43       
PG12  10804.405367  16206.767387  17807.271031   -466.158224  6  5  5  65       
PG13    109.023091  15698.470070 -21596.071082    614.166254  4  4  6  73       
PG14 -13369.165281  14909.211277 -17335.263382    294.047614  5  4  3  73       
PG15  12279.360312  10662.340392 -21507.540909    115.491054  7  8  5  78       
PG16     69.931097 -26006.273312  -4316.254043   -387.597604  7  5  5  36       
PG17 -22779.402833  13382.962549   3840.206397    720.267284  6  4  5  72       
PG18  21718.472142   1631.638497 -15312.234054   -527.908948  7  6  7  78       
PG19 -17481.388687  15793.794556  11716.759590    424.182210  5  5  3  69       
PG20    508.785232  26271.177253   4530.083479    392.380121  2  5  5           
PG21 -18920.494538 -16687.794008  -9217.880358    138.941546  4  6  5  76       
PG22 -10514.974913  21592.628860 -11221.559871     51.181978  4  5  3  34       
PG23  14481.611058  -5811.183948 -21444.946811    132.033440  8  7  8  95       
PG24  20211.625317  16125.572552  -7367.120021   -410.555186  6  5  5  71       
PG25  15078.055887   3801.516994  21221.964383    484.644360  6  5  5  48       
PG26   3875.317907 -25163.048960   6718.571731    201.884489  6  2  4  12       
PG28   9929.772725 -11731.716901  21635.214467    -93.723404  4  5  7  74       
PG29  24130.238915  -2617.661806  10856.272679   -608.922933  5  6  6  64       
PG30 -16322.964854   6962.499859 -19713.356794   -447.511564  6  4  5  67       
PG31   1244.040847 -16511.263769  20469.711031   -227.196735  3  5  5  49       
PG32  19981.139772 -16146.225347   6485.280744   -603.744013 11  8  8 104       
*  2024  1  9 15 15  0.00000000
PG01 -22802.892499 -13933.073917  -1590.413657    165.654175  7  7  3  86       
PG02 -20490.162483 -14814.214644  -8014.551584   -503.389511  5  4  4  73       
PG03 -11449.841318 -17490.914211  16312.353438    114.449178  2  2  5  65       
PG04 -16366.893140  -6511.678524  19929.364997    261.682185     5  5  79       
PG05   6728.794511  24767.153734  -6829.708529   -157.330013  4  4  5  32       
PG06  -9343.013088  11467.831783  22136.338458    450.538895  4     4  82       
PG07 -23867.694257  -3753.117129 -11068.732602    -33.119321  2  5  6  68       
PG08  -9045.785543 -12434.504905 -21745.961455   -161.253949  8  7  7  67       
PG09 -23015.775659   4752.621660  12349.290925     53.403834  3  4  4  67       
PG10  10948.143487 -16583.113979 -17254.341805    -68.663064  8  6  6  76       
PG11   2272.166329  17418.266874  19960.963069   -533.538392  4  4  5  65       
PG12  10513.013215  18173.830081  16028.222199   -466.161398  6  5  5  79       
PG13  -2126.865242  16534.784386 -20827.998855    614.169698  4  4  5  68       
PG14 -13484.981122  12820.359951 -18863.723208    294.056880  5  5  3  88       
PG15  10428.302435  12153.627365 -21678.306973    115.494728  7  8  5  89       
PG16    374.706104 -26279.890488  -1453.957818   -387.590660  7  5  5  65       
PG17 -23077.461315  13296.554830    989.305273    720.266666  6  4  6  76       
PG18  23028.936381   2597.414180 -13125.077107   -527.917419  7  6  7  95       
PG19 -18697.896780  16087.161424   9176.929226    424.186923  5  5  4  62       
PG20    140.175250  25661.099525   7251.029216    392.378265  2  5  5  67       
PG21 -17730.256598 -16324.051083 -11674.655738    138.940547  4  6  4  79       
PG22 -10582.080778  20110.905225 -13551.086406     51.176334  4  6  4  56       
PG23  14597.063139  -3331.375020 -21906.573932    132.040108  7  7  8  88       
PG24  19253.023682  15981.613753  -9909.285679   -410.561780  5  5  5  64       
PG25  15072.358590   6268.422579  20666.442333    484.645592  6  5  5  65       
PG26   4289.214748 -24243.532868   9326.852146    201.881355  6  3  4  39       
PG28  12076.300366 -10542.732631  21150.328264    -93.733486  5  5  7  48       
PG29  22963.692205  -1857.571248  13257.447738   -608.922560  5  6  6  70       
PG30 -18167.250208   5737.384809 -18487.582189   -447.507450  6  5  5  66       
PG31   3372.932496 -15325.151918  21169.960249   -227.196922  3  5  5  71       
PG32  20599.404286 -16209.753420   3695.808014   -603.746624 11  9  8  97       
*  2024  1  9 15 30  0.00000000
PG01 -22469.579431 -13919.292153  -4456.550622    165.654958  7  7  4  55       
PG02 -19369.299459 -14599.462099 -10594.376938   -503.384643  6  4  4  59       
PG03 -11428.383633 -19258.253388  14231.424388    114.472600  2  2  5  44       
PG04 -14429.646776  -7810.750040  20923.012611    261.691057     6  4  78       
PG05   6571.080275  25392.035326  -4041.603783   -157.331536  4  4  6  51       
PG06 -11547.182127  10326.324121  21660.364169    450.527302  4     4  92       
PG07 -24818.888040  -4480.729125  -8572.698712    -33.127846  1  5  6  77       
PG08  -7026.405182 -13848.456362 -21599.328880   -161.256079  8  8  7  81       
PG09 -21866.688098   3689.618091  14578.406266     53.414699  2  3  4  71       
PG10  11221.438024 -14484.616994 -18900.597835    -68.663770  8  6  5  75       
PG11    189.963448  16361.560632  20955.494705   -533.551185  5  4  6  63       
PG12  10327.526417  19932.103436  13968.748786   -466.165128  5  5  5  90       
PG13  -4220.888483  17445.698321 -19706.266435    614.172984  4  4  4  74       
PG14 -13708.901949  10586.499641 -20065.229357    294.066149  5  5  3  84       
PG15   8652.126271  13735.182479 -21492.047336    115.497766  6  8  5  84       
PG16    659.071683 -26240.069097   1434.005442   -387.583697  7  6  5  73       
PG17 -23102.300963  13061.823850  -1878.403287    720.265527  5  4  6  89       
PG18  24159.150315   3369.570096 -10713.888997   -527.925816  6  6  6  85       
PG19 -19630.018166  16306.025449   6474.758818    424.191735  5  5  4  72       
PG20   -328.261742  24779.479791   9848.659448    392.376435  2  6  5  39       
PG21 -16268.478499 -15930.363534 -13935.324288    138.939622  4  6  4  77       
PG22 -10721.473503  18378.786772 -15644.674473     51.170534  4  6  4  44       
PG23  14850.322796   -832.561476 -21990.169239    132.046784  6  6  7  96       
PG24  18035.897318  15784.674283 -12287.516214   -410.568407  5  4  5  88       
PG25  15183.457151   8644.631657  19746.163299    484.646824  6  5  5  77       
PG26   4783.958078 -23059.122161  11770.322480    201.878221  5  4  5  66       
PG28  14213.007697  -9498.551007  20300.643716    -93.743633  5  5  7  66       
PG29  21613.528583   -908.138513  15430.986410   -608.921875  5  6  6  73       
PG30 -19926.603362   4674.785169 -16943.196922   -447.503365  6  5  5  69       
PG31   5607.363344 -14221.406021  21497.250817   -227.197254  3  6  4  72       
PG32  20949.154948 -16124.507844    842.103911   -603.749230 11  9  9  82       
*  2024  1  9 15 45  0.00000000
PG01 -21847.096566 -13794.848279  -7248.086824    165.655754  7  7  5  28       
PG02 -17964.644334 -14359.279806 -12989.914829   -503.379684  6  3  4  48       
PG03 -11474.346570 -20774.010279  11904.824656    114.496004  3  4  6  53       
PG04 -12487.615730  -9264.252161  21557.817978    261.699876     6  2  64       
PG05   6390.075556  25709.747099  -1183.778508   -157.332920  4  4  6  75       
PG06 -13743.375637   9341.938281  20814.593301    450.515702  3  1  4  75       
PG07 -25537.542410  -5041.366919  -5930.341760    -33.136207     5  6  36       
PG08  -5107.981199 -15343.327020 -21082.805688   -161.257679  8  8  7  62       
PG09 -20587.344252   2419.165703  16556.017735     53.425570  2  3  4  81       
PG10  11630.090670 -12236.937850 -20212.820206    -68.664698  7  6  4  69       
PG11  -2028.850173  15376.900560  21590.536506   -533.563933  5  5  6  66       
PG12  10221.207206  21447.188836  11665.576545   -466.168714  5  5  5  62       
PG13  -6138.646037  18397.963303 -18249.052506    614.176185  4  5  3  75       
PG14 -14054.441024   8252.112993 -20919.392426    294.075432  5  5  3  81       
PG15   6981.978353  15375.375708 -20951.109547    115.501413  6  7  5  85       
PG16    960.475316 -25885.257610   4296.477168   -387.576858  7  6  6  81       
PG17 -22873.185868  12645.944528  -4713.899508    720.264432  5  4  6  67       
PG18  25070.672034   3964.505391  -8119.995679   -527.934236  6  7  6  78       
PG19 -20278.057896  16410.405249   3658.170143    424.196381  5  6  4  76       
PG20   -924.533189  23652.546307  12278.812171    392.374702  4  7  6  54       
PG21 -14549.384127 -15543.891303 -15959.720693    138.938254  5  6  4  57       
PG22 -10961.087661  16428.593593 -17464.390035     51.164624  5  6  4  38       
PG23  15237.688383   1634.940383 -21694.870539    132.053470  5  7  7  88       
PG24  16571.313346  15571.049355 -14462.944796   -410.574981  5  4  5  75       
PG25  15395.868796  10884.568775  18478.560514    484.648038  6  5  5  69       
PG26   5385.894579 -21638.058280  14005.823422    201.875066  5  4  5  72       
PG28  16292.561222  -8608.314957  19100.826793    -93.753699  6  5  7  44       
PG29  20122.293489    239.753679  17339.324411   -608.921579  6  6  5  73       
PG30 -21557.764779   3774.665700 -15107.568204   -447.499293  6  5  5  55       
PG31   7905.263509 -13226.619875  21446.970957   -227.197566  3  6  4  58       
PG32  21046.669588 -15856.673069  -2026.259528   -603.751860 11  9  9 107       
*  2024  1  9 16  0  0.00000000
PG01 -20932.575154 -13600.282524  -9918.685514    165.656571  7  7  5  55       
PG02 -16291.826901 -14131.548836 -15158.113454   -503.374496  7  3  4  34       
PG03 -11552.764545 -22012.633960   9373.107337    114.519420  4  4  6  57       
PG04 -10584.487042 -10851.075154  21822.518676    261.708758     6     63       
PG05   6147.536432  25720.753653   1694.502566   -157.334430  4  4  6  61       
PG06 -15882.416911   8523.069181  19613.649686    450.504056  3  1  3  85       
PG07 -25997.130962  -5460.748073  -3187.424571    -33.144737     4  6  67       
PG08  -3323.139606 -16883.557475 -20203.945385   -161.258102  7  9  8  46       
PG09 -19221.098924    943.427411  18247.716108     53.436446  3  3  4  60       
PG10  12185.298421  -9888.992978 -21168.293541    -68.666314  7  5  3  69       
PG11  -4344.392153  14492.218518  21855.081201   -533.576703  5  6  6  78       
PG12  10162.259253  22691.983549   9159.510287   -466.172265  5  5  6  70       
PG13  -7852.468120  19353.579264 -16480.299069    614.179458  4  5     43       
PG14 -14527.550644   5864.186046 -21411.914310    294.084706  6  5  3  88       
PG15   5443.274673  17037.853676 -20063.473318    115.504860  6  6  5  83       
PG16   1315.689209 -25223.298168   7082.384711   -387.569778  7  6  6  78       
PG17 -22416.573504  12021.454348  -7468.195005    720.263734  4  4  6  55       
PG18  25730.433066   4405.593851  -5387.738036   -527.942648  5  7  5  68       
PG19 -20651.426333  16362.632788    777.029944    424.200864  4  6  5  52       
PG20  -1671.153116  22312.885989  14500.141416    392.373244  5  7  6  56       
PG21 -12595.581284 -15199.298838 -17710.899097    138.937226  5  6  3  64       
PG22 -11322.863463  14299.229998 -18976.796262     51.158587  5  5  4  26       
PG23  15747.230561   4022.378801 -21026.342633    132.060143  5  7  6  78       
PG24  14877.710289  15375.102749 -16400.066002   -410.581596  4  4  5  75       
PG25  15687.193240  12947.308561  16887.158981    484.649257  6  5  5  66       
PG26   6115.845601 -20015.025126  15993.989731    201.871931  5  5  6  78       
PG28  18267.717216  -7872.958965  17571.591459    -93.763773  7  5  7  41       
PG29  18535.038934   1586.870878  18949.382862   -608.920855  6  7  5  55       
PG30 -23019.780483   3029.269724 -13012.910811   -447.495193  6  5  5  76       
PG31  10220.990443 -12360.139755  21021.279872   -227.197589  3  6  4  52       
PG32  20915.711351 -15377.540835  -4859.212319   -603.754502 10  9 10  88       
*  2024  1  9 16 15  0.00000000
PG01 -19731.864866 -13376.672976 -12424.254904    165.657412  7  7  6  71       
PG02 -14375.222205 -13951.465338 -17059.472181   -503.369850  7  4  4  47       
PG03 -11625.459289 -22957.066937   6680.201930    114.542955  4  5  7  78       
PG04  -8760.250910 -12542.829304  21712.171637    261.717619     6     86       
PG05   5806.694131  25434.465885   4543.403319   -157.336073  4  4  6  79       
PG06 -17915.319133   7869.506110  18078.148977    450.492442  3  2  3  92       
PG07 -26178.102549  -5769.489532   -390.783311    -33.153042     4  6  47       
PG08  -1698.027231 -18428.938929 -18976.596851   -161.259799  7 10  8  50       
PG09 -17811.663191   -726.995879  19623.983350     53.447280  3  4  4  73       
PG10  12889.839322  -7491.925685 -21750.814523    -68.667938  7  5  2  68       
PG11  -6712.283724  13728.616896  21744.454222   -533.589481  5  6  6  76       
PG12  10115.261349  23647.561787   6494.651436   -466.175844  4  5  6  78       
PG13  -9342.313417  20271.226168 -14429.377268    614.182493  4  6     62       
PG14 -15126.327832   3470.564116 -21534.805690    294.093966  6  5  4  99       
PG15   4054.893192  18682.738420 -18842.697326    115.508343  5  6  5  87       
PG16   1759.098078 -24271.198560   9741.748301   -387.562924  7  7  6  88       
PG17 -21765.085155  11167.560095 -10093.182949    720.263187  4  4  6  53       
PG18  26111.983590   4722.085140  -2563.728978   -527.951116  5  7  5  70       
PG19 -20768.082802  16128.999829  -2117.807676    424.205639  4  5  5  58       
PG20  -2584.091523  20798.250942  16474.796989    392.371101  6  8  7  78       
PG21 -10437.537945 -14927.280277 -19155.892743    138.936333  5  6  3  53       
PG22 -11821.669301  12034.862844 -20153.675508     51.152670  5  4  5  51       
PG23  16359.265737   6284.242723 -19996.640039    132.066804  4  7  6  78       
PG24  12980.354839  15227.915022 -18067.221705   -410.588207  4  3  5  76       
PG25  16029.114224  14797.956538  15001.050823    484.650477  6  5  5  57       
PG26   6988.084213 -18229.846291  17699.990180    201.868814  5  5  6  64       
PG28  20093.009196  -7285.318745  15739.339479    -93.773795  7  5  6  55       
PG29  16897.640574   3125.387283  20233.153103   -608.920291  6  7  4  61       
PG30 -24275.471774   2423.638974 -10695.691603   -447.491116  6  6  5  61       
PG31  12506.963446 -11633.435717  20228.978030   -227.197719  3  6  4  65       
PG32  20586.502930 -14664.836635  -7607.097198   -603.757153 10  9 11  87       
*  2024  1  9 16 30  0.00000000
PG01 -18259.390919 -13163.978349 -14723.584545    165.658240  8  7  6  34       
PG02 -12247.258556 -13849.984648 -18658.871101   -503.364358  7  5  4  59       
PG03 -11652.677526 -23599.240317   3872.633912    114.566392  4  6  7  77       
PG04  -7049.794046 -14304.782557  21228.264353    261.726464     6     74       
PG05   5333.897097  24868.866937   7313.395122   -157.337630  5  5  5  64       
PG06 -19795.013229   7372.582766  16234.348219    450.480745  4  2  3  89       
PG07 -26068.541480  -6001.703562   2412.444512    -33.161510     4  6  69       
PG08   -251.436071 -19936.053938 -17420.755118   -161.261033  7 11  9  62       
PG09 -16401.443795  -2573.260040  20660.727927     53.458155  3  3  4  68       
PG10  13737.883872  -5097.238601 -21950.951513    -68.669545  6  5  3  85       
PG11  -9085.162057  13099.606882  21260.402247   -533.602264  5  6  6  85       
PG12  10042.736690  24303.735145   3717.572985   -466.179508  4  5  6  60       
PG13 -10596.385035  21107.849430 -12130.655949    614.186006  4  7     51       
PG14 -15841.039896   1118.287003 -21286.489462    294.103230  6  6  4  90       
PG15   2828.597486  20267.973785 -17307.796008    115.511623  5  5  6  71       
PG16   2321.070566 -23054.530595  12226.686949   -387.555878  7  7  6  47       
PG17 -20956.229097  10071.213682 -12542.508759    720.262011  3  4  6  42       
PG18  26196.497680   4947.786772    303.921513   -527.959565  4  6  4  28       
PG19 -20653.644071  15681.242363  -4975.466447    424.210385  4  5  5           
PG20  -3671.972868  19150.182378  18169.050296    392.369217  7  8  7  72       
PG21  -8112.743239 -14753.202110 -20266.459510    138.935367  5  6  4  37       
PG22 -12464.506395   9683.371010 -20972.669032     51.146974  6  3  5  59       
PG23  17047.138851   8379.804348 -18623.962514    132.073510  3  7  5  75       
PG24  10910.568908  15156.062663 -19437.037179   -410.594876  4  3  5  86       
PG25  16388.637261  16408.775578  12854.276870    484.651744  6  5  5  73       
PG26   8009.589105 -16325.988101  19094.169121    201.865654  5  5  6  58       
PG28  21726.375999  -6830.564257  13635.701087    -93.783848  7  5  6  57       
PG29  15255.090377   4838.981242  21168.198521   -608.920214  6  7  4  48       
PG30 -25292.760844   1936.409113  -8195.974934   -447.486953  6  6  5  56       
PG31  14715.362358 -11049.807002  19085.251970   -227.198151  3  6  3  69       
PG32  20094.445126 -13703.805496 -10221.587412   -603.759810 10  9 11  91       
*  2024  1  9 16 45  0.00000000
PG01 -16537.714703 -12999.443973 -16778.930350    165.659230  8  7  6  81       
PG02  -9947.389188 -13852.421123 -19926.343302   -503.359540  7  5  5  73       
PG03 -11594.786600 -23940.230314    998.711589    114.589843  5  6  7  73       
PG04  -5481.693939 -16097.055947  20378.717475    261.735334     6  2  85       
PG05   4700.144468  24049.810537   9956.144383   -157.339160  5  5  5  76       
PG06 -21478.010888   7015.656098  14113.706207    450.469004  4  2  3  84       
PG07 -25664.548419  -6193.498128   5175.557496    -33.170102  1  4  7  66       
PG08   1005.790134 -21359.872888 -15562.297367   -161.263785  7 11  9  39       
PG09 -15029.941651  -4568.798118  21339.726836     53.469021  3  3  4  78       
PG10  14715.169097  -2754.930820 -21766.162789    -68.671502  6  6  4  73       
PG11 -11414.313271  12610.650191  20411.073898   -533.615090  4  6  6  75       
PG12   9906.792302  24659.276470    876.470411   -466.182884  4  5  6  66       
PG13 -11611.437399  21820.341399  -9622.975149    614.189264  4  7      9       
PG14 -16654.466621  -1148.032307 -20671.790752    294.112488  5  5  4  83       
PG15   1768.714960  21750.777402 -15483.042045    115.515169  4  5  6  69       
PG16   3026.488952 -21606.475448  14492.395070   -387.549209  6  7  6  44       
PG17 -20030.920296   8727.906241 -14772.444288    720.261543  3  5  6  28       
PG18  25973.501965   5119.577325   3166.401843   -527.968036  3  6  4  58       
PG19 -20340.199421  14997.801689  -7745.997589    424.215014  4  5  5  24       
PG20  -4935.554404  17412.502414  19553.857223    392.367650  7  9  6  58       
PG21  -5664.567731 -14695.925081 -21019.790993    138.934402  5  6  4  60       
PG22 -13250.037964   7294.625501 -21417.812342     51.140929  6  3  5  62       
PG23  17778.282889  10274.471095 -16932.309993    132.080148  3  7  4  55       
PG24   8704.752857  15180.567349 -20486.806482   -410.601461  4  3  5  91       
PG25  16729.507664  17760.018916  10485.133316    484.653015  6  4  5  61       
PG26   9179.606175 -14348.932484  20152.575771    201.862510  5  6  6  59       
PG28  23130.667746  -6486.938428  11296.984642    -93.793908  7  5  5  50       
PG29  13649.830645   6703.264767  21738.063525   -608.919838  6  7  3  54       
PG30 -26045.804539   1540.846334  -5556.721826   -447.482867  6  5  6  59       
PG31  16799.821305 -10604.426173  17611.305473   -227.198189  3  6  3  73       
PG32  19478.630208 -12488.008697 -12656.591306   -603.762493  9 10 12 105       
*  2024  1  9 17  0  0.00000000
PG01 -14596.816148 -12916.124216 -18556.545886    165.660085  8  6  6  77       
PG02  -7520.760555 -13977.269528 -20837.764693   -503.354611  7  5  5  60       
PG03 -11413.961818 -23990.074158  -1892.304994    114.613326  5  6  7  79       
PG04  -4077.261088 -17876.032921  19177.776828    261.744217  2  5  2  86       
PG05   3882.447278  23010.016298  12425.390996   -157.340255  6  6  5  50       
PG06 -22925.941319   6774.895119  11752.361253    450.457290  4  2  4  60       
PG07 -24970.337764  -6381.437915   7852.986392    -33.178287  2  4  7           
PG08   2071.038655 -22655.446388 -13432.602773   -161.266039  7 11  9  57       
PG09 -13732.272726  -6680.148279  21648.964985     53.479881  3  3  4  79       
PG10  15799.524077   -511.716442 -21200.774916    -68.673318  6  6  4  76       
PG11 -13651.364733  12259.022168  19210.892202   -533.627781  4  6  6  58       
PG12   9670.762274  24721.805173  -1979.693804   -466.186338  5  4  6  45       
PG13 -12392.757781  22367.255701  -6949.028909    614.192463  4  7  2  52       
PG14 -17542.543475  -3287.723836 -19701.816290    294.121825  5  6  5  66       
PG15    872.085940  23089.151316 -13397.690097    115.518818  4  5  6  65       
PG16   3893.505805 -19966.554205  16498.061355   -387.542071  6  7  6  33       
PG17 -19031.851028   7142.138839 -16742.745976    720.261308  3  5  5  71       
PG18  25441.301218   5275.807260   5975.003162   -527.976504  3  6  3  35       
PG19 -19864.886309  14064.811950 -10381.292264    424.219974  4  4  5  40       
PG20  -6367.505233  15629.729153  20605.349628    392.365755  7  9  6  83       
PG21  -3140.852095 -14766.864973 -21399.159252    138.933292  5  6  4  40       
PG22 -14168.471907   4918.670016 -21479.945702     51.135453  6  3  6  47       
PG23  18515.512419  11940.897955 -14951.044898    132.086794  3  7  3   3       
PG24   6403.236403  15316.049409 -21198.825690   -410.608033  4  3  5  85       
PG25  17013.747495  18840.444331   7935.422548    484.654239  5  4  5  49       
PG26  10489.534551 -12344.488639  20857.371047    201.859352  5  6  6  70       
PG28  24274.971620  -6226.771957   8763.545070    -93.803973  8  5  5  55       
PG29  12120.193992   8686.532948  21932.581180   -608.919276  6  7  3  52       
PG30 -26515.896624   1206.082310  -2823.055487   -447.478778  5  5  5  56       
PG31  18717.050915 -10284.712426  15833.890986   -227.198252  3  6  2  56       
PG32  18780.210313 -11019.794756 -14869.122857   -603.765194  8 10 12 109       
*  2024  1  9 17 15  0.00000000
PG01 -12473.124139 -12941.569945 -20027.158025    165.661018  8  6  5  38       
PG02  -5016.626179 -14235.306468 -21375.436620   -503.349729  7  5  6  68       
PG03 -11075.800743 -23767.256363  -4751.038859    114.636826  5  7  8  58       
PG04  -2849.867149 -19595.929846  17645.794697    261.753057  2  5  3  89       
PG05   2864.959730  21787.799578  14677.799285   -157.341641  6  6  5  49       
PG06 -24106.904891   6620.349590   9190.533973    450.445577  4  2  4  42       
PG07 -23998.056560  -6601.020271  10400.944436    -33.186757  2  5  7  27       
PG08   2949.883189 -23779.627760 -11068.057725   -161.268356  7 11  9  84       
PG09 -12537.870007  -8868.058795  21582.864374     53.490765  3  3  4  84       
PG10  16961.720692   1590.603998 -20265.826679    -68.674790  6  6  5  71       
PG11 -15749.972672  12034.002031  17680.320086   -533.640590  4  6  6  72       
PG12   9300.790309  24507.345326  -4802.035841   -466.189891  5  4  6  37       
PG13 -12953.818297  22710.487943  -4154.664176    614.195511  3  7  3  40       
PG14 -18475.278731  -5265.415037 -18393.727742    294.131156  5  6  5  84       
PG15    128.291871  24243.400338 -11085.617672    115.521695  4  5  6  74       
PG16   4932.586116 -18179.097853  18207.702719   -387.535298  6  7  6  62       
PG17 -18001.775767   5327.540051 -18417.475367    720.260311  4  5  5  60       
PG18  24607.085357   5454.647601   8681.921041   -527.984997  3  6  3  57       
PG19 -19268.289639  12876.776964 -12835.937556    424.224343  4  5  5  52       
PG20  -7952.496093  13845.473373  21305.247674    392.364251  7  8  6  83       
PG21   -592.268395 -14969.346205 -21394.472944    138.931787  5  6  5  74       
PG22 -15201.810198   2603.879092 -21156.982264     51.129475  6  3  6  74       
PG23  19218.500135  13359.820842 -12714.370840    132.093462  3  6  2           
PG24   4048.993589  15570.113828 -21560.671891   -410.614634  4  2  5  91       
PG25  17203.247549  19647.497928   5249.666821    484.655482  5  4  5  71       
PG26  11923.139273 -10357.114055  21197.105694    201.856230  4  5  6  76       
PG28  25135.706489  -6017.733843   6079.082334    -93.814039  8  5  4  42       
PG29  10699.010271  10750.806530  21748.072631   -608.918829  6  7  3  49       
PG30 -26692.108079    898.498407    -41.505324   -447.474689  5  5  5  25       
PG31  20428.327630 -10071.011450  13784.756323   -227.198516  3  6  2  63       
PG32  18040.688238  -9310.421711 -16820.117568   -603.767813  7 10 12 105       
*  2024  1  9 17 30  0.00000000
PG01 -10208.328384 -13096.723907 -21166.385188    165.661918  8  5  6  86       
PG02  -2486.569333 -14629.019206 -21528.538413   -503.344447  7  6  6  77       
PG03 -10550.803507 -23297.888439  -7528.821102    114.660376  6  7  8  84       
PG04  -1804.586176 -21210.468129  15808.902213    261.761876  3  5  2  74       
PG05   1639.831588  20425.585092  16673.762898   -157.343267  6  6  5  60       
PG06 -24996.593392   6517.258211   6471.863660    450.433875  4  2  5  58       
PG07 -22767.338371  -6885.217129  12778.029600    -33.195225  3  5  7  76       
PG08   3655.708393 -24692.756242  -8509.451226   -161.269451  8 11  8  51       
PG09 -11469.418320 -11088.828250  21142.397657     53.501664  2  3  4  94       
PG10  18166.610002   3516.556061 -18978.787291    -68.675971  5  6  5  90       
PG11 -17667.441007  11917.383413  15845.521940   -533.653352  3  5  6  67       
PG12   8767.291501  24039.580105  -7542.571944   -466.193474  5  4  6  35       
PG13 -13315.607151  22816.855617  -1288.105236    614.198866  3  7  4  19       
PG14 -19417.907187  -7052.173725 -16770.415230    294.140411  5  6  5  60       
PG15   -479.838197  25177.604467  -8584.879915    115.525449  4  4  6  53       
PG16   6145.879978 -16291.524236  19590.888884   -387.528290  6  6  6  57       
PG17 -16981.780247   3306.614847 -19765.759196    720.259475  4  4  5  75       
PG18  23486.713883   5692.448492  11241.043009   -527.993462  3  5  3  52       
PG19 -18592.733510  11436.913398 -15067.999589    424.228948  4  5  5  41       
PG20  -9667.598735  12100.876189  21641.185958    392.362787  8  8  5  89       
PG21   1929.486789 -15298.292693 -21002.713587    138.931278  5  6  5  68       
PG22 -16324.460890    395.174489 -20454.020416     51.123604  5  4  6  82       
PG23  19845.379209  14520.582373 -10260.737571    132.100086  3  6  2  29       
PG24   1686.262346  15942.990739 -21565.425012   -410.621226  4  2  4  78       
PG25  17261.350867  20187.169472   2474.302303    484.656726  5  4  5  59       
PG26  13457.078596  -8428.313644  21166.867417    201.853070  4  5  5  72       
PG28  25697.444345  -5824.268001   3289.882454    -93.824140  8  5  4           
PG29   9412.435270  12853.129157  21187.433249   -608.918256  6  7  3  59       
PG30 -26571.644941    583.205742   2740.758995   -447.470593  5  5  5  51       
PG31  21900.796150  -9937.547915  11500.022168   -227.198607  4  6  2  62       
PG32  17300.202058  -7379.822768 -18475.174126   -603.770529  6 10 12 114       
*  2024  1  9 17 45  0.00000000
PG01  -7848.012336 -13395.060421 -21955.096252    165.662840  9  5  6  86       
PG02     17.390357 -15152.394878 -21293.430412   -503.339353  7  6  6  93       
PG03  -9815.664110 -22614.616088 -10178.493554    114.683917  6  7  8  70       
PG04   -938.164141 -22674.583650  13698.576772    261.770693  4  6  1  77       
PG05    207.743826  18968.263266  18378.145587   -157.344618  7  6  5  71       
PG06 -25579.134967   6427.547059   3642.687716    450.422127  4  3  5  50       
PG07 -21304.612749  -7263.129619  14945.777935    -33.203847  4  5  6  93       
PG08   4209.013982 -25360.230972  -5801.268833   -161.271481  8 10  8 125       
PG09 -10542.064648 -13295.829355  20335.082931     53.512547     4  4  94       
PG10  19374.493739   5238.135554 -17363.160322    -68.677805  5  6  4  67       
PG11 -19366.209547  11884.286039  13737.926027   -533.666171  3  5  6  74       
PG12   8046.239704  23348.836778 -10155.003053   -466.197210  5  4  6  53       
PG13 -13505.661164  22659.512064   1600.884237    614.202256  2  7  4  28       
PG14 -20332.234625  -8626.398515 -14860.078617    294.149677  5  6  5  79       
PG15   -975.453492  25860.990391  -5937.176588    115.528753  4  4  6  55       
PG16   7526.954759 -14352.499137  20623.337183   -387.521497  5  6  6  81       
PG17 -16009.608270   1110.125182 -20762.465919    720.259115  4  3  6  82       
PG18  22104.185335   6022.169313  13608.710642   -528.001892  4  6  3  60       
PG19 -17880.536711   9757.151944 -17039.720659    424.233899  4  5  5  56       
PG20 -11482.982390  10433.145960  21606.947208    392.360836  8  7  4  94       
PG21   4373.594679 -15740.286930 -20228.223772    138.929834  4  6  5  87       
PG22 -17504.190719  -1667.620266 -19383.292085     51.117582  5  5  6  68       
PG23  20354.410128  15421.333202  -7632.182716    132.106698  4  5  3  12       
PG24   -640.887472  16427.445335 -21211.828586   -410.627808  4  2  4  69       
PG25  17154.367130  20473.533734   -343.130583    484.657948  5  5  5  53       
PG26  15061.720609  -6595.180816  20768.298402    201.849948  4  5  5  77       
PG28  25953.427277  -5609.159214    444.014656    -93.834215  8  5  4           
PG29   8279.047680  14947.070376  20260.102439   -608.918057  6  6  4  84       
PG30 -26159.913541    225.565171   5476.692596   -447.466538  5  4  5  46       
PG31  23108.540220  -9853.607357   9019.505785   -227.198828  4  6  2  64       
PG32  16595.875757  -5256.023030 -19805.204070   -603.773186  5 11 12 111       
*  2024  1  9 18  0  0.00000000
PG01  -5440.151929 -13841.998436 -22379.707744    165.663803  9  5  5  90       
PG02   2444.723242 -15791.086040 -20673.792722   -503.334293  7  6  6  87       
PG03  -8854.325520 -21755.297349 -12655.177554    114.707466  6  8  8  93       
PG04   -239.319072 -23946.107040  11351.110576    261.779478  4  6     83       
PG05  -1421.897357  17461.455587  19760.940925   -157.345823  7  5  4  94       
PG06 -25847.631744   6311.461872    751.274521    450.410337  3  3  6  51       
PG07 -19642.197201  -7758.796951  16869.168171    -33.212125  4  4  6  79       
PG08   4636.423043 -25753.908484  -2990.897181   -161.272188  8  9  6 105       
PG09  -9762.935555 -15441.157131  19174.859000     53.523384  1  4  4  88       
PG10  20542.672031   6735.644526 -15447.986805    -68.679584  5  6  4  71       
PG11 -20815.154368  11904.237604  11393.694291   -533.678974  3  5  6  82       
PG12   7120.234933  22470.845297 -12595.452172   -466.200540  6  4  6  53       
PG13 -13556.834510  22219.134383   4461.886735    614.205647  2  7  5  71       
PG14 -21178.120473  -9974.425748 -12695.725285    294.158942  4  6  5  81       
PG15  -1386.660823  26269.147659  -3187.231654    115.531891  4  4  5           
PG16   9060.898021 -12410.063953  21287.362209   -387.514657  5  5  6  80       
PG17 -15118.119879  -1223.880276 -21388.776436    720.258224  4  3  6  75       
PG18  20490.810733   6471.939529  15744.445146   -528.010299  4  6  4  67       
PG19 -17172.302399   7857.802404 -18718.120638    424.238829  4  6  5  81       
PG20 -13362.883804   8874.249588  21202.598253    392.359215  7  6  3  97       
PG21   6692.028533 -16274.011225 -19082.822418    138.929007  4  6  5  69       
PG22 -18703.379095  -3551.212457 -17963.944665     51.111910  4  5  6  84       
PG23  20705.648971  16068.904062  -4873.621243    132.113308  4  3  4  40       
PG24  -2889.991244  17008.964512 -20504.384674   -410.634389  4  3  3  69       
PG25  16852.962334  20528.003403  -3154.786518    484.659178  5  5  5  56       
PG26  16702.212225  -4889.136727  20009.487983    201.846820  4  5  4  82       
PG28  25905.760516  -5335.166583  -2409.501074    -93.844323  8  4  4  45       
PG29   7309.250467  16984.376945  18981.916207   -608.917675  5  6  4  79       
PG30 -25470.293380   -207.309160   8120.129456   -447.462474  5  4  5  82       
PG31  24033.387247  -9784.897184   6386.005694   -227.198919  4  5  2  44       
PG32  15960.305362  -2974.230364 -20786.974168   -603.775938  4 10 12 102       
*  2024  1  9 18 15  0.00000000
PG01  -3033.529045 -14434.609021 -22432.416417    165.664718  9  6  5  91       
PG02   4748.261996 -16522.949910 -19680.590929   -503.329139  7  5  6  76       
PG03  -7658.760567 -20761.502822 -14916.998421    114.730954  6  8  8  80       
PG04    310.638975 -24987.348685   8806.988572    261.788276  4  7     78       
PG05  -3231.118657  15949.759614  20797.835716   -157.347144  7  5  4  96       
PG06 -25804.369217   6129.272525  -2152.979057    450.398575  2  4  6   2       
PG07 -17817.203737  -8390.195478  18517.078204    -33.220399  4  4  6  81       
PG08   4969.432796 -25853.262411   -127.754606   -161.273638  8  9  5  81       
PG09  -9130.981008 -17477.336868  17681.842893     53.534275  2  5  5  87       
PG10  21627.103132   7998.193063 -13267.262304    -68.681098  5  5  4  73       
PG11 -21990.650089  11942.484247   8853.107853   -533.691752  3  5  5  65       
PG12   5979.314623  21445.320335 -14823.145947   -466.204097  6  4  6  40       
PG13 -13505.850549  21484.832960   7244.746974    614.208820  2  7  5  44       
PG14 -21915.041532 -11090.832886 -10314.593991    294.168224  4  6  5  47       
PG15  -1745.288967  26385.037732   -382.088668    115.535445  5  5  6   7       
PG16  10724.784337 -10509.813123  21572.170621   -387.507713  4  5  6  91       
PG17 -14333.950829  -3651.352809 -21632.628763    720.257658  4  4  7  71       
PG18  18684.120728   7063.804888  17611.625633   -528.018708  5  6  4  73       
PG19 -16505.308587   5766.901868 -20075.496187    424.243733  3  6  5  77       
PG20 -15266.816870   7449.808220  20434.524116    392.357305  7  5  3  83       
PG21   8841.389644 -16871.065265 -17585.727858    138.927295  4  6  5  49       
PG22 -19880.518714  -5229.994684 -16221.660528     51.106087  4  5  6  74       
PG23  20862.554521  16478.355718  -2032.093988    132.119929  4  3  5  42       
PG24  -5021.584084  17666.219404 -19453.377336   -410.640985  4  3  3  83       
PG25  16333.374926  20378.328567  -5913.292405    484.660392  5  5  5  81       
PG26  18339.754063  -3334.914149  18904.748031    201.843678  4  5  4  48       
PG28  25565.274772  -4966.660215  -5221.541241    -93.854380  8  4  4  48       
PG29   6505.000866  18916.708586  17374.843891   -608.917198  4  6  4  64       
PG30 -24523.628016   -745.117735  10626.516068   -447.458417  5  4  4  78       
PG31  24665.423175  -9695.031759   3644.561068   -227.199081  4  5  2  46       
PG32  15420.244051   -575.637833 -21403.529297   -603.778649  4 10 12 111       
*  2024  1  9 18 30  0.00000000
PG01   -676.111654 -15161.629774 -22111.363557    165.665653  9  6  5  92       
PG02   6885.934389 -17318.939597 -18331.866689   -503.324230  8  5  6  78       
PG03  -6229.451031 -19676.894809 -16925.756278    114.754446  7  8  7  92       
PG04    736.891821 -25766.525544   6110.186215    261.797114  4  8  2  87       
PG05  -5193.885512  14475.045594  21470.664127   -157.347835  7  4  4  74       
PG06 -25460.688464   5842.984961  -5020.373515    450.386817     5  6  40       
PG07 -15870.296367  -9168.457732  19862.694199    -33.229081  5  4  6  79       
PG08   5242.958399 -25646.253294   2737.633404   -161.275513  8  8  3  83       
PG09  -8637.150616 -19359.024645  15881.973873     53.545202  3  5  4  90       
PG10  22584.108392   9023.854857 -10859.283366    -68.682168  5  5  4  64       
PG11 -22877.352689  11961.478870   6159.878171   -533.704561  3  5  5  61       
PG12   4621.482653  20314.421419 -16801.033719   -466.207589  6  4  6  43       
PG13 -13391.693960  20454.740917   9900.499313    614.212317  3  6  5  54       
PG14 -22503.677217 -11978.429773  -7757.515148    294.177504  5  7  5  61       
PG15  -2085.480198  26199.749191   2429.671467    115.538692  5  6  6  23       
PG16  12488.481844  -8693.200636  21473.997377   -387.500754  4  4  6  79       
PG17 -13676.435698  -6123.796162 -21489.019715    720.256824  5  5  7  61       
PG18  16726.545928   7812.707132  19178.109708   -528.027149  5  6  5  74       
PG19 -15912.059778   3519.276878 -21089.814386    424.248543  3  6  5  84       
PG20 -17150.978506   6178.240291  19315.357292    392.355918  7  6  3  64       
PG21  10784.573642 -17497.132810 -15763.277474    138.926720  4  6  6  78       
PG22 -20991.895444  -6686.869422 -14188.124397     51.100193  3  6  6  66       
PG23  20793.474292  16672.225684    844.013274    132.126565  4  4  5  29       
PG24  -7000.504542  18371.794250 -18074.818432   -410.647595  4  3  2  63       
PG25  15578.417587  20057.385294  -8572.492401    484.661606  5  5  5  67       
PG26  19933.027567  -1949.821064  17474.280948    201.840595  4  5  4  68       
PG28  24951.063897  -4471.196848  -7943.725952    -93.864393  8  3  5   8       
PG29   5859.880206  20697.390495  15466.612807   -608.917135  4  5  4  67       
PG30 -23347.453888  -1413.066982  12953.615983   -447.454270  4  4  4  52       
PG31  25003.205232  -9547.083975    841.698352   -227.199499  4  4  3  59       
PG32  14995.540722   1894.012428 -21644.487056   -603.781366  4 10 12 106       
*  2024  1  9 18 45  0.00000000
PG01   1586.545570 -16003.789509 -21420.726749    165.666578  9  6  5  96       
PG02   8822.277123 -18144.307520 -16652.358163   -503.318962  8  4  6  71       
PG03  -4575.548357 -18545.545821 -18647.534980    114.777944  7  8  7  97       
PG04   1069.936777 -26258.972589   3307.399419    261.805912  4  9  4  82       
PG05  -7276.936322  13074.874599  21767.742250   -157.349835  7  4  3  88       
PG06 -24836.524727   5417.995111  -7801.743278    450.375192     5  6  78       
PG07 -13844.339305 -10097.334860  20883.872632    -33.237410  5  4  6  85       
PG08   5493.730579 -25129.868463   5554.592663   -161.277096  7  8  2  76       
PG09  -8264.894806 -21044.633327  13806.550625     53.556155  3  5  4  84       
PG10  23372.056064   9819.478361  -8265.938896    -68.683288  5  5  5  91       
PG11 -23468.672111  11922.489302   3360.395360   -533.717327  2  5  5  68       
PG12   3052.940559  19121.148470 -18496.338911   -466.211096  7  5  6  68       
PG13 -13253.908482  19136.254556  12382.286001    614.215555  3  6  6  54       
PG14 -22907.456498 -12647.940798  -5068.218329    294.186712  5  7  5  62       
PG15  -2442.160541  25712.959928   5198.780046    115.541982  5  6  6  72       
PG16  14315.758770  -6996.046972  20996.085437   -387.494081  4  4  6  72       
PG17 -13156.845709  -8590.020323 -20960.150970    720.256288  5  5  7  66       
PG18  14663.918391   8725.737134  20416.786417   -528.035577  5  6  5  85       
PG19 -15419.051676   1155.360320 -21745.000023    424.253322  2  6  4  77       
PG20 -18969.799359   5070.186081  17863.800770    392.354496  7  5  3  75       
PG21  12492.180352 -18113.449209 -13648.442265    138.925322  5  6  6  78       
PG22 -21993.371216  -7913.708133 -11900.354624     51.094323  2  5  6  53       
PG23  20472.954285  16679.501348   3705.768631    132.133208  4  5  5  58       
PG24  -8797.060318  19093.163016 -16390.309330   -410.654158  5  4     44       
PG25  14578.232769  19601.801503 -11088.152964    484.662815  5  5  5  95       
PG26  21439.716163   -743.306834  15743.751787    201.837503  4  5  4  52       
PG28  24089.716506  -3820.972655 -10529.251093    -93.874509  8  3  5  70       
PG29   5359.501104  22283.113745  13290.226925   -608.916762  4  5  4  77       
PG30 -21974.995792  -2230.731260  15062.177097   -447.450160  4  4  5  53       
PG31  25053.671005  -9305.145372  -1975.323782   -227.199472  4  4  4   3       
PG32  14698.375030   4386.043930 -21506.199058   -603.784085  5  9 12 108       
*  2024  1  9 19  0  0.00000000
PG01   3712.825768 -16934.437044 -20370.734206    165.667600  9  6  4  97       
PG02  10529.662341 -18960.065224 -14672.962166   -503.313982  8  5  6  90       
PG03  -2714.710894 -17410.258471 -20053.241867    114.801442  7  8  6  97       
PG04   1344.196621 -26448.089936    447.220889    261.814734  4  9  5  56       
PG05  -9440.911661  11781.102942  21684.075905   -157.350948  7  4  3  82       
PG06 -23959.628337   4824.620932 -10449.290756    450.363473  1  5  6  89       
PG07 -11782.978235 -11172.919174  21563.454941    -33.245809  5  4  5  87       
PG08   5758.615351 -24310.306306   8273.269537   -161.278396  7  8  2  30       
PG09  -7990.970187 -22497.819901  11491.670626     53.567103  4  4  4  75       
PG10  23952.960408  10400.168343  -5531.961542    -68.684221  5  5  5  78       
PG11 -23766.915880  11787.263295    502.926578   -533.730160  2  5  4  71       
PG12   1288.015883  17907.730858 -19881.038915   -466.213949  7  5  5  74       
PG13 -13130.870832  17545.910561  14646.244994    614.218921  3  6  6  74       
PG14 -23094.008674 -13117.392236  -2292.598195    294.195955  5  7  5  63       
PG15  -2849.448490  24933.077246   7876.183059    115.545909  6  7  6  50       
PG16  16165.637358  -5447.306421  20148.516285   -387.487102  4  4  6  76       
PG17 -12777.977980 -10998.021061 -20055.412131    720.255377  5  6  7  74       
PG18  12543.849126   9801.691642  21306.052190   -528.044001  5  6  5  85       
PG19 -15045.791107  -1280.188425 -22031.118067    424.258023  2  6  5  66       
PG20 -20677.581628   4128.237681  16104.345050    392.352347  6  6  3  71       
PG21  13943.591658 -18678.502150 -11280.145517    138.924650  5  6  6  82       
PG22 -22842.189066  -8911.427668  -9399.919455     51.088415  2  6  6  56       
PG23  19882.823896  16534.358907   6504.499118    132.139847  4  6  6  74       
PG24 -10388.011275  19793.885922 -14426.812260   -410.660794  5  4     77       
PG25  13330.779486  19050.472090 -13418.621746    484.664031  6  5  5  80       
PG26  22818.060232    283.158803  13743.777153    201.834416  4  5  5  59       
PG28  23014.271935  -2994.096429 -12933.691173    -93.884598  8  3  5  34       
PG29   4982.235957  23635.516508  10883.388026   -608.916135  4  5  4  69       
PG30 -20443.965461  -3211.126640  16916.554019   -447.446044  4  4  5  73       
PG31  24831.752753  -8935.838302  -4759.261405   -227.200119  4  3  4   4       
PG32  14532.818543   6850.572026 -20991.777594   -603.786812  6  9 12 114       
*  2024  1  9 19 15  0.00000000
PG01   5666.446064 -17920.458055 -18977.596394    165.668512  9  6  4  85       
PG02  11989.183373 -19724.631154 -12430.056126   -503.308856  8  5  7  79       
PG03   -672.623940 -16310.948191 -21119.072001    114.824921  8  8  6 100       
PG04   1596.471543 -26325.987141  -2420.721558    261.823511  5  9  5  62       
PG05 -11641.732526  10618.729515  21221.437724   -157.352061  7  4  2  83       
PG06 -22864.496061   4039.452745 -12917.404307    450.351733  3  5  6  75       
PG07  -9729.198772 -12383.636723  21889.533483    -33.254096  6  4  5  76       
PG08   6072.928289 -23202.795191  10845.587050   -161.280479  7  7  3  38       
PG09  -7786.516006 -23688.775620   8977.582764     53.578052  4  3  3  70       
PG10  24293.937679  10788.464407  -2704.153397    -68.685075  5  5  6  83       
PG11 -23783.097739  11519.684743  -2363.221456   -533.742960  2  5  4  61       
PG12   -651.207134  16714.066989 -20932.270699   -466.217795  7  6  5  67       
PG13 -13058.113515  15708.901378  16652.346115    614.222289  4  6  6  76       
PG14 -23036.464000 -13411.229710    522.049758    294.205206  5  8  5  55       
PG15  -3339.067858  23877.039250  10413.978291    115.549170  6  7  6  66       
PG16  17993.932993  -4068.140797  18947.903100   -387.480356  4  4  7  84       
PG17 -12534.116164 -13296.902658 -18791.199247    720.254746  6  6  7  80       
PG18  10414.041502  11030.952884  21830.201111   -528.052369  6  7  5  93       
PG19 -14804.102421  -3740.006052 -21944.454533    424.262700  2  6  5  60       
PG20 -22230.161971   3346.986848  14066.881210    392.350835  6  6  4  88       
PG21  15127.658747 -19149.882690  -8702.405549    138.923216  5  6  7  69       
PG22 -23498.719509  -9689.685636  -6732.063052     51.082168  1  6  6  33       
PG23  19013.015635  16274.715780   9192.590564    132.146480  5  7  6  52       
PG24 -11757.329175  20434.988848 -12216.325896   -410.667429  5  4  1  77       
PG25  11842.038342  18443.017181 -15525.435672    484.665225  6  4  5  82       
PG26  24028.386142   1135.896025  11509.344060    201.831309  4  5  5  63       
PG28  21762.941485  -1975.633460 -15115.759134    -93.894676  8  3  6  72       
PG29   4700.237590  24722.583560   8287.829994   -608.915948  5  5  5  51       
PG30 -18795.206285  -4360.030362  18485.278286   -447.441950  4  5  5  78       
PG31  24359.715403  -8409.726897  -7463.615863   -227.200137  5  2  5  33       
PG32  14494.737207   9238.270565 -20110.989998   -603.789573  6  9 12 113       
*  2024  1  9 19 30  0.00000000
PG01   7417.674231 -18923.453959 -17263.349605    165.669399  9  6  3  91       
PG02  13191.164056 -20395.589387  -9964.703051   -503.303711  8  5  7  49       
PG03   1517.780014 -15283.147678 -21826.891377    114.848396  8  7  5 101       
PG04   1864.295372 -25893.798245  -5246.647980    261.832352  5  9  6  81       
PG05 -13832.171245   9605.032053  20388.312939   -157.353332  7  4  2  74       
PG06 -21591.052143   3046.468301 -15163.446309    450.340060  4  5  7  64       
PG07  -7723.907268 -13710.512640  21855.666305    -33.262333  6  5  5  86       
PG08   6468.816407 -21831.053896  13226.164026   -161.281456  6  6  4  41       
PG09  -7618.357621 -24595.268515   6307.966123     53.588993  4  3  3  75       
PG10  24368.467555  11013.253237    169.400768    -68.686453  5  5  6  94       
PG11 -23536.418436  11087.355610  -5188.560843   -533.755789  2  4  4  80       
PG12  -2735.539556  15576.268724 -21632.660066   -466.220981  7  6  4  74       
PG13 -13066.767877  13658.246140  18365.155268    614.225789  5  5  6  76       
PG14 -22714.556002 -13559.200312   3327.812108    294.214364  6  8  5  63       
PG15  -3938.833663  22569.775246  12766.365059    115.552635  6  7  5  73       
PG16  19754.910286  -2871.330091  17416.961902   -387.473276  3  4  7  60       
PG17 -12411.364432 -15438.758627 -17190.573265    720.253575  6  7  7  57       
PG18   8320.603411  12395.698439  21979.721733   -528.060755  6  7  5  84       
PG19 -14697.740378  -6175.633187 -21487.500255    424.267327  2  6  5  80       
PG20 -23586.535511   2713.391000  11786.214174    392.349246  5  6  4  80       
PG21  16042.961909 -19486.193505  -5963.332405    138.922746  5  6  7  64       
PG22 -23928.071832 -10266.214867  -3944.768444     51.076272  2  5  6  29       
PG23  17862.088901  15940.650799  11724.270837    132.153112  6  8  6  58       
PG24 -12896.699482  20976.479837  -9795.461123   -410.674056  5  4  2  71       
PG25  10125.931223  17818.237759 -17373.874626    484.666415  6  4  5  88       
PG26  25034.552322   1828.528266   9079.172025    201.828190  4  4  5  62       
PG28  20377.644724   -758.379436 -17038.010359    -93.904739  8  3  6           
PG29   4480.710943  25519.808369   5548.578729   -608.915652  5  5  6  38       
PG30 -17071.232393  -5675.571424  19741.569472   -447.437776  3  5  5  89       
PG31  23666.245256  -7702.578236 -10043.340615   -227.200330  5  2  5  60       
PG32  14572.035491  11502.107344 -18880.026370   -603.792358  7  8 12 104       
*  2024  1  9 19 45  0.00000000
PG01   8944.318878 -19901.146932 -15255.606465    165.670286  9  6  4  99       
PG02  14135.275410 -20931.478380  -7321.766374   -503.298752  8  5  7  68       
PG03   3817.373013 -14356.687467 -22164.534370    114.871823  8  7  5 101       
PG04   2184.262523 -25161.654492  -7981.513248    261.841217  5  9  6  84       
PG05 -15963.550830   8749.025778  19199.716563   -157.354315  7  4  3  72       
PG06 -20183.128189   1837.867522 -17148.497585    450.328401  4  5  6  59       
PG07  -5804.579293 -15127.704685  21461.037036    -33.270951  6  5  4  83       
PG08   6973.777677 -20226.416716  15373.174622   -161.282881  7  4  4  68       
PG09  -7450.483871 -25203.397949   3529.149286     53.599959  4  3  3  56       
PG10  24157.417015  11108.459699   3040.120749    -68.687693  5  5  6  88       
PG11 -23053.438779  10463.040686  -7924.286242   -533.768584  2  4  4  81       
PG12  -4929.598457  14525.360695 -21970.573031   -466.224581  7  6  4  57       
PG13 -13182.194035  11433.649891  19754.508056    614.229188  4  5  6  69       
PG14 -22115.484716 -13595.042291   6076.947594    294.223601  6  8  5  77       
PG15  -4671.279821  21043.338546  14890.581658    115.556090  6  7  5  60       
PG16  21402.985553  -1861.034593  15583.978408   -387.466563  3  4  7  76       
PG17 -12388.338529 -17380.427334 -15282.768805    720.253056  6  7  7  87       
PG18   6306.421768  13870.436473  21751.493658   -528.069155  7  7  5  87       
PG19 -14722.318128  -8539.148856 -20668.842902    424.272367  3  7  5  70       
PG20 -24710.377364   2207.445116   9301.482456    392.347767  4  6  4  55       
PG21  16697.630810 -19648.917616  -3114.016337    138.921625  6  6  7  89       
PG22 -24101.502328 -10665.833697  -1087.785426     51.070483  3  5  6  15       
PG23  16437.437735  15572.751211  14056.365284    132.159743  6  8  6  46       
PG24 -13805.738390  21378.949066  -7204.915145   -410.680672  5  4  3  70       
PG25   8203.961153  17212.621657 -18933.458026    484.667621  6  3  4  80       
PG26  25805.260032   2381.222928   6495.031362    201.825089  5  4  6  73       
PG28  18902.417581    656.665785 -18667.479228    -93.914788  8  4  6  54       
PG29   4287.384460  26011.072022   2713.152037   -608.915546  6  5  6  19       
PG30 -15314.714072  -7148.108654  20663.780495   -447.433660  3  5  6  81       
PG31  22785.323914  -6796.430993 -12455.518169   -227.200689  5  1  5  56       
PG32  14745.228086  13598.979255 -17321.149281   -603.795067  8  8 12 103       
*  2024  1  9 20  0  0.00000000
PG01  10232.452020 -20808.965681 -12987.209212    165.671012  8  5  5  83       
PG02  14830.263081 -21293.529475  -4548.963575   -503.293663  8  5  7  49       
PG03   6182.118016 -13554.600857 -22126.011366    114.895306  8  7  5 113       
PG04   2590.393374 -24148.315602 -10577.880410    261.850045  6  9  6 104       
PG05 -17987.503693   8051.263918  17676.887746   -157.355665  7  5  3  59       
PG06 -18686.799254    414.592078 -18838.044686    450.316727  5  4  6  70       
PG07  -4004.020371 -16603.292859  20710.554865    -33.279531  6  5  4  72       
PG08   7609.381653 -18426.661508  17249.127721   -161.284110  7  3  5  52       
PG09  -7245.638404 -25508.032691    689.285663     53.610897  4  4  3  67       
PG10  23649.793122  11111.568380   5859.707946    -68.689321  5  5  7  70       
PG11 -22366.977237   9625.917535 -10523.128140   -533.781328  3  3  4  71       
PG12  -7192.944198  13586.179027 -21940.288041   -466.228014  7  6  3  60       
PG13 -13422.856281   9080.097788  20796.076670    614.232396  5  5  6  80       
PG14 -21234.508868 -13555.031961   8722.672932    294.232858  6  8  5  80       
PG15  -5552.493622  19335.741111  16747.803636    115.559486  6  7  5  70       
PG16  22894.406103  -1032.907397  13482.189675   -387.459955  3  4  8  69       
PG17 -12437.180370 -19085.046007 -13102.568940    720.252266  6  7  6  69       
PG18   4409.661321  15422.849032  21148.878377   -528.077552  7  7  6  84       
PG19 -14865.547817 -10784.773540 -19502.973047    424.277201  4  7  5  75       
PG20 -25571.401188   1803.134902   6655.492904    392.346092  4  6  5  51       
PG21  17108.738756 -19604.153980   -207.351104    138.920346  6  6  7  89       
PG22 -23997.563110 -10919.182860   1788.349230     51.064543  3  5  6  51       
PG23  14755.173770  15210.448224  16149.013475    132.166383  7  8  6  58       
PG24 -14491.907856  21605.192132  -4488.844948   -410.687295  5  4  3  87       
PG25   6104.586385  16658.950364 -20178.382017    484.668823  6  2  4  85       
PG26  26315.182854   2819.692961   3801.030052    201.821988  5  4  6  66       
PG28  17381.753574   2260.143051 -19976.237848    -93.924823  7  4  6  76       
PG29   4082.121684  26189.204289   -169.285006   -608.914687  7  5  6  41       
PG30 -13566.963610  -8760.402863  21235.770662   -447.429508  3  5  6  85       
PG31  21754.928159  -5680.435722 -14660.001618   -227.200937  6  1  6  72       
PG32  14988.311671  15491.183583 -15462.236524   -603.797769  9  8 13  89       
*  2024  1  9 20 15  0.00000000
PG01  11276.830702 -21601.757915 -10495.782971    165.671859  8  5  5  93       
PG02  15293.307523 -21447.279964  -1695.887867   -503.288592  8  4  7  67       
PG03   8564.544301 -12892.293569 -21711.623262    114.918769  8  6  6 103       
PG04   3112.604222 -22880.474364 -12990.763285    261.858843  6  8  6  95       
PG05 -19857.718836   7503.985065  15846.869922   -157.356684  6  5  3  61       
PG06 -17148.639550  -1213.493166 -20202.597120    450.305094  5  4  6  79       
PG07  -2349.281839 -18100.305120  19614.888435    -33.287648  7  5  4  87       
PG08   8390.245060 -16474.591992  18821.548568   -161.286068  7  2  5  58       
PG09  -6966.960777 -25512.916829  -2162.499027     53.621825  4  5  3  95       
PG10  22843.201345  11062.031599   8580.902800    -68.690963  6  4  7  74       
PG11 -21514.775363   8562.581582 -12940.179965   -533.794119  4  2  5  74       
PG12  -9481.404982  12776.507282 -21542.087897   -466.231134  7  6  2  54       
PG13 -13799.491717   6646.242683  21471.816905    614.236029  4  5  6  87       
PG14 -20075.244841 -13476.442531  11219.933113    294.242170  6  8  5  71       
PG15  -6591.214376  17489.534999  18303.975337    115.563001  6  7  5  81       
PG16  24188.840863   -374.541728  11149.099887   -387.453315  3  4  8  59       
PG17 -12524.847541 -20523.337329 -10689.566126    720.251215  6  7  5 100       
PG18   2662.445800  17014.914075  20181.700332   -528.085955  8  7  6  94       
PG19 -15107.780872 -12870.385240 -18010.010257    424.281887  5  8  5  88       
PG20 -26146.499852   1469.634958   3893.981160    392.344517  3  5  5  58       
PG21  17301.308750 -19324.135752   2703.162854    138.920057  6  5  7  98       
PG22 -23602.949067 -11061.250387   4633.273743     51.058433  4  5  5  58       
PG23  12839.687307  14890.403455  17966.336612    132.173023  7  8  6  84       
PG24 -14970.122715  21621.792014  -1694.144639   -410.693925  5  4  3  84       
PG25   3862.350772  16185.053310 -21087.895195    484.669974  6     4  63       
PG26  26545.876536   3174.000383   1042.880776    201.818880  5  4  6  76       
PG28  15858.941882   4034.503715 -20941.868063    -93.934853  7  5  6  70       
PG29   3826.607993  26056.205330  -3048.792645   -608.914702  7  5  7  50       
PG30 -11866.476139 -10488.079548  21447.200187   -447.425390  4  5  6  92       
PG31  20615.601488  -4351.438609 -16620.015780   -227.201180  6  2  6  66       
PG32  15269.897431  17147.669955 -13336.229870   -603.800472  9  9 13  57       
*  2024  1  9 20 30  0.00000000
PG01  12080.993954 -22235.568057  -7823.188327    165.672692  8  4  6  86       
PG02  15549.055263 -21363.994326   1186.973990   -503.283480  7  4  7  59       
PG03  10915.359344 -12377.009403 -20927.980205    114.942190  8  6  6 108       
PG04   3775.343581 -21391.762641 -15178.421864    261.867671  6  8  6  98       
PG05 -21531.607977   7091.597825  13741.987735   -157.358040  5  5  4  66       
PG06 -15613.964955  -3027.766936 -21218.222403    450.293488  5  4  6  71       
PG07   -860.771754 -19577.951430  18190.426509    -33.295985  7  5  4  84       
PG08   9323.304122 -14416.435866  20063.548540   -161.287924  6  3  5  59       
PG09  -6579.611606 -25230.441229  -4976.970681     53.632771  4  5  3  76       
PG10  21743.996490  10999.622479  11158.214388    -68.692240  6  4  7  95       
PG11 -20537.983519   7267.765904 -15133.683775   -533.806922  4     5  74       
PG12 -11748.543402  12106.479685 -20782.270261   -466.234770  7  6  2  41       
PG13 -14314.606770   4182.653471  21770.285766    614.239240  4  5  5  68       
PG14 -18649.660862 -13395.972677  13526.145147    294.251396  6  7  5  82       
PG15  -7788.242467  15550.199371  19530.547931    115.566659  7  7  4  67       
PG16  25250.823440    133.775159   8625.749115   -387.446385  4  4  8  70       
PG17 -12614.616818 -21674.576754  -8087.332677    720.250583  6  7  3  65       
PG18   1089.773200  18604.265709  18866.115837   -528.094274  8  7  5  84       
PG19 -15422.825312 -14758.896969 -16215.355166    424.286661  6  8  5  75       
PG20 -26420.621285   1172.705252   1064.810680    392.342398  3  5  5  60       
PG21  17306.989974 -18788.461888   5564.591539    138.918494  6  5  7  92       
PG22 -22913.015723 -11129.752816   7397.722962     51.052670  4  6  5  67       
PG23  10722.901095  14645.007009  19477.045431    132.179675  7  8  6  81       
PG24 -15262.056582  21400.593046   1130.364711   -410.700562  6  3  4  80       
PG25   1516.799730  15812.751435 -21646.610702    484.671168  6     3  49       
PG26  26486.439464   3477.208672  -1732.841228    201.815750  6  4  6  77       
PG28  14374.465778   5954.498211 -21547.839275    -93.944914  7  5  6  72       
PG29   3484.044559  25623.120179  -5875.540009   -608.913943  7  4  7  56       
PG30 -10247.578771 -12300.368496  21293.740251   -447.421244  4  5  5  83       
PG31  19408.946671  -2814.288771 -18302.713228   -227.201475  7  2  6  80       
PG32  15554.555372  18545.027574 -10980.504115   -603.803152 10  9 13  84       
*  2024  1  9 20 45  0.00000000
PG01  12657.022683 -22669.413057  -5014.875141    165.673484  8  4  6  72       
PG02  15628.372918 -21021.838876   4049.202168   -503.278398  7  5  7  78       
PG03  13185.139444 -12007.612828 -19787.922753    114.965601  8  6  6  95       
PG04   4596.449603 -19721.498840 -17103.095319    261.876538  6  7  6  96       
PG05 -22971.825350   6791.479466  11399.233707   -157.358967  5  6  4  41       
PG06 -14125.130630  -5001.363130 -21866.987976    450.281866  5  4  6  71       
PG07    448.403415 -20993.030357  16459.157659    -33.304712  7  6  4  79       
PG08  10407.411532 -12300.127390  20954.272874   -161.289642  6  4  5  69       
PG09  -6052.317203 -24681.091583  -7705.645907     53.643746  4  5  4  82       
PG10  20367.123827  10962.792257  13548.614979    -68.694247  6  3  6  99       
PG11 -19479.526517   5744.746553 -17065.760090   -533.819695  5     5  68       
PG12 -13947.214926  11578.273148 -19673.075670   -466.238119  7  6     69       
PG13 -14962.321522   1739.997206  21686.823892    614.242823  4  5  5  68       
PG14 -16977.765799 -13348.203784  15601.904487    294.260645  6  7  5  75       
PG15  -9136.190744  13564.402974  20405.099465    115.570055  7  7  4  90       
PG16  26050.997214    518.040354   5955.952603   -387.439471  5  3  9  68       
PG17 -12667.732290 -22527.204949  -5342.526178    720.249663  6  7  2  36       
PG18   -291.291425  20145.742205  17224.369432   -528.102598  8  7  5  71       
PG19 -15779.008742 -16419.449432 -14149.273295    424.291403  7  8  5  41       
PG20 -26387.342793    876.230518  -1782.874961    392.340717  2  4  5  41       
PG21  17162.479199 -17984.991386   8325.677244    138.917054  6  6  7  94       
PG22 -21931.956215 -11163.444126  10034.390829     51.046738  4  6  5  73       
PG23   8443.242639  14501.044267  20654.978851    132.186347  7  7  6  90       
PG24 -15395.166719  20920.001212   3934.819774   -410.707239  6  4  4  79       
PG25   -888.782474  15557.025982 -21844.752231    484.672413  6     3  36       
PG26  26133.903216   3763.935059  -4479.439737    201.812608  6  4  6  76       
PG28  12964.522462   7987.965101 -21783.786271    -93.954935  7  6  6  52       
PG29   3020.781530  24909.572111  -8600.682653   -608.913952  8  4  6  66       
PG30  -8739.238249 -14161.096599  20777.193071   -447.417108  4  5  5  75       
PG31  18176.090994  -1081.857896 -19679.680482   -227.201722  7  2  6  72       
PG32  15804.314140  19668.173957  -8436.171488   -603.805809 10 10 13  76       
*  2024  1  9 21  0  0.00000000
PG01  13024.962928 -22866.985806  -2119.142792    165.674306  8  4  7  67       
PG02  15566.885369 -20406.768640   6841.360443   -503.273478  7  5  7  57       
PG03  15326.037904 -11774.698335 -18310.344527    114.989027  8  6  6 101       
PG04   5586.274179 -17913.227191 -18731.659014    261.885393  7  7  6  88       
PG05 -24147.582882   6575.052798   8859.579074   -157.360497  5  6  4  54       
PG06 -12719.950521  -7100.010127 -22137.300420    450.270203  6  4  6  78       
PG07   1572.836232 -22301.464930  14448.461116    -33.312880  6  5  4  75       
PG08  11633.271249 -10173.546631  21479.220181   -161.290419  6  5  5  79       
PG09  -5358.772890 -23892.596757 -10301.630575     53.654695  5  5  4  96       
PG10  18735.658137  10987.089935  15712.193187    -68.695602  5  3  6  94       
PG11 -18382.413493   4005.416717 -18703.068540   -533.832516  6     6  69       
PG12 -16031.164830  11186.100331 -18232.532030   -466.241842  7  7     67       
PG13 -15728.566402   -632.769833  21223.600933    614.246188  5  5  5  86       
PG14 -15087.002967 -13364.143904  17411.643765    294.269915  6  7  4  80       
PG15 -10619.593677  11578.219472  20911.816194    115.573814  7  7  3  89       
PG16  26567.121859    809.292930   3185.526376   -387.432658  5  3  9  71       
PG17 -12645.123986 -23079.067149  -2503.955806    720.248584  6  7  3  42       
PG18  -1472.112533  21593.063189  15284.439356   -528.111026  8  6  5  84       
PG19 -16140.448087 -17828.379239 -11846.416221    424.296223  7  8  5  60       
PG20 -26049.119048    543.840728  -4599.530192    392.339457  2  3  5  67       
PG21  16907.771634 -16910.370042  10937.852063    138.916002  7  6  7 101       
PG22 -20672.640484 -11200.423377  12498.718888     51.040964  5  6  5  75       
PG23   6044.371326  14478.582651  21479.564241    132.193005  7  7  6  89       
PG24 -15401.471622  20166.049473   6669.256799   -410.713863  6  3  4  72       
PG25  -3308.772744  15425.441707 -21678.331092    484.673644  6  2  3  41       
PG26  25493.342201   4068.856100  -7150.829724    201.809468  7  4  7  88       
PG28  11659.720476  10096.890935 -21645.682809    -93.964977  8  6  6  38       
PG29   2407.825292  23942.974685 -11177.217483   -608.913657  8  4  6  51       
PG30  -7364.072582 -16029.900707  19905.517062   -447.412933  4  5  5  80       
PG31  16956.176833    825.229995 -20727.389520   -227.201942  8  3  6  84       
PG32  15980.255337  20510.723920  -5747.336721   -603.808441 10 11 13   5       
*  2024  1  9 21 15  0.00000000
PG01  13211.926731 -22798.215013    813.684317    165.675116  8  3  7  58       
PG02  15403.365546 -19513.099711   9515.851125   -503.268543  6  5  7  46       
PG03  17293.448214 -11661.024666 -16519.916488    115.012473  8  6  7  83       
PG04   6747.108221 -16013.107189 -20036.193808    261.894232  7  6  5 100       
PG05 -25035.711619   6409.094955   6167.224167   -157.361756  5  5  4  66       
PG06 -11430.301277  -9283.167647 -22024.134119    450.258581  6  4  6  91       
PG07   2514.932031 -23459.917259  12190.801452    -33.321665  7  5  4  69       
PG08  12983.709414  -8082.787688  21630.431561   -161.292493  6  5  5  87       
PG09  -4478.850390 -22898.812657 -12720.423048     53.665613  5  5  5 100       
PG10  16880.058210  11103.699538  17612.759980    -68.696876  5  3  6  94       
PG11 -17288.058442   2070.026109 -20017.387407   -533.845236  7  2  6  86       
PG12 -17956.608160  10916.506160 -16484.214805   -466.245214  7  6  2  67       
PG13 -16591.620378  -2890.128310  20389.525819    614.249625  5  5  5  81       
PG14 -13011.370072 -13469.913497  18924.233806    294.279176  6  7  4  80       
PG15 -12215.371898   9635.376275  21041.819510    115.577221  7  7  3  79       
PG16  26784.811253   1042.203650    361.512922   -387.425642  6  3  9  79       
PG17 -12509.122304 -23337.278738    378.365082    720.247875  6  6  4  68       
PG18  -2452.648799  22900.571417  13079.576115   -528.119425  8  6  5  65       
PG19 -16468.480817 -18969.930490  -9345.285495    424.300753  8  8  5  77       
PG20 -25417.192167    140.546845  -7336.098506    392.337338  2  3  6  66       
PG21  16584.329544 -15570.180428  13356.130056    138.915068  7  6  6 100       
PG22 -19156.133292 -11276.508361  14749.600210     51.034916  5  5  5  75       
PG23   3573.706002  14590.122010  21936.190886    132.199672  7  7  6  88       
PG24 -15316.128105  19133.174672   9284.589055   -410.720494  6  3  4  67       
PG25  -5696.700574  15417.846140 -21149.251000    484.674876  6  3  3  38       
PG26  24577.700930   4425.220517  -9702.252117    201.806310  7  4  7  91       
PG28  10484.004022  12238.700965 -21135.908379    -93.974968  8  6  6  41       
PG29   1622.160119  22757.454990 -13560.799256   -608.912836  8  4  6  54       
PG30  -6137.605562 -17863.618663  18692.753007   -447.408816  5  5  5  72       
PG31  15784.929745   2879.151796 -21427.589397   -227.202350  8  4  6  89       
PG32  16044.139218  21075.030359  -2960.317894   -603.811040 10 11 13  60       
*  2024  1  9 21 30  0.00000000
PG01  13250.899233 -22440.613019   3732.153157    165.675919  7  3  7  54       
PG02  15178.045610 -18343.754839  12027.694634   -503.263488  6  5  6  42       
PG03  19047.560345 -11642.260151 -14446.714230    115.035897  7  6  7  84       
PG04   8072.930279 -14068.217109 -20994.458054    261.903001  7  6  5  94       
PG05 -25621.431263   6257.223315   3368.804185   -157.363112  6  5  5  56       
PG06 -10280.966271 -11505.418764 -21529.143462    450.246898  6  5  6  91       
PG07   3284.724890 -24427.425331   9723.321009    -33.330026  6  5  5  73       
PG08  14434.265474  -6070.524985  21406.550764   -161.296033  5  5  6  75       
PG09  -3399.562901 -21738.386804 -14920.668470     53.676553  5  6  5  96       
PG10  14837.163275  11338.145996  19218.402233    -68.698354  4  3  6  87       
PG11 -16234.677249    -33.404781 -20986.101766   -533.858002  8  3  7  77       
PG12 -19683.736880  10748.960123 -14456.922524   -466.248668  7  6  1  64       
PG13 -17522.965239  -4991.570144  19200.027392    614.253069  5  5  5  78       
PG14 -10790.296419 -13685.623187  20113.517467    294.288407  6  6  4  78       
PG15 -13893.631904   7775.616137  20793.328679    115.581215  7  6  3  79       
PG16  26697.983527   1253.552964  -2468.581498   -387.419113  7  3  9  80       
PG17 -12225.096503 -23317.732810   3254.156565    720.246835  5  5  5  63       
PG18  -3241.277674  24024.970951  10647.740521   -528.127843  7  5  5  57       
PG19 -16723.207358 -19836.685921  -6687.644660    424.305617  8  8  5  66       
PG20 -24511.166229   -365.675031  -9944.898301    392.335745  3  3  6  79       
PG21  16233.255064 -13978.725106  15539.861726    138.913776  7  7  6 111       
PG22 -17410.919420 -11423.736423  16749.992040     51.028803  5  5  5  73       
PG23   1080.806474  14840.042882  22016.489089    132.206368  7  6  6  91       
PG24 -15175.866009  17824.663920  11733.594888   -410.727127  6  3  5  84       
PG25  -8006.781321  15526.358215 -20265.336810    484.676131  6  4  4  51       
PG26  23407.346837   4863.422297 -12090.963809    201.803161  8  5  7  95       
PG28   9453.844764  14367.732057 -20263.207173    -93.984933  8  7  6  57       
PG29    647.832364  21392.531783 -15710.504083   -608.912451  9  4  6  62       
PG30  -5067.794948 -19617.809108  17158.848303   -447.404669  5  5  4  87       
PG31  14693.354419   5045.705602 -21767.632407   -227.202681  8  4  6  80       
PG32  15959.999003  21371.900987   -122.847593   -603.813526 10 12 13  90       
*  2024  1  9 21 45  0.00000000
PG01  13179.294630 -21780.349003   6584.633611    165.676742  7  4  7  43       
PG02  14930.918430 -16910.183682  14335.224458   -503.258505  6  6  6  41       
PG03  20554.751181 -11688.013655 -12125.751097    115.059369  7  6  7  86       
PG04   9549.487549 -12124.838332 -21590.254908    261.911828  7  6  5  66       
PG05 -25898.801796   6081.497895    512.566208   -157.364380  6  6  5  65       
PG06  -9288.766261 -13718.064149 -20660.654896    450.235268  6  5  6  90       
PG07   3899.392134 -25167.000669   7087.326123    -33.338414  6  5  5  83       
PG08  15954.074690  -4174.540646  20812.760111   -161.297733  4  5  6  80       
PG09  -2115.751362 -20453.256696 -16864.851947     53.687488  5  6  6  97       
PG10  12648.966086  11709.214978  20501.978717    -68.700911  4  3  6  95       
PG11 -15255.823864  -2269.973153 -21592.591779   -533.870757  8  5  7  79       
PG12 -21178.099688  10656.726381 -12184.267902   -466.252032  7  6  2  74       
PG13 -18488.417578  -6902.959608  17676.713943    614.256359  6  5  5  71       
PG14  -8467.317607 -14024.487045  20958.767356    294.297704  6  6  4  82       
PG15 -15618.763991   6033.244906  20171.656085    115.584989  7  6  3  81       
PG16  26309.014614   1480.654803  -5257.528515   -387.411977  8  4  9  60       
PG17 -11762.951873 -23044.280236   6073.779049    720.246023  5  4  6  69       
PG18  -3854.285186  24926.992806   8030.949981   -528.136172  7  4  5  57       
PG19 -16865.090789 -20429.702844  -3917.884721    424.310139  8  8  4  83       
PG20 -23358.262530  -1002.416234 -12380.485204    392.333924  3  4  6  86       
PG21  15893.546929 -12158.469807  17453.342929    138.912554  7  7  6 109       
PG22 -15471.873899 -11669.045434  18467.433972     51.023135  5  5  5  77       
PG23  -1384.331504  15224.376128  21718.508412    132.213047  7  6  6  90       
PG24 -15017.347698  16252.742647  13971.888907   -410.733752  6  4  4  58       
PG25 -10195.439541  15735.650657 -19040.283155    484.677372  6  5  5  55       
PG26  22009.365448   5409.684511 -14276.896098    201.800023  8  5  6  93       
PG28   8577.731472  16436.832185 -19042.539990    -93.994976  8  7  6  40       
PG29   -523.244787  19891.601490 -17589.526764   -608.912172  9  4  5  81       
PG30  -4154.855536 -21248.344590  15329.377765   -447.400545  5  5  4  90       
PG31  13706.605529   7285.373183 -21740.728782   -227.202917  8  4  6  85       
PG32  15695.643807  21420.007138   2716.731981   -603.816123  9 12 13 107       
*  2024  1  9 22  0  0.00000000
PG01  13037.316670 -20812.994605   9320.304640    165.677577  7  5  7  59       
PG02  14700.094478 -15231.971549  16400.692150   -503.253631  6  6  6  66       
PG03  21788.755227 -11763.114469  -9596.421611    115.082843  7  6  7  89       
PG04  11154.705036 -10226.787305 -21813.689886    261.920658  7  6  4  83       
PG05 -25870.844031   5844.076237  -2352.467082   -157.365643  6  5  5  60       
PG06  -8462.011957 -15870.856956 -19433.537480    450.223616  6  5  6  99       
PG07   4382.475370 -25647.122784   4327.666209    -33.346939  6  5  6 100       
PG08  17507.002179  -2426.467405  19860.599544   -161.299039  4  6  7  76       
PG09   -630.466579 -19087.040826 -18519.919983     53.698390  5  7  6  87       
PG10  10361.204512  12228.125120  21441.553479    -68.701818  4  3  6  96       
PG11 -14379.122525  -4599.050810 -21826.514604   -533.883508  8  5  7 105       
PG12 -22411.803007  10607.983649  -9704.185901   -466.255470  7  6  2  86       
PG13 -19449.489146  -8597.630012  15846.922859    614.259693  6  5  4  84       
PG14  -6088.595664 -14492.206586  21445.059234    294.306948  6  6  4  94       
PG15 -17350.787060   4435.928815  19189.038137    115.588387  7  5  3  81       
PG16  25628.596787   1759.783075  -7959.090876   -387.405136  8  5  9  92       
PG17 -11098.428973 -22547.624967   8789.091791    720.245881  5  4  6  68       
PG18  -4315.040000  25572.921161   5274.544199   -528.144615  7  4  5  43       
PG19 -16856.557801 -20758.348488  -1082.348738    424.314743  7  7  4  75       
PG20 -21992.285179  -1791.545279 -14600.472957    392.332231  4  5  6  88       
PG21  15600.510452 -10139.186591  19066.277883    138.911880  7  8  5 110       
PG22 -13379.022461 -12033.178402  19874.471396     51.017093  5  5  5  83       
PG23  -3773.004226  15730.905535  21046.789760    132.219716  7  6  6  78       
PG24 -14875.525239  14438.293173  15958.847628   -410.740349  5  4  4  74       
PG25 -12222.769451  16023.521020 -17493.518801    484.678610  6  6  5  72       
PG26  20416.623017   6084.900360 -16223.275111    201.796877  9  5  6  81       
PG28   7855.976555  18399.026072 -17494.831361    -94.005046  8  7  6  51       
PG29  -1890.796659  18300.292045 -19165.800549   -608.911549  9  4  5  94       
PG30  -3391.387561 -22713.018245  13235.161289   -447.396410  5  5  4 104       
PG31  12843.075790   9554.591326 -21346.123590   -227.202906  8  4  6  77       
PG32  15224.014951  21245.011594   5510.267325   -603.818653  9 13 13 119       
*  2024  1  9 22 15  0.00000000
PG01  12866.190394 -19543.901809  11890.151409    165.678416  6  6  6  34       
PG02  14520.273380 -13336.161127  18190.780467   -503.248412  5  7  5  73       
PG03  22731.568969 -11829.094386  -6901.861497    115.106385  7  5  8  91       
PG04  12859.405743  -8413.859385 -21661.315821    261.929484  7  6  4  98       
PG05 -25549.328789   5508.856038  -5177.332280   -157.367113  6  5  6  54       
PG06  -7800.300985 -17913.810647 -17868.953119    450.211940  6  5  6  87       
PG07   4762.828655 -25843.066093   1492.008565    -33.355341  6  5  6 103       
PG08  19052.979739   -850.791155  18567.678284   -161.300834  5  6  8  69       
PG09   1044.966246 -17683.384572 -19857.821239     53.709331  5  7  6  85       
PG10   8021.819529  12897.983096  22020.761478    -68.702890  4  3  6  90       
PG11 -13625.245053  -6975.664783 -21683.975478   -533.896217  8  6  7  99       
PG12 -23364.486567  10567.157156  -7058.361364   -466.258866  7  6  3  76       
PG13 -20364.917847 -10057.176854  13743.173528    614.263165  6  5  4  75       
PG14  -3701.338742 -15086.650975  21563.553715    294.316184  7  5  3  87       
PG15 -19046.877604   3003.791352  17864.311206    115.591941  7  5  3  91       
PG16  24675.313067   2124.655441 -10528.701582   -387.398304  9  6  9  91       
PG17 -10214.159070 -21863.986818  11354.248940    720.244635  4  4  6  37       
PG18  -4652.883896  25935.918184   2426.383629   -528.153075  7  3  4  50       
PG19 -16663.544313 -20839.839156   1771.378436    424.319281  7  6  5  84       
PG20 -20452.338781  -2748.147868 -16566.295933    392.330290  5  6  7  93       
PG21  15384.377362  -7956.846587  20354.102210    138.909733  7  8  5 111       
PG22 -11176.142375 -12529.845013  20948.986257     51.011100  5  5  5  85       
PG23  -6039.485706  16339.602425  20012.327537    132.226345  7  6  5  68       
PG24 -14782.070066  12410.210642  17658.461228   -410.746992  5  4  5  82       
PG25 -14053.880162  16361.736484 -15649.982831    484.679870  6  6  6  24       
PG26  18666.629231   6903.672715 -17897.197943    201.793775  9  5  6  86       
PG28   7280.846427  20209.183904 -15646.615880    -94.014924  8  7  6  67       
PG29  -3446.020728  16664.749052 -20412.529688   -608.911043  9  5  5  98       
PG30  -2762.809263 -23973.102247  10911.780760   -447.392289  5  5  3  95       
PG31  12113.737233  11807.190793 -20589.189303   -227.203128  8  5  5  85       
PG32  14524.347017  20878.451848   8210.573997   -603.821255 10 14 13 124       
*  2024  1  9 22 30  0.00000000
PG01  12706.340111 -17988.188624  14247.947389    165.679257  6  6  6  66       
PG02  14421.381754 -11256.320437  19677.025504   -503.243208  5  7  5  81       
PG03  23374.051516 -11845.816449  -4088.232596    115.129840  6  5  8  73       
PG04  14628.312732  -6720.443754 -21136.164579    261.938320  8  6  4 101       
PG05 -24954.246913   5043.042591  -7913.944982   -157.368771  7  4  6  85       
PG06  -7294.667842 -19799.008628 -15993.990247    450.200251  5  6  6  87       
PG07   5073.327573 -25737.997745  -1369.983603    -33.363740  5  5  6  97       
PG08  20549.490305    535.854362  16957.290060   -161.303261  5  6  8  70       
PG09   2891.201900 -16284.324127 -20855.959284     53.720219  5  8  6  99       
PG10   5679.332252  13713.543019  22229.101214    -68.704055  5  3  5  80       
PG11 -13007.172371  -9352.048355 -21167.585550   -533.908926  8  6  7 102       
PG12 -24024.033722  10496.416152  -4291.580540   -466.262492  6  6  3  56       
PG13 -21192.306061 -11271.921615  11402.538123    614.266897  7  5  4  88       
PG14  -1352.178804 -15797.848096  21311.679884    294.325500  7  5  4  97       
PG15 -20663.012738   1748.843987  16222.447195    115.595326  7  5  3  79       
PG16  23474.946861   2605.025342 -12924.104671   -387.391462  9  6  8  93       
PG17  -9100.441666 -21033.590462  13726.422611    720.243966  4  5  6  63       
PG18  -4901.782811  25997.093223   -464.004029   -528.161525  8  3  4  28       
PG19 -16256.930211 -20698.497393   4595.208559    424.324002  6  6  5  78       
PG20 -18781.350116  -3879.740664 -18243.897811    392.328610  6  6  7  98       
PG21  15269.178286  -5652.317786  21298.176586    138.908654  7  9  5 109       
PG22  -8909.256814 -13165.162910  21674.438780     51.005247  6  5  4  79       
PG23  -8142.606436  17023.378458  18632.419728    132.233019  7  6  5  76       
PG24 -14763.947683  10204.421338  19040.084910   -410.753586  5  5  4  85       
PG25 -15660.075330  16717.127505 -13539.809352    484.681113  6  6  6  76       
PG26  16800.239135   7873.586988 -19270.158299    201.790658  9  5  6 100       
PG28   6837.010354  21825.629817 -13529.589239    -94.024987  7  7  5  82       
PG29  -5171.753897  15029.920650 -21308.627093   -608.910261  9  5  5  98       
PG30  -2248.080382 -24994.796409   8399.000979   -447.388173  6  5  3  97       
PG31  11521.764105  13995.954707 -19481.427582   -227.203394  8  5  5  79       
PG32  13583.092971  20356.423114  10772.188817   -603.823818 11 14 13 119       
*  2024  1  9 22 45  0.00000000
PG01  12595.593291 -16170.325869  16351.194275    165.680114  7  7  5  80       
PG02  14427.420379  -9031.397092  20836.150708   -503.238448  5  8  4  70       
PG03  23716.195209 -11773.188079  -1203.942938    115.153316  6  5  8  81       
PG04  16421.293201  -5174.361257 -20247.666921    261.947118  8  7  5  89       
PG05 -24112.983959   4418.582106 -10515.891841   -157.369554  7  4  6  85       
PG06  -6928.081068 -21482.344072 -13841.187260    450.188574  5  6  6  98       
PG07   5349.385745 -25323.790885  -4207.557407    -33.372526  5  6  7 104       
PG08  21953.140920   1725.080486  15057.943792   -161.304815  6  6  9  71       
PG09   4881.437738 -14928.730242 -21497.551752     53.731109  5  8  6 107       
PG10   3381.195969  14661.281959  22062.148903    -68.706007  5  4  6  65       
PG11 -12529.768104 -11679.302641 -20286.406151   -533.921674  8  6  6 105       
PG12 -24386.985135  10357.282803  -1451.012794   -466.266017  7  6  3  82       
PG13 -21889.800174 -12241.034149   8865.945671    614.269994  7  5  3  99       
PG14    914.431982 -16608.289583  20693.215644    294.334754  7  5  4  86       
PG15 -22155.653662    674.768104  14293.967683    115.599191  7  5  4  90       
PG16  22059.553715   3225.428383 -15105.954486   -387.384269  9  7  8  91       
PG17  -7755.722293 -20099.042977  15866.445880    720.243407  4  6  6  61       
PG18  -5098.792773  25746.272208  -3346.312468   -528.169987  8  4  3  27       
PG19 -15613.810366 -20364.751010   7341.308990    424.328988  6  5  5  92       
PG20 -17024.453717  -5185.790747 -19604.332837    392.326971  6  7  7 100       
PG21  15271.896808  -3269.926033  21885.864628    138.908154  7  9  5 114       
PG22  -6625.076857 -13937.391203  22040.024784     50.999214  6  5  4  83       
PG23 -10047.163836  17749.130185  16930.405726    132.239717  7  6  5  63       
PG24 -14842.203503   7862.605587  20079.066751   -410.760170  5  5  4 102       
PG25 -17019.820837  17052.895636 -11197.918575    484.682329  6  6  6  87       
PG26  14860.238919   8994.744745 -20318.515343    201.787516  9  5  6  81       
PG28   6502.290213  23211.628943 -11180.071085    -94.035082  7  7  5  80       
PG29  -7042.965838  13437.906769 -21839.051311   -608.909999  9  5  6 103       
PG30  -1820.691286 -25750.508143   5740.101970   -447.384062  6  5  4 104       
PG31  11062.456682  16074.242267 -18040.374279   -227.203574  8  5  5  76       
PG32  12394.581762  19718.111446  13152.084888   -603.826375 13 15 12 124       
*  2024  1  9 23  0  0.00000000
PG01  12567.490751 -14123.337247  18161.992623    165.681010  7  7  5  84       
PG02  14555.554541  -6704.403797  21650.317032   -503.233265  6  8  4  81       
PG03  23767.052273 -11572.891693   1701.185673    115.176715  6  6  8  43       
PG04  18194.795759  -3795.967907 -19011.463784    261.955932  8  7  5  93       
PG05 -23059.233788   3613.408083 -12939.183703   -157.371165  7  3  7  92       
PG06  -6676.267669 -22925.120856 -11447.954516    450.176895  5  6  6  87       
PG07   5627.337021 -24601.507524  -6969.842932    -33.380848  5  6  7 107       
PG08  23221.263609   2716.816316  12902.822021   -161.306115  5  6  9  80       
PG09   6982.262388 -13650.889886 -21771.891791     53.742029  5  8  6  98       
PG10   1172.180916  15719.792952  21521.688702    -68.707273  6  4  6  69       
PG11 -12189.679796 -13909.104817 -19055.781179   -533.934567  8  6  6 102       
PG12 -24458.634674  10112.292275   1414.568977   -466.269316  7  6  3  57       
PG13 -22417.745285 -12972.315412   6177.435106    614.273444  7  5  4  60       
PG14   3057.745367 -17493.540983  19718.260985    294.344023  7  5  4  94       
PG15 -23483.396569   -222.951606  12114.258498    115.602411  6  6  4  88       
PG16  20466.328558   4004.123512 -17038.370953   -387.377564 10  7  8  91       
PG17  -6186.760803 -19103.663258  17739.371674    720.242201  5  6  6  84       
PG18  -5282.403049  25182.435323  -6170.362588   -528.178386  8  4  3  56       
PG19 -14718.553556 -19873.907090   9962.873746    424.333425  5  5  6  90       
PG20 -15227.306490  -6657.559918 -20624.268368    392.325506  6  7  7  94       
PG21  15401.920847   -855.937200  22110.510234    138.907081  7  9  6 113       
PG22  -4369.444686 -14836.958832  22040.753664     50.993595  6  5  4  86       
PG23 -11725.108648  18479.036998  14935.293815    132.246359  7  6  4  74       
PG24 -15031.015628   5430.682350  20757.233580   -410.766765  5  5  5 100       
PG25 -18119.459812  17330.091521  -8663.513710    484.683555  6  6  6  86       
PG26  12889.864416  10259.577100 -21023.899330    201.784457 10  6  5  81       
PG28   6248.682083  24336.696265  -8638.388257    -94.045179  7  7  5  92       
PG29  -9027.558439  11926.435295 -21995.038914   -608.909494  9  5  7  99       
PG30  -1449.880990 -26219.910356   2981.132741   -447.380056  6  5  4 105       
PG31  10723.475078  17997.619384 -16289.402467   -227.203708  8  5  5  62       
PG32  10961.386597  19004.231614  15310.341535   -603.828932 14 15 12 125       
*  2024  1  9 23 15  0.00000000
PG01  12649.779822 -11887.643717  19647.817642    165.681942  7  7  4 103       
PG02  14815.472027  -4320.983266  22107.294188   -503.228274  6  8  5  96       
PG03  23544.317038 -11210.063951   4576.788364    115.200245  6  6  8  65       
PG04  19903.425114  -2597.556099 -17449.113945    261.964756  9  7  5  94       
PG05 -21831.694091   2612.455636 -15142.959884   -157.372164  7  3  7  93       
PG06  -6508.831316 -24095.451992  -8855.905992    450.165148  4  6  6  92       
PG07   5942.751248 -23581.518243  -9606.869477    -33.389158  5  7  7 119       
PG08  24313.484299   3519.065230  10529.179352   -161.308234  6  6  9 122       
PG09   9154.758110 -12479.278262 -21674.509285     53.752932  5  8  6 105       
PG10   -907.150368  16860.486147  20615.753541    -68.709068  6  4  6  76       
PG11 -11975.570416 -15995.397447 -17497.061241   -533.947295  7  6  6 102       
PG12 -24252.797860   9726.639750   4255.618325   -466.272733  7  6  4  72       
PG13 -22740.251695 -13481.655312   3383.372771    614.276930  7  5  5  73       
PG14   5042.103083 -18423.136291  18403.102018    294.353312  7  5  5 102       
PG15 -24608.522346   -956.558170   9722.808210    115.606016  6  6  5 100       
PG16  18736.307245   4952.262939 -18689.448685   -387.370540 10  7  7  74       
PG17  -4408.491848 -18089.825151  19314.946027    720.241642  5  7  5  91       
PG18  -5490.824161  24313.804616  -8887.006951   -528.186868  8  5  3  54       
PG19 -13563.607041 -19264.742649  12414.896884    424.338289  6  4  6  77       
PG20 -13434.398934  -8278.279456 -21286.379903    392.323422  6  7  8 100       
PG21  15660.795298   1542.983762  21971.329806    138.905424  7  9  7 105       
PG22  -2185.829453 -15846.781154  21677.452014     50.987549  6  5  4  83       
PG23 -13156.459594  19172.063466  12681.282523    132.253023  7  6  4  83       
PG24 -15337.056911   2957.124285  21063.222057   -410.773331  5  6  5  97       
PG25 -18953.642058  17509.210668  -5979.485305    484.684773  6  6  6  85       
PG26  10931.304050  11652.947858 -21373.547404    201.781322 10  6  5  52       
PG28   6043.610044  25177.677145  -5948.188387    -94.055236  7  7  5  67       
PG29 -11087.439985  10527.522176 -21774.230188   -608.908915  9  6  7  91       
PG30  -1102.036970 -26390.731736    170.099212   -447.375969  6  4  5 100       
PG31  10485.380815  19725.435243 -14257.419742   -227.204102  8  5  5  28       
PG32   9294.392316  18255.426767  17210.762177   -603.831466 15 16 12           
*  2024  1  9 23 30  0.00000000
PG01  12863.159306  -9509.600768  20782.177326    165.682856  7  8  5  95       
PG02  15209.023989  -1927.902296  22200.558081   -503.223365  6  8  6  79       
PG03  23073.577085 -10654.855543   7372.850276    115.223781  6  6  8  35       
PG04  21501.593610  -1583.073965 -15587.704556    261.973573  9  7  6 109       
PG05 -20472.594008   1408.407791 -17090.134978   -157.373389  7  4  7  95       
PG06  -6390.618859 -24969.400085  -6110.113766    450.153430  4  6  6  93       
PG07   6328.758128 -22283.241937 -12070.598160    -33.397600  5  7  7 111       
PG08  25193.203024   4147.360643   7977.692910   -161.309365  8  6  9 100       
PG09  11355.815193 -11435.566116 -21207.230644     53.763839  5  8  6 105       
PG10  -2821.820989  18048.577790  19358.571421    -68.709947  7  4  6  74       
PG11 -11868.669947 -17895.994360 -15637.225025   -533.960075  6  6  6 103       
PG12 -23791.255880   9169.748517   7022.682298   -466.276254  7  6  4  88       
PG13 -22826.614834 -13792.192375    531.649226    614.280255  8  5  5  96       
PG14   6838.130790 -19361.724761  16769.965405    294.362561  6  5  5 101       
PG15 -25498.383855  -1545.247918   7162.394348    115.609482  5  6  5 111       
PG16  16912.945620   6073.317696 -20031.717782   -387.363295 10  8  6  94       
PG17  -2443.589766 -17097.372807  20567.996233    720.240666  5  7  5  87       
PG18  -5760.290744  23157.577744 -11449.014313   -528.195318  8  6  4   6       
PG19 -12150.012324 -18577.961183  14654.937304    424.343089  6  4  6  84       
PG20 -11687.430015 -10023.647389 -21579.632426    392.321683  6  7  8 107       
PG21  16042.269580   3881.285038  21473.234099    138.904277  6  9  8 112       
PG22   -113.924137 -16942.849680  20956.697493     50.981768  7  5  5  63       
PG23 -14329.908745  19785.608066  10207.182454    132.259760  7  6  4  85       
PG24 -15759.192918    491.179722  20992.648301   -410.779909  5  6  5  84       
PG25 -19525.444404  17551.847649  -3191.727310    484.685997  6  5  6  74       
PG26   9024.239379  13152.546734 -21360.562852    201.778191 10  6  5  61       
PG28   5851.363543  25719.557909  -3155.695128    -94.065309  6  7  6  78       
PG29 -13179.832593   9266.364990 -21180.687701   -608.908466  9  6  8  94       
PG30   -742.221052 -26259.244122  -2643.898464   -447.371872  6  4  5  95       
PG31  10322.472002  21222.283411 -11978.457918   -227.204305  8  5  5  77       
PG32   7412.560604  17510.687484  18821.433986   -603.834026 16 16 13  55       
*  2024  1  9 23 45  0.00000000
PG01  13220.333203  -7039.792339  21545.134188    165.683735  7  8  5  85       
PG02  15730.154945    428.474966  21929.319233   -503.218335  6  9  6  65       
PG03  22387.260388  -9883.807157  10040.604786    115.247342  6  7  8  55       
PG04  22945.186674   -748.171016 -13459.372358    261.982342  9  8  6 102       
PG05 -19026.109113      2.147836 -18747.980795   -157.375133  7  5  7  97       
PG06  -6283.279454 -25531.814898  -3258.300170    450.141671  4  5  7  89       
PG07   6814.456583 -20734.507007 -14315.940410    -33.406226  5  8  7 112       
PG08  25828.932889   4623.946411   5291.776040   -161.311549  9  6  9  79       
PG09  13539.609292 -10533.898322 -20378.137326     53.774760  5  8  6 106       
PG10  -4543.618460  19244.335932  17770.412687    -68.711403  7  4  6  57       
PG11 -11843.624460 -19574.041915 -13508.405080   -533.972828  6  6  7 112       
PG12 -23102.891305   8416.694203   9667.289947   -466.279643  8  6  4  73       
PG13 -22652.537235 -13933.212375  -2329.130678    614.283451  8  5  6  93       
PG14   8423.692552 -20270.427474  14846.664887    294.371828  6  5  5 105       
PG15 -26126.579435  -2014.132656   4478.240263    115.612917  5  7  5 109       
PG16  15040.622679   7362.778181 -21042.553826   -387.356569 10  8  6  57       
PG17   -321.759367 -16162.161734  21478.735791    720.240020  6  8  5  78       
PG18  -6123.448621  21739.318725 -13811.916164   -528.203779  8  7  4  55       
PG19 -10487.607018 -17854.570601  16643.862827    424.348086  6  5  5  78       
PG20 -10023.809430 -11862.627256 -21499.444578    392.320226  7  7  8 116       
PG21  16532.625124   6115.964483  20626.592907    138.903350  6  9  9 108       
PG22   1811.612486 -18095.072187  19890.686807     50.975820  7  5  5  71       
PG23 -15243.092002  20277.233613   7555.747630    132.266447  7  6  5  80       
PG24 -16288.525489  -1918.918787  20548.115756   -410.786508  5  6  6  98       
PG25 -19846.169823  17422.344325   -348.372205    484.687227  6  5  6  63       
PG26   7204.476106  14729.562975 -20984.091113    201.775066 10  7  5  56       
PG28   5634.662465  25955.975154   -308.917404    -94.075424  6  7  6  70       
PG29 -15258.762986   8160.510307 -20224.808908   -608.907783  8  7  8 106       
PG30   -335.759240 -25830.423768  -5411.561803   -447.367768  6  4  5 109       
PG31  10203.885750  22459.288045  -9491.155724   -227.204587  8  4  6  55       
PG32   5342.401924  16805.846602  20115.223795   -603.836588 17 16 13 112       
EOF
