#cP2024  1 15  0  0  0.00000000      96 ORBIT IGS20 HLM  IGS
## 2297  86400.00000000   900.00000000 60324 0.0000000000000
+   31   G01G02G03G04G05G06G07G08G09G10G11G12G13G14G15G16G17
+        G18G19G20G21G22G23G24G25G26G28G29G30G31G32  0  0  0
+          0  0  0  0  0  0  0  0  0  0  0  0  0  0  0  0  0
+          0  0  0  0  0  0  0  0  0  0  0  0  0  0  0  0  0
+          0  0  0  0  0  0  0  0  0  0  0  0  0  0  0  0  0
++         2  2  2  2  2  1  2  2  2  2  2  2  2  2  2  2  2
++         2  3  1  2  2  2  1  1  1  2  2  1  1  2  0  0  0
++         0  0  0  0  0  0  0  0  0  0  0  0  0  0  0  0  0
++         0  0  0  0  0  0  0  0  0  0  0  0  0  0  0  0  0
++         0  0  0  0  0  0  0  0  0  0  0  0  0  0  0  0  0
%c G  cc GPS ccc cccc cccc cccc cccc ccccc ccccc ccccc ccccc
%c cc cc ccc ccc cccc cccc cccc cccc ccccc ccccc ccccc ccccc
%f  1.2500000  1.025000000  0.00000000000  0.000000000000000
%f  0.0000000  0.000000000  0.00000000000  0.000000000000000
%i    0    0    0    0      0      0      0      0         0
%i    0    0    0    0      0      0      0      0         0
/* FINAL ORBIT COMBINATION FROM WEIGHTED AVERAGE OF:        
/* cod emr esa gfz grg jgx jpl mit ngs sio                  
/* REFERENCED TO GPS CLOCK AND TO WEIGHTED MEAN POLE:       
/* PCV:IGS20      OL/AL:FES2014b NONE     Y  ORB:CMB CLK:CMB
*  2024  1 15  0  0  0.00000000
PG01  14556.218569  -1480.676468  21845.225858    166.126497  6  6  7 116       
PG02  17347.533243   5404.450392  19958.707061   -500.789903  5  9  3  71       
PG03  20158.189471  -7228.378524  15496.121107    126.524324  8  6  8  68       
PG04  25529.275891    642.048236  -7535.745810    266.221418  9  8  7 107       
PG05 -15572.565059  -3959.342931 -21341.339779   -157.985970  8  8  6  99       
PG06  -5775.782723 -25608.236689   3714.363901    444.470607  8  5  6   1       
PG07   8481.338887 -16287.966092 -18531.181244    -37.456792  9  9  5  75       
PG08  26216.047069   5370.477714  -1399.600846   -162.124148  6  6  6  65       
PG09  18308.745025  -9020.398002 -17113.921304     59.050926 10 10  5  73       
PG10  -7728.145398  21846.437359  12876.023043    -69.361826  9  5  7  44       
PG11 -11916.209754 -22505.045192  -7610.642790   -540.069042  8  7  5  77       
PG12 -20796.561607   5800.455939  15138.030226   -467.936454  4  6  5   8       
PG13 -21120.815879 -13800.021115  -8851.052000    615.910032  6  5  9 106       
PG14  11268.524835 -22063.576679   9342.050103    298.823774  9  3  8  76       
PG15 -26466.657490  -2868.652810  -2146.663317    117.297950  8  8  5 108       
PG16  10695.689858  10975.558887 -22021.741408   -384.013143  6  8  6  87       
PG17   5114.091903 -14341.151987  22197.832011    719.859208 10  5  6  75       
PG18  -7517.737290  17523.266078 -18394.877181   -532.213681  7  6  6  60       
PG19  -5705.789024 -16226.625940  20147.183229    426.633529 11  2  6  73       
PG20  -6610.590005 -16346.919184 -19853.557156    391.502076  8  6  4  46       
PG21  17993.781395  10722.874093  17368.033966    138.381473  6  8  5  76       
PG22   5598.965812 -20825.300872  16127.744507     48.156222  8  4  5  80       
PG23 -16404.485318  20739.637618    882.270019    135.495422  9  5  9  45       
PG24 -17855.255922  -7130.342539  18085.298561   -413.916988  6  5  6 102       
PG25 -19742.524237  16229.146199   6348.507825    485.274900  4  4  5  85       
PG26   3329.708307  18622.929566 -18642.144671    200.261719  5  6  4  73       
PG28   4745.277350  25322.796939   6440.939009    -98.955817  5  5  5  49       
PG29 -19846.161196   6199.528814 -16631.527528   -608.676368 11 10  9 103       
PG30    978.156327 -23733.207782 -11482.123613   -445.366366  7  6  6  85       
PG31   9885.735301  24249.577235  -3022.499696   -227.302337  5  7  6  72       
PG32   -137.319325  15460.923207  21803.511609   -605.096600  8  6  6  72       
*  2024  1 15  0 15  0.00000000
PG01  15381.154615    916.139722  21342.751990    166.127479  5  6  7 117       
PG02  18162.815820   7341.012628  18549.241803   -500.784855  5  8  3  86       
PG03  19050.943821  -5669.409799  17419.358636    126.547747  8  6  8  71       
PG04  26175.169035   1001.799693  -4797.071399    266.230161  9  7  7  95       
PG05 -14150.006676  -5930.853361 -21864.882662   -157.987699  8  8  5  94       
PG06  -5413.885126 -25123.308219   6553.130837    444.458641  7  4  6  25       
PG07   9435.617322 -14186.895684 -19768.793259    -37.465146  8  9  4  80       
PG08  25880.712308   5563.126018  -4196.704136   -162.124064  6  6  7  70       
PG09  20100.914827  -8595.683583 -15211.237061     59.061988  9 10  6  86       
PG10  -8700.521532  22744.675852  10397.691409    -69.362933  8  4  7  53       
PG11 -11918.939651 -23255.939066  -4867.137659   -540.081637  8  6  5  86       
PG12 -19626.815623   4303.316839  17049.691058   -467.939654  4  6  5  52       
PG13 -19994.092976 -13636.739178 -11392.947424    615.913438  6  4  8  86       
PG14  12089.994736 -22571.896532   6709.874264    298.833007  9  2  8  70       
PG15 -26112.510848  -3168.489874  -4899.574808    117.301540  8  8  6  75       
PG16   8965.357378  12696.097514 -21825.614831   -384.005979  6  8  6  72       
PG17   7475.135177 -13784.197010  21885.479505    719.857953  9  6  6  66       
PG18  -8360.511059  15497.316434 -19810.489860   -532.221962  7  6  6  65       
PG19  -3388.985907 -15651.381328  21063.698057    426.638323 11     5  83       
PG20  -5420.539402 -18209.992531 -18569.857682    391.500480  8  5  5  74       
PG21  18668.423273  12355.667522  15494.715948    138.380346  6  8  5  87       
PG22   6866.026134 -21891.024833  14061.944186     48.150583  8  3  5  75       
PG23 -16539.444360  20549.983506  -2016.281723    135.502187  8  5  9  67       
PG24 -18589.844658  -9046.895016  16489.659525   -413.923407  6  5  6  85       
PG25 -19392.915907  15322.217965   9011.603202    485.276113  4  3  5  51       
PG26   1994.434301  20179.407037 -17106.421265    200.258558  4  6  4  65       
PG28   4183.248670  24589.828886   9107.983835    -98.966093  5  5  5  59       
PG29 -21534.517068   5636.181063 -14611.492601   -608.675815 11 10  9 119       
PG30   1759.761196 -22449.014177 -13749.806283   -445.362166  7  6  6  94       
PG31   9651.462408  24503.819754   -164.064420   -227.302587  5  6  6  62       
PG32  -2566.502528  15084.241415  21898.939907   -605.099227  8  6  5  21       
*  2024  1 15  0 30  0.00000000
PG01  16306.788632   3185.672105  20463.071860    166.128495  5  6  7 112       
PG02  18999.181957   9079.897007  16835.175070   -500.779752  5  8  3  79       
PG03  17912.074290  -3888.074159  19038.377005    126.571136  7  6  7  77       
PG04  26528.264943   1283.080343  -1976.472610    266.238934  9  7  7 102       
PG05 -12814.787657  -8008.669682 -22018.519880   -157.988824  8  7  4  91       
PG06  -4900.148950 -24369.224059   9278.634302    444.446723  7  4  6  53       
PG07  10539.375528 -12024.504382 -20647.901864    -37.473545  8  9  4  33       
PG08  25247.633908   5750.062526  -6923.512257   -162.125267  6  6  7  79       
PG09  21684.508034  -8282.917063 -13048.913381     59.072984  9  9  7  63       
PG10  -9453.039427  23458.583872   7738.785607    -69.364153  8  3  7  65       
PG11 -11847.351974 -23711.621799  -2040.062646   -540.094227  8  6  5  68       
PG12 -18406.175836   2591.687026  18660.948780   -467.943363  5  6  5  52       
PG13 -18594.283478 -13468.140252 -13742.892673    615.916828  6  4  8  87       
PG14  12699.452653 -22878.435475   3961.041462    298.842199  9  2  9  51       
PG15 -25471.614588  -3493.977862  -7570.035248    117.304772  8  7  6  84       
PG16   7353.357241  14477.841818 -21263.670224   -383.998832  6  7  5  65       
PG17   9808.708530 -13367.073075  21211.535268    719.857099  9  7  6  86       
PG18  -9365.920905  13390.836439 -20883.095009   -532.230198  7  6  6  64       
PG19   -959.139016 -15182.731173  21613.642632    426.643123 10  2  4  76       
PG20  -4399.479485 -19983.254005 -16966.860917    391.499419  7  5  5  71       
PG21  19324.084277  13756.514315  13373.781438    138.378940  6  7  6  83       
PG22   7916.386887 -22840.483698  11763.422784     48.144450  7  2  6  75       
PG23 -16499.420638  20096.648639  -4879.718322    135.508917  8  5  9  79       
PG24 -19317.707497 -10748.384369  14606.507680   -413.929835  6  5  6  81       
PG25 -18919.130736  14155.399208  11515.071591    485.277215  4  3  5  57       
PG26    831.445610  21637.988856 -15275.317179    200.255386  4  5  4  79       
PG28   3455.395913  23623.398806  11618.161533    -98.976343  5  4  5  42       
PG29 -23012.363264   5208.784617 -12341.884016   -608.675457 11 10  9 117       
PG30   2698.960136 -20979.895027 -15776.100621   -445.357906  7  6  6  68       
PG31   9302.544888  24468.708321   2697.246608   -227.302959  5  6  5  69       
PG32  -5004.264769  14836.942698  21624.053754   -605.101822  8  5  5  55       
*  2024  1 15  0 45  0.00000000
PG01  17302.423550   5286.533036  19223.168461    166.129477  5  6  7 114       
PG02  19818.403681  10599.412246  14844.071288   -500.774732  5  8  3  74       
PG03  16784.319177  -1906.495252  20324.847722    126.594523  7  6  7  93       
PG04  26576.212298   1521.595689    877.872005    266.247721  9  7  7 101       
PG05 -11595.013399 -10153.121522 -21799.421546   -157.989938  8  7  3  83       
PG06  -4208.074387 -23377.975709  11843.949030    444.434823  7  3  6  53       
PG07  11782.523569  -9850.165979 -21153.311239    -37.482046  8  9  2  33       
PG08  24326.403638   5967.476564  -9534.365542   -162.127606  6  6  7  82       
PG09  23026.063908  -8056.412431 -10663.749871     59.084047  8  9  7           
PG10 -10002.056276  23949.604120   4945.031034    -69.364632  8  2  7  47       
PG11 -11664.064096 -23878.589697    822.028888   -540.106858  7  6  5  89       
PG12 -17177.407808    684.448676  19942.944283   -467.946330  5  6  5  76       
PG13 -16941.038897 -13331.183472 -15861.531985    615.920377  6  3  8  70       
PG14  13117.318130 -22952.393263   1143.299354    298.851388  8  3  9  35       
PG15 -24559.706729  -3877.982197 -10113.719430    117.308604  8  7  7  83       
PG16   5884.647401  16280.287410 -20343.759312   -383.991819  6  6  5  58       
PG17  12067.953970 -13088.175654  20187.102414    719.856113  9  7  7  73       
PG18 -10528.461249  11252.608232 -21594.605544   -532.238460  6  6  6  80       
PG19   1536.792507 -14837.725786  21786.211671    426.647812 10  4  4  87       
PG20  -3545.980572 -21622.206833 -15072.570222    391.497192  7  4  5  75       
PG21  19922.019879  14914.169041  11039.235267    138.378384  6  7  6  84       
PG22   8754.754421 -23632.771520   9269.671795     48.138786  7  2  6  72       
PG23 -16320.567467  19364.964071  -7658.174208    135.515739  8  6  9  68       
PG24 -20001.753511 -12216.827256  12470.129815   -413.936249  6  5  6  71       
PG25 -18360.778482  12730.018530  13814.074365    485.278407  3  3  5  34       
PG26   -159.886986  22955.848658 -13179.552511    200.252230  4  5  4  83       
PG28   2542.766819  22458.959613  13928.191967    -98.986568  4  4  5  34       
PG29 -24244.529373   4892.829201  -9861.471720   -608.674824 10  9  9 115       
PG30   3804.924405 -19366.853309 -17525.572762   -445.353740  7  6  5  66       
PG31   8806.323623  24160.919309   5510.815844   -227.303390  6  5  5  76       
PG32  -7402.608711  14719.642439  20982.804026   -605.104386  7  5  5  48       
*  2024  1 15  1  0  0.00000000
PG01  18331.697094   7184.330809  17646.341482    166.130439  5  6  7 112       
PG02  20579.809104  11885.479447  12608.001672   -500.769440  6  8  4  71       
PG03  15706.915571    245.155654  21256.334076    126.617901  6  5  6  95       
PG04  26315.303939   1754.652782   3717.234471    266.256461  9  7  7  94       
PG05 -10511.811497 -12320.366878 -21210.964119   -157.991283  8  6  3  68       
PG06  -3318.063025 -22187.651502  14205.031903    444.422922  6  3  5  78       
PG07  13146.940317  -7711.567004 -21276.976788    -37.490334  7  9  1  70       
PG08  23134.628084   6249.345661 -11985.488782   -162.128755  6  6  7  83       
PG09  24098.853388  -7885.410867  -8096.366651     59.095079  8  9  7  62       
PG10 -10371.265768  24184.757338   2064.842764    -69.366366  7  2  7  51       
PG11 -11334.531233 -23771.773737   3670.016630   -540.119513  7  6  5  51       
PG12 -15980.561323  -1391.362210  20872.706441   -467.949639  5  6  4  80       
PG13 -15061.654554 -13259.255997 -17713.381877    615.923734  6  3  7  73       
PG14  13370.196963 -22769.184649  -1694.339605    298.860568  8  4  9  62       
PG15 -23399.680046  -4350.127759 -12488.784283    117.311777  8  7  7  70       
PG16   4577.022908  18059.482821 -19079.729568   -383.984808  7  6  5  73       
PG17  14207.510366 -12938.000566  18828.851691    719.855489  9  7  7  74       
PG18 -11834.295492   9130.471436 -21933.246584   -532.246721  7  6  6  46       
PG19   4048.979906 -14625.530618  21577.233944    426.652764 10  5  5  88       
PG20  -2850.717909 -23084.863910 -12919.887238    391.495744  6  4  6  72       
PG21  20422.816193  15825.100027   8528.248408    138.377625  6  6  6  66       
PG22   9393.464898 -24229.714117   6621.555041     48.132841  7  2  6  56       
PG23 -16042.279065  18348.953869 -10303.292844    135.522481  8  6  9  85       
PG24 -20603.812441 -13442.560223  10118.816632   -413.942727  6  4  5  77       
PG25 -17758.067177  11056.370627  15867.326376    485.279617  3  3  6  48       
PG26   -987.784208  24092.452553 -10854.686547    200.249043  4  5  4  68       
PG28   1433.770335  21136.551143  15998.227780    -98.996805  5  4  6  43       
PG29 -25202.529242   4658.183840  -7212.604244   -608.674592 10  9  9 110       
PG30   5079.086786 -17653.586545 -18967.783024   -445.349528  7  7  5  39       
PG31   8134.934622  23604.987365   8226.684456   -227.303434  6  5  5  66       
PG32  -9714.287487  14724.992381  19985.279525   -605.106957  7  5  5           
*  2024  1 15  1 15  0.00000000
PG01  19354.060653   8852.761514  15761.668248    166.131404  5  6  6 108       
PG02  21241.792733  12932.009639  10163.133468   -500.764394  6  8  4  69       
PG03  14714.073136   2529.645655  21816.697455    126.641263  5  5  5  97       
PG04  25750.623952   2019.535213   6493.150078    266.265237  9  7  7  95       
PG05  -9578.628062 -14463.880705 -20262.698456   -157.992366  7  6  3  81       
PG06  -2218.360626 -20840.948158  16321.472251    444.411007  6  3  5  75       
PG07  14607.126653  -5652.925281 -21018.090706    -37.498977  7  8     82       
PG08  21697.349527   6625.990833 -14235.668093   -162.129689  6  6  7  82       
PG09  24883.804222  -7735.421082  -5390.534144     59.106134  7  9  7  80       
PG10 -10590.609698  24138.040205   -851.529057    -69.367701  7  3  7  49       
PG11 -10828.553191 -23413.868079   6455.050436   -540.132117  7  6  5  89       
PG12 -14851.396059  -3601.412052  21433.611649   -467.953194  6  6  4  78       
PG13 -12990.187884 -13280.808778 -19267.376640    615.927205  6  3  7  71       
PG14  13489.655670 -22311.504387  -4502.478689    298.869770  8  4  9  86       
PG15 -22020.725981  -4935.548743 -14656.458808    117.315415  7  7  7  82       
PG16   3440.537582  19769.548232 -17491.317949   -383.977713  7  5  5  82       
PG17  16185.010527 -12899.562384  17158.796939    719.854767  9  8  7  68       
PG18 -13261.681722   7069.621616 -21893.724954   -532.254937  7  6  6  73       
PG19   6526.472188 -14547.032879  20989.329237    426.657421  9  6  6  78       
PG20  -2297.034491 -24333.264352 -10546.025866    391.494044  6  3  6  61       
PG21  20787.835240  16493.467512   5880.705291    138.376332  6  6  6  66       
PG22   9851.894127 -24597.330712   3862.740640     48.126898  7  2  6  69       
PG23 -15705.500908  17051.715538 -12769.097320    135.529180  8  6  8  85       
PG24 -21086.177059 -14424.315692   7594.104580   -413.949143  5  4  6  79       
PG25 -17150.096683   9153.536022  17637.929336    485.280865  3  3  6  40       
PG26  -1667.582037  25011.115553  -8340.543964    200.245874  3  4  4  63       
PG28    124.830550  19699.272774  17792.546211    -99.007029  4  4  6           
PG29 -25865.571968   4470.429443  -4440.502693   -608.674014 10  9  9 103       
PG30   6514.902462 -15884.835106 -20077.831970   -445.345328  6  7  5  80       
PG31   7266.657320  22832.289964  10796.521843   -227.303683  6  5  4  49       
PG32 -11894.410227  14837.974344  18647.596749   -605.109462  7  4  5  32       
*  2024  1 15  1 30  0.00000000
PG01  20326.416739  10274.361222  13603.368775    166.132340  5  6  6 102       
PG02  21763.386997  13741.005122   7549.257743   -500.759467  6  7  5  41       
PG03  13833.663353   4903.949077  21996.382014    126.664579  5  5  4  87       
PG04  24895.873876   2351.880492   9158.225187    266.274046  8  6  7  80       
PG05  -8800.819184 -16536.056353 -18970.224038   -157.993130  6  5  4  41       
PG06   -905.691348 -19383.523168  18157.171270    444.399227  6  3  4  67       
PG07  16131.177754  -3713.385448 -20382.994468    -37.507431  6  8     85       
PG08  20046.206572   7122.767495 -16246.895526   -162.131587  6  6  6  77       
PG09  25370.147864  -7569.711697  -2592.447407     59.117130  6  8  7  42       
PG10 -10694.930476  23791.569801  -3752.910538    -69.369135  7  4  7  31       
PG11 -10121.618317 -22834.372988   9129.380882   -540.144684  7  6  5  84       
PG12 -13819.992759  -5905.229985  21615.713825   -467.956797  6  5  5  62       
PG13 -10766.337665 -13418.185711 -20497.349063    615.930533  6  4  6  60       
PG14  13510.804072 -21570.116423  -7232.227087    298.878976  7  5  8  43       
PG15 -20457.277335  -5653.821796 -16581.572018    117.319078  6  7  7  92       
PG16   2477.213844  21364.302868 -15603.947991   -383.970503  7  5  5  44       
PG17  17962.483628 -12949.089467  15204.004532    719.853620  9  8  7  38       
PG18 -14781.713600   5111.028161 -21477.283151   -532.263279  7  6  6  75       
PG19   8919.007568 -14594.792337  20031.933692    426.661942  9  7  7  84       
PG20  -1861.786677 -25334.841097  -7991.861040    391.492033  6  3  6  68       
PG21  20980.650616  16930.854080   3138.724424    138.375490  6  5  6  43       
PG22  10155.607210 -24707.174805   1039.076720     48.121364  6  3  6  14       
PG23 -15350.990512  15485.448866 -15012.813699    135.535882  8  6  8  86       
PG24 -21413.110522 -15168.978864   4939.994450   -413.955599  5  4  6  76       
PG25 -16573.202260   7048.838128  19094.118633    485.282055  4  3  6  55       
PG26  -2220.964238  25680.435834  -5680.545160    200.242673  3  4  4  50       
PG28  -1379.271376  18191.649712  19280.170048    -99.017268  5  3  6   7       
PG29 -26221.292848   4292.360193  -1592.506763   -608.673659  9  9  8  87       
PG30   8097.937504 -14104.706959 -20836.793084   -445.341124  6  7  4  75       
PG31   6187.018883  21879.756463  13174.571369   -227.303629  6  5  4  52       
PG32 -13901.974938  15036.497433  16991.693646   -605.112024  7  5  5  42       
*  2024  1 15  1 45  0.00000000
PG01  21204.844466  11440.897720  11210.095181    166.133392  5  6  6 101       
PG02  22105.843489  14322.376207   4809.254678   -500.754110  6  7  5  66       
PG03  13086.176988   7320.747902  21792.572395    126.687897  5  5  2  95       
PG04  23772.884533   2784.121534  11666.927867    266.282776  8  6  7  84       
PG05  -8175.553963 -18489.862689 -17354.968999   -157.994500  6  5  4  63       
PG06    614.439758 -17862.252953  19680.940074    444.387367  5  2  4  71       
PG07  17682.024819  -1925.659361 -19384.928477    -37.515709  6  8     67       
PG08  18218.362621   7758.938998 -17984.974495   -162.133087  6  6  6  76       
PG09  25555.762788  -7350.899148    250.044360     59.128153  6  8  7  76       
PG10 -10722.417225  23136.422418  -6588.153308    -69.370067  7  5  7  70       
PG11  -9196.032740 -22068.389522  11647.169502   -540.157252  6  5  4  83       
PG12 -12909.609348  -8257.624690  21415.936025   -467.960167  6  5  4  65       
PG13  -8434.123696 -13686.687667 -21382.441648    615.934032  6  3  6  56       
PG14  13470.743734 -20544.334538  -9836.081439    298.888214  7  6  8  90       
PG15 -18747.789536  -6518.114824 -18233.018618    117.322373  5  6  7  78       
PG16   1681.059180  22798.944305 -13448.424636   -383.963706  7  4  5  60       
PG17  19507.616068 -13056.974525  12996.236484    719.852613 10  8  7  40       
PG18 -16359.345647   3290.031265 -20691.639445   -532.271518  8  5  6  80       
PG19  11178.815422 -14753.343541  18721.187739    426.666977  8  8  8  86       
PG20  -1516.437587 -26063.589167  -5301.224104    391.490406  5  2  6  84       
PG21  20968.431694  17155.752787    346.149228    138.374088  5  4  7  41       
PG22  10335.272384 -24537.504739  -1802.086638     48.115231  6  3  5  76       
PG23 -15017.599486  13671.132281 -16995.630672    135.542655  8  6  8  86       
PG24 -21552.262130 -15691.045938   2202.163634   -413.962022  5  4  6  78       
PG25 -16059.421503   4776.957954  20209.902334    485.283273  4  3  6  78       
PG26  -2674.930630  26075.546215  -2920.950702    200.239478  2  3  4  78       
PG28  -3065.381709  16657.956214  20435.406658    -99.027473  5  3  7  43       
PG29 -26266.176558   4085.596686   1282.715814   -608.673249  9  8  8  98       
PG30   9806.280039 -12355.047530 -21232.024549   -445.336920  6  7  4  91       
PG31   4889.603951  20788.355865  15318.547466   -227.303988  6  5  3  62       
PG32 -15701.271636  15292.280544  15045.026161   -605.114556  6  5  6  75       
*  2024  1 15  2  0  0.00000000
PG01  21946.341788  12353.396845   8624.165767    166.134264  5  7  5 101       
PG02  22234.170054  14693.473448   1988.496163   -500.749042  6  7  5  56       
PG03  12483.991000   9730.102927  21209.222414    126.711194  5  4  1  89       
PG04  22410.831547   3344.051572  13976.349341    266.291592  7  5  6  79       
PG05  -7692.034695 -20280.496965 -15443.876542   -157.995666  5  4  5  83       
PG06   2327.786063 -16323.464481  20867.007821    444.375565  5  3  3  69       
PG07  19218.885150   -314.964826 -18043.634783    -37.524256  6  7  1  87       
PG08  16255.238110   8546.774251 -19420.078858   -162.135043  6  6  5  70       
PG09  25447.200017  -7042.570566   3088.241457     59.139170  5  7  7  87       
PG10 -10712.908545  22173.126613  -9307.100568    -69.371608  7  6  7  90       
PG11  -8041.791334 -21155.212718  13965.265482   -540.169886  6  6  3  84       
PG12 -12135.830488 -10610.298505  20838.118930   -467.963566  6  5  5  77       
PG13  -6040.412909 -14093.904967 -21907.443883    615.937470  6  3  5  80       
PG14  13406.945741 -19242.174491 -12268.780618    298.897392  7  6  8  78       
PG15 -16933.403692  -7534.576104 -19584.162987    117.325901  4  6  7  70       
PG16   1038.397142  24031.717968 -11060.522817   -383.956567  7  4  4  45       
PG17  20794.827159 -13188.951497  10571.526699    719.851765 10  8  6  49       
PG18 -17954.661512   1635.169862 -19550.817789   -532.279776  8  5  6  73       
PG19  13262.333778 -14999.841302  17079.684504    426.671607  8  8  8  82       
PG20  -1228.354496 -26500.992195  -2520.156936    391.488582  5     6  57       
PG21  20723.234618  17192.824240  -2451.994112    138.373026  5  4  7  17       
PG22  10425.372382 -24074.237846  -4612.625052     48.109388  6  4  5  77       
PG23 -14740.646417  11637.860385 -18683.380821    135.549415  8  7  8 104       
PG24 -21475.941275 -16011.814119   -572.813450   -413.968471  5  4  6  83       
PG25 -15635.152693   2378.743113  20965.574438    485.284459  4  3  5  87       
PG26  -3060.540215  26179.128270   -110.033087    200.236296  2  2  4  55       
PG28  -4912.286753  15140.560742  21238.295550    -99.037738  5  3  7  52       
PG29 -26005.656123   3812.249369   4135.984341   -608.672835  8  8  8  95       
PG30  11611.255416 -10673.920523 -21257.356040   -445.332694  6  7  4  83       
PG31   3376.532544  19601.428255  17190.460406   -227.304189  6  4  2  62       
PG32 -17263.101992  15571.991023  12840.167759   -605.117080  6  5  6  92       
*  2024  1 15  2 15  0.00000000
PG01  22510.515580  13021.813497   5890.763287    166.135122  5  7  5 100       
PG02  22118.568760  14878.344622   -865.813212   -500.744049  6  7  5  32       
PG03  12030.972836  12081.228158  20256.955668    126.734481  5  4  2  81       
PG04  20845.183516   4053.567362  16046.924562    266.300371  6  4  6  80       
PG05  -7332.028450 -21866.972708 -13268.999413   -157.997222  5  4  5  57       
PG06   4211.737381 -14811.208155  21695.433294    444.363674  5  2  2  66       
PG07  20698.852131   1101.700449 -16384.833024    -37.532767  5  7  1  77       
PG08  14201.089296   9490.904014 -20527.258174   -162.136984  6  6  4  48       
PG09  25059.388501  -6610.879168   5873.417930     59.150155  4  7  6  70       
PG10 -10706.122813  20911.784899 -11861.547080    -69.372347  7  6  7  65       
PG11  -6657.156630 -20136.777423  16043.936206   -540.182465  5  5  3  76       
PG12 -11506.045716 -12913.590814  19892.925757   -467.966994  6  5  5  78       
PG13  -3633.343072 -14639.343058 -22063.051314    615.940996  6  2  5  63       
PG14  13355.624073 -17680.171366 -14488.116313    298.906584  6  6  7  95       
PG15 -15056.536778  -8701.980455 -20613.182437    117.329606  4  5  6  86       
PG16    528.509032  25025.512135  -8480.468162   -383.949434  7  4  4  54       
PG17  21806.120886 -13307.461903   7969.690185    719.850998 10  7  6  57       
PG18 -19524.334996    167.282802 -18074.872915   -532.288018  8  5  6  81       
PG19  15131.769562 -15305.025743  15136.080720    426.676144  8  8  8  88       
PG20   -962.259353 -26636.674212    303.862951    391.487004  4     5  72       
PG21  20223.158976  17071.939934  -5210.074667    138.372194  5  3  7  45       
PG22  10462.755162 -23311.647337  -7344.410856     48.103337  6  4  5  95       
PG23 -14550.445851   9421.870096 -20047.130920    135.556191  8  6  8  87       
PG24 -21162.207007 -16158.341898  -3338.224808   -413.974897  5  5  6  66       
PG25 -15320.063756   -100.237622  21348.088748    485.285623  4  4  5  87       
PG26  -3411.479009  25982.143252   2702.807856    200.233113  2  2  4  27       
PG28  -6891.342497  13678.357092  21674.956514    -99.047984  5  3  7  87       
PG29 -25453.883266   3436.568702   6918.432087   -608.672332  8  8  8 101       
PG30  13478.414186  -9094.259773 -20913.149741   -445.328498  5  7  4  87       
PG31   1658.584177  18362.932381  18757.347334   -227.304146  6  5  2  86       
PG32 -18565.767067  15838.599987  10414.313761   -605.119628  5  6  6 100       
*  2024  1 15  2 30  0.00000000
PG01  22861.155788  13464.370832   3057.115440    166.136024  5  7  5 101       
PG02  21735.720275  14906.735389  -3705.353789   -500.738895  6  7  6  48       
PG03  11722.435736  14324.297158  18952.842057    126.757745  5  3  2  94       
PG04  19116.421719   4927.639073  17843.100704    266.309215  5  2  5  65       
PG05  -7070.692855 -23213.583168 -10867.005462   -157.998425  5  3  6  92       
PG06   6236.020733 -13365.637328  22152.415150    444.351806  4  2  3  64       
PG07  22078.553342   2315.930179 -14439.592472    -37.540933  5  6  2  68       
PG08  12101.482222  10587.962342 -21286.881288   -162.137547  6  5  4  29       
PG09  24415.030017  -6026.050208   8557.653071     59.161118  3  6  6  90       
PG10 -10739.891346  19371.814736 -14206.169432    -69.373689  6  7  6  66       
PG11  -5048.923087 -19056.016396  17847.539918   -540.195083  5  5  3  73       
PG12 -11019.276366 -15118.277200  18597.607456   -467.970537  5  4  5  74       
PG13  -1260.698965 -15314.356422 -21846.042338    615.944438  6  2  4  65       
PG14  13350.170843 -15882.869684 -16455.683212    298.915814  6  7  7  83       
PG15 -13159.445285 -10011.641392 -21303.350677    117.332909  5  5  6 103       
PG16    124.569699  25749.313177  -5752.311231   -383.942604  7  4  4  51       
PG17  22531.680458 -13373.166570   5233.765449    719.850103  9  7  6  77       
PG18 -21023.226877  -1101.085435 -16289.517490   -532.296281  7  5  5  93       
PG19  16756.434550 -15634.468323  12924.576469    426.680807  7  9  8  75       
PG20   -681.776474 -26468.754057   3122.714134    391.485689  4     5  74       
PG21  19453.330405  16827.035550  -7882.472560    138.371027  5  3  7  39       
PG22  10485.073698 -22252.768142  -9950.118786     48.097822  6  4  4  94       
PG23 -14471.051623   7065.295295 -21063.671124    135.562986  7  6  7  88       
PG24 -20595.739158 -16162.224120  -6047.950756   -413.981342  4  5  6  59       
PG25 -15126.298980  -2611.331140  21351.284498    485.286818  4  4  4  72       
PG26  -3762.511264  25484.245375   5467.966977    200.229924  2  2  4  39       
PG28  -8967.397858  12305.342252  21737.832158    -99.058199  5  3  7  78       
PG29 -24633.177884   2926.518654   9582.332063   -608.671663  7  7  7  84       
PG30  15368.750814  -7642.744012 -20206.237932   -445.324334  5  6  4  86       
PG31   -245.037293  17115.685608  19991.891339   -227.304555  6  5  1  88       
PG32 -19595.782173  16052.905413   7808.694395   -605.122154  4  6  6  83       
*  2024  1 15  2 45  0.00000000
PG01  22967.637145  13706.602724    171.673720    166.136879  5  7  5  98       
PG02  21069.862429  14812.862577  -6481.461754   -500.734089  6  7  5  63       
PG03  11545.444008  16412.209514  17320.056903    126.781047  5  3  3  72       
PG04  17268.578764   5973.547031  19333.942934    266.318078  5  2  4  65       
PG05  -6877.667689 -24291.184258  -8278.598833   -157.999764  4  2  6  79       
PG06   8363.695976 -12021.554961  22230.497870    444.339952  4  2  3  66       
PG07  23315.805602   3327.923684 -12243.624306    -37.549461  5  6  2  85       
PG08  10001.714950  11826.530530 -21685.010088   -162.138589  5  5  4  67       
PG09  23543.705214  -5263.738270  11094.656252     59.172095  3  6  5  63       
PG10 -10848.470701  17581.316590 -16299.403114    -69.375065  7  7  6  58       
PG11  -3232.355954 -17955.193469  19345.129705   -540.207690  4  5  3  67       
PG12 -10666.355664 -17177.349086  16975.636030   -467.973750  5  4  5  81       
PG13   1031.702046 -16102.395570 -21259.368804    615.947821  6  2  4  48       
PG14  13419.716733 -13882.007299 -18137.554205    298.924991  6  7  7  87       
PG15 -11282.808597 -11447.590496 -21643.262061    117.336424  5  5  6  78       
PG16   -205.152194  26179.457998  -2923.200395   -383.935431  6  4  4  11       
PG17  22970.179870 -13346.552367   2409.391484    719.849475  9  7  6  77       
PG18 -22406.056128  -2165.955089 -14225.659472   -532.304591  7  6  5  83       
PG19  18113.799223 -15950.047004  10484.274381    426.685728  7  9  8  90       
PG20   -351.018395 -26003.890807   5888.427857    391.483771  4     5  71       
PG21  18406.671604  16494.804518 -10424.232961    138.369937  5  3  6  60       
PG22  10529.171253 -20909.486907 -12384.054964     48.091779  6  5  4  58       
PG23 -14519.263440   4614.700410 -21715.895403    135.569785  7  6  7  74       
PG24 -19768.465929 -16058.230367  -8657.157127   -413.987791  4  5  6  80       
PG25 -15058.016281  -5104.556610  20975.960091    485.288022  5  4  4  83       
PG26  -4147.879135  24693.856405   8136.572159    200.226726  3  2  4  35       
PG28 -11099.976579  11049.395940  21425.820502    -99.068536  5  3  7  61       
PG29 -23573.176561   2255.212638  12081.908336   -608.671169  6  7  7  78       
PG30  17240.102311  -6338.936176 -19149.742281   -445.320120  5  6  4  89       
PG31  -2307.286917  15899.672269  20872.914311   -227.304966  6  5  2  75       
PG32 -20348.287224  16175.166174   5067.902688   -605.124673  4  6  6  58       
*  2024  1 15  3  0  0.00000000
PG01  22806.100825  13780.143872  -2716.695509    166.137804  5  7  5  96       
PG02  20113.615191  14633.998927  -9145.945150   -500.729211  6  6  6  77       
PG03  11479.452853  18302.248040  15387.431796    126.804376  5  2  4  94       
PG04  15347.650453   7190.415747  20493.667544    266.326900  4  2  3  61       
PG05  -6718.393342 -25078.246493  -5547.863110   -158.001094  4  2  6  70       
PG06  10552.407649 -10807.180970  21928.672050    444.328072  4  2  4  45       
PG07  24371.199798   4146.156238  -9836.518038    -37.557924  5  6  2  81       
PG08   7945.244177  13187.390842 -21713.695094   -162.139899  5  5  5  53       
PG09  22480.723704  -4306.181863  13440.570817     59.183040  2  5  5  70       
PG10 -11061.007432  15576.093840 -18104.244089    -69.376873  7  7  6  66       
PG11  -1230.806289 -16874.275373  20510.979146   -540.220300  4  5  4  72       
PG12 -10430.450696 -19047.700335  15056.217420   -467.977478  4  4  5  75       
PG13   3201.557633 -16979.561319 -20312.156759    615.951269  6  2  4  89       
PG14  13587.874377 -11715.426489 -19504.868101    298.934250  6  7  6  95       
PG15  -9464.377349 -12987.017705 -21626.996594    117.340028  5  5  6  76       
PG16   -495.871957  26300.625936    -42.562588   -383.928809  6  4  3  66       
PG17  23128.795047 -13189.578296   -455.877760    719.848053  8  7  6  93       
PG18 -23629.082026  -3031.850479 -11918.858787   -532.312842  7  6  4  86       
PG19  19190.219153 -16211.587799   7858.433042    426.690342  7  9  7  75       
PG20     63.850015 -25257.019905   8553.977745    391.482109  4     5  54       
PG21  17084.427614  16113.268914 -12791.756501    138.369126  5  4  6  62       
PG22  10629.473666 -19302.302012 -14602.994978     48.086005  6  5  3  31       
PG23 -14703.934382   2119.451629 -21993.068203    135.576606  7  5  7  83       
PG24 -18679.931844 -15882.857427 -11122.946708   -413.994240  4  5  5  88       
PG25 -15111.271909  -7530.405724  20229.796431    485.289245  5  4  3  82       
PG26  -4599.719132  23627.895315  10661.416646    200.223520  3  3  4  65       
PG28 -13244.672777   9931.308872  20744.295254    -99.078776  5  3  7  52       
PG29 -22309.711366   1402.155795  14374.119516   -608.670671  5  7  7  86       
PG30  19048.669682  -5194.717224 -17762.782397   -445.315911  5  6  3  85       
PG31  -4494.183024  14750.492384  21385.733805   -227.304906  6  5  2  88       
PG32 -20827.132031  16166.784109   2239.145921   -605.127160  3  6  6  78       
*  2024  1 15  3 15  0.00000000
PG01  22360.378429  13721.318962  -5559.496146    166.138662  5  7  5 103       
PG02  18868.510904  14408.917577 -11651.933655   -500.723862  5  6  5  67       
PG03  11497.253898  19957.562641  13188.908323    126.827714  5  2  5  85       
PG04  13399.940129   8569.064771  21302.093343    266.335708  4  4  3  66       
PG05  -6555.607735 -25561.633015  -2721.534609   -158.002069  4  1  5  61       
PG06  12755.845281  -9743.185062  21252.369238    444.316147  3  3  4  68       
PG07  25209.555119   4786.732656  -7260.944671    -37.566555  5  5  3  79       
PG08   5972.173637  14644.086513 -21371.184502   -162.140547  5  4  6  64       
PG09  21265.761291  -3143.108528  15554.742668     59.194011  2  4  4  80       
PG10 -11400.222053  13398.365298 -19588.954722    -69.377822  7  7  5  59       
PG11    924.984133 -15849.404323  21325.021161   -540.232881  4  5  5  65       
PG12 -10287.900104 -20691.652565  12873.698375   -467.980985  4  3  5  71       
PG13   5211.505310 -17915.449855 -19019.614125    615.954455  6  3  3  53       
PG14  13871.714395  -9425.756484 -20534.319589    298.943519  5  7  6  80       
PG15  -7737.730060 -14600.958974 -21254.224808    117.343638  5  5  6  85       
PG16   -784.699024  26106.520950   2838.794403   -383.921670  6  4  3  76       
PG17  23022.906648 -12867.301314  -3313.316672    719.847517  8  7  6  95       
PG18 -24651.733891  -3711.413707  -9408.713279   -532.321113  6  6  3  60       
PG19  19981.302903 -16378.601904   5093.632710    426.694930  7  9  6  69       
PG20    593.127929 -24250.790839  11074.051388    391.480253  4     4  71       
PG21  15496.416029  15720.271393 -14943.521538    138.367866  5  5  6  36       
PG22  10816.453210 -17459.751869 -16567.014164     48.080119  6  5  3  84       
PG23 -15025.604467   -370.009845 -21890.974815    135.583376  6  4  6  82       
PG24 -17337.398814 -15672.847192 -13404.965505   -414.000677  4  6  5  87       
PG25 -15274.253184  -9841.609754  19127.136182    485.290465  5  4  3  87       
PG26  -5146.563716  22311.172232  12997.862503    200.220448  3  3  4  75       
PG28 -15354.706714   8964.097145  19705.013308    -99.089065  6  3  7  56       
PG29 -20883.460651    354.244500  16419.401212   -608.670403  5  7  6  98       
PG30  20750.601304  -4214.031966 -16070.083137   -445.311697  5  6  3  62       
PG31  -6765.991589  13698.015104  21522.378786   -227.305302  6  5  2  95       
PG32 -21044.628410  15991.967515   -628.568125   -605.129706  3  6  6  65       
*  2024  1 15  3 30  0.00000000
PG01  21622.631167  13569.587019  -8309.354397    166.139575  6  6  5  94       
PG02  17345.197673  14176.253028 -13954.747454   -500.718854  5  6  5  68       
PG03  11566.185705  21348.424656  10762.907451    126.851032  5  2  5  80       
PG04  11470.397600  10092.184164  21745.003178    266.344517  4  5  3  39       
PG05  -6350.965303 -25737.070437    151.783998   -158.003717  5  1  5  83       
PG06  14925.357085  -8842.019616  20213.352878    444.304241  3  2  4  70       
PG07  25801.191183   5272.462353  -4561.846954    -37.574839  4  5  2  83       
PG08   4117.861084  16163.773383 -20662.038603   -162.143570  5  5  6  61       
PG09  19941.336094  -1772.352931  17400.439341     59.204923  3  4  4  84       
PG10 -11881.368936  11095.225076 -20727.656892    -69.379322  7  7  5  66       
PG11   3197.862601 -14911.529592  21773.192885   -540.245455  4  5  5  56       
PG12 -10209.328196 -22078.259184  10466.883970   -467.984680  3  3  5  81       
PG13   7030.371544 -18874.261521 -17402.842715    615.957801  6  4  3  57       
PG14  14281.013850  -7058.920427 -21208.543687    298.952880  5  7  5  80       
PG15  -6131.178519 -16255.210752 -20530.250782    117.347045  5  5  5  38       
PG16  -1108.943909  25600.206567   5669.640102   -383.914665  6  4  3  63       
PG17  22675.497633 -12349.420321  -6113.821748    719.846435  7  7  6 103       
PG18 -25438.127727  -4224.709988  -6738.184526   -532.329398  6  7  3  62       
PG19  20491.907133 -16412.043333   2238.874408    426.699791  7  9  6  99       
PG20   1262.230971 -23014.727851  13405.792908    391.478673  3  1  4  63       
PG21  13660.979192  15351.938167 -16840.830308    138.366745  5  5  5  77       
PG22  11115.229087 -15417.523164 -18240.290764     48.074254  6  5  3  61       
PG23 -15476.472115  -2803.925139 -21411.955376    135.590158  6  4  6  68       
PG24 -15755.681452 -15463.720514 -15465.961670   -414.007108  4  6  5  96       
PG25 -15527.843917 -11994.799867  17688.629586    485.291668  5  4  3  75       
PG26  -5811.993117  20775.471100  15104.692903    200.217245  4  4  4  76       
PG28 -17382.581090   8152.628824  18325.911053    -99.099325  6  3  6  72       
PG29 -19338.422464   -893.517181  18182.354556   -608.669674  5  7  6  90       
PG30  22303.576262  -3392.951616 -14101.491673   -445.307438  5  6  3  84       
PG31  -9078.637806  12765.290695  21281.663745   -227.305376  5  5  3  82       
PG32 -21020.974391  15619.308296  -3485.296233   -605.132202  2  6  6  69       
*  2024  1 15  3 45  0.00000000
PG01  20593.687842  13365.899629 -10920.730548    166.140549  6  6  5  95       
PG02  15563.295191  13972.842084 -16012.767257   -500.713716  5  7  4  46       
PG03  11649.558526  22453.205445   8151.628497    126.874381  5  3  5  72       
PG04   9601.015343  11734.830250  21814.408548    266.353317  5  5  3  41       
PG05  -6066.715645 -25609.290387   3022.457511   -158.005600  5  1  5  88       
PG06  17011.656725  -8107.575860  18829.508191    444.292303  4  3  5  72       
PG07  26122.976726   5631.702620  -1785.634231    -37.583318  4  5  2  65       
PG08   2411.698060  17708.337200 -19597.142178   -162.145173  5  5  6  70       
PG09  18551.182098   -200.161291  18945.505925     59.215851  3  3  4  67       
PG10 -12511.516167   8716.915711 -21500.798857    -69.381360  7  7  4  66       
PG11   5545.493775 -14085.250344  21847.680792   -540.258033  5  5  5  59       
PG12 -10160.985192 -23184.338916   7878.283944   -467.987875  2  3  5  55       
PG13   8634.197377 -19816.136215 -15488.552971    615.961171  6  4  4  46       
PG14  14817.805411  -4662.526231 -21516.389374    298.962189  5  7  5  48       
PG15  -4666.858670 -17911.444013 -19465.990605    117.350833  5  5  5  70       
PG16  -1504.393757  24794.070492   8399.317937   -383.907485  6  4  3  57       
PG17  22116.259802 -11611.676502  -8808.746011    719.845821  6  7  6  58       
PG18 -25958.413712  -4598.253051  -3952.874541   -532.337663  5  7  3  58       
PG19  20735.761395 -16276.011354   -655.364695    426.704625  7  9  7 102       
PG20   2090.530119 -21584.145057  15509.506162    391.476677  3  1  4  68       
PG21  11604.623730  15041.168427 -18448.567141    138.365687  5  6  5  63       
PG22  11544.367148 -13217.264968 -19591.860713     48.068533  6  5  3  45       
PG23 -16040.701897  -5134.938051 -20564.824622    135.596939  6  4  6  82       
PG24 -13956.725706 -15288.375497 -17272.295784   -414.013525  4  6  5  70       
PG25 -15846.492695 -13951.993848  15940.760967    485.292883  5  4  3  69       
PG26  -6613.495771  19058.359650  16944.892340    200.214051  4  4  4  21       
PG28 -19281.774174   7493.576718  16630.792966    -99.109601  6  3  6  49       
PG29 -17720.268294  -2337.613847  19632.368518   -608.669141  5  7  6  85       
PG30  23668.326989  -2720.045354 -11891.416336   -445.303222  5  5  2  64       
PG31 -11385.283286  11967.762059  20669.124947   -227.305702  5  5  3  75       
PG32 -20783.369479  15023.206877  -6281.059916   -605.134678  2  6  6  92       
*  2024  1 15  4  0  0.00000000
PG01  19283.075665  13151.032312 -13350.585050    166.141466  6  6  5  84       
PG02  13550.895742  13832.112868 -17788.284545   -500.708857  5  7  4  62       
PG03  11708.234984  23259.044592   5400.292396    126.897733  5  4  6  35       
PG04   7829.343019  13465.225125  21508.711542    266.362160  5  5  4  70       
PG05  -5667.375650 -25191.832246   5840.685446   -158.006568  5  2  5  81       
PG06  18966.559734  -7535.174624  17124.535030    444.280376  4  3  4  70       
PG07  26159.124321   5897.022569   1020.603701    -37.591507  4  5  2  76       
PG08    876.111862  19235.739684 -18193.608518   -162.147474  4  5  7  83       
PG09  17138.583155   1558.832442  20162.944947     59.226730  4  3  3  67       
PG10 -13289.174504   6314.988307 -21895.486505    -69.381541  7  6  4  72       
PG11   7921.790862 -13387.914000  21547.061727   -540.270620  5  5  6  54       
PG12 -10106.255089 -23995.202125   5153.306762   -467.991606  2  3  5  54       
PG13  10006.999606 -20698.669020 -13308.681028    615.964449  6  5  4  54       
PG14  15476.243102  -2284.204626 -21453.079629    298.971417  5  7  5  47       
PG15  -3360.039086 -19528.484278 -18077.882810    117.354219  5  5  5  36       
PG16  -2003.632442  23709.412337  10978.754941   -383.900430  6  4  3  72       
PG17  21380.435599 -10637.050647 -11350.761352    719.844965  5  7  6  88       
PG18 -26189.905020  -4863.789035  -1100.264727   -532.345986  5  7  2  68       
PG19  20734.741858 -15939.325084  -3538.095873    426.709057  7  9  7  96       
PG20   3090.420775 -19998.856050  17349.308739    391.475038  2  2  4  59       
PG21   9361.343004  14816.209709 -19735.952730    138.364513  5  7  4  67       
PG22  12114.935826 -10905.148683 -20596.301736     48.062529  6  5  3  74       
PG23 -16695.053877  -7319.713169 -19364.681509    135.603720  6  5  5  69       
PG24 -11968.947094 -15175.795632 -18794.401607   -414.019961  4  6  5  69       
PG25 -16199.341698 -15681.852050  13915.272661    485.294104  5  4  4  61       
PG26  -7561.586329  17201.777464  18486.336201    200.210928  4  5  5  43       
PG28 -21008.404561   6975.698493  14648.917950    -99.119860  7  3  5  59       
PG29 -16074.639888  -3965.945886  20744.164513   -608.668569  5  7  5  69       
PG30  24810.044272  -2177.041479  -9478.199892   -445.299021  5  5  2  77       
PG31 -13638.001845  11312.802591  19696.826321   -227.305733  5  5  4  55       
PG32 -20364.853443  14185.083777  -8966.762387   -605.137220  1  6  5  85       
*  2024  1 15  4 15  0.00000000
PG01  17708.747966  12963.947113 -15558.995013    166.142423  6  6  5  93       
PG02  11343.718194  13782.591715 -19248.308749   -500.703558  5  7  4  52       
PG03  11702.303203  23762.185718   2556.344241    126.921061  4  5  6  52       
PG04   6187.177317  15245.831728  20832.759727    266.370990  4  5  4  46       
PG05  -5121.327828 -24506.510923   8557.386882   -158.007853  6  3  5  92       
PG06  20744.685322  -7111.890655  15127.548795    444.268405  4  3  4  57       
PG07  25901.711473   6103.743375   3809.852501    -37.600094  4  5  2  81       
PG08   -474.167806  20701.546249 -16474.570374   -162.148365  4  6  7  40       
PG09  15744.732576   3481.960343  21031.408537     59.237664  4  2  3  69       
PG10 -14204.288604   3940.427502 -21905.674044    -69.382134  7  6  5  87       
PG11  10278.496274 -12829.004853  20876.337015   -540.283189  5  5  6  61       
PG12 -10007.267222 -24505.046924   2339.420262   -467.995505  2  4  5           
PG13  11141.235260 -21478.551713 -10899.909383    615.967930  6  5  5  61       
PG14  16242.787744     30.041071 -21020.257436    298.980666  4  7  5  29       
PG15  -2218.673518 -21063.718195 -16387.726667    117.357688  5  5  4  62       
PG16  -2634.481338  22375.665756  13361.456992   -383.893474  6  4  4  54       
PG17  20507.433269  -9416.703099 -13694.733119    719.844639  5  7  6  84       
PG18 -26117.946774  -5056.885845   1771.071355   -532.354261  5  7  3  91       
PG19  20517.828826 -15376.904554  -6358.779600    426.713548  6  9  7  40       
PG20   4266.657440 -18301.725418  18893.727443    391.473384  1  3  4  67       
PG21   6971.630144  14699.380771 -20677.274288    138.363553  5  7  4  53       
PG22  12829.866357  -8530.227151 -21234.324284     48.057035  6  5  4  78       
PG23 -17409.807624  -9320.391415 -17832.614537    135.610499  5  5  5  84       
PG24  -9826.351489 -15149.909225 -20007.196465   -414.026376  4  6  4  73       
PG25 -16551.563915 -17160.657210  11648.504787    485.295323  5  4  4  57       
PG26  -8659.218327  15250.462601  19702.374112    200.207667  4  5  5  29       
PG28 -22522.803411   6580.432505  12414.490665    -99.130135  7  4  5  45       
PG29 -14445.454501  -5758.092753  21498.252847   -608.668173  5  6  5  63       
PG30  25699.613312  -1739.748249  -6903.440095   -445.294816  5  5  2  60       
PG31 -15789.484646  10799.592352  18383.045596   -227.306004  4  5  4  61       
PG32 -19802.913519  13094.324583 -11495.102531   -605.139756     6  5  83       
*  2024  1 15  4 30  0.00000000
PG01  15896.522165  12840.241837 -17509.718257    166.143408  6  6  6  73       
PG02   8983.938972  13846.596138 -20365.306601   -500.698561  5  8  4  55       
PG03  11592.776452  23967.971057   -331.369909    126.944434  4  6  6  18       
PG04   4699.477943  17034.665374  19797.791233    266.379810  5  5  5  66       
PG05  -4402.279159 -23582.567195  11125.085788   -158.009546  6  4  5  99       
PG06  22305.060701  -6817.197311  12872.595558    444.256447  4  3  4  74       
PG07  25350.918916   6288.411348   6535.890770    -37.608697  4  5  1  73       
PG08  -1632.544031  22060.579364 -14468.855239   -162.151427  4  6  7  71       
PG09  14407.182837   5539.192820  21535.592593     59.248603  4  1  2  66       
PG10 -15238.587414   1641.819340 -21532.213473    -69.383627  7  6  5  74       
PG11  12566.852468 -12409.846674  19846.858424   -540.295713  5  6  5  78       
PG12  -9826.545286 -24717.016027   -514.702900   -467.998981  2  4  5  55       
PG13  12037.947355 -22113.279375  -8303.094396    615.971081  5  5  5  66       
PG14  17096.702529   2237.410285 -20225.919530    298.989880  4  7  4  65       
PG15  -1243.217375 -22474.581999 -14422.443932    117.361359  5  5  4  62       
PG16  -3418.633008  20829.284245  15504.461056   -383.886439  6  5  4  45       
PG17  19539.264647  -7950.609785 -15798.588612    719.843398  4  7  6  86       
PG18 -25736.493477  -5215.381691   4612.269775   -532.362543  5  7  3  76       
PG19  20119.796092 -14570.901980  -9068.259996    426.718478  6  9  7 101       
PG20   5615.979889 -16537.115324  20116.226565    391.471088     4  4  66       
PG21   4481.203089  14706.003019 -21252.567551    138.362247  5  8  3  74       
PG22  13683.653388  -6142.657748 -21493.247862     48.050967  6  6  4  66       
PG23 -18149.943090 -11105.829681 -15995.310115    135.617372  5  5  5  84       
PG24  -7567.467285 -15228.636802 -20890.440160   -414.032680  4  6  4  60       
PG25 -16865.849622 -18372.986002   9180.669994    485.296544  5  4  4  66       
PG26  -9901.515083  13250.283787  20572.295073    200.204486  5  5  5  22       
PG28 -23790.933568   6282.785362   9966.066829    -99.140368  7  4  5  70       
PG29 -12873.284101  -7685.904748  21881.291821   -608.667799  5  6  5  68       
PG30  26314.636970  -1379.195513  -4211.270305   -445.290620  5  5  2  79       
PG31 -17794.706498  10419.329936  16751.853626   -227.306230  4  5  4  21       
PG32 -19137.915758  11748.915500 -13821.465154   -605.142267  1  6  5  91       
*  2024  1 15  4 45  0.00000000
PG01  13879.249891  12810.737256 -19170.702814    166.144393  6  6  5  85       
PG02   6518.740134  14039.176759 -21117.848572   -500.693114  4  8  4  85       
PG03  11343.253484  23890.499100  -3213.437423    126.967756  3  7  6  40       
PG04   3383.552385  18786.793122  18421.268975    266.388618  4  4  5  73       
PG05  -3490.519367 -22455.531519  13498.778746   -158.011053  6  5  5 100       
PG06  23612.568615  -6623.906802  10398.088546    444.244477  4  3  4  47       
PG07  24514.986721   6487.259276   9153.963552    -37.616876  4  4  1  41       
PG08  -2600.667191  23268.634406 -12210.545010   -162.153458  4  7  6  88       
PG09  13158.446822   7694.105274  21666.524423     59.259596  4     1  67       
PG10 -16366.274920   -536.363374 -20782.766266    -69.385727  7  5  5  70       
PG11  14739.300012 -12123.631147  18476.146385   -540.308333  6  5  5  51       
PG12  -9528.628045 -24642.919065  -3360.038010   -468.002427  3  4  4           
PG13  12706.581533 -22562.856931  -5562.606146    615.974349  5  5  6  58       
PG14  18010.837217   4299.746228 -19084.241617    298.999115  4  7  4  81       
PG15   -426.720410 -23720.082769 -12213.759715    117.364616  5  4  4  32       
PG16  -4370.541948  19112.336889  17369.216357   -383.879564  6  5  4  83       
PG17  18518.864697  -6247.858372 -17624.158822    719.842957  4  8  5  82       
PG18 -25048.373941  -5377.751453   7374.980921   -532.370789  4  7  3  88       
PG19  19579.690983 -13511.539285 -11619.652289    426.723109  5  9  7 131       
PG20   7127.046401 -14749.284237  20995.660849    391.469918     5  4  73       
PG21   1939.477906  14843.597752 -21448.223554    138.361365  4  8  3  84       
PG22  14662.417416  -3791.863269 -21367.343592     48.045167  6  6  5  59       
PG23 -18876.531269 -12652.580053 -13884.572457    135.624104  4  5  4  62       
PG24  -5234.123027 -15423.157764 -21429.040734   -414.039054  4  5  4  83       
PG25 -17103.979099 -19312.054054   6555.082221    485.297776  5  4  4  79       
PG26 -11275.827976  11246.548443  21081.666224    200.201255  5  5  5  88       
PG28 -24785.600887   6052.475819   7345.883058    -99.150627  7  5  4  87       
PG29 -11393.871615  -9714.402796  21886.341828   -608.667182  5  5  5  76       
PG30  26640.210959  -1062.950961  -1447.612588   -445.286415  5  4  2  71       
PG31 -19612.489022  10155.763761  14832.601403   -227.306678  3  5  5  81       
PG32 -18411.424736  10155.739539 -15904.766667   -605.144804  2  6  5  89       
*  2024  1 15  5  0  0.00000000
PG01  11695.748805  12900.248575 -20514.540101    166.145426  5  6  5  68       
PG02   3998.630049  14367.362073 -21491.138327   -500.688227  4  8  4  95       
PG03  10921.476347  23551.962134  -6040.710755    126.991131  3  7  6  48       
PG04   2248.542038  20455.964504  16726.604914    266.397464  4  3  5  81       
PG05  -2373.924796 -21165.844613  15636.766550   -158.012230  6  5  5 105       
PG06  24639.184420  -6499.370325   7746.174091    444.232476  4  2  4  44       
PG07  23409.897604   6734.708904  11621.408593    -37.625106  4  4  1  52       
PG08  -3388.218753  24284.190047  -9738.423185   -162.154783  3  8  6  74       
PG09  12024.806245   9905.102930  21421.737328     59.270584  3  1     71       
PG10 -17555.028162  -2555.290454 -19671.584334    -69.387003  7  5  5  84       
PG11  16751.138546 -11955.771561  16787.602595   -540.320834  6  5  5  42       
PG12  -9081.599153 -24302.637892  -6148.043859   -468.005998  4  4  4  71       
PG13  13164.475817 -22791.438452  -2725.588721    615.977809  5  5  6  65       
PG14  18952.668535   6184.789284 -17615.300556    299.008283  3  7  4  84       
PG15    244.800756 -24762.299966  -9797.798768    117.367834  5  4  4  59       
PG16  -5496.624766  17270.875142  18922.368419   -383.872430  6  5  5  81       
PG17  17488.359783  -4326.581656 -19137.971090    719.841851  4  8  5  77       
PG18 -24065.234050  -5581.452319  10012.165533   -532.379081  4  7  3  91       
PG19  18939.171475 -12197.621565 -13969.165347    426.728138  5  9  6  94       
PG20   8780.678515 -12980.796884  21516.645731    391.468028     5  4  72       
PG21   -602.158199  15111.399003 -21257.491243    138.359994  3  8  3 100       
PG22  15744.333872  -1524.709886 -20858.027389     48.039253  5  6  5  80       
PG23 -19548.280294 -13945.574421 -11536.764546    135.630860  4  5  5  60       
PG24  -2870.109076 -15737.421471 -21613.304630   -414.045439  4  5  4  84       
PG25 -17228.417549 -19979.729954   3817.357632    485.298982  5  4  5  58       
PG26 -12762.116781   9282.356551  21222.541085    200.198090  5  5  5  86       
PG28 -25487.411216   5855.289605   4599.123155    -99.160921  7  5  3  57       
PG29 -10036.842434 -11802.953459  21513.008461   -608.666752  5  5  5  79       
PG30  26669.425442   -756.559490   1340.584822   -445.282222  5  4  2  64       
PG31 -21206.902753   9986.014225  12659.330085   -227.306664  3  5  5  77       
PG32 -17664.481491   8330.517796 -17708.235948   -605.147340  3  5  5  93       
*  2024  1 15  5 15  0.00000000
PG01   9389.532341  13126.581315 -21518.859992    166.146462  5  7  5  66       
PG02   1475.605467  14829.747277 -21477.403663   -500.683084  3  8  4  87       
PG03  10300.727328  22981.692185  -8765.123309    127.014491  4  8  6  74       
PG04   1295.230829  21996.311301  14742.777247    266.406225  4  4  5  70       
PG05  -1048.663947 -19757.288893  17501.431332   -158.013717  5  5  5 101       
PG06  25364.956584  -6406.892876   4962.036108    444.220498  4  2  4  34       
PG07  22058.804687   7061.963522  13898.233839    -37.633754  4  4     73       
PG08  -4012.367956  25070.043169  -7095.316188   -162.156676  3  8  6  83       
PG09  11025.374875  12126.857050  20805.327751     59.281547  3  2     73       
PG10 -18767.257204  -4383.060267 -18219.170385    -69.388092  6  5  5  78       
PG11  18562.087375 -11884.568672  14810.120865   -540.333477  6  5  4  49       
PG12  -8458.468914 -23723.243918  -8831.467617   -468.009422  5  4  4  57       
PG13  13436.038863 -22768.832669    158.848311    615.980919  4  4  6  59       
PG14  19885.554966   7867.197231 -15844.700474    299.017503  3  7  4  80       
PG15    791.716054 -25567.812740  -7214.594658    117.371242  4  5  4  53       
PG16  -6794.807218  15353.143384  20136.423265   -383.865445  6  5  4  79       
PG17  16487.356824  -2213.520530 -20311.969616    719.841432  4  8  4  68       
PG18 -22807.159273  -5861.310824  12478.870658   -532.387407  4  7  3 103       
PG19  18240.770883 -10636.710783 -16076.844384    426.732689  5  9  6  80       
PG20  10550.410493 -11271.004469  21669.838221    391.466391     6  4  72       
PG21  -3092.208335  15500.220367 -20680.846970    138.359086  3  8  3  84       
PG22  16900.415935    616.217051 -19973.892733     48.033655  5  6  5  69       
PG23 -20123.177393 -14978.491594  -8992.180386    135.637574  4  5  4  28       
PG24   -519.765613 -16167.921216 -21439.127907   -414.051864  4  5  4  77       
PG25 -17203.869896 -20386.226781   1014.604538    485.300191  5  4  5  70       
PG26 -14333.632870   7397.066947  20993.536932    200.194899  5  6  5  70       
PG28 -25885.436358   5654.591543   1773.133957    -99.171189  7  5  3  65       
PG29  -8824.662062 -13906.675303  20767.470586   -608.666442  5  5  5  70       
PG30  26403.577667   -425.050721   4106.114472   -445.278045  5  4  3  34       
PG31 -22548.458642   9881.647885  10270.119552   -227.307295  3  5  5  75       
PG32 -16935.911996   6297.395833 -19200.111598   -605.149781  4  5  5  87       
*  2024  1 15  5 30  0.00000000
PG01   7007.379341  13499.784903 -22166.665762    166.147511  5  6  5  66       
PG02   -998.766003  15416.452774 -21076.131301   -500.678119  3  8  4  93       
PG03   9461.013548  22214.954057 -11340.477466    127.037867  5  8  6  90       
PG04    516.185029  23364.050652  12503.845571    266.415040  4  5  4  70       
PG05    480.427198 -18275.293511  19059.941610   -158.015346  5  6  5 100       
PG06  25778.693689  -6307.309493   2093.149075    444.208531  4  1  4  33       
PG07  20491.227637   7495.734887  15947.645914    -37.642008  5  4     83       
PG08  -4496.919179  25594.799354  -4327.339021   -162.158232  3  8  5  86       
PG09  10171.454067  14311.896934  19827.893020     59.292547  2  3  2  86       
PG10 -19961.571990  -5995.695878 -16451.830213    -69.389706  6  4  5  73       
PG11  20137.685872 -11882.163514  12577.601855   -540.346059  5  5  3  35       
PG12  -7638.358192 -22937.866264 -11365.107488   -468.012766  5  4  3  58       
PG13  13551.645265 -22471.811671   3040.493812    615.984435  4  4  6  62       
PG14  20770.156509   9329.296210 -13803.111006    299.026745  2  7  4  83       
PG15   1239.877296 -26108.998071  -4507.511104    117.374917  4  6  5  48       
PG16  -8254.438547  13407.713544  20990.273622   -383.858070  6  5  4  82       
PG17  15551.327343     56.774598 -21124.140995    719.840508  4  7  4  85       
PG18 -21301.990429  -6248.011977  14732.974349   -532.395680  3  7  3  97       
PG19  17526.161430  -8844.958486 -17907.222312    426.737359  4  8  6  85       
PG20  12403.325464  -9654.652115  21452.122644    391.464818  1  6  4  91       
PG21  -5480.983679  15992.699011 -19726.203886    138.357487  3  8  3  89       
PG22  18095.620489   2594.161511 -18730.577664     48.027740  5  7  5  85       
PG23 -20560.164262 -15753.795962  -6294.359367    135.644272  3  5  4  69       
PG24   1773.457797 -16703.742249 -20908.124217   -414.058265  4  5  3  77       
PG25 -16998.737172 -20549.491568  -1805.382753    485.301363  4  4  5  80       
PG26 -15957.873641   5624.936204  20399.784562    200.191697  5  6  5  70       
PG28 -25977.563752   5412.935258  -1083.395276    -99.181450  7  6  3  68       
PG29  -7771.881453 -15978.023207  19662.391408   -608.665866  4  4  5  73       
PG30  25852.090714    -34.458290   6802.270560   -445.273889  5  3  4  42       
PG31 -23615.049146   9809.956577   7706.390591   -227.307222  3  5  5  61       
PG32 -16260.737456   4088.190717 -20354.238944   -605.152262  4  5  5  99       
*  2024  1 15  5 45  0.00000000
PG01   4597.790236  14021.689622 -22446.606358    166.148525  5  6  5  63       
PG02  -3375.257724  16109.460148 -20294.133186   -500.672967  2  7  4  87       
PG03   8389.996227  21291.532811 -13723.193789    127.061216  5  8  6  79       
PG04   -103.780155  24519.124867  10048.371250    266.423803  4  7  3  67       
PG05   2199.818245 -16765.181672  20284.869054   -158.016436  5  6  5 100       
PG06  25878.331598  -6160.663504   -811.509623    444.196558  4     4  68       
PG07  18742.046865   8057.143263  17736.530068    -37.650398  5  4     89       
PG08  -4871.181711  25834.154346  -1483.059094   -162.160078  3  7  5  70       
PG09   9466.206402  16412.295559  18506.350126     59.303549  2  3  3  72       
PG10 -21094.394154  -7377.818254 -14401.131113    -69.391124  5  4  5  77       
PG11  21450.479717 -11915.740713  10128.379119   -540.358651  5  4  3  49       
PG12  -6607.443403 -21984.357399 -13706.523638   -468.016170  6  5  3  57       
PG13  13546.288959 -21885.166174   5868.938375    615.987609  3  4  6  72       
PG14  21565.964321  10561.536884 -11525.726892    299.035974  2  8  4  57       
PG15   1619.481944 -26365.146399  -1722.577271    117.378163  4  7  6  71       
PG16  -9856.575470  11481.627219  21469.574405   -383.851063  5  6  5  70       
PG17  14710.158687   2443.077843 -21559.023432    719.839740  4  7  4  68       
PG18 -19584.357241  -6766.747589  16735.888173   -532.403982  2  7  3 104       
PG19  16834.485666  -6846.610224 -19429.871600    426.742389  4  8  6  76       
PG20  14301.149410  -8160.666333  20866.696475    391.462956  2  6  4  85       
PG21  -7722.490351  16563.921565 -18408.938675    138.356697  3  8  3  78       
PG22  19290.230101   4379.499120 -17150.466697     48.021896  4  7  4  79       
PG23 -20820.782692 -16282.448866  -3489.353941    135.651021  3  5  4  67       
PG24   3968.423895 -17326.887117 -20027.684343   -414.064687  5  5  3  84       
PG25 -16586.422225 -20494.323333  -4594.913189    485.302566  4  4  5  62       
PG26 -17597.765893   3993.981460  19452.756760    200.188493  5  6  5  80       
PG28 -25770.516920   5093.707035  -3921.275331    -99.191724  7  6  3  80       
PG29  -6884.700346 -17968.489689  18216.712782   -608.665563  4  4  5  71       
PG30  25032.143714    446.705049   9383.593958   -445.269682  5  3  4  54       
PG31 -24392.609809   9735.388524   5012.175010   -227.307668  3  5  5  40       
PG32 -15668.753338   1741.329306 -21150.552977   -605.154793  4  5  5 110       
*  2024  1 15  6  0  0.00000000
PG01   2209.380117  14685.744364 -22353.182826    166.149533  5  5  6  82       
PG02  -5608.803371  16883.314425 -19145.438210   -500.667982  3  7  4  84       
PG03   7083.631469  20254.169727 -15873.011543    127.084617  6  8  6  75       
PG04   -586.824693  25426.713130   7418.752345    266.432559  4  8  3  93       
PG05   4087.609350 -15270.431852  21154.702724   -158.017685  5  7  5  86       
PG06  25670.966083  -5927.923199  -3702.276337    444.184652  3     4  64       
PG07  16850.330136   8760.823436  19235.882345    -37.658905  5  4     83       
PG08  -5168.606761  25771.909518   1387.404565   -162.161614  4  7  5  56       
PG09   8904.660370  18381.382654  16863.638508     59.314515  2  3  4  72       
PG10 -22121.647866  -8522.977377 -12103.281675    -69.392993  4  4  5  60       
PG11  22480.946871 -11948.935833   7504.565578   -540.371241  5  4  3  50       
PG12  -5359.631341 -20903.808722 -15816.689798   -468.019763  6  5  3  85       
PG13  13458.047042 -21002.459982   8594.498832    615.990913  3  4  6  60       
PG14  22232.881687  11562.641504  -9051.658904    299.045201  2  8  3  21       
PG15   1963.742381 -26323.345288   1092.258150    117.381472  3  8  6  63       
PG16 -11574.620335   9618.627173  21566.960625   -383.844016  5  6  5  74       
PG17  13986.938937   4898.914635 -21608.080952    719.839315  4  7  4  72       
PG18 -17694.464560  -7436.075368  18453.206994   -532.412288  2  7  4 104       
PG19  16200.819578  -4673.206907 -20619.851697    426.746894  4  8  6  70       
PG20  16201.564220  -6811.169218  19923.052701    391.461107  2  6  4  71       
PG21  -9776.194044  17182.415956 -16751.719779    138.355432  3  8  3  70       
PG22  20441.449742   5950.734300 -15262.234757     48.015936  4  7  4  66       
PG23 -20870.728932 -16583.305744   -624.962046    135.657735  3  5  4  34       
PG24   6027.662570 -18012.873141 -18810.961407   -414.071070  5  4  3  75       
PG25 -15946.439910 -20251.258821  -7307.160495    485.303750  4  4  5  45       
PG26 -19213.027588   2525.107838  18169.984367    200.185312  5  6  5  71       
PG28 -25279.546562   4662.739174  -6691.666419    -99.201935  6  6  4  55       
PG29  -6160.866431 -19830.357186  16455.335344   -608.664869  4  5  6  48       
PG30  23968.028799   1046.070209  11806.592345   -445.265487  4  4  4  48       
PG31 -24875.483338   9621.074792   2233.366814   -227.308121  3  6  5  41       
PG32 -15183.336457   -699.478176 -21575.436671   -605.157398  4  5  5  92       
*  2024  1 15  6 15  0.00000000
PG01   -110.738497  15477.163784 -21886.885011    166.150578  5  5  6  74       
PG02  -7660.140390  17706.162704 -17651.010135   -500.662956  3  7  4  81       
PG03   5546.500118  19146.905533 -17753.631726    127.108016  6  8  6  62       
PG04   -961.028583  26058.554786   4660.484548    266.441290  4  8  3  84       
PG05   6114.196484 -13831.024276  21654.248974   -158.019054  5  7  4  95       
PG06  25172.548493  -5572.671526  -6529.634387    444.172725  3     4  70       
PG07  14858.029794   9614.263300  20421.194584    -37.667252  5  4     87       
PG08  -5425.247808  25400.675120   4233.326589   -162.162994  4  6  4  74       
PG09   8474.045589  20175.417713  14928.312276     59.325550  2  3  4  69       
PG10 -23000.462744  -9433.636176  -9598.448530    -69.394470  4  5  6  76       
PG11  23218.127102 -11943.392101   4751.331197   -540.383819  5  3  3  50       
PG12  -3896.942896 -19738.972264 -17660.579602   -468.023090  7  6  3  73       
PG13  13326.415578 -19826.448018  11169.144028    615.994503  2  3  5  68       
PG14  22732.796428  12339.439154  -6423.266702    299.054436  1  8  2  40       
PG15   2307.407780 -25979.087925   3887.945601    117.385282  3  8  7  35       
PG16 -13375.281276   7857.554143  21282.106793   -383.837168  5  6  5  77       
PG17  13397.032627   7374.223341 -21269.927759    719.838445  4  7  5  83       
PG18 -15676.675243  -8267.032916  19855.295863   -532.420508  2  7  4 102       
PG19  15654.823842  -2362.519225 -21458.049969    426.751978  4  8  6  82       
PG20  18059.692239  -5620.758140  18636.856468    391.459318  2  6  4  76       
PG21 -11608.572448  17811.471735 -14784.130090    138.353900  3  8  3  91       
PG22  21505.146053   7295.148131 -13100.246301     48.010431  3  6  4  66       
PG23 -20681.258966 -16682.223379   2250.064130    135.664489  3  5  4  75       
PG24   7918.611049 -18731.588010 -17276.775377   -414.077486  5  4  3  72       
PG25 -15065.295511 -19855.271622  -9896.888161    485.304954  5  4  5  75       
PG26 -20761.651587   1231.529229  16574.670842    200.182133  5  6  5  69       
PG28 -24527.804975   4089.829525  -9346.919535    -99.212166  6  6  4  67       
PG29  -5589.914745 -21518.432722  14408.689400   -608.664659  3  5  5  66       
PG30  22690.259239   1786.182225  14030.427025   -445.261306  4  4  4  73       
PG31 -25066.479254   9430.393049   -583.033697   -227.308195  4  5  5  62       
PG32 -14820.529082  -3186.773851 -21621.947815   -605.159955  2  4  4  88       
*  2024  1 15  6 30  0.00000000
PG01  -2318.529023  16373.384174 -21054.253974    166.151699  5  4  6  67       
PG02  -9497.202602  18541.081881 -15838.299576   -500.657981  3  7  5  69       
PG03   3791.815510  18013.392306 -19333.294869    127.131376  6  8  6  93       
PG04  -1259.099059  26394.030951   1821.361457    266.450092  4  9  4  80       
PG05   8243.250908 -12481.940465  21774.908135   -158.020469  5  7  4  89       
PG06  24407.254571  -5062.703854  -9245.050891    444.160755  3  2  4  80       
PG07  12808.591756  10617.395092  21272.792331    -37.675514  5  4     87       
PG08  -5678.109332  24722.228364   7004.342696   -162.163956  5  6  5  90       
PG09   8154.444581  21755.156938  12734.029675     59.336582  2  3  4  68       
PG10 -23690.823485 -10120.815647  -6930.025506    -69.395741  3  5  6  67       
PG11  23659.930140 -11860.405638   1916.124125   -540.396437  4  2  3  74       
PG12  -2229.595313 -18532.646453 -19207.683239   -468.026727  7  6  2  85       
PG13  13190.585750 -18369.136155  13547.400854    615.997973  1  3  5  75       
PG14  23031.085703  12906.397900  -3685.444625    299.063616  2  8  2  46       
PG15   2685.194591 -25336.572159   6615.213670    117.388949  3  8  7  46       
PG16 -15219.807954   6230.975147  20621.632544   -383.830245  4  6  4  70       
PG17  12947.491430   9817.181276 -20550.392718    719.837554  4  6  5  78       
PG18 -13577.941376  -9262.541785  20917.804429   -532.428744  2  6  4 101       
PG19  15219.630445     42.739958 -21931.416605    426.756710  4  8  7  80       
PG20  19829.697553  -4596.080142  17029.715398    391.457792  2  5  4  69       
PG21 -13194.373342  18410.730991 -12542.087358    138.353167  4  7  3  89       
PG22  22437.650182   8409.070258 -10703.828235     48.004385  3  6  4  70       
PG23 -20230.392578 -16610.911921   5086.821458    135.671267  3  6  4  75       
PG24   9614.693347 -19448.380276 -15449.430490   -414.083913  5  4  3  72       
PG25 -13937.104277 -19344.335016 -12321.130943    485.306153  5  4  4  39       
PG26 -22201.451773    118.498634  14695.217518    200.178963  4  5  5  18       
PG28 -23545.428693   3350.107713 -11841.395128    -99.222425  6  5  4  66       
PG29  -5153.738024 -22991.696638  12112.203835   -608.664214  1  6  5  85       
PG30  21234.461487   2683.462758  16017.558559   -445.257129  4  4  4  63       
PG31 -24976.632898   9128.511127  -3389.672487   -227.308529  4  5  5  34       
PG32 -14588.436512  -5671.033139 -21289.911201   -605.162508  2  4  3  86       
*  2024  1 15  6 45  0.00000000
PG01  -4374.506220  17344.817709 -19867.865034    166.152725  5  4  6  61       
PG02 -11096.199743  19347.633570 -13740.644506   -500.652795  4  6  5  90       
PG03   1841.109420  16895.235992 -20585.286776    127.154738  6  8  5  96       
PG04  -1516.891638  26420.960585  -1049.370882    266.458853  4  9  5  88       
PG05  10432.973269 -11251.877092  21514.822203   -158.021638  5  7  4  89       
PG06  23406.548876  -4371.471773 -11801.803752    444.148834  3  3  4  90       
PG07  10745.519619  11762.452565  21776.124878    -37.683759  5  5     90       
PG08  -5963.454779  23747.508737   9651.415552   -162.165512  5  5  5  86       
PG09   7919.734255  23087.252393  10318.949809     59.347607  2  3  4  37       
PG10 -24157.104930 -10603.422029  -4143.869997    -69.397424  3  5  6  51       
PG11  23813.110075 -11662.594539   -952.151166   -540.408917  3  2  4  41       
PG12   -375.783035 -17326.083689 -20432.451113   -468.029675  7  7  3  73       
PG13  13087.732447 -16651.476297  15687.219153    616.001038  1  3  5  85       
PG14  23097.997140  13284.873596   -884.871684    299.072784  2  7  2  53       
PG15   3130.188728 -24408.667207   9225.492061    117.392138  4  8  8  81       
PG16 -17065.445047   4764.096708  19598.864114   -383.823389  4  6  4  80       
PG17  12636.828324  12176.115584 -19462.419489    719.836570  4  6  6  90       
PG18 -11446.141479 -10417.126332  21622.099888   -532.437010  3  6  4  95       
PG19  14911.001544   2496.373613 -22033.095946    426.761447  4  8  8  72       
PG20  21466.443864  -3735.719358  15128.844682    391.456281     5  4  62       
PG21 -14517.510135  18937.974261 -10067.076506    138.352025  4  7  4  72       
PG22  23197.542868   9297.766884  -8116.439639     47.998665  3  6  4  72       
PG23 -19503.871561 -16405.575380   7837.059680    135.677972  4  6  4  93       
PG24  11096.196154 -20125.352311 -13358.439666   -414.090291  5  4  3  58       
PG25 -12563.934493 -18757.901689 -14539.827558    485.307321  5  4  4  50       
PG26 -23491.611271   -816.648244  12564.672639    200.175781  4  5  6  40       
PG28 -22368.365477   2425.194665 -14132.244998    -99.232692  6  5  5  58       
PG29  -4827.465289 -24214.800233   9605.682562   -608.663766     6  5  83       
PG30  19640.091071   3747.402285  17734.343803   -445.252957  4  5  5  65       
PG31 -24624.677595   8683.855296  -6139.581908   -227.308753  5  5  5  51       
PG32 -14486.960528  -8102.421370 -20585.876771   -605.165048     4  3  85       
*  2024  1 15  7  0  0.00000000
PG01  -6245.060998  18355.884791 -18346.226061    166.153752  5  4  6  97       
PG02 -12442.338025  20083.573368 -11396.539624   -500.647695  5  6  5  84       
PG03   -276.392243  15830.430011 -21488.366252    127.178218  6  7  5 110       
PG04  -1771.804369  26136.078500  -3901.888945    266.467568  5  9  5  83       
PG05  12637.571120 -10162.226017  20878.891126   -158.022785  5  7  3  91       
PG06  22207.978905  -3479.316141 -14155.785062    444.136917  4  3  4  73       
PG07   8710.938591  13034.100437  21922.005619    -37.692180  5  5     95       
PG08  -6315.147015  22496.249310  12127.774999   -162.168535  6  4  5  81       
PG09   7738.778470  24145.428433   7725.048582     59.358637  3  3  4  64       
PG10 -24369.437392 -10907.287924  -1287.520378    -69.398581  3  5  6  72       
PG11  23692.906592 -11315.525891  -3803.984134   -540.421497  2  2  4  55       
PG12   1638.832759 -16157.475583 -21314.662149   -468.033116  7  7  4  81       
PG13  13051.387806 -14702.706161  17550.774613    616.004493  1  4  5  87       
PG14  22909.855047  13502.105185   1930.762808    299.081989  3  7  2  69       
PG15   3672.287173 -23216.538587  11671.858236    117.395963  4  8  8  90       
PG16 -18867.037834   3474.001558  18233.465384   -383.816497  3  7  4  75       
PG17  12455.166268  14401.414597 -18025.803821    719.836300  4  6  6  90       
PG18  -9328.385344 -11716.960685  21955.610258   -532.445249  3  6  4  98       
PG19  14736.786256   4950.272938 -21762.458173    426.766275  5  8  8  95       
PG20  22927.145658  -3030.403934  12966.630045    391.454493     5  4  76       
PG21 -15571.546146  19351.012792  -7405.218617    138.351606  5  7  4  64       
PG22  23747.342666   9974.955705  -5384.764383     47.992830  3  5  4  79       
PG23 -18495.836340 -16105.391771  10453.974293    135.684699  4  6  5  94       
PG24  12350.903345 -20722.814276 -11038.151081   -414.096716  5  4  3  57       
PG25 -10955.865949 -18135.354555 -16516.400525    485.308501  6  4  4  72       
PG26 -24594.174176  -1584.144539  10220.117480    200.172610  4  5  6  38       
PG28 -21036.991448   1304.110227 -16180.144154    -99.242932  6  5  5  36       
PG29  -4580.613433 -25159.353066   6932.600174   -608.663320  1  7  5  74       
PG30  17949.018120   4980.011744  19151.577290   -445.248739  4  5  4  72       
PG31 -24036.252897   8069.452115  -8786.900571   -227.308873  5  4  4  73       
PG32 -14507.876385 -10432.554231 -19522.947827   -605.167624  2  4  4  69       
*  2024  1 15  7 15  0.00000000
PG01  -7903.585144  19366.294246 -16513.585682    166.154755  5  3  6  67       
PG02 -13530.154533  20706.635018  -8848.799452   -500.642632  5  6  5  87       
PG03  -2524.681602  14851.936902 -22027.109655    127.201526  6  7  5 103       
PG04  -2061.110093  25545.175601  -6686.679102    266.476327  5  9  6 104       
PG05  14808.899435  -9226.360761  19878.658585   -158.023635  5  6  3  86       
PG06  20853.743602  -2374.440033 -16266.267146    444.124991  4  4  4  50       
PG07   6744.204580  14409.835214  21706.799636    -37.700665  5  6  2  86       
PG08  -6763.093252  20996.259418  14389.809255   -162.170636  6  4  5  53       
PG09   7576.822988  24911.389663   4997.367492     59.369675  3  4  3  60       
PG10 -24304.854831 -11063.968549   1590.592836    -69.399888  4  6  6  79       
PG11  23322.366828 -10789.236171  -6590.121479   -540.434084  1  3  4  48       
PG12   3781.906441 -15060.568215 -21839.714963   -468.036671  7  7  4  73       
PG13  13109.969159 -12559.358930  19105.190055    616.007973  1  4  5  95       
PG14  22450.047129  13589.995386   4713.546507    299.091227  3  7  2  60       
PG15   4336.748324 -21788.936634  13909.984012    117.399296  4  7  8  89       
PG16 -20578.719984   2369.231517  16550.955183   -383.809591  3  6  4  51       
PG17  12384.754129  16447.355056 -16266.775482    719.835029  5  6  6  85       
PG18  -7269.349958 -13140.245031  21912.070723   -532.453511  3  7  4 102       
PG19  14696.689659   7356.045781 -21125.036430    426.771281  6  8  9  81       
PG20  24172.948586  -2463.526473  10580.093790    391.452724     4  4  73       
PG21 -16359.742264  19609.591385  -4606.210495    138.350544  5  6  4  69       
PG22  24055.024669  10461.976309  -2557.754325     47.986877  2  5  4  73       
PG23 -17209.195462 -15750.889777  12892.977256    135.691434  5  7  5  92       
PG24  13374.458163 -21200.849297  -8527.273861   -414.103073  4  4  3  62       
PG25  -9130.764954 -17514.482411 -18218.280101    485.309659  6  4  4  74       
PG26 -25475.426024  -2201.158410   7702.002776    200.169487  4  5  6  20       
PG28 -19594.572133    -16.106493 -17949.960421    -99.253143  6  4  5  71       
PG29  -4378.465329 -25804.948687   4139.330104   -608.662656  3  7  5  83       
PG30  16204.032839   6375.554633  20244.970188   -445.244527  4  5  5  73       
PG31 -23242.879881   7264.098068 -11287.566231   -227.309168  5  4  4  79       
PG32 -14635.246222 -12616.191243 -18120.486581   -605.170117  3  4  4  79       
*  2024  1 15  7 30  0.00000000
PG01  -9331.351276  20332.531428 -14399.646603    166.155710  6  3  6  85       
PG02 -14363.457900  21176.308151  -6143.643079   -500.637613  5  6  5  71       
PG03  -4862.136432  13986.469700 -22192.167834    127.224893  6  6  5  97       
PG04  -2420.294158  24662.895350  -9355.419908    266.485099  5  9  6  96       
PG05  16898.197168  -8449.256370  18532.071413   -158.025141  5  6  3  85       
PG06  19389.089972  -1053.581719 -18096.617621    444.113084  5  4  4  93       
PG07   4880.603465  15860.649062  21132.554184    -37.708960  4  6  3  90       
PG08  -7331.861502  19282.389914  16397.885327   -162.172496  6  5  5  86       
PG09   7397.036084  25375.425590   2183.210201     59.380722  4  4  3  67       
PG10 -23948.187503 -11109.341767   4441.930742    -69.401389  4  6  6  57       
PG11  22731.374235 -10059.584489  -9262.427751   -540.446715     3  4  82       
PG12   6015.433916 -14063.454878 -21998.840526   -468.039837  7  7  4  59       
PG13  13285.524441 -10263.982771  20323.157605    616.011141  2  5  4  83       
PG14  21709.755195  13583.723186   7416.132781    299.100420  4  7  3  60       
PG15   5142.918376 -20161.170638  15899.056150    117.403001  4  7  8  85       
PG16 -22155.613011   1449.723276  14582.129422   -383.802781  2  7  4  70       
PG17  12400.824786  18273.764921 -14217.437952    719.834633  5  7  7  72       
PG18  -5309.709539 -14657.900047  21491.666898   -532.461764  3  7  5  91       
PG19  14782.357058   9666.642514 -20132.375003    426.775927  6  8  9  87       
PG20  25170.376712  -2011.959536   8010.271316    391.451312     4  4  54       
PG21 -16894.668163  19677.205536  -1722.175519    138.349716  5  6  4  40       
PG22  24095.307130  10786.659994    314.349080     47.980972  2  5  3  44       
PG23 -15655.673400 -15382.282571  15112.434475    135.698181  5  7  5  91       
PG24  14170.430819 -21520.932792  -5868.302341   -414.109555  4  4  3  51       
PG25  -7113.785862 -16930.032250 -19617.369869    485.310822  6  3  4  81       
PG26 -26107.113834  -2690.903231   5053.448153    200.166307  3  5  6  57       
PG28 -18085.626861  -1530.088226 -19411.350805    -99.263406  5  4  5  73       
PG29  -4183.618834 -26139.888510   1274.320345   -608.662535  4  7  5  81       
PG30  14447.324117   7920.571103  20995.560269   -445.240356  4  5  5  84       
PG31 -22280.741331   6253.317564 -13599.975826   -227.309491  5  3  3  77       
PG32 -14846.147781 -14612.795630 -16403.707015   -605.172636  4  4  5  76       
*  2024  1 15  7 45  0.00000000
PG01 -10518.110036  21209.505066 -12039.180300    166.156686  6  4  6  79       
PG02 -14954.887097  21455.530936  -3329.729846   -500.632316  6  5  5  83       
PG03  -7242.901830  13253.517733 -21980.431675    127.248242  6  6  5  74       
PG04  -2881.464906  23512.194529 -11861.841872    266.493870  5  8  6  98       
PG05  18857.849502  -7827.455318  16863.119765   -158.026479  5  5  3  85       
PG06  17860.598609    477.641077 -19614.950296    444.101165  5  5  3  91       
PG07   3150.184396  17351.940703  20207.066443    -37.717428  4  6  3  84       
PG08  -8039.527464  17395.226364  18117.079495   -162.175296  6  5  5  80       
PG09   7162.132501  25536.689566   -668.697287     59.391796  5  4  3  53       
PG10 -23292.670561 -11082.065957   7218.614630    -69.402186  5  6  6  86       
PG11  21955.422521  -9109.384592 -11774.727413   -540.459304  1  3  5  38       
PG12   8296.986525 -13187.587608 -21789.235145   -468.043285  7  7  4  72       
PG13  13592.748574  -7863.623114  21183.447042    616.014887  2  6  4  98       
PG14  20688.402717  13520.240503   9992.519643    299.109661  5  6  3  70       
PG15   6103.195282 -18373.806023  17602.643467    117.406291  5  6  7  93       
PG16 -23555.469460    707.088681  12362.407465   -383.795953  3  7  3  62       
PG17  12472.754019  19847.450258 -11915.083856    719.833551  6  7  6  73       
PG18  -3484.719934 -16234.555999  20701.070207   -532.469969  4  7  5  89       
PG19  14977.765690  11837.922349 -18801.794552    426.780955  7  9 10  72       
PG20  25892.588617  -1647.135676   5301.507767    391.449544     4  4  62       
PG21 -17197.402507  19522.742907   1193.529697    138.348330  5  6  4  56       
PG22  23850.656284  10981.955367   3180.988233     47.975211  3  5  3  62       
PG23 -13855.533681 -15037.821044  17074.359357    135.704928  5  7  5  90       
PG24  14750.079754 -21647.543334  -3106.841563   -414.116027  4  4  3  76       
PG25  -4936.617353 -16412.386837 -20690.451876    485.312022  6  3  4  36       
PG26 -26467.463645  -3081.529501   2319.516591    200.163108  3  5  6  84       
PG28 -16554.259472  -3224.154285 -20539.275027    -99.273623  5  5  5  43       
PG29  -3957.644048 -26161.575446  -1612.767273   -608.662145  5  7  5  80       
PG30  12718.985840   9594.195610  21390.046587   -445.236222  4  5  5  81       
PG31 -21189.310261   5030.077243 -15685.607430   -227.309544  6  3  3  97       
PG32 -15111.684654 -16387.900793 -14403.167205   -605.175132  5  4  5  48       
*  2024  1 15  8  0  0.00000000
PG01 -11462.375057  21952.295492  -9471.541006    166.157613  7  5  6  81       
PG02 -15325.117903  21512.225802   -457.174987   -500.627509  6  5  5  80       
PG03  -9618.436895  12664.653086 -21395.103226    127.271531  6  5  5  79       
PG04  -3471.901197  22123.489972 -14162.547819    266.502637  5  8  6  98       
PG05  20643.105124  -7349.377479  14901.367798   -158.027367  4  5  4  73       
PG06  16314.423851   2204.731942 -20794.699420    444.089251  5  5  2  52       
PG07   1576.768620  18844.649511  18943.881863    -37.725958  4  6  3  59       
PG08  -8896.799710  15379.567242  19517.801944   -162.177644  6  6  4  71       
PG09   6836.015473  25403.142736  -3509.066549     59.402837  5  5  3  67       
PG10 -22340.250462 -11021.953315   9874.170622    -69.403643  5  6  6  99       
PG11  21034.182876  -7929.270189 -14083.612849   -540.471900  2  4  5  54       
PG12  10581.110505 -12447.041600 -21214.112640   -468.046526  7  7  4  65       
PG13  14038.312311  -5408.131026  21671.288930    616.018337  3  6  4  93       
PG14  19393.802265  13436.709440  12398.807725    299.118879  5  6  4  65       
PG15   7222.282409 -16471.136916  18989.483070    117.409957  5  5  7  87       
PG16 -24740.197312    125.217403   9931.121981   -383.789226  3  7  4  57       
PG17  12565.465047  21143.327049  -9401.408022    719.832999  6  8  6  70       
PG18  -1823.012488 -17829.801407  19553.362146   -532.478215  4  7  4  92       
PG19  15259.905958  13830.106334 -17156.080425    426.785628  8  9 10  68       
PG20  26320.391182  -1336.350349   2500.686602    391.447871     3  4  70       
PG21 -17296.370496  19121.871323   4087.507800    138.347295  5  6  4  51       
PG22  23311.974254  11084.374894   5992.233799     47.969467  4  4  2  70       
PG23 -11836.986029 -14752.228251  18745.052041    135.711695  6  7  5  85       
PG24  15131.806779 -21549.699075   -290.840479   -414.122438  4  3  3  72       
PG25  -2636.499319 -15986.411791 -21419.529216    485.313241  6  3  3  51       
PG26 -26541.961668  -3404.842874   -453.524990    200.159957  3  5  6  81       
PG28 -15042.519273  -5076.648695 -21314.418084    -99.283904  5  5  5  71       
PG29  -3662.781990 -25876.562491  -4471.937395   -608.661734  5  7  6  67       
PG30  11055.604997  11368.759572  21421.042761   -445.231998  4  5  4  60       
PG31 -20009.874552   3595.232509 -17509.599316   -227.309458  6  4  3  86       
PG32 -15398.233537 -17914.232833 -12154.174854   -605.177672  5  5  6  61       
*  2024  1 15  8 15  0.00000000
PG01 -12171.376640  22517.940183  -6740.079212    166.158553  7  5  6  57       
PG02 -15501.761801  21320.616608   2423.427508   -500.622295  6  5  4  54       
PG03 -11939.171179  12223.144260 -20445.670079    127.294858  6  5  5  85       
PG04  -4212.795502  20533.525710 -16217.777988    266.511423  6  7  6 102       
PG05  22213.680635  -6995.957936  12681.386853   -158.028413  4  5  4  70       
PG06  14794.556635   4104.664603 -21615.105799    444.077392  5  5  2  64       
PG07    177.171836  20296.581022  17362.215562    -37.734317  4  6  4  79       
PG08  -9906.457933  13282.752864  20576.303432   -162.177846  6  6  5  66       
PG09   6385.371296  24991.167187  -6288.910360     59.413861  6  5  3  81       
PG10 -21101.581507 -10968.317702  12364.242651    -69.405238  6  6  6  88       
PG11  20009.920878  -6518.258732 -16149.203409   -540.484493  2  3  5  38       
PG12  12820.844231 -11848.058440 -20282.674646   -468.049959  7  7  4  66       
PG13  14620.530964  -2948.368358  21778.624866    616.021850  3  6  4  76       
PG14  17841.996693  13368.938709  14593.926444    299.128118  5  5  4  55       
PG15   8496.771079 -14499.499052  20034.159939    117.413345  4  4  7  98       
PG16 -25677.210671   -318.831803   7330.770623   -383.782286  3  6  3  61       
PG17  12641.013132  22145.214026  -6721.642641    719.832294  6  8  5  71       
PG18   -345.645173 -19399.645571  18067.845982   -532.486447  5  7  4  95       
PG19  15599.725074  15609.068025 -15223.099927    426.790363  9 10 10  68       
PG20  26442.969001  -1044.236461   -343.596084    391.446025     3  4  68       
PG21 -17225.885826  18458.112465   6907.470044    138.345933  5  6  4  89       
PG22  22478.950398  11132.332660   8699.679318     47.963136  4  4  1  57       
PG23  -9635.297708 -14555.274223  20095.674346    135.718484  6  6  5  85       
PG24  15340.319439 -21202.353207   2530.256435   -414.128858  3  3  3  66       
PG25   -255.043036 -15670.511081 -21792.103800    485.314439  6  3  2  56       
PG26 -26323.874135  -3694.897619  -3218.948811    200.156777  3  6  5  74       
PG28 -13588.854798  -7058.589146 -21723.515279    -99.294122  5  5  4  55       
PG29  -3263.616407 -25300.255444  -7253.743977   -608.661419  6  6  6  36       
PG30   9488.983565  13210.660354  21087.243152   -445.227805  4  5  4  40       
PG31 -18784.008424   1957.690710 -19041.281401   -227.309881  6  4  3  87       
PG32 -15668.875418 -19172.549508  -9696.120815   -605.180207  5  4  6  60       
*  2024  1 15  8 30  0.00000000
PG01 -12660.677004  22867.187728  -3891.457854    166.159512  8  5  6  38       
PG02 -15518.013853  20862.278306   5261.950498   -500.617273  6  5  4  66       
PG03 -14156.211315  11923.892804 -19147.781553    127.318183  6  5  5 102       
PG04  -5118.242879  18784.006142 -17992.105411    266.520230  6  6  6  91       
PG05  23535.189780  -6741.583217  10242.104870   -158.029750  4  4  4  49       
PG06  13341.177858   6146.569219 -22061.604585    444.065437  5  5  1  69       
PG07  -1039.326852  21663.884332  15486.788898    -37.742830  4  6  4  71       
PG08 -11063.124593  11152.916058  21275.055917   -162.180662  6  7  5  66       
PG09   5781.153370  24324.865524  -8960.394008     59.424916  6  5  3  84       
PG10 -19595.715251 -10958.355885  14647.267070    -69.407013  6  6  6  96       
PG11  18925.825427  -4883.990651 -17935.841610   -540.497092  3  4  5  52       
PG12  14969.301362 -11388.885149 -19009.997982   -468.053427  6  7  4  74       
PG13  15329.385313   -534.384237  21504.221051    616.025115  4  6  4  81       
PG14  16056.798933  13349.877923  16540.317774    299.137350  5  5  4  51       
PG15   9915.075700 -12505.497310  20717.657103    117.416854  5  4  6  94       
PG16 -26340.561091   -653.694440   4606.246297   -383.775562  3  6  3  53       
PG17  12660.278040  22846.259540  -3923.640306    719.831124  6  7  5  75       
PG18    934.550606 -20898.140138  16269.746466   -532.494669  5  7  4  97       
PG19  15963.297832  17147.418740 -13035.354279    426.794994 10 11  9  61       
PG20  26258.298477   -734.351694  -3181.895967    391.444542     3  4  44       
PG21 -17024.477274  17523.560291   9603.305542    138.344890  5  6  4  76       
PG22  21360.071652  11164.444849  11257.269138     47.957304  4  5     43       
PG23  -7291.640140 -14470.545577  21102.751022    135.725289  5  6  5  90       
PG24  15405.527562 -20587.584526   5306.423986   -414.135301  3  3  2  64       
PG25   2163.106653 -15475.923458 -21801.386667    485.315669  6  3  2  61       
PG26 -25814.490339  -3986.517989  -5930.303773    200.153599  3  6  5  87       
PG28 -12226.719175  -9134.602392 -21759.574737    -99.304357  5  6  4  66       
PG29  -2728.651758 -24456.282681  -9910.158773   -608.660684  6  6  6  59       
PG30   8045.042223  15081.468119  20393.496664   -445.223590  4  6  4  80       
PG31 -17552.043146    134.284299 -20254.654354   -227.310242  6  4  3  98       
PG32 -15884.951690 -20152.168158  -7071.755877   -605.182681  6  5  6  79       
*  2024  1 15  8 45  0.00000000
PG01 -12953.453338  22966.149093   -974.877747    166.160426  8  6  6  54       
PG02 -15411.114283  20126.884268   8009.627232   -500.612211  6  5  3  76       
PG03 -16223.035703  11753.697294 -17523.026184    127.341506  6  5  5 103       
PG04  -6194.515957  16920.050011 -19455.048887    266.529005  6  6  5  94       
PG05  24580.343324  -6555.284884   7626.086986   -158.031120  4  3  4  23       
PG06  11989.167119   8292.732123 -22126.106057    444.053563  5  5  2  85       
PG07  -2071.242704  22902.634397  13347.573469    -37.751044  4  6  5  69       
PG08 -12353.375333   9037.227333  21603.003086   -162.182363  5  7  6  69       
PG09   4999.897596  23435.076321 -11477.658996     59.435928  7  5  4  90       
PG10 -17849.495462 -11025.619064  16685.102894    -69.408538  6  6  6  97       
PG11  17824.315424  -3042.633987 -19412.713870   -540.509670  4  5  5  50       
PG12  16981.265313 -11059.916494 -17416.838183   -468.056765  6  6  4  75       
PG13  16146.891450   1786.362095  20853.645279    616.028494  4  6  4  62       
PG14  14069.046163  13408.226503  18204.567412    299.146565  6  5  4  74       
PG15  11457.727781 -10534.227565  21027.758156    117.420323  5  4  6  85       
PG16 -26711.814097   -912.368430   1804.060895   -383.768451  4  6  3  18       
PG17  12584.689501  23248.993031  -1056.930696    719.830244  5  7  4  77       
PG18   2013.300248 -22279.097796  14189.800350   -532.502951  5  6  4 101       
PG19  16313.182278  18425.351424 -10629.470722    426.799893 10 11  9  67       
PG20  25773.228320   -370.814478  -5964.806690    391.442997  2  3  4  47       
PG21 -16733.087199  16319.224226  12128.040935    138.343999  5  6  4  87       
PG22  19972.301762  11217.862476  13622.046930     47.951452  5  4     56       
PG23  -4851.711828 -14514.457631  21748.588495    135.732064  5  6  5  82       
PG24  15361.214314 -19695.525321   7988.018044   -414.141739  3  3  2  73       
PG25   4571.723369 -15406.285233 -21446.437733    485.316865  6  3  2  87       
PG26 -25023.082943  -4313.801396  -8542.139051    200.150372  3  6  4  83       
PG28 -10983.379950 -11264.110874 -21421.994077    -99.314615  5  6  4  66       
PG29  -2031.734637 -23375.558297 -12395.409207   -608.660560  6  6  5  46       
PG30   6742.948270  16939.232993  19350.783663   -445.219396  4  5  4  69       
PG31 -16351.589559  -1850.643663 -21128.811354   -227.310483  6  4  3  88       
PG32 -16007.682741 -20851.167859  -4326.426096   -605.185214  6  4  6  88       
*  2024  1 15  9  0  0.00000000
PG01 -13079.468975  22787.775755   1958.777280    166.161346  8  5  6  20       
PG02 -15220.692849  19112.631112  10619.876634   -500.607110  6  6  3  66       
PG03 -18097.114720  11691.837158 -15598.611210    127.364807  5  5  4  95       
PG04  -7439.654227  14988.526763 -20581.592881    266.537773  6  5  5  73       
PG05  25329.875460  -6402.139822   4878.763035   -158.032029  4  2  4  53       
PG06  10766.826044  10499.872319 -21807.162589    444.041711  5  5  2  89       
PG07  -2924.851182  23970.465582  10979.435700    -37.759170  4  6  5  50       
PG08 -13756.178954   6980.205612  21555.680610   -162.183256  5  7  7  49       
PG09   4024.818216  22358.145689 -13797.604828     59.446993  7  6  4  84       
PG10 -15896.680723 -11198.627983  18443.612190    -69.409547  6  6  6  91       
PG11  16745.390677  -1018.457502 -20554.384690   -540.522264  4  5  5  54       
PG12  18814.739267 -10844.138060 -15529.348593   -468.060087  6  6  4  59       
PG13  17047.801263   3970.660252  19839.111110    616.031859  4  6  5  63       
PG14  11915.594521  13567.210104  19557.973568    299.155871  6  4  5  79       
PG15  13098.017192  -8627.573412  20959.289361    117.423902  5  4  6  83       
PG16 -26780.646240  -1130.741865  -1028.424843   -383.761221  4  6  3  34       
PG17  12377.912034  23365.008768   1828.224576    719.829153  5  6  4  79       
PG18   2894.878425 -23497.841318  11863.742870   -532.511255  6  6  4  91       
PG19  16609.912355  19431.215069  -8045.640123    426.804679 10 11  7  84       
PG20  25003.221757     80.078018  -8643.850034    391.441285  2  4  4  19       
PG21 -16393.230243  14854.997491  14438.669438    138.342940  5  7  4  50       
PG22  18340.451923  11326.700912  15754.816080     47.945600  5  5     61       
PG23  -2364.187226 -14695.548222  22021.603071    135.738861  5  5  4  87       
PG24  15243.534433 -18524.978343  10526.760964   -414.148219  3  3  2  71       
PG25   6924.517550 -15457.476828 -20732.231437    485.318081  6  3  2  63       
PG26 -23966.589093  -4708.657034 -11010.706144    200.147162  3  6  4  82       
PG28  -9878.978353 -13402.725836 -20716.569516    -99.324869  5  6  3  25       
PG29  -1153.262563 -22095.076915 -14666.770337   -608.660186  6  6  5  18       
PG30   5594.502809  18739.946773  17976.092400   -445.215159  5  5  3  56       
PG31 -15216.163912  -3965.930164 -21648.297158   -227.310660  6  4  3  80       
PG32 -15999.785751 -21276.263877  -1507.281514   -605.187774  6  4  7  91       
*  2024  1 15  9 15  0.00000000
PG01 -13073.767340  22313.098253   4857.861129    166.162269  8  5  6  61       
PG02 -14987.065961  17826.335123  13049.048492   -500.601734  6  6  3  44       
PG03 -19741.395646  11710.956992 -13406.946062    127.388091  5  5  4  86       
PG04  -8843.383108  13036.341062 -21352.605879    266.546560  6  3  5  87       
PG05  25773.164288  -6244.819319   2047.617874   -158.033147  4  2  4  32       
PG06   9694.867360  12720.646639 -21110.017035    444.029838  5  5  3  80       
PG07  -3613.852760  24828.197291   8421.676840    -37.767761  5  6  5  29       
PG08 -15243.644074   5022.160834  21135.209401   -162.184004  4  7  7  61       
PG09   2846.642285  21134.504212 -15880.615955     59.458057  7  6  5  86       
PG10 -13776.825356 -11499.679958  19893.185488    -69.411754  6  5  5  81       
PG11  15725.091555   1156.911522 -21341.234948   -540.534805  5  6  6  77       
PG12  20432.396392 -10717.857327 -13378.714944   -468.063511  6  6  4   8       
PG13  18000.601395   5981.023874  18479.196343    616.035466  4  5  5  24       
PG14   9638.090143  13843.571602  20577.044131    299.165198  6  4  5  65       
PG15  14802.951589  -6822.654612  20514.194897    117.427800  5  3  6  80       
PG16 -26545.148754  -1346.037493  -3843.754828   -383.754306  5  6  3  59       
PG17  12007.420218  23214.305191   4681.756640    719.828691  5  5  5  76       
PG18   3591.762348 -24512.914027   9331.697733   -532.519533  6  6  3  91       
PG19  16813.575275  20161.800318  -5327.005406    426.809267 10 11  6  78       
PG20  23971.769786    648.316206 -11172.351794    391.439139  3  4  4  35       
PG21 -16045.196129  13149.269214  16496.836965    138.341737  5  7  4  75       
PG22  16496.276091  11520.623552  17620.706982     47.939784  6  4     68       
PG23    120.951741 -15014.082340  21916.551540    135.745645  5  5  4  63       
PG24  15089.402587 -17083.687555  12876.724317   -414.154672  3  3  2  62       
PG25   9176.670307 -15617.761910 -19669.644349    485.319331  6  4  3  80       
PG26 -22669.025005  -5199.431743 -13294.632357    200.143970  3  7  3  89       
PG28  -8925.873415 -15503.794366 -19655.397340    -99.335145  5  7  3  36       
PG29    -81.132987 -20656.488773 -16685.296991   -608.659636  7  5  5           
PG30   4603.813398  20439.106619  16292.192659   -445.210946  5  5  3  69       
PG31 -14173.965854  -6174.538568 -21803.398695   -227.310683  6  4  3  83       
PG32 -15827.030068 -21442.364770   1337.527591   -605.190242  6  4  7  81       
*  2024  1 15  9 30  0.00000000
PG01 -12975.137044  21532.166271   7670.933696    166.163197  7  5  6  71       
PG02 -14749.554226  16283.207595  15257.080974   -500.596904  6  6  2  44       
PG03 -21125.595462  11778.220479 -10985.133426    127.411382  5  6  3  97       
PG04 -10387.365019  11108.732612 -21755.151012    266.555330  6  3  5  95       
PG05  25908.526454  -6045.224364   -818.639716   -158.034878  4  2  5  66       
PG06   8785.710562  14905.325858 -20046.530038    444.017965  6  5  3  86       
PG07  -4158.738678  25441.388687   5717.465763    -37.776240  5  5  5  20       
PG08 -16782.037650   3197.827238  20350.168125   -162.186697  5  7  8  55       
PG09   1464.151530  19807.105450 -17691.222349     59.469071  7  6  5  93       
PG10 -11533.957074 -11943.889849  21009.207153    -69.413054  5  5  5  86       
PG11  14794.127434   3445.516247 -21759.796848   -540.547435  6  6  6  74       
PG12  21802.877073 -10651.699857 -11000.706192   -468.067073  6  6  4  67       
PG13  18968.766507   7786.925457  16798.445736    616.038932  4  5  5  57       
PG14   7281.560740  14246.816226  21243.913587    299.174505  6  5  5  73       
PG15  16534.489247  -5150.496003  19701.445330    117.431312  5  3  5  76       
PG16 -26011.834312  -1595.231357  -6595.106103   -383.747414  5  6  3  71       
PG17  11445.903101  22824.316777   7454.674211    719.828076  5  4  5  74       
PG18   4123.958135 -25287.683336   6637.480647   -532.527826  6  5  3  87       
PG19  16885.418508  20622.326106  -2519.006253    426.814107 10 11  6  57       
PG20  22709.498496   1358.791800 -13506.285261    391.437716  3  4  4  71       
PG21 -15726.371780  11228.214114  18269.381181    138.340107  5  7  4  73       
PG22  14477.332646  11823.628086  19189.649514     47.933994  6  4     67       
PG23   2554.139762 -15461.985308  21434.658180    135.752481  5  4  4  82       
PG24  14934.842287 -15388.242860  14995.280704   -414.161110  3  3  2  61       
PG25  11286.330280 -15868.218669 -18275.360596    485.320566  6  4  3  44       
PG26 -21160.655312  -5809.671665 -15355.559141    200.140778  4  7  3  88       
PG28  -8128.295497 -17520.041942 -18256.669312    -99.345396  6  7  3  56       
PG29   1188.603965 -19104.511900 -18416.483716   -608.659226  7  5  5  43       
PG30   3767.268171  21993.322909  14327.305909   -445.206757  5  5  2  79       
PG31 -13246.853430  -8434.731400 -21590.361038   -227.311129  6  3  3  60       
PG32 -15459.672328 -21371.833971   4159.653815   -605.192789  6  4  7  98       
*  2024  1 15  9 45  0.00000000
PG01 -12824.408785  20444.642318  10347.754764    166.164148  7  4  6  53       
PG02 -14544.883263  14506.328113  17208.066651   -500.591714  6  7  3  73       
PG03 -22227.250790  11856.692326  -8374.373227    127.434700  5  6  3  91       
PG04 -12045.771480   9247.657191 -21782.685043    266.564127  6  3  4  81       
PG05  25743.178956  -5766.142474  -3670.914390   -158.036306  5  2  5  35       
PG06   8043.112930  17003.576705 -18634.986221    444.006054  6  5  3  95       
PG07  -4585.871818  25781.757926   2913.165395    -37.784549  5  5  5  48       
PG08 -18333.030559   1535.236606  19215.353582   -162.187938  5  7  8  50       
PG09   -115.588108  18419.786813 -19198.683880     59.479981  7  6  6  85       
PG10  -9215.096309 -12538.499547  21772.455677    -69.414705  5  5  4  75       
PG11  13976.727091   5804.346276 -21802.980078   -540.559994  7  6  6  79       
PG12  22901.883922 -10611.837733  -8435.143523   -468.070536  6  6  4  14       
PG13  19912.212957   9365.745500  14826.870271    616.042485  5  5  5  22       
PG14   4892.878943  14778.741328  21546.671839    299.183796  6  5  5  77       
PG15  18250.987625  -3634.973752  18536.785792    117.434746  5  3  5  41       
PG16 -25195.353128  -1913.501537  -9236.985794   -383.740494  5  6  3  72       
PG17  10672.446306  22228.686230  10099.892685    719.827196  5  3  5  64       
PG18   4518.026074 -25791.772585   3827.828665   -532.536118  6  5  3  72       
PG19  16789.429895  20826.126829    331.314147    426.818714 10 11  6  61       
PG20  21253.006232   2230.116024 -15605.064867    391.436182  4  4  4  64       
PG21 -15469.746243   9124.805079  19728.726368    138.339396  5  7  4  64       
PG22  12325.660283  12253.073975  20436.751565     47.927901  6  5     55       
PG23   4887.943152 -16023.110009  20583.633591    135.759214  5  4  4  65       
PG24  14813.369686 -13463.616493  16843.995994   -414.167563  3  3  2  59       
PG25  13216.020685 -16183.453167 -16571.691061    485.321752  6  5  4  45       
PG26 -19476.946298  -6557.063520 -17158.738989    200.137573  3  7  3  88       
PG28  -7482.322028 -19405.248350 -16544.365188    -99.355676  5  7  2  82       
PG29   2651.413537 -17485.243928 -19830.841994   -608.658574  7  5  4  60       
PG30   3073.816233  23361.910237  12114.673203   -445.202542  5  5  2  62       
PG31 -12449.554400 -10701.432181 -21011.522300   -227.311303  5  3  3  74       
PG32 -14873.719243 -21093.487808   6911.343083   -605.195331  6  4  7  96       
*  2024  1 15 10  0  0.00000000
PG01 -12662.654680  19060.015207  12840.278777    166.165082  7  4  6  77       
PG02 -14405.723884  12525.844655  18870.726397   -500.586597  6  7  3  87       
PG03 -23032.482515  11906.897075  -5619.286712    127.458022  5  6  3  58       
PG04 -13786.152759   7490.310858 -21435.144069    266.573011  5  3  4  81       
PG05  25292.873914  -5372.861910  -6460.553570   -158.037359  5  2  5  64       
PG06   7462.151227  18966.279907 -16899.781735    443.994194  6  5  3 104       
PG07  -4926.309858  25828.402497     57.557862    -37.793057  5  4  4  62       
PG08 -19855.117858     54.869580  17751.439364   -162.189830  5  7  8  72       
PG09  -1877.316810  17015.615815 -20377.490268     59.490996  7  6  6  86       
PG10  -6868.667633 -13282.482071  22169.433709    -69.415908  5  5  4  76       
PG11  13289.755266   8186.811396 -21470.185760   -540.572575  7  6  6  98       
PG12  23713.031108 -10561.408174  -5725.290915   -468.074041  5  6  4  41       
PG13  20788.892017  10703.403392  12599.356911    616.045547  5  4  5  52       
PG14   2519.153938  15433.271021  21479.597972    299.193066  6  5  5  59       
PG15  19908.800588  -2292.081131  17042.336113    117.438134  5  3  5  70       
PG16 -24117.933637  -2332.759905 -11725.891637   -383.733210  5  6  2  93       
PG17   9673.451727  21465.832821  12572.995122    719.826105  5  2  5  76       
PG18   4805.843178 -26002.262740    951.569756   -532.544389  6  5  3  76       
PG19  16493.834624  20794.049270   3176.033948    426.823409  9 10  6  77       
PG20  19643.477588   3273.690848 -17432.273780    391.434631  4  5  4  82       
PG21 -15302.648468   6877.601716  20853.142502    138.338043  5  7  5  76       
PG22  10086.320018  12818.979286  21342.586472     47.921912  6  4     66       
PG23   7078.700505 -16673.830855  19377.582294    135.766016  5  4  4  54       
PG24  14754.486482 -11342.346984  18389.434344   -414.174005  3  3  3  72       
PG25  14933.905063 -16532.574760 -14586.302700    485.322940  5  5  4  64       
PG26 -17657.339208  -7452.593518 -18673.584685    200.134429  4  6  3  63       
PG28  -6976.175969 -21115.893429 -14547.847162    -99.365966  5  7  2  59       
PG29   4294.276957 -15844.439352 -20904.386053   -608.658060  7  5  4  73       
PG30   2505.547211  24508.399500   9692.024300   -445.198379  5  5  2  72       
PG31 -11789.146232 -12927.731433 -20075.360947   -227.311618  5  3  3  68       
PG32 -14051.973309 -20641.370639   9546.201700   -605.197907  6  3  7  93       
*  2024  1 15 10 15  0.00000000
PG01 -12529.367488  17397.416221  15103.623871    166.166028  7  4  5  70       
PG02 -14359.419533  10377.937239  20218.793015   -500.581593  6  7  4  60       
PG03 -23536.442739  11888.495822  -2767.169915    127.481372  6  6  3  64       
PG04 -15570.570209   5867.853041 -20718.916363    266.581740  5  3  4  57       
PG05  24581.224217  -4834.681971  -9140.155584   -158.038630  5  3  5  68       
PG06   7029.555214  20747.312516 -14870.998240    443.982306  6  5  3  76       
PG07  -5214.410928  25568.761664  -2799.021697    -37.801382  6  4  4  64       
PG08 -21305.156195  -1230.888801  15984.544347   -162.190477  6  7  8  46       
PG09  -3797.986560  15635.284538 -21207.770102     59.501998  6  6  6  75       
PG10  -4542.857685 -14166.457023  22192.622457    -69.417684  4  5  4  66       
PG11  12742.129011  10544.356210 -20767.306836   -540.585135  7  6  6  79       
PG12  24228.412167 -10462.071930  -2917.172477   -468.077305  6  6  4  52       
PG13  21556.457515  11794.651111  10155.003953    616.049014  5  4  5  66       
PG14    206.111203  16196.604639  21043.293129    299.202287  6  4  6  57       
PG15  21463.951812  -1129.539420  15246.059948    117.441923  6  3  6  34       
PG16 -22808.570972  -2880.315575 -14020.932410   -383.726251  5  6  2  78       
PG17   8443.266800  20577.377782  14832.916318    719.825824  6  1  5  46       
PG18   5023.152622 -25904.614486  -1941.251238   -532.552648  6  5  3  69       
PG19  15972.454694  20553.578309   5967.102035    426.828177  9  9  7  59       
PG20  17925.130364   4493.071250 -18956.310905    391.432825  4  5  3  84       
PG21 -15245.753943   4529.372197  21626.880882    138.336934  5  6  5  92       
PG22   7805.857159  13523.604641  21893.393515     47.916050  6  4     75       
PG23   9088.025699 -17383.944431  17836.797873    135.772792  5  3  4  60       
PG24  14782.351755  -9063.404410  19603.851029   -414.180421  3  3  4  63       
PG25  16414.863205 -16880.403645 -12351.855244    485.324145  5  5  5  29       
PG26 -15743.885775  -8499.954914 -19874.164687    200.131188  4  6  3  82       
PG28  -6590.835201 -22612.710135 -12301.362576    -99.376251  6  7  2  37       
PG29   6096.023451 -14225.818610 -21619.020542   -608.657668  7  5  4  87       
PG30   2038.550745  25401.910548   7100.954004   -445.194191  5  5  3  52       
PG31 -11264.828738 -15066.485504 -18796.449255   -227.312055  5  3  3  62       
PG32 -12984.825290 -20053.354714  12019.930394   -605.200472  6  4  7  95       
*  2024  1 15 10 30  0.00000000
PG01 -12460.700222  15485.039208  17096.987876    166.166976  7  4  5  84       
PG02 -14426.939950   8103.587814  21231.308210   -500.576486  6  6  4  74       
PG03 -23743.423498  11762.016052    132.812271    127.504713  6  5  3  50       
PG04 -17356.946542   4404.375892 -19646.704821    266.590502  4  4  4  77       
PG05  23638.749038  -4126.263166 -11664.344695   -158.039856  6  3  5  71       
PG06   6724.379720  22305.223807 -12583.870925    443.970388  7  5  3  83       
PG07  -5486.274373  24999.269855  -5605.627456    -37.809966  5  3  4  48       
PG08 -22639.958223  -2317.975595  13945.723213   -162.193896  6  7  8  54       
PG09  -5847.465848  14315.612621 -21675.604031     59.513055  6  5  6 101       
PG10  -2283.976652 -15172.924078  21840.654969    -69.419379  4  5  4  70       
PG11  12334.555544  12828.153505 -19706.615577   -540.597682  7  6  6  69       
PG12  24448.859761 -10275.654182    -58.823871   -468.080695  5  5  4  21       
PG13  22173.941512  12643.024634   7536.397582    616.052582  5  4  5  45       
PG14  -2003.478577  17047.676199  20244.707946    299.211569  6  4  6  78       
PG15  22873.810562   -146.762391  13181.123573    117.445483  5  3  6  33       
PG16 -21301.993459  -3577.713421 -16084.405511   -383.719105  5  6  2  95       
PG17   6984.507592  19606.489909  16842.544387    719.824668  6  2  4  24       
PG18   5207.958808 -25493.272507  -4800.272755   -532.560916  6  4  3  75       
PG19  15205.880031  20137.719908   8657.103926    426.832823  9  9  7  69       
PG20  16143.558235   5883.644198 -20150.944818    391.431043  5  5  3  86       
PG21 -15312.382562   2125.606915  22040.200948    138.335578  5  6  5  97       
PG22   5530.737301  14361.331896  22081.196350     47.910485  7  4     73       
PG23  10884.114271 -18117.844356  15987.446462    135.779549  5  3  4  58       
PG24  14914.694192  -6670.786866  20465.752116   -414.186822  3  3  4  59       
PG25  17641.333613 -17188.871052  -9905.543866    485.325376  5  5  5  62       
PG26 -13779.792942  -9695.227294 -20739.638306    200.128000  4  6  3  88       
PG28  -6300.929143 -23862.085694  -9843.462806    -99.386323  5  7  3  81       
PG29   8027.979765 -12669.473394 -21962.825272   -608.657023  6  5  5  59       
PG30   1644.024854  26018.328845   4386.214373   -445.190017  6  5  3  59       
PG31 -10868.003644 -17071.951750 -17195.307258   -227.312148  5  3  3  73       
PG32 -11670.766793 -19369.617556  14291.016943   -605.203066  5  4  6  95       
*  2024  1 15 10 45  0.00000000
PG01 -12487.845480  13359.184859  18784.484623    166.167950  6  4  4  83       
PG02 -14622.090637   5747.203143  21892.837570   -500.571193  6  6  4  89       
PG03 -23666.619601  11490.566455   3030.478137    127.528051  6  5  4  27       
PG04 -19100.581367   3116.157316 -18237.283189    266.599235  4  5  3  79       
PG05  22501.677847  -3228.767925 -13990.502418   -158.041474  6  3  5  42       
PG06   6518.988147  23604.738125 -10078.160576    443.958469  7  5  3  84       
PG07  -5778.080026  24125.661235  -8311.700942    -37.818331  6  3  4  74       
PG08 -23817.883562  -3210.556968  11670.391362   -162.194913  6  7  8  44       
PG09  -7989.516108  13088.214412 -21773.238786     59.524076  6  5  5  81       
PG10   -134.881249 -16276.810601  21118.402805    -69.420923  4  5  4  69       
PG11  12059.600697  14990.811307 -18306.540848   -540.610240  7  6  6  82       
PG12  24383.881727  -9965.805557   2800.512582   -468.084237  6  5  3  73       
PG13  22603.372953  13260.461449   4788.845248    616.055767  5  4  5  79       
PG14  -4071.261465  17958.910044  19097.061506    299.220821  6  4  6  63       
PG15  24098.698659    664.833888  10885.167269    117.449022  5  4  6  53       
PG16 -19637.443329  -4439.784916 -17882.329420   -383.711960  5  5  2  87       
PG17   5308.071779  18596.214266  18569.237084    719.824050  6  2  4           
PG18   5398.833437 -24771.926768  -7575.724390   -532.569201  6  4  3  66       
PG19  14182.405732  19583.678821  11200.035068    426.837723  8  8  7  72       
PG20  14344.035774   7432.636909 -20995.764522    391.429202  5  5  3  84       
PG21 -15508.097471   -287.018849  22089.303841    138.334394  4  6  6  91       
PG22   3305.809090  15318.835529  21903.844408     47.904532  7  4     74       
PG23  12442.801141 -18835.926597  13861.141592    135.786300  5  3  4  62       
PG24  15162.014161  -4211.911494  20960.305204   -414.193220  3  3  4  53       
PG25  18603.885536 -17418.563669  -7288.548334    485.326552  5  5  4  30       
PG26 -11807.927311 -11026.841913 -21254.624161    200.124828  4  6  3  94       
PG28  -6075.887813 -24837.257266  -7216.347666    -99.396629  5  7  3  89       
PG29  10054.911373 -11210.428239 -21930.234036   -608.656474  7  5  5  73       
PG30   1289.591127  26341.236303   1594.934171   -445.185867  6  5  3  79       
PG31 -10582.664567 -18901.400085 -15298.152669   -227.312542  4  3  3  73       
PG32 -10116.606317 -18631.052959  16321.379974   -605.205669  5  4  6  97       
*  2024  1 15 11  0  0.00000000
PG01 -12635.628346  11062.967862  20135.875971    166.169014  6  3  4  67       
PG02 -14950.998313   3355.139850  22193.608743   -500.566264  6  6  4  87       
PG03 -23327.551684  11041.467840   5875.512306    127.551378  7  5  4  40       
PG04 -20755.773445   2011.223827 -16515.151893    266.608016  4  5  3  39       
PG05  21210.559584  -2130.751005 -16079.445858   -158.042146  7  2  5  53       
PG06   6380.307441  24618.024927  -7397.441921    443.946516  6  5  3  85       
PG07  -6124.397680  22962.900303 -10868.099613    -37.826800  5  3  3  89       
PG08 -24800.367750  -3920.625784   9197.696315   -162.199053  6  7  7  54       
PG09 -10183.002784  11978.379329 -21499.200133     59.535046  5  5  4  83       
PG10   1866.483580 -17446.318609  20036.970738    -69.422507  3  4  4  75       
PG11  11902.084129  16988.028288 -16591.339675   -540.622787  7  6  6  75       
PG12  24051.269840  -9499.617982   5611.237071   -468.087723  6  5  3  44       
PG13  22811.278181  13666.605102   1959.581061    616.059535  5  3  5  70       
PG14  -5964.596449  18897.246152  17619.650514    299.230059  6  4  6  76       
PG15  25103.363455   1321.199489   8399.513121    117.452468  5  4  6  39       
PG16 -17857.312745  -5473.941821 -19384.928945   -383.705060  5  5  2  88       
PG17   3432.848630  17587.844428  19985.252425    719.823175  6  2  4  55       
PG18   5633.201886 -23753.419771 -10219.323826   -532.577467  6  3  3  71       
PG19  12898.696851  18931.376564  13552.071222    426.842268  8  7  7  76       
PG20  12569.853447   9119.453283 -21476.519501    391.427592  6  5  2  84       
PG21 -15830.603541  -2662.179186  21776.187998    138.333393  4  6  6  92       
PG22   1172.843858  16375.535889  21364.982104     47.898996  7  4  1  72       
PG23  13748.326703 -19496.171521  11494.415794    135.793059  5  3  4  52       
PG24  15527.110408  -1735.873156  21079.591392   -414.199622  4  3  5  59       
PG25  19301.492319 -17530.356222  -4545.391561    485.327748  4  5  4  36       
PG26  -9869.331931 -12475.838043 -21409.495272    200.121636  4  6  3  91       
PG28  -5881.298765 -25519.256183  -4465.146017    -99.406936  5  7  4  86       
PG29  12136.218723  -9877.411891 -21522.106322   -608.656055  7  5  6  50       
PG30    940.765112  26362.555477  -1224.220455   -445.181690  5  5  4  80       
PG31 -10386.089230 -20516.639434 -13136.543859   -227.312490  4  3  3  87       
PG32  -8337.382465 -17877.673141  18076.957419   -605.208223  5  4  6  86       
*  2024  1 15 11 15  0.00000000
PG01 -12921.377044   8644.742296  21127.178253    166.170026  6  2  4  66       
PG02 -15411.883412    974.181757  22129.577835   -500.561265  5  6  4  88       
PG03 -22755.169394  10387.733523   8618.363402    127.574779  7  5  5  71       
PG04 -22277.487568   1089.237386 -14510.100701    266.616778  5  5  3  50       
PG05  19808.729792   -828.768280 -17896.045070   -158.043804  7  2  5  72       
PG06   6271.303408  25325.685737  -4588.322369    443.934494  6  5  4  80       
PG07  -6556.543280  21534.730618 -13228.126908    -37.835183  5  2  3  71       
PG08 -25553.334644  -4467.310641   6569.847323   -162.199874  6  6  7  77       
PG09 -12383.295557  11004.206235 -20858.304258     59.546051  5  5  3  84       
PG10   3688.369715 -18644.045372  18613.594629    -69.423961  3  4  4  73       
PG11  11839.784758  18780.134360 -14590.669404   -540.635358  7  5  6  96       
PG12  23476.390651  -8849.129652   8324.271365   -468.091129  6  5  2   1       
PG13  22770.008180  13887.828890   -903.042376    616.062786  5  4  5  58       
PG14  -7657.634866  19825.397639  15837.549354    299.239291  6  4  5  59       
PG15  25858.260456   1844.733956   5768.332756    117.455976  6  4  5  40       
PG16 -16005.680128  -6679.735881 -20567.070983   -383.697944  6  5  2  87       
PG17   1385.143035  16619.394480  21068.094849    719.822458  6  2  4  27       
PG18   5945.679950 -22459.303521 -12685.144414   -532.585723  6  3  3  61       
PG19  11360.150756  18221.862181  15672.324383    426.846837  8  6  6  78       
PG20  10860.748294  10916.324049 -21585.344140    391.425719  6  5  2  97       
PG21 -16269.934615  -4955.379152  21108.440929    138.332008  4  5  5  93       
PG22   -830.801456  17504.315312  20473.950110     47.892970  7  4  2  75       
PG23  14793.779431 -20055.841102   8928.096759    135.799806  5  2  4  65       
PG24  16004.949708    708.350629  20822.694957   -414.206005  5  3  5  47       
PG25  19741.488191 -17487.070030  -1723.213328    485.328982  4  5  4  43       
PG26  -8001.808617 -14016.405393 -21200.594040    200.118459  4  6  3  89       
PG28  -5680.419202 -25897.564303  -1637.144498    -99.417245  4  7  4  65       
PG29  14227.342605  -8691.883539 -20745.692331   -608.655271  7  5  6  67       
PG30    562.522684  26082.877538  -4021.927699   -445.177599  5  5  4  66       
PG31 -10249.813595 -21885.398345 -10746.915228   -227.312840  4  3  3  83       
PG32  -6355.978261 -17147.059254  19528.233817   -605.210840  4  4  5  93       
*  2024  1 15 11 30  0.00000000
PG01 -13354.122342   6156.314439  21741.126293    166.171073  5  2  5  95       
PG02 -15995.121870  -1349.980711  21702.428664   -500.556042  5  5  3  87       
PG03 -21984.668024   9509.337557  11211.138527    127.598188  7  5  5  68       
PG04 -23623.002766    341.707974 -12256.686641    266.625560  6  6  4  14       
PG05  18340.692762    672.316931 -19409.772581   -158.044934  8  3  4  74       
PG06   6152.616328  25717.419344  -1699.606804    443.922523  5  4  4  75       
PG07  -7101.059155  19872.852636 -15348.532193    -37.843670  5  2  3  60       
PG08 -26048.442934  -4875.926523   3831.414050   -162.201687  7  6  6  50       
PG09 -14543.805543  10176.023026 -19861.568311     59.557072  5  5  2  86       
PG10   5306.287688 -19828.341377  16871.438416    -69.425638  2  4  4  69       
PG11  11844.427922  20333.457905 -12339.068413   -540.647925  7  5  5  93       
PG12  22691.180992  -7992.655786  10891.951144   -468.094634  6  4  1  64       
PG13  22458.845291  13956.020381  -3750.362346    616.066098  5  3  5  71       
PG14  -9132.139838  20703.293222  13781.203807    299.248510  6  3  5   6       
PG15  26340.600043   2263.131562   3037.797122    117.459400  6  5  5  65       
PG16 -14126.794607  -8048.699984 -21408.648104   -383.691139  6  5  2  75       
PG17   -802.160690  15724.221288  21800.779365    719.821867  5  3  4  43       
PG18   6366.528825 -20919.064374 -14930.435783   -532.594022  6  3  3  71       
PG19   9580.937144  17495.673748  17523.571498    426.851677  7  5  6  68       
PG20   9251.491398  12789.243587 -21320.864284    391.424296  6  4  2  86       
PG21 -16808.910876  -7125.339353  20098.979541    138.330884  4  5  5  93       
PG22  -2673.356300  18672.470894  19245.622204     47.887042  7  4  3  69       
PG23  15581.195821 -20473.224141   6206.598336    135.806537  5  2  4  80       
PG24  16582.880705   3073.668910  20195.633378   -414.212401  5  3  5  40       
PG25  19939.202559 -17255.091514   1129.031786    485.330185  4  4  4  32       
PG26  -6238.617853 -15616.697651 -20630.360525    200.115263  5  5  3  65       
PG28  -5435.784388 -25970.456980   1219.022679    -99.427516  4  7  4  53       
PG29  16281.325245  -7667.349084 -19614.493242   -608.654986  7  5  6  75       
PG30    120.897981  25511.457398  -6749.115911   -445.173437  4  5  4  80       
PG31 -10140.855469 -22982.502304  -8170.006969   -227.312930  4  3  3  49       
PG32  -4202.450511 -16472.915362  20650.701247   -605.213467  4  5  5  85       
*  2024  1 15 11 45  0.00000000
PG01 -13934.160665   3651.022236  21967.483353    166.172086  4  1  6  95       
PG02 -16683.590174  -3574.220689  20919.508653   -500.550957  5  5  4  96       
PG03 -21056.064222   8394.217083  13608.476185    127.621613  7  5  6  70       
PG04 -24753.479736   -247.478567  -9793.636637    266.634280  7  6  4  51       
PG05  16850.477949   2359.340054 -20595.179301   -158.046332  8  3  4  97       
PG06   5984.290371  25792.339750   1218.574810    443.910570  5  4  4  53       
PG07  -7778.391821  18015.761052 -17190.448168    -37.852038  5  2  3  79       
PG08 -26264.124472  -5176.805465   1028.604498   -162.204035  7  5  6  72       
PG09 -16617.602525   9496.112055 -18526.022048     59.568107  5  6  2  54       
PG10   6703.801940 -20954.859417  14839.287392    -69.426663  1  2  4  80       
PG11  11882.914935  21621.467973  -9875.354789   -540.660505  6  4  5  88       
PG12  21732.883689  -6915.887115  13268.913166   -468.097927  6  4     54       
PG13  21864.851316  13907.175991  -6534.202415    616.069450  4  3  5  83       
PG14 -10378.012199  21489.649321  11485.923494    299.257709  6  3  5  37       
PG15  26535.124730   2608.042945    255.228228    117.462871  7  5  5  60       
PG16 -12263.558171  -9564.478121 -21894.906582   -383.683893  6  5  2  96       
PG17  -3090.662157  14929.840906  22172.016761    719.820743  5  3  5  66       
PG18   6920.291004 -19169.047665 -16916.381203   -532.602320  5  3  3  75       
PG19   7583.707129  16791.212246  19072.942215    426.856657  7  4  5  73       
PG20   7770.686210  14699.155145 -20688.186187    391.422846  7  4  2  91       
PG21 -17423.841437  -9135.244859  18765.749263    138.329742  4  5  5  93       
PG22  -4329.606969  19842.871301  17700.180369     47.881322  6  4  4  63       
PG23  16121.312222 -20709.359569   3377.138874    135.813255  5  2  4  92       
PG24  17241.176686   5316.544408  19211.136065   -414.218798  5  3  5  63       
PG25  19917.279011 -16805.883297   3961.439809    485.331392  4  4  3  60       
PG26  -4607.345514 -17239.892107 -19707.367737    200.112124  5  5  3  75       
PG28  -5110.849581 -25745.019092   4054.209083    -99.437790  4  7  5           
PG29  18250.468252  -6808.991514 -18148.020075   -608.654350  8  5  7  71       
PG30   -415.453806  24665.873354  -9357.873767   -445.169269  4  4  5  73       
PG31 -10023.143557 -23790.796226  -5450.194475   -227.313289  4  3  3  58       
PG32  -1913.097587 -15883.777292  21425.249050   -605.216143  4  4  5  90       
*  2024  1 15 12  0  0.00000000
PG01 -14652.998162   1181.766317  21803.191099    166.173085  4  1  6  83       
PG02 -17453.279880  -5659.348618  19793.704225   -500.545907  5  4  5  84       
PG03 -20012.586956   7038.965432  15768.379135    127.645029  7  6  6  69       
PG04 -25635.388765   -701.239620  -7163.185217    266.643064  8  6  5  56       
PG05  15380.030237   4211.153034 -21432.291899   -158.047765  8  4  4  91       
PG06   5727.526817  25558.935625   4115.659625    443.898627  4  3  4  55       
PG07  -8601.832575  16007.290434 -18720.234383    -37.860677  4  2  2  85       
PG08 -26186.379980  -5403.952144  -1791.468472   -162.205864  7  5  6  69       
PG09 -18559.052411   8958.750750 -16874.423671     59.579135  5  6  3  87       
PG10   7873.024644 -21978.239791  12551.136661    -69.427688  1  2  4  79       
PG11  11918.746496  22625.648539  -7241.953713   -540.673100  6  4  5  87       
PG12  20642.571029  -5612.706133  15412.957415   -468.101323  6  3     66       
PG13  20983.429072  13779.860484  -9207.645980    616.072740  5  3  5  79       
PG14 -11393.500671  22143.610442   8991.280469    299.266899  5  3  5  65       
PG15  26434.595892   2913.612046  -2531.730030    117.466327  8  5  6  62       
PG16 -10456.055764 -11203.243037 -22016.714725   -383.676895  7  5  2  87       
PG17  -5437.696399  14256.975454  22176.323141    719.819881  4  3  5  64       
PG18   7624.661945 -17251.126089 -18608.777217   -532.610543  5  3  4  76       
PG19   5398.975080  16143.190923  20292.551101    426.861381  7  3  4  73       
PG20   6439.822635  16603.336739 -19698.770499    391.420749  7  4  1  72       
PG21 -18085.442368 -10953.825613  17131.389903    138.328467  5  5  5  80       
PG22  -5781.635141  20975.279434  15862.829949     47.875440  6  4  4  63       
PG23  16432.977351 -20729.668015    488.901574    135.819998  5  2  4  66       
PG24  17953.876951   7398.489507  17888.284982   -414.225281  5  3  4  73       
PG25  19704.699856 -16117.322286   6724.070259    485.332584  5  3  3  41       
PG26  -3128.980902 -18845.460732 -18446.258335    200.108913  5  5  3  79       
PG28  -4671.601227 -25236.833206   6819.602184    -99.448105  3  7  5  62       
PG29  20088.025281  -6113.627660 -16371.455761   -608.653936  8  5  7  69       
PG30  -1073.794809  23571.363163 -11802.344303   -445.165103  3  5  5  72       
PG31  -9859.097556 -24301.769223  -2634.726128   -227.313613  4  3  3  53       
PG32    470.702271 -15401.922530  21838.477856   -605.218730  4  4  4  80       
*  2024  1 15 12 15  0.00000000
PG01 -15493.674535  -1200.921466  21252.359438    166.174100  4  2  7  87       
PG02 -18274.160572  -7571.346812  18343.257468   -500.540945  5  4  5  71       
PG03 -18898.948230   5449.185077  17652.989108    127.668503  7  6  6  84       
PG04 -26241.744998  -1048.214760  -4410.358304    266.651805  8  6  6  54       
PG05  13967.691954   6199.241975 -21906.927555   -158.049145  8  4  4  99       
PG06   5346.390507  25034.674622   6941.546366    443.886665  4  2  4  62       
PG07  -9576.773602  13894.934053 -19910.198451    -37.868682  4  2  2  89       
PG08 -25809.306373  -5593.574287  -4581.523451   -162.206664  7  5  5  70       
PG09 -20325.414450   8550.565272 -14934.884046     59.590133  5  6  4  61       
PG10   8814.783617 -22853.869349  10045.675812    -69.429196  2     4  63       
PG11  11913.584075  23336.072341  -4484.165392   -540.685727  5  4  5  84       
PG12  19463.513868  -4085.681976  17285.863734   -468.105064  6  2     49       
PG13  19818.580148  13613.589720 -11725.777340    616.076178  5  3  5  82       
PG14 -12185.086490  22626.392874   6340.423719    299.276128  5  2  4  42       
PG15  26039.981120   3214.948803  -5275.907854    117.469905  8  4  7  59       
PG16  -8740.183064 -12934.391884 -21770.766489   -383.669804  7  4  2  93       
PG17  -7797.729794  13718.858889  21814.056889    719.819345  4  4  5  65       
PG18   8489.642231 -15211.165980 -19978.623111   -532.618853  6  3  4  92       
PG19   3064.189736  15581.222403  21160.059342    426.866274  6  1  4  76       
PG20   5272.621113  18456.932628 -18370.196092    391.419558  6  4  2  63       
PG21 -18759.936647 -12556.241310  15222.873876    138.327314  5  5  5  91       
PG22  -7019.300707  22027.798110  13763.455920     47.869338  6  4  4  52       
PG23  16542.248371 -20505.424991  -2407.846780    135.826756  6  2  4  61       
PG24  18689.883774   9287.332570  16252.034075   -414.231651  5  2  4   6       
PG25  19335.550717 -15174.804003   9367.887410    485.333800  5  3  2  43       
PG26  -1817.244146 -20390.609077 -16867.578211    200.105753  5  5  3  84       
PG28  -4088.074135 -24469.351604   9467.565528    -99.458344  2  7  6  62       
PG29  21749.866199  -5569.991470 -14315.226274   -608.653562  8  6  7  49       
PG30  -1876.006248  22259.862554 -14039.582315   -445.160921  3  4  5  74       
PG31  -9611.296372 -24515.849825    227.118106   -227.314059  4  3  3  69       
PG32   2903.842283 -15042.520726  21882.933595   -605.221307  4  3  3  84       
*  2024  1 15 12 30  0.00000000
PG01 -16431.447690  -3450.689528  20326.101592    166.175063  5  3  7 101       
PG02 -19111.263568  -9282.426104  16591.524853   -500.535540  4  4  5  88       
PG03 -17759.563615   3639.483597  19229.286377    127.691841  6  6  6  84       
PG04 -26553.105273  -1321.467019  -1582.214682    266.660546  9  6  6  64       
PG05  12646.831119   8288.622674 -22010.922624   -158.050259  8  4  3 100       
PG06   4809.401358  24245.270164   9647.474854    443.874723  4     4  63       
PG07 -10700.316322  11728.013291 -20739.171346    -37.877397  3  2  1  98       
PG08 -25135.339347  -5782.541127  -7294.841640   -162.207569  7  5  5  82       
PG09 -21878.339083   8251.183581 -12740.404591     59.601136  5  6  4  80       
PG10   9538.451767 -23539.646872   7365.673452    -69.430409  3     4  77       
PG11  11828.888276  23751.653430  -1649.386278   -540.698322  4  3  5  80       
PG12  18239.462350  -2346.217835  18854.142449   -468.108211  6  2  1  53       
PG13  18382.852514  13447.196437 -14046.381865    616.079555  5  3  5  79       
PG14 -12767.045841  22902.865752   3579.321586    299.285346  5  3  4  17       
PG15  25360.344919   3546.597202  -7931.361372    117.473511  9  4  7  81       
PG16  -7146.419894 -14721.501389 -21159.714525   -383.662743  7  4  2  77       
PG17 -10123.853366  13320.821728  21091.385686    719.818194  2  4  6  20       
PG18   9517.003118 -13097.353266 -21002.610217   -532.627085  6  4  4  93       
PG19    622.523979  15128.602361  21659.150977    426.871091  5  1  4  76       
PG20   4274.689033  20214.570287 -16725.820387    391.417282  5  3  2  62       
PG21 -19410.299695 -13924.749394  13071.120241    138.326375  5  5  5  86       
PG22  -8040.452327  22958.392123  11436.220762     47.863527  5  3  4  42       
PG23  16481.206688 -20015.015145  -5262.660990    135.833476  7  2  5  69       
PG24  19414.262111  10958.208738  14332.627050   -414.238030  5  2  4  65       
PG25  18847.572427 -13972.060671  11845.708218    485.335003  5  3  2  60       
PG26   -678.192752 -21831.831586 -14997.503900    200.102606  5  5  3  98       
PG28  -3335.714878 -23472.976172  11952.462218    -99.468642  1  6  6  85       
PG29  23196.050791  -5159.331837 -12014.487732   -608.653001  9  6  6  79       
PG30  -2837.508993  20768.785365 -16030.355359   -445.156733  3  4  5  76       
PG31  -9244.165495 -24442.353149   3084.931215   -227.314294  4  3  3  70       
PG32   5338.981559 -14813.056482  21557.257480   -605.223879  4  2  2  72       
*  2024  1 15 12 45  0.00000000
PG01 -17434.803922  -5526.983260  19042.224696    166.176051  5  4  7  95       
PG02 -19925.952516 -10771.870566  14566.677824   -500.530404  4  5  5  91       
PG03 -16636.795140   1633.110695  20469.698770    127.715176  5  6  6  79       
PG04 -26558.289749  -1557.016712   1272.942892    266.669339  9  6  7  60       
PG05  11444.665224  10438.982495 -21742.272377   -158.051465  8  4  3  89       
PG06   4090.947985  23223.641697  12186.874177    443.862815  4     4  46       
PG07 -11961.250470   9555.782868 -21192.919304    -37.885482  1  2     91       
PG08 -24175.204013  -6006.824821  -9885.985511   -162.208276  7  5  5  84       
PG09 -23185.210788   8034.163298 -10328.335236     59.612186  5  6  5  75       
PG10  10061.438732 -23997.684606   4557.268218    -69.432057  4     4  78       
PG11  11627.570401  23880.069874   1213.703030   -540.710911  4  3  5  81       
PG12  17012.909444   -414.339578  20089.699393   -468.111594  6     2  37       
PG13  16696.982333  13317.238351 -16130.597940    616.083015  5  3  5  79       
PG14 -13160.706667  22943.005404    755.946153    299.294563  5  3  4  65       
PG15  24412.455828   3941.055207 -10454.072289    117.476773  8  4  8  99       
PG16  -5698.794108 -16523.515323 -20192.226153   -383.655649  7  4  2  73       
PG17 -12369.324200  13060.166367  20020.185593    719.817598     4  6  62       
PG18  10700.085319 -10958.445839 -21663.503491   -532.635377  6  3  4  66       
PG19  -1878.574954  14801.342482  21779.909343    426.875993  5  2  5  86       
PG20   3443.499381  21832.000203 -14794.344454    391.416016  5  3  3  74       
PG21 -19997.612121 -15049.140400  10710.586038    138.325124  5  5  6  93       
PG22  -8850.856809  23726.437202   8919.104133     47.857607  5  3  4  46       
PG23  16286.541446 -19244.915811  -8025.827999    135.840214  7  2  5  67       
PG24  20089.682673  12394.243536  12164.934288   -414.244434  5  2  4  78       
PG25  18280.558649 -12511.651765  14113.133175    485.336212  5  3  2  49       
PG26    289.872798 -23126.525610 -12867.462721    200.099456  5  5  3  53       
PG28  -2396.537459 -22283.881564  14231.445171    -99.478931     6  6  71       
PG29  24392.253413  -4856.301464  -9508.537485   -608.652452  9  6  5  68       
PG30  -3966.448966  19139.595781 -17739.870086   -445.152502  3  3  4  69       
PG31  -8725.611573 -24099.076356   5888.127478   -227.314458  4  2  3  80       
PG32   7728.130809 -14713.047186  20866.248119   -605.226442  4  1  2  71       
*  2024  1 15 13  0  0.00000000
PG01 -18466.744595  -7396.403210  17424.790270    166.177006  5  5  6  93       
PG02 -20677.341457 -12026.641835  12301.344414   -500.525260  4  5  5  99       
PG03 -15569.288422   -538.750460  21352.606808    127.738460  4  6  6  94       
PG04 -26254.801848  -1792.264085   4106.374681    266.678131  8  6  7  77       
PG05  10381.323188  12606.028482 -21105.179536   -158.052300  8  4  2  89       
PG06   3172.468177  22008.611298  14516.164240    443.850863  4     4  36       
PG07 -13340.403072   7425.559854 -21264.382000    -37.894066     2     77       
PG08 -22947.576092  -6299.979912 -12311.497928   -162.210133  7  6  5  78       
PG09 -24220.285690   7868.159547  -7739.759959     59.623189  5  6  5  31       
PG10  10408.359238 -24195.875850   1669.176080    -69.434448  5     5  87       
PG11  11275.593139  23737.360706   4055.969379   -540.723535  4  3  5  73       
PG12  15823.410432   1681.869982  20970.397452   -468.115222  6     2  56       
PG13  14789.244597  13256.505486 -17943.514248    616.086480  5  3  5  77       
PG14 -13393.429155  22723.163494  -2080.584608    299.303814  4  3  4  51       
PG15  23220.132118   4427.398322 -12802.589967    117.480348  8  4  8  82       
PG16  -4414.076185 -18296.128469 -18882.955346   -383.648845  7  4  3  81       
PG17 -14489.104711  12926.336041  18617.873480    719.816310  2  4  6  70       
PG18  12023.937223  -8842.021195 -21950.410365   -532.643617  7  4  4 104       
PG19  -4389.021771  14607.496716  21519.080631    426.880398  5  3  6  87       
PG20   2768.688987  23267.695784 -12609.292476    391.414104  4  3  3  69       
PG21 -20482.479768 -15926.930311   8178.834682    138.324170  5  5  5  84       
PG22  -9463.846588  24294.244579   6253.384497     47.851874  5  3  4  60       
PG23  15997.958496 -18190.369241 -10649.263995    135.846961  8  3  6  82       
PG24  20677.945574  13586.912133   9787.729971   -414.250836  5  2  4  70       
PG25  17674.666332 -10805.099678  16129.435416    485.337363  5  2  3  15       
PG26   1096.195612 -24234.602057 -10513.646964    200.096272  5  5  3  71       
PG28  -1260.025306 -20942.627051  16265.200188    -99.489222     6  6  85       
PG29  25310.985540  -4630.102532  -6840.158143   -608.651994  9  6  4  55       
PG30  -5263.181774  17416.232141 -19138.407757   -445.148291  3  3  4  65       
PG31  -8028.532664 -23511.554539   8586.912528   -227.314955  4  2  3  84       
PG32  10024.273629 -14734.068756  19820.832358   -605.228953  3     3  52       
*  2024  1 15 13 15  0.00000000
PG01 -19486.289499  -9033.754721  15503.561962    166.177953  4  5  6  91       
PG02 -21323.816025 -13041.720830   9832.190595   -500.519949  5  5  6  84       
PG03 -14590.471937  -2838.009764  21862.734217    127.761734  3  5  5  83       
PG04 -25648.931165  -2064.360959   6869.716720    266.686891  8  6  7  74       
PG05   9469.179988  14742.994259 -20110.009920   -158.053656  8  4  2  81       
PG06   2043.350800  20643.389426  16595.496904    443.838931  4     3  46       
PG07 -14811.337554   5380.961817 -20953.734163    -37.902783     1     72       
PG08 -21478.465465  -6691.714477 -14530.574869   -162.213146  7  6  5  84       
PG09 -24965.580965   7718.288924  -5018.818508     59.634171  5  6  5  59       
PG10  10609.906778 -24109.261757  -1248.172970    -69.436336  6  1  5  77       
PG11  10743.458401  23347.213580   6828.664128   -540.736140  3  3  4  64       
PG12  14706.029968   3907.170806  21480.499285   -468.118844  6     3  35       
PG13  12694.536788  13292.679632 -19454.706732    616.089955  4  3  5  85       
PG14 -13497.350859  22227.096749  -4880.889821    299.312992  4  3  3  43       
PG15  21813.355762   5030.052554 -14938.612805    117.483891  7  4  8  90       
PG16  -3301.238652 -19993.323184 -17252.423726   -383.641752  7  3  3  54       
PG17 -16441.349602  12901.371971  16907.173410    719.816027  4  4  6  60       
PG18  13465.785182  -6792.787439 -21858.934340   -532.651914  7  4  5  81       
PG19  -6857.853385  14546.813784  20880.213392    426.885505  5  5  6  78       
PG20   2232.661532  24484.352922 -10208.416193    391.412620  3  3  4  53       
PG21 -20826.480089 -16563.305018   5516.079851    138.322999  5  5  5  92       
PG22  -9899.693117  24628.509230   3483.063349     47.845915  4  3  4  40       
PG23  15656.479895 -16855.715834 -13087.379600    135.853663  8  2  6  82       
PG24  21141.521526  14536.071353   7242.929676   -414.257218  5  2  4  56       
PG25  17068.711732  -8872.659014  17858.383485    485.338555  5  2  3  41       
PG26   1757.044594 -25120.028633  -7976.426214    200.093079  5  4  3  55       
PG28     76.256570 -19492.610734  18018.628626    -99.499492     6  6  60       
PG29  25932.570502  -4445.845398  -4054.904422   -608.651599  9  6  3  49       
PG30  -6720.077871  15643.447922 -20201.855516   -445.144046  3  3  4  85       
PG31  -7132.136715 -22712.004954  11133.251142   -227.314916  4  2  3  83       
PG32  12182.965461 -14860.091649  18437.941957   -605.231484  3  2  4           
*  2024  1 15 13 30  0.00000000
PG01 -20450.129818 -10422.754298  13313.359946    166.178898  4  5  5  94       
PG02 -21824.609202 -13820.171712   7199.440020   -500.515061  5  5  6  95       
PG03 -13727.279432  -5220.973340  21991.415902    127.785001  3  5  4  97       
PG04 -24755.535699  -2408.593344   9515.786939    266.695633  8  5  7  78       
PG05   8712.489246  16802.252355 -18773.154157   -158.054754  7  4  2  87       
PG06    701.525167  19173.910233  18389.424658    443.827031  3  2  3  64       
PG07 -16341.365998   3460.331943 -20268.275129    -37.911070     1     90       
PG08 -19800.342889  -7206.603667 -16505.704942   -162.213838  7  6  5  84       
PG09 -25411.481959   7547.638178  -2211.974029     59.645182  5  6  6           
PG10  10701.474680 -23721.137001  -4143.552534    -69.437150  6  3  5  83       
PG11  10007.524828  22739.971317   9484.251746   -540.748737  3  3  4  41       
PG12  13689.983221   6220.363743  21610.979110   -468.122031  6     3  70       
PG13  10453.228442  13447.193267 -20638.710118    616.093524  4  3  5  89       
PG14 -13507.947359  21446.715675  -7596.215848    299.322237  4  3  3  78       
PG15  20227.190442   5767.755561 -16827.507528    117.487242  6  4  8  70       
PG16  -2361.206723 -21569.007277 -15326.804105   -383.634833  7  3  3  85       
PG17 -18188.791616  12960.644750  14915.816981    719.814984  5  4  6  44       
PG18  14995.815450  -4851.022283 -21391.213138   -532.660182  8  3  5  80       
PG19  -9235.043426  14610.735721  19873.665430    426.889973  5  5  7  86       
PG20   1811.469176  25450.233331  -7633.035687    391.411018  3  3  4  83       
PG21 -20993.593274 -16970.817478   2764.702299    138.322138  5  5  5  94       
PG22 -10184.722847  24701.630479    654.233411     47.840101  4  3  4  31       
PG23  15302.703419 -15254.374798 -15297.895487    135.860434  8  3  6  75       
PG24  21445.050045  15249.674677   4574.807119   -414.263628  5  3  4  67       
PG25  16498.526713  -6742.725014  19268.974457    485.339814  5  2  4  43       
PG26   2294.908393 -25752.242234  -5299.664998    200.089911  5  4  3  57       
PG28   1606.364162 -17978.425985  19461.457589    -99.509731     6  7  63       
PG29  26245.833796  -4266.068664  -1200.343558   -608.651023  9  6  3  52       
PG30  -8321.655517  13865.138545 -20912.123037   -445.139807  3  3  4  91       
PG31  -6023.008447 -21738.002382  13481.807819   -227.315312  4  2  3  74       
PG32  14163.851958 -15068.118521  16740.294024   -605.234022  3  3  4  55       
*  2024  1 15 13 45  0.00000000
PG01 -21314.359862 -11556.373980  10893.342289    166.179789  4  6  5  76       
PG02 -22141.379796 -14372.920775   4446.331211   -500.509908  5  5  6  84       
PG03 -12999.146809  -7639.870583  21736.738531    127.808302  2  5  4  95       
PG04 -23597.511531  -2856.836508  11999.372446    266.704433  7  5  6  59       
PG05   8107.328779  18736.974289 -17116.795235   -158.056349  7  4  2  96       
PG06   -846.283516  17647.081913  19867.486591    443.815156  3  2  2  73       
PG07 -17892.823099   1695.417247 -19222.157422    -37.919687     2     80       
PG08 -17951.039102  -7862.991962 -18203.268741   -162.216292  7  6  4  81       
PG09 -25557.043135   7318.860440    632.762596     59.656177  4  5  6  66       
PG10  10721.578794 -23023.843561  -6965.892630    -69.438975  6  4  5  84       
PG11   9051.104119  21951.396092  11977.216268   -540.761365  3  3  3  48       
PG12  12797.529224   8575.737780  21359.695206   -468.125420  6     3  72       
PG13   8109.817050  13734.328412 -21475.419327    616.096756  4  2  5  80       
PG14 -13462.467191  20382.521205 -10179.315282    299.331452  4  4  3  60       
PG15  18500.543914   6652.737338 -18438.766254    117.490758  6  4  8  80       
PG16  -1586.917291 -22978.695649 -13137.601107   -383.627661  7  3  3  75       
PG17 -19699.979499  13073.837719  12676.177275    719.813960  6  4  5  73       
PG18  16578.235449  -3051.198770 -20555.843382   -532.668369  8  3  5  84       
PG19 -11473.297048  14782.747640  18516.472760    426.894874  6  6  7  84       
PG20   1475.936501  26140.302261  -4927.328390    391.409008  3  2  4  82       
PG21 -20951.576235 -17168.843763    -31.263542    138.320825  5  5  5  74       
PG22 -10350.201407  24492.855766  -2185.606449     47.834162  4  2  4  69       
PG23  14975.092955 -13408.473348 -17242.592201    135.867213  8  2  6  80       
PG24  21556.738839  15743.192135   1829.206694   -414.270032  5  3  4  58       
PG25  15995.448159  -4450.903724  20336.056564    485.341030  4  2  4  48       
PG26   2737.429840 -26107.370566  -2529.956197    200.086739  6  3  2  73       
PG28   3316.004491 -16444.183756  20568.766769    -99.520000     6  7  73       
PG29  26248.482718  -4052.362804   1674.739264   -608.650755  8  6  3  78       
PG30 -10045.034648  12122.722489 -21257.437518   -445.135605  3  3  4  60       
PG31  -4695.875749 -20630.941490  15590.835410   -227.315464  4  2  3  77       
PG32  15932.049999 -15329.103802  14756.074174   -605.236550  2  3  4  73       
*  2024  1 15 14  0  0.00000000
PG01 -22036.216424 -12436.820821   8286.233510    166.180720  4  6  4  70       
PG02 -22239.739528 -14718.251534   1618.512096   -500.504783  6  5  6  76       
PG03 -12417.323007 -10044.543220  21103.552033    127.831544  3  5  3  84       
PG04 -22204.969571  -3436.141343  14277.985958    266.713202  6  4  6  80       
PG05   7641.863192  20502.778253 -15168.582571   -158.057062  6  4  3  92       
PG06  -2584.640882  16109.019957  21004.703377    443.803207  2  2  2  74       
PG07 -19424.539506    110.351165 -17835.970926    -37.928115     2  2  59       
PG08 -15972.453224  -8672.124716 -19594.090833   -162.217841  7  7  3  90       
PG09 -25409.970223   6995.798020   3466.639936     59.667208  4  5  6  48       
PG10  10710.146108 -22019.214366  -9665.246258    -69.439876  6  5  5  52       
PG11   7865.293814  21021.239107  14264.832419   -540.773966  3  4  2  61       
PG12  12043.163233  10924.705820  20731.418984   -468.129039  5     3  56       
PG13   5711.437099  14160.587859 -21950.416338    616.100347  4  2  5  73       
PG14 -13398.305038  19043.711161 -12585.296743    299.340596  4  4  3  72       
PG15  16674.818322   7690.143977 -19746.402003    117.494146  6  5  7  77       
PG16   -963.692641 -24181.173454 -10721.225170   -383.620798  7  2  3  57       
PG17 -20950.325197  13206.152054  10224.835909    719.812798  7  4  5  40       
PG18  18172.571605  -1420.848367 -19367.695729   -532.676597  8  3  5  62       
PG19 -13529.751159  15039.068429  16832.079084    426.899617  6  6  7  81       
PG20   1192.981913  26537.119396  -2137.578475    391.407761  3  2  4  59       
PG21 -20673.237758 -17182.810037  -2826.676355    138.319867  5  4  5  95       
PG22 -10431.020494  23989.202102  -4988.285208     47.828508  4  3  4  55       
PG23  14708.368898 -11348.140036 -18887.979736    135.873983  8  2  6  77       
PG24  21449.615135  16038.766741   -947.234070   -414.276473  5  3  4  62       
PG25  15585.007536  -2038.782719  21040.823959    485.342206  4  2  4  46       
PG26   3116.121545 -26169.209417    284.216110    200.083511  5  3  2  65       
PG28   5182.892971 -14931.865784  21321.422618    -99.530275  1  5  7  50       
PG29  25947.160515  -3767.035501   4521.158269   -608.650115  8  6  3  63       
PG30 -11860.691249  10453.641921 -21232.513387   -445.131392  4  3  4  53       
PG31  -3154.040293 -19434.352372  17422.988335   -227.315925  4  3  3  45       
PG32  17459.338203 -15609.124598  12518.522813   -605.239081  2  4  4  57       
*  2024  1 15 14 15  0.00000000
PG01 -22575.757376 -13075.163343   5537.519689    166.181615  5  7  4  83       
PG02 -22090.673762 -14881.026527  -1236.626776   -500.499671  6  5  6  60       
PG03 -11984.520936 -12384.228182  20103.353397    127.854820  3  5  3  85       
PG04 -20614.149765  -4167.506118  16312.579796    266.721962  5  3  6  87       
PG05   7296.916223  22059.303726 -12961.214454   -158.058457  5  3  3  48       
PG06  -4489.827370  14603.330949  21781.974913    443.791311  3  2  2  70       
PG07 -20893.445395  -1279.024943 -16136.203266    -37.936918     3  2  61       
PG08 -13909.114134  -9637.542525 -20653.936864   -162.219256  7  7  3  84       
PG09 -24986.282802   6545.069287   6240.992028     59.678225  4  5  6  11       
PG10  10706.740960 -20718.643337 -12193.746710    -69.441065  6  6  6  89       
PG11   6449.514268  19991.670776  16307.888947   -540.786542  3  4  2  43       
PG12  11433.141322  13217.560022  19737.720757   -468.132752  5     2  61       
PG13   3306.274000  14724.362216 -22055.218294    616.104082  4  1  5  62       
PG14 -13351.379660  17447.952118 -14772.428162    299.349810  3  4  4  69       
PG15  14792.493995   8877.720182 -20729.283616    117.498120  6  5  7  67       
PG16   -469.923335 -25140.075897  -8118.458674   -383.613777  7  2  3  75       
PG17 -21922.922228  13319.695704   7602.083070    719.812160  7  4  4  44       
PG18  19735.152490     20.297737 -17847.626056   -532.684863  8  3  5  63       
PG19 -15367.507843  15349.656601  14849.928371    426.904332  7  7  7  65       
PG20    927.084821  26631.451270    688.601114    391.405438  4     4  53       
PG21 -20137.573870 -17043.208652  -5575.870915    138.319207  5  3  5  74       
PG22 -10464.230439  23186.115203  -7705.735980     47.822725  4  3  3  24       
PG23  14532.063030  -9110.491419 -20205.874655    135.880763  8  2  6  51       
PG24  21102.587479  16164.146932  -3707.840495   -414.282823  4  4  4  77       
PG25  15285.878312    447.544602  21371.170570    485.343445  4  2  4  54       
PG26   3464.913862 -25929.911238   3093.367661    200.080305  5  2  2  72       
PG28   7177.425314 -13479.772437  21706.412121    -99.540561  2  5  6  65       
PG29  25357.172264  -3374.755004   7290.154600   -608.649925  7  6  3  67       
PG30 -13733.479398   8890.041965 -20838.596359   -445.127192  4  3  3  63       
PG31  -1409.452593 -18192.142499  18946.039366   -227.316002  4  3  3  47       
PG32  18725.109445 -15870.762070  10065.426652   -605.241571  2  4  4  48       
*  2024  1 15 14 30  0.00000000
PG01 -22897.416564 -13490.630106   2694.627967    166.182512  5  7  4  61       
PG02 -21671.801569 -14891.656061  -4070.677104   -500.494489  5  5  6  45       
PG03 -11694.920144 -14609.362760  18754.047117    127.878061  3  4  3  91       
PG04 -18866.112909  -5064.880958  18068.206267    266.730762  4  3  5  82       
PG05   7046.834124  23371.653884 -10531.932065   -158.059630  5  3  3  81       
PG06  -6530.581773  13169.511726  22186.376100    443.779420  2  2  2  78       
PG07 -22256.232349  -2465.484241 -14154.599553    -37.945143  2  4  3  66       
PG08 -11806.644127 -10754.763688 -21363.947873   -162.219427  7  7  4  86       
PG09 -24309.668659   5937.557877   8908.069794     59.689243  4  5  6  65       
PG10  10748.804536 -19142.774781 -14506.531935    -69.442349  6  6  5  65       
PG11   4811.728774  18905.631637  18071.352498   -540.799163  3  4  2  50       
PG12  10965.355267  15405.272757  18396.716618   -468.136237  4  1  2  54       
PG13    941.938150  15415.906478 -21787.442767    616.107333  4     5  37       
PG14 -13354.582564  15620.826127 -16702.877561    299.359041  3  4  3  59       
PG15  12895.693104  10205.758399 -21371.410994    117.501369  6  5  6  77       
PG16    -78.041957 -25825.319489  -5373.816068   -383.606508  7  2  3  54       
PG17 -22609.102854  13375.011157   4851.350842    719.811413  7  4  4  62       
PG18  21220.719552   1260.859401 -16022.089772   -532.693099  7  4  5  76       
PG19 -16956.935018  15679.490797  12604.927481    426.908738  7  7  6  80       
PG20    641.842077  26422.584034   3503.061827    391.403866  4  1  4  61       
PG21 -19330.723903 -16784.427908  -8233.279007    138.317912  5  3  4  49       
PG22 -10487.469148  22087.833652 -10290.805597     47.816519  3  3  3  34       
PG23  14469.294993  -6738.353523 -21173.874894    135.887545  8  2  6  74       
PG24  20501.285161  16151.440151  -6406.626077   -414.289226  4  4  4  63       
PG25  15109.126536   2959.136670  21321.894925    485.344665  3  3  3  67       
PG26   3818.594972 -25390.352313   5847.939597    200.077079  5  2  3  64       
PG28   9263.638853 -12121.125272  21717.070251    -99.550744  3  5  6  54       
PG29  24501.891927  -2844.108320   9934.220872   -608.649441  6  5  3  68       
PG30 -15623.877616   7457.679171 -20083.384610   -445.122971  4  3  3  34       
PG31    517.571636 -16946.841499  20133.482252   -227.316173  3  4  3  69       
PG32  19717.045562 -16074.643206   7438.519626   -605.244064  3  4  5  75       
*  2024  1 15 14 45  0.00000000
PG01 -22971.379538 -13709.616803   -193.893752    166.183391  5  7  4  69       
PG02 -20968.423408 -14784.844173  -6834.990088   -500.489389  6  4  6  44       
PG03 -11534.518195 -16673.340376  17079.589336    127.901279  4  3  2  91       
PG04 -17005.258522  -6134.443968  19514.613934    266.739527  3  3  5  80       
PG05   6860.610229  24411.650344  -7921.929849   -158.060480  4  3  4  53       
PG06  -8669.134881  11841.523560  22211.348010    443.767499  2  2  3  74       
PG07 -23471.002733  -3450.380623 -11927.445648    -37.953581  2  4  3  62       
PG08  -9710.178464 -12011.270784 -21711.003660   -162.221273  7  7  5  65       
PG09 -23410.553096   5149.745600  11421.863885     59.700205  4  5  6  58       
PG10  10869.983730 -17320.822242 -16562.612584    -69.443385  6  6  5  87       
PG11   2968.337765  17805.167006  19524.961419   -540.811739  3  5  3  61       
PG12  10629.559999  17441.267896  16732.684763   -468.139556  3  2  2  55       
PG13  -1336.143751  16217.629507 -21150.886306    616.110893  4     5  76       
PG14 -13436.360170  13594.975087 -18343.376996    299.368257  3  4  4  47       
PG15  11024.769367  11657.314720 -21662.131161    117.504988  6  5  6  65       
PG16    244.243730 -26214.322293  -2534.803650   -383.599465  7  2  3  88       
PG17 -23008.709379  13332.690886   2018.581455    719.810081  7  3  4  80       
PG18  22584.103616   2298.032666 -13922.667524   -532.701375  7  4  5  79       
PG19 -18276.678030  15990.071443  10136.790033    426.913648  7  6  5  76       
PG20    301.554447  25918.326522   6257.915906    391.401852  4  1  4  69       
PG21 -18246.710130 -16443.426728 -10754.088417    138.316911  5  2  4  41       
PG22 -10537.344617  20707.434619 -12698.085712     47.810953  3  4  3  49       
PG23  14535.817804  -4278.769797 -21775.725010    135.894357  7  2  6  58       
PG24  19638.651368  16035.736547  -8998.980323   -414.295668  4  4  5  83       
PG25  15057.795238   5445.970922  20894.752990    485.345841  3  3  3  64       
PG26   4211.208765 -24560.159460   8499.237314    200.073871  5  2  3  73       
PG28  11400.426882 -10882.878297  21353.197047    -99.560985  4  5  6  41       
PG29  23411.872049  -2149.013877  12407.909469   -608.648805  5  5  3  81       
PG30 -17489.407691   6175.099338 -18980.832555   -445.118772  4  3  2  66       
PG31   2598.980483 -15737.924485  20965.006524   -227.316249  3  4  3  63       
PG32  20431.484051 -16181.085219   4682.799743   -605.246604  3  5  5  65       
*  2024  1 15 15  0  0.00000000
PG01 -22774.733771 -13764.447297  -3079.183285    166.184256  5  7  4  96       
PG02 -19974.309360 -14598.151907  -9481.497506   -500.484260  6  4  6  78       
PG03 -11481.813477 -18534.148109  15109.525087    127.924537  4  2  2  75       
PG04 -15077.723856  -7374.177999  20626.769935    266.748385  3  5  4  78       
PG05   6703.230413  25158.850644  -5175.688810   -158.062062  4  3  4  87       
PG06 -10862.493234  10646.593819  21856.783368    443.755640  2  2  3  84       
PG07 -24498.840160  -4243.274028  -9494.798753    -37.962041  3  4  3  71       
PG08  -7662.797197 -13386.807163 -21688.006798   -162.223811  7  7  6  80       
PG09 -22324.917556   4164.835858  13738.904636     59.711166  5  5  6  63       
PG10  11098.622010 -15289.543869 -18325.661673    -69.445334  6  5  5  66       
PG11    943.750333  16729.808949  20643.739978   -540.824306  4  5  3  76       
PG12  10407.940226  19283.089452  14775.563175   -468.143195  2  2     86       
PG13  -3486.262830  17104.689187 -20155.512656    616.114146  4     4  76       
PG14 -13619.486232  11408.977745 -19665.797480    299.377478  3  4  4  80       
PG15   9216.968833  13208.684288 -21596.294998    117.508451  6  5  6  67       
PG16    532.502394 -26292.956380    348.911182   -383.592477  7  2  3  74       
PG17 -23130.063371  13155.024200   -848.466473    719.809009  7  3  5  63       
PG18  23781.903535   3137.483896 -11585.511568   -532.709622  7  4  5  82       
PG19 -19314.338686  16241.079577   7489.276763    426.918321  8  6  4  77       
PG20   -127.216795  25134.704806   8906.324363    391.400377  4  2  4  36       
PG21 -16887.927406 -16058.292188 -13094.937915    138.315634  5  2  4  76       
PG22 -10647.833124  19066.548628 -14884.750859     47.805111  3  4  2  67       
PG23  14739.368485  -1781.355181 -22001.567172    135.901114  7  3  6  61       
PG24  18515.275210  15853.653701 -11442.314267   -414.302120  4  4  5  82       
PG25  15126.837327   7858.743999  20098.361194    485.347045  3  4  3  92       
PG26   4674.479058 -23457.392154  11000.360100    200.070672  5  2  3  84       
PG28  13542.959718  -9784.783772  20621.062176    -99.571254  5  5  6  54       
PG29  22123.688858  -1269.933389  14668.611224   -608.648344  4  5  3  84       
PG30 -19286.168208   5053.112968 -17550.845063   -445.114584  4  3  2  50       
PG31   4799.931143 -14600.285048  21426.835330   -227.316536  4  5  2  51       
PG32  20873.457840 -16151.779010   1845.770854   -605.249123  3  5  5  10       
*  2024  1 15 15 15  0.00000000
PG01 -22292.357045 -13691.940755  -5912.845588    166.185142  5  7  4  77       
PG02 -18692.187829 -14370.427399 -11963.564840   -500.479193  6  4  5  70       
PG03 -11508.788916 -20155.822850  12878.430026    127.947786  5  1  2  86       
PG04 -13129.723826  -8773.766005  21385.299388    266.757259  3  5  4  92       
PG05   6537.189861  25601.286748  -2340.241168   -158.063425  4  3  4  85       
PG06 -13063.924069   9604.288541  21129.006692    443.743736  3  3  4  70       
PG07 -25305.241784  -4861.243574  -6899.687656    -37.970188  2  5  3  70       
PG08  -5704.026695 -14853.978364 -21294.078983   -162.225977  7  7  6  46       
PG09 -21092.911918   2973.621936  15819.024787     59.722112  5  5  5  76       
PG10  11456.477860 -13091.917080 -19764.706078    -69.446682  6  5  5  42       
PG11  -1230.351557  15715.067245  21408.424703   -540.836843  4  6  4  70       
PG12  10275.988178  20893.900240  12560.343382   -468.146735  2  2     74       
PG13  -5471.831898  18045.875278 -18817.347503    616.117496  4     3  73       
PG14 -13920.072987   9106.004917 -20647.624922    299.386713  3  4  4  66       
PG15   7505.204713  14830.121634 -21174.353675    117.512197  6  5  5  60       
PG16    823.971330 -26056.184744   3226.406949   -383.585566  7  3  3  41       
PG17 -22989.626322  12807.615471  -3700.968584    719.808473  6  3  5  80       
PG18  24774.103958   3792.919937  -9050.722834   -532.717855  6  5  5  88       
PG19 -20066.792864  16392.121173   4709.350912    426.923095  9  6  4  59       
PG20   -674.181567  24095.360594  11403.265290    391.398367  4  3  4  29       
PG21 -15265.354222 -15666.724520 -15214.643205    138.314490  6  3  3  84       
PG22 -10848.757861  17194.743379 -16811.386218     47.798958  3  3  3  46       
PG23  15079.347125    703.438766 -21848.075733    135.907886  7  4  5  62       
PG24  17139.456520  15641.853723 -13696.660447   -414.308576  4  4  5  61       
PG25  15303.395316  10150.628388  18947.956610    485.348319  4  4  3  77       
PG26   5236.328291 -22107.891452  13307.098724    200.067472  5  3  4  63       
PG28  15644.258081  -8838.748400  19533.296841    -99.581524  5  5  5  56       
PG29  20678.565773   -194.834892  16677.291307   -608.647355  4  4  2  87       
PG30 -20970.421598   4094.584135 -15818.871865   -445.110368  4  4  1  65       
PG31   7080.008665 -13562.921012  21511.921808   -227.316865  4  5  2  62       
PG32  21056.401817 -15951.444762  -1023.378973   -605.251636  3  5  6  57       
*  2024  1 15 15 30  0.00000000
PG01 -21517.518296 -13531.841456  -8647.700080    166.186073  6  7  4  81       
PG02 -17133.904011 -14140.160462 -14236.861352   -500.474101  6  4  5  65       
PG03 -11582.154375 -21509.671107  10425.269629    127.971046  5     3  82       
PG04 -11205.894151 -10314.811143  21776.833896    266.766068  3  6  3  94       
PG05   6324.123842  25735.892683    535.623121   -158.064755  4  3  4  87       
PG06 -15224.585570   8725.888973  20040.650895    443.731835  3  4  3  87       
PG07 -25861.362230  -5327.928102  -4187.302621    -37.978803  3  5  3  71       
PG08  -3868.467449 -16379.142207 -20534.661690   -162.228293  8  7  7  42       
PG09 -19757.313262   1575.064020  17626.070815     59.732967  5  4  5  79       
PG10  11957.725957 -10775.568972 -20854.703177    -69.447916  7  5  5  66       
PG11  -3516.029206  14791.086901  21805.795867   -540.849421  5  6  5  91       
PG12  10203.651564  22243.751918  10126.377246   -468.150401  2  2     70       
PG13  -7262.606765  19004.751519 -17158.277275    616.120643  4  2  2  80       
PG14 -14346.859295   6732.306937 -21272.329675    299.395978  3  3  4  93       
PG15   5916.986271  16486.784470 -20402.392879    117.515919  6  4  5  95       
PG16   1155.854843 -25508.346947   6046.472789   -383.578554  7  3  3  72       
PG17 -22611.356346  12260.912055  -6489.834733    719.807966  5  4  5  45       
PG18  25525.572005   4285.353168  -6361.669355   -532.726074  5  5  5  77       
PG19 -20540.134688  16404.481652   1846.270027    426.927981  9  6  4  81       
PG20  -1363.995930  22830.676371  13706.271708    391.396715  4  3  4  69       
PG21 -13398.463277 -15304.500345 -17074.945401    138.313421  6  4  3  79       
PG22 -11164.412917  15128.590220 -18442.785465     47.793506  3  3  3  69       
PG23  15546.834421   3126.080102 -21318.475605    135.914744  6  5  5  73       
PG24  15527.005679  15435.583005 -15725.225318   -414.315007  4  3  5  82       
PG25  15567.410478  12278.912655  17465.025431    485.349502  4  4  3  83       
PG26   5919.554981 -20544.322196  15378.778824    200.064268  5  3  4  65       
PG28  17656.858366  -8048.504438  18108.674842    -99.591636  6  4  5  58       
PG29  19120.826995   1080.131985  18399.169485   -608.647209  4  4  1  86       
PG30 -22500.172779   3294.535756 -13815.413283   -445.106145  4  4  1  53       
PG31   9394.663957 -12647.885117  21220.004103   -227.316946  4  5  2  72       
PG32  21001.533241 -15549.391990  -3874.648325   -605.254139  2  6  6  76       
*  2024  1 15 15 45  0.00000000
PG01 -20452.175872 -13325.170161 -11238.486916    166.186997  6  7  4  77       
PG02 -15320.229030 -13943.825952 -16260.228747   -500.469046  7  4  5  77       
PG03 -11664.795877 -22575.207708   7792.689892    127.994291  5  2  3  81       
PG04  -9347.700341 -11971.375585  21794.262278    266.774865  3  6  4  89       
PG05   6026.489401  25568.600849   3402.195563   -158.066678  4  4  3  74       
PG06 -17295.241524   8014.093698  18610.433346    443.719929  3  5  3  94       
PG07 -26145.029266  -5672.341788  -1404.192027    -37.987363  3  5  3  52       
PG08  -2184.601795 -17923.560080 -19421.513847   -162.230119  8  7  7  64       
PG09 -18361.890361    -23.450144  19128.549332     59.743952  5  4  5  76       
PG10  12608.283150  -8391.029649 -21576.989729    -69.449234  7  5  4  88       
PG11  -5870.346094  13981.523484  21828.908543   -540.861920  5  7  5  83       
PG12  10156.700147  23310.578742   7516.615083   -468.153838  2  2     77       
PG13  -8835.678012  19941.018524 -15205.750521    616.123964  4  3  1  78       
PG14 -14900.802408   4335.593494 -21529.624746    299.405244  3  4  4  84       
PG15   4473.537939  18139.872771 -19292.102046    117.519135  6  4  5  93       
PG16   1563.601396 -24663.072547   8758.608322   -383.571270  7  3  3  87       
PG17 -22025.776756  11491.580251  -9166.548012    719.806603  4  5  6  83       
PG18  26007.377569   4642.091328  -3564.257123   -532.734343  5  5  5  63       
PG19 -20749.252066  16242.815024  -1049.362772    426.932450  9  6  5  71       
PG20  -2215.129937  21376.659905  15776.128665    391.395150  4  3  4  62       
PG21 -11314.818176 -15003.970218 -18641.269647    138.312636  6  5  2  73       
PG22 -11612.394638  12910.441098 -19748.697281     47.787640  3  3  3  54       
PG23  16124.944264   5439.666700 -20422.446845    135.921556  6  6  5  77       
PG24  13700.788537  15267.282790 -17494.892890   -414.321407  4  3  4  73       
PG25  15892.529714  14206.459616  15676.814304    485.350744  4  4  4  91       
PG26   6740.727225 -18804.948899  17179.029478    200.061053  4  3  5  50       
PG28  19534.505792  -7409.607913  16371.786588    -99.602014  6  4  5  54       
PG29  17496.239748   2550.276722  19804.332550   -608.646590  4  3     89       
PG30 -23836.679097   2640.561899 -11575.449447   -445.101917  4  5  1  44       
PG31  11696.808538 -11869.539779  20557.523314   -227.316916  4  5  2  52       
PG32  20736.926916 -14920.918639  -6658.125984   -605.256570  2  6  6           
*  2024  1 15 16  0  0.00000000
PG01 -19106.968572 -13112.556246 -13642.527030    166.187951  6  6  4  77       
PG02 -13280.314416 -13814.284376 -17996.527154   -500.464030  7  5  4  62       
PG03 -11717.372467 -23340.780406   5026.254307    128.017585  5  3  4  61       
PG04  -7591.973112 -13710.819892  21436.877934    266.783658  3  6  4  79       
PG05   5609.231517  25114.099223   6209.719697   -158.067949  5  4  4  25       
PG06 -19227.996728   7463.055915  16862.835555    443.707954  3  5  3  57       
PG07 -26141.502176  -5927.517872   1402.520271    -37.995450  3  5  3  43       
PG08   -673.830155 -19444.771058 -17972.600393   -162.231395  8  7  7  99       
PG09 -16949.737379  -1806.173798  20300.195811     59.754872  5  4  5  59       
PG10  13405.486295  -5989.883001 -21919.594238    -69.450780  7  5  4  99       
PG11  -8246.822794  13302.679355  21477.219084   -540.874525  5  7  5  87       
PG12  10098.251514  24080.880180   4776.794058   -468.157480  2  2  1  70       
PG13 -10176.193382  20812.049943 -12992.381696    616.127472  4  4     58       
PG14 -15574.987511   1963.369454 -21415.610195    299.414431  3  4  4  71       
PG15   3189.140041  19747.928748 -17860.675027    117.522741  6  4  4  80       
PG16   2079.235687 -23542.818138  11314.032990   -383.564537  7  3  4  72       
PG17 -21268.784421  10483.670450 -11684.029722    719.806407  3  5  6  68       
PG18  26197.888812   4895.491800   -706.164780   -532.742610  5  5  5  57       
PG19 -20717.055032  15876.695787  -3926.564219    426.937075  9  6  6  81       
PG20  -3238.971008  19773.629305  17577.519794    391.393156  5  4  4  82       
PG21  -9049.353362 -14792.650346 -19883.477331    138.311305  7  6  3  74       
PG22 -12202.696313  10586.957852 -20704.498106     47.781818  4  3  4  41       
PG23  16789.494944   7601.525703 -19175.919808    135.928309  6  6  4  76       
PG24  11690.033693  15165.315443 -18976.678709   -414.327815  4  3  4  57       
PG25  16247.266333  15902.926753  13615.741517    485.351953  4  5  4  90       
PG26   7709.339670 -16932.197634  18676.458759    200.057803  4  4  5  16       
PG28  21233.810186  -6909.763346  14352.611741    -99.612244  7  4  4  48       
PG29  15850.308378   4202.340897  20868.267550   -608.645921  5  3     86       
PG30 -24945.835292   2113.526214  -9137.805667   -445.097729  5  5  1  35       
PG31  13938.498495 -11234.140693  19537.412375   -227.317479  4  5  3  60       
PG32  20296.319338 -14048.489031  -9324.908650   -605.259088  2  6  6  49       
*  2024  1 15 16 15  0.00000000
PG01 -17500.904782 -12932.608434 -15820.332147    166.188875  6  6  4  97       
PG02 -11050.801841 -13779.309556 -19413.434896   -500.459026  7  6  4  65       
PG03 -11699.996764 -23803.860135   2173.642119    128.040900  5  5  5  73       
PG04  -5969.626534 -15494.913177  20710.418685    266.792512  3  6  5  86       
PG05   5041.366458  24395.255148   8909.277062   -158.069744  5  5  4  51       
PG06 -20977.988955   7058.753172  14827.691753    443.696026  3  6  3  81       
PG07 -25843.954643  -6129.036375   4185.886070    -38.003747  3  5  3  65       
PG08    650.222846 -20898.140412 -16211.867271   -162.232754  8  8  8  89       
PG09 -15561.641953  -3749.398897  21120.454125     59.765826  5  4  5  69       
PG10  14338.132897  -3622.892991 -21877.408435    -69.451707  7  5  4  81       
PG11 -10597.033531  12762.934056  20756.604442   -540.887067  5  7  5  84       
PG12   9990.391651  24550.071233   1954.595676   -468.161019  2  2  2  64       
PG13 -11277.779826  21574.546545 -10555.458862    616.130492  4  4  1  62       
PG14 -16354.856380   -338.708803 -20932.803633    299.423687  3  4  4  72       
PG15   2070.716737  21268.257490 -16130.637990    117.526070  6  4  3  43       
PG16   2729.821560 -22178.041745  13666.677096   -383.557767  7  3  4  72       
PG17 -20380.237603   9229.518054 -13997.514237    719.805280  3  5  6  50       
PG18  26083.602848   5081.528356   2163.946304   -532.750913  4  4  5  47       
PG19 -20473.393705  15281.969014  -6734.929371    426.941675  8  6  6  65       
PG20  -4439.197022  18064.746945  19079.614132    391.391613  5  4  4  73       
PG21  -6643.346730 -14691.970178 -20776.591152    138.310472  6  6  3  58       
PG22 -12937.112820   8207.448849 -21291.768739     47.776134  4  4  4  38       
PG23  17509.970518   9574.642714 -17600.766912    135.935054  5  6  4 102       
PG24   9529.425887  15152.847284 -20146.133347   -414.334231  4  3  4  72       
PG25  16596.361437  17345.705260  11318.726637    485.353214  4  5  4  83       
PG26   8827.269231 -14971.065453  19845.221197    200.054596  3  4  5  43       
PG28  22715.800606  -6529.461602  12085.997989    -99.622538  7  4  4  67       
PG29  14226.585868   6014.807040  21572.305503   -608.645573  5  4     94       
PG30 -25799.383092   1688.515272  -6544.466825   -445.093581  4  5  1  40       
PG31  16072.638372 -10739.759273  18178.766802   -227.317637  4  5  3  67       
PG32  19717.688319 -12922.638677 -11828.012858   -605.261559  2  6  6  62       
*  2024  1 15 16 30  0.00000000
PG01 -15660.764230 -12820.379070 -17736.162074    166.189845  6  6  3  95       
PG02  -8674.614208 -13860.311041 -20484.177158   -500.453724  7  7  4  71       
PG03 -11573.933125 -23970.989853   -716.177192    128.064074  5  5  5  87       
PG04  -4504.608723 -17281.173562  19626.996546    266.801313  3  5  5  86       
PG05   4297.417126  23442.225081  11453.671270   -158.070895  5  6  4  52       
PG06 -22504.974978   6779.674717  12539.692635    443.684026  3  6  2  83       
PG07 -25253.674343  -6313.492302   6899.844599    -38.012122  3  5  3  65       
PG08   1782.100324 -22238.525405 -14168.900602   -162.234028  8  8  8 104       
PG09 -14234.551935  -5822.169825  21574.856842     59.776788  5  4  4  84       
PG10  15386.879228  -1338.183266 -21452.217787    -69.453604  7  6  5  83       
PG11 -12872.284477  12362.491029  19679.273304   -540.899642  5  7  5  85       
PG12   9795.823946  24722.493329   -901.209540   -468.164313  2  2  2  60       
PG13 -12142.644687  22186.246709  -7936.358836    616.133791  3  5  1  45       
PG14 -17218.743930  -2528.393761 -20090.058834    299.432893  3  5  4  69       
PG15   1117.690087  22658.422969 -14129.600173    117.529747  6  4  3  80       
PG16   3536.127068 -20606.046222  15774.125990   -383.550564  6  4  4  65       
PG17 -19402.373958   7730.334875 -16065.415070    719.804655  3  6  5  70       
PG18  25659.681384   5238.224871   4997.234907   -532.759139  4  4  5  58       
PG19 -20053.715530  14441.843917  -9425.560813    426.946505  8  6  6  89       
PG20  -5811.443680  16294.456042  20256.584571    391.389889  6  4  4  65       
PG21  -4143.108299 -14716.236554 -21301.468581    138.309125  6  7  3  81       
PG22 -13808.989467   5822.079183 -21498.753584     47.770478  4  5  5  71       
PG23  18250.733147  11328.868495 -15724.398515    135.941808  4  6  4  95       
PG24   7258.015107  15246.923971 -20983.694229   -414.340661  4  3  4  81       
PG25  16902.286071  18520.547473   8826.457756    485.354440  4  5  4  82       
PG26  10088.551173 -12967.445042  20665.465647    200.051373  3  4  6  61       
PG28  23947.318880  -6242.905246   9611.055188    -99.632833  7  4  4  67       
PG29  12665.068098   7958.533970  21903.966624   -608.645304  5  4  1 109       
PG30 -26375.902646   1336.006796  -3839.853538   -445.089420  4  5  2  42       
PG31  18054.637147 -10376.539360  16506.410529   -227.317745  4  5  4  67       
PG32  19041.665114 -11542.564783 -14123.260331   -605.264067  3  6  6  63       
*  2024  1 15 16 45  0.00000000
PG01 -13620.235316 -12805.972707 -19358.527186    166.190828  6  6  3 111       
PG02  -6199.470349 -14071.313179 -21188.158537   -500.448669  7  7  4  58       
PG03 -11303.247811 -23857.397971  -3593.778726    128.087455  5  6  5  84       
PG04  -3213.126411 -19024.389136  18204.916651    266.810093  3  4  5 101       
PG05   3358.640102  22291.282926  13798.291995   -158.072155  6  6  4  30       
PG06 -23774.752001   6597.800068  10037.811551    443.672022  3  6  2  78       
PG07 -24379.981114  -6516.959510   9499.889745    -38.020682  3  6  3  71       
PG08   2724.582250 -23421.994414 -11878.470490   -162.235428  7  8  8  90       
PG09 -13000.201556  -7987.287259  21655.298020     59.787760  5  3  3  77       
PG10  16524.975138    820.456085 -20652.594991    -69.454783  6  6  5 101       
PG11 -15025.310508  12093.450823  18263.569709   -540.912183  5  7  5  71       
PG12   9479.481157  24611.092324  -3741.613397   -468.167895  2  1  2  70       
PG13 -12781.347328  22607.627757  -5179.875648    616.137145  3  5  2  15       
PG14 -18138.699552  -4568.265154 -18902.376498    299.442114  3  5  4 100       
PG15    322.111339  23877.769740 -11889.923189    117.532875  5  3  3  76       
PG16   4511.554468 -18869.540097  17598.489508   -383.543803  6  4  4  53       
PG17 -18378.119041   5996.456728 -17850.161208    719.803880  4  6  5  65       
PG18  24930.171859   5404.015170   7745.484153   -532.767413  3  4  4  35       
PG19 -19497.521886  13347.688697 -11951.948304    426.951325  8  6  6  72       
PG20  -7343.280179  14506.877389  21088.049934    391.388224  6  5  4  75       
PG21  -1598.423261 -14871.870912 -21445.396272    138.307976  6  7  3  71       
PG22 -14803.334331   3480.029189 -21320.683774     47.764374  4  5  5  70       
PG23  18972.438237  12841.859974 -13579.271554    135.948565  3  6  4  72       
PG24   4917.976152  15457.768918 -21474.984023   -414.347045  4  3  4  67       
PG25  17126.820806  19421.866344   6182.615297    485.355660  4  5  4  66       
PG26  11479.482696 -10966.434991  21123.656004    200.048190  2  4  6  75       
PG28  24902.198387  -6019.184522   6970.475592    -99.643162  7  4  4  64       
PG29  11200.733448   9997.696349  21857.199579   -608.644749  5  5  2  88       
PG30 -26661.551870   1023.205809  -1070.072438   -445.085239  4  5  2  49       
PG31  19843.952742 -10127.270140  14550.371477   -227.318068  4  5  4  66       
PG32  18309.844222  -9916.374375 -16170.115925   -605.266537  3  6  6  62       
*  2024  1 15 17  0  0.00000000
PG01 -11418.818474 -12913.344517 -20660.634358    166.191846  6  6  4  95       
PG02  -3676.180687 -14418.243255 -21511.475665   -500.443781  7  7  4  73       
PG03 -10856.348469 -23486.294868  -6410.112450    128.110759  4  7  6  72       
PG04  -2103.174484 -20678.261962  16468.386473    266.818873  3  3  5  99       
PG05   2213.991746  20983.411811  15901.940370   -158.073632  6  6  4  62       
PG06 -24760.361794   6479.831757   7364.661369    443.660028  3  6  2  59       
PG07 -23239.874244  -6773.502637  11943.689735    -38.028954  2  6  3  80       
PG08   3488.423539 -24407.530975  -9379.963092   -162.237360  7  8  7 101       
PG09 -11883.951723 -10202.564458  21360.192209     59.798722  4  3  2  78       
PG10  17719.300626   2815.067975 -19493.663952    -69.456433  6  6  5  64       
PG11 -17011.926089  11940.208492  16533.671483   -540.924730  4  7  4  79       
PG12   9010.038359  24236.782768  -6518.202223   -468.171348  2  2  3  59       
PG13 -13212.245182  22803.530861  -2333.470736    616.140478  2  5  2  40       
PG14 -19081.559463  -6426.953969 -17390.612828    299.451368  3  6  4  82       
PG15   -330.928143  24888.917495  -9448.305318    117.536389  5  3  3  49       
PG16   5661.385651 -17014.978745  19107.171017   -383.536474  6  4  5  69       
PG17 -17349.353176   4047.226296 -19318.981246    719.803081  4  6  5  56       
PG18  23907.905971   5616.090645  10361.895481   -532.775688  3  3  4   7       
PG19 -18846.691194  11999.498343 -14270.781246    426.955835  7  6  6  78       
PG20  -9014.496156  12744.225400  21559.433378    391.386461  6  6  4  63       
PG21    939.197186 -15156.968013 -21202.576444    138.306685  6  8  4  81       
PG22 -15897.296524   1227.681009 -20759.949139     47.758759  5  6  5  37       
PG23  19633.597170  14099.722846 -11202.320574    135.955325  2  6  4  49       
PG24   2553.257760  15788.329050 -21611.053035   -414.353395  4  3  4  68       
PG25  17232.648787  20052.704288   3433.070425    485.356857  4  4  4  43       
PG26  12979.046697  -9010.705428  21212.761121    200.044966  2  4  5  65       
PG28  25562.182783  -5823.657300   4209.792315    -99.653460  7  5  4  78       
PG29   9862.285079  12090.994120  21432.509076   -608.644246  5  5  4  90       
PG30 -26650.529457    715.496582   1717.847619   -445.081083  4  5  2  42       
PG31  21405.468182  -9968.245225  12345.282255   -227.318284  4  5  4  42       
PG32  17563.061250  -8060.976601 -17932.458116   -605.269035  4  6  6  63       
*  2024  1 15 17 15  0.00000000
PG01  -9100.532620 -13159.327859 -21620.774564    166.192812  6  6  4  97       
PG02  -1156.794202 -14898.568017 -21447.288769   -500.438562  7  7  4  72       
PG03 -10207.355375 -22887.882422  -9117.316021    128.134081  4  8  6  91       
PG04  -1174.389988 -22197.112250  14447.118547    266.827634  3  3  5 100       
PG05    860.790936  19562.714717  17727.597483   -158.074636  6  7  4  68       
PG06 -25443.032561   6388.635824   4565.791213    443.648013  4  6  2  45       
PG07 -21857.427071  -7113.785477  14191.657940    -38.037094  2  6  3  72       
PG08   4091.766662 -25158.652693  -6716.708006   -162.238462  6  9  7  77       
PG09 -10903.890786 -12422.287910  20694.515638     59.809706  4  3  1  79       
PG10  18931.657407   4614.777315 -17996.744732    -69.456968  5  6  5  78       
PG11 -18792.567372  11880.160420  14519.187618   -540.937291  4  7  4  86       
PG12   8361.270603  23627.528939  -9183.956692   -468.174776  2  2  3  32       
PG13 -13460.631443  22744.643296    553.544000    616.143868  2  5  2  63       
PG14 -20010.227092  -8080.127771 -15581.093111    299.460563  3  6  4  89       
PG15   -862.613502  25659.173755  -6845.278468    117.539758  5  4  2  45       
PG16   6982.378224 -15090.759868  20273.513859   -383.529384  6  4  5  45       
PG17 -16355.209285   1910.505789 -20444.612204    719.802112  4  6  5  72       
PG18  22614.079123   5908.797738  12801.861000   -532.784028  3  2  3  55       
PG19 -18143.739320  10406.021657 -16342.679590    426.960855  7  7  6  61       
PG20 -10797.691534  11045.302387  21662.230594    391.384654  6  6  4  71       
PG21   3418.389562 -15561.212730 -20574.476350    138.305542  6  8  4  83       
PG22 -17060.995052   -893.086153 -19826.108698     47.752947  4  6  6  64       
PG23  20192.227560  15097.334475  -8634.321473    135.962081  2  6  4  25       
PG24    208.164065  16234.085385 -21388.562136   -414.359742  4  3  4  68       
PG25  17184.900347  20424.381695    625.074596    485.358073  4  4  4  55       
PG26  14559.634734  -7138.984856  20932.314135    200.041754  2  4  5  80       
PG28  25917.549505  -5619.478383   1376.589226    -99.663741  7  4  4  52       
PG29   8671.145643  14193.086508  20636.967983   -608.643722  5  5  4  91       
PG30 -26345.247657    377.955112   4476.722304   -445.076927  4  4  2  47       
PG31  22710.651093  -9870.367764   9929.721467   -227.318342  4  4  5  52       
PG32  16839.711208  -6001.621333 -19379.263443   -605.271570  5  5  6  88       
*  2024  1 15 17 30  0.00000000
PG01  -6712.467310 -13552.923327 -22222.650048    166.193817  6  6  5  96       
PG02   1307.323225 -15501.301958 -20996.035186   -500.433305  7  7  4  72       
PG03  -9337.254051 -22098.116533 -11669.498234    128.157424  4  8  7  82       
PG04   -418.237473 -23537.576665  12175.832029    266.836332  4  5  4  90       
PG05   -694.951676  18074.707653  19243.118541   -158.076189  6  7  4  56       
PG06 -25812.823031   6284.835852   1688.933147    443.635951  4  5  2  58       
PG07 -20262.953720  -7563.819305  16207.474693    -38.045518  3  6  3  59       
PG08   4559.248505 -25644.876497  -3935.211716   -162.241139  5  9  7  84       
PG09 -10070.231822 -14598.825687  19669.727890     59.820716  4  4  2  64       
PG10  20120.259289   6196.744899 -16188.892254    -69.458818  5  6  5  72       
PG11 -20333.666357  11884.693750  12254.660457   -540.949892  4  7  3  60       
PG12   7513.206603  22817.182595 -11694.008008   -468.178301  2  2  3  38       
PG13 -13557.594679  22408.775705   3430.876479    616.146970  3  5  2  51       
PG14 -20885.111189  -9511.202628 -13505.138625    299.469749  3  7  4  78       
PG15  -1299.467942  26161.809895  -4124.617403    117.543229  5  5  2  34       
PG16   8462.730267 -13145.354305  21077.307809   -383.522619  5  4  5  39       
PG17 -15430.475677   -378.169366 -21205.910344    719.801446  4  6  4  64       
PG18  21077.525823   6312.145582  15023.703059   -532.792312  3  2  3  57       
PG19 -17430.088462   8584.548230 -18132.832065    426.965328  7  7  6  88       
PG20 -12659.149722   9444.127538  21394.182158    391.383122  6  7  3  52       
PG21   5789.856794 -16066.175784 -19570.014363    138.304361  5  8  4  89       
PG22 -18258.665339  -2846.414996 -18535.735105     47.747162  4  7  5  40       
PG23  20607.528308  15838.337776  -5919.198834    135.968781  2  5  3  34       
PG24  -2074.086080  16783.138595 -20809.901811   -414.366147  5  3  4  45       
PG25  16952.591631  20555.846996  -2193.545024    485.359247  3  4  5  31       
PG26  16188.035933  -5384.727269  20288.344881    200.038554  2  4  5  71       
PG28  25967.414448  -5369.217809  -1480.323594    -99.674057  7  5  4  72       
PG29   7640.744512  16256.196041  19484.112346   -608.643352  5  4  5  73       
PG30 -25756.211260    -23.134290   7159.971101   -445.072782  4  4  2           
PG31  23738.458159  -9800.453583   7345.510661   -227.318590  4  4  5  38       
PG32  16174.178133  -3771.101765 -20485.188654   -605.274127  5  5  6  63       
*  2024  1 15 17 45  0.00000000
PG01  -4303.227825 -14094.873907 -22455.638461    166.194834  6  5  6  88       
PG02   3667.393332 -16207.392686 -20165.473245   -500.428335  6  7  4  75       
PG03  -8234.787497 -21157.271001 -14023.482258    128.180793  4  8  7  83       
PG04    181.480503 -24660.234243   9693.660620    266.845137  3  6  4  80       
PG05  -2438.554157  16564.564632  20421.836714   -158.077677  6  7  4  58       
PG06 -25868.943973   6128.500396  -1216.790210    443.623925  3  5  2   9       
PG07 -18491.978295  -8143.889169  17958.560658    -38.053984  3  6  4  77       
PG08   4920.835112 -25842.966478  -1084.311408   -162.241424  4  8  6  61       
PG09  -9385.030508 -16684.320697  18303.574884     59.831743  3  4  2  86       
PG10  21241.358725   7546.794924 -14102.343141    -69.461266  4  5  5  70       
PG11 -21608.804083  11920.420518   9778.980352   -540.962465  4  7  2  70       
PG12   6453.038672  21844.125048 -14006.341228   -468.181816  2  2  3  67       
PG13 -13538.643076  21781.878877   6248.161762    616.150388  2  5  3  67       
PG14 -21665.665966 -10711.757613 -11198.516239    299.478954  3  7  5  90       
PG15  -1672.187226  26377.147543  -1332.663402    117.546551  5  6  2  57       
PG16  10082.413683 -11225.455618  21505.143520   -383.515476  5  5  5  54       
PG17 -14604.175513  -2776.767417 -21588.342928    719.800956  4  6  4  55       
PG18  19333.717053   6850.480291  16989.370154   -532.800594  3  3  3  57       
PG19 -16744.412931   6560.369857 -19611.534076    426.970402  7  8  6  67       
PG20 -14559.963942   7968.752711  20759.345435    391.381713  6  7  3  40       
PG21   8008.243857 -16645.990429 -18205.560851    138.303148  5  8  4  58       
PG22 -19450.074222  -4603.734144 -16912.094628     47.741368  4  7  5  86       
PG23  20841.516433  16334.808867  -3103.288111    135.975534  3  5  2  52       
PG24  -4252.774543  17416.571663 -19883.242015   -414.372495  5  4  3  34       
PG25  16509.905877  20472.760222  -4975.171628    485.360446  3  3  4  62       
PG26  17826.648287  -3775.009513  19293.192118    200.035399  3  4  4  75       
PG28  25719.706599  -5036.504375  -4311.754195    -99.684432  6  4  5  38       
PG29   6776.126219  18231.820790  17993.719833   -608.643019  5  4  5  60       
PG30 -24901.609561   -518.814073   9722.359496   -445.068686  4  4  2  58       
PG31  24475.956944  -9722.678742   4636.981059   -227.318686  4  4  5           
PG32  15595.442079  -1408.653503 -21231.037105   -605.276664  5  4  6  69       
*  2024  1 15 18  0  0.00000000
PG01  -1921.323882 -14777.542558 -22314.990706    166.195845  6  5  6  99       
PG02   5879.026237 -16990.469704 -18970.551272   -500.423384  6  8  4  81       
PG03  -6897.056301 -20108.357547 -16139.498947    128.204134  4  8  7  55       
PG04    647.806989 -25531.095565   7043.476531    266.853873  3  7  3  88       
PG05  -4347.034980  15075.386244  21243.062724   -158.078743  6  7  4  69       
PG06 -25619.744087   5880.859873  -4101.685390    443.611898  3  5  2  32       
PG07 -16584.041510  -8867.690157  19416.502528    -38.062586  3  6  4  49       
PG08   5210.430776 -25737.908675   1785.733199   -162.244333  3  8  6  73       
PG09  -8842.234776 -18632.402263  16619.776427     59.842783  3  4  3  68       
PG10  22250.943286   8659.698897 -11773.886012    -69.462310  3  4  5  27       
PG11 -22599.598035  11950.608811   7134.722124   -540.975083  3  7  2  48       
PG12   5175.759019  20749.766620 -16082.438347   -468.185091  2  3  4  47       
PG13 -13442.146991  20858.754100   8955.887929    616.153594  3  5  3  77       
PG14 -22311.974408 -11681.639154  -8700.820757    299.488102  3  7  5  79       
PG15  -2014.285605  26293.406606   1482.432314    117.550311  5  7  3  51       
PG16  11813.858262  -9374.229776  21550.608955   -383.508412  5  5  5  63       
PG17 -13898.388393  -5238.222833 -21584.342690    719.800162  4  5  4  72       
PG18  17423.515811   7541.376530  18665.078673   -532.808875  3  4  4  71       
PG19 -16121.124776   4365.943215 -20754.620697    426.975125  7  8  6  62       
PG20 -16457.376605   6640.310731  19768.062623    391.379591  5  7  3  22       
PG21  10033.878820 -17268.391284 -16504.739083    138.302217  5  8  3  62       
PG22 -20592.140431  -6144.710075 -14984.670577     47.735553  3  7  6  74       
PG23  20860.564490  16606.613155   -234.564111    135.982290  3  4  2  36       
PG24  -6291.025975  18109.083314 -18622.506887   -414.378870  5  4  3  88       
PG25  15837.273681  20206.350198  -7673.155753    485.361651  3  3  5  38       
PG26  19434.860801  -2329.697956  17965.204767    200.032199  3  3  4  90       
PG28  25190.814328  -4587.629768  -7068.977921    -99.694685  6  4  5  61       
PG29   6073.896134  20072.488277  16191.474549   -608.642449  5  4  5  66       
PG30 -23806.637831  -1136.093447  12120.715079   -445.064558  4  4  2  53       
PG31  24918.648592  -9600.114570   1850.223064   -227.318987  4  3  5  25       
PG32  15125.921545   1041.404074 -21604.099405   -605.279202  5  4  6  58       
*  2024  1 15 18 15  0.00000000
PG01    386.444935 -15585.099630 -21801.958525    166.196861  6  5  6  97       
PG02   7903.834879 -17817.924272 -17433.103440   -500.418251  6  7  4  48       
PG03  -5329.805667 -18995.461241 -17981.821578    128.227492  4  8  7  74       
PG04   1009.540084 -26122.895707   4271.142185    266.862624  3  8  3  80       
PG05  -6389.822345  13646.562869  21692.468737   -158.080521  6  7  4  69       
PG06 -25082.359579   5505.987393  -6916.322608    443.599955  2  5  2  39       
PG07 -14581.383378  -9741.699371  20557.431600    -38.070796  3  5  4  55       
PG08   5464.318998 -25323.568270   4624.189539   -162.245847  2  7  6  50       
PG09  -8428.063875 -20399.848579  14647.604132     59.853828  4  4  3  70       
PG10  23106.435169   9539.112701  -9244.170834    -69.463433  3  4  4  58       
PG11 -23296.288991  11936.755301   4367.414307   -540.987648  3  7  1  52       
PG12   3684.502927  19576.960040 -17887.855441   -468.188449  2  4  4  78       
PG13 -13307.662491  19643.423279  11506.320429    616.156768  3  5  3  77       
PG14 -22786.314850 -12428.754086  -6054.800693    299.497278  4  7  5  76       
PG15  -2360.601592  25907.272828   4271.536426    117.553426  5  8  4  59       
PG16  13622.952263  -7629.739782  21214.327649   -383.501607  5  5  5  67       
PG17 -13327.369606  -7712.124725 -21193.510788    719.799535  5  5  4  84       
PG18  15391.735963   8394.789393  20021.890388   -532.817121  3  5  4  75       
PG19 -15589.054558   2039.791237 -21543.793124    426.979688  6  8  7  46       
PG20 -18306.283111   5472.333780  18436.822933    391.378348  5  7  2  52       
PG21  11834.290061 -17896.074994 -14498.020425    138.300945  5  8  3  68       
PG22 -21640.687199  -7457.845081 -12788.544155     47.729592  3  7  5  82       
PG23  20636.781445  16680.475619   2638.152608    135.989040  4  4  2           
PG24  -8157.028861  18829.876947 -17047.267895   -414.385226  5  4  3  73       
PG25  14922.217182  19792.091818 -10242.534656    485.362759  3  3  5  21       
PG26  20970.549509  -1060.911510  16328.343247    200.029036  4  3  4  74       
PG28  24404.917719  -3993.050394  -9704.576486    -99.704967  6  4  5  48       
PG29   5522.505906  21733.482344  14108.523454   -608.642075  4  5  5  55       
PG30 -22502.573964  -1896.742427  14314.609225   -445.060390  4  4  2  63       
PG31  25070.485982  -9396.292063   -967.669809   -227.319217  4  3  5  63       
PG32  14780.598701   3531.227431 -21598.361876   -605.281739  4  4  5  73       
*  2024  1 15 18 30  0.00000000
PG01   2576.552830 -16494.018208 -20923.847190    166.197921  6  5  6 101       
PG02   9710.789612 -18652.270983 -15581.381194   -500.413254  6  7  3  79       
PG03  -3547.389731 -17862.052946 -19519.334382    128.250858  3  8  6  71       
PG04   1299.911259 -26416.138870   1424.703246    266.871377  3  9  4  23       
PG05  -8529.773132  12312.299648  21762.348080   -158.081652  6  7  4  46       
PG06 -24282.039260   4972.378854  -9612.372065    443.587972  2  5  3  42       
PG07 -12527.543482 -10764.802757  21362.355199    -38.079021  3  5  4  62       
PG08   5719.501342 -24602.998260   7380.820810   -162.247863     7  5           
PG09  -8121.701094 -21948.134456  12421.357787     59.864863  4  4  3  71       
PG10  23768.328783  10197.176976  -6556.972726    -69.464390  3  3  4  65       
PG11 -23698.004084  11840.237641   1524.753624   -541.000177  3  6     33       
PG12   1990.589847  18368.385789 -19392.729604   -468.191873  2  5  4  41       
PG13 -13174.204919  18149.139020  13854.403741    616.160443  4  4  4  72       
PG14 -23054.652072 -12968.561687  -3305.638497    299.506439  4  7  5  88       
PG15  -2745.720688  25224.151980   6985.419641    117.557116  5  8  4  54       
PG16  15470.311314  -6023.609812  20503.844211   -383.494552  4  5  5  70       
PG17 -12897.009193 -10146.559227 -20422.658925    719.798689  5  6  5  86       
PG18  13285.557034   9412.500363  21036.216173   -532.825370  4  6  5  79       
PG19 -15170.373143   -374.810838 -21966.839295    426.984913  6  8  7  64       
PG20 -20060.844455   4470.369621  16788.018477    391.376490  5  6  2  62       
PG21  13385.419021 -18488.322227 -12222.118536    138.299770  4  8  3  76       
PG22 -22552.247437  -8540.697102 -10363.651995     47.723852  3  6  5  83       
PG23  20149.185782  16588.801318   5465.999832    135.995764  4  5  3  71       
PG24  -9825.089796  19543.780619 -15182.549091   -414.391627  5  4  2  47       
PG25  13759.932395  19268.254222 -12640.707379    485.363957  3  3  4  18       
PG26  22391.627495     27.204522  14411.693307    200.025958  4  3  4  80       
PG28  23393.033475  -3228.728074 -12173.252365    -99.715274  6  5  5  58       
PG29   5102.867539  23174.474931  11780.931981   -608.641611  4  5  5  65       
PG30 -21025.644050  -2816.283484  16266.996563   -445.056198  4  4  2  65       
PG31  24943.592544  -9076.738394  -3769.352335   -227.319494  4  2  4  67       
PG32  14566.462025   6011.144459 -21214.580233   -605.284307  3  4  5  69       
*  2024  1 15 18 45  0.00000000
PG01   4610.206527 -17473.865755 -19693.988156    166.198918  6  5  6 105       
PG02  11277.252696 -19452.727481 -13449.435529   -500.408008  6  7  3  60       
PG03  -1572.414994 -16749.340634 -20726.028194    128.274221  3  8  6  85       
PG04   1555.085293 -26399.852284  -1446.461908    266.880135  3  9  5  58       
PG05 -10724.460223  11100.363332  21451.745462   -158.082931  6  7  3  79       
PG06 -23251.169256   4254.370848 -12143.428494    443.576011  2  5  3  45       
PG07 -10465.922376 -11928.189164  21817.440080    -38.087407  3  5  4  44       
PG08   6012.005563 -23588.384226  10006.849700   -162.249937     6  5  53       
PG09  -7896.271623 -23244.803408   9979.750490     59.875972  4  4  3  87       
PG10  24201.705856  10653.803254  -3758.424893    -69.466577  3  2  3  45       
PG11 -23812.685397  11623.981727  -1344.221622   -541.012747  2  6  1  22       
PG12    113.263892  17164.966989 -20572.212524   -468.195196  3  5  4  29       
PG13 -13078.544852  16398.030341  15958.619039    616.163487  4  4  4  76       
PG14 -23087.997370 -13323.285876   -500.196569    299.515650  5  7  5  74       
PG15  -3202.378958  24258.089638   9575.684208    117.560683  5  8  5  71       
PG16  17312.756569  -4579.980415  19433.367323   -383.487707  4  6  6  74       
PG17 -12604.657053 -12490.025382 -19285.686977    719.797905  5  6  5  84       
PG18  11152.853237  10587.880585  21690.237071   -532.833659  4  6  5  67       
PG19 -14879.789896  -2831.312411 -22017.751383    426.989517  7  8  8  61       
PG20 -21676.147929   3631.912467  14849.595268    391.374833  5  6  1  54       
PG21  14672.462641 -19002.803384  -9719.198195    138.298811  4  7  3  50       
PG22 -23285.840196  -9399.716034  -7753.943880     47.718111  3  6  5  62       
PG23  19384.627330  16368.290893   8200.876726    136.002516  5  6  3  65       
PG24 -11276.478771  20212.564403 -13058.538631   -414.398022  5  4  2  74       
PG25  12353.593375  18674.373305 -14828.060351    485.365148  3  3  5  58       
PG26  23657.588739    938.391816  12248.905444    200.022781  4  2  4  89       
PG28  22191.809947  -2277.257284 -14432.604506    -99.725484  6  5  5           
PG29   4789.271593  24360.998255   9249.048690   -608.641163  4  5  4  40       
PG30 -19415.717713  -3903.217403  17944.804866   -445.051988  3  4  1  63       
PG31  24557.696829  -8610.430872  -6507.965387   -227.319695  4  1  4  61       
PG32  14482.286754   8431.415933 -20460.219551   -605.286883  3  5  4  77       
*  2024  1 15 19  0  0.00000000
PG01   6454.646776 -18488.370466 -18131.626291    166.199906  6  5  5 114       
PG02  12589.649151 -20176.938341 -11076.371127   -500.403069  6  7  3  73       
PG03    564.924101 -15694.719661 -21581.417381    128.297553  3  7  5  87       
PG04   1812.542073 -26072.018558  -4292.519884    266.888875  3  9  5  91       
PG05 -12927.675610  10031.101439  20766.455726   -158.084348  6  6  3  50       
PG06 -22028.032995   3333.340478 -14465.810227    443.564064  3  5  3  56       
PG07  -8438.348992 -13215.516981  21914.245782    -38.096013  4  5  4  46       
PG08   6375.236328 -22300.626235  12455.893199   -162.252887     5  5  61       
PG09  -7720.065475 -24264.610260   7365.214747     59.887006  4  4  3  81       
PG10  24377.573844  10935.679117   -896.234409    -69.467206  4  2  3  63       
PG11 -23656.686509  11254.077946  -4189.984521   -541.025341     6  1  35       
PG12  -1920.854889  16004.369308 -21406.828426   -468.198666  3  6  4  41       
PG13 -13053.598733  14420.395570  17781.777054    616.166852  4  4  5  58       
PG14 -22863.587217 -13520.878721   2313.759532    299.524849  5  7  5  34       
PG15  -3759.915562  23031.348966  11995.711985    117.564093  5  8  5  48       
PG16  19104.935638  -3314.791195  18023.384392   -383.480592  4  5  6  80       
PG17 -12439.322616 -14693.339857 -17803.298460    719.797081  5  6  5  86       
PG18   9040.498780  11905.983149  21972.234628   -532.841872  4  6  5  66       
PG19 -14724.051404  -5281.470976 -21696.744286    426.994382  7  8  8  65       
PG20 -23109.852395   2946.653244  12654.602672    391.372872  4  5  1  60       
PG21  15690.299704 -19397.478022  -7035.924848    138.297500  4  7  3  56       
PG22 -23804.639939 -10049.709868  -5006.467049     47.712599  3  6  5  40       
PG23  18338.423395  16058.403166  10796.234397    136.009280  6  6  4  79       
PG24 -12500.028455  20796.412492 -10710.201940   -414.404459  5  3  2  53       
PG25  10714.371403  18049.702763 -16768.539682    485.366294  3  3  4  45       
PG26  24730.987607   1683.889580   9877.573278    200.019590  4  1  4  87       
PG28  20842.119323  -1128.734963 -16443.852244    -99.735757  5  5  6   9       
PG29   4550.572635  25265.699120   6556.790848   -608.640621  3  6  4  68       
PG30 -17714.879682  -5158.511998  19319.468347   -445.047854  3  4  2  78       
PG31  23939.306935  -7971.117897  -9137.852520   -227.319809  4  2  4  62       
PG32  14518.758772  10743.990963 -19349.265095   -605.289423  3  5  4  57       
*  2024  1 15 19 15  0.00000000
PG01   8084.243672 -19496.730851 -16261.716376    166.200891  5  4  5 118       
PG02  13643.749304 -20782.763145  -8505.497700   -500.398181  6  7  2  55       
PG03   2827.793637 -14730.378378 -22070.872975    128.320904  3  7  4  76       
PG04   2109.405582 -25439.668611  -7064.069983    266.897654  4  9  6  95       
PG05 -15091.087820   9116.772274  19718.892478   -158.085163  6  6  2  53       
PG06 -20655.352496   2198.638957 -16539.318964    443.552145  3  5  4  51       
PG07  -6483.699361 -14603.351458  21649.904723    -38.104292  4  5  4  50       
PG08   6838.440011 -20768.575522  14684.845253   -162.253984  1  5  5  47       
PG09  -7557.955540 -24990.389912   4623.143361     59.898079  4  5  3  86       
PG10  24273.981399  11075.034705   1981.106638    -69.468707  4  2  3  39       
PG11 -23254.052513  10701.282245  -6963.383464   -541.037916     6  2  44       
PG12  -4078.587708  14919.637645 -21882.754670   -468.201975  4  6  4  59       
PG13 -13126.982982  12253.669765  19291.726814    616.170443  5  4  5  60       
PG14 -22365.836909 -13593.775283   5088.349191    299.534074  6  7  5  26       
PG15  -4442.843527  21573.654182  14201.608983    117.567688  5  8  5  62       
PG16  20801.016133  -2235.411514  16300.164870   -383.473776  3  5  6  88       
PG17 -12382.239354 -16711.446185 -16002.562122    719.796448  6  7  5  85       
PG18   6992.712988  13343.963889  21876.823371   -532.850097  4  7  5  74       
PG19 -14701.753490  -7676.983598 -21010.180261    426.999306  7  7  9  39       
PG20 -24323.754121   2397.041598  10240.646831    391.371499  4  5  2  55       
PG21  16443.479094 -19632.491771  -4222.389837    138.296922  4  7  3  60       
PG22 -24077.467149 -10512.971419  -2170.404877     47.706720  3  5  5  66       
PG23  17014.685121  15699.722325  13207.842748    136.016002  6  7  4  88       
PG24 -13492.457599  21255.499198  -8176.793763   -414.410899  5  3  2  62       
PG25   8861.171580  17431.697281 -18430.167157    485.367461  3  3  4  46       
PG26  25578.799880   2281.763269   7338.564005    200.016415  4     5  87       
PG28  19387.501631    218.660981 -18172.495343    -99.746024  5  6  6  54       
PG29   4351.594122  25869.325479   3750.864510   -608.640234  2  6  3  52       
PG30 -15965.928403  -6575.373416  20367.397627   -445.043618  3  5  2  82       
PG31  23120.656769  -7138.461882 -11615.248697   -227.320109  4  3  3  47       
PG32  14658.932846  12904.186015 -17901.911680   -605.291941  4  5  4  64       
*  2024  1 15 19 30  0.00000000
PG01   9481.341867 -20455.127335 -14114.624188    166.201844  5  4  4 116       
PG02  14444.558102 -21230.047519  -5783.406721   -500.393061  6  6  1  72       
PG03   5173.919093 -13882.109885 -22185.867674    128.344201  3  6  3  81       
PG04   2480.787697 -24518.631125  -9713.024384    266.906441  4  9  6  79       
PG05 -17165.986052   8361.210880  18327.831144   -158.086476  6  6  2  55       
PG06 -19178.665789    848.220532 -18327.946693    443.540220  4  5  4  52       
PG07  -4636.611605 -16061.863351  21027.244494    -38.112756  4  5  4  56       
PG08   7425.349729 -19027.959204  16654.685830   -162.256053  1  5  5  53       
PG09  -7372.953153 -25413.619029   1801.080188     59.909136  4  5  3  78       
PG10  23876.873800  11108.220059   4825.103465    -69.469645  5  3  2  65       
PG11 -22635.511566   9942.342222  -9616.501193   -541.050529     6  2           
PG12  -6321.253506  13938.016292 -21992.023678   -468.205272  4  6  4  57       
PG13 -13319.793465   9941.108485  20461.963075    616.173659  5  4  5  64       
PG14 -21587.033955 -13577.487107   7776.364762    299.543292  6  7  5  73       
PG15  -5269.605464  19921.123898  16153.120157    117.571017  5  7  5  67       
PG16  22356.381437  -1340.623828  14295.170982   -383.466937  3  5  7  88       
PG17 -12407.766719 -18505.049237 -13916.333501    719.795671  6  8  5  54       
PG18   5049.508019  14871.817809  21405.079476   -532.858316  4  7  5  71       
PG19 -14803.468036  -9971.107932 -19970.405428    427.004039  8  8  9  77       
PG20 -25285.211272   1959.139489   7649.255740    391.369769  4  5  2  68       
PG21  16945.773606 -19671.974926  -1330.952713    138.295762  4  6  3  69       
PG22 -24080.039301 -10818.111471    703.902338     47.700634  3  6  5  59       
PG23  15426.321052  15332.290670  15394.522640    136.022763  6  7  5  74       
PG24 -14258.397643  21551.610923  -5501.268942   -414.417322  5  3  2  48       
PG25   6820.097952  16854.579273 -19785.497594    485.368664  3  3  4  80       
PG26  26173.617060   2755.982055   4675.313602    200.013250  4  1  5  91       
PG28  17872.520638   1758.407042 -19588.899397    -99.756292  5  6  6  68       
PG29   4154.695944  26161.406549    879.934307   -608.640157  2  6  3  43       
PG30 -14210.855181  -8139.310246  21070.379857   -445.039443  3  5  2  74       
PG31  22138.462820  -6098.965741 -13898.935422   -227.320352  4  4  3  66       
PG32  14879.002249  14872.221640 -16144.141884   -605.294454  4  5  5  73       
*  2024  1 15 19 45  0.00000000
PG01  10636.818691 -21318.385605 -11725.728586    166.202820  5  4  4 110       
PG02  15005.825443 -21482.299133  -2959.002900   -500.387872  6  6     53       
PG03   7556.992104 -13168.373595 -21924.129042    128.367500  3  6  3  98       
PG04   2958.213837 -23332.948475 -12193.463442    266.915237  4  8  6  67       
PG05 -19105.040485   7759.841616  16618.033948   -158.087582  5  5  2  57       
PG06 -17644.602104   -711.060338 -19800.516640    443.528298  4  5  3  82       
PG07  -2926.340752 -17555.771820  20054.846588    -38.121118  4  6  4  27       
PG08   8153.068102 -17120.040172  18331.197646   -162.257554  2  5  5  39       
PG09  -7127.838313 -25534.649987  -1052.123328     59.920210  4  5  3  60       
PG10  23180.661243  11074.147993   7588.024468    -69.471060  5  4  2  78       
PG11 -21837.217522   8961.095185 -12103.493183   -541.063113     6  3  46       
PG12  -8605.927944  13079.992972 -21732.645013   -468.208590  4  7  3  58       
PG13 -13645.662385   7530.242429  21272.118172    616.176813  4  4  5  51       
PG14 -20527.745369 -13509.087404  10332.048220    299.552498  6  7  5  56       
PG15  -6251.574707  18114.933898  17814.486900    117.574729  5  7  5  60       
PG16  23729.261353   -620.949300  12044.395302   -383.460148  2  5  7  79       
PG17 -12484.586048 -20042.004877 -11582.555029    719.794922  6  8  5  86       
PG18   3245.298847  16453.406038  20564.561020   -532.866537  5  7  5  75       
PG19 -15012.175373 -12120.216124 -18595.504145    427.008917  9  8 10  69       
PG20 -25968.369854   1603.734259   4925.165936    391.368153  3  6  2  66       
PG21  17219.327989 -19485.654037   1584.954594    138.294706  4  5  3  46       
PG22 -23795.934358 -10998.656121   3565.928227     47.694726  4  6  5  64       
PG23  13594.716512  14993.969261  17318.832666    136.029535  6  7  5  73       
PG24 -14810.112272  21649.750901  -2729.595055   -414.423738  4  2  2  55       
PG25   4623.666520  16348.037259 -20812.015439    485.369842  3  3  4  65       
PG26  26494.632947   3135.283819   1933.098635    200.010069  4  2  5  90       
PG28  16341.094901   3475.693821 -20668.797148    -99.766605  5  6  6  73       
PG29   3921.441280  26140.599828  -2006.240929   -608.639624  2  6  3  74       
PG30 -12489.358424  -9828.490622  21415.902700   -445.035234  3  5  2  83       
PG31  21032.535570  -4846.651887 -15950.857117   -227.320685  4  4  2  49       
PG32  15149.344402  16614.558260 -14107.205494   -605.296975  5  5  5  42       
*  2024  1 15 20  0  0.00000000
PG01  11550.326991 -22041.733398  -9134.922774    166.203823  5  4  3 103       
PG02  15349.209274 -21508.197998    -82.519248   -500.382887  6  5     50       
PG03   9928.235133 -12599.641588 -21289.697937    128.390773  3  6  4  82       
PG04   3568.194108 -21913.982661 -14462.449313    266.923967  5  8  6  83       
PG05 -20864.008254   7300.033422  14619.766887   -158.088427  5  5  2  59       
PG06 -16099.121022  -2463.498068 -20931.245898    443.516365  4  5  3  65       
PG07  -1375.794508 -19045.506642  18747.034732    -38.129223  5  6  4  50       
PG08   9031.233947 -15090.070609  19685.575121   -162.259188  3  5  5  64       
PG09  -6786.799072 -25362.609630  -3887.169495     59.931241  5  5  3  71       
PG10  22188.483247  11012.660380  10223.642028    -69.472379  6  4  2  90       
PG11 -20899.293088   7749.294122 -14381.389866   -541.075690     6  3  33       
PG12 -10886.861744  12358.599775 -21108.646510   -468.212452  5  6  3  74       
PG13 -14110.132217   5071.167442  21708.327377    616.180416  4  5  5  71       
PG14 -19196.923391 -13425.644749  12711.845366    299.561743  6  7  5  79       
PG15  -7392.352360  16199.763588  19155.219962    117.577994  5  7  5  64       
PG16  24882.235993    -59.291854   9587.644343   -383.453146  1  4  7  90       
PG17 -12577.133699 -21298.407634  -9043.456986    719.793934  6  8  5 100       
PG18   1607.729754  18047.736678  19369.216823   -532.874692  5  7  5  57       
PG19 -15303.983015 -14085.228405 -16908.977269    427.013848  9  9 10  86       
PG20 -26355.141023   1297.668131   2115.542872    391.366358  3  6  2  67       
PG21  17293.452390 -19050.200743   4472.016907    138.293828  4  5  3  83       
PG22 -23217.233801 -11091.474412   6365.899127     47.689131  5  6  5  69       
PG23  11549.099078  14718.888024  18947.700220    136.036316  6  7  5  83       
PG24 -15166.911885  21519.660485     90.026066   -414.430155  4  2  3  68       
PG25   2309.792957  15936.099457 -21492.468532    485.371070  3  3  4  77       
PG26  26528.389814   3451.872833   -841.704291    200.006904  4  3  6  78       
PG28  14834.867830   5347.808134 -21393.697837    -99.776918  5  7  6  54       
PG29   3614.295566  25814.692181  -4857.689798   -608.639295  2  6  4  42       
PG30 -10837.446919 -11614.382392  21397.396137   -445.030999  4  5  2  67       
PG31  19844.293795  -3383.470811 -17736.693927   -227.320933  4  5  2  67       
PG32  15435.796690  18104.981859 -11827.014157   -605.299485  5  5  5  57       
*  2024  1 15 20 15  0.00000000
PG01  12230.205043 -22582.585908  -6386.015310    166.204781  5  4  4 103       
PG02  15503.137940 -21282.880965   2795.457299   -500.377794  6  5     64       
PG03  12238.068181 -12178.054910 -20292.889974    128.414097  3  6  4  88       
PG04   4330.997474 -20299.247320 -16480.782229    266.932715  5  7  6  71       
PG05 -22403.317823   6961.779715  12368.220950   -158.089957  5  5  3  72       
PG06 -14585.783796  -4384.932452 -21700.218409    443.504474  4  4  3  74       
PG07     -0.787370 -20488.556932  17123.785222    -38.137698  5  6  3  53       
PG08  10061.505728 -12985.605798  20694.914015   -162.261703  3  5  5  41       
PG09  -6317.014761 -24914.968796  -6655.177247     59.942290  5  6  3  91       
PG10  20912.162949  10962.877066  12687.940679    -69.473682  6  5  2  84       
PG11 -19864.230878   6307.128207 -16410.847943   -541.088238  1  6  4  39       
PG12 -13117.009984  11778.995750 -20130.033395   -468.215492  5  6  3  84       
PG13 -14710.372117   2614.741312  21763.460623    616.183972  4  6  5  68       
PG14 -17611.704991 -13362.664012  14875.126751    299.570953  7  6  5  88       
PG15  -8687.397492  14222.092554  20150.762357    117.581587  5  6  5  55       
PG16  25783.559197    368.134516   6967.786336   -383.446287     4  7  87       
PG17 -12647.204668 -22259.334702  -6344.684058    719.792882  6  8  5  92       
PG18    156.763930  19610.452489  17839.182709   -532.882907  5  7  5  64       
PG19 -15649.102438 -15832.878103 -14939.350192    427.018643 10 10 10  92       
PG20 -26435.889121   1005.331719   -730.850956    391.364773  3  6  3  58       
PG21  17203.130362 -18350.259554   7278.176481    138.292104  5  5  3  40       
PG22 -22344.827596 -11135.106860   9055.680531     47.682811  5  6  4  85       
PG23   9325.611858  14536.043960  20252.986971    136.043001  6  6  5  75       
PG24 -15354.278132  21137.190591   2908.016637   -414.436602  5  1  3  71       
PG25    -79.411385  15636.220647 -21815.136696    485.372297  3  3  3  83       
PG26  26269.260549   3740.000014  -3602.361427    200.003846  4  3  6  84       
PG28  13391.678967   7344.823258 -21751.198221    -99.787174  5  7  6  40       
PG29   3198.289302  25200.256032  -7625.110142   -608.638652  2  6  4  75       
PG30  -9286.183697 -13462.656305  21014.386411   -445.026768  4  5  2  66       
PG31  18615.232798  -1719.424879 -19226.386288   -227.320979  4  5  3  70       
PG32  15701.108400  19325.401578  -9343.466086   -605.302046  6  6  5  54       
*  2024  1 15 20 30  0.00000000
PG01  12693.048113 -22902.290489  -3526.034408    166.205704  6  4  4  94       
PG02  15501.429645 -20788.953252   5624.925871   -500.372692  6  4     69       
PG03  14437.817445 -11897.404105 -18950.158660    128.437406  3  6  5  83       
PG04   5259.677985 -18531.012797 -18213.685194    266.941490  6  6  6  46       
PG05 -23689.470381   6718.671834   9902.851496   -158.091141  4  5  3  76       
PG06 -13144.124405  -6443.480096 -22093.758291    443.492569  4  4  4  82       
PG07   1190.454605 -21840.965772  15210.551355    -38.145980  5  6  3  50       
PG08  11237.380033 -10854.749684  21342.574187   -162.263523  4  6  5  59       
PG09  -5690.120500 -24216.801581  -9308.530594     59.953338  5  6  3  75       
PG10  19371.855408  10961.586080  14939.786043    -69.475370  6  5  3  81       
PG11 -18775.215314   4643.416613 -18156.837021   -541.100820  2  5  5  72       
PG12 -15249.619993  11338.346900 -18812.664334   -468.218677  5  6  2  86       
PG13 -15435.246984    210.762225  21437.217330    616.187388  5  6  5  70       
PG14 -15796.911524 -13352.593058  16784.864784    299.580195  7  6  5  75       
PG15 -10124.011820  12228.422545  20783.020055    117.585262  5  7  5  44       
PG16  26408.257104    690.639504   4229.979725   -383.439439     4  7  91       
PG17 -12655.653917 -22919.221676  -3534.373314    719.792163  6  8  4  86       
PG18  -1095.926824  21095.469530  16000.466055   -532.891072  6  7  4  50       
PG19 -16013.047614 -17336.765918 -12719.716317    427.023515 10 10  9  85       
PG20 -26209.801138    690.261831  -3564.524371    391.363543  3  6  3  65       
PG21  16987.322967 -17379.116391   9953.689217    138.291153  5  5  3  53       
PG22 -21188.378724 -11168.066357  11589.594900     47.677170  5  6  4  83       
PG23   6966.127060  14468.101070  21211.979384    136.049761  6  6  5  96       
PG24 -15402.727305  20485.460023   5674.345298   -414.443047  4  1  4  40       
PG25  -2498.995726  15458.613928 -21774.032467    485.373508  3  3  2  90       
PG26  25719.652585   4034.478509  -6302.517973    200.000647  5  4  6  95       
PG28  12044.194573   9430.571372 -21735.190524    -99.797456  4  7  6  26       
PG29   2642.578168  24321.975463 -10260.734260   -608.638367  2  5  4  48       
PG30  -7860.617835 -15334.322500  20272.556961   -445.022578  4  5  2  71       
PG31  17385.399063    127.598114 -20394.606474   -227.321134  5  5  3  71       
PG32  15906.509160  20266.333465  -6699.716165   -605.304572  6  6  6  46       
*  2024  1 15 20 45  0.00000000
PG01  12962.949658 -22967.759473   -604.442581    166.206633  5  4  5 110       
PG02  15381.734527 -20017.194113   8357.357244   -500.367810  6  5     35       
PG03  16481.403652 -11743.436780 -17283.859849    128.460676  3  6  5  84       
PG04   6359.391633 -16654.740168 -19631.404687    266.950285  6  5  5  37       
PG05 -24696.205339   6539.123533   7266.650885   -158.092604  4  5  4  83       
PG06 -11808.184584  -8600.574966 -22104.695096    443.480652  4  4  4  81       
PG07   2197.512712 -23058.922806  13037.994290    -38.154402  5  6  3  55       
PG08  12544.348431  -8744.404915  21618.411994   -162.264455  5  6  6  78       
PG09  -4883.495732 -23299.765309 -11801.697472     59.964400  6  6  4  85       
PG10  17595.403920  11041.731645  16941.548596    -69.476496  6  5  2  92       
PG11 -17674.431378   2775.467335 -19589.249158   -541.113387  3  5  5  71       
PG12 -17239.823041  11026.009693 -17178.043552   -468.222265  5  5  2  82       
PG13 -16265.733817  -2093.796406  20736.084952    616.190574  5  6  5  66       
PG14 -13784.265755 -13423.451555  18408.256895    299.589442  7  6  5  79       
PG15 -11681.682744  10263.504921  21040.742888    117.588875  6  7  5  62       
PG16  26738.967946    941.702267   1420.896968   -383.432638  2  4  7  86       
PG17 -12564.120495 -23281.862982   -662.209288    719.791027  5  8  5  83       
PG18  -2147.246657  22456.704004  13884.521721   -532.899365  6  6  4  19       
PG19 -16358.012194 -18578.168488 -10287.221446    427.028482 10 11  8  86       
PG20 -25684.921115    316.778951  -6336.145311    391.360996  3  6  3  80       
PG21  16687.156747 -16138.990750  12452.067955    138.290129  5  5  3  71       
PG22 -19765.958933 -11227.180412  13925.158638     47.671610  6  6  4  71       
PG23   4516.842155  14530.438672  21807.795605    136.056572  6  5  5  91       
PG24 -15346.454680  19555.743930   8339.493535   -414.449520  5  2  4  65       
PG25  -4902.633935  15405.851695 -21369.030813    485.374706  4  3  2  89       
PG26  24889.929028   4369.188589  -8896.919124    199.997455  5  4  6  83       
PG28  10818.749408  11563.861585 -21345.964190    -99.807719  4  7  5  33       
PG29   1921.838483  23211.670257 -12719.161337   -608.638104  2  5  4  47       
PG30  -6578.945720 -17187.061533  19183.711908   -445.018328  4  4  2  48       
PG31  16191.923861   2132.278015 -21221.172087   -227.321624  5  4  3  75       
PG32  16013.331127  20927.057433  -3941.406671   -605.307106  6  6  6  23       
*  2024  1 15 21  0  0.00000000
PG01  13070.434347 -22752.920941   2327.727434    166.207564  6  4  5  90       
PG02  15183.868754 -18966.938364  10946.509397   -500.362505  6  5  1  59       
PG03  18326.947636 -11694.483100 -15321.918371    128.483964  4  6  4  90       
PG04   7627.030421 -14717.406507 -20709.716991    266.959006  6  4  5  64       
PG05 -25405.387292   6387.794769   4505.370110   -158.093674  4  5  4  80       
PG06 -10605.271065 -10812.279670 -21732.514463    443.468740  4  4  5  81       
PG07   3027.700741 -24100.400330  10641.613679    -38.162757  5  5  3  59       
PG08  13960.381502  -6698.597967  21518.882649   -162.266464  5  6  7  80       
PG09  -3881.326991 -22200.842798 -14092.004877     59.975463  6  6  4  78       
PG10  15617.427660  11231.052688  18659.676875    -69.478331  6  5  2  96       
PG11 -16601.426580    728.605925 -20683.420467   -541.125947  4  5  5  65       
PG12 -19046.173991  10824.014187 -15253.028468   -468.225561  5  5  2  76       
PG13 -17175.665111  -4256.423502  19673.165481    616.194047  5  6  5  71       
PG14 -11611.353796 -13597.634094  19717.285040    299.598658  7  6  5  79       
PG15 -13332.770607   8368.653912  20919.743774    117.592556  6  7  5  45       
PG16  26766.499808   1157.484463  -1412.043961   -383.425594  3  4  7  82       
PG17 -12336.701260 -23360.046895   2221.519590    719.790680  5  7  5  88       
PG18  -3002.621470  23649.820105  11527.724848   -532.907671  6  6  3  44       
PG19 -16644.376783 -19546.574378  -7682.494398    427.033052 11 11  7  74       
PG20 -24877.846701   -148.402404  -8997.430113    391.359437  3  6  3  76       
PG21  16344.083557 -14640.954442  14730.893001    138.289062  5  5  3  55       
PG22 -18103.379872 -11346.038447  16023.730061     47.665995  6  6  3  67       
PG23   2026.709336  14730.485990  22029.700795    136.063362  6  4  5  92       
PG24 -15221.813976  18348.045769  10855.442382   -414.455953  5  2  4  65       
PG25  -7244.148085  15472.752138 -20605.924209    485.375891  4  3  2  73       
PG26  23798.051802   4775.625321 -11342.108542    199.994150  5  5  6  88       
PG28   9734.443449  13699.897614 -20590.199978    -99.817973  4  7  5   7       
PG29   1017.443030  21907.057699 -14958.142012   -608.637375  3  5  4  48       
PG30  -5451.935673 -18976.703194  17765.638672   -445.014126  4  4  2  61       
PG31  15067.667029   4262.589264 -21691.396090   -227.321969  5  4  3  77       
PG32  15984.621785  21315.447203  -1115.873425   -605.309631  6  6  6  59       
*  2024  1 15 21 15  0.00000000
PG01  13051.119377 -22239.921844   5218.800546    166.208485  5  4  5  89       
PG02  14948.110476 -17646.129696  13349.161758   -500.357494  6  5  1  59       
PG03  19938.232738 -11722.378299 -13097.399017    128.507232  4  6  4  68       
PG04   9051.187320 -12765.787520 -21430.331985    266.967774  7  3  4  55       
PG05 -25807.583636   6227.156095   1666.705371   -158.094465  4  6  5  61       
PG06  -9554.984896 -13030.817938 -20983.389688    443.456802  4  4  5  93       
PG07   3695.688670 -24926.773062   8061.273174    -38.171217  5  5  3  61       
PG08  15456.715421  -4756.944758  21047.016244   -162.268688  6  6  7  76       
PG09  -2675.404449 -20960.897230 -16140.357509     59.986467  6  6  5  73       
PG10  13478.172472  11550.919400  20065.214974    -69.479586  6  5  2  96       
PG11 -15591.590214  -1464.607892 -21420.555662   -541.138479  5  5  6  84       
PG12 -20632.083776  10707.832655 -13069.452883   -468.229159  5  5  2  70       
PG13 -18132.765354  -6240.515789  18267.877451    616.197338  6  6  6  71       
PG14  -9320.368947 -13890.933744  20689.202388    299.607913  7  6  5  68       
PG15 -15043.508822   6580.221652  20422.950698    117.596204  6  7  5  49       
PG16  26490.093917   1375.267850  -4221.430180   -383.418833  4  4  7  88       
PG17 -11941.506185 -23174.850482   5066.841258    719.789058  4  6  5 102       
PG18  -3675.606402  24633.929839   8970.748413   -532.915915  6  5  3  71       
PG19 -16832.293561 -20239.929322  -4949.029196    427.037559 10 11  6  88       
PG20 -23813.099097   -734.656458 -11502.016030    391.358063  3  6  4  81       
PG21  15998.095223 -12904.497827  16752.478699    138.287929  6  5  2  67       
PG22 -16233.254107 -11553.600345  17851.063874     47.659800  6  6  3  44       
PG23   -454.244241  15067.370670  21873.323965    136.070190  6  4  5  94       
PG24 -15065.696096  16871.319361  13176.652709   -414.462374  5  2  5  37       
PG25  -9479.040356  15646.558809 -19496.399124    485.377113  4  3  2  69       
PG26  22468.960736   5281.540459 -13597.097310    199.990935  5  5  6  89       
PG28   8802.527530  15791.841620 -19480.856542    -99.828239  4  7  5           
PG29    -81.628523  20450.301997 -16939.301310   -608.636921  4  5  4  29       
PG30  -4482.640848 -20658.799714  16041.867608   -445.009912  4  4  2  60       
PG31  14040.019287   6480.780033 -21796.367553   -227.322082  5  4  3  58       
PG32  15786.686087  21447.485257   1728.658661   -605.312189  6  6  6  90       
*  2024  1 15 21 30  0.00000000
PG01  12944.154151 -21420.025749   8017.432141    166.209482  5  4  6  86       
PG02  14713.524809 -16071.054731  15525.761065   -500.352492  6  5  2  43       
PG03  21285.967878 -11793.649838 -10647.985691    128.530463  4  6  4  96       
PG04  10612.452491 -10844.764707 -21781.188543    266.976546  7  3  4  61       
PG05 -25902.314631   6019.130638  -1200.534719   -158.095918  4  6  5  79       
PG06  -8668.562093 -15206.269427 -19870.092077    443.444878  3  4  5  89       
PG07   4222.828492 -25504.358258   5340.618631    -38.179692  5  5  2  65       
PG08  16998.904760  -2953.314397  20212.274066   -162.268878  6  6  7  93       
PG09  -1265.622498 -19623.096578 -17911.888652     59.997489  6  7  5  90       
PG10  11222.164117  12015.408922  21134.259338    -69.481104  6  5  2  74       
PG11 -14674.809133  -3765.445577 -21788.048406   -541.151068  6  5  6  61       
PG12 -21967.091933  10647.409420 -10663.666600   -468.232470  5  5  3  76       
PG13 -19099.934982  -8016.576032  16545.543746    616.200692  6  6  6  68       
PG14  -6956.682695 -14311.824454  21306.938663    299.617160  7  6  5  84       
PG15 -16775.270130   4928.302303  19560.292449    117.599800  6  6  5  48       
PG16  25917.391300   1631.873762  -6960.578478   -383.411670  4  4  7  93       
PG17 -11352.035173 -22754.633024   7824.978092    719.788856  4  6  5 102       
PG18  -4187.169167  25373.176808   6257.855858   -532.924186  6  4  3  73       
PG19 -16883.292877 -20664.581901  -2132.524296    427.042466 10 11  6  86       
PG20 -22522.191208  -1466.084557 -13806.298922    391.355927  3  6  4  81       
PG21  15686.066830 -10956.779088  18484.392914    138.286704  6  5  3  68       
PG22 -14193.828682 -11873.013441  19377.770812     47.654278  6  6  3  49       
PG23  -2876.643132  15531.897324  21340.770543    136.076927  5  4  4  74       
PG24 -14913.878324  15143.323567  15261.010742   -414.468811  5  3  5  34       
PG25 -11565.980650  15907.411546 -18057.929762    485.378356  4  4  3  56       
PG26  20933.710988   5909.726506 -15623.996840    199.987739  5  5  6  95       
PG28   8026.100891  17792.465138 -18036.951293    -99.838563  4  6  4  38       
PG29  -1378.179546  18886.409033 -18628.787874   -608.636353  4  5  4  34       
PG30  -3666.414945 -22190.235002  14041.328192   -445.005681  4  4  1  68       
PG31  13129.907295   8744.573176 -21533.156912   -227.322509  5  3  3  77       
PG32  15390.500804  21346.486087   4543.877625   -605.314725  6  6  5  89       
*  2024  1 15 21 45  0.00000000
PG01  12790.500400 -20294.158962  10673.603561    166.210416  5  4  6  98       
PG02  14516.379937 -14265.778272  17440.975478   -500.347473  7  5  3  64       
PG03  22348.801548 -11870.926234  -8015.374293    128.553813  5  7  4  85       
PG04  12284.028041  -8995.722535 -21756.637923    266.985327  6  4  4  47       
PG05 -25697.970673   5726.748911  -4047.266242   -158.097242  5  6  5  78       
PG06  -7948.552602 -17288.360976 -18411.780379    443.432979  4  5  5  81       
PG07   4636.198086 -25805.811560   2526.390368    -38.188372  6  5  2  69       
PG08  18548.095500  -1314.738843  19030.294120   -162.270607  7  7  8  93       
PG09    339.833703 -18231.268838 -19376.533660     60.008490  6  7  5  87       
PG10   8896.709823  12630.653623  21848.349756    -69.482070  5  4  2  94       
PG11 -13874.352101  -6130.315949 -21779.692240   -541.163671  6  5  6  72       
PG12 -23027.930655  10608.417746  -8075.993589   -468.235785  5  5  3  68       
PG13 -20036.726794  -9563.120358  14536.877759    616.204159  6  6  6  67       
PG14  -4567.294927 -14861.031487  21559.416409    299.626438  7  6  5  57       
PG15 -18486.039807   3435.720282  18348.425417    117.603458  6  6  6  60       
PG16  25064.110355   1962.120089  -9584.227608   -383.404968  5  4  7  74       
PG17 -10548.326405 -22133.776983  10449.167331    719.788057  4  5  6 106       
PG18  -4564.676821  25838.139858   3436.121388   -532.932472  6  3  3  62       
PG19 -16761.855258 -20834.930426    719.815296    427.046782 10 10  6  83       
PG20 -21042.431422  -2360.365175 -15870.218821    391.354466  3  6  4  84       
PG21  15440.290392  -8831.603150  19899.833117    138.285604  6  5  4  82       
PG22 -12027.639772 -12320.675139  20579.683639     47.648456  6  6  3  60       
PG23  -5193.472304  16106.859885  20440.626247    136.083745  5  4  4  71       
PG24 -14799.418546  13190.109671  17070.710179   -414.475260  5  4  5  74       
PG25 -13468.197191  16229.097291 -16313.585034    485.379548  3  5  4  91       
PG26  19228.398996   6676.986068 -17388.609470    199.984552  5  5  5  83       
PG28   7400.131734  19655.824627 -16283.238962    -99.848819  4  6  4  23       
PG29  -2866.509502  17261.529624 -19997.839153   -608.635682  5  5  5  67       
PG30  -2991.233927 -23530.808594  11797.903295   -445.001498  4  4  2  65       
PG31  12351.039888  11008.550533 -20904.939271   -227.322723  5  3  3  61       
PG32  14772.949937  21042.061011   7282.172291   -605.317173  6  7  5  80       
*  2024  1 15 22  0  0.00000000
PG01  12631.124455 -18873.073247  13139.615200    166.211350  5  4  5  95       
PG02  14388.709384 -12261.309766  19064.156650   -500.342622  7  4  3  84       
PG03  23114.045520 -11914.515297  -5244.586815    128.577128  5  7  4  89       
PG04  14032.636179  -7255.096880 -21357.513801    266.994144  6  4  5  70       
PG05 -25211.404234   5315.752544  -6824.957229   -158.098474  5  6  5  77       
PG06  -7388.850961 -19228.283999 -16633.672135    443.421052  4  5  5  97       
PG07   4967.392069 -25811.315600   -332.364823    -38.196501  5  4  2  71       
PG08  20062.465003    139.394978  17522.536442   -162.273149  7  7  8 100       
PG09   2124.621668 -16828.251175 -20509.518055     60.019514  6  7  5  67       
PG10   6550.299116  13394.486848  22194.789374    -69.483208  5  4  3  90       
PG11 -13206.025583  -8512.261734 -21395.779009   -541.176267  7  6  6  89       
PG12 -23799.337807  10553.700529  -5350.112304   -468.238988  5  5  3  46       
PG13 -20900.953187 -10867.263922  12277.382067    616.207503  6  6  6  88       
PG14  -2199.220418 -15531.408594  21441.771363    299.635643  6  6  5  50       
PG15 -20132.027749   2117.342531  16810.314451    117.607167  6  6  6  69       
PG16  23953.451694   2397.368167 -12049.193569   -383.397852  5  4  7  71       
PG17  -9517.837733 -21351.233212  12895.412005    719.787033  5  5  5 102       
PG18  -4840.625991  26006.999243    554.592596   -532.940687  6  2  4  95       
PG19 -16436.892748 -20772.781642   3560.006599    427.051634 10 10  6 102       
PG20 -19415.511389  -3427.862812 -17657.977351    391.352502  3  6  4 100       
PG21  15287.247094  -6568.184127  20977.868121    138.284260  6  5  4  94       
PG22  -9780.040678 -12905.567901  21438.132565     47.642478  6  6  2  46       
PG23  -7361.702726  16767.678717  19187.849472    136.090568  5  5  4  71       
PG24 -14751.168368  11045.159851  18573.043539   -414.481709  4  4  5  36       
PG25 -15154.718945  16580.059441 -14291.745229    485.380785  3  5  4  89       
PG26  17392.914005   7593.323579 -18860.970534    199.981377  5  5  5  78       
PG28   6911.799621  21338.898108 -14249.792868    -99.859091  5  6  2           
PG29  -4532.460177  15621.237290 -21023.254159   -608.635123  5  5  5  63       
PG30  -2438.315018 -24644.732351   9349.885328   -444.997269  4  4  2  58       
PG31  11709.426776  13225.674734 -19921.029259   -227.322875  5  3  2  62       
PG32  13917.837557  20568.866275   9897.395275   -605.319750  5  7  5  75       
*  2024  1 15 22 15  0.00000000
PG01  12505.179743 -17177.110308  15371.050414    166.212340  5  4  5  88       
PG02  14357.067265 -10094.538646  20369.711887   -500.337397  7  4  4  59       
PG03  23578.077392 -11884.091876  -2383.216166    128.600420  5  7  5  76       
PG04  15819.684454  -5653.129408 -20591.089662    267.002937  6  5  5  34       
PG05 -24467.215942   4756.086216  -9486.432055   -158.100032  5  5  5  74       
PG06  -6975.077794 -20980.466245 -14566.602384    443.409096  4  5  5  68       
PG07   5251.101604 -25509.503178  -3185.171243    -38.204836  5  3  2  72       
PG08  21498.770914   1397.846188  15715.839913   -162.273900  7  7  8  83       
PG09   4064.688833 -15454.295626 -21291.753966     60.030553  6  7  5  78       
PG10   4230.958850  14296.401530  22166.888337    -69.484084  5  5  4  85       
PG11 -12677.633025 -10862.588748 -20643.083689   -541.188804  7  6  6  90       
PG12 -24274.584250  10444.843355  -2532.363634   -468.242647  6  5  3  55       
PG13 -21650.358782 -11924.967875   9806.674820    616.210913  6  6  6  90       
PG14    102.128264 -16308.129335  20955.471244    299.644913  6  6  5  65       
PG15 -21669.346528    979.738120  14974.685377    117.610601  6  6  6  67       
PG16  22615.254512   2964.207596 -14314.984384   -383.390889  6  3  7  87       
PG17  -8256.034804 -20448.931760  15123.154022    719.786569  5  5  5 104       
PG18  -5051.167528  25866.417257  -2336.588217   -532.948939  6     4  75       
PG19 -15883.085576 -20506.441549   6340.040741    427.056251  9  9  7  95       
PG20 -17685.934970  -4671.032128 -19138.672741    391.350957  3  6  4  72       
PG21  15246.652216  -4209.748946  21703.558177    138.282913  6  4  5  78       
PG22  -7497.657147 -13628.882966  21940.134372     47.636560  7  6  2  59       
PG23  -9343.770958  17483.340700  17603.551203    136.097348  5  5  3  67       
PG24 -14792.474067   8748.212770  19741.078223   -414.488111  4  4  5  61       
PG25 -16601.421880  16924.634468 -12025.725770    485.381979  2  5  5  86       
PG26  15469.558081   8661.389371 -20015.835702    199.978199  5  5  5  58       
PG28   6541.146219  22803.120676 -11971.495480    -99.869425  5  6  2  15       
PG29  -6353.792122  14008.846814 -21687.767315   -608.634254  5  5  5  78       
PG30  -1983.012101 -25501.979710   6739.340620   -444.993088  4  4  2  58       
PG31  11203.192439  15348.896400 -18596.821222   -227.323368  5  3  1  35       
PG32  12816.643176  19965.182896  12345.591764   -605.322323  5  7  5  80       
*  2024  1 15 22 30  0.00000000
PG01  12448.260104 -15235.571738  17327.682955    166.213302  5  4  5 100       
PG02  14441.514220  -7806.981880  21337.390174   -500.332503  7  4  4  89       
PG03  23746.403090 -11740.429724    519.386742    128.623762  5  7  5  86       
PG04  17602.642115  -4212.874011 -19470.926245    267.011728  5  5  5  68       
PG05 -23496.765186   4023.222369 -11986.641227   -158.100943  6  5  5  68       
PG06  -6685.296934 -22504.227600 -12246.477667    443.397156  4  5  4  77       
PG07   5523.537357 -24898.065235  -5981.075516    -38.213496  5  3  1  52       
PG08  22813.948646   2457.702067  13641.902812   -162.275843  7  7  8  91       
PG09   6129.015772 -14145.591137 -21710.140198     60.041581  6  7  5  60       
PG10   1984.619647  15317.826938  21764.125577    -69.485176  5  5  5  68       
PG11 -12288.757650 -13132.565032 -19534.736584   -541.201349  7  6  6  83       
PG12 -24455.690327  10243.821842    329.005889   -468.246016  6  5  4  58       
PG13 -22244.292046 -12740.944413   7167.759471    616.214098  6  6  6  67       
PG14   2294.500426 -17169.188078  20108.328607    299.654135  6  5  5  79       
PG15 -23055.681765     21.191251  12875.370264    117.614141  5  6  6  93       
PG16  21084.935571   3683.321558 -16344.371671   -383.383684  6  3  7  54       
PG17  -6766.671758 -19470.121533  17095.864232    719.785736  5  5  5 104       
PG18  -5234.485388  25412.096794  -5187.086360   -532.957266  6     4  85       
PG19 -15082.023941 -20069.568106   9012.650384    427.061019  9  9  7  96       
PG20 -15899.351832  -6084.141311 -20286.840243    391.349165  4  6  5  81       
PG21  15330.793351  -1802.040645  22067.968296    138.281661  6  4  5  79       
PG22  -5226.823976 -14483.939060  22078.500158     47.630729  7  6  2  72       
PG23 -11108.854617  18217.608231  15714.663570    136.104115  5  5  3  46       
PG24 -14940.125398   6343.828225  20554.196955   -414.494481  4  5  5  57       
PG25 -17791.836231  17224.475006  -9553.306901    485.383185  2  5  5  96       
PG26  13501.582149   9876.198011 -20833.107199    199.975003  5  5  5  51       
PG28   6262.009099  24015.760336  -9487.446363    -99.879746  5  7  2  49       
PG29  -8300.875771  12463.837525 -21980.318846   -608.633963  6  4  6  84       
PG30  -1595.954902 -26079.431773   4011.391043   -444.988864  5  4  2  48       
PG31  10822.698076  17332.789676 -16953.629227   -227.323811  5  3  1           
PG32  11468.994349  19271.381580  14585.685782   -605.324924  5  7  4  84       
*  2024  1 15 22 45  0.00000000
PG01  12490.802798 -13085.717121  18974.301459    166.214317  4  4  4  92       
PG02  14654.862378  -5443.390923  21952.486859   -500.327475  7  4  5  57       
PG03  23633.373485 -11447.109081   3412.970139    128.647111  5  8  6  72       
PG04  19336.573962  -2949.491207 -18016.613464    267.020561  5  5  6  49       
PG05 -22336.945056   3099.270466 -14283.386139   -158.102517  6  5  5  67       
PG06  -6491.039176 -23765.254096  -9713.635665    443.385222  4  5  4  59       
PG07   5820.760301 -23984.005633  -8669.650405    -38.221564  5  3  1  63       
PG08  23966.697141   3324.241378  11336.699476   -162.278815  7  7  8  65       
PG09   8280.626693 -12932.956814 -21757.762795     60.052618  6  7  4  57       
PG10   -146.448250  16432.718182  20992.223249    -69.486571  4  5  5  67       
PG11 -12030.876098 -15275.124699 -18089.985805   -541.213891  7  6  6  68       
PG12 -24353.317429   9914.660374   3184.655712   -468.249379  6  5  4  64       
PG13 -22645.311284 -13328.230075   4406.253458    616.217338  6  6  6  75       
PG14   4340.249815 -18086.194244  18914.404933    299.663367  5  5  5  72       
PG15 -24251.884258   -767.942806  10550.568543    117.617750  5  6  6  72       
PG16  19402.247719   4568.569037 -18103.916821   -383.376677  6  3  6  51       
PG17  -5061.762184 -18457.701502  18781.547072    719.785238  6  5  4 100       
PG18  -5429.095852  24648.994529  -7947.282270   -532.965508  6     5  94       
PG19 -14023.110247 -19499.824412  11532.083234    427.065996  9  8  7  96       
PG20 -14100.862609  -7653.325361 -21082.888227    391.347458  5  5  5  64       
PG21  15544.170073    608.221764  22068.090370    138.280651  6  3  6  86       
PG22  -3012.055342 -15456.392856  21851.866749     47.624915  7  6  2  41       
PG23 -12633.892757  18930.451917  13553.500348    136.110880  5  5  3  48       
PG24 -15203.599888   3879.755731  20998.487595   -414.500863  3  5  4  76       
PG25 -18717.678899  17440.109890  -6916.170094    485.384393  2  6  6  75       
PG26  11531.688965  11225.133951 -21298.192400    199.971820  5  5  5  85       
PG28   6043.202389  24951.081485  -6840.297053    -99.890089  5  7  3  86       
PG29 -10337.669809  11020.440597 -21896.218981   -608.633399  6  4  6  78       
PG30  -1244.388535 -26361.771401   1213.424608   -444.984685  5  4  2  37       
PG31  10550.973558  19135.155799 -15018.422544   -227.324028  5  4  2  58       
PG32   9882.841274  18528.329122  16580.116691   -605.327547  5  7  4  74       
*  2024  1 15 23  0  0.00000000
PG01  12656.714011 -10771.431259  20281.426715    166.215309  4  3  4  91       
PG02  15002.198324  -3050.267450  22205.972157   -500.322116  7  4  5  86       
PG03  23261.563082 -10972.131243   6247.267509    128.670496  6  8  6  48       
PG04  20975.772518  -1869.855060 -16253.412848    267.029316  4  6  6  60       
PG05 -21028.769223   1973.831146 -16337.989702   -158.103736  7  5  5  78       
PG06  -6358.591046 -24736.831550  -7012.122961    443.373254  4  5  4  80       
PG07   6176.992927 -22783.519812 -11202.025389    -38.230115  5  3     73       
PG08  24918.994769   4010.490545   8839.845111   -162.280120  7  7  8  62       
PG09  10477.828906 -11840.754396 -21433.994401     60.063595  6  7  4  43       
PG10  -2125.072788  17608.442186  19863.128510    -69.487902  4  4  6  79       
PG11 -11887.797307 -17246.511298 -16333.854811   -541.226418  7  6  5  48       
PG12 -23986.332777   9425.036697   5985.005347   -468.252858  6  5  3  42       
PG13 -22820.664550 -13707.449840   1569.590929    616.220737  6  6  6  88       
PG14   6207.604104 -19025.431737  17393.804894    299.672592  5  5  5  83       
PG15 -25223.419772  -1404.564355   8042.047855    117.621352  4  6  6  77       
PG16  17609.899642   5626.313459 -19564.449656   -383.369683  6  3  6  66       
PG17  -3161.248818 -17452.603399  20153.159578    719.784136  6  5  4 101       
PG18  -5672.136627  23591.179712 -10569.165548   -532.973797  6     5  89       
PG19 -12704.184268 -18837.378928  13854.871141    427.070522  8  8  7  99       
PG20 -12333.363151  -9356.966343 -21513.422752    391.345614  5  5  5  86       
PG21  15883.432299   2974.873345  21706.689304    138.279938  6  2  6  91       
PG22   -894.598537 -16524.729171  21264.656519     47.619111  6  6  2  52       
PG23 -13904.309611  19579.652066  11157.215129    136.117646  5  5  3  23       
PG24 -15584.635239   1405.181165  21066.973312   -414.507236  3  5  4  87       
PG25 -19379.084060  17532.584102  -4159.244481    485.385610  3  6  6  94       
PG26   9600.555806  12688.248096 -21402.288090    199.968650  5  4  4  56       
PG28   5849.898464  25591.251342  -4075.523737    -99.900377  5  7  4  80       
PG29 -12422.948831   9706.442798 -21437.205003   -608.632883  6  4  7  93       
PG30   -893.660588 -26342.085959  -1605.750624   -444.980485  5  5  2  25       
PG31  10364.449558  20718.533192 -12823.453968   -227.324346  6  4  3  79       
PG32   8074.328506  17775.793886  18295.419498   -605.330129  5  7  3  88       
*  2024  1 15 23 15  0.00000000
PG01  12962.279560  -8341.617861  21225.900947    166.216225  4  3  4  87       
PG02  15480.693906   -674.338034  22094.548516   -500.317191  6  4  6  54       
PG03  22660.832528 -10289.373946   8972.895933    128.693863  6  8  7  48       
PG04  22475.426105   -972.485073 -14211.807870    267.038092  5  6  6  40       
PG05 -19615.824251    644.565350 -18115.905006   -158.105801  7  5  5  91       
PG06  -6250.496094 -25400.790028  -4188.905299    443.361293  3  5  4  79       
PG07   6622.987772 -21321.491913 -13531.914559    -38.238585  5  3  1  85       
PG08  25637.491502   4536.494929   6193.920403   -162.281598  7  7  8 100       
PG09  12675.634744 -10886.059544 -20744.492048     60.074610  6  7  4  62       
PG10  -3920.437542  18806.932975  18394.897891    -69.489100  4  4  6  43       
PG11 -11836.408413 -19007.798043 -14296.701563   -541.238983  7  5  5  71       
PG12 -23381.058581   8747.766855   8681.116204   -468.256554  7  5  3  48       
PG13 -22743.589367 -13905.805547  -1293.786202    616.224134  6  6  6  62       
PG14   7871.711225 -19949.144680  15572.361748    299.681766  4  5  5  82       
PG15 -25941.621499  -1911.876755   5394.308005    117.624665  4  6  5  71       
PG16  15752.082277   6855.019917 -20701.497271   -383.362901  7  3  5  52       
PG17  -1092.390329 -16492.281416  21188.946215    719.783283  5  5  4 107       
PG18  -5997.715830  22261.344276 -13007.197164   -532.982026  5  2  4  98       
PG19 -11131.842575 -18123.306094  15940.583090    427.075519  8  8  6  95       
PG20 -10635.993112 -11166.384394 -21571.456074    391.344044  6  5  5  75       
PG21  16337.605349   5253.774263  20992.087087    138.278592  6  1  6  68       
PG22   1088.883070 -17661.010887  20326.969797     47.613233  6  6  2  52       
PG23 -14914.411475  20122.506473   8567.165306    136.124373  5  5  4  34       
PG24 -16077.145860  -1031.069546  20759.680459   -414.513615  3  5  4  70       
PG25 -19784.515637  17465.115790  -1329.969504    485.386751  4  6  6  66       
PG26   7745.430025  14238.838983 -21142.583714    199.965479  5  4  4  58       
PG28   5645.157002  25926.954290  -1240.649774    -99.910657  5  7  5  93       
PG29 -14511.733190   8542.250520 -20611.391783   -608.632597  6  5  7  90       
PG30   -508.795692 -26022.150782  -4396.792669   -444.976268  6  5  2  70       
PG31  10233.967885  22051.553630 -10405.780631   -227.324782  6  4  4  82       
PG32   6067.369128  17050.907376  19702.743282   -605.332752  5  7  3  68       
*  2024  1 15 23 30  0.00000000
PG01  13415.409824  -5848.390431  21791.332866    166.217251  4  3  5  85       
PG02  16079.706015   1638.962572  21620.641361   -500.312305  6  4  6  66       
PG03  21867.110007  -9379.826891  11542.248816    128.717267  6  9  7  85       
PG04  23793.259563   -247.803097 -11926.970799    267.046855  6  6  6  51       
PG05 -18142.644799   -882.541005 -19587.255318   -158.106358  8  6  5  82       
PG06  -6127.207600 -25748.122208  -1293.026155    443.349317  3  5  4  79       
PG07   7184.530310 -19630.624004 -15616.609978    -38.246860  6  3     72       
PG08  26094.728892   4928.336592   3443.766679   -162.282543  7  7  8  70       
PG09  14827.313037 -10078.121768 -19701.094282     60.085617  6  7  5  70       
PG10  -5509.109600  19986.078585  16611.480308    -69.490221  4  4  6  38       
PG11 -11847.697611 -20526.227157 -12013.687431   -541.251451  7  5  5  78       
PG12 -22570.229956   7862.107667  11225.584310   -468.259561  7  5  3  58       
PG13 -22394.386148 -13955.831460  -4135.235654    616.227868  5  6  6  82       
PG14   9315.420548 -20817.001004  13481.216913    299.690932  3  5  5  84       
PG15 -26384.701268  -2318.202974   2653.729869    117.628168  5  6  5  85       
PG16  13872.950009   8245.135338 -21495.660274   -383.355668  7  4  5  51       
PG17   1111.108024 -15609.358593  21872.692084    719.782618  5  5  3 104       
PG18  -6435.388135  20689.984404 -15219.122395   -532.990244  5  3  5 104       
PG19  -9321.433754 -17397.945908  17752.549192    427.080335  8  7  6  88       
PG20  -9042.749149 -13046.810803 -21256.497199    391.342096  7  5  6  89       
PG21  16888.582106   7404.178202  19937.896920    138.276988  6  2  6  69       
PG22   2907.456707 -18831.861473  19054.413261     47.607477  6  6  3  72       
PG23 -15667.439363  20517.576838   5828.192437    136.131076  5  6  4  56       
PG24 -16667.482502  -3382.290262  20083.547592   -414.519962  4  5  3  79       
PG25 -19950.357485  17204.703971   1522.516712    485.387957  4  6  7  80       
PG26   5998.849240  15844.302193 -20522.376997    199.962335  5  4  4  47       
PG28   5391.541853  25957.690217   1615.568825    -99.920929  5  7  6  73       
PG29 -16556.866804   7540.247796 -19433.117941   -608.631685  7  5  8  92       
PG30    -56.092674 -25412.378564  -7110.733241   -444.972059  6  6  2  44       
PG31  10126.035949  23110.087689  -7806.679750   -227.325019  6  4  5  59       
PG32   3892.936640  16386.736572  20778.302547   -605.335370  5  7  4  55       
*  2024  1 15 23 45  0.00000000
PG01  14015.251662  -3345.140546  21968.387577    166.218270  4  3  6  98       
PG02  16781.158237   3846.951445  20792.326904   -500.307096  6  5  7  65       
PG03  20920.938660  -8232.554878  13910.364582    128.740667  6  9  7  45       
PG04  24891.085814    321.296849  -9438.155647    267.055616  7  6  7  71       
PG05 -16653.071153  -2593.225364 -20727.299762   -158.107667  8  6  4  87       
PG06  -5948.825545 -25779.252063   1625.269501    443.337327  4  4  4  89       
PG07   7881.148904 -17750.230385 -17417.908141    -38.255343  6  3  2  92       
PG08  26270.146630   5216.937942    635.761692   -162.284715  7  7  8  82       
PG09  16886.012649  -9418.132130 -18321.619731     60.096626  6  7  6  62       
PG10  -6875.795591  21101.292101  14542.396130    -69.490726  4  3  7  53       
PG11 -11888.013287 -21776.317769  -9524.165477   -541.264012  7  5  5  65       
PG12 -21591.698832   6754.819626  13573.425206   -468.263134  7  6  2  78       
PG13 -21761.228594 -13893.967105  -6906.708644    616.231352  6  6  6  64       
PG14  10529.766808 -21587.677625  11156.299134    299.700083  2  5  5  86       
PG15 -26538.487642  -2655.626465   -132.271185    117.631712  6  6  5  76       
PG16  12015.106386   9779.257787 -21932.932969   -383.348413  8  4  4  71       
PG17   3410.185888 -14830.472751  22193.897613    719.781695  5  5  4 105       
PG18  -7008.819886  18914.287192 -17166.718406   -532.998533  5  4  5 105       
PG19  -7296.722480 -16699.284411  19258.541770    427.085234  7  7  6  85       
PG20  -7581.315631 -14958.603536 -20574.525067    391.340528  7  5  6  80       
PG21  17511.856631   9389.960288  18562.717359    138.276452  6  3  7  61       
PG22   4536.860866 -19999.646658  17467.866846     47.601484  6  6  4  48       
PG23 -16175.273901  20726.403687   2987.831819    136.137835  6  6  5  66       
PG24 -17335.017572  -5605.542517  19052.184684   -414.526332  4  5  2  92       
PG25 -19900.190318  16723.619625   4348.250331    485.389136  5  6  7  71       
PG26   4387.534826  17467.221622 -19551.095755    199.959168  6  4  4  46       
PG28   5052.762590  25691.745049   4443.981114    -99.931220  5  7  7  67       
PG29 -18510.683474   6704.470789 -17922.691166   -608.631566  7  6  8 105       
PG30    495.322525 -24531.434028  -9699.886977   -444.967922  6  6  2  54       
PG31  10004.279837  23878.128965  -5070.964985   -227.325193  6  4  6  91       
PG32   1588.099189  15811.017837  21503.756754   -605.337949  6  7  4  66       
EOF
