#cP2024  1  2  0  0  0.00000000      96 ORBIT IGS20 HLM  IGS
## 2295 172800.00000000   900.00000000 60311 0.0000000000000
+   32   G01G02G03G04G05G06G07G08G09G10G11G12G13G14G15G16G17
+        G18G19G20G21G22G23G24G25G26G27G28G29G30G31G32  0  0
+          0  0  0  0  0  0  0  0  0  0  0  0  0  0  0  0  0
+          0  0  0  0  0  0  0  0  0  0  0  0  0  0  0  0  0
+          0  0  0  0  0  0  0  0  0  0  0  0  0  0  0  0  0
++         2  2  2  2  2  1  1  2  2  2  2  2  2  2  2  2  2
++         2  2  2  2  2  2  2  2  1  3  2  2  2  1  2  0  0
++         0  0  0  0  0  0  0  0  0  0  0  0  0  0  0  0  0
++         0  0  0  0  0  0  0  0  0  0  0  0  0  0  0  0  0
++         0  0  0  0  0  0  0  0  0  0  0  0  0  0  0  0  0
%c G  cc GPS ccc cccc cccc cccc cccc ccccc ccccc ccccc ccccc
%c cc cc ccc ccc cccc cccc cccc cccc ccccc ccccc ccccc ccccc
%f  1.2500000  1.025000000  0.00000000000  0.000000000000000
%f  0.0000000  0.000000000  0.00000000000  0.000000000000000
%i    0    0    0    0      0      0      0      0         0
%i    0    0    0    0      0      0      0      0         0
/* FINAL ORBIT COMBINATION FROM WEIGHTED AVERAGE OF:        
/* cod emr esa gfz grg jgx jpl mit ngs sio                  
/* REFERENCED TO IGS TIME (IGST) AND TO WEIGHTED MEAN POLE: 
/* PCV:IGS20      OL/AL:FES2014b NONE     Y  ORB:CMB CLK:CMB
*  2024  1  2  0  0  0.00000000
PG01  12955.173504  -9429.764145  20762.844599    165.061754  7  9  7  44       
PG02  15185.478644  -2020.794311  22208.045054   -507.042604  7  8  7  43       
PG03  23174.761784 -10755.465998   6896.710739     97.081477  8  8 11  82       
PG04  21159.973028  -1844.482841 -16017.853656    255.186001  8  5  5  98       
PG05 -20661.438540   1506.290661 -16852.019590   -156.382920  8  8  6  79       
PG06  -6508.699311 -24766.342476  -6772.207053    458.961160  6  5  7  75       
PG07   6253.959046 -22536.523564 -11642.251453    -26.883821  8  5  8  87       
PG08  25023.648163   3944.380243   8574.496835   -159.996482  5  7  7  86       
PG09  11045.977485 -11566.597614 -21300.115514     45.443564  9  4  3  70       
PG10  -2513.855963  17843.113599  19595.365616    -67.671039  7  2  4  61       
PG11 -11892.462049 -17539.482699 -16016.911744   -524.070622  8  8  5  95       
PG12 -23893.534598   9228.131789   6602.390522   -463.603262  6  6  9  55       
PG13 -22837.721163 -13734.175454   1072.260170    611.691933  5  7  7  84       
PG14   6540.521392 -19192.855778  17083.595359    287.245703  9  9  5  72       
PG15 -25326.093092  -1359.110305   7746.308900    112.951462  5  8  5 102       
PG16  17206.931122   5896.042097 -19834.964133   -392.595199  6  6  5  79       
PG17  -2847.480708 -17283.336953  20353.993470    720.827692  9  6  6  77       
PG18  -5677.503619  23411.833159 -10960.159601   -521.671889  5  4  4  66       
PG19 -12416.638032 -18706.454089  14271.914697    420.724427  8  5  7  73       
PG20 -11982.086513  -9721.358554 -21554.606534    393.638044  9  6  7  46       
PG21  15969.121040   3554.400674  21575.720337    139.731356  7  8  6  62       
PG22   -410.653444 -16763.420703  21097.186849     55.526791  8  8  1  72       
PG23 -14170.920109  19679.346533  10628.691051    127.214829  6  5  5  81       
PG24 -15658.302393   1034.066737  21041.070647   -405.642979  7  5  6  21       
PG25 -19409.842958  17579.696823  -3757.043260    483.738158  6  7  5  90       
PG26   9499.667140  12763.166435 -21396.809535    204.138552  5  7  3  59       
PG27  22940.192561  13339.526769  -3962.254465      0.315467 12 10 16 124       
PG28   5982.890399  25600.802294  -3810.598798    -86.481038  7  7  4  24       
PG29 -12792.863115   9488.445031 -21317.635734   -609.212101  8  8  6  88       
PG30   -782.478448 -26304.010884  -2167.158261   -450.497112  7  6  6  52       
PG31  10355.349171  20955.842888 -12423.397767   -227.044362  6  6  1  62       
PG32   7850.977903  17651.027346  18508.468435   -601.699438  5  6  5  84       
*  2024  1  2  0 15  0.00000000
PG01  13283.424036  -6958.056277  21534.124026    165.062559  7  9  7  62       
PG02  15680.726870    343.543612  21966.067645   -507.037600  7  8  6  44       
PG03  22522.810276 -10022.861321   9589.707641     97.105500  7  7 11  33       
PG04  22642.892964   -974.591605 -13945.097215    255.194899  8  4  5  60       
PG05 -19219.458464    130.705793 -18548.937529   -156.384402  8  7  6  68       
PG06  -6404.923360 -25403.878128  -3941.061431    458.949846  6  5  7  83       
PG07   6719.331155 -21030.552322 -13930.319478    -26.892447  8  5  7  93       
PG08  25718.954876   4451.318095   5915.193107   -159.998724  7  7  7  53       
PG09  13233.250296 -10638.513895 -20525.202848     45.454413  9  3  3  65       
PG10  -4271.182186  19039.561557  18062.283303    -67.672485  6  2  2  41       
PG11 -11855.082008 -19262.925185 -13937.001201   -524.083692  7  8  5  89       
PG12 -23236.726917   8508.069749   9269.205418   -463.606828  6  6  8  72       
PG13 -22714.315051 -13905.060330  -1790.315966    611.695360  5  6  7  84       
PG14   8164.976398 -20109.624422  15209.536233    287.254951  9  9  6  81       
PG15 -26015.875442  -1850.831296   5086.223947    112.954867  5  7  5 109       
PG16  15337.833747   7156.671349 -20901.330552   -392.588117  6  6  5  87       
PG17   -752.740195 -16335.923902  21331.825421    720.827444  9  6  6  73       
PG18  -6021.171190  22042.984194 -13365.620760   -521.680528  4  5  3  70       
PG19 -10797.597977 -17986.241529  16308.510648    420.729371  9  5  7  71       
PG20 -10300.686337 -11545.431365 -21539.410136    393.636301  8  6  6  28       
PG21  16439.390491   5808.425619  20781.973284    139.730069  7  7  6  78       
PG22   1541.744585 -17906.257763  20085.037392     55.520550  7  8     73       
PG23 -15127.643688  20192.953932   8003.715866    127.221370  5  5  5  68       
PG24 -16170.417980  -1390.684614  20674.762471   -405.649753  7  4  6  40       
PG25 -19779.665870  17488.176060   -920.704937    483.739398  5  6  5  78       
PG26   7661.380946  14331.215783 -21104.583559    204.135503  5  7  3  70       
PG27  22333.372153  13308.242007  -6715.126398      0.311834 11  8 16  74       
PG28   5776.489607  25908.866733   -971.869775    -86.490979  8  7  4  22       
PG29 -14878.071896   8353.402520 -20427.381803   -609.211678  8  7  6  76       
PG30   -387.016423 -25924.726677  -4946.333905   -450.493097  7  5  5  77       
PG31  10231.669171  22243.636094  -9971.765353   -227.044633  6  6  2  71       
PG32   5816.054309  16938.976610  19870.123718   -601.702357  5  6  5  60       
*  2024  1  2  0 30  0.00000000
PG01  13759.178142  -4444.814970  21921.228255    165.063348  7  9  6  67       
PG02  16291.731335   2631.022182  21363.888170   -507.032951  6  7  6  59       
PG03  21686.248943  -9060.712232  12115.617294     97.129471  7  7 10  65       
PG04  23938.441354   -274.799454 -11633.697631    255.203821  7  4  5  59       
PG05 -17728.182685  -1439.320499 -19932.022365   -156.385737  8  7  6  67       
PG06  -6280.474677 -25724.627083  -1041.567010    458.938511  6  3  7  78       
PG07   7304.227264 -19302.496798 -15965.926362    -26.900724  8  5  7  90       
PG08  26149.797361   4828.425746   3156.359618   -160.000721  9  7  7  68       
PG09  15363.731380  -9858.290417 -19400.185187     45.465238  8  3  3  69       
PG10  -5818.067750  20208.113879  16219.417866    -67.673427  5  3     62       
PG11 -11874.873272 -20738.766768 -11617.440205   -524.096642  7  8  6  68       
PG12 -22381.840339   7576.398237  11774.001496   -463.610299  6  6  8  66       
PG13 -22316.106224 -13933.978183  -4622.552558    611.698675  5  5  7  83       
PG14   9566.604426 -20963.041511  13072.037620    287.264248  8  9  6  56       
PG15 -26428.215231  -2246.269309   2338.673917    112.958263  5  7  6 104       
PG16  13456.339033   8575.817196 -21621.262115   -392.581285  6  6  4  68       
PG17   1470.410790 -15471.009067  21955.475890    720.826103  9  6  5  68       
PG18  -6481.400646  20438.193570 -15538.776404   -521.689099  5  5  3  90       
PG19  -8944.316506 -17262.125181  18064.800809    420.734178  9  5  6  77       
PG20  -8729.297649 -13433.182238 -21151.939861    393.634679  8  6  5  73       
PG21  17001.813935   7925.675086  19652.510161    139.729027  7  7  6  73       
PG22   3323.343262 -19076.280929  18742.096619     55.514711  7  7     81       
PG23 -15828.812033  20550.866109   5239.584207    127.227867  5  6  5  89       
PG24 -16777.340559  -3723.197533  19941.407885   -405.656553  7  4  6  68       
PG25 -19913.224759  17198.742819   1931.702041    483.740658  5  6  5  89       
PG26   5934.690306  15950.407564 -20452.305240    204.132477  5  6  3  82       
PG27  21441.650452  13210.734959  -9356.141546      0.308226 10  5 15           
PG28   5515.928377  25912.731756   1883.580541    -86.500702  7  7  3   5       
PG29 -16911.023483   7381.940936 -19187.830719   -609.211276  8  7  6  92       
PG30     82.272864 -25258.648034  -7638.766799   -450.489063  7  5  5  63       
PG31  10124.257690  23253.613337  -7346.130125   -227.044664  6  6  2  30       
PG32   3618.772661  16292.287052  20897.080475   -601.705305  5  6  4  52       
*  2024  1  2  0 45  0.00000000
PG01  14378.488294  -1943.422056  21918.126035    165.064130  7  8  6  65       
PG02  16998.383322   4800.047133  20411.554231   -507.027719  6  7  5  69       
PG03  20706.435546  -7859.944173  14430.206978     97.153515  7  7 10  51       
PG04  25009.113757    273.004786  -9123.349104    255.212698  7  3  5  83       
PG05 -16231.074581  -3187.577465 -20978.009000   -156.387046  8  7  6  75       
PG06  -6095.521306 -25730.086104   1875.981890    458.927154  6  2  7  71       
PG07   8026.916176 -17392.708234 -17711.795755    -26.909415  8  6  7  86       
PG08  26296.519167   5107.163490    344.503415   -160.002130  9  6  6  69       
PG09  17390.803237  -9225.367608 -17944.254360     45.476038  8  4  3  67       
PG10  -7140.854090  21303.900234  14097.361982    -67.674546  5  3     46       
PG11 -11917.538074 -21942.847638  -9098.203542   -524.109645  7  8  6  79       
PG12 -21367.673726   6421.565751  14072.450386   -463.614082  7  7  7  30       
PG13 -21632.737321 -13857.879929  -7376.590257    611.702084  5  4  7  69       
PG14  10737.973942 -21711.762051  10707.850753    287.273625  8  8  6  70       
PG15 -26549.985684  -2577.882357   -448.878634    112.961661  5  7  6 105       
PG16  11604.602486  10134.527897 -21981.916635   -392.574334  6  6  4  63       
PG17   3782.109683 -14714.089188  22215.407543    720.825447  8  6  5  66       
PG18  -7080.770634  18635.602693 -17442.093472   -521.697741  5  5  3  80       
PG19  -6882.092820 -16571.490385  19509.467435    420.738973  9  5  6  75       
PG20  -7294.293265 -15344.219029 -20399.436590    393.633121  7  6  5  48       
PG21  17630.664067   9871.155329  18206.992604    139.727620  6  6  6  39       
PG22   4911.346421 -20235.136964  17090.345297     55.508858  6  7     82       
PG23 -16287.982908  20715.439133   2384.291223    127.234346  6  7  5  79       
PG24 -17457.368034  -5921.318442  18855.645316   -405.663346  7  4  5  77       
PG25 -19835.145984  16684.582732   4750.156035    483.741903  4  5  5  62       
PG26   4345.554987  17582.776015 -19449.956404    204.129453  5  6  4  67       
PG27  20270.523545  13085.680102 -11841.567426      0.304545  8  3 15  44       
PG28   5165.172733  25621.704351   4706.609406    -86.510422  7  7  3  44       
PG29 -18844.124934   6576.574627 -17620.329845   -609.210755  8  7  7  77       
PG30    655.541146 -24325.965583 -10197.148931   -450.485069  7  5  5  58       
PG31   9996.403131  23971.249243  -4591.841774   -227.045053  7  6  2  45       
PG32   1297.047512  15737.735503  21571.787846   -601.708230  5  6  3  62       
*  2024  1  2  1  0  0.00000000
PG01  15128.737209    494.169270  21525.974988    165.064940  6  8  5  70       
PG02  17774.028837   6813.504444  19124.571680   -507.022868  6  7  5  76       
PG03  19627.343871  -6420.303393  16492.897457     97.177596  7  7 10  59       
PG04  25823.080144    693.452042  -6457.073476    255.221625  7  3  4  90       
PG05 -14768.926886  -5090.072200 -21669.245542   -156.388442  7  7  5  50       
PG06  -5811.837504 -25431.054592   4761.061154    458.915800  6     7  75       
PG07   8898.241718 -15346.360657 -19136.120460    -26.917958  7  6  6  63       
PG08  26147.206494   5322.281062  -2473.138614   -160.003175 10  6  6  71       
PG09  19269.717869  -8731.274764 -16182.199609     45.486864  7  4  3  87       
PG10  -8234.525690  22281.615831  11731.758812    -67.676221  5  3  2  56       
PG11 -11945.844605 -22859.230037  -6422.657584   -524.122548  7  7  6  31       
PG12 -20236.305530   5040.424788  16123.689736   -463.617517  7  7  7  47       
PG13 -20662.302824 -13715.780593 -10006.063450    611.705433  6  3  7  53       
PG14  11680.003801 -22315.397130   8157.776359    287.282972  8  8  6  49       
PG15 -26376.157294  -2880.205566  -3228.853941    112.965108  5  6  7 103       
PG16   9821.484020  11806.578388 -21976.157111   -392.567760  6  7  4  83       
PG17   6138.645947 -14083.623138  22107.904485    720.824848  8  6  6  71       
PG18  -7834.726694  16678.438134 -19042.833878   -521.706350  6  5  4  70       
PG19  -4643.824001 -15947.556954  20616.372671    420.743832  8  5  5  87       
PG20  -6014.685471 -17234.972840 -19295.425236    393.631824  6  5  5  60       
PG21  18294.980912  11615.738817  16469.650617    139.726704  6  5  6  64       
PG22   6290.449427 -21341.845881  15156.671996     55.502555  6  6     78       
PG23 -16526.556559  20653.927512   -512.505141    127.240854  6  7  4  85       
PG24 -18182.871655  -7948.347997  17438.332565   -405.670166  7  4  5  90       
PG25 -19576.058765  15925.651036   7484.865365    483.743170  3  5  6  68       
PG26   2913.135648  19187.002642 -18113.564688    204.126449  5  6  4  73       
PG27  18833.700539  12970.699129 -14130.294822      0.300879  8  2 14  19       
PG28   4691.131535  25053.452508   7448.604208    -86.520172  7  7  3   4       
PG29 -20631.270686   5931.504407 -15751.773325   -609.210040  8  7  6  67       
PG30   1358.412947 -23154.241111 -12576.519308   -450.481066  7  5  5  68       
PG31   9810.398207  24390.791029  -1756.872642   -227.045194  7  6  2           
PG32  -1106.504682  15295.566945  21882.482817   -601.711142  5  5  2  59       
*  2024  1  2  1 15  0.00000000
PG01  15989.143738   2819.313403  20753.019980    165.065709  6  8  5  55       
PG02  18586.429367   8639.924294  17523.694702   -507.017881  6  7  5  53       
PG03  18493.808666  -4750.586319  18267.513093     97.201616  7  7 10  52       
PG04  26355.357579   1016.546970  -3680.492166    255.230505  7  3  4  86       
PG05 -13378.392845  -7115.754827 -21993.973272   -156.389409  7  6  5  65       
PG06  -5394.486464 -24847.150256   7563.808636    458.904472  6     6  60       
PG07   9920.988115 -13211.714213 -20213.238529    -26.926611  7  6  6  77       
PG08  25698.141349   5510.322698  -5249.336165   -160.005629 10  6  6  58       
PG09  20959.164498  -8360.091564 -14143.999549     45.497734  7  4  2  80       
PG10  -9102.766908  23097.290848   9162.751652    -67.677688  5  4  3  65       
PG11 -11921.218353 -23480.675267  -3636.812969   -524.135538  7  7  7  77       
PG12 -19031.422903   3438.608079  17891.117984   -463.621005  7  7  6  33       
PG13 -19411.509258 -13547.130981 -12466.829368    611.708970  6  3  7  55       
PG14  12401.743482 -22736.145120   5465.954906    287.292250  8  7  6  68       
PG15 -25909.903276  -3188.317800  -5954.339994    112.968478  5  6  7 110       
PG16   8141.217838  13559.257117 -21602.732048   -392.560559  6  6  5  85       
PG17   8493.891959 -13590.422077  21635.088408    720.824098  8  6  6  71       
PG18  -8750.824876  14613.429207 -20313.615727   -521.714992  6  5  4  83       
PG19  -2268.980086 -15418.023107  21365.094315    420.748335  8  5  5  76       
PG20  -4901.570837 -19060.263153 -17859.443050    393.629617  6  5  5  55       
PG21  18959.725530  13136.977302  14468.913684    139.725719  6  5  6  46       
PG22   7453.230976 -22354.278370  12972.509711     55.496593  6  6  2  64       
PG23 -16572.772371  20339.889517  -3400.375796    127.247374  7  8  4  90       
PG24 -18921.459261  -9774.227915  15716.034318   -405.676970  8  4  5  75       
PG25 -19171.290712  14909.698044  10087.213929    483.744428  3  5  6  79       
PG26   1649.190384  20719.891738 -16465.012302    204.123455  5  6  4  56       
PG27  17152.708106  12900.842054 -16184.436560      0.297226  8  2 13  67       
PG28   4065.138795  24233.298442  10062.321770    -86.529887  7  6  4  38       
PG29 -22229.485076   5433.002741 -13614.145567   -609.209781  8  7  6  18       
PG30   2210.754095 -21777.356486 -14735.103798   -450.476992  6  5  4  62       
PG31   9529.221771  24515.446836   1109.045586   -227.045422  7  6  2  50       
PG32  -3545.964245  14978.721939  21823.401552   -601.714082  5  5  2  44       
*  2024  1  2  1 30  0.00000000
PG01  16931.613392   4988.392417  19614.342359    165.066500  5  7  4  74       
PG02  19398.930093  10254.452552  15634.657748   -507.012868  6  7  5  55       
PG03  17349.745241  -2868.509352  19722.951113     97.225585  6  7  9  51       
PG04  26588.733303   1276.317585   -841.058697    255.239389  7  4  4  86       
PG05 -12090.682801  -9227.510720 -21946.519346   -156.390654  6  6  5  60       
PG06  -4813.371361 -24005.994219  10235.897201    458.893176  5  1  6  46       
PG07  11089.605295 -11038.255813 -20924.157308    -26.935013  7  6  5  88       
PG08  24953.966693   5708.074636  -7937.595231   -160.006922  9  6  6  58       
PG09  22422.717893  -8089.201317 -11864.330074     45.508578  6  5  2  71       
PG10  -9757.678801  23710.042993   6434.335220    -67.679178  6  3  4  58       
PG11 -11805.391068 -23808.795535   -788.534586   -524.148599  7  7  7  50       
PG12 -17796.586848   1630.551545  19343.115774   -463.624567  7  7  6  21       
PG13 -17895.525610 -13390.191206 -14717.653903    611.712663  6  3  7  74       
PG14  12919.834982 -22940.339421   2679.089190    287.301572  8  7  6  57       
PG15 -25162.411099  -3536.319449  -8579.831094    112.971939  5  6  8  97       
PG16   6592.243649  15354.404618 -20866.382750   -392.553875  6  6  5  83       
PG17  10800.816368 -13237.322988  20804.865603    720.823194  7  7  6  60       
PG18  -9828.296082  12489.104855 -21232.871907   -521.723638  7  6  5  76       
PG19    197.690155 -15003.924051  21741.371144    420.753307  8  5  4  39       
PG20  -3957.891797 -20774.928003 -16116.667314    393.628287  6  4  5  65       
PG21  19587.066688  14419.692435  12237.018150    139.724504  6  4  6  45       
PG22   8400.268793 -23230.693224  10573.414202     55.490720  6  5  2  57       
PG23 -16460.440252  19754.354964  -6229.029583    127.253893  8  8  4  61       
PG24 -19637.323795 -11376.441438  13720.414313   -405.683909  8  5  4  76       
PG25 -18659.366841  13632.994748  12510.706650    483.745704  3  5  6  76       
PG26    557.756905  22137.947994 -14531.737956    204.120413  5  5  4  63       
PG27  15256.226125  12907.173086 -17969.881353      0.293578  8  4 13  62       
PG28   3264.267481  23193.227924  12502.705603    -86.539659  7  6  4           
PG29 -23600.455222   5060.107347 -11243.983115   -609.209891  8  7  6  30       
PG30   3225.675186 -20234.219891 -16635.092271   -450.472935  6  5  4  85       
PG31   9118.217541  24357.223108   3955.342737   -227.045689  7  6  3  38       
PG32  -5973.635399  14792.344080  21394.905316   -601.717000  5  5  2  77       
*  2024  1  2  1 45  0.00000000
PG01  17921.891073   6964.307887  18131.472828    165.067221  3  7  3  66       
PG02  20171.799358  11639.597881  13487.848704   -507.007944  6  7  4  59       
PG03  16236.416837   -800.222431  20833.755426     97.249516  6  7  9  59       
PG04  26514.404227   1509.312689   2012.736106    255.248243  7  4  4  94       
PG05 -10930.473168 -11383.384905 -21527.399639   -156.391991  5  6  4  69       
PG06  -4044.593553 -22942.099732  12731.372926    458.881908  5  1  5  77       
PG07  12390.306452  -8874.803699 -21256.910223    -26.943556  6  6  5  71       
PG08  23927.559048   5951.010302 -10492.873733   -160.008443  9  6  6  54       
PG09  23630.113360  -7890.307667  -9381.994951     45.519383  6  5  2  52       
PG10 -10219.161164  24083.742619   3593.616321    -67.680865  6  3  4  57       
PG11 -11562.043244 -23853.875987   2073.277585   -524.161685  7  6  6  55       
PG12 -16573.505732   -360.841868  20453.674990   -463.627904  8  7  6  49       
PG13 -16137.531612 -13280.464746 -16720.847095    611.715981  7  4  7  74       
PG14  13257.677112 -22899.849845   -154.386104    287.310844  8  6  6  86       
PG15 -24152.415806  -3955.876714 -11061.912713    112.975487  5  6  8 115       
PG16   5196.242818  17149.673605 -19777.870912   -392.546955  6  6  6  76       
PG17  13013.030252 -13019.154580  19630.806587    720.822295  7  7  6  73       
PG18 -11057.946944  10354.037500 -21785.199228   -521.732237  7  6  5  80       
PG19   2707.677070 -14718.755434  21737.443770    420.757793  7  6  4  57       
PG20  -3178.520714 -22335.456356 -14097.451176    393.626480  6  4  5  59       
PG21  20137.761616  15456.329869   9809.591586    139.723736  5  4  6  64       
PG22   9139.973035 -23931.284557   7998.584172     55.484866  6  5  3  74       
PG23 -16227.458319  18886.707246  -8949.221087    127.260414  8  8  5  64       
PG24 -20292.716415 -12740.600151  11487.553141   -405.690709  8  5  4  69       
PG25 -18080.373374  12100.721172  14711.890671    483.746940  4  5  6  75       
PG26   -364.862493  23398.997098 -12346.331398    204.117397  5  5  4  51       
PG27  13179.177218  13015.508885 -19456.799253      0.289949  7  6 12  41       
PG28   2272.422723  21970.653822  14727.666700    -86.549404  7  6  5  35       
PG29 -24711.897199   4785.596143  -8681.763224   -609.209327  7  6  6  39       
PG30   4408.812364 -18567.283056 -18243.335464   -450.468870  5  5  4  90       
PG31   8546.697497  23936.412233   6731.568213   -227.046064  7  6  3  45       
PG32  -8341.648598  14733.587419  20603.517286   -601.719897  5  4  3  64       
*  2024  1  2  2  0  0.00000000
PG01  18920.961280   8717.687561  16331.884146    165.067938  2  7  2  64       
PG02  20863.697806  12785.728333  11117.922110   -507.002902  6  6  4  54       
PG03  15190.820479   1420.515257  21580.582387     97.273440  5  6  8  48       
PG04  26132.309335   1753.004623   4832.173969    255.257154  7  4  3  81       
PG05  -9915.067491 -13537.995630 -20743.329685   -156.393022  4  6  4  62       
PG06  -3071.565079 -21695.510059  15007.443554    458.870567  5  1  5  77       
PG07  13801.530910  -6767.663487 -21206.738402    -26.951960  6  6  5  57       
PG08  22639.613541   6271.788066 -12872.276057   -160.009610  8  7  6  52       
PG09  24558.300545  -7730.676618  -6739.287024     45.530198  6  5  2  19       
PG10 -10513.979055  24188.520986    689.994883    -67.682214  7  3  4  75       
PG11 -11158.376438 -23634.374840   4899.522910   -524.174705  7  6  6  56       
PG12 -15400.390187  -2504.887405  21202.918414   -463.631559  8  7  6  39       
PG13 -14167.981633 -13249.248860 -18442.842130    611.719411  7  5  7  56       
PG14  13444.325369 -22593.280235  -2985.171672    287.320114  8  6  6  58       
PG15 -22905.479485  -4474.882574 -13359.887933    112.979004  6  5  8 100       
PG16   3967.417873  18899.971879 -18353.919473   -392.540240  6  6  6  74       
PG17  15086.315748 -12922.996066  18131.959348    720.821713  7  7  6  76       
PG18 -12422.399327   8255.102790 -21961.593826   -521.740799  7  6  6  82       
PG19   5210.395133 -14567.902367  21352.278496    420.762761  6  6  4  65       
PG20  -2550.659733 -23701.560539 -11836.777562    393.624845  5  3  5  65       
PG21  20572.590558  16247.068198   7225.213345    139.722754  5  4  6  48       
PG22   9688.139433 -24419.687180   5290.323471     55.478520  6  4  4  55       
PG23 -15914.177418  17735.243230 -11513.638435    127.266919  8  8  6  59       
PG24 -20849.481103 -13860.704422   9057.212524   -405.697580  8  5  4  24       
PG25 -17474.255484  10326.994672  16651.227568    483.748188  4  4  6  70       
PG26  -1129.807525  24463.786425  -9946.022556    204.114382  4  4  4  38       
PG27  10961.600371  13245.352078 -20620.095133      0.286297  7  6 11  74       
PG28   1081.170871  20606.981631  16698.813993    -86.559142  6  5  5  67       
PG29 -25538.704578   4577.206096  -5971.228448   -609.208947  6  6  6  80       
PG30   5757.915606 -16820.931251 -19531.946338   -450.464811  5  5  4  90       
PG31   7789.399257  23280.747562   9388.363482   -227.046225  7  6  3  56       
PG32 -10603.581507  14791.733704  19461.866930   -601.722799  6  4  3  55       
*  2024  1  2  2 15  0.00000000
PG01  19886.632090  10227.764582  14248.382339    165.068659  1  6  1  71       
PG02  21433.230892  13691.297914   8563.350992   -506.997827  5  6  4  34       
PG03  14244.257229   3753.464785  21950.548650     97.297355  5  6  7  64       
PG04  25451.142890   2044.158263   7569.121676    255.266053  7  4  3  73       
PG05  -9053.840782 -15644.087272 -19607.142291   -156.394303  4  5  4  43       
PG06  -1885.832841 -20310.240473  17025.203821    458.859257  5  2  4  57       
PG07  15294.746830  -4758.919063 -20776.096686    -26.960683  6  6  4  48       
PG08  21117.955644   6698.854701 -15035.719594   -160.010471  8  7  6  22       
PG09  25192.236064  -7574.557227  -3981.289019     45.541013  6  4  2  63       
PG10 -10674.547057  24002.056577  -2225.720369    -67.683748  7  3  4  65       
PG11 -10566.554622 -23176.121738   7641.735822   -524.187698  7  6  6  58       
PG12 -14310.459637  -4764.126941  21577.495827   -463.634666  8  7  6  65       
PG13 -12023.611177 -13322.352618 -19854.712387    611.723019  7  5  7  41       
PG14  13513.171712 -22006.912950  -5763.990286    287.329417  8  6  6  59       
PG15 -21453.048384  -5116.278340 -15436.342815    112.982457  6  5  8  98       
PG16   2912.047135  20559.041430 -16617.059899   -392.533465  6  6  6  84       
PG17  16980.087277 -12928.720750  16332.596576    720.820742  6  7  6  71       
PG18 -13896.657090   6235.822583 -21759.570994   -521.749411  6  6  6  75       
PG19   7654.969883 -14548.402886  20591.663791    420.767456  6  6  4  68       
PG20  -2054.537783 -24837.629681  -9373.642005    393.623146  5  2  5  44       
PG21  20853.803871  16799.679530   4524.949269    139.721582  5  4  5   5       
PG22  10067.232922 -24664.388238   2493.446120     55.472837  5  3  4  44       
PG23 -15561.679380  16307.388070 -13877.752836    127.273422  9  8  6  62       
PG24 -21270.588320 -14739.078636   6472.065907   -405.704429  8  6  4  48       
PG25 -16879.122714   8334.531660  18293.892282    483.749438  5  5  6  86       
PG26  -1755.064838  25297.501606  -7372.070133    204.111350  4  4  4  49       
PG27   8647.345442  13609.057037 -21439.806269      0.282676  7  7 10  71       
PG28   -309.728959  19146.032481  18382.121520    -86.568887  6  5  6  18       
PG29 -26063.836358   4399.049503  -3158.657394   -609.208747  5  5  6  79       
PG30   7262.761254 -15039.812916 -20478.793492   -450.460756  5  5  4  87       
PG31   6827.731985  22424.258519  11878.424543   -227.046488  7  6  3  44       
PG32 -12716.040367  14948.618569  17988.539316   -601.725634  6  4  3  50       
*  2024  1  2  2 30  0.00000000
PG01  20775.233697  11482.902655  11918.416391    165.069347  2  6  1  77       
PG02  21840.534553  14362.790961   5865.916070   -506.993019  5  6  3  60       
PG03  13421.144861   6153.296698  21937.454208     97.321246  5  6  6  55       
PG04  24488.048063   2417.228302  10176.833867    255.274910  7  4  3  73       
PG05  -8347.988613 -17654.167407 -18137.611097   -156.395582  5  5  4  44       
PG06   -487.583672 -18832.586256  18750.286016    458.847987  5  3  3  51       
PG07  16835.551890  -2884.932728 -19974.490754    -26.968833  5  5  4  22       
PG08  19396.602772   7255.204279 -16946.566384   -160.012061  7  7  6  53       
PG09  25525.384315  -7384.727325  -1155.124058     45.551812  6  5  2  80       
PG10 -10737.477602  23510.581989  -5102.244243    -67.684810  7  4  5  57       
PG11  -9764.958916 -22511.245875  10252.908954   -524.200726  6  6  6  55       
PG12 -13330.664386  -7095.620036  21570.845811   -463.638180  8  7  6  75       
PG13  -9746.221382 -13519.027846 -20932.621571    611.726455  7  5  7  61       
PG14  13500.457882 -21135.361128  -8442.474824    287.338751  7  5  5  35       
PG15 -19831.324797  -5897.072545 -17257.649705    112.986025  6  6  7  95       
PG16   2028.337953  22081.120029 -14595.379679   -392.526567  6  6  6  75       
PG17  18658.736980 -13009.807958  14261.896680    720.819963  6  6  6  76       
PG18 -15448.975977   4334.854283 -21183.169885   -521.758003  6  6  6  77       
PG19   9992.055232 -14649.061012  19468.171842    420.771971  5  6  4  78       
PG20  -1664.375152 -25714.010240  -6750.375916    393.621009  5  2  6  52       
PG21  20946.539853  17129.143979   1751.857713    139.720908  4  4  5  43       
PG22  10305.421388 -24639.994276   -345.374090     55.466712  5  3  4  49       
PG23 -15210.039266  14619.556326 -16000.612700    127.279924  9  8  6  69       
PG24 -21521.608416 -15385.995131   3776.913400   -405.711340  8  6  4           
PG25 -16329.636610   6153.953402  19610.476137    483.750667  5  5  6  79       
PG26  -2264.590686  25871.136128  -4669.057675    204.108357  3  4  4  72       
PG27   6282.631063  14111.258169 -21901.439595      0.279102  6  8  9  80       
PG28  -1892.112656  17632.384715  19748.520426    -86.578628  6  5  6           
PG29 -26278.910835   4213.173829   -292.092648   -609.208245  4  5  6  74       
PG30   8905.391364 -13267.177805 -21067.877421   -450.456693  5  5  4  78       
PG31   5650.754091  21405.872956  14157.429332   -227.046765  7  6  3  49       
PG32 -14640.143651  15179.354723  16207.827543   -601.728497  6  5  3  72       
*  2024  1  2  2 45  0.00000000
PG01  21543.360315  12480.756530   9383.326764    165.070052  2  5  2  59       
PG02  22048.840877  14814.380421   3070.131716   -506.988025  5  5  3  37       
PG03  12738.120475   8571.183657  21541.876792     97.345024  5  5  6  46       
PG04  23268.002354   2902.845812  12610.733912    255.283819  7  4  3  81       
PG05  -7790.591970 -19522.169244 -16359.180192   -156.396979  6  5  4  33       
PG06   1114.187796 -17309.362979  20153.425994    458.836694  5  3  3  44       
PG07  18385.016692  -1175.116183 -18818.158272    -26.977585  5  5  4  53       
PG08  17514.607160   7957.337516 -18572.212787   -160.013562  7  7  6  23       
PG09  25559.906459  -7124.105545   1690.832966     45.562648  6  4  2  45       
PG10 -10741.951300  22709.564537  -7888.775385    -67.686693  7  4  4  51       
PG11  -8739.207252 -21676.875579  12688.290149   -524.213800  6  6  5  65       
PG12 -12480.677732  -9452.464113  21183.316435   -463.641874  8  7  6  71       
PG13  -7381.284049 -13851.151018 -21658.202346    611.729881  7  5  7  42       
PG14  13443.682957 -19981.901654 -10974.039417    287.348046  7  5  5  31       
PG15 -18079.995034  -6827.586402 -18794.408614    112.989420  6  6  7  96       
PG16   1306.592200  23422.625824 -12322.165177   -392.519693  5  6  6  83       
PG17  20092.818849 -13134.398613  11953.558132    720.819080  6  6  5  66       
PG18 -17042.000964   2584.683065 -20242.845671   -521.766570  6  6  6  34       
PG19  12175.606434 -14850.909576  18000.981087    420.776727  5  6  4  74       
PG20  -1349.576433 -26308.066841  -4011.922197    393.619367  5  2  6  40       
PG21  20820.171292  17257.026160  -1049.536345    139.719939  4  4  5  46       
PG22  10435.388134 -24328.305559  -3178.306214     55.460970  5  4  5  73       
PG23 -14896.642217  12696.665471 -17845.566692    127.286435  8  8  7  58       
PG24 -21572.070883 -15819.011840   1017.896921   -405.718171  7  6  4  46       
PG25 -15855.552082   3822.763404  20577.574048    483.751895  5  5  5  73       
PG26  -2687.183399  26162.655373  -1884.108364    204.105309  3  3  3  55       
PG27   3914.513268  14748.583235 -21996.243609      0.275519  7  9  7  91       
PG28  -3649.527570  16109.698305  20774.405248    -86.588362  6  4  7  35       
PG29 -26184.482735   3981.205778   2579.462401   -609.207923  3  5  6  62       
PG30  10660.668503 -11543.291293 -21289.583703   -450.452606  5  4  5  60       
PG31   4255.837799  20267.826170  16184.905599   -227.046977  7  6  3  56       
PG32 -16342.852110  15453.329152  14149.387712   -601.731325  6  5  3  46       
*  2024  1  2  3  0  0.00000000
PG01  22149.585496  13228.072414   6687.552501    165.070736  2  5  2  62       
PG02  22025.968859  15067.305006    222.609212   -506.983245  6  5  3           
PG03  12203.468116  10956.532014  20771.137000     97.368927  5  5  5  42       
PG04  21822.917531   3526.451814  14829.160924    255.292720  6  4  2  88       
PG05  -7366.997687 -21205.078834 -14301.600903   -156.398763  6  4  5  50       
PG06   2901.853293 -15786.147109  21210.936788    458.825421  5  4  4  53       
PG07  19901.206064    348.981579 -17329.612067    -26.985999  4  4  3  37       
PG08  15514.718913   8814.460432 -19884.629834   -160.015593  6  7  6  32       
PG09  25306.529057  -6757.367894   4507.771016     45.573465  5  4  1  31       
PG10 -10727.976414  21604.027053 -10535.962464    -67.688004  7  5  4  66       
PG11  -7482.899571 -20713.659557  14906.140385   -524.226851  5  6  5  68       
PG12 -11772.200345 -11785.479871  20422.142262   -463.645252  8  7  6  71       
PG13  -4976.415710 -14322.685779 -22018.859118    611.733522  6  5  7  56       
PG14  13379.970209 -18558.475022 -13314.715850    287.357442  7  5  5  73       
PG15 -16240.857703  -7910.947218 -20021.827421    112.993156  6  7  7  94       
PG16    729.686450  24543.801408  -9835.436943   -392.513184  5  6  6  68       
PG17  21260.029856 -13266.561848   9445.346700    720.818259  6  6  5  57       
PG18 -18634.125577   1010.564839 -18955.253591   -521.775182  5  6  6  27       
PG19  14164.534272 -15128.007378  16215.559577    420.781560  5  6  4  70       
PG20  -1076.104621 -26604.985232  -1205.075344    393.617725  5  2  6  66       
PG21  20449.539038  17210.627653  -3833.802197    139.718590  4  4  5  31       
PG22  10492.960481 -23719.153693  -5957.111895     55.454970  5  4  4  77       
PG23 -14654.622721  10571.322125 -19380.902074    127.292945  8  8  7  43       
PG24 -21396.662448 -16062.057788  -1758.271125   -405.724979  7  6  4  47       
PG25 -15480.477092   1384.039632  21178.239810    483.753156  5  5  5  63       
PG26  -3055.149230  26157.903645    933.966985    204.102283  3  3  3  62       
PG27   1589.315830  15509.665740 -21721.409278      0.271931  7  9  6  92       
PG28  -5557.674253  14619.087040  21442.045509    -86.598073  6  4  7  39       
PG29 -25789.992585   3666.016885   5406.865517   -609.207294  1  5  6  64       
PG30  12497.121352  -9903.988295 -21140.810614   -450.448558  5  4  5  65       
PG31   2648.990018  19053.945408  17925.016406   -227.047231  6  6  3  58       
PG32 -17798.093475  15735.440562  11847.797307   -601.734187  6  5  2  96       
*  2024  1  2  3 15  0.00000000
PG01  22556.085066  13740.147034   3877.815438    165.071427  2  4  2  45       
PG02  21745.685049  15148.979752  -2628.640472   -506.978165  6  5  2  38       
PG03  11816.892555  13258.782479  19639.136567     97.392808  5  4  4  48       
PG04  20190.487333   4307.130242  16794.071364    255.301586  6  4  2  71       
PG05  -7055.502907 -22664.466714 -11999.478119   -156.399782  6  4  5  27       
PG06   4849.658905 -14305.584021  21905.083861    458.814137  5  4  4  51       
PG07  21340.807875   1674.240486 -15537.066850    -26.994652  4  4  3  61       
PG08  13441.914662   9827.953798 -20860.846593   -160.017920  6  7  6  73       
PG09  24784.095841  -6252.506407   7247.272589     45.584215  5  4  1  53       
PG10 -10734.610889  20208.490843 -12996.852868    -67.689531  7  6  5  61       
PG11  -5998.059596 -19664.166640  16868.440349   -524.239936  5  6  5  53       
PG12 -11208.604990 -14044.990899  19301.279375   -463.648826  7  7  6  57       
PG13  -2579.773722 -14929.446541 -22007.990781    611.737089  6  5  7  77       
PG14  13344.459893 -16885.352091 -15423.938326    287.366761  7  5  4  75       
PG15 -14356.398114  -9142.843270 -20920.041920    112.996456  6  7  7  58       
PG16    273.857006  25410.251926  -7177.377322   -392.506385  5  6  5  95       
PG17  22145.951424 -13367.732406   6778.575378    720.817588  6  6  5  66       
PG18 -20181.019686   -370.242404 -17342.930954   -521.783726  5  6  5  59       
PG19  15924.169805 -15448.539910  14143.213211    420.786142  5  6  3  74       
PG20   -807.982976 -26598.289042   1622.301792    393.615608  6  3  6  56       
PG21  19816.031836  17021.935752  -6555.201750    139.717677  4  4  4  44       
PG22  10515.600184 -22810.964731  -8633.934854     55.448881  5  4  4  85       
PG23 -14511.488532   8282.714530 -20580.386941    127.299503  7  7  7  52       
PG24 -20976.225111 -16144.307728  -4505.054823   -405.731817  7  6  4  50       
PG25 -15220.904964  -1115.101725  21402.297826    483.754361  5  5  4  64       
PG26  -3402.815318  25851.212644   3735.571319    204.099226  3  4  3  74       
PG27   -648.924208  16375.461127 -21080.193778      0.268354  8  9  5  81       
PG28  -7585.157330  13197.601547  21739.895272    -86.607745  6  4  7  18       
PG29 -25113.389471   3233.346859   8141.663522   -609.206996     5  6  42       
PG30  14378.044691  -8379.423284 -20624.971876   -450.444519  5  4  5  56       
PG31    844.814878  17807.884501  19347.243173   -227.047434  6  6  3   8       
PG32 -18987.636405  15987.533310   9342.019752   -601.737046  6  5  1  92       
*  2024  1  2  3 30  0.00000000
PG01  22730.108316  14039.976230   1002.298181    165.072127  1  4  3  18       
PG02  21188.880329  15091.864514  -5434.959921   -506.973213  6  5  1  61       
PG03  11569.645828  15429.207815  18166.075105     97.416758  5  4  4  65       
PG04  18412.825560   5256.685484  18471.684208    255.310468  5  4     70       
PG05  -6828.320606 -23867.865964  -9491.729957   -156.400982  6  3  5  63       
PG06   6924.546113 -12905.827130  22224.357875    458.802876  5  5  4  67       
PG07  22660.797511   2796.178061 -13473.773040    -27.003188  4  4  3  63       
PG08  11341.842499  10991.136267 -21483.368499   -160.019790  6  7  7  81       
PG09  24018.818176  -5582.268935   9862.143743     45.594957  4  4     48       
PG10 -10798.223220  18546.539484 -15227.800241    -67.690820  7  6  4  76       
PG11  -4295.255742 -18571.225316  18541.534325   -524.252972  5  7  5  74       
PG12 -10784.934161 -16182.622692  17841.104323   -463.652300  7  6  6  60       
PG13   -238.430366 -15659.173662 -21625.129414    611.740355  6  5  6  65       
PG14  13368.793254 -14990.481473 -17265.261101    287.376049  6  5  4  71       
PG15 -12468.355215 -10511.545927 -21474.376490    113.000178  6  6  6  52       
PG16    -90.233109  25994.312537  -4393.653552   -392.499587  5  5  5  81       
PG17  22744.521297 -13398.271948   3997.517786    720.816064  5  6  4  26       
PG18 -21637.266600  -1548.932703 -15433.884563   -521.792304  5  6  5  57       
PG19  17427.476575 -15776.178658  11820.507300    420.790915  6  6  4  66       
PG20   -508.867114 -26290.052731   4422.072556    393.613982  6  3  6  26       
PG21  18908.473376  16726.395326  -9168.326498    139.716740  5  4  4  35       
PG22  10540.808765 -21611.017888 -11162.120149     55.443139  5  4  4  82       
PG23 -14487.983280   5875.256414 -21423.707437    127.306069  7  7  7  63       
PG24 -20298.523928 -16098.892366  -7176.809035   -405.738627  7  6  4  60       
PG25 -15085.560492  -3625.203811  21246.504684    483.755566  5  5  4  60       
PG26  -3764.951351  25245.682054   6471.252275    204.096198  3  4  4  59       
PG27  -2759.941303  17319.861682 -20081.960579      0.264827  9  9  4  87       
PG28  -9694.517347  11876.881865  21662.795145    -86.617432  6  4  7  23       
PG29 -24180.440493   2653.322117  10736.912995   -609.206560  2  5  5  44       
PG30  16262.807412  -6993.063709 -19751.878224   -450.440459  5  4  5  74       
PG31  -1133.879991  16571.385292  20426.949754   -227.047668  6  6  3  44       
PG32 -19901.676568  16169.975273   6674.780017   -601.739903  5  5     83       
*  2024  1  2  3 45  0.00000000
PG01  22645.246471  14157.134143  -1890.169605    165.072816     3  3  14       
PG02  20344.512529  14932.124944  -8147.847387   -506.968328  6  5  2  31       
PG03  11444.998419  17422.636365  16378.053252     97.440587  6  4  5  64       
PG04  16534.945093   6379.000756  19833.059274    255.319422  5  5     79       
PG05  -6652.792307 -24789.943165  -6820.966202   -156.402670  6  3  5  29       
PG06   9087.253599 -11619.166137  22163.642597    458.791606  5  5  5  66       
PG07  23820.068314   3718.805439 -11177.281815    -27.011845  3  3  3  41       
PG08   9259.237842  12289.334547 -21740.522396   -160.021175  5  7  7  74       
PG09  23043.251421  -4725.423129  12307.230364     45.605725  3  4     29       
PG10 -10950.867471  16650.019393 -17189.307831    -67.691979  7  6  4  56       
PG11  -2393.395836 -17476.266472  19896.701065   -524.265944  6  7  5  64       
PG12 -10488.247370 -18153.046271  16067.986629   -463.656276  7  7  6  64       
PG13   2003.217717 -16491.920251 -20875.991105    611.743568  6  4  6  73       
PG14  13479.748856 -12908.544349 -18806.995318    287.385351  6  5  3  58       
PG15 -10616.326986 -11998.197120 -21675.545762    113.003627  6  6  6  63       
PG16   -396.181110  26276.184243  -1532.643507   -392.493101  5  5  4  73       
PG17  23058.213320 -13319.101206   1148.756927    720.815303  5  6  4  86       
PG18 -22958.046844  -2525.277662 -13261.092148   -521.800902  4  7  4  80       
PG19  18655.957855 -16071.641732   9288.574110    420.795643  6  7  5  36       
PG20   -143.627717 -25690.804292   7146.620533    393.612122  7  4  6  33       
PG21  17723.780265  16361.537400 -11628.772446    139.715666  5  4  4  42       
PG22  10604.506889 -20135.379838 -13497.050443     55.436932  5  4  4  74       
PG23 -14597.231509   3397.036831 -21896.793613    127.312662  7  6  6  43       
PG24 -19358.763366 -15961.493788  -9729.454826   -405.745427  6  6  4  75       
PG25 -15075.085852  -6096.253981  20714.559116    483.756860  5  5  5  80       
PG26  -4175.166712  24353.116993   9092.640978    204.093187  3  4  4  45       
PG27  -4708.602451  18310.594696 -18742.129313      0.261241 10  9  2  77       
PG28 -11843.504393  10682.031608  21212.063117    -86.627180  6  4  7  56       
PG29 -23023.752111   1901.810555  13147.980438   -609.206359  2  5  5  52       
PG30  18108.314592  -5760.963144 -18537.504089   -450.436390  5  4  5  67       
PG31  -3256.815001  15382.640522  21145.815266   -227.047824  5  6  3  27       
PG32 -20539.107864  16243.319926   3891.858551   -601.742751  5  5     90       
*  2024  1  2  4  0  0.00000000
PG01  22282.456942  14126.431883  -4750.904351    165.073487  2  3  3  23       
PG02  19210.270283  14708.130369 -10719.797557   -506.963316  6  5  2  42       
PG03  11419.033004  19199.034119  14306.572420     97.464531  6  4  5  23       
PG04  14603.134439   7669.703312  20854.599075    255.328392  5  5     66       
PG05  -6492.804081 -25413.415348  -4032.792848   -156.403876  6  3  5  63       
PG06  11293.657418 -10470.894671  21724.277126    458.780313  5  5  5  58       
PG07  24780.963687   4454.150513  -8688.664748    -27.020604  3  3  3  41       
PG08   7236.367157  13700.263508 -21626.719846   -160.022580  5  8  8  59       
PG09  21895.035217  -3667.793835  14540.206270     45.616474  3  4     30       
PG10 -11218.843096  14557.909683 -18846.786316    -67.692770  6  7  5  43       
PG11   -319.202605 -16417.732564  20910.642485   -524.278959  6  7  5  34       
PG12 -10298.299495 -19915.595065  14013.747837   -463.659774  6  7  6  48       
PG13   4104.947756 -17400.739994 -19772.435419    611.746969  6  5  5  73       
PG14  13698.085625 -10679.755242 -20022.753532    287.394677  5  6  3  61       
PG15  -8836.458821 -13577.352902 -21519.796868    113.007278  6  6  6  39       
PG16   -680.333784  26244.784010   1355.424468   -392.486336  5  5  4  93       
PG17  23097.911976 -13093.345576  -1719.526944    720.814469  4  6  4  66       
PG18 -24100.804924  -3307.421829 -10861.927342   -521.809474  4  7  4  65       
PG19  19600.219930 -16294.388812   6592.322749    420.800481  6  7  5  60       
PG20    320.115711 -24819.122482   9749.631612    393.610660  7  5  6  51       
PG21  16267.358694  15965.504864 -13893.849768    139.714802  6  4  4  51       
PG22  10739.451148 -18408.506065 -15596.983698     55.431009  5  4  4  66       
PG23 -14844.197985    898.137647 -21992.030148    127.319203  6  6  6  33       
PG24 -18159.839961 -15768.877256 -12121.111731   -405.752224  6  6  4  74       
PG25 -15182.076201  -8479.479122  19816.963962    483.758101  5  5  5  58       
PG26  -4664.351901  23193.622262  11553.376058    204.090068  3  5  4  75       
PG27  -6466.092766  19310.377955 -17082.029262      0.257658 11  9  3  90       
PG28 -13986.544876   9630.757143  20395.472556    -86.636860  6  4  7  47       
PG29 -21681.539535    961.559354  15333.308608   -609.206034  3  6  5  65       
PG30  19870.564495  -4691.338432 -17003.647895   -450.432284  5  4  5  59       
PG31  -5487.274349  14274.827132  21492.127992   -227.047847  5  6  3  44       
PG32 -20907.463566  16169.987802   1041.313372   -601.745620  4  5  1  70       
*  2024  1  2  4 15  0.00000000
PG01  21630.812264  13986.410141  -7532.131260    165.074184  3  2  4  42       
PG02  17792.921584  14458.841939 -13105.167404   -506.958363  6  5  2  32       
PG03  11461.725829  20724.884622  11987.943220     97.488446  6  5  6  76       
PG04  12663.292547   9116.151182  21518.465441    255.337335  5  6     63       
PG05  -6310.353105 -25729.674705  -1175.051960   -156.405286  6  3  6  77       
PG06  13496.298664  -9478.458265  20914.013141    458.769015  5  6  5  79       
PG07  25510.654306   5021.480599  -6051.709649    -27.028924  2  3  4  16       
PG08   5311.557025  15194.708191 -21142.630442   -160.024362  4  8  8  76       
PG09  20615.445255  -2403.031415  16522.318813     45.627260  4  4     74       
PG10 -11621.501963  12314.908980 -20171.207351    -67.693981  6  7  5  62       
PG11   1893.611060 -15429.613888  21565.882271   -524.291954  6  7  5  59       
PG12 -10188.517441 -21435.690489  11715.022675   -463.663561  6  7  6  77       
PG13   6032.061965 -18352.654689 -18332.330536    611.750468  6  5  5  57       
PG14  14037.638046  -8348.457225 -20891.892760    287.403994  5  6  2  70       
PG15  -7160.257116 -15217.766652 -21008.991045    113.010490  6  5  6  75       
PG16   -980.138725  25898.265172   4219.401777   -392.479637  5  5  3  93       
PG17  22882.478323 -12687.933185  -4558.323543    720.814199  4  6  4  69       
PG18 -25026.836671  -3911.358562  -8277.518440   -521.818068  4  7  3  53       
PG19  20260.168135 -16404.377209   3779.571071    420.804862  6  7  5  38       
PG20    910.567512 -23700.944367  12186.853005    393.608382  7  5  5  69       
PG21  14553.213116  15575.522275 -15923.320872    139.713491  5  5  4  48       
PG22  10973.753511 -16462.513751 -17423.874111     55.424852  5  4  4  78       
PG23 -15225.480165  -1571.115248 -21708.350638    127.325727  6  7  5  49       
PG24 -16712.327700 -15557.410462 -14312.684065   -405.759039  6  6  5  84       
PG25 -15391.458558 -10729.075609  18570.748318    483.759390  5  5  5  77       
PG26  -5259.231684  21794.868758  13809.990172    204.087058  3  5  5  69       
PG27  -8010.878034  20278.296241 -15128.651104      0.254079 11  9  3  90       
PG28 -16076.345206   8732.804754  19227.117692    -86.646543  7  5  6  37       
PG29 -20196.190101   -176.929495  17255.135941   -609.205660  4  6  4  76       
PG30  21506.238886  -3784.462391 -15177.496180   -450.428230  6  4  5  71       
PG31  -7783.399241  13274.869915  21460.937363   -227.048251  4  6  3  57       
PG32 -21022.525028  15915.899948  -1827.357237   -601.748463  4  5  2  60       
*  2024  1  2  4 30  0.00000000
PG01  20687.953203  13777.723566 -10187.708691    165.074949  4  3  4           
PG02  16108.321000  14222.152101 -15261.050248   -506.953341  5  5  3  54       
PG03  11538.269766  21974.315029   9462.616041     97.512380  5  5  6  75       
PG04  10759.284554  10697.744162  21812.903175    255.346308  5  6     73       
PG05  -6067.205076 -25739.093234   1702.991851   -156.406681  6  3  6  73       
PG06  15646.041270  -8650.912862  19746.869164    458.757705  5  6  5  87       
PG07  25982.313446   5446.266980  -3312.111653    -27.037666  2  4  4  16       
PG08   3517.864612  16737.488343 -20295.257235   -160.027159  4  9  9  75       
PG09  19247.811839   -933.078593  18219.077999     45.637986  5  4     68       
PG10 -12170.353568   9969.799550 -21139.637441    -67.695277  6  7  5  60       
PG11   4205.436758 -14540.167780  21851.067810   -524.304989  6  7  5  71       
PG12 -10127.230247 -22686.021178   9212.539777   -463.667071  6  7  6  68       
PG13   7756.540748 -19309.869824 -16579.321892    611.753765  5  5  4  49       
PG14  14504.698237  -5961.567787 -21399.849407    287.413371  5  6  1  45       
PG15  -5613.567130 -16883.388610 -20150.622437    113.014091  6  5  6  62       
PG16  -1332.425859  25244.177239   7008.199752   -392.472713  5  4  3  83       
PG17  22438.015255 -12075.083413  -7318.606541    720.813118  4  5  4  53       
PG18 -25702.738240  -4360.108686  -5552.051735   -521.826668  4  7  2   9       
PG19  20644.829107 -16363.803206    900.121622    420.809495  5  8  5  49       
PG20   1650.488383 -22368.609240  14416.818604    393.606919  7  5  5  74       
PG21  12603.747682  15226.362724 -17680.156839    139.712380  5  5  4  77       
PG22  11329.567831 -14336.144576 -18944.155848     55.418921  5  4  4  58       
PG23 -15729.439297  -3961.899266 -21051.216452    127.332291  6  7  5  47       
PG24 -15034.200711 -15361.619991 -16268.399507   -405.765861  5  7  5  82       
PG25 -15681.192221 -12803.802874  16999.062055    483.760670  5  5  6  73       
PG26  -5981.092762  20191.062332  15822.737176    204.083997  3  5  5  53       
PG27  -9329.402832  21171.352581 -12914.293058      0.250513 11  9  3  86       
PG28 -18065.570773   7989.717176  17727.168885    -86.656317  7  5  6  49       
PG29 -18612.674735  -1514.821615  18880.156442   -609.204894  5  6  4  71       
PG30  22974.265021  -3032.870994 -13091.103042   -450.424187  6  4  5  48       
PG31 -10099.681475  12402.483777  21054.065495   -227.048499  4  5  3  33       
PG32 -20907.609245  15451.996085  -4664.096524   -601.751315  4  5  3  48       
*  2024  1  2  4 45  0.00000000
PG01  19460.236063  13541.476055 -12673.808330    165.075712  5  3  4  35       
PG02  14181.062223  14033.242074 -17148.138000   -506.948425  4  6  3  57       
PG03  11610.584186  22929.927444   6774.448243     97.536338  5  5  6  79       
PG04   8931.380738  12386.549581  21732.464202    255.355270  5  6  1  37       
PG05  -5726.577808 -25450.991512   4551.505137   -156.408020  6  4  6  88       
PG06  17693.798145  -7988.712473  18242.885098    458.746382  5  6  4  67       
PG07  26176.053913   5758.940897   -516.675659    -27.046006  2  4  4  21       
PG08   1881.942074  18288.674918 -19097.907281   -160.029857  4  9  9  77       
PG09  17835.866282    731.685049  19600.875780     45.648752  5  4     69       
PG10 -12868.505629   7573.658766 -21735.640675    -67.696190  6  7  5  68       
PG11   6572.094620 -13770.869708  21761.170283   -524.318023  6  7  5  66       
PG12 -10079.098071 -23647.432523   6550.340535   -463.670730  5  7  6  54       
PG13   9257.953072 -20231.196795 -14542.503195    611.757244  5  6  4  54       
PG14  15097.707672  -3566.936889 -21538.361868    287.422712  5  6  1  62       
PG15  -4215.750036 -18534.551860 -18957.771024    113.017347  6  4  6  58       
PG16  -1771.693575  24299.249766   9671.796032   -392.465898  5  4  3  93       
PG17  21796.851711 -11233.624751  -9952.183102    720.812473  4  5  4  46       
PG18 -26101.663368  -4682.634925  -2732.030630   -521.835304  4  7  1  41       
PG19  20771.809739 -16138.754082  -1995.194900    420.814131  5  8  5  51       
PG20   2556.135248 -20859.674390  16401.530547    393.605351  6  5  5  72       
PG21  10449.250408  14948.869575 -19131.298192    139.711448  4  5  4  74       
PG22  11822.003893 -12073.450128 -20129.467630     55.413140  6  4  4  75       
PG23 -16336.662277  -6228.574269 -20032.483267    127.338819  5  7  5  45       
PG24 -13150.305478 -15212.832247 -17956.298855   -405.772654  4  7  5  74       
PG25 -16023.255237 -14668.377612  15130.657972    483.761956  5  5  6  84       
PG26  -6844.740918  18421.658814  17556.339910    204.080964  3  5  5  72       
PG27 -10416.491094  21946.139201 -10476.099553      0.246952 11  9  4  75       
PG28 -19908.535603   7394.918328  15921.521952    -86.666051  7  4  5  55       
PG29 -16976.867744  -3044.695169  20180.108097   -609.204706  5  6  3  47       
PG30  24237.290172  -2421.871825 -10780.797227   -450.420154  6  4  5  57       
PG31 -12388.592933  11669.529343  20279.983842   -227.048595  4  5  3           
PG32 -20592.560175  14755.573399  -7419.198385   -601.754152  4  6  3  31       
*  2024  1  2  5  0  0.00000000
PG01  17962.574424  13317.565563 -14949.546821    165.076480  5  4  4  36       
PG02  12043.777189  13923.027034 -18731.548951   -506.943615  4  5  4  78       
PG03  11638.950351  23583.306928   3969.922983     97.560200  4  5  7  51       
PG04   7214.838310  14148.221322  21278.126970    255.364168  5  6  2  56       
PG05  -5254.783921 -24883.268793   7320.964465   -156.409506  6  5  6  71       
PG06  19592.261651  -7483.832447  16427.781415    458.735019  5  6  4  63       
PG07  26079.600963   5993.495126   2287.456968    -27.054724  2  4  4   4       
PG08    423.141768  19805.017289 -17570.051582   -160.032127  5  9  9  77       
PG09  16422.079522   2572.629264  20643.523184     45.659500  5  4  1  45       
PG10 -13710.461760   5177.993981 -21949.543131    -67.697265  6  7  5  75       
PG11   8946.337432 -13135.636500  21297.579239   -524.331049  6  7  5  76       
PG12 -10006.678590 -24309.496308   3774.954999   -463.674182  5  7  5  33       
PG13  10524.086815 -21073.631641 -12255.990148    611.760469  6  6  3  63       
PG14  15807.268690  -1211.681415 -21305.579090    287.432095  5  6     37       
PG15  -2979.089099 -20129.308764 -17448.985902    113.020878  6  4  6  71       
PG16  -2328.476029  23088.802252  12162.240585   -392.459156  5  4  3 100       
PG17  20996.277423 -10150.084440 -12412.564909    720.811800  4  5  4  61       
PG18 -26204.342828  -4912.534473    134.498043   -521.843941  3  7  1  47       
PG19  20666.419400 -15700.700892  -4855.484859    420.819048  4  7  5  64       
PG20   3636.448594 -19215.546277  18107.087400    393.603289  6  5  4  68       
PG21   8127.061353  14768.594096 -20248.401653    139.710616  4  5  3  76       
PG22  12458.322251  -9722.246506 -20957.295519     55.407267  6  5  4  74       
PG23 -17020.733722  -8330.230402 -18670.160237    127.345335  5  7  4           
PG24 -11091.601806 -15137.942622 -19348.676107   -405.779439  4  7  5  77       
PG25 -16384.870086 -16294.616305  12999.279088    483.763247  5  5  5  67       
PG26  -7857.732087  16529.880172  18980.641129    204.077980  4  6  5  67       
PG27 -11275.426143  22560.565634  -7855.493259      0.243386 11 10  5 124       
PG28 -21562.837560   6934.122251  13841.347699    -86.675787  8  4  5  33       
PG29 -15333.839172  -4750.620613  21132.278753   -609.204062  5  6  3  65       
PG30  25263.014126  -1930.329388  -8286.529607   -450.416100  6  4  5  58       
PG31 -14602.282578  11079.702012  19153.563965   -227.048607  3  4  3  39       
PG32 -20112.481876  13811.387983 -10044.224833   -601.757036  4  6  4  45       
*  2024  1  2  5 15  0.00000000
PG01  16217.985093  13143.094983 -16977.565699    165.077240  5  4  4  65       
PG02   9736.098957  13916.758576 -19981.596640   -506.938765  3  6  4  65       
PG03  11583.707149  23935.190538   1097.334815     97.584186  4  6  6  46       
PG04   5638.680740  15943.179177  20457.307370    255.373109  4  5  2  62       
PG05  -4622.765787 -24061.705281   9963.043841   -156.410962  6  6  7  82       
PG06  21297.574424  -7120.222517  14332.528466    458.723674  5  5  4  79       
PG07  25688.686331   6185.987375   5053.547593    -27.063057  2  4  4  56       
PG08   -847.098709  21241.530130 -15737.070542   -160.032688  5  9 10  72       
PG09  15046.058145   4563.385301  21328.694242     45.670262  5  4  2  50       
PG10 -14682.281716   2832.879107 -21778.556107    -67.698780  6  6  5  77       
PG11  11279.478596 -12640.351695  20468.089507   -524.344073  6  6  5  85       
PG12  -9872.065456 -24670.744115    934.553380   -463.677765  5  7  5  44       
PG13  11551.271270 -21794.032837  -9758.399008    611.763841  5  6  3  66       
PG14  16616.473108   1059.439717 -20706.055621    287.441426  5  6     71       
PG15  -1908.448844 -21624.876199 -15648.094601    113.024414  6  4  6  69       
PG16  -3027.866442  21645.800109  14434.633169   -392.452312  5  5  3  89       
PG17  20077.071410  -8819.498566 -14655.843716    720.810913  4  5  4  62       
PG18 -25999.828938  -5086.559857   2998.738889   -521.852519  3  7  1  55       
PG19  20360.496749 -15027.770372  -7630.742333    420.823708  4  7  5  66       
PG20   4892.518467 -17479.977350  19504.249889    393.601803  6  4  4  84       
PG21   5680.439123  14704.610872 -21008.550574    139.709023  3  5  4  82       
PG22  13237.452715  -7332.397307 -21411.511676     55.401456  6  5  4  73       
PG23 -17749.286028 -10232.047374 -16988.068336    127.351800  4  7  4  78       
PG24  -8894.198052 -15158.352425 -20422.467891   -405.786242  3  7  5  99       
PG25 -16729.913099 -17662.286240  10642.969812    483.764514  5  5  5  47       
PG26  -9019.909211  14561.095274  20071.143365    204.074952  4  6  5  31       
PG27 -11917.699201  22975.576220  -5097.504526      0.239564 11 10  5  64       
PG28 -22990.876099   6586.049562  11522.549630    -86.685545  8  4  4  63       
PG29 -13726.185454  -6608.574762  21719.919574   -609.203772  5  6  2  88       
PG30  26025.331617  -1531.693071  -5651.173872   -450.412039  6  4  5  23       
PG31 -16694.271833  10628.559843  17695.714206   -227.048802  3  4  4  11       
PG32 -19506.263262  12612.469989 -12492.911589   -601.759884  5  6  5  63       
*  2024  1  2  5 30  0.00000000
PG01  14256.856914  13050.902077 -18724.557298    165.078018  4  4  4  72       
PG02   7303.321864  14032.850274 -20874.474587   -506.933620  3  6  4  74       
PG03  11406.940843  23995.295066  -1794.043019     97.608202  4  6  6  37       
PG04   4224.722207  17728.005242  19283.759104    255.382040  4  5  2  73       
PG05  -3807.459018 -23018.961025  12431.492994   -156.412725  5  6  7  93       
PG06  22770.878825  -6874.571804  11992.832367    458.712306  5  5  3  72       
PG07  25007.158652   6373.001729   7735.958478    -27.071811  2  5  4  44       
PG08  -1925.562476  22553.180766 -13629.883387   -160.034068  6  8  9  69       
PG09  13743.061160   6670.666286  21644.267267     45.681022  5  5  2  70       
PG10 -15762.093597    585.169683 -21226.759554    -67.699411  6  6  5  69       
PG11  13523.082737 -12282.711596  19286.779939   -524.357103  6  6  4  87       
PG12  -9638.532439 -24738.562139  -1921.909200   -463.681530  6  7  5  41       
PG13  12344.374922 -22350.835171  -7092.234185    611.767207  5  6  3  70       
PG14  17501.532878   3205.547986 -19750.635805    287.450772  5  6     69       
PG15  -1001.204104 -22979.143009 -13583.933993    113.027687  6  3  6  71       
PG16  -3888.265256  20009.594381  16448.043807   -392.445765  5  5  3  73       
PG17  19081.878175  -7245.900387 -16641.551909    720.810623  5  6  4  34       
PG18 -25485.938029  -5243.024205   5811.952364   -521.861129  3  7  1  41       
PG19  19890.994574 -14105.745240 -10272.763485    420.828211  3  7  5  36       
PG20   6317.350439 -15697.483648  20568.935741    393.600499  5  4  4  83       
PG21   3157.154496  14768.570809 -21394.903176    139.708186  2  5  4  64       
PG22  14149.865935  -4953.994666 -21482.788523     55.395591  6  5  5  45       
PG23 -18485.285090 -11906.415838 -15015.405777    127.358281  4  7  4  57       
PG24  -6598.211809 -15289.108013 -21159.590880   -405.793021  3  7  6  83       
PG25 -17020.446463 -18759.638789   8103.330104    483.765765  5  5  5  76       
PG26 -10323.262764  12561.133916  20809.427217    204.071929  4  6  4  37       
PG27 -12362.428732  23156.786434  -2250.005992      0.235930 11 10  6  95       
PG28 -24161.194058   6323.422704   9005.139433    -86.695337  8  4  3  39       
PG29 -12192.463099  -8587.175652  21932.557530   -609.203488  5  5  2  86       
PG30  26505.244649  -1195.225313  -2919.793032   -450.407967  5  4  5  37       
PG31 -18621.081600  10303.881310  15932.916000   -227.048875  3  4  4  35       
PG32 -18814.954159  11160.615074 -14722.041003   -601.762747  5  6  5  71       
*  2024  1  2  5 45  0.00000000
PG01  12115.969063  13068.256791 -20161.734769    165.078837  4  5  4  81       
PG02   4794.808428  14281.984626 -21392.832227   -506.928573  3  6  5  68       
PG03  11074.103844  23781.814052  -4654.795213     97.632168  5  7  6  77       
PG04   2986.875760  19457.005177  17777.363236    255.390918  4  4  2  72       
PG05  -2792.926758 -21793.308846  14682.988114   -156.413704  5  7  6  86       
PG06  23979.687682  -6717.356547   9448.544966    458.700923  4  4  3  66       
PG07  24046.814940   6590.122563  10290.805421    -27.080367  3  5  3  45       
PG08  -2817.232785  23696.611528 -11284.462850   -160.036164  7  6  9 100       
PG09  12542.696432   8855.365612  21584.555910     45.691825  5  5  2  67       
PG10 -16920.932355  -1523.131903 -20304.950959    -67.700782  6  6  5  59       
PG11  15630.655114 -12052.398417  17773.785119   -524.370148  6  5  4  78       
PG12  -9272.118754 -24528.758365  -4745.538515   -463.684847  6  6  5  52       
PG13  12916.473695 -22705.733346  -4303.191541    611.770662  5  6  4  63       
PG14  18432.686146   5191.008278 -18456.231647    287.460078  5  6  1  85       
PG15   -247.447783 -24152.189063 -11289.998624    113.031165  5  3  6  83       
PG16  -4920.412057  18224.398974  18166.349050   -392.438969  5  5  3  82       
PG17  18053.494592  -5442.456429 -18333.486500    720.810095  5  6  4  46       
PG18 -24669.374790  -5420.151048   8526.257130   -521.869765  3  6  2  75       
PG19  19298.385370 -12928.755125 -12736.005242    420.833262  3  7  5  62       
PG20   7895.942112 -13911.741424  21282.635777    393.598610  5  4  3  89       
PG21    607.855147  14964.045912 -21397.250316    139.707464  3  5  5  71       
PG22  15177.811837  -2635.515429 -21168.870623     55.389810  5  5  5  14       
PG23 -19188.500954 -13333.781106 -12786.229460    127.364743  4  7  4  40       
PG24  -4246.492138 -15538.270882 -21547.225127   -405.799812  3  7  6  84       
PG25 -17218.309029 -19583.612599   5424.731307    483.767014  5  5  4  65       
PG26 -11752.118298  10574.604674  21183.441453    204.068821  4  6  4  47       
PG27 -12635.467170  23075.967903    637.135957      0.232309 11 10  6  71       
PG28 -25049.591859   6114.200355   6332.541398    -86.705136  8  4  3  20       
PG29 -10765.786587 -10648.712035  21766.200001   -609.203052  5  5  2  68       
PG30  26691.513850   -887.381130   -138.883907   -450.404002  5  4  5  68       
PG31 -20343.729266  10086.330947  13896.674796   -227.048933  3  3  5  57       
PG32 -18080.059616   9466.528346 -16692.261698   -601.765595  5  6  6  74       
*  2024  1  2  6  0  0.00000000
PG01   9837.292547  13215.768594 -21265.244423    165.079673  4  5  5  84       
PG02   2262.206787  14666.548497 -21526.219398   -506.923647  4  6  5  77       
PG03  10555.501317  23320.606903  -7436.191323     97.656155  5  7  6  61       
PG04   1930.773128  21083.875159  15963.808647    255.399851  4  5  2  34       
PG05  -1571.215717 -20427.150391  16677.936518   -156.415269  5  6  6  92       
PG06  24899.025388  -6614.130990   6743.006313    458.689526  4  3  3  62       
PG07  22826.966135   6870.472169  12676.562439    -27.088755  3  5  4  34       
PG08  -3534.941428  24631.827944  -8741.239651   -160.037632  7  5  8  95       
PG09  11467.848784  11073.891709  21150.424541     45.702653  4  5  4  52       
PG10 -18123.865543  -3456.297570 -19030.368250    -67.701837  5  5  5  84       
PG11  17559.265687 -11931.574392  15954.962929   -524.383146  6  4  4  78       
PG12  -8743.095291 -24064.825307  -7488.323106   -463.688494  6  6  5  31       
PG13  13288.197825 -22825.268145  -1439.386649    611.773756  5  6  4  64       
PG14  19375.341829   6986.582382 -16845.500492    287.469382  5  5  2  56       
PG15    369.522784 -25107.762428  -8804.003122    113.034541  5  2  6  42       
PG16  -6126.746809  16337.572571  19558.959535   -392.432237  5  6  3  96       
PG17  17033.137241  -3431.233997 -19700.473706    720.809319  5  6  3  38       
PG18 -23565.533890  -5654.430663  11095.418836   -521.878379  2  6  2  40       
PG19  18624.956322 -11499.634512 -14978.371778    420.838055  3  7  5  46       
PG20   9605.669495 -12164.022101  21632.744164    393.596786  5  5  3  76       
PG21  -1915.739521  15286.210596 -21012.453549    139.705977  4  5  5  69       
PG22  16295.921278   -422.033200 -20474.690741     55.383831  5  5  5  77       
PG23 -19817.106381 -14503.180214 -10338.862301    127.371215  3  6  4  17       
PG24  -1883.243653 -15906.541105 -21578.040464   -405.806601  3  7  6  86       
PG25 -17286.702300 -20139.707850   2653.511244    483.768273  5  5  4  64       
PG26 -13283.640074   8643.285561  21187.662279    204.065802  4  6  3  82       
PG27 -12768.226001  22712.315644   3512.977156      0.228668 11 10  7  78       
PG28 -25639.971361   5923.002047   3550.838146    -86.714916  8  3  3  46       
PG29  -9472.645643 -12750.429523  21223.426340   -609.202728  5  5  3  51       
PG30  26581.027911   -573.285695   2644.388812   -450.399966  5  4  5  53       
PG31 -21829.041360   9950.399469  11622.901091   -227.049234  3  3  5  61       
PG32 -17341.823699   7549.611937 -18368.835314   -601.768461  5  6  6  19       
*  2024  1  2  6 15  0.00000000
PG01   7466.614770  13506.539851 -22016.518446    165.080518  4  5  5  96       
PG02   -242.445868  15180.429617 -21271.380192   -506.918870  4  6  5  57       
PG03   9827.590332  22644.113919 -10090.990359     97.680126  6  8  7  62       
PG04   1053.712133  22563.410454  13874.167178    255.408707  4  5  1  55       
PG05   -142.895923 -18965.374161  18381.217218   -156.416074  5  6  6  86       
PG06  25512.296660  -6527.012843   3922.329037    458.678158  3  3  4  51       
PG07  21373.757080   7243.359033  14854.617587    -27.097561  3  5  4  63       
PG08  -4098.695570  25323.782846  -6044.404831   -160.038924  7  6  8  76       
PG09  10533.882652  13279.687837  20349.284755     45.713502  3  5  4  65       
PG10 -19331.356181  -5186.028294 -17426.298062    -67.702796  5  5  4  78       
PG11  19271.045807 -11895.678327  13861.462614   -524.396221  6  3  3  73       
PG12  -8027.257909 -23376.932219 -10103.919717   -463.692037  7  6  4  43       
PG13  13486.778702 -22682.249866   1449.480044    611.777196  4  5  4  44       
PG14  20291.417160   8570.331505 -14946.430061    287.478693  5  6  2  49       
PG15    872.450785 -25814.659755  -6167.356807    113.037820  5  2  6  52       
PG16  -7501.129866  14397.782103  20601.418307   -392.425232  5  6  4  66       
PG17  16058.763725  -1242.599742 -20717.050915    720.809124  6  6  3  49       
PG18 -22197.985879  -5979.044706  13475.614011   -521.887028  2  5  3  46       
PG19  17913.064913  -9829.938759 -16961.915500    420.842823  3  7  5  61       
PG20  11416.971329 -10491.723935  21612.796497    393.595206  5  5  4  75       
PG21  -4362.740871  15721.890839 -20244.735298    139.704996  4  5  5  61       
PG22  17472.149437   1646.433607 -19412.321686     55.377835  4  5  5  35       
PG23 -20329.342153 -15412.454979  -7715.236922    127.377754  4  6  4  55       
PG24    447.403843 -16387.149529 -21250.362122   -405.813372  3  7  6  74       
PG25 -17191.710743 -20441.545337   -162.835409    483.769484  5  5  4  62       
PG26 -14888.626461   6804.651817  20823.122817    204.062833  4  6  2  57       
PG27 -12796.263903  22053.438375   6326.459627      0.225077 11 10  7  10       
PG28 -25924.877157   5712.666661    707.971174    -86.724691  8  4  3  28       
PG29  -8331.988800 -14846.024959  20313.363282   -609.202523  5  6  3  40       
PG30  26178.880549   -218.254112   5382.958064   -450.395940  5  5  5  24       
PG31 -23050.736603   9865.575556   9151.236932   -227.049318  3  3  5  59       
PG32 -16637.574934   5437.402966 -19722.292469   -601.771344  6  6  6  42       
*  2024  1  2  6 30  0.00000000
PG01   5052.032139  13945.593979 -22402.565588    165.081362  4  5  5  68       
PG02  -2668.650417  15809.189636 -20632.381826   -506.913849  5  6  5  70       
PG03   8874.044056  21790.040540 -12574.211436     97.704102  6  8  7  64       
PG04    344.934909  23853.189237  11544.369430    255.417580  3  6     54       
PG05   1482.740836 -17453.621677  19762.840443   -156.418006  5  6  5  81       
PG06  25811.850035  -6416.307381   1034.634920    458.666801  1  3  4  10       
PG07  19719.267549   7733.078624  16789.779998    -27.106014  3  5  4  55       
PG08  -4534.706633  25743.788853  -3241.121633   -160.039728  7  8  7  63       
PG09   9748.151231  15424.877743  19194.972280     45.724286  3  5  5  55       
PG10 -20500.804203  -6692.302205 -15521.582707    -67.704884  5  6  4  69       
PG11  20734.500041 -11914.494289  11529.199743   -524.409298  5  2  2  50       
PG12  -7107.001992 -22500.689550 -12548.391747   -463.695378  7  6  4  31       
PG13  13544.829967 -22256.958603   4313.006546    611.780418  4  5  4   5       
PG14  21140.815906   9928.236334 -12791.839519    287.488018  4  6  2  48       
PG15   1289.116456 -26247.955353  -3424.550691    113.041049  5  2  6  61       
PG16  -9028.932613  12453.130151  21275.854397   -392.418211  5  7  4  68       
PG17  15163.521769   1085.734125 -21364.043673    720.808158  6  6  4  26       
PG18 -20597.665791  -6422.418503  15626.157971   -521.895671  2  5  3  63       
PG19  17203.425703  -7939.623468 -18653.442640    420.847759  3  7  5  56       
PG20  13294.308296  -8927.055715  21222.610339    393.593601  4  5  4  77       
PG21  -6685.007407  16249.995545 -19105.796207    139.703783  5  5  5  41       
PG22  18669.022101   3536.362666 -18000.761501     55.371943  4  5  5  18       
PG23 -20685.186081 -16068.135810  -4960.186687    127.384262  4  6  4  38       
PG24   2702.833944 -16966.026562 -20568.270849   -405.820180  4  7  6  89       
PG25 -16903.700467 -20510.135317  -2976.457356    483.770693  5  5  3  71       
PG26 -16532.561006   5090.597751  20097.317267    204.059803  4  6  2  60       
PG27 -12757.695008  21096.023393   9027.400860      0.221410 11 10  8  28       
PG28 -25905.714928   5445.883279  -2147.089552    -86.734451  8  4  4  26       
PG29  -7354.609891 -16887.291928  19051.543186   -609.202382  5  7  2  44       
PG30  25498.154779    210.703021   8030.609292   -450.391892  4  5  5  30       
PG31 -23990.244304   9797.699352   6524.342667   -227.049915  3  3  5  67       
PG32 -16000.203082   3164.684039 -20728.982513   -601.774213  6  6  6  36       
*  2024  1  2  6 45  0.00000000
PG01   2642.359817  14529.599027 -22416.196815    165.082158  5  5  6  75       
PG02  -4969.316541  16530.610571 -19620.570189   -506.908923  5  5  5  78       
PG03   7686.542682  20799.861826 -14843.860061     97.728075  6  8  7  81       
PG04   -213.773016  24915.165485   9014.589347    255.426478  3  7  1  76       
PG05   3287.834630 -15936.532408  20798.510887   -156.419117  5  6  5  76       
PG06  25799.214218  -6242.208836  -1870.745152    458.655416     3  4  54       
PG07  17900.426205   8357.902890  18450.738791    -27.114469  4  5  4  71       
PG08  -4874.158516  25870.697430   -380.662158   -160.041529  6  9  6  68       
PG09   9109.831710  17461.972704  17707.506006     45.735128  3  5  5  41       
PG10 -21588.202423  -7963.889425 -13350.040574    -67.706827  5  6  4  37       
PG11  21925.582368 -11953.451351   8998.246251   -524.422364  5  1  1  43       
PG12  -5972.141779 -21475.735316 -14780.892174   -463.698940  7  6  4  80       
PG13  13498.909181 -21538.068601   7101.004138    611.783875  3  5  4  54       
PG14  21882.990243  11054.514068 -10418.806167    287.497332  4  7  2  20       
PG15   1651.116067 -26390.026960   -622.459791    113.044359  5  3  6  51       
PG16 -10687.492454  10549.329461  21571.281813   -392.411506  4  7  5  61       
PG17  14374.396383   3509.982246 -21629.017322    720.807068  6  6  4  22       
PG18 -18801.793619  -7006.955923  17510.185954   -521.904312  3  6  4  57       
PG19  16533.495138  -5856.405875 -20025.016849    420.852385  3  6  4  59       
PG20  15197.363606  -7495.922808  20468.323910    393.591500  4  5  4  73       
PG21  -8838.984902  16842.324722 -17614.740428    139.703105  5  4  5  65       
PG22  19845.130441   5221.891961 -16265.555872     55.365885  3  4  5  59       
PG23 -20847.963070 -16485.002987  -2120.695373    127.390784  5  7  4  65       
PG24   4843.342657 -17622.247247 -19541.631937   -405.826963  4  7  6  73       
PG25 -16398.546977 -20372.890586  -5739.925471    483.771934  5  5  4  29       
PG26 -18176.873359   3526.399907  19023.987062    204.056801  4  6  3  56       
PG27 -12691.484233  19846.141271  11567.483325      0.217743 11 10  8  25       
PG28 -25592.639072   5086.830192  -4965.192192    -86.744220  8  4  4           
PG29  -6542.862274 -18825.853824  17459.646422   -609.202074  5  7  2  31       
PG30  24559.424503    743.443401  10542.715266   -450.387852  4  5  5           
PG31 -24637.234000   9710.442823   3787.157725   -227.049846  4  4  5  38       
PG32 -15456.831111    772.302803 -21371.504639   -601.777121  5  6  5  34       
*  2024  1  2  7  0  0.00000000
PG01    285.510727  15246.898783 -22056.182263    165.082969  5  5  5  94       
PG02  -7102.491517  17315.592450 -18254.350423   -506.904030  6  5  6  85       
PG03   6265.263164  19717.203931 -16861.600690     97.752019  7  8  7  69       
PG04   -647.185654  25717.107748   6328.547846    255.435370  4  8  2  72       
PG05   5246.458811 -14456.039375  21470.081699   -156.420196  5  6  4  81       
PG06  25484.997355  -5966.514493  -4744.095892    458.644054     3  4  51       
PG07  15957.773706   9129.288569  19810.474529    -27.123249  3  5  4  76       
PG08  -5151.764865  25691.791689   2486.512797   -160.043699  5  9  5  83       
PG09   8610.092929  19345.572752  15912.733409     45.745941  3  4  5  63       
PG10 -22549.840381  -8998.521076 -10949.815352    -67.708450  5  7  4  36       
PG11  22828.494849 -11975.104112   6312.145405   -524.435422  4  2     66       
PG12  -4620.448044 -20344.197876 -16764.284152   -463.702350  7  6  3  58       
PG13  13387.916771 -20523.254379   9764.424672    611.787209  3  5  4  39       
PG14  22478.526780  11951.623358  -7868.028042    287.506654  4  7  2           
PG15   1992.464658 -26231.330976   2190.432980    113.047836  5  4  6  36       
PG16 -12446.908522   8728.004076  21483.740060   -392.405013  4  7  5  70       
PG17  13711.117931   5981.827274 -21506.586185    720.806778  7  6  4  23       
PG18 -16852.565706  -7748.005351  19095.277094   -521.912890  4  6  5  67       
PG19  15936.015031  -3614.838669 -21054.357270    420.857079  3  6  3  62       
PG20  17082.441959  -6217.058869  19362.329920    393.590094  4  5  4  67       
PG21 -10787.378664  17464.727740 -15797.797500    139.702369  5  4  6  65       
PG22  20956.807159   6685.655036 -14238.267947     55.360022  2  4  5  55       
PG23 -20785.836203 -16685.343874    754.883002    127.397251  5  7  5  77       
PG24   6833.449678 -18328.743653 -18186.046982   -405.833780  5  7  6  90       
PG25 -15658.650711 -20062.425941  -8406.980177    483.773148  5  5  4  25       
PG26 -19780.356882   2129.957622  17622.798697    204.053795  3  6  3  60       
PG27 -12635.703576  18319.171692  13901.217810      0.214101 10 10  8  35       
PG28 -25004.114664   4602.757666  -7697.850859    -86.754009  8  4  5  55       
PG29  -5890.712614 -20614.916950  15565.131518   -609.201510  4  7  2  54       
PG30  23389.992950   1405.378276  12876.942075   -450.383784  4  6  5  42       
PG31 -24989.843347   9566.859502    986.147967   -227.050216  4  4  5  82       
PG32 -15027.737441  -1694.250283 -21639.011393   -601.780020  5  6  5  51       
*  2024  1  2  7 15  0.00000000
PG01  -1973.102296  16077.854285 -21327.335113    165.083785  5  4  5  85       
PG02  -9032.867997  18129.361914 -16558.797967   -506.898932  6  4  6  89       
PG03   4619.050892  18586.163020 -18593.367342     97.775973  7  8  7  82       
PG04   -985.476576  26233.826213   3532.747736    255.444251  4  8  3  60       
PG05   7325.450130 -13049.785399  21765.888920   -156.421402  5  6  4  88       
PG06  24888.451737  -5554.285922  -7536.154332    458.632701  3  3  4  41       
PG07  13934.114584  10051.328028  20846.623597    -27.131685  3  5  4  70       
PG08  -5404.175474  25203.351912   5309.709657   -160.045092  4  9  5  90       
PG09   8232.588320  21033.994959  13841.869042     45.756778  3  4  5  59       
PG10 -23343.989609  -9802.713717  -8362.669583    -67.709885  5  7  4  87       
PG11  23436.177362 -11940.736270   3517.163130   -524.448391  4  3     64       
PG12  -3057.888228 -19149.092380 -18465.694114   -463.706049  7  7  3  35       
PG13  13251.397192 -19219.449019  12256.279840    611.790539  3  4  4  75       
PG14  22890.696878  12629.959636  -5183.133277    287.515935  4  7  3  51       
PG15   2348.073438 -25770.887388   4964.881380    113.051555  5  4  6  69       
PG16 -14271.138852   7025.188727  21016.278084   -392.398085  4  8  5  83       
PG17  13185.382845   8450.165758 -20998.567447    720.806077  7  7  5  36       
PG18 -14795.664594  -8653.097141  20354.011288   -521.921516  4  7  5  88       
PG19  15437.767060  -1255.136643 -21725.130248    420.861997  4  7  3  28       
PG20  18904.015776  -5101.437843  17923.102971    393.588201  3  5  4  44       
PG21 -12500.571033  18078.563773 -13687.839148    139.701226  6  4  6  83       
PG22  21959.907858   7919.251212 -11955.811623     55.354089  2  3  5  67       
PG23 -20473.123440 -16697.935320   3617.622633    127.403755  5  8  5  71       
PG24   8643.074603 -19053.266575 -16522.721918   -405.840579  5  6  5  75       
PG25 -14673.707884 -19615.191928 -10933.239381    483.774350  5  5  4  84       
PG26 -21300.684996    911.334818  15918.924614    204.050805  3  7  3  58       
PG27 -12625.826353  16539.349424  15986.854023      0.210463 10 10  8           
PG28 -24166.171458   3965.452431 -10298.079840    -86.763745  8  4  5  36       
PG29  -5384.132405 -22210.974788  13400.759052   -609.201121  4  7  3  62       
PG30  22022.896395   2216.326653  14993.918094   -450.379725  4  6  5  40       
PG31 -25054.602219   9330.945636  -1831.449224   -227.050633  4  4  5  78       
PG32 -14725.572173  -4186.446602 -21527.379244   -601.782872  4  6  5  52       
*  2024  1  2  7 30  0.00000000
PG01  -4092.086777  16995.489087 -20240.517444    165.084603  6  4  5  77       
PG02 -10733.002801  18932.935628 -14565.112340   -506.894023  6  4  6  86       
PG03   2765.267842  17449.623616 -20009.905020     97.799917  7  7  7  92       
PG04  -1262.841989  26448.138544    675.653972    255.453122  4  8  4  65       
PG05   9485.534328 -11749.724818  21680.959144   -156.422484  5  6  4  76       
PG06  24036.718969  -4975.393238 -10198.945312    458.621357  4  3  4  52       
PG07  11873.100184  11120.459700  21541.795198    -27.140079  3  6  4  77       
PG08  -5668.299614  24410.867011   8038.970821   -160.046353  4  9  5  61       
PG09   7954.253647  22490.764559  11530.935097     45.767607  4  3  5  65       
PG10 -23932.506659 -10391.263517  -5633.237672    -67.711353  6  7  4  40       
PG11  23750.468954 -11812.024456    661.488549   -524.461444  4  3     63       
PG12  -1298.563606 -17932.708982 -19856.993497   -463.709473  7  7  3  39       
PG13  13127.812694 -17642.739598  14532.531187    611.793837  2  5  4  69       
PG14  23086.913213  13107.254681  -2409.947361    287.525235  4  8  2  58       
PG15   2752.161058 -25016.444452   7651.774798    113.054780  5  5  6  70       
PG16 -16119.346819   5470.086835  20178.788859   -392.391604  4  8  5  65       
PG17  12800.424443  10862.983631 -20113.972193    720.805698  7  7  5  66       
PG18 -12678.641883  -9721.483278  21264.449604   -521.930090  5  6  5  64       
PG19  15058.580853   1178.195614 -22027.136110    420.866934  4  6  3           
PG20  20616.361118  -4151.990664  16174.920658    393.586628  2  6  5  60       
PG21 -13957.708181  18642.397236 -11323.700058    139.700289  6  3  6  68       
PG22  22811.616805   8923.333047  -9459.669321     55.348201     2  5  54       
PG23 -19891.391110 -16556.790336   6418.831035    127.410236  5  8  6  79       
PG24  10248.533160 -19759.569287 -14578.245040   -405.847443  6  6  5  38       
PG25 -13441.213562 -19069.994652 -13276.860723    483.775539  6  4  4 100       
PG26 -22695.966107   -127.385736  13942.539686    204.047805  3  7  4  42       
PG27 -12693.135582  14538.947466  17787.213098      0.206805 10  9  8  34       
PG28 -23111.379446   3152.526592 -12721.199755    -86.773514  8  4  5   3       
PG29  -5001.811853 -23575.396368  11004.017642   -609.200817  4  7  3  44       
PG30  20495.709329   3189.579907  16857.858263   -450.375694  4  6  5  56       
PG31 -24846.061365   8969.156143  -4618.372330   -227.050728  5  4  5  76       
PG32 -14554.897808  -6654.439768 -21039.244701   -601.785758  3  7  4  63       
*  2024  1  2  7 45  0.00000000
PG01  -6035.459749  17966.421697 -18812.562782    165.085378  6  4  5  78       
PG02 -12184.193782  19684.769872 -12309.932069   -506.889100  6  3  6  68       
PG03    729.323205  16347.637907 -21087.235641     97.823795  7  7  7  87       
PG04  -1515.961911  26351.535265  -2193.165268    255.462030  5  8  5  78       
PG05  11682.701421 -10580.967435  21217.086428   -156.423868  5  6  4  64       
PG06  22963.782772  -4205.882116 -12686.602137    458.610009  5  3  3  46       
PG07   9817.786741  12325.448343  21883.839689    -27.148586  3  5  5  89       
PG08  -5979.618476  23328.880944  10626.032352   -160.047884  3  8  6  66       
PG09   7746.376774  23685.910222   9020.115101     45.778449  4  2  5  73       
PG10 -24282.295281 -10786.436267  -2808.252646    -67.712590  6  7  4  66       
PG11  23781.934070 -11552.696736  -2205.602236   -524.474493  4  3     64       
PG12    635.651586 -16735.049911 -20915.206246   -463.712913  7  7  3           
PG13  13052.862343 -15817.900356  16552.929599    611.797391  3  5  4  78       
PG14  23040.038398  13407.704884    404.270268    287.534603  4  7  2  71       
PG15   3236.664051 -23984.305496  10203.073624    113.057883  5  5  6  75       
PG16 -17947.434919   4084.133593  18987.706317   -392.384930  4  8  5  85       
PG17  12550.954676  13169.278942 -18868.831792    720.804970  7  7  5  59       
PG18 -10549.233734 -10943.999085  21810.529557   -521.938707  5  6  5  43       
PG19  14810.627419   3637.881122 -21956.394197    420.871585  5  6  3  65       
PG20  22175.221373  -3363.639668  14147.480376    393.584962     6  5  49       
PG21 -15147.397231  19113.845519  -8749.322542    139.699642  6  2  6           
PG22  23472.196182   9707.312228  -6795.019056     55.342376  1  2  5  53       
PG23 -19030.283528 -16299.716427   9110.849308    127.416739  6  8  6  58       
PG24  11633.312524 -20408.776884 -12384.269476   -405.854262  6  6  5  69       
PG25 -11966.683367 -18466.455495 -15399.153342    483.776805  6  4  4 108       
PG26 -23926.277240   -991.936806  11728.246437    204.044793  2  7  4  47       
PG27 -12863.317674  12357.131882  19270.419057      0.203157  9  9  7           
PG28 -21877.586209   2148.480698 -14925.601869    -86.783280  8  4  6  56       
PG29  -4716.167540 -24675.835688   8416.462458   -609.200597  3  7  3  54       
PG30  18849.193910   4331.210934  18437.136382   -450.371612  3  6  5  58       
PG31 -24386.143594   8451.821941  -7328.067106   -227.051135  5  4  5  55       
PG32 -14512.070540  -9048.830939 -20183.908010   -601.788610  3  6  4  98       
*  2024  1  2  8  0  0.00000000
PG01  -7773.854780  18952.058610 -17066.109967    165.086159  6  4  5  98       
PG02 -13376.979689  20342.519210  -9834.534219   -506.884028  6  2  6  77       
PG03  -1456.096460  15315.924984 -21807.043012     97.847701  7  6  7  86       
PG04  -1782.361370  25944.517451  -5023.920057    255.470953  5  8  5  95       
PG05  13869.774402  -9560.910878  20382.777825   -156.425272  5  6  4  81       
PG06  21709.167893  -3229.109416 -14956.158577    458.598669  5  4  3  34       
PG07   7809.213745  13647.638186  21866.065860    -27.157266  3  5  5  68       
PG08  -6370.559876  21980.479676  13025.246783   -160.048829  3  8  6  61       
PG09   7575.895594  24597.012863   6353.033670     45.789195  4  2  5  68       
PG10 -24366.576017 -11016.889599     64.240051    -67.714400  6  7  4  34       
PG11  23549.360123 -11130.120192  -5034.604149   -524.487543  4  3     60       
PG12   2715.754436 -15592.369810 -21622.840012   -463.716256  7  7  3  55       
PG13  13057.917804 -13777.580220  18281.783872    611.800949  3  5  4  81       
PG14  22729.497192  13560.862422   3211.608808    287.543846  4  7  3  78       
PG15   3829.715242 -22698.814440  12572.759288    113.061572  5  4  5  85       
PG16 -19709.697851   2880.395195  17465.579878   -392.378464  4  8  5  79       
PG17  12423.479603  15320.946662 -17285.863901    720.804144  7  8  5  65       
PG18  -8453.671732 -12303.255040  21982.367434   -521.947314  5  6  5  57       
PG19  14698.018401   6075.475715 -21515.130633    420.876333  5  7  3  45       
PG20  23539.434631  -2723.651511  11875.415876    393.583111     6  5  56       
PG21 -16067.976363  19451.486155  -6012.754884    139.698090  6  2  6  63       
PG22  23906.602229  10288.703577  -4009.797994     55.336366  1  2  5  48       
PG23 -17888.057634 -15966.739686  11647.836162    127.423256  6  9  6  86       
PG24  12788.590640 -20960.895957  -9977.095981   -405.861081  6  5  4  55       
PG25 -10263.589691 -17843.465012 -17265.135531    483.778003  6  4  4  73       
PG26 -24955.119051  -1695.402601   9314.442241    204.041788  1  7  4  78       
PG27 -13155.303881  10038.538456  20410.509852      0.199550  8  9  7  44       
PG28 -20506.465238    945.499513 -16873.457707    -86.793025  7  3  6  26       
PG29  -4494.603350 -25487.406386   5682.978717   -609.199977  4  7  4  63       
PG30  17125.841787   5639.653724  19704.798494   -450.367543  3  6  5  25       
PG31 -23703.244133   7754.419781  -9915.394736   -227.051303  5  4  5  78       
PG32 -14585.463422 -11322.407392 -18977.109892   -601.791454  3  7  5  74       
*  2024  1  2  8 15  0.00000000
PG01  -9285.499970  19910.011447 -15029.343415    165.086931  6  4  5 102       
PG02 -14311.247387  20864.823362  -7183.945520   -506.878852  6  1  6  62       
PG03  -3752.070022  14384.544548 -22156.972149     97.871628  6  5  7  92       
PG04  -2098.737819  25236.592737  -7767.485477    255.479787  6  8  6 107       
PG05  15998.107239  -8698.694984  19193.070235   -156.425975  5  5  4  83       
PG06  20316.433598  -2036.601589 -16968.298397    458.587366  6  3  3  52       
PG07   5885.047959  15061.474766  21487.403459    -27.165582  3  5  5  86       
PG08  -6869.005520  20396.440639  15194.448267   -160.050313  2  7  6  72       
PG09   7406.871222  25209.967425   3575.976657     45.800017  4  2  4  50       
PG10 -24165.919865 -11116.372208   2935.669727    -67.716077  7  7  4  80       
PG11  23078.945846 -10516.754444  -7776.647350   -524.500573  4  3     76       
PG12   4906.517301 -14535.869585 -21968.139457   -463.719700  7  7  3  59       
PG13  13168.642836 -11561.176632  19688.639626    611.804367  3  5  5  77       
PG14  22142.151138  13600.331886   5964.296347    287.553108  4  7  3  24       
PG15   4554.259024 -21191.512214  14717.774231    113.065153  5  4  5  88       
PG16 -21360.524359   1863.319253  15640.544251   -392.371699  4  8  5  85       
PG17  12396.973176  17274.542272 -15393.988262    720.803290  7  8  5  82       
PG18  -6435.052677 -13774.154482  21776.460881   -521.955962  5  6  5  63       
PG19  14716.720261   8443.002375 -20711.674164    420.881147  6  7  4  65       
PG20  24672.461053  -2212.296876   9397.719816    393.581584     5  4  54       
PG21 -16727.345323  19616.726742  -3165.041136    139.697172  6  2  6  69       
PG22  24085.900051  10692.143559  -1153.730527     55.330239  1  3  4  66       
PG23 -16471.802160 -15598.453527  13986.524531    127.429771  6  9  6  92       
PG24  13713.472124 -21376.411397  -7397.153992   -405.867901  6  5  3  60       
PG25  -8353.017362 -17237.684130 -18844.035481    483.779195  6  4  4  35       
PG26 -25750.739441  -2257.479741   6742.641517    204.038755     7  3  62       
PG27 -13580.409794   7631.634245  21187.913012      0.195945  7  8  7  56       
PG28 -19041.931521   -456.050465 -18531.362187    -86.802765  7  3  6  59       
PG29  -4300.973715 -25993.575117   2850.984282   -609.199980  4  7  4  52       
PG30  15368.360147   7105.570014  20639.010629   -450.363450  4  6  5           
PG31 -22831.114275   6858.651520 -12337.310441   -227.051477  5  5  5  68       
PG32 -14756.018176 -13431.785094 -17440.689720   -601.794305  4  6  4  67       
*  2024  1  2  8 30  0.00000000
PG01 -10556.926113  20795.692228 -12735.635688    165.087691  6  5  5  69       
PG02 -14995.950389  21213.042211  -4405.994041   -506.873968  6     6  55       
PG03  -6114.720480  13576.793503 -22130.838943     97.895515  6  5  7  76       
PG04  -2499.322437  24245.929603 -10376.276147    255.488666  6  8  6  93       
PG05  18019.343088  -7994.997901  17669.224330   -156.427727  5  5  4  70       
PG06  18831.518584   -628.600194 -18688.048898    458.576060  6  4  2  38       
PG07   4078.337736  16535.283629  20752.506043    -27.174166  3  5  5  80       
PG08  -7496.994897  18614.081855  17095.739340   -160.051848  2  7  6  61       
PG09   7202.076657  25519.428839    737.067182     45.810862  5  3  4  67       
PG10 -23669.012114 -11122.251419   5757.717839    -67.717848  7  7  4  58       
PG11  22403.212119  -9691.413151 -10384.351820   -524.513646  4  4  1  65       
PG12   7167.619507 -13590.588493 -21945.260355   -463.723102  7  6  3   5       
PG13  13403.855544  -9213.441755  20748.852211    611.807739  3  5  5  73       
PG14  21272.903244  13562.321813   8615.486349    287.562459  4  7  3  20       
PG15   5426.868896 -19499.992310  16598.925010    113.068809  5  4  5  80       
PG16 -22856.078221   1028.835808  13545.703521   -392.364975  4  8  5  76       
PG17  12443.876595  18992.847266 -13227.707748    720.802255  7  8  4  93       
PG18  -4531.829366 -15324.720570  21195.786152   -521.964515  5  6  5  67       
PG19  14854.781389  10694.556659 -19560.265865    420.885994  7  7  4  44       
PG20  25543.749478  -1803.792809   6757.080801    393.579530     6  4  38       
PG21 -17142.369375  19575.543908   -259.045360    139.696691  5  2  5  23       
PG22  23988.420402  10948.133769   1722.651708     55.324311  2  3  4  57       
PG23 -14797.332133 -15234.353756  16086.939836    127.436285  6  8  7  78       
PG24  14414.922851 -21617.910514  -4688.381774   -405.874843  6  4  3  67       
PG25  -6263.052351 -16682.143332 -20109.732792    483.780417  7  4  4  72       
PG26 -26287.279209  -2703.496087   4056.765306    204.035740     7  3  25       
PG27 -14141.808634   5186.936533  21589.775965      0.192354  5  8  6           
PG28 -17528.485497  -2047.441181 -19870.899838    -86.812489  7  3  6  59       
PG29  -4097.190096 -26186.738587    -30.413104   -609.199592  4  6  5  41       
PG30  13618.156094   8712.010050  21223.434459   -450.359351  3  5  5  38       
PG31 -21807.568771   5753.296655 -14553.507031   -227.051617  6  5  4  88       
PG32 -14998.098987 -15338.891330 -15602.136002   -601.797183  5  6  5  81       
*  2024  1  2  8 45  0.00000000
PG01 -11583.372011  21564.032168 -10223.089813    165.088389  6  5  6  70       
PG02 -15448.461133  21352.864051  -1550.330623   -506.869004  5  2  6  26       
PG03  -8496.684209  12908.366040 -21728.746879     97.919418  6  4  7  66       
PG04  -3014.341616  22998.683759 -12805.091340    255.497571  6  7  6  93       
PG05  19887.161833  -7442.179066  15838.304175   -156.428787  5  5  5  55       
PG06  17301.000379    985.729430 -20085.405472    458.564770  6  4  3  60       
PG07   2416.420630  18032.286325  19671.787976    -27.182906  3  4  5  60       
PG08  -8269.680431  16675.861101  18696.181409   -160.055065  2  7  7  58       
PG09   6924.636836  25528.926198  -2114.586320     45.821670  5  3  4  78       
PG10 -22873.122549 -11073.924970   8483.076188    -67.719452  7  7  5  70       
PG11  21559.678052  -8640.282971 -12812.656542   -524.526698  4  5  2  68       
PG12   9454.967677 -12774.532508 -21554.363337   -463.726456  7  6  4  70       
PG13  13774.681771  -6782.878940  21444.040336    611.811114  4  5  5  65       
PG14  20125.010069  13484.105654  11120.029123    287.571760  4  7  3  50       
PG15   6456.825370 -17666.499330  18181.720921    113.072119  5  4  4  81       
PG16 -24155.892758    364.793872  11218.448898   -392.358637  4  8  5  82       
PG17  12531.375245  20446.170200 -10826.374642    720.801999  7  7  4  83       
PG18  -2776.480639 -16917.203868  20249.785901   -521.973076  5  5  5  74       
PG19  15092.859638  12787.827498 -18080.788696    420.890676  7  7  4  78       
PG20  26129.888006  -1467.491844   3999.145620    393.577754  2  6  4  49       
PG21 -17337.894002  19300.006961   2651.744626    139.695360  5  3  5  43       
PG22  23600.615642  11091.570600   4568.972352     55.318349  3  3  3  64       
PG23 -12888.761225 -14911.222313  17913.069302    127.442806  6  8  7  90       
PG24  14907.396548 -21651.670030  -1897.509927   -405.881677  6  4  2  50       
PG25  -4027.925126 -16204.986765 -21041.138646    483.781660  7  4  3  72       
PG26 -26545.700746  -3063.227984   1302.409887    204.032684     7  3  65       
PG27 -14834.357898   2755.167119  21610.146351      0.188805  3  8  5  69       
PG28 -16009.548985  -3811.728107 -20869.125030    -86.822239  7  3  6  23       
PG29  -3844.905873 -26068.461954  -2911.287472   -609.199350  4  6  5  49       
PG30  11913.873919  10434.864294  21447.524594   -450.355330  3  5  5  39       
PG31 -20673.062472   4434.809501 -16527.018366   -227.052068  6  5  4  78       
PG32 -15280.609701 -17012.231358 -13494.041997   -601.799995  5  6  4  78       
*  2024  1  2  9  0  0.00000000
PG01 -12368.863745  22171.262024  -7533.980903    165.089122  6  5  6  49       
PG02 -15693.595704  21255.721025   1332.552006   -506.864244  5  3  6  50       
PG03 -10848.718454  12386.808741 -20957.108193     97.943312  6  4  6  72       
PG04  -3668.640718  21528.023823 -15011.914197    255.506461  6  7  7  90       
PG05  21558.947338  -7024.759684  13732.653555   -156.429852  5  5  4  56       
PG06  15770.336223   2788.437450 -21135.874993    458.553454  6  4  3  63       
PG07    920.024408  19511.826211  18261.388486    -27.191115  3  4  5  78       
PG08  -9194.576626  14627.786002  19968.374561   -160.057302  2  7  7  55       
PG09   6539.654404  25250.642549  -4929.753637     45.832475  5  3  4  80       
PG10 -21784.268692 -11011.175493  11066.177640    -67.721681  7  7  5  70       
PG11  20589.354402  -7357.658994 -15019.607998   -524.539731  5  5  3  74       
PG12  11722.159545 -12098.069329 -20801.626133   -463.729867  7  6  4  45       
PG13  14284.034941  -4319.996445  21762.410634    611.814764  4  5  5  70       
PG14  18710.089175  13402.449912  13435.217191    287.581083  5  6  4  38       
PG15   7645.501388 -15736.328331  19437.121202    113.075688  5  4  3  71       
PG16 -25224.319737   -148.294383   8699.728922   -392.351927  4  8  5  72       
PG17  12622.892891  21613.330747  -8233.365395    720.801053  7  7  4  83       
PG18  -1194.412841 -18509.430616  18954.245016   -521.981687  6  5  5  82       
PG19  15405.028047  14685.481632 -16298.422865    420.895446  8  8  5  80       
PG20  26415.491287  -1169.271549   1171.719522    393.576134  3  5  4  40       
PG21 -17345.428622  18769.516607   5514.390206    139.693941  4  3  5  57       
PG22  22917.587242  11160.129263   7335.932811     55.312528  4  4  3  42       
PG23 -10777.766075 -14661.620542  19433.472088    127.449384  6  8  7  82       
PG24  15212.159275 -21449.139260    926.743396   -405.888501  6  3  1  40       
PG25  -1686.937559 -15828.403427 -21622.512434    483.782908  7  4  2  70       
PG26 -26514.469310  -3369.562427  -1473.894825    204.029659  1  7  3  68       
PG27 -15644.782201    385.421166  21250.002805      0.185208  5  8  4  72       
PG28 -14525.856722  -5724.215009 -21508.948680    -86.831929  7  3  6  28       
PG29  -3507.211692 -25649.369956  -5741.778256   -609.198830  4  6  5  29       
PG30  10290.038689  12243.592827  21306.741593   -450.351255  3  5  5  43       
PG31 -19469.185411   2907.640679 -18224.777996   -227.052199  5  5  4  84       
PG32 -15568.326048 -18427.893079 -11153.480617   -601.802841  5  5  4  71       
*  2024  1  2  9 15  0.00000000
PG01 -12925.956123  22576.686457  -4714.099373    165.089852  6  5  6  72       
PG02 -15762.362895  20899.957411   4192.277043   -506.859271  5  4  5  40       
PG03 -13121.389495  12011.291977 -19828.567684     97.967185  6  4  6  92       
PG04  -4480.525414  19872.895552 -16958.649779    255.515354  6  6  7  92       
PG05  22997.309084  -6720.217557  11389.282003   -156.430813  6  4  4  47       
PG06  14282.153775   4753.274374 -21820.926986    458.542172  6  3  3  66       
PG07   -397.402561  20930.768681  16543.055034    -27.199872  3  4  5  65       
PG08 -10271.132200  12517.703239  20890.916157   -160.058506  2  7  7  68       
PG09   6015.756589  24704.871016  -7659.941677     45.843334  5  3  4  81       
PG10 -20417.069205 -10972.526883  13463.892157    -67.723114  8  7  6  45       
PG11  19535.113667  -5846.366903 -16967.093460   -524.552854  6  6  4  37       
PG12  13922.041245 -11563.611803 -19699.173234   -463.733424  7  6  4  31       
PG13  14926.443068  -1875.491254  21698.947221    611.818192  4  5  5  47       
PG14  17047.820831  13352.068445  15521.493794    287.590420  5  6  4  28       
PG15   8986.088352 -13756.094195  20342.166055    113.079152  5  4  3  68       
PG16 -26031.781953   -536.240266   6033.289719   -392.345223  5  8  5  70       
PG17  12679.734026  22482.290369  -5495.189151    720.800373  7  6  4  75       
PG18    196.863415 -20056.341805  17331.053926   -521.990323  6  5  4  64       
PG19  15759.827776  16356.365212 -14243.232743    420.900466  8  8  5  89       
PG20  26393.787305   -873.069390  -1676.080729    393.574437  4  5  4           
PG21 -17201.573524  17971.707642   8277.611996    139.692992  4  4  5  75       
PG22  21943.272636  11192.573554   9976.175838     55.306561  5  4  3  21       
PG23  -8502.568014 -14512.549215  20621.820509    127.455909  5  7  7  70       
PG24  15356.331097 -20988.253655   3734.552862   -405.895326  6  3  1           
PG25    716.791174 -15567.781781 -21843.712400    483.784204  7  4  2  90       
PG26 -26189.965558  -3657.054968  -4225.427302    204.026590     7  2  64       
PG27 -16552.198890  -1876.572884  20517.141510      0.181608  7  8  2  39       
PG28 -13113.964806  -7753.221015 -21779.425460    -86.841670  7  3  6  54       
PG29  -3050.273247 -24948.696211  -8472.968828   -609.198495  5  5  5  67       
PG30   8775.856533  14102.209109  20802.675155   -450.347187  3  5  5  27       
PG31 -18237.127934   1184.271259 -19618.128258   -227.052695  5  5  4  77       
PG32 -15823.387037 -19570.255171  -8621.313592   -601.805686  5  5  4  86       
*  2024  1  2  9 30  0.00000000
PG01 -13275.137461  22744.381645  -1812.001330    165.090596  5  5  6  65       
PG02 -15690.499132  20271.709952   6979.496543   -506.854218  4  5  5  13       
PG03 -15266.780477  11772.707764 -18361.828219     97.991057  5  5  5  80       
PG04  -5460.866799  18076.574291 -18611.788227    255.524225  6  5  6  83       
PG05  24171.399753  -6500.060650   8849.175012   -156.432048  7  4  4  46       
PG06  12874.658629   6846.505475 -22128.342901    458.530998  6  4  4  70       
PG07  -1530.101173  22245.032779  14543.938127    -27.208172  3  3  5  79       
PG08 -11490.639480  10393.538926  21448.731720   -160.059170  2  7  7  61       
PG09   5326.502332  23919.170670 -10258.233027     45.854195  5  3  4  70       
PG10 -18794.294799 -10993.660699  15636.181749    -67.724098  7  7  6  74       
PG11  18440.001030  -4117.854492 -18621.505695   -524.565911  6  6  5  32       
PG12  16008.304645 -11165.602300 -18264.921947   -463.737106  7  6  5  44       
PG13  15688.228207    501.561859  21255.464161    611.821509  5  4  5  41       
PG14  15165.353914  13364.161032  17343.114106    287.599799  5  5  4   4       
PG15  10463.679431 -11771.947996  20880.470365    113.082768  5  4  3  68       
PG16 -26555.788562   -829.942766   3264.901115   -392.338326  5  8  5  86       
PG17  12662.800501  23050.410565  -2660.555980    720.799131  6  5  4  70       
PG18   1388.247473 -21511.664900  15407.860901   -521.998945  6  4  4  69       
PG19  16121.529669  17776.482590 -11949.690935    420.904991  9  8  4  85       
PG20  26066.878426   -542.501208  -4494.704700    393.572685  4  5  4  35       
PG21 -16946.274316  16902.985117  10892.803876    139.691891  5  5  5  42       
PG22  20690.294137  11227.062365  12445.075376     55.300556  6  4  2           
PG23  -6106.668117 -14484.326848  21457.363144    127.462442  5  6  6  63       
PG24  15371.677911 -20254.516970   6475.924779   -405.902147  6  3  1  48       
PG25   3137.718643 -15431.117423 -21700.377427    483.785483  7  5  2  55       
PG26 -25576.617596  -3960.436578  -6906.007923    204.023520  1  7  2  58       
PG27 -17528.958080  -3990.032226  19425.927928      0.178018  8  9  3  53       
PG28 -11804.932668  -9861.121141 -21675.937146    -86.851412  7  3  5  55       
PG29  -2444.846102 -23993.509863 -11057.743288   -609.198004  5  5  5  42       
PG30   7394.217314  15970.485302  19943.072531   -450.343155  3  5  5  34       
PG31 -17016.168515   -715.043151 -20683.274986   -227.052775  5  5  4  87       
PG32 -16006.884797 -20432.376610  -5941.450168   -601.808609  6  4  4  67       
*  2024  1  2  9 45  0.00000000
PG01 -13443.912808  22644.744956   1121.824549    165.091328  5  5  6  91       
PG02 -15516.856688  19365.473873   9646.741772   -506.849404  5  5  5   2       
PG03 -17240.156384  11654.092602 -16581.378082     98.014896  5  5  5  71       
PG04  -6612.505575  16185.063477 -19942.981166    255.533112  5  4  6  97       
PG05  25057.979554  -6331.133144   6156.543840   -156.433353  7  4  4  53       
PG06  11580.221584   9028.025549 -22052.455500    458.519700  7  3  4  79       
PG07  -2480.128473  23411.203996  12296.290183    -27.216794  3  3  5  74       
PG08 -12836.480481   8301.562522  21633.275581   -160.061686  3  7  7  55       
PG09   4451.594898  22927.257075 -12680.089415     45.865025  5  4  5  55       
PG10 -16946.133726 -11105.948008  17546.708590    -67.725407  7  6  6  81       
PG11  17345.552532  -2191.948282 -19954.327112   -524.578932  7  6  5  48       
PG12  17937.069255 -10890.800764 -16522.344062   -463.740444  7  5  5  57       
PG13  16548.028254   2765.442062  20440.522617    611.824763  5  4  4  38       
PG14  13096.436664  13465.091529  18868.749101    287.609128  5  5  4  66       
PG15  12055.709071  -9827.820957  21042.563948    113.086230  5  4  3  72       
PG16 -26781.682746  -1063.982951    441.582402   -392.331479  5  7  5  89       
PG17  12534.307649  23324.337141    220.569840    720.798526  6  4  5  59       
PG18   2379.231899 -22829.653870  13217.617124   -522.007560  6  4  4  73       
PG19  16451.559430  18929.719823  -9456.144858    420.909587  9  7  4  70       
PG20  25445.664622   -142.497611  -7235.059572    393.570392  4  5  4  32       
PG21 -16620.992133  15568.684225  13314.925984    139.690372  5  5  5  18       
PG22  19179.486171  11299.520377  14701.441995     55.294661  6  4  2  39       
PG23  -3637.380879 -14589.730256  21925.301383    127.469018  4  6  6  52       
PG24  15293.199396 -19241.798044   9101.673079   -405.909095  6  3  2  57       
PG25   5529.367388 -15418.695930 -21194.036637    483.786749  7  5  3  79       
PG26 -24686.750310  -4313.123538  -9470.715919    204.020331  2  7  2  62       
PG27 -18541.755907  -5920.476707  17996.926493      0.174413  9  9  5  37       
PG28 -10623.228493 -12005.621069 -21200.269360    -86.861221  6  4  6   4       
PG29  -1667.607521 -22817.651455 -13451.605627   -609.197743  6  5  5  40       
PG30   6160.938875  17805.337574  18741.768088   -450.339073  3  5  4  59       
PG31 -15842.236496  -2762.811938 -21401.682643   -227.053011  5  5  4  84       
PG32 -16080.489814 -21016.058307  -3160.070417   -601.811483  6  4  4  24       
*  2024  1  2 10  0  0.00000000
PG01 -13465.595047  22255.828311   4035.860374    165.092054  4  5  6  58       
PG02 -15281.714871  18184.342625  12149.197683   -506.844483  5  6  4  39       
PG03 -19001.524327  11631.361919 -14517.121478     98.038780  4  5  4  80       
PG04  -7929.978315  14245.402749 -20929.521602    255.542026  5  3  6  92       
PG05  25642.189003  -6177.099287   3358.030823   -156.434811  7  4  4  47       
PG06  10424.201990  11252.732601 -21594.272276    458.508430  7  3  4  70       
PG07  -3257.187081  24388.171876   9837.062320    -27.225259  3  2  6  56       
PG08 -14284.694788   6284.743742  21442.602452   -160.063474  5  6  8  45       
PG09   3377.853382  21767.672419 -14884.106465     45.875828  6  4  5  75       
PG10 -14909.197995 -11335.147894  19163.390955    -67.726447  6  6  6  65       
PG11  16290.186444    -96.284215 -20942.622977   -524.592001  8  7  5  48       
PG12  19668.392826 -10718.869027 -14500.142760   -463.743954  7  5  5  53       
PG13  17477.636370   4875.365578  19269.217973    611.828038  5  3  4  30       
PG14  10880.303057  13675.256075  20072.022561    287.618485  5  4  4  36       
PG15  13732.729723  -7963.775525  20826.068033    113.090037  5  4  3  74       
PG16 -26703.102055  -1275.104644  -2389.160659   -392.325079  5  7  4  94       
PG17  12259.428043  23319.525487   3097.907869    720.798104  6  3  5  65       
PG18   3177.745765 -23966.829517  10798.020731   -522.016183  6  3  3  57       
PG19  16710.036351  19808.288684  -6804.231142    420.914169  9  7  4  66       
PG20  24549.430753    359.108666  -9849.396649    393.569089  4  5  4  40       
PG21 -16266.876046  13982.863490  15503.260296    139.689555  5  5  4  26       
PG22  17439.128831  11442.134269  16708.137172     55.288610  6  4  2   9       
PG23  -1144.219763 -14833.431972  22017.071789    127.475555  4  5  6  45       
PG24  15157.570622 -17952.799261  11564.407630   -405.915902  6  2  2  64       
PG25   7845.857949 -15523.064701 -20332.143066    483.788046  7  6  4  50       
PG26 -23540.159154  -4745.783475 -11876.582325    204.017128  2  7  3  72       
PG27 -19552.969545  -7640.814923  16256.423477      0.170790 10 10  7  27       
PG28  -9585.899357 -14141.218136 -20360.580622    -86.870939  6  4  5   9       
PG29   -702.252998 -21460.421271 -15613.446553   -609.196901  6  6  4   3       
PG30   5084.284005  19562.342237  17218.510997   -450.334998  3  5  5  69       
PG31 -14746.600261  -4925.117154 -21760.404318   -227.053313  5  5  3  72       
PG32 -16008.048758 -21331.580181   -324.827710   -601.814353  6  4  4  40       
*  2024  1  2 10 15  0.00000000
PG01 -13377.847443  21564.393151   6878.515387    165.092805  4  5  6  88       
PG02 -15025.082881  16739.923044  14445.392494   -506.839602  5  6  4  28       
PG03 -20517.030068  11674.331056 -12203.914978     98.062656  4  5  4  65       
PG04  -9399.575765  12303.952272 -21554.719745    255.550941  5  2  6  96       
PG05  25918.004044  -6000.044444    501.886082   -156.436004  8  3  4  62       
PG06   9424.054443  13472.108249 -20761.479015    458.497137  7  3  4  83       
PG07  -3878.152970  25138.731240   7207.394996    -27.233999  3  2  6  20       
PG08 -15804.841371   4381.265972  20881.314356   -160.064286  6  6  8  54       
PG09   2099.906385  20482.288115 -16832.707575     45.886663  6  4  6  78       
PG10 -12725.304666 -11700.318218  20458.901873    -67.728720  6  5  7  57       
PG11  15307.730681   2134.565808 -21569.435197   -524.604951  8  7  6  54       
PG12  21167.656003 -10623.233705 -12231.845094   -463.747665  7  5  5  43       
PG13  18443.120209   6796.858403  17762.845351    611.831463  5  3  5  20       
PG14   8560.354663  14008.185235  20931.972240    287.627891  5  4  4  35       
PG15  15459.489996  -6214.537564  20235.704150    113.093670  5  4  3  35       
PG16 -26322.142425  -1500.638900  -5180.078150   -392.318135  6  6  4  70       
PG17  11807.797101  23059.436651   5921.769890    720.797163  5     5  71       
PG18   3799.662538 -24883.651098   8190.868422   -522.024820  6  3  3  10       
PG19  16857.371815  20412.875950  -4038.243194    420.919024  9  6  4  51       
PG20  23405.113695    990.109637 -12292.174823    393.567049  5  5  5  55       
PG21 -15923.017453  12167.757587  17422.020869    139.689124  6  6  4  56       
PG22  15503.925368  11682.027626  18432.593191     55.282599  6  4  2  19       
PG23   1322.806013 -15211.758461  21730.527693    127.482118  4  4  5  47       
PG24  15001.504001 -16399.167922  13819.507531   -405.922721  5  3  2  52       
PG25  10043.434895 -15729.298705 -19128.027338    483.789317  7  6  5  51       
PG26 -22163.424535  -5285.008299 -14083.252083    204.014048  3  7  3  39       
PG27 -20522.155180  -9132.123598  14235.859761      0.167205 10 11  9 119       
PG28  -8702.037303 -16220.793405 -19171.264230    -86.880677  6  5  5  20       
PG29    459.685027 -19965.072739 -17506.244707   -609.196732  7  6  4  56       
PG30   4164.771729  21197.327442  15398.689526   -450.330965  3  5  4  47       
PG31 -13754.728083  -7162.664907 -21752.340585   -227.053411  4  5  3  84       
PG32 -15757.094649 -21397.129034   2515.955951   -601.817224  6  3  5  66       
*  2024  1  2 10 30  0.00000000
PG01 -13221.034066  20566.634687   9599.114395    165.093537  3  5  5  72       
PG02 -14785.059237  15051.939903  16497.797288   -506.834551  6  7  4  41       
PG03 -21760.136802  11747.986552  -9681.014306     98.086571  5  5  3  68       
PG04 -10999.729868  10404.720115 -21808.169489    255.559859  5  2  6  78       
PG05  25888.360227  -5762.129363  -2362.868893   -156.437102  8  3  4  33       
PG06   8588.755065  15635.943922 -19568.321929    458.485844  7  3  4  79       
PG07  -4366.309028  25631.082978   4452.001428    -27.242602  3  1  5  39       
PG08 -17361.115230   2623.251364  19960.390081   -160.066182  7  6  9  66       
PG09    620.582242  19114.698550 -18492.766274     45.897450  6  5  6  83       
PG10 -10440.073798 -12212.977393  21411.105400    -67.730421  5  5  7  53       
PG11  14426.143527   4460.237831 -21824.070049   -524.617944  8  7  6  68       
PG12  22406.769399 -10572.199877  -9755.311335   -463.751145  6  4  5  62       
PG13  19406.172115   8502.866866  15948.454593    611.834713  6  3  5  22       
PG14   6182.685683  14469.915658  21433.426934    287.637227  5  4  4  50       
PG15  17196.263754  -4608.273907  19283.138090    113.097152  4  4  3  36       
PG16 -25649.226969  -1776.929190  -7884.890172   -392.311402  5  6  4  76       
PG17  11154.823493  22574.446357   8643.920819    720.796407  5     5  65       
PG18   4267.990829 -25546.052130   5441.325653   -522.033447  6  3  3  48       
PG19  16855.871622  20752.492170  -1204.457502    420.923765  9  4  4  59       
PG20  22046.278517   1772.623866 -14520.883062    393.565818  5  5  5  54       
PG21 -15624.855981  10152.929433  19040.818416    139.687210  6  6  4  14       
PG22  13413.768562  12040.158312  19847.238356     55.276550  6  4  2  27       
PG23   3714.919977 -15712.781139  21070.014679    127.488668  5  3  5  44       
PG24  14860.104236 -14601.238318  15826.050741   -405.929512  5  3  3  54       
PG25  12081.932945 -16015.555588 -17600.767194    483.790588  7  6  5  62       
PG26 -20588.991254  -5952.140949 -16053.608789    204.010946  3  6  4  54       
PG27 -21407.645787 -10384.098319  11971.190886      0.163655 11 11 10  64       
PG28  -7972.561253 -18197.274663 -17652.705135    -86.890450  5  5  5  40       
PG29   1818.327501 -18377.170646 -19097.690718   -609.196247  7  6  4  74       
PG30   3395.293806  22667.980817  13312.952126   -450.326880  3  5  4  47       
PG31 -12885.364246  -9432.047546 -21376.420895   -227.053703  4  5  2  99       
PG32 -15300.213779 -21237.943453   5314.089067   -601.820137  6  3  4  69       
*  2024  1  2 10 45  0.00000000
PG01 -13036.445513  19268.536240  12148.894309    165.094171  2  6  5  61       
PG02 -14596.306725  13147.554447  18273.333922   -506.829688  5  7  4  63       
PG03 -22712.539311  11813.961332  -6991.437652     98.110481  5  5  3  81       
PG04 -12701.713248   8587.797185 -21685.902557    255.568789  4  2  5 104       
PG05  25564.945543  -5427.232953  -5187.276047   -156.438135  8  2  4  90       
PG06   7918.570878  17694.145532 -18035.369297    458.474537  7  3  4  73       
PG07  -4750.304497  25840.170033   1618.446513    -27.251260  3     5  37       
PG08 -18913.670783   1035.742560  18696.906446   -160.066777  7  6  9  82       
PG09  -1049.017988  17708.568099 -19836.148104     45.908282  6  5  6  81       
PG10  -8101.390713 -12876.547993  22003.425371    -67.731815  5  5  7  58       
PG11  13666.477123   6835.946003 -21702.275330   -524.630945  8  7  6  72       
PG12  23365.156326 -10530.278095  -7112.163856   -463.754757  6  4  5  59       
PG13  20325.632932   9974.566318  13858.307806    611.838229  6  3  5  43       
PG14   3794.505118  15058.657196  21567.292034    287.646531  5  4  4  63       
PG15  18900.368169  -3165.666350  17986.667848    113.100658  4  4  2  18       
PG16 -24702.690070  -2137.812008 -10458.967183   -392.304599  5  5  4  69       
PG17  10282.757903  21900.518742  11218.377882    720.795899  5     4  60       
PG18   4611.779450 -25926.778063   2597.128612   -522.042060  6  3  3  20       
PG19  16671.285508  20844.023817   1649.575300    420.928387  9  3  3  73       
PG20  20511.844995   2722.026599 -16496.804986    393.564196  5  5  5  69       
PG21 -15402.793704   7974.170802  20334.985073    139.686270  6  6  3  48       
PG22  11212.345990  12530.471877  20929.829543     55.270634  6  4  1  35       
PG23   5986.266870 -16316.739709  20046.336080    127.495208  5  3  5  62       
PG24  14765.291076 -12587.410199  17547.671638   -405.936286  5  3  4  58       
PG25  13926.130647 -16353.905753 -15774.968957    483.791869  7  6  5  47       
PG26 -18854.045085  -6762.297684 -17754.355784    204.007885  3  6  4  73       
PG27 -22168.184354 -11395.167735   9502.191726      0.160194 11 12 11           
PG28  -7390.322694 -20025.307432 -15830.935586    -86.900190  5  5  5  39       
PG29   3365.266940 -16742.878539 -20360.724338   -609.195961  7  6  4  75       
PG30   2761.535722  23935.411233  10996.727642   -450.322881  2  5  4  67       
PG31 -12149.856829 -11687.175819 -20637.700945   -227.053909  4  5  2  94       
PG32 -14616.220260 -20885.211608   8022.292777   -601.823039  5  3  5  62       
*  2024  1  2 11  0  0.00000000
PG01 -12864.475324  17685.830326  14481.982641    165.094949  3  6  5  73       
PG02 -14488.694248  11060.430142  19743.792261   -506.824704  6  7  4  68       
PG03 -23364.775831  11832.158677  -4181.253694     98.134407  6  5  4  58       
PG04 -14470.622810   6887.959253 -21190.429451    255.577645  4  3  5  93       
PG05  24967.674029  -4962.520610  -7923.260246   -156.439603  8     5  31       
PG06   7405.181998  19598.545681 -16189.156099    458.463213  7  3  5  76       
PG07  -5062.873453  25748.786762  -1243.671461    -27.259644  3     5  52       
PG08 -20420.097234   -364.025587  17113.662213   -160.068881  7  7  9  89       
PG09  -2889.766360  16305.994525 -20840.164702     45.919151  5  5  6  74       
PG10  -5757.785038 -13686.104089  22225.141308    -67.733017  4  4  7  57       
PG11  13042.123407   9214.026069 -21206.304411   -524.643938  8  6  5  68       
PG12  24030.471096 -10459.678381  -4347.139833   -463.757991  6  3  5  35       
PG13  21159.126287  11201.841438  11529.254016    611.841730  6  3  5  37       
PG14   1442.514397  15764.770601  21330.737136    287.655869  5  4  4  19       
PG15  20527.800930  -1899.317590  16370.769819    113.104187  4  4  1           
PG16 -23508.095823  -2613.204008 -12859.972205   -392.297954  5  5  4  66       
PG17   9181.485457  21077.703232  13602.137403    720.795281  5     4  43       
PG18   4864.780262 -26006.471013   -292.266825   -522.050671  6  2  4  67       
PG19  16274.248199  20711.502560   4475.767954    420.933455  8     3  64       
PG20  18844.616067   3846.152071 -18185.710042    393.562246  5  5  4  55       
PG21 -15281.060759   5672.206703  21285.769952    139.685508  6  6  3  61       
PG22   8945.637225  13159.334095  21663.695699     55.264832  6  4  1  58       
PG23   8095.496388 -16996.784419  18676.606297    127.501709  5  2  5  25       
PG24  14744.362703 -10393.187571  18953.319884   -405.943058  5  3  4  61       
PG25  15546.941120 -16711.413069 -13680.457621    483.793142  7  6  5  31       
PG26 -16999.225183  -7723.621360 -19156.547346    204.004783  3  5  4  74       
PG27 -22764.529027 -12172.276353   6871.722143      0.156762 11 12 12  69       
PG28  -6940.530702 -21662.870592 -13737.194913    -86.909960  4  6  5           
PG29   5083.719387 -15107.241729 -21273.976872   -609.195135  7  6  4  56       
PG30   2242.689419  24965.603041   8489.649330   -450.318867  2  5  4  49       
PG31 -11551.765980 -13880.833064 -19547.369558   -227.054010  4  5     92       
PG32 -13691.096959 -20374.765733  10594.955662   -601.825992  5  3  5  73       
*  2024  1  2 11 15  0.00000000
PG01 -12742.827048  15843.561036  16556.330759    165.095731  3  6  5  83       
PG02 -14486.148366   8829.585672  20886.159741   -506.819884  5  7  4  46       
PG03 -23716.510891  11762.462929  -1298.804479     98.158356  6  5  4  47       
PG04 -16266.608314   5333.488532 -20330.668458    255.586536  4  3  5  79       
PG05  24123.863866  -4339.879144 -10524.420923   -156.440804  9     5  52       
PG06   7032.151994  21304.651711 -14061.717721    458.451854  7  4  4  65       
PG07  -5339.358379  25348.405875  -4083.623957    -27.268289  4     5  64       
PG08 -21836.987082  -1567.043066  15238.716429   -160.070308  6  7  9  68       
PG09  -4875.062351  14945.950557 -21487.934420     45.929935  5  5  5  46       
PG10  -3456.782425 -14628.434507  22071.606001    -67.734014  4  4  7  39       
PG11  12558.370980  11545.592681 -20344.866753   -524.656934  8  6  5  74       
PG12  24399.021298 -10321.917226  -1507.374038   -463.761542  6  3  5  46       
PG13  21864.737340  12183.425466   9002.036326    611.845112  6  3  5  57       
PG14   -828.698836  16571.059407  20727.280465    287.665195  4  4  4  56       
PG15  22034.923113   -813.507651  14465.521924    113.107719  5  4     44       
PG16 -22097.317445  -3227.842004 -15048.461692   -392.290996  5  5  4  69       
PG17   7849.019328  20148.516740  15755.821929    720.794106  6  1  4  51       
PG18   5063.922674 -25774.456773  -3176.572380   -522.059277  6  3  4           
PG19  15641.558992  20385.115063   7226.255181    420.937768  8     3  50       
PG20  17089.667833   5144.800420 -19558.457701    393.560536  6  5  4  53       
PG21 -15276.861551   3291.261428  21880.419050    139.684437  6  5  3  76       
PG22   6660.357044  13925.255428  22037.896931     55.258542  6  5  2  60       
PG23  10007.180591 -17720.011214  16983.991677    127.508297  6  2  5  31       
PG24  14818.766336  -8059.918978  20017.897208   -405.949842  5  2  4  48       
PG25  16922.393127 -17051.432036 -11351.873350    483.794374  6  6  5  40       
PG26 -15067.216601  -8836.793729 -20236.063663    204.001719  4  5  3  53       
PG27 -23160.970795 -12730.353479   4124.969006      0.153289 11 12 13  54       
PG28  -6601.479685 -23072.775195 -11407.400356    -86.919658  4  6  4  36       
PG29   6949.003153 -13512.531722 -21822.113013   -609.195102  8  6  4  20       
PG30   1812.432895  25730.703791   5834.889963   -450.314841  2  5  4  43       
PG31 -11086.772504 -15966.297627 -18122.658981   -227.054392  3  5     66       
PG32 -12518.670599 -19745.623340  12988.852143   -601.828845  5  4  5  61       
*  2024  1  2 11 30  0.00000000
PG01 -12704.832207  13775.261199  18334.574973    165.096557  4  6  6  79       
PG02 -14605.748181   6498.080020  21682.867577   -506.814876  5  7  5  63       
PG03 -23776.474746  11566.470281   1606.124630     98.182240  7  5  4  45       
PG04 -18046.297693   3945.258148 -19121.765802    255.595411  4  4  4 103       
PG05  23067.154089  -3537.165438 -12946.784685   -156.442153  9     5  55       
PG06   6775.727566  22773.260223 -11690.021264    458.440553  6  4  4  45       
PG07  -5616.096600  24639.676620  -6850.522561    -27.277027  4     5  73       
PG08 -23121.537142  -2572.621730  13104.853422   -160.073424  4  7  8  95       
PG09  -6971.673876  13662.861823 -21768.645410     45.940736  5  5  5  66       
PG10  -1243.286654 -15682.423845  21544.379230    -67.735614  4  3  6  69       
PG11  12212.289086  13782.246786 -19132.966465   -524.669934  8  6  5  54       
PG12  24475.872559 -10079.477483   1358.379790   -463.765124  6  3  5  67       
PG13  22402.669901  12926.699422   6320.547259    611.848569  7  3  4  67       
PG14  -2978.189901  17453.367621  19766.766301    287.674515  4  4  4  75       
PG15  23380.114550     95.697746  12305.925361    113.110892  5  4     72       
PG16 -20507.410775  -4000.216511 -16988.442540   -392.284248  5  5  4  41       
PG17   6291.685180  19156.274459  17644.243492    720.793984  6  2  4  30       
PG18   5247.661731 -25229.201396  -6005.572962   -522.067816  6  2  4  60       
PG19  14757.251186  19899.986015   9854.164817    420.942381  8     3  36       
PG20  15292.666077   6609.568805 -20591.503316    393.558687  6  5  3  41       
PG21 -15399.817659    877.544136  22112.154697    139.683210  6  5  4  63       
PG22   4402.398173  14818.910330  22047.304231     55.252731  6  5  2  32       
PG23  11693.008969 -18448.751778  14997.340822    127.514805  6  3  5  54       
PG24  15003.132615  -5633.295538  20722.753385   -405.956602  5  2  4  37       
PG25  18038.361464 -17335.077845  -8828.173772    483.795645  6  5  4  57       
PG26 -13101.271511 -10094.826512 -20974.023136    203.998663  4  5  3  78       
PG27 -23326.709542 -13091.496355   1308.678167      0.149744 11 12 14  27       
PG28  -6345.551613 -24223.989247  -8881.537380    -86.929441  4  6  4  60       
PG29   8929.324896 -11996.714829 -21996.068101   -609.194586  8  6  5           
PG30   1440.140368  26210.091734   3078.417995   -450.310831  2  5  3  29       
PG31 -10742.896354 -17898.975219 -16386.653366   -227.054558  2  5  1  76       
PG32 -11100.998562 -19038.429588  15163.816396   -601.831758  4  5  6  68       
*  2024  1  2 11 45  0.00000000
PG01 -12777.955528  11521.776561  19784.800179    165.097354  4  6  6  58       
PG02 -14857.087847   4111.577677  22121.958583   -506.809948  5  6  5  76       
PG03 -23562.058389  11209.170850   4483.173864     98.206143  7  6  4  37       
PG04 -19764.363758   2736.112368 -17584.811783    255.604268  5  4  4  90       
PG05  21836.202843  -2539.223670 -15149.509007   -156.443627  9  1  5  57       
PG06   6605.935099  23971.873876  -9115.305365    458.429200  5  5  4  45       
PG07  -5928.737145  23632.560818  -9494.333938    -27.285735  4     4  59       
PG08 -24233.122294  -3388.175495  10748.986731   -160.074741  4  8  8  87       
PG09  -9140.832800  12485.373729 -21677.718571     45.951518  6  4  4  58       
PG10    841.949934 -16819.742312  20651.272100    -67.736727  4  3  6  36       
PG11  11992.942042  15877.767594 -17591.632395   -524.682972  7  6  4  62       
PG12  24274.625864  -9697.456993   4200.578146   -463.768623  6  4  4  51       
PG13  22736.818357  13447.165485   3531.047802    611.852144  6  4  4  56       
PG14  -4970.050508  18381.462967  18465.233165    287.683847  4  4  4  64       
PG15  24525.332614    840.001641   9931.148438    113.114417  5  4     41       
PG16 -18779.320516  -4941.733044 -18647.883041   -392.277301  5  5  4  71       
PG17   4523.997526  18143.431207  19236.881392    720.793026  6  2  4  57       
PG18   5454.267235 -24378.418256  -8730.032011   -522.076444  6  2  4  59       
PG19  13613.408768  19294.775690  12314.391829    420.947215  7  2  3  26       
PG20  13498.176768   8224.012905 -21267.296804    393.557011  7  5  2  66       
PG21 -15651.711670  -1522.290421  21980.069958    139.682033  6  4  4  67       
PG22   2215.325123  15823.445039  21692.604835     55.246757  6  5  2  62       
PG23  13132.713115 -19142.069750  12750.708507    127.521349  6  4  4  49       
PG24  15304.616998  -3161.674845  21056.028188   -405.963405  5  2  4  46       
PG25  18889.013206 -17522.817395  -6152.043580    483.796941  6  5  4  33       
PG26 -11143.710765 -11483.141957 -21357.125382    203.995602  4  4  2  62       
PG27 -23237.041658 -13283.904563  -1529.611609      0.146188 11 13 14  28       
PG28  -6140.453885 -25092.737721  -6202.979287    -86.939181  4  6  3   7       
PG29  10986.842132 -10592.102325 -21793.178645   -609.194217  8  6  5  44       
PG30   1092.276241  26391.177230    268.187437   -450.306756  3  5  3  24       
PG31 -10501.023419 -19637.980281 -14367.991557   -227.054711  2  5  2  71       
PG32  -9448.455126 -18293.857755  17083.364752   -601.834668  3  5  6  75       
*  2024  1  2 12  0  0.00000000
PG01 -12982.555570   9129.786648  20881.183716    165.098185  5  6  7  32       
PG02 -15241.921842   1716.843574  22197.181687   -506.804884  4  6  6  72       
PG03 -23098.576951  10660.513938   7282.301044     98.230059  8  6  4  29       
PG04 -21375.172053   1710.563812 -15746.459249    255.613120  5  4  4  97       
PG05  20473.217203  -1338.635021 -17095.528418   -156.444778  8  3  5  50       
PG06   6487.929502  24875.864277  -6382.341469    458.417832  3  5  3  38       
PG07  -6310.562344  22346.089235 -11966.912266    -27.294420  4     4  65       
PG08 -25134.784630  -4028.698185   8211.513870   -160.076810  6  8  8  89       
PG09 -11339.543611  11435.352409 -21216.869165     45.962360  6  4  3  75       
PG10   2763.711427 -18005.824491  19406.296835    -67.738200  4  2  6  30       
PG11  11881.924609  17789.724460 -15747.545119   -524.695998  7  5  4  58       
PG12  23816.870063  -9145.140037   6969.754271   -463.772316  7  3  4  41       
PG13  22836.195761  13767.620700    681.365017    611.855662  6  3  4  44       
PG14  -6774.612102  19320.173996  16844.672372    287.693217  4  5  4  72       
PG15  25437.512630   1438.122373   7383.716314    113.117863  5  3  1           
PG16 -16956.462286  -6056.128376 -19999.175611   -392.270295  5  5  4  70       
PG17   2568.239716  17149.991998  20508.274887    720.792105  6  3  4  56       
PG18   5720.123885 -23238.820955 -11302.577950   -522.085079  6  3  4  61       
PG19  12210.695466  18610.141005  14564.364255    420.951795  7  4  3  34       
PG20  11748.037631   9964.131363 -21574.567912    393.555231  7  5  1  56       
PG21 -16026.525921  -3862.654190  21488.952668    139.680757  5  3  5  71       
PG22    138.967495  16915.059051  20980.237816     55.240641  6  5  3  65       
PG23  14314.683093 -19757.405368  10282.779781    127.527832  6  4  4  34       
PG24  15722.575825   -694.306797  21012.832301   -405.970157  5  2  4  36       
PG25  19476.945834 -17576.122213  -3369.215562    483.798196  5  4  4           
PG26  -9234.458905 -12979.943985 -21377.918197    203.992550  4  4  1  72       
PG27 -22874.320649 -13340.609884  -4342.322547      0.142546 10 12 14           
PG28  -5950.644819 -25663.335475  -3417.747293    -86.948962  3  6  3  62       
PG29  13078.961084  -9324.232072 -21217.205632   -609.193883  9  6  6  54       
PG30    733.917448  26269.902288  -2546.723401   -450.302678  3  5  3  38       
PG31 -10335.727039 -21147.604874 -12100.462168   -227.054899  2  5  3  80       
PG32  -7579.515226 -17551.025464  18715.260291   -601.837557  3  5  6  57       
*  2024  1  2 12 15  0.00000000
PG01 -13330.956897   6650.086906  21604.501266    165.099006  5  6  7   5       
PG02 -15754.099162   -639.782365  21908.017872   -506.800068  4  4  5  59       
PG03 -22418.227993   9896.791961   9954.679533     98.254045  8  6  5  47       
PG04 -22834.446989    864.816663 -13638.452083    255.622008  5  4  4  86       
PG05  19022.369768     63.826154 -18752.135862   -156.446328  8  3  5  60       
PG06   6383.540376  25469.335096  -3538.631295    458.406486  2  4  3  68       
PG07  -6790.891552  20807.738915 -14223.018840    -27.302773  4     4  44       
PG08 -25794.585213  -4515.963743   5535.633231   -160.078735  8  8  7  34       
PG09 -13522.056373  10527.155963 -20394.067227     45.973168  6  4  4  77       
PG10   4493.505994 -19201.106313  17829.517461    -67.739793  3  2  5  68       
PG11  11854.196325  19480.947272 -13632.567869   -524.709053  6  5  4  76       
PG12  23131.325386  -8397.426627   9617.406407   -463.775596  7  3  3  36       
PG13  22676.166353  13917.067650  -2179.917777    611.859094  7  3  4  68       
PG14  -8369.411461  20230.738945  14932.678616    287.702530  4  4  5  63       
PG15  26089.757802   1914.773427   4708.669696    113.121523  6  3  2  41       
PG16 -15083.227000  -7339.161417 -21019.548775   -392.263343  6  5  4  66       
PG17    453.768578  16212.045616  21438.332661    720.791509  6  3  4  59       
PG18   6078.111900 -21835.532195 -13678.553642   -522.093717  6  3  4  29       
PG19  10558.570628  17887.115330  16564.788943    420.956577  7  3  3  52       
PG20  10079.854651  11799.152683 -21508.494485    393.553489  7  5     56       
PG21 -16510.761504  -6100.464117  20649.052289    139.679436  5  3  5  73       
PG22  -1791.842978  18063.837750  19922.263809     55.234969  5  5  4  43       
PG23  15236.249462 -20252.303977   7636.203296    127.534330  6  5  4   8       
PG24  16248.587827   1720.459107  20595.266449   -405.976954  6  2  3  34       
PG25  19813.004376 -17459.119100   -527.710269    483.799453  5  4  3  29       
PG26  -7409.665655 -14556.871003 -21034.981732    203.989517  4  4     37       
PG27 -22228.660920 -13298.050973  -7082.571186      0.138847 10 12 14  15       
PG28  -5738.891369 -25928.720809   -573.723347    -86.958739  3  7  2  36       
PG29  15159.820295  -8211.022390 -20278.251764   -609.193342  9  6  6  31       
PG30    330.342231  25850.914587  -5317.006980   -450.298653  3  5  4  66       
PG31 -10216.358476 -22398.615458  -9622.491415   -227.055269  2  5  4  45       
PG32  -5520.243980 -16845.983199  20032.014041   -601.840478  2  5  5  44       
*  2024  1  2 12 30  0.00000000
PG01 -13826.874834   4135.708146  21942.481611    165.099822  6  6  7  55       
PG02 -16379.784205  -2913.882057  21259.641578   -506.795346  3  4  4  80       
PG03 -21558.784099   8901.784937  12453.584073     98.277963  9  6  5  54       
PG04 -24100.893221    187.112545 -11297.072535    255.630881  6  4  4  91       
PG05  17528.160421   1659.045076 -20091.492942   -156.447758  8  4  5  50       
PG06   6252.952637  25745.651853   -633.556567    458.395150  2  3  3  69       
PG07  -7393.643101  19052.451368 -16221.296671    -27.311601  3     4  44       
PG08 -26186.771995  -4877.482541   2766.633829   -160.079768  9  8  6  89       
PG09 -15641.449232   9767.202107 -19223.398079     45.983986  6  5  4  78       
PG10   6010.509011 -20362.479143  15946.797865    -67.740509  2  1  4  56       
PG11  11879.181340  20920.799634 -11283.190044   -524.722022  6  5  4  73       
PG12  22252.706982  -7436.058473  12096.890191   -463.779210  7  3  3  49       
PG13  22239.439238  13929.407408  -5004.265393    611.862464  7  3  5  69       
PG14  -9739.879568  21072.315140  12761.996395    287.711854  4  4  4  16       
PG15  26462.277990   2299.427034   1952.713808    113.124636  6  3  3  65       
PG16 -13203.456416  -8778.590412 -21691.425372   -392.256758  6  4  3  36       
PG17  -1783.927171  15360.468788  22012.561834    720.790926  6  3  5  55       
PG18   6556.134068 -20201.172882 -15816.811730   -522.102348  6  3  4  64       
PG19   8675.177038  17165.467026  18280.363791    420.961271  7  4  2  40       
PG20   8525.681557  13692.592121 -21070.752797    393.551450  7  4  1  52       
PG21 -17084.015879  -8196.464901  19475.800815    139.678395  5  3  4  73       
PG22  -3548.352372  19234.806886  18536.171954     55.228801  5  4  4           
PG23  15903.618202 -20586.159550   4856.845254    127.540787  7  5  4  38       
PG24  16866.814929   4036.906407  19812.284027   -405.983737  6  2  3  16       
PG25  19915.777267 -17140.171473   2322.995205    483.800682  5  3  3  56       
PG26  -5700.465136 -16179.911399 -20333.023320    203.986498  4  5  2  70       
PG27 -21298.364441 -13194.545762  -9704.874144      0.135199 10 12 14           
PG28  -5467.898373 -25890.668846   2280.171012    -86.968478  2  7      4       
PG29  17181.903808  -7262.228433 -18992.575203   -609.193008  9  6  6   9       
PG30   -151.380484  25147.405794  -7994.036376   -450.294622  4  4  4  60       
PG31 -10108.368593 -23369.322403  -6976.527121   -227.055518  2  5  4  46       
PG32  -3303.510073 -16210.328898  21011.317661   -601.843380  2  5  5  29       
*  2024  1  2 12 45  0.00000000
PG01 -14465.216618   1639.956590  21890.002689    165.100607  6  5  6  61       
PG02 -17097.954068  -5064.380412  20262.820717   -506.790284  2  3  4  97       
PG03 -20562.070749   7667.616538  14735.246023     98.301944  9  6  6  50       
PG04 -25137.711314   -341.616358  -8762.517214    255.639722  6  4  4  89       
PG05  16033.782904   3429.732626 -21091.063793   -156.449133  8  4  5  69       
PG06   6056.453380  25707.618504   2282.501981    458.383867  2  2  2  45       
PG07  -8136.124711  17121.330573 -17925.167990    -27.320014  3     3  49       
PG08 -26292.724344  -5145.254964    -48.832382   -160.082061 10  7  6  73       
PG09 -17651.261977   9153.847407 -17724.825475     45.994799  5  5  5  92       
PG10   7302.221957 -21444.910434  13789.445145    -67.740947  2  1  4  46       
PG11  11922.090127  22086.206839  -8739.893328   -524.735039  5  4  4  40       
PG12  21220.350070  -6250.587092  14364.295967   -463.782679  7  3  3  41       
PG13  21516.789671  13841.966812  -7743.978156    611.865855  7  3  5  60       
PG14 -10879.725239  21803.590619  10369.968434    287.721212  5  4  4           
PG15  26543.048935   2624.918132   -836.623549    113.128175  6  3  4  62       
PG16 -11358.939988 -10354.439926 -22002.723202   -392.249835  6  4  3  59       
PG17  -4104.378907  14619.841523  22222.219715    720.789867  6  4  5  48       
PG18   7175.848773 -18374.668882 -17680.440313   -522.110959  7  3  5  82       
PG19   6586.897635  16482.099358  19680.442281    420.966056  7  4  2  48       
PG20   7110.932251  15603.535650 -20269.451396    393.549797  7  5  2  46       
PG21 -17719.791881 -10116.400324  17989.496679    139.677369  4  4  3  76       
PG22  -5108.747887  20389.173563  16844.626266     55.222938  4  4  4  31       
PG23  16331.459853 -20721.902967   1992.977615    127.547274  7  6  3  19       
PG24  17554.680197   6213.550814  18679.407835   -405.990543  6  2  2  25       
PG25  19810.784018 -16593.324406   5132.855315    483.801930  5  3  2  37       
PG26  -4131.920432 -17810.552771 -19282.876890    203.983473  4  5  2  61       
PG27 -20090.059404 -13068.716207 -12165.820666      0.131553 10 11 14  33       
PG28  -5101.945670 -25559.676147   5094.815743    -86.978296  2  7  1   3       
PG29  19097.723273  -6479.219879 -17382.303776   -609.192368  9  6  7  75       
PG30   -740.867814  24180.618352 -10530.769757   -450.290568  4  4  4  17       
PG31  -9974.811870 -24046.374183  -4208.325650   -227.055730  2  4  5  54       
PG32   -967.950212 -15669.997984  21636.402885   -601.846324     5  5  63       
*  2024  1  2 13  0  0.00000000
PG01 -15232.264516   -785.539508  21449.127145    165.101372  6  5  6  44       
PG02 -17881.154558  -7054.846490  18933.757371   -506.785235  2  3  3  91       
PG03 -19472.289976   6195.284134  16759.659636     98.325852  9  5  5  53       
PG04 -25913.951056   -746.813716  -6078.212324    255.648548  7  5  5  65       
PG05  14579.555136   5350.898295 -21733.968129   -156.450473  8  5  5  51       
PG06   5756.174477  25367.295339   5159.058904    458.372478  2  2  2  76       
PG07  -9028.112286  15060.077291 -19303.624484    -27.328818  3  1  3  81       
PG08 -26101.643379  -5354.369420  -2863.486436   -160.083469 10  7  6  40       
PG09 -19507.120299   8677.581850 -15923.860956     46.005670  5  5  5 103       
PG10   8364.816822 -22403.172206  11393.748147    -67.741950  3  1  3  53       
PG11  11945.411027  22962.400209  -6046.451655   -524.748082  5  4  4  75       
PG12  20076.649589  -4839.039066  16379.290778   -463.786023  7  3  4  30       
PG13  20507.484788  13693.916689 -10352.951942    611.869469  7  4  5  66       
PG14 -11790.996866  22384.434632   7797.894608    287.730525  5  5  4  29       
PG15  26328.175968   2925.948526  -3611.808913    113.131624  6  2  5  66       
PG16  -9587.983272 -12039.552473 -21947.093485   -392.242807  6  4  3  53       
PG17  -6463.459255  14007.606457  22064.391487    720.788705  7  4  6  47       
PG18   7951.659688 -16399.824066 -19237.405294   -522.119583  7  3  5  84       
PG19   4327.590704  15869.554894  20739.635431    420.970535  6  4  1  36       
PG20   5853.566248  17488.099625 -19118.952222    393.548455  7  5  3  41       
PG21 -18386.506595 -11832.003085  16214.958369    139.676170  4  4  3  61       
PG22  -6458.777203  21485.713312  14875.152816     55.217034  4  4  4  68       
PG23  16542.168415 -20627.566362   -905.583919    127.553745  8  6  3  25       
PG24  18283.826732   8214.541163  17218.315907   -405.997333  6  3  2  26       
PG25  19529.381580 -15799.549423   7852.183766    483.803187  5  3  2  40       
PG26  -2722.195740 -19407.126511 -17901.401694    203.980449  4  5  3  71       
PG27 -18618.549280 -12957.920157 -14424.707283      0.127899  9 11 14  84       
PG28  -4608.468932 -24954.520691   7821.738796    -86.988075     7  2  43       
PG29  20861.505998  -5855.086693 -15475.054839   -609.191745  9  5  7  53       
PG30  -1463.030369  22979.039315 -12882.628971   -450.286482  5  4  4  56       
PG31  -9777.974242 -24425.237999  -1366.152197   -227.055990  2  4  5  65       
PG32   1443.279747 -15244.272392  21896.323242   -601.849186     4  4  49       
*  2024  1  2 13 15  0.00000000
PG01 -16106.228334  -3092.692601  20628.981232    165.102137  5  5  6  57       
PG02 -18696.490266  -8854.633967  17293.870247   -506.780370  2  3  3  70       
PG03 -18334.257360   4494.838580  18491.321742     98.349705  8  5  5  53       
PG04 -26405.652120  -1059.122040  -3290.079427    255.657386  7  5  5  79       
PG05  13201.469620   7390.612983 -22009.249747   -156.451709  8  5  5  39       
PG06   5317.760975  24745.467275   7946.414215    458.361132  2  1  2  60       
PG07 -10071.262869  12917.230715 -20331.883893    -27.337093  3     2  80       
PG08 -25610.965892  -5541.496221  -5630.158259   -160.085948 10  7  6  71       
PG09 -21168.290729   8321.530989 -13851.144174     46.016477  4  5  5 103       
PG10   9203.146911 -23193.612297   8800.413437    -67.743343  5  1  3  63       
PG11  11910.513225  23543.350381  -3249.177273   -524.761136  5  3  4  66       
PG12  18865.376559  -3208.245387  18105.904432   -463.789494  8  2  4  24       
PG13  19219.401481  13524.640291 -12787.401809    611.872893  7  5  5  84       
PG14 -12483.818468  22777.521296   5090.312146    287.739824  6  5  4  58       
PG15  25821.958271   3237.551594  -6326.082233    113.135156  6  3  6  49       
PG16  -7924.097064 -13800.410938 -21524.091677   -392.236030  6  4  2  59       
PG17  -8814.827145  13533.496944  21541.996719    720.788213  7  4  6  36       
PG18   8890.001864 -14323.717464 -20461.098002   -522.128194  8  3  5  79       
PG19   1937.526037  15354.685464  21438.336108    420.975362  6  5     32       
PG20   4763.575833  19301.008479 -17639.584748    393.546334  6  4  4  23       
PG21 -19048.665298 -13321.778737  14181.152161    139.675109  3  5  2  64       
PG22  -7592.103460  22482.258529  12659.768419     55.211030  4  3  4  40       
PG23  16564.819356 -20277.659438  -3788.375011    127.560227  8  7  4  44       
PG24  19021.309816  10010.809044  15456.314634   -406.004114  6  3     24       
PG25  19107.429632 -14747.731506  10432.600481    483.804424  4  3  3  51       
PG26  -1481.991098 -20926.300802 -16211.276315    203.977435  4  5  3  16       
PG27 -16906.379685 -12896.743845 -16444.130632      0.124207  9 10 13  52       
PG28  -3959.522050 -24101.513910  10413.953226    -86.997832     7  3  11       
PG29  22430.826016  -5375.067555 -13303.467157   -609.191670  9  5  7  43       
PG30  -2336.869744  21577.313531 -15008.332032   -450.282457  5  4  4  74       
PG31  -9481.058749 -24510.340708   1500.091474   -227.056025  2  4  5           
PG32   3883.924069 -14945.044938  21786.153855   -601.852091     2  3  60       
*  2024  1  2 13 30  0.00000000
PG01 -17058.137890  -5238.650114  19445.485968    165.102811  5  4  5  68       
PG02 -19506.817618 -10439.824597  15369.518963   -506.775478  2  4  3  61       
PG03 -17191.623977   2585.203994  19899.888481     98.373513  7  5  6  66       
PG04 -26596.729875  -1313.008125   -445.763449    255.666241  7  5  5  77       
PG05  11929.915971   9511.034664 -21912.057371   -156.452626  8  6  4  33       
PG06   4711.898942  23870.785557  10596.522557    458.349817  2  2     73       
PG07 -11258.890328  10742.298971 -20991.892079    -27.345895  3  1  2  54       
PG08 -24826.489074  -5743.331532  -8302.514795   -160.088932 10  7  6  47       
PG09 -22599.108606   8062.246624 -11541.939978     46.027420  4  5  5  98       
PG10   9830.417548 -23775.899199   6053.903767    -67.744572  5     3  39       
PG11  11779.298643  23831.874052   -396.125939   -524.774186  5  3  4  74       
PG12  17629.940092  -1373.815804  19513.239576   -463.793076  8  2  4           
PG13  17668.834929  13372.111670 -15006.541331    611.876164  7  6  6  66       
PG14 -12975.809464  22949.860975   2294.210069    287.749136  6  5  4  51       
PG15  25036.660814   3593.576072  -8934.188359    113.138473  6  3  6  65       
PG16  -6394.854032 -15598.209149 -20739.274411   -392.229042  6  3  2  70       
PG17 -11111.448594  13199.250249  20663.727011    720.787562  7  5  6  53       
PG18   9988.951526 -12194.988809 -21330.779081   -522.136775  8  4  5  96       
PG19   -537.942657  14957.544075  21763.150922    420.980153  6  5     74       
PG20   3842.791521  20997.228959 -15857.260617    393.544763  6  4  4  33       
PG21 -19668.163189 -14571.564951  11920.796325    139.674137  3  5  1  60       
PG22  -8510.382832  23337.240197  10234.551077     55.204974  3  3  5  65       
PG23  16433.868727 -19654.301047  -6605.192735    127.566719  9  7  4  58       
PG24  19730.966273  11580.927445  13425.719406   -406.010913  6  3     44       
PG25  18583.767191 -13435.350318  12827.975187    483.805661  4  2  3  26       
PG26   -414.265755 -22324.667840 -14240.685631    203.974412  4  4  3  38       
PG27 -14983.139000 -12915.605866 -18190.534887      0.120524  9  9 13   8       
PG28  -3133.063344 -23033.473437  12826.770231    -87.007622     6  4  55       
PG29  23768.117436  -5017.283669 -10904.652256   -609.191507  9  5  6           
PG30  -3374.517372  20014.920839 -16870.660425   -450.278402  5  3  4  45       
PG31  -9049.858265 -24314.858045   4339.794223   -227.056257  2  3  5  52       
PG32   6306.167808 -14776.367022  21307.105298   -601.854962        3  55       
*  2024  1  2 13 45  0.00000000
PG01 -18053.031218  -7187.252300  17920.953805    165.103520  4  4  4  50       
PG02 -20272.103960 -11793.943464  13191.669459   -506.770289  3  4  2  57       
PG03 -16085.156036    493.642999  20960.734633     98.397408  7  5  5  32       
PG04 -26479.573705  -1545.243930   2406.164944    255.675145  7  6  5  54       
PG05  10788.621623  11669.660901 -21443.735341   -156.453589  7  5  4  25       
PG06   3915.642581  22778.618727  13063.825363    458.338502  3  2     33       
PG07 -12576.113515   8583.865500 -21272.656298    -27.354440  3  1  2  73       
PG08 -23762.202844  -5995.046614 -10835.773063   -160.091857  9  7  5  64       
PG09 -23770.225855   7870.756343  -9035.559199     46.038226  5  5  5  90       
PG10  10267.523783 -24114.669881   3201.687222    -67.746417  6     3  51       
PG11  11515.838569  23839.411248   2463.725156   -524.787258  5  3  4  41       
PG12  16411.667672    640.245516  20576.086942   -463.796705  8  2  4  52       
PG13  15880.006835  13271.342433 -16973.210714    611.879627  7  6  6  59       
PG14 -13291.210659  22874.177086   -541.807280    287.758407  6  5  4  53       
PG15  23992.010978   4025.243587 -11393.054015    113.141980  6  4  6  58       
PG16  -5020.955802 -17390.139183 -19604.215792   -392.222264  5  3  3  41       
PG17 -13307.143420  12998.613698  19443.916437    720.786733  7  5  6  71       
PG18  11238.173493 -10062.080483 -21831.912203   -522.145364  8  4  5  86       
PG19  -3049.921878  14690.547838  21707.225854    420.984670  6  5  1  72       
PG20   3085.009829  22533.597989 -13802.997694    393.543046  6  4  5           
PG21 -20205.675796 -15574.852756   9469.942325    139.672983  3  4     58       
PG22  -9223.059564  24011.232461   7639.152254     55.199122  3  2  5  64       
PG23  16187.646311 -18748.059365  -9307.001799    127.573276  9  7  5  69       
PG24  20374.899802  12911.653149  11163.163780   -406.017691  6  4  1  71       
PG25  17998.563099 -11868.820124  14995.343361    483.806905  4  3  4  46       
PG26    485.734180 -23560.365487 -12022.900495    203.971431  3  4  3  15       
PG27 -12884.516592 -13039.519684 -19634.710305      0.116870  8  8 13  58       
PG28  -2114.014601 -21788.456170  15018.573729    -87.017447     6  4  46       
PG29  24842.013731  -4753.749382  -8319.573703   -609.190999  9  6  6  50       
PG30  -4580.555551  18334.672230 -18437.143918   -450.274349  5  3  5  48       
PG31  -8454.343063 -23860.155487   7102.596978   -227.056653  3  3  5  70       
PG32   8662.245083 -14734.298256  20466.547854   -601.857775  2     3  51       
*  2024  1  2 14  0  0.00000000
PG01 -19051.382442  -8910.198600  16083.567405    165.104286  5  3  4  71       
PG02 -20950.910416 -12908.420746  10795.499293   -506.765471  4  3  2  63       
PG03 -15051.142532  -1745.112200  21655.403361     98.421217  6  5  5  55       
PG04 -26055.335892  -1793.301020   5217.020301    255.684023  7  6  5           
PG05   9793.849349  13820.764197 -20611.822152   -156.455388  7  5  3  52       
PG06   2913.489080  21509.659866  15306.031301    458.327163  3  2     41       
PG07 -14000.367321   6487.758648 -21170.402797    -27.363077  3  1  3  73       
PG08 -22439.836059  -6328.797172 -13187.391159   -160.094008  8  7  6  42       
PG09 -24659.631699   7713.832553  -6374.711181     46.049036  5  5  5  89       
PG10  10542.076299 -24181.011577    293.408464    -67.747031  6     3  25       
PG11  11087.931588  23585.482744   5281.312831   -524.800266  5  3  4  61       
PG12  15248.176572   2802.270817  21275.429139   -463.799889  7  3  4  45       
PG13  13884.292430  13252.952129 -18654.447660    611.883200  7  6  6  46       
PG14 -13459.751243  22530.071861  -3368.391213    287.767741  6  5  4  36       
PG15  22714.445303   4559.829363 -13662.405873    113.145367  6  4  6  60       
PG16  -3815.548138 -19130.855632 -18136.436024   -392.215327  5  2  3  42       
PG17 -15358.107544  12917.643078  17902.345695    720.785872  7  5  6  50       
PG18  12619.206452  -7971.504748 -21956.383641   -522.153982  8  5  5  83       
PG19  -5547.681207  14557.951139  21270.453302    420.989517  5  5  2  52       
PG20   2476.434981  23870.382325 -11512.363617    393.541620  5  4  5  41       
PG21 -20622.097635 -16332.861867   6867.532008    139.672222  3  4     78       
PG22  -9746.881712  24468.448291   4916.251262     55.192980  3  2  5  71       
PG23  15866.704379 -17558.465982 -11846.818244    127.579834 10  7  6  73       
PG24  20915.019146  13998.142091   8708.857950   -406.024507  6  4  1           
PG25  17391.610387 -10063.467775  16895.769804    483.808100  4  3  4  61       
PG26   1230.139836 -24594.670154  -9595.752510    203.968555  2  3  3  58       
PG27 -10651.149785 -13287.056800 -20752.239319      0.113196  8  7 12           
PG28   -895.050705 -20408.300574  16951.542734    -87.027204     6  5  23       
PG29  25628.463023  -4551.620853  -5592.363730   -609.190726  8  6  5  47       
PG30  -5951.649081  16581.087600 -19680.647994   -450.270289  5  3  5  56       
PG31  -7670.093041 -23174.900052   9739.365327   -227.056650  3  2  5  56       
PG32  10906.058065 -14807.066432  19277.942949   -601.860682  3     4  55       
*  2024  1  2 14 15  0.00000000
PG01 -20010.704668 -10387.882174  13966.759403    165.104977  5  4  4  86       
PG02 -21501.951680 -13782.781395   8219.941400   -506.760650  4  3  2  84       
PG03 -14119.995906  -4090.028336  21971.936905     98.445037  6  4  5  49       
PG04 -25333.900552  -2093.719797   7938.814274    255.692929  7  6  5  31       
PG05   8953.881526  15916.959538 -19429.955546   -156.456317  6  5  3  41       
PG06   1698.160133  20108.346136  17284.831860    458.315865  3  2     45       
PG07 -15502.248792   4495.366856 -20688.559298    -27.371577  3  1  3  66       
PG08 -20888.132125  -6772.345475 -15317.730297   -160.095230  8  7  6  52       
PG09 -25253.407457   7555.433305  -3604.797202     46.059833  5  5  5  66       
PG10  10687.150590 -23953.713317  -2620.003201    -67.748490  6  2  2  27       
PG11  10468.522584  23096.849354   8008.322749   -524.813408  4  3  3  22       
PG12  14171.905997   5073.978140  21598.819210   -463.803333  7  3  4  41       
PG13  11719.194446  13341.912821 -20021.995569    611.886600  7  6  6  46       
PG14 -13515.302494  21904.932987  -6136.336664    287.777017  6  5  3  69       
PG15  21236.138698   5219.508997 -15705.327327    113.148751  6  5  6  45       
PG16  -2783.814934 -20774.069155 -16359.235566   -392.208611  5  2  3  54       
PG17 -17224.361128  12935.284105  16063.980244    720.784975  7  6  6  64       
PG18  14106.072921  -5966.203163 -21702.606212   -522.162539  8  5  5  62       
PG19  -7980.448642  14555.656142  20459.550556    420.994147  5  5  3  42       
PG20   1996.414367  24972.711492  -9024.849801    393.539789  5  3  5  46       
PG21 -20879.987764 -16854.367633   4154.928628    139.670961  3  3  1  66       
PG22 -10105.149500  24678.134395   2110.952638     55.186840  3  2  5  49       
PG23  15512.089578 -16094.182866 -14180.552490    127.586347  9  8  6  77       
PG24  21314.566896  14843.840692   6105.816116   -406.031306  6  5  2  48       
PG25  16800.638571  -8043.144540  18495.135701    483.809330  4  3  4  64       
PG26   1837.823934 -25393.496707  -7001.009169    203.965531  2  2  3  65       
PG27  -8327.297194 -13669.546710 -21523.886167      0.109624  8  6 12  26       
PG28    522.911987 -18937.034654  18592.308708    -87.036956     6  5  66       
PG29  26111.577623  -4374.635211  -2769.587504   -609.190027  7  6  5  57       
PG30  -7476.502333  14798.722432 -20579.851909   -450.266218  6  3  5  74       
PG31  -6679.510145 -22293.877805  12203.148683   -227.057006  4  2  5  73       
PG32  12994.748323 -14975.535445  17760.679199   -601.863535  3  2  4  48       
*  2024  1  2 14 30  0.00000000
PG01 -20887.258257 -11609.868112  11608.513242    165.105565  6  4  4  79       
PG02 -21885.682061 -14424.551663   5507.165110   -506.755563  4  3  3  41       
PG03 -13315.102401  -6495.192081  21905.081760     98.468838  5  4  5  56       
PG04 -24333.533862  -2480.515513  10525.056079    255.701821  7  6  5  22       
PG05   8268.811286  17910.848369 -17917.683489   -156.457662  6  5  3  44       
PG06    271.061040  18621.153314  18966.540673    458.304554  3  3     53       
PG07 -17046.654415   2642.172330 -19837.569980    -27.380329  3  1  3  61       
PG08 -19141.878336  -7347.844461 -17190.681007   -160.097789  7  7  6  63       
PG09 -25546.186203   7358.260481   -773.155051     46.070660  5  5  5  75       
PG10  10739.807449 -23420.230949  -5487.271205    -67.749909  6  3  3  63       
PG11   9636.928018  22406.406130  10598.009773   -524.826350  4  3  2  55       
PG12  13208.872767   7411.796813  21540.623719   -463.807081  7  3  4  33       
PG13   9427.100471  13556.512202 -21052.744188    611.889861  7  6  6  32       
PG14 -13494.372967  20994.543581  -8797.468984    287.786337  6  5  3  68       
PG15  19593.853922   6020.407098 -17488.753167    113.152469  6  5  6  59       
PG16  -1922.873262 -22274.214767 -14301.428761   -392.201748  5  2  4  65       
PG17 -18871.074509  13024.219302  13958.642190    720.784185  7  5  6  51       
PG18  15666.188094  -4084.060541 -21075.508325   -522.171113  7  5  5  44       
PG19 -10299.226253  14671.373809  19288.002575    420.998875  5  5  3  47       
PG20   1618.436773  25811.830992  -6383.187462    393.537761  5  2  6  40       
PG21 -20944.980367 -17155.282676   1375.418771    139.670601  3  3     51       
PG22 -10326.717160  24615.814851   -729.871550     55.181259  3  2  5  45       
PG23  15163.608450 -14372.815592 -16267.794722    127.592896  9  7  6  48       
PG24  21539.580290  15460.068723   3399.070553   -406.038129  5  5  2  41       
PG25  16259.718262  -5839.484801  19764.826836    483.810592  3  3  4  52       
PG26   2333.486598 -25928.742942  -4283.657821    203.962490  1  1  3  81       
PG27  -5959.381647 -14190.542905 -21935.925555      0.105986  7  5 11           
PG28   2130.548630 -17419.211249  19912.536176    -87.046697  2  6  6  37       
PG29  26284.185757  -4184.685433    100.533869   -609.190020  7  6  5  68       
PG30  -9136.142423  13030.512319 -21119.608564   -450.262168  6  2  5  51       
PG31  -5472.755680 -21256.566053  14450.100984   -227.057164  4  2  5  17       
PG32  14890.162615 -15213.967714  15939.811427   -601.866405  4  3  4  56       
*  2024  1  2 14 45  0.00000000
PG01 -21637.793238 -12575.006676   9050.605392    165.106227  6  4  5  95       
PG02 -22065.854338 -14848.879664   2701.993930   -506.750630  5  2  3  73       
PG03 -12651.967997  -8911.425943  21456.364941     98.492630  5  4  5  52       
PG04 -23080.228578  -2983.681762  12931.529362    255.710792  7  6  4  17       
PG05   7730.650054  19756.679850 -16100.181301   -156.458656  5  4  3  37       
PG06  -1357.598847  17094.831981  20322.647064    458.293261  3  3  2  53       
PG07 -18594.151778    956.562809 -18634.556679    -27.388816  3     3  91       
PG08 -17240.721460  -8070.828059 -18774.246341   -160.098534  7  7  6  76       
PG09 -25541.298739   7085.376069   2071.733957     46.081503  6  4  5  82       
PG10  10739.444100 -22577.320499  -8257.734170    -67.751112  6  4  3  46       
PG11   8579.820174  21551.854398  13005.990419   -524.839355  4  4  2  65       
PG12  12377.703514   9768.413942  21102.124134   -463.810473  6  3  4  53       
PG13   7053.867153  13907.572230 -21729.098166    611.893567  7  5  6  58       
PG14 -13434.506599  19803.370190 -11305.511366    287.795622  6  5  3  82       
PG15  17827.653121   6971.875899 -18983.902397    113.155581  6  6  6  42       
PG16  -1221.981677 -23588.134715 -11996.972279   -392.195086  5  3  4  74       
PG17 -20269.726872  13151.954538  11620.615451    720.783321  7  5  5  45       
PG18  17261.530472  -2356.628897 -20086.411007   -522.179692  7  5  5  56       
PG19 -12458.551264  14885.133496  17775.865485    421.003923  4  5  3  49       
PG20   1311.352991  26366.130041  -3632.617640    393.536043  4  1  6  40       
PG21 -20787.118376 -17258.002075  -1426.318047    139.669126  4  3  1  44       
PG22 -10444.778075  24264.335706  -3558.291033     55.174969  3  3  5  71       
PG23  14858.156977 -12420.380894 -18072.527250    127.599479  9  7  7  12       
PG24  21560.230942  15865.320053    634.887854   -406.044966  5  5  3  69       
PG25  15797.828838  -3490.841366  20682.303542    483.811843  3  4  3  60       
PG26   2746.496323 -26179.420888  -1491.110193    203.959455  1     3  74       
PG27  -3594.450594 -14845.576322 -21980.405238      0.102361  7  3 11  35       
PG28   3910.287853 -15898.235194  20889.416298    -87.056493  2  5  6  30       
PG29  26148.064377  -3943.471068   2968.929800   -609.189689  6  5  5  76       
PG30 -10904.515243  11316.202576 -21291.180765   -450.258160  6  2  4  58       
PG31  -4048.369429 -20105.521119  16440.338609   -227.057242  4  2  5  61       
PG32  16560.157664 -15491.056593  13845.702232   -601.869273  4  3  4  35       
*  2024  1  2 15  0  0.00000000
PG01 -22221.256314 -13291.188153   6337.808600    165.106916  6  4  6  88       
PG02 -22010.996392 -15077.876212   -148.739184   -506.745574  6  2  3  73       
PG03 -12137.693135 -11288.033656  20634.041156     98.516410  5  3  4  56       
PG04 -21606.767036  -3627.848551  15117.033575    255.719695  6  6  3  63       
PG05   7323.749788  21411.968710 -14007.876193   -156.460018  5  4  3  56       
PG06  -3169.027391  15574.653461  21330.276223    458.281933  3  3  3  68       
PG07 -20102.519781   -541.034785 -17102.844857    -27.397310  3     3  64       
PG08 -15227.809428  -8949.445616 -20041.074746   -160.100491  7  7  6  78       
PG09 -25250.598994   6701.814555   4881.063279     46.092280  5  4  5  79       
PG10  10726.044136 -21431.308301 -10882.311139    -67.752432  6  4  3  50       
PG11   7291.932328  20574.202888  15190.994475   -524.852358  4  4  2  79       
PG12  11688.983836  12094.476903  20291.474473   -463.814166  6  3  4  79       
PG13   4647.280413  14397.951733 -22039.269153    611.896612  6  5  6  69       
PG14 -13372.649186  18344.516871 -13616.915159    287.804946  6  4  2  88       
PG15  15979.515924   8076.024162 -20166.650019    113.159315  6  6  6  68       
PG16   -663.062630 -24676.712016  -9484.485828   -392.188153  5  2  4  89       
PG17 -21399.056568  13282.111500   9088.183758    720.782767  6  5  5  66       
PG18  18850.027545   -808.107923 -18752.797552   -522.188307  7  5  4  57       
PG19 -14418.128408  15170.123572  15949.431218    421.008295  5  5  3  48       
PG20   1040.770605  26621.906960   -820.127371    393.534575  4  2  6  18       
PG21 -20382.068525 -17190.526921  -4204.775158    139.667930  4  3  2  56       
PG22 -10495.471783  23614.667374  -6326.072922     55.169084  3  4  4  70       
PG23  14628.181406 -10270.450728 -19563.750447    127.606012  9  6  7  66       
PG24  21351.997565  16084.316551  -2139.999625   -406.051796  5  6  3  75       
PG25  15437.652612  -1040.942657  21231.536830    483.813103  3  4  3  75       
PG26   3109.531217 -26132.524667   1327.657639    203.956403  1  1  4  79       
PG27  -1278.605386 -15622.209055 -21655.336813      0.098730  7  2 10   6       
PG28   5836.797512 -14414.747144  21506.064606    -87.066216  3  5  6  37       
PG29  25713.843655  -3614.161778   5786.503718   -609.189060  6  5  5  73       
PG30 -12749.368023   9690.925602 -21092.351814   -450.254099  6  1  4  52       
PG31  -2413.542104 -18884.651519  18138.713008   -227.057496  5  2  4  53       
PG32  17979.692945 -15771.193580  11513.567240   -601.872145  4  4  3  70       
*  2024  1  2 15 15  0.00000000
PG01 -22600.397355 -13774.759681   3517.074447    165.107574  6  4  6  85       
PG02 -21695.750508 -15139.691756  -2996.896576   -506.740860  6  3  4  58       
PG03 -11770.795404 -13574.604722  19452.913694     98.540217  5  3  3  60       
PG04 -19951.537284  -4431.146461  17044.078380    255.728618  6  6  3  60       
PG05   7025.526819  22839.009551 -11675.981754   -156.461463  5  4  3  51       
PG06  -5136.402595  14102.732251  21972.550329    458.270639  3  4  4  55       
PG07 -21528.386583  -1838.672178 -15271.376228    -27.405844  3     3  77       
PG08 -13148.305345  -9983.970815 -20968.934830   -160.101820  7  7  7  90       
PG09 -24693.973954   6176.129011   7606.531667     46.103093  5  4  4  58       
PG10  10738.400319 -19997.982099 -13314.446097    -67.753272  6  4  3  19       
PG11   5776.457396  19516.155517  17115.563675   -524.865400  4  5  2  57       
PG12  11144.950401  14340.380019  19123.517549   -463.817549  5  3  5  66       
PG13   2255.445185  15022.352131 -21977.487320    611.900390  6  4  6  18       
PG14 -13343.549852  16639.347243 -15691.636322    287.814281  5  4  2  80       
PG15  14091.910062   9327.508815 -21017.838778    113.163268  6  6  6  24       
PG16   -221.527361 -25506.389153  -6806.665357   -392.181690  5  3  4  94       
PG17 -22245.767281  13375.884927   6403.101415    720.782297  6  5  5  54       
PG18  20387.102147    545.381878 -17097.982090   -522.196885  6  6  4  57       
PG19 -16144.263753  15493.830260  13840.757922    421.013689  5  4  4  60       
PG20    770.568926  26573.845306   2006.335849    393.533238  4  2  6  54       
PG21 -19712.177266 -16985.387413  -6914.222193    139.667092  5  3  3  40       
PG22 -10516.359621  22666.427947  -8985.475825     55.163479  3  4  4  65       
PG23  14500.331591  -7963.008078 -20716.011229    127.612518  8  6  7  42       
PG24  20896.633959  16146.857265  -4879.136705   -406.058646  5  6  3  53       
PG25  15194.648093   1462.669884  21403.299745    483.814360  3  5  2  61       
PG26   3457.075450 -25783.594945   4123.012043    203.953338  2  2  4  77       
PG27    944.546852 -16500.391773 -20964.808468      0.095128  7  3 10  65       
PG28   7877.776389 -13005.126682  21751.815839    -87.075996  4  5  6  20       
PG29  25000.585977  -3163.009992   8504.960756   -609.188559  5  5  4  73       
PG30 -14633.380520   8183.981360 -20527.411547   -450.250011  6  1  4  57       
PG31   -584.028762 -17637.451724  19515.478378   -227.057372  5  3  4  64       
PG32  19131.667085 -16015.925291   8982.927070   -601.875005  4  4  2  89       
*  2024  1  2 15 30  0.00000000
PG01 -22743.217031 -14049.636404    636.711645    165.108268  6  5  7  74       
PG02 -21102.021943 -15067.355260  -5793.795899   -506.735763  6  3  5  68       
PG03 -11541.384705 -15722.805987  17934.034762     98.564046  5  3  2  55       
PG04 -18157.146134  -5404.320914  18679.520151    255.737524  6  6  2  70       
PG05   6807.462813  24006.230055  -9143.946402   -156.462825  4  4  4  78       
PG06  -7225.734780  12716.488024  22238.846732    458.259323  3  4  5  30       
PG07 -22828.893495  -2933.039748 -13174.031775    -27.414248  3  1  3  43       
PG08 -11047.825144 -11166.606709 -21541.123999   -160.102558  7  7  7  75       
PG09 -23898.555288   5481.810365  10201.172178     46.113866  5  4  4  84       
PG10  10812.386571 -18302.104138 -15511.008143    -67.754683  6  4  3  37       
PG11   4045.124247  18420.447559  18746.686196   -524.878459  3  6  3  64       
PG12  10739.536460  16458.060458  17619.466183   -463.821220  4  3  5  66       
PG13    -74.839063  15767.435364 -21544.128274    611.903529  6  4  5  54       
PG14 -13378.262386  14716.790096 -17493.842766    287.823615  5  4  2  29       
PG15  12206.360916  10713.594003 -21523.531618    113.166629  6  6  5  60       
PG16    132.621323 -26050.507579  -4009.592476   -392.174821  5  2  5  72       
PG17 -22804.961041  13393.616821   3609.997731    720.780757  6  4  5  60       
PG18  21827.319691   1696.208861 -15150.684693   -522.205439  5  5  4  57       
PG19 -17611.038156  15819.427949  11487.075203    421.017997  6  4  4  48       
PG20    464.476083  26225.184639   4798.659256    393.530868  3  4  6  35       
PG21 -18767.328807 -16678.393239  -9509.347190    139.665954  6  3  3  33       
PG22 -10544.822978  21428.098820 -11490.072166     55.157031  3  4  3  33       
PG23  14494.359618  -5543.061043 -21509.825496    127.619020  8  5  6  82       
PG24  20182.903301  16086.509837  -7537.054633   -406.065420  4  6  4  66       
PG25  15076.441565   3970.355879  21195.308041    483.815649  3  5  2  31       
PG26   3823.833451 -25136.952494   6845.595230    203.950283  1  2  4  34       
PG27   3035.364233 -17453.118326 -19919.013195      0.091519  6  4  9  81       
PG28   9995.022038 -11700.172619  21622.410621    -87.085771  4  5  6  29       
PG29  24035.054405  -2560.850454  11077.626425   -609.188414  5  5  4  75       
PG30 -16515.497298   6817.866878 -19607.021900   -450.245956  6  1  4  33       
PG31   1416.292477 -16405.273105  20546.838442   -227.057593  5  3  4  50       
PG32  20007.462041 -16185.546537   6296.971200   -601.877837  4  4  2  78       
*  2024  1  2 15 45  0.00000000
PG01 -22624.205741 -14146.149147  -2254.425679    165.108950  6  5  7  71       
PG02 -20219.887075 -14897.410925  -8491.017832   -506.731031  6  3  5  27       
PG03 -11431.680826 -17688.089422  16104.293524     98.587889  5  4     51       
PG04 -16268.880617  -6550.131504  19995.130249    255.746406  5  5  1  81       
PG05   6636.347600  24889.330352  -6454.821489   -156.464076  4  3  4  64       
PG06  -9397.004217  11447.304221  22124.951038    458.248013  3  5  5  57       
PG07 -23963.315713  -3829.275714 -10848.889235    -27.422741  3  2  3  67       
PG08  -8970.853927 -12481.598804 -21746.802627   -160.105312  7  7  7  27       
PG09 -22897.661412   4598.523597  12620.165473     46.124634  4  4  3  78       
PG10  10979.354091 -16376.564477 -17433.124454    -67.756371  6  4  3  68       
PG11   2117.948042  17328.193726  20056.356801   -524.891454  4  7  4  44       
PG12  10458.765401  18402.728779  15806.459565   -463.824501  4  3  5  70       
PG13  -2299.659626  16612.252626 -20745.751598    611.906788  5  5  5  42       
PG14 -13502.806770  12612.357043 -18992.539197    287.832948  4  3  1  33       
PG15  10362.065770  12214.474671 -21675.205106    113.169959  6  5  5  15       
PG16    433.446098 -26290.407771  -1141.947803   -392.168159  5  3  5  76       
PG17 -23080.276800  13296.433872    755.717193    720.779932  5  4  5  42       
PG18  23126.073370   2645.310399 -12944.521753   -522.214067  4  6  4  69       
PG19 -18801.169610  16107.362177   8930.077359    421.022640  6  5  5  35       
PG20     87.648563  25587.581015   7509.357930    393.529393  3  5  6  37       
PG21 -17545.569463 -16307.245761 -11945.936358    139.664750  6  4  4  42       
PG22 -10616.444019  19916.914027 -13795.585543     55.151274  3  4  3  13       
PG23  14622.305924  -3059.070914 -21931.988541    127.625570  7  5  6  72       
PG24  19207.058784  15939.194121 -10069.940780   -406.072289  4  6  4  44       
PG25  15082.560801   6432.166934  20612.209437    483.816901  4  5  3  70       
PG26   4243.129051 -24205.587674   9447.263395    203.947219  2  3  5  54       
PG27   4959.510182 -18447.360708 -18534.185897      0.087937  5  4  9  76       
PG28  12145.734226 -10524.011460  21120.070615    -87.095463  5  4  6  52       
PG29  22850.697335  -1784.428354  13460.242946   -609.187931  5  6  4  82       
PG30 -18352.406284   5607.589518 -18347.968620   -450.241901  6  2  3  30       
PG31   3556.195794 -15225.706171  21215.360655   -227.057636  5  4  4  56       
PG32  20607.169618 -16240.768958   3501.841374   -601.880714  4  5     69       
*  2024  1  2 16  0  0.00000000
PG01 -22225.333696 -14099.678364  -5107.727781    165.109678  7  6  8  64       
PG02 -19048.217491 -14668.398372 -11041.250880   -506.725976  7  4  5  48       
PG03 -11416.849441 -19431.249570  13995.902327     98.611787  4  4  1  63       
PG04 -14333.075146  -7863.060863  20968.085579    255.755306  5  5  1  71       
PG05   6475.718656  25472.162692  -3654.556607   -156.465466  4  3  4  32       
PG06 -11605.530516  10319.432345  21633.104540    458.236683  3  5  5  31       
PG07 -24894.576488  -4540.446184  -8337.438243    -27.431436  3  3  3  60       
PG08  -6959.198126 -13905.657647 -21581.245342   -160.105676  6  8  8  60       
PG09 -21729.509379   3513.111094  14821.623025     46.135394  5  4  3  48       
PG10  11264.721327 -14261.209221 -19046.925001    -67.757303  6  4  3  36       
PG11     22.663240  16277.311198  21022.053631   -524.904474  4  7  4  52       
PG12  10281.471687  20134.463529  13717.008106   -463.828263  4  4  6  80       
PG13  -4379.471893  17528.971852 -19595.047594    611.910268  5  5  4  19       
PG14 -13737.044193  10366.912209 -20162.098256    287.842215  4  3  1  47       
PG15   8594.597037  13803.854359 -21469.883336    113.173417  5  5  5  72       
PG16    717.542011 -26216.236947   1745.859731   -392.161286  5  3  5  75       
PG17 -23083.722707  13047.890149  -2111.400557    720.779198  4  4  4  58       
PG18  24241.243687   3401.943612 -10517.421271   -522.222681  4  5  3  76       
PG19 -19706.527518  16317.057286   6215.121471    421.027403  6  5  6  33       
PG20   -391.806218  24680.663526  10092.354373    393.527709  3  6  6  50       
PG21 -16053.466743 -15910.053320 -14181.587918    139.663748  7  4  4  52       
PG22 -10763.432598  18158.416505 -15860.727209     55.145253  4  4  3  23       
PG23  14888.003043   -561.256685 -21975.770012    127.632114  7  4  6  53       
PG24  17973.059568  15741.709225 -12436.264724   -406.079114  4  6  4  71       
PG25  15204.518550   8799.637443  19665.425723    483.818193  4  5  3  71       
PG26   4745.358420 -23010.707911  11882.006897    203.944152  2  3  5  53       
PG27   6689.111278 -19445.256990 -16832.443338      0.084440  5  5  8  59       
PG28  14284.004139  -9493.276089  20253.460787    -87.105231  5  4  6  50       
PG29  21486.386917   -817.503824  15611.729956   -609.187564  6  6  4  80       
PG30 -20100.103982   4560.286568 -16772.807878   -450.237855  6  2  3  65       
PG31   5798.181583 -14131.141997  21510.250816   -227.057884  5  4  4  46       
PG32  20939.486790 -16144.399893    645.844736   -601.883542  4  5     45       
*  2024  1  2 16 15  0.00000000
PG01 -21536.762389 -13949.129380  -7875.587512    165.110394  7  6  8  60       
PG02 -17594.984714 -14419.230791 -13399.159250   -506.720974  7  4  6  66       
PG03 -11466.120000 -20919.771098  11645.793417     98.635659  5  5  2  46       
PG04 -12395.445499  -9329.346142  21581.372779    255.764210  5  5  1  71       
PG05   6287.443491  25747.314482   -791.231631   -156.466907  3  2  4  52       
PG06 -13803.521903   9349.181421  20771.946853    458.225406  3  5  5  67       
PG07 -25590.599414  -5086.729948  -5683.774424    -27.440296  3  4  3  62       
PG08  -5050.530874 -15408.681287 -21046.001195   -160.107590  6  9  8  72       
PG09 -20435.745309   2220.321939  16767.325922     46.146113  5  5  2  45       
PG10  11686.818813 -12001.393228 -20324.180678    -67.758955  7  4  3  79       
PG11  -2206.140134  15301.077713  21627.123917   -524.917487  4  8  5  68       
PG12  10180.314727  21619.606464  11388.342650   -463.832047  4  4  6  71       
PG13  -6280.426338  18483.881183 -18110.689346    611.913655  5  6  3  89       
PG14 -14093.809617   8025.243630 -20982.689147    287.851514  3  3     64       
PG15   6934.736311  15449.759843 -20910.210926    113.176965  5  4  5  81       
PG16   1022.374066 -25827.422047   4602.631145   -392.154488  5  4  5  74       
PG17 -22835.200199  12615.553811  -4942.294879    720.778469  3  4  4  42       
PG18  25134.770248   3983.118985  -7910.973384   -522.231292  4  5  3           
PG19 -20328.277844  16408.674925   3390.350394    421.032051  6  6  6  34       
PG20  -1001.421331  23531.304109  12503.733560    393.525357  4  6  6  25       
PG21 -14306.177421 -15523.797493 -16176.453193    139.662729  7  5  4  36       
PG22 -11013.164695  16185.687570 -17648.013134     55.139380  4  4  3  55       
PG23  15286.914049   1900.157558 -21640.992431    127.638627  6  4  5  65       
PG24  16492.519600  15530.254951 -14597.358061   -406.085900  4  6  4  76       
PG25  15426.237206  11027.499903  18372.856504    483.819484  4  5  3  80       
PG26   5356.563807 -21580.960660  14106.829799    203.941134  2  4  5  53       
PG27   8203.686040 -20405.514513 -14841.521723      0.080860  3  5  8  58       
PG28  16362.432245  -8616.586125  19037.539348    -87.115033  6  4  5  55       
PG29  19984.958415    348.311311  17494.896566   -609.187103  6  6  4  71       
PG30 -21715.485555   3675.160998 -14909.418205   -450.233821  6  3  3  44       
PG31   8099.800606 -13147.571344  21427.485689   -227.058023  4  4  3  60       
PG32  21021.279343 -15862.963915  -2221.390532   -601.886364  3  5     29       
*  2024  1  2 16 30  0.00000000
PG01 -20557.258330 -13735.307028 -10512.119382    165.111206  8  6  8  83       
PG02 -15877.221099 -14187.532941 -15522.256497   -506.716305  7  5  6  73       
PG03 -11544.138158 -22128.916132   9094.939759     98.659501  4  5  3  56       
PG04 -10499.452381 -10927.334173  21824.098489    255.773148  5  5  3  69       
PG05   6033.384429  25716.368426   2085.762984   -156.468540  3  3  4  43       
PG06 -15941.746250   8544.421320  19556.355959    458.214024  3  6  5  65       
PG07 -26025.453205  -5494.351529  -2933.791107    -27.448494  3  4  3  75       
PG08  -3277.086289 -16954.756702 -20148.954906   -160.109839  6  9  9  32       
PG09 -19059.849575    723.236211  18423.405341     46.156856  5  5  2  20       
PG10  12256.038121  -9646.319158 -21242.819957    -67.760688  6  3  3  52       
PG11  -4528.145176  14426.879756  21861.072204   -524.930525  4  8  5  74       
PG12  10123.039292  22831.904825   8861.685716   -463.835648  4  5  6  67       
PG13  -7975.491086  19438.635387 -16317.088051    611.916927  5  6  3  44       
PG14 -14578.335044   5634.493463 -21440.597412    287.860867  3  4     82       
PG15   5407.477764  17115.568345 -20004.462833    113.180178  5  4  5  77       
PG16   1384.554932 -25132.779070   7377.362630   -392.147697  4  4  5  63       
PG17 -22361.729417  11972.475799  -7688.003661    720.777877  2  4  4  23       
PG18  25774.077532   4412.740674  -5169.726986   -522.239892  3  5  4  66       
PG19 -20676.654927  16344.847519    505.762900    421.036382  6  6  6  35       
PG20  -1763.128474  22172.628036  14702.462905    393.524264  5  6  6  61       
PG21 -12327.206441 -15182.803964 -17893.994442    139.661810  7  5  5  43       
PG22 -11386.896400  14038.269932 -19124.540991     55.133336  5  3  3  58       
PG23  15806.309344   4276.684602 -20933.994594    127.645163  6  5  5  56       
PG24  14784.394987  15338.997124 -16517.946314   -406.092695  4  5  4  63       
PG25  15724.790914  13075.254638  16758.457232    483.820797  5  5  4  79       
PG26   6097.189944 -19951.364116  16082.567151    203.938089  3  4  6  55       
PG27   9490.804240 -21284.980844 -12594.408284      0.077250     5  7  42       
PG28  18333.812638  -7894.349613  17493.297977    -87.124829  6  4  5  65       
PG29  18391.605520   1713.018775  19077.092206   -609.186642  6  6  3  69       
PG30 -23157.898377   2943.730603 -12790.469380   -450.229785  6  3  3  64       
PG31  10415.170060 -12293.667947  20969.805731   -227.058354  4  4  3  65       
PG32  20876.826971 -15368.200037  -5049.801804   -601.889218  2  5     62       
*  2024  1  2 16 45  0.00000000
PG01 -19294.300438 -13499.248868 -12973.833809    165.111973  8  6  8  61       
PG02 -13920.625393 -14008.006255 -17371.764551   -506.711124  7  5  5  59       
PG03 -11612.496851 -23042.512172   6387.614565     98.683381  4  6  3  72       
PG04  -8684.756604 -12628.149145  21691.699302    255.782051  5  5  3  85       
PG05   5677.080629  25389.825614   4926.584162   -156.470548  3  4  4  40       
PG06 -17971.261654   7904.416850  18007.189087    458.202662  4  6  4  43       
PG07 -26180.253927  -5794.312853   -134.384350    -27.457226  2  5  3  57       
PG08  -1664.554554 -18503.408112 -18904.282358   -160.111963  5  9  9  50       
PG09 -17645.478376   -966.634926  19760.951492     46.167625  5  5  2  57       
PG10  12974.320096  -7247.233922 -21787.313171    -67.762314  6  3  4  41       
PG11  -6898.659885  13675.198700  21719.746141   -524.943555  4  8  5  73       
PG12  10073.926830  23753.359004   6181.463416   -463.839183  4  5  6  62       
PG13  -9445.326081  20351.702568 -14244.050691    611.920117  5  6  2  68       
PG14 -15187.984563   3242.509035 -21528.432026    287.870202  3  4     65       
PG15   4031.235204  18761.216581 -18766.487825    113.183620  5  4  5  76       
PG16   1838.137582 -24150.245685  10020.253513   -392.140953  4  5  6  60       
PG17 -21696.397198  11098.479739 -10300.516670    720.777377  2  4  4  41       
PG18  26133.302148   4720.487875  -2340.443680   -522.248519  3  4  4  13       
PG19 -20770.372693  16092.312566  -2387.745407    421.041232  6  6  6  71       
PG20  -2692.229416  20642.801751  16651.067080    393.522185  6  7  6  56       
PG21 -10147.848083 -14917.276384 -19301.744777    139.660752  7  6  4  30       
PG22 -11898.713147  11760.818871 -20262.704955     55.127365  5  2  3  24       
PG23  16425.772159   6523.239049 -19867.483208    127.651708  5  5  4  72       
PG24  12874.423123  15198.723616 -18166.631894   -406.099472  4  5  4  41       
PG25  16071.427913  14908.532277  14851.707172    483.822070  5  4  4  57       
PG26   6981.076791 -18161.991098  17774.620242    203.935004  2  4  6  63       
PG27  10546.444898 -22040.326279 -10128.865328      0.073655     4  6  67       
PG28  20152.819025  -7318.893139  15647.396844    -87.134644  7  4  5  32       
PG29  16752.192586   3268.023999  20330.784435   -609.186280  7  7  3  67       
PG30 -24390.600371   2350.375740 -10452.820675   -450.225668  5  4  3  60       
PG31  12696.616396 -11580.188772  20146.573961   -227.058440  4  5  3  67       
PG32  20536.776644 -14638.371168  -7789.803418   -601.892058  2  5  2  23       
*  2024  1  2 17  0  0.00000000
PG01 -17763.882594 -13280.575433 -15220.262337    165.112735  9  5  8  70       
PG02 -11758.816251 -13910.890926 -18913.435197   -506.706344  7  5  5  72       
PG03 -11631.384024 -23653.413697   3570.604538     98.707276  4  6  4  94       
PG04  -6985.824969 -14396.649662  21186.046361    255.790940  5  5  4  99       
PG05   5185.380146  24786.690633   7681.817174   -156.471693  4  5  4  72       
PG06 -19845.142406   7419.997387  16150.928950    458.191286  4  5  4   6       
PG07 -26043.800559  -6020.978084   2667.316263    -27.465680  2  5  4  92       
PG08   -231.223699 -20011.049479 -17332.294806   -160.114147  5 10  9  70       
PG09 -16234.806338  -2829.579948  20756.538838     46.178408  6  5  2  64       
PG10  13835.001883  -4855.559140 -21948.917815    -67.763786  6  3  4  50       
PG11  -9270.141720  13058.873838  21205.416351   -524.956583  4  8  5  54       
PG12   9995.375492  24374.747281   3394.476961   -463.842736  4  5  6  56       
PG13 -10678.872835  21179.959946 -11926.340589    611.923485  5  7     83       
PG14 -15912.309560    896.179127 -21245.218395    287.879541  3  4     76       
PG15   2817.281927  20344.554822 -17215.581712    113.186996  5  4  5  93       
PG16   2412.999462 -22906.241531  12483.710118   -392.134367  5  5  6  83       
PG17 -20877.060835   9981.216172 -12733.648221    720.776464  2  5  4  46       
PG18  26194.276666   4940.480768    528.679486   -522.257136  4  4  4  58       
PG19 -20635.703962  15623.378738  -5239.346671    421.045656  5  6  6   6       
PG20  -3796.619703  18983.642617  18316.248181    393.520719  6  6  5  60       
PG21  -7806.312325 -14751.954490 -20372.051318    139.659734  7  6  4  39       
PG22 -12554.766208   9401.529938 -21040.825656     55.121287  5  3  4  62       
PG23  17118.010540   8599.662772 -18460.277954    127.658212  5  5  4  86       
PG24  10794.333713  15135.634333 -19516.327252   -406.106232  4  5  5  80       
PG25  16432.824923  16500.198300  12686.985021    483.823375  5  4  4  78       
PG26   8014.731415 -16256.462430  19153.592824    203.931835  3  4  6  75       
PG27  11375.031516 -22629.774556  -7486.848006 999999.999999     4  5           
PG28  21777.627362  -6874.914585  13531.700840    -87.144423  7  4  4  36       
PG29  15111.548342   4996.261799  21234.052780   -609.185891  7  7  3  69       
PG30 -25382.069380   1873.159821  -7936.861225   -450.221696  5  4  2  75       
PG31  14896.376179 -11009.709337  18973.510414   -227.058735  3  5  3  43       
PG32  20036.843946 -13659.328900 -10393.203720   -601.894890  3  5  2  72       
*  2024  1  2 17 15  0.00000000
PG01 -15990.022334 -13115.913624 -17214.530837    165.113505  9  5  8  38       
PG02  -9432.253023 -13920.594228 -20118.309380   -506.701439  6  5  5  70       
PG03 -11561.281515 -23963.623707    692.392009     98.731184  4  6  4  92       
PG04  -5430.740698 -16192.640769  20315.441087    255.799861  5  5  4  82       
PG05   4529.955421  23933.731336  10303.362872   -156.473510  5  6  4  53       
PG06 -21520.136570   7074.054518  14019.240968    458.179847  4  5  3  65       
PG07 -25612.930422  -6210.567987   5424.681608    -27.474357  2  6  4  47       
PG08   1012.594128 -21432.588959 -15459.168250   -160.115923  6  9  9  61       
PG09 -14866.935229  -4838.242029  21392.656756     46.189197  5  5  2  62       
PG10  14823.026023  -2521.033922 -21725.782630    -67.764981  6  2  5  56       
PG11 -11593.837827  12582.670777  20326.748489   -524.969607  5  8  5  35       
PG12   9849.543226  24695.813189    549.052241   -463.845980  4  5  6  42       
PG13 -11673.633360  21880.380386  -9403.143231    611.926955  5  7     45       
PG14 -16733.419689  -1360.180468 -20596.378093    287.888798  3  4     65       
PG15   1769.446341  21822.803583 -15376.286015    113.190310  5  4  5  41       
PG16   3133.392445 -21434.678678  14723.317195   -392.127271  4  5  6  74       
PG17 -19944.852390   8616.930883 -14943.911856    720.775605  3  6  4  17       
PG18  25947.234159   5109.782113   3388.806876   -522.265752  4  4  4  46       
PG19 -20305.270953  14917.163512  -7999.227718    421.050437  5  6  6  59       
PG20  -5076.294550  17239.101577  19669.442241    393.518782  7  6  5  66       
PG21  -5346.552589 -14704.958265 -21082.778741    139.658536  7  6  4  74       
PG22 -13352.837646   7010.403941 -21443.673235     55.115536  5  3  5  34       
PG23  17849.942145  10472.054602 -16736.956722    127.664777  4  5  4  68       
PG24   8580.858023  15170.304005 -20544.637227   -406.113000  3  5  5  74       
PG25  16772.517119  17831.161632  10302.871032    483.824665  5  4  4  76       
PG26   9196.909006 -14280.314222  20195.814547    203.928776  3  4  5  47       
PG27  11989.135317 -23014.813428  -4713.820314      0.066378  1  4  4  66       
PG28  23171.412630  -6540.240114  11182.725230    -87.154202  7  4  3           
PG29  13511.806855   6872.655297  21770.988897   -609.185556  7  7  3  77       
PG30 -26107.116534   1484.887145  -5285.805333   -450.217672  6  4  3  62       
PG31  16968.286017 -10576.697451  17472.314268   -227.058970  3  5  3  67       
PG32  19416.313704 -12425.286153 -12814.107389   -601.897756  3  5  2  64       
*  2024  1  2 17 30  0.00000000
PG01 -14003.995449 -13037.445744 -18923.878420    165.114279  9  4  7  62       
PG02  -6986.859497 -14054.550129 -20963.389137   -506.696261  6  5  5  22       
PG03 -11364.648791 -23984.074636  -2197.679201     98.755134  5  7  5  54       
PG04  -4040.264867 -17972.296322  19094.500204    255.808766  5  4  4  99       
PG05   3688.639156  22864.439556  12745.313337   -156.474518  6  7  4  35       
PG06 -22958.193929   6842.348248  11648.448078    458.168426  4  4  2  64       
PG07 -24892.591095  -6399.619904   8092.275204    -27.483035  2  6  4  81       
PG08   2064.824236 -22723.125074 -13316.556756   -160.116914  7  8  9  65       
PG09 -13576.431691  -6958.478943  21658.036422     46.199868  5  5  1  74       
PG10  15915.498895   -289.946258 -21122.912372    -67.766241  6  1  5  43       
PG11 -13821.479290  12243.172154  19098.667175   -524.982633  5  7  5  18       
PG12   9599.987635  24725.115007  -2305.815072   -463.849689  4  5  6  53       
PG13 -12435.622976  22411.746102  -6717.441905    611.930367  5  7  2  54       
PG14 -17626.652897  -3486.330825 -19593.598260    287.898162  4  5     39       
PG15    884.079178  23154.065764 -13278.107617    113.193773  5  4  5  72       
PG16   4016.726292 -19775.662228  16698.748571   -392.120510  5  5  6  74       
PG17 -18942.538820   7010.906550 -16891.377183    720.775214  3  6  4  34       
PG18  25391.207854   5266.791306   6191.269086   -522.274409  4  4  4  66       
PG19 -19816.601892  13960.553267 -10619.497948    421.055377  4  6  6  40       
PG20  -6523.156772  15453.674424  20687.303734    393.516863  7  6  4  64       
PG21  -2816.825704 -14786.877391 -21417.946970    139.657417  6  6  3  49       
PG22 -14282.261187   4637.420081 -21462.863224     55.109612  5  4  5  27       
PG23  18584.008252  12113.856115 -14727.409069    127.671297  3  5  3  55       
PG24   6274.568264  15316.851488 -21234.189122   -406.119763  3  5  5  40       
PG25  17052.442028  18890.862978   7741.394750    483.825915  5  4  4  54       
PG26  10518.518898 -12279.308176  20883.741660    203.925722  3  4  5  49       
PG27  12408.850717 -23161.814438  -1857.977626      0.062723  3  3     82       
PG28  24303.662047  -6286.855104   8641.000548    -87.163955  7  4  2  34       
PG29  11990.860117   8864.892796  21931.994709   -609.185422  7  7  4  74       
PG30 -26547.764730   1154.354630  -2544.955265   -450.213666  5  4  3  18       
PG31  18869.395363 -10267.914575  15670.187590   -227.058929  3  4  3  69       
PG32  18716.400742 -10939.262004 -15009.782237   -601.900619  4  5  3  30       
*  2024  1  2 17 45  0.00000000
PG01 -11843.324062 -13071.631793 -20320.120231    165.115084  9  4  7  53       
PG02  -4472.402042 -14322.367212 -21432.197668   -506.691393  6  6  5  71       
PG03 -11007.526953 -23734.081011  -5050.239877     98.779053  6  7  5  77       
PG04  -2827.186071 -19689.738458  17543.930053    255.817630  5  4  4  93       
PG05   2646.523843  21617.731807  14964.797503   -156.476571  6  7  5  38       
PG06 -24127.807743   6694.591027   9078.930753    458.156984  4  3  2   9       
PG07 -23895.634681  -6623.467393  10626.499431    -27.491564  2  6  4  40       
PG08   2931.563014 -23839.668482 -10941.091477   -160.118808  7  6  8  77       
PG09 -12392.052097  -9150.495996  21547.866630     46.210649  4  5  2  85       
PG10  17082.570895   1796.476273 -20151.999001    -67.767215  6  2  5  51       
PG11 -15906.965354  12028.995339  17542.113214   -524.995692  5  6  5  37       
PG12   9213.238562  24479.550074  -5121.302888   -463.853186  4  5  6  82       
PG13 -12978.993931  22736.322916  -3915.310140    611.933646  5  6  2  27       
PG14 -18561.516390  -5447.447066 -18254.595426    287.907517  4  5     79       
PG15    150.299969  24298.843136 -10955.155318    113.196926  5  3  5  76       
PG16   5072.642942 -17973.936840  18374.590080   -392.113500  4  4  6  88       
PG17 -17912.802005   5177.549054 -18540.487096    720.774522  4  6  4  45       
PG18  24534.111339   5449.591371   8888.364131   -522.283065  4  4  3  78       
PG19 -19210.517421  12748.849930 -13055.039105    421.059868  4  6  6  31       
PG20  -8121.135824  13670.800160  21352.110331    393.515071  8  5  4  73       
PG21   -268.030101 -15000.159149 -21368.274529    139.656342  6  6  3  81       
PG22 -15324.210470   2330.695026 -21097.108069     55.103868  5  5  5  23       
PG23  19279.665282  13506.655144 -12466.306995    127.677795  2  5  3  75       
PG24   3918.583835  15582.343502 -21572.908372   -406.126516  3  6  5  59       
PG25  17234.533394  19677.432419   5047.246929    483.827174  4  4  4  65       
PG26  11962.856949 -10297.755452  21206.228920    203.922687  3  4  4  68       
PG27  12660.861580 -23043.492028   1030.612026      0.059066  3  2     85       
PG28  25151.254204  -6082.167978   5950.368067    -87.173756  7  4  1  65       
PG29  10580.982788  10934.494771  21713.971831   -609.185145  7  6  5  75       
PG30 -26693.862711    847.747899    239.056354   -450.209651  5  4  3  54       
PG31  20561.441411 -10063.121151  13599.275789   -227.059470  3  4  3  58       
PG32  17978.538483  -9213.176889 -16941.469967   -601.903474  5  5  3  10       
*  2024  1  2 18  0  0.00000000
PG01  -9550.552794 -13238.146841 -21380.052339    165.115818  9  3  7  91       
PG02  -1940.687633 -14725.310257 -21515.205260   -506.686337  6  6  5  40       
PG03 -10461.002486 -23240.488259  -7816.719978     98.803010  6  8  5  71       
PG04  -1795.984652 -21298.714159  15690.192200    255.826503  5  4  4  97       
PG05   1396.777225  20236.440509  16922.778269   -156.477519  7  7  5  39       
PG06 -25005.120419   6595.768703   6354.460792    458.145574  4  1  2  55       
PG07 -22642.348514  -6914.790268  12986.193570    -27.499839  2  6  4  60       
PG08   3626.681007 -24742.819907  -8373.770364   -160.119935  7  5  7  90       
PG09 -11335.705425 -11370.208954  21063.893365     46.221440  3  5  2  82       
PG10  18288.597641   3703.454286 -18831.128287    -67.768022  6  3  4  57       
PG11 -17807.973634  11921.329299  15683.697207   -525.008716  5  6  5  41       
PG12   8660.243856  23983.578682  -7849.580320   -463.856970  4  5  6  69       
PG13 -13325.339782  22821.427982  -1045.130575    611.937054  5  6  3  40       
PG14 -19502.860375  -7215.239838 -16602.780100    287.916857  4  5  1  70       
PG15   -449.478672  25221.503389  -8445.690121    113.200450  5  3  5  27       
PG16   6302.425096 -16077.147870  19721.050750   -392.106804  4  4  6  88       
PG17 -16896.509130   3140.104190 -19860.812388    720.773770  4  6  4           
PG18  23392.496306   5694.311016  11434.143498   -522.291661  4  4  3  68       
PG19 -18529.416037  11286.082567 -15264.280856    421.064884  3  6  6  17       
PG20  -9846.615747  11931.305763  21652.080896    393.513366  8  5  3  61       
PG21   2248.116830 -15338.837899 -20931.598332    139.655256  6  6  4  42       
PG22 -16452.348632    134.708838 -20352.311403     55.097879  5  5  5  38       
PG23  19894.996113  14640.679573  -9992.502979    127.684267  3  4  3  31       
PG24   1557.185239  15966.454259 -21554.236776   -406.133295  2  6  5  56       
PG25  17282.301644  20197.519261   2266.973028    483.828436  4  4  4  62       
PG26  13506.151403  -8376.922623  21158.670571    203.919655  4  4  3  43       
PG27  12777.231125 -22640.136322   3900.931661      0.055381  2  2  1           
PG28  25699.262731  -5890.456844   3157.218414    -87.183524  7  4     39       
PG29   9307.683251  13038.131483  21120.397399   -609.184631  6  6  5  79       
PG30 -26543.415158    530.127910   3019.033074   -450.205652  5  4  3  54       
PG31  22012.132894  -9936.051066  11296.040281   -227.059468  2  4  3  45       
PG32  17242.666950  -7267.591426 -18575.121452   -601.906311  6  5  3  52       
*  2024  1  2 18 15  0.00000000
PG01  -7171.853577 -13549.068601 -22085.796730    165.116670  9  3  6  83       
PG02    556.341491 -15256.145931 -21210.102457   -506.681430  6  6  5  68       
PG03  -9702.476465 -22536.552893 -10450.149174     98.826955  6  8  6  60       
PG04   -942.825756 -22754.304395  13565.064431    255.835559  5  5  4  94       
PG05    -58.862652  18765.655725  18584.783159   -156.478719  7  7  4  47       
PG06 -25574.751678   6507.648687   3521.478401    458.134216  3  1  3  52       
PG07 -21159.743580  -7302.281305  15133.182928    -27.508614  2  5  4  63       
PG08   4171.106844 -25398.334408  -5659.247138   -160.120734  7  6  6  67       
PG09 -10421.695670 -13570.784409  20214.400262     46.232279  3  5  3  70       
PG10  19493.530782   5403.771744 -17184.373468    -67.768970  5  2  4  52       
PG11 -19487.434767  11894.770436  13555.254451   -525.021782  4  5  4  35       
PG12   7917.635505  23268.182759 -10444.587321   -463.860430  4  5  6  61       
PG13 -13502.703664  22640.826200   1843.247426    611.940388  5  6  4  26       
PG14 -20412.237987  -8768.820918 -14666.829849    287.926184  4  6  1  61       
PG15   -938.760247  25891.642809  -5791.587606    113.203774  5  3  5  37       
PG16   7698.766252 -14133.995038  20714.542340   -392.100181  4  4  6  81       
PG17 -15931.047204    930.006693 -20827.720637    720.772830  5  6  4  48       
PG18  21990.996426   6033.563282  13785.171790   -522.300234  4  4  2  71       
PG19 -17815.529862   9584.976928 -17209.889324    421.069728  2  7  5  58       
PG20 -11669.158540  10271.955437  21581.600537    393.511528  8  5  2  43       
PG21   4680.987994 -15788.635400 -20113.142036    139.654149  6  6  3  42       
PG22 -17633.815355  -1911.322542 -19241.497422     55.091898  5  5  5  74       
PG23  20388.379615  15514.965700  -7348.365853    127.690732  3  4  3  69       
PG24   -765.620221  16461.395394 -21177.289365   -406.140072  2  6  5  59       
PG25  17162.340649  20465.809489   -551.835928    483.829665  4  5  4  75       
PG26  15118.396185  -6553.583165  20743.011975    203.916648  4  4  2  54       
PG27  12793.961999 -21940.561687   6701.984159      0.051698  2  1  4           
PG28  25941.453860  -5674.441770    309.686936    -87.193329  7  4  1  37       
PG29   8188.826602  15129.141486  20161.283467   -609.184657  6  6  6  79       
PG30 -26102.619658    166.952131   5747.979263   -450.201638  5  4  3  81       
PG31  23196.198854  -9855.611342   8800.578692   -227.059841  3  4  3  21       
PG32  16545.592207  -5131.097775 -19882.038954   -601.909176  6  5  3  79       
*  2024  1  2 18 30  0.00000000
PG01  -4755.504705 -14008.342922 -22425.083939    165.117487  9  3  6  50       
PG02   2968.532408 -15899.365699 -20521.906829   -506.676677  6  6  5  61       
PG03  -8716.692893 -21660.598580 -12905.921915     98.850912  6  8  6  57       
PG04   -255.882612 -24014.599304  11205.103378    255.844457  5  6  3  89       
PG05  -1709.936013  17250.984333  19921.551807   -156.480349  8  6  4  58       
PG06 -25830.317747   6390.418533    628.322989    458.122808  2  2  3  57       
PG07 -19480.628041  -7809.470749  17032.779248    -27.517246  2  5  4  61       
PG08   4591.817577 -25778.505075  -2845.031724   -160.122979  7  8  5  62       
PG09  -9656.274135 -15704.297578  19014.069551     46.243128  4  5  3  85       
PG10  20654.478920   6878.579986 -15241.289538    -67.769681  5  2  3  52       
PG11 -20914.814802  11918.425540  11193.307770   -525.034780  4  5  4  22       
PG12   6968.771522  22369.603184 -12862.766064   -463.863950  5  5  6  26       
PG13 -13544.326465  22175.895738   4699.396461    611.943715  5  6  4  54       
PG14 -21249.398345 -10095.282888 -12480.179652    287.935531  5  6  2  85       
PG15  -1345.928788  26285.290247  -3037.712953    113.207270  5  4  5  78       
PG16   9245.911590 -12192.361355  21338.112441   -392.093120  4  4  6  87       
PG17 -15048.795262  -1414.119468 -21422.937179    720.772128  5  5  5  58       
PG18  20361.477276   6495.019692  15901.248875   -522.308818  4  5  3  60       
PG19 -17109.220969   7666.590142 -18859.359147    421.074395  1  7  5  90       
PG20 -13552.498435   8724.159101  21141.347471    393.510289  8  4  1  23       
PG21   6982.957893 -16327.443782 -18925.608644    139.653028  5  5  3  31       
PG22 -18830.510286  -3774.854246 -17784.573777     55.086145  5  5  5  75       
PG23  20720.155304  16137.197539  -4579.065530    127.697214  3  5  3  58       
PG24  -3007.534456  17052.122946 -20446.945034   -406.146860  3  6  5  28       
PG25  16845.705638  20504.257211  -3361.341301    483.830902  4  5  4  64       
PG26  16764.434042  -4858.770182  19967.636755    203.913636  4  4  2  38       
PG27  12749.385056 -20942.724269   9383.783089      0.048012     4  5  50       
PG28  25880.459212  -5396.920627  -2543.179854    -87.203135  7  4  2  46       
PG29   7234.064679  17159.192919  18853.019286   -609.184300  6  6  6  67       
PG30 -25385.611755   -274.426118   8379.852822   -450.197646  5  4  4  55       
PG31  24096.168807  -9787.256296   6155.907245   -227.060056  3  4  3  22       
PG32  15919.486307  -2839.387705 -20839.410229   -601.912067  6  5  3  69       
*  2024  1  2 18 45  0.00000000
PG01  -2350.293665 -14611.546764 -22391.470239    165.118316  9  3  6  58       
PG02   5249.378253 -16631.780274 -19462.895826   -506.671410  6  6  4  12       
PG03  -7496.489259 -20654.500012 -15142.516726     98.874844  6  8  6  31       
PG04    284.021718 -25042.273522   8651.017236    255.853336  5  7  3  95       
PG05  -3537.462258  15736.797626  20909.585295   -156.481563  8  5  4  56       
PG06 -25774.621304   6204.392990  -2275.571043    458.111396     2  3  57       
PG07 -17642.498422  -8453.743989  18654.233071    -27.525428  3  4  4  53       
PG08   4920.574536 -25863.305392     19.382177   -160.122830  7  9  4  26       
PG09  -9037.519440 -17723.442521  17483.725537     46.254027  4  4  4  83       
PG10  21727.374090   8117.865955 -13036.323020    -67.771479  4  3  3  56       
PG11 -22067.155688  11957.239439   8638.446676   -525.047760  4  4  4  35       
PG12   5804.518427  21327.906166 -15063.735771   -463.867472  4  5  6  32       
PG13 -13487.182727  21416.511197   7473.228788    611.947119  5  5  5  68       
PG14 -21973.855243 -11189.973891 -10080.439248    287.944879  5  6  2  44       
PG15  -1703.000832  26385.900917   -231.211933    113.210638  5  5  5  60       
PG16  10920.160993 -10297.500279  21581.722128   -392.086586  4  4  5  88       
PG17 -14275.803742  -3847.773530 -21634.978182    720.771449  6  5  5  57       
PG18  18541.922925   7100.174034  17746.083833   -522.317397  4  6  3  47       
PG19 -16447.384416   5559.630893 -20185.502880    421.079321  2  7  5  50       
PG20 -15455.772211   7312.889572  20338.317567    393.508462  8  4     44       
PG21   9111.225300 -16926.182975 -17389.079058    139.651621  5  5  3  52       
PG22 -20000.616537  -5431.134852 -16007.932701     55.080071  4  5  5  65       
PG23  20854.220685  16523.225439  -1731.817940    127.703703  4  6  3  34       
PG24  -5129.358419  17716.819906 -19373.865274   -406.153648  4  6  5  47       
PG25  16309.114024  20341.065723  -6114.231833    483.832137  4  4  4  46       
PG26  18405.242543  -3316.776169  18847.137161    203.910636  4  4  2  61       
PG27  12682.444955 -19653.975810  11898.340253      0.044337     5  6           
PG28  25527.617777  -5022.404153  -5352.271939    -87.212929  7  4  3  54       
PG29   6444.596225  19080.023306  17218.098064   -609.183969  6  6  6  66       
PG30 -24413.929407   -823.334976  10870.296591   -450.193646  5  4  4  83       
PG31  24702.861721  -9694.480813   3407.218975   -227.060184  3  4  3  60       
PG32  15390.590590   -434.035769 -21430.722550   -601.914953  6  5  2  81       
*  2024  1  2 19  0  0.00000000
PG01     -3.896153 -15345.959579 -21984.485617    165.119140  9  3  5  55       
PG02   7357.722194 -17423.460965 -18052.365001   -506.666587  6  5  4           
PG03  -6043.242887 -19562.051996 -17122.160571     98.898760  6  8  6  33       
PG04    702.478735 -25805.999057   5946.959100    255.862237  5  8  3  95       
PG05  -5514.486967  14264.539175  21531.584701   -156.482687  8  4  4  37       
PG06 -25419.503946   5911.724679  -5140.501457    458.100018     2  3  43       
PG07 -15686.285149  -9245.581664  19971.138733    -27.534276  3  4  4  59       
PG08   5192.455966 -25641.238899   2883.443537   -160.124336  6  9  4  37       
PG09  -8555.549789 -19583.227421  15649.965239     46.264861  5  4  3  62       
PG10  22668.676979   9120.573954 -10608.152675    -67.772705  4  4  2  57       
PG11 -22929.833276  11973.495898   5934.632943   -525.060830  4  5  4  35       
PG12   4423.749325  20185.433683 -17010.904448   -463.871117  4  6  6  56       
PG13 -13370.362267  20361.603695  10115.923751    611.950452  5  5  5  51       
PG14 -22546.471819 -12056.459934  -7508.747848    287.954173  5  7  2  47       
PG15  -2044.207628  26185.093677   2579.275353    113.214022  5  5  5  53       
PG16  12690.708347  -8490.359748  21442.365041   -392.079794  3  4  5  96       
PG17 -13630.742575  -6322.151122 -21459.439211    720.771078  6  5  6  61       
PG18  16575.099439   7863.343307  19287.910320   -522.325948  4  6  4  74       
PG19 -15862.017592   3299.497000 -21166.834605    421.083852  2  6  5  55       
PG20 -17334.941356   6055.850678  19185.743749    393.506447  7  5     53       
PG21  11029.455989 -17550.002970 -15530.706409    139.650960  5  4  3  56       
PG22 -21100.295684  -6863.993889 -13943.901397     55.074242  5  5  5  68       
PG23  20759.501755  16696.283977   1144.898315    127.710210  4  7  4  42       
PG24  -7096.287581  18427.644159 -17974.434750   -406.160409  4  7  5  59       
PG25  15535.929004  20009.461255  -8764.465999    483.833375  4  4  5  43       
PG26  19999.368954  -1944.434234  17401.977587    203.907642  4  4  3  61       
PG27  12630.957091 -18090.937419  14200.623416      0.040649     7  7  39       
PG28  24902.493952  -4518.685987  -8069.262618    -87.222715  7  4  3  51       
PG29   5813.267165  20845.190006  15284.732191   -609.183753  5  6  6  60       
PG30 -23215.717667  -1504.489570  13177.339780   -450.189601  4  4  4  42       
PG31  25015.572309  -9540.375080    601.130110   -227.060399  3  4  3  58       
PG32  14978.175973   2038.951710 -21646.048148   -601.917801  6  5  2  82       
*  2024  1  2 19 15  0.00000000
PG01   2238.714693 -16190.944774 -21209.708102    165.119935  9  2  5  65       
PG02   9259.230724 -18238.985430 -16316.217898   -506.661553  6  5  4  72       
PG03  -4366.997771 -18427.284539 -18811.430181     98.922742  6  8  6  66       
PG04   1030.301689 -26281.639103   3139.753435    255.871148  5  8  3  98       
PG05  -7606.953915  12871.162404  21776.768963   -156.483966  8  3  4  51       
PG06 -24785.365421   5478.052883  -7917.335515    458.088641  2  3  4  72       
PG07 -13654.992515 -10188.045022  20961.792285    -27.542750  3  3  4  53       
PG08   5444.247792 -25109.856988   5696.503130   -160.125533  6  9  3  24       
PG09  -8193.058510 -21242.588024  13544.683156     46.275727  5  3  3  61       
PG10  23437.054693   9894.384009  -7998.976619    -67.774057  4  4  2  60       
PG11 -23497.003020  11928.433263   3128.444206   -525.073861  4  5  4  35       
PG12   2833.543090  18985.195444 -18672.012517   -463.874153  5  6  6  56       
PG13 -13233.363360  19019.370182  12580.844338    611.953949  5  5  6  65       
PG14 -22931.001424 -12706.178836  -4809.077078    287.963432  5  7  3  27       
PG15  -2404.459752  25683.093229   5344.467469    113.217206  6  6  5  58       
PG16  14520.775905  -6806.113404  20924.030572   -392.073260  3  4  6  93       
PG17 -13124.167924  -8785.912495 -20899.127158    720.769940  6  5  6  70       
PG18  14507.043949   8790.944957  20500.033511   -522.334481  5  7  5  79       
PG19 -15379.007000    927.071960 -21787.847248    421.088789  3  6  4  60       
PG20 -19144.353974   4962.929613  17702.908897    393.504948  7  5     58       
PG21  12709.159714 -18159.780271 -13384.205901    139.649916  6  4  3  46       
PG22 -22085.477219  -8066.260855 -11630.058453     55.068223  4  4  5  70       
PG23  20411.242074  16685.939827   4002.141986    127.716698  5  7  4  39       
PG24  -8879.066005  19151.722539 -16270.617277   -406.167203  5  7  4  69       
PG25  14516.894762  19546.307936 -11267.973943    483.834633  4  4  5  71       
PG26  21504.455567   -750.702867  15658.062840    203.904640  4  4  3  80       
PG27  12629.913000 -16278.994734  16249.457768      0.036943     8  8  67       
PG28  24032.090996  -3858.286176 -10647.439674    -87.232483  6  3  4  52       
PG29   5325.007310  22411.762489  13086.363196   -609.183477  5  6  6  46       
PG30 -21824.703122  -2336.872522  15262.061295   -450.185602  5  4  5  65       
PG31  25041.954064  -9289.182871  -2215.074373   -227.060504  3  4  3  46       
PG32  14693.802233   4530.761294 -21482.196285   -601.920652  5  5  2  71       
*  2024  1  2 19 30  0.00000000
PG01   4336.774448 -17118.633322 -20078.759428    165.120734  9  2  4  77       
PG02  10927.570107 -19038.929853 -14286.400744   -506.656561  6  5  4  36       
PG03  -2486.268042 -17292.785995 -20181.783247     98.946646  6  7  6  60       
PG04   1302.122915 -26453.174579    278.069943    255.880042  5  8  3 104       
PG05  -9774.867097  11587.761789  21641.065257   -156.484966  8  3  3  40       
PG06 -23900.366382   4874.026713 -10558.344228    458.077284  3  4  4  68       
PG07 -11592.275621 -11276.522670  21609.501923    -27.551412  4  3  4  60       
PG08   5712.761093 -24275.920148   8408.782202   -160.127808  5  8  4  12       
PG09  -7926.150678 -22665.855616  11204.499477     46.286571  5  1  3  55       
PG10  23994.967945  10455.162856  -5253.760905    -67.775023  4  5     65       
PG11 -23771.715605  11783.911470    268.268634   -525.086904  3  6  4  37       
PG12   1049.080676  17769.260462 -20019.604650   -463.877714  5  6  5  67       
PG13 -13114.368393  17407.119026  14824.421522    611.957373  5  4  6  61       
PG14 -23095.527092 -13157.801115  -2027.493390    287.972724  6  7  3  40       
PG15  -2817.754285  24888.848860   8015.346777    113.220907  6  6  5  64       
PG16  16368.990030  -5272.957589  20037.519018   -392.066204  3  3  6  96       
PG17 -12758.142907 -11187.069412 -19964.028704    720.769512  7  5  6  32       
PG18  12385.434610   9881.079720  21361.299323   -522.343043  5  7  5  54       
PG19 -15017.173590  -1512.670404 -22039.185292    421.093567  4  6  4  79       
PG20 -20838.388171   4035.956440  15914.852635    393.503334  6  5     72       
PG21  14130.727490 -18713.838998 -10989.150684    139.649150  6  3  4   4       
PG22 -22913.661368  -9039.800520  -9108.437898     55.062314  4  4  5  67       
PG23  19792.062569  16526.809872   6791.314290    127.723219  6  8  5  55       
PG24 -10454.954528  19852.362464 -14289.720978   -406.173967  5  7  4  75       
PG25  13250.601446  18990.616151 -13583.312983    483.835833  4  4  5  72       
PG26  22878.795227    263.436227  13646.223802    203.901644  4  4  3  77       
PG27  12709.909973 -14251.433950  18008.345998      0.033263  2  9  8  57       
PG28  22949.791029  -3019.711680 -13042.506527    -87.242227  6  3  5  64       
PG29   4957.586278  23741.889837  10661.075144   -609.183225  5  6  6           
PG30 -20278.975245  -3332.829943  17089.207364   -450.181583  5  5  5  65       
PG31  24797.608765  -8907.807126  -4994.186438   -227.060846  3  3  3  67       
PG32  14540.904869   6991.503271 -20942.730927   -601.923530  5  5  3  73       
*  2024  1  2 19 45  0.00000000
PG01   6255.095657 -18094.891646 -18609.216712    165.121625  9  2  3  71       
PG02  12345.235230 -19781.537532 -12000.201055   -506.651763  6  5  4  52       
PG03   -427.525633 -16198.095550 -21210.013314     98.970547  7  6  6  67       
PG04   1554.837436 -26313.325705  -2588.439496    255.888902  5  9  4 110       
PG05 -11973.695433  10438.453148  21127.168358   -156.486193  8  3  3  37       
PG06 -22799.343448   4076.643115 -13018.019834    458.065954  4  4  4  46       
PG07  -9540.998569 -12498.747964  21902.849511    -27.559909  4  3  3  48       
PG08   6033.148842 -23155.193944  10972.326750   -160.129961  4  8  4  40       
PG09  -7725.446451 -23824.021814   8670.103069     46.297411  6  2  3  82       
PG10  24310.109905  10826.115134  -2419.463729    -67.776896  4  5     52       
PG11 -23765.697552  11504.064724  -2596.535179   -525.099924  3  6  4  41       
PG12   -906.755186  16577.205029 -21031.427066   -463.881248  5  6  5  70       
PG13 -13048.574657  15550.754689  16806.985254    611.960807  5  4  6  50       
PG14 -23013.746080 -13436.323722    788.608646    287.982075  6  7  3  47       
PG15  -3315.590541  23819.813967  10544.098167    113.224222  6  6  5  68       
PG16  18190.935304  -3911.218597  18800.120943   -392.059796  3  3  6  93       
PG17 -12526.230697 -13474.907697 -18671.114362    720.768475  7  6  7  53       
PG18  10257.901678  11123.438330  21856.477379   -522.351623  5  7  5  83       
PG19 -14787.606905  -3972.198749 -21917.716275    421.098359  5  7  4  46       
PG20 -22373.114546   3268.782129  13851.974246    393.502003  6  5  1  44       
PG21  15284.072816 -19169.812258  -8390.095038    139.647977  6  3  3  67       
PG22 -23545.654670  -9795.168291  -6424.646098     55.056409  4  4  4  63       
PG23  18892.752661  16257.097989   9464.957615    127.729749  6  8  6  61       
PG24 -11808.472826  20490.443456 -12064.067227   -406.180780  6  7  4  25       
PG25  11743.667706  18381.998287 -15672.272070    483.837081  4  4  5  62       
PG26  24082.857400   1104.770038  11401.633680    203.898636  4  4  4  73       
PG27  12895.775088 -12048.255488  19446.184455      0.029606  2  9  8  67       
PG28  21694.063096  -1988.484741 -15213.339696    -87.252006  6  3  5  43       
PG29   4682.658326  24804.181169   8050.922121   -609.182895  5  5  7  37       
PG30 -18619.618303  -4497.415996  18627.756212   -450.177580  5  5  5  67       
PG31  24305.401644  -8367.209924  -7689.803646   -227.060791  3  3  3  52       
PG32  14514.723609   9371.977552 -20037.856537   -601.926387  4  5  4  77       
*  2024  1  2 20  0  0.00000000
PG01   7965.247613 -19080.545919 -16824.434816    165.122419  9  3  2  69       
PG02  13503.998264 -20424.486022  -9499.434167   -506.646799  6  4  4  44       
PG03   1775.609324 -15178.223516 -21878.623021     98.994455  6  6  5  53       
PG04   1825.955514 -25863.843149  -5410.024082    255.897781  6  9  5 102       
PG05 -14155.962689   9439.547614  20244.468824   -156.487362  8  4  2  65       
PG06 -21522.476507   3070.346587 -15253.862685    458.054628  4  4  4  56       
PG07  -7541.819139 -13835.089174  21835.900632    -27.568628  4  3  3  65       
PG08   6437.294875 -21771.887617  13341.923662   -160.131435  3  7  4  52       
PG09  -7557.405916 -24695.750766   5985.522340     46.308290  6  3  3  59       
PG10  24356.646031  11036.672423    455.751614    -67.778681  5  5     47       
PG11 -23498.805073  11056.874388  -5416.498002   -525.112961  3  6  3   8       
PG12  -3004.060979  15444.671049 -21690.748288   -463.884596  5  7  5  72       
PG13 -13066.651407  13483.920202  18493.521841    611.964059  5  3  6  77       
PG14 -22666.051897 -13571.931993   3591.290666    287.991313  6  7  3  76       
PG15  -3925.463332  22501.385051  12885.059187    113.227788  6  6  5  72       
PG16  19940.818439  -2732.799040  17235.176409   -392.052799  3  3  6  99       
PG17 -12413.860305 -15601.860253 -17043.983194    720.767955  7  6  7  60       
PG18   8170.342645  12499.538502  21976.550003   -522.360221  5  7  6  73       
PG19 -14693.306967  -6403.036848 -21426.505699    421.103192  6  7  4  62       
PG20 -23707.913637   2647.674248  11549.536086    393.500258  5  5  2  64       
PG21  16168.842749 -19486.549994  -5635.555893    139.646986  6  2  3  18       
PG22 -23947.162659 -10350.907683  -3626.918895     55.050537  5  4  4  55       
PG23  17712.762986  15917.005355  11977.536448    127.736285  6  9  6  64       
PG24 -12931.881211  21025.942123  -9630.559483   -406.187601  6  7  3  67       
PG25  10010.637872  17759.126047 -17500.421706    483.838333  4  4  4  67       
PG26  25080.727955   1787.350355   8963.168086    203.895619  4  3  4  63       
PG27  13205.444612  -9714.717372  20537.856565      0.025963  4 10  8  85       
PG28  20306.989624   -757.899010 -17122.689847    -87.261797  6  4  5  44       
PG29   4467.054057  25574.844400   5301.182573   -609.182565  5  5  7  13       
PG30 -16889.242489  -5828.010680  19851.422902   -450.173558  5  5  5  51       
PG31  23594.529977  -7643.658706 -10257.033626   -227.061139  4  3  3  68       
PG32  14602.571808  11625.403108 -18784.177899   -601.929247  4  5  5  64       
*  2024  1  2 20 15  0.00000000
PG01   9446.501472 -20032.825011 -14753.274520    165.123148  8  4  2  74       
PG02  14404.964112 -20926.671790  -6829.545020   -506.642015  6  3  4  41       
PG03   4083.446460 -14262.353235 -22176.111086     99.018341  6  5  5  34       
PG04   2151.930704 -25115.456661  -8137.720211    255.906615  6  9  5 100       
PG05 -16272.957629   8599.051098  19008.853084   -156.488844  7  5  1  67       
PG06 -20113.758054   1847.846079 -17227.123739    458.043284  5  4  4  76       
PG07  -5631.845246 -15259.107140  21408.359306    -27.576831  5  3  3  56       
PG08   6952.344726 -20157.759454  15475.956174   -160.132465  2  6  5  64       
PG09  -7385.821482 -25268.099741   3197.338551     46.319146  6  4  3  75       
PG10  24116.212771  11121.165944   3323.303185    -67.779107  5  5     58       
PG11 -22998.172318  10415.599535  -8142.903824   -525.126005  3  6  3  72       
PG12  -5206.849189  14402.084269 -21986.601828   -463.888158  5  7  5  60       
PG13 -13193.389215  11246.831469  19854.339289    611.967508  5  4  6  80       
PG14 -22040.373822 -13598.673457   6332.860919    288.000619  6  7  3  73       
PG15  -4669.502433  20966.014542  14995.656499    113.231186  5  5  5  61       
PG16  21573.171355  -1740.976246  15371.531978   -392.046098  3  3  6  89       
PG17 -12399.047172 -17525.247870 -15112.359126    720.766769  7  6  7  71       
PG18   6165.304955  13983.286245  21718.900623   -522.368765  5  7  6  65       
PG19 -14729.141444  -8757.397375 -20574.700768    421.107774  6  7  5  74       
PG20 -24806.984858   2152.016843   9047.074004    393.498595  5  5  2  57       
PG21  16794.189649 -19625.976662  -2776.891282    139.645990  6     3  32       
PG22 -24090.172777 -10732.528374   -765.147010     55.044342  5  4  4  82       
PG23  16260.380720  15547.073673  14286.189394    127.742778  7  9  6  65       
PG24 -13825.375949  21419.536411  -7030.150344   -406.194392  6  6  3  49       
PG25   8073.599985  17158.242221 -19037.606614    483.839557  4  4  4  66       
PG26  25841.410685   2331.718940   6372.721878    203.892589  4  3  4  57       
PG27  13649.147245  -7299.672906  21264.689194      0.022321  4 10  8  76       
PG28  18832.668350    670.525980 -18737.814839    -87.271542  6  4  5  55       
PG29   4274.266801  26038.538208   2459.554799   -609.182645  6  5  7  55       
PG30 -15130.466555  -7314.226245  20739.097656   -450.169505  5  5  5  48       
PG31  22699.380129  -6719.776582 -12653.168229   -227.061371  4  3  4  86       
PG32  14784.431618  13709.042230 -17204.342706   -601.932101  4  5  5  68       
*  2024  1  2 20 30  0.00000000
PG01  10686.500767 -20906.974978 -12429.732585    165.123889  8  5  3  57       
PG02  15058.239073 -21249.932770  -4038.654277   -506.636844  6  2  3  61       
PG03   6451.533212 -13472.771993 -22097.169143     99.042258  7  4  5  52       
PG04   2566.531079 -24087.483047 -10724.222954    255.915481  7  8  6 104       
PG05 -18276.494913   7916.507004  17442.381629   -156.489898  7  6  1  50       
PG06 -18619.322342    410.614965 -18903.489210    458.031870  5  4  4  76       
PG07  -3843.407693 -16738.367600  20625.662257    -27.585500  5  3  3  35       
PG08   7599.441275 -18350.928052  17337.178271   -160.134550  2  6  5  62       
PG09  -7173.417280 -25536.920961    353.857131     46.330006  6  4  3  25       
PG10  23578.642591  11117.334971   6134.965723    -67.780330  6  6  2  51       
PG11 -22297.087336   9560.008071 -10728.641895   -525.139012  4  6  3  46       
PG12  -7474.207931  13473.576304 -21913.949517   -463.891711  5  7  5  69       
PG13 -13446.599373   8884.851190  20865.624625    611.970803  4  4  6  35       
PG14 -21132.742759 -13552.993706   8966.659380    288.009937  6  6  3  47       
PG15  -5563.322834  19252.027934  16837.301663    113.234714  5  5  5  69       
PG16  23044.524186   -930.550043  13242.914626   -392.039334  3  2  6  88       
PG17 -12453.433615 -19208.812168 -12911.455023    720.766500  7  6  6  37       
PG18   4280.497982  15541.843233  21087.396181   -522.377389  5  7  6  56       
PG19 -14882.114664 -10989.778988 -19377.328794    421.112434  7  8  4  79       
PG20 -25640.686798   1755.288750   6387.723577    393.496488  5  5  2  71       
PG21  17178.120029 -19554.805908    132.880787    139.644884  5     3  25       
PG22 -23954.072622 -10971.216965   2110.103044     55.038570  5  4  4  46       
PG23  14552.579909  15186.523204  16351.441377    127.749314  7  8  6  51       
PG24 -14496.981648  21634.228550  -4307.208031   -406.201214  6  6  3  73       
PG25   5961.539375  16611.777120 -20258.378894    483.840773  4  4  3  86       
PG26  26339.944954   2763.895786   3674.495083    203.889582  4  3  4  57       
PG27  14228.924798  -4853.776131  21614.762711      0.018709  5 10  8  79       
PG28  17315.551304   2286.909785 -20031.034495    -87.281337  5  5  5  44       
PG29   4066.073668  26188.903853   -424.690705   -609.182227  6  5  7  30       
PG30 -13384.406186  -8938.107845  21275.211223   -450.165465  5  5  5  49       
PG31  21658.214302  -5585.361510 -14838.321882   -227.061534  4  3  4  77       
PG32  15033.846499  15585.656615 -15326.578135   -601.934976  5  5  5  74       
*  2024  1  2 20 45  0.00000000
PG01  11681.625524 -21657.989418  -9892.471382    165.124603  8  5  3  63       
PG02  15482.237473 -21360.634847  -1176.577909   -506.631920  5  2  3  33       
PG03   8832.146536 -12824.070380 -21642.785228     99.066147  6  4  6  30       
PG04   3099.319492 -22807.109236 -13124.725788    255.924376  7  8  6 107       
PG05 -20120.655852   7383.185397  15572.854227   -156.490929  6  6  1  72       
PG06 -17085.698148  -1230.948164 -20253.694459    458.020549  5  4  4  86       
PG07  -2202.991850 -18235.487524  19499.006437    -27.593980  5  3  2  64       
PG08   8392.718324 -16394.441490  18893.390578   -160.135953     6  5  67       
PG09  -6883.491145 -25506.930511  -2495.746798     46.340844  6  4  4  59       
PG10  22742.392923  11064.727320   8843.625556    -67.781534  6  6  2  70       
PG11 -21433.639880   8477.359094 -13129.031258   -525.152086  5  6  3  62       
PG12  -9761.643422  12676.147532 -21473.764322   -463.895118  6  6  5  68       
PG13 -13836.310078   6446.861724  21509.880400    611.974615  4  5  6  39       
PG14 -19947.562232 -13472.189436  11447.826293    288.019250  6  6  3  69       
PG15  -6615.142600  17402.191104  18376.218640    113.237925  6  5  4  66       
PG16  24314.983331   -288.322985  10887.241898   -392.032759  3  2  6  82       
PG17 -12543.599252 -20623.976035 -10481.225000    720.765806  8  6  6  60       
PG18   2547.491839  17136.769938  20092.359633   -522.386011  6  7  6  69       
PG19 -15131.934561 -13058.471485 -17855.016274    421.117119  7  8  4  86       
PG20 -26186.654540   1426.282939   3617.473165    393.494909  5  5  3  49       
PG21  17346.460877 -19246.029584   3040.277977    139.643437  5     3  11       
PG22 -23526.462706 -11102.342818   4948.547348     55.032298  5  3  3  40       
PG23  12614.550883  14871.647890  18137.865480    127.755836  7  8  6  67       
PG24 -14962.135691  21636.921761  -1508.787143   -406.208012  7  6  3  66       
PG25   3709.450459  16147.116033 -21142.369530    483.841975  4  4  3  56       
PG26  26558.301627   3114.171917    914.259428    203.886535  4  4  3  74       
PG27  14938.507592  -2427.633432  21583.070797      0.015118  5 10  8  96       
PG28  15798.784625   4073.200945 -20980.198234    -87.290915  5  5  6  50       
PG29   3804.225851  26028.756392  -3301.585501   -609.181863  6  5  7  43       
PG30 -11689.222650 -10674.623963  21450.021093   -450.161421  5  5  5  71       
PG31  20511.733039  -4237.946847 -16776.029215   -227.061922  4  3  4  53       
PG32  15319.071026  17224.740523 -13184.134406   -601.937842  5  5  5  53       
*  2024  1  2 21  0  0.00000000
PG01  12437.028145 -22242.392925  -7184.247942    165.125337  7  5  4  57       
PG02  15702.666870 -21231.057660   1706.152104   -506.627076  5  2  3  31       
PG03  11175.915170 -12322.640261 -20820.251406     99.090002  6  3  6  71       
PG04   3774.304199 -21308.379346 -15297.712232    255.933175  7  8  6  98       
PG05 -21763.439797   6982.607316  13433.273483   -156.491965  6  7  2  50       
PG06 -15558.052479  -3057.707127 -21254.055106    458.009223  5  4  4  83       
PG07   -730.367910 -19709.386904  18045.302590    -27.602466  5  3  3  28       
PG08   9338.593030 -14334.666494  20118.003863   -160.137126     6  5  73       
PG09  -6481.533444 -25191.443547  -5302.292277     46.351694  7  4  5  57       
PG10  21614.667158  11003.050605  11404.007005    -67.782553  6  7  4  77       
PG11 -20449.194302   7163.096953 -15302.602526   -525.165074  6  6  4  65       
PG12 -12022.559415  12019.100061 -20673.031543   -463.898395  6  6  5  64       
PG13 -14364.292774   3983.504879  21776.231071    611.977659  4  5  6  67       
PG14 -18497.573936 -13392.836689  13734.043141    288.028565  6  5  3  71       
PG15  -7825.213698  15462.087388  19584.176295    113.241738  5  4  4  40       
PG16  25349.656457    206.116415   8345.887011   -392.026106  4  2  6  81       
PG17 -12632.579661 -21750.781101  -7865.528589    720.764562  7  6  5  43       
PG18    990.654154  18725.403189  18750.430313   -522.394593  6  7  5  59       
PG19 -15451.854080 -14926.917895 -16033.634558    421.121997  8  8  4  43       
PG20 -26430.647996   1130.519269    784.356892    393.493260  5  4  3  87       
PG21  17331.504156 -18680.113781   5892.520388    139.642702  5     3  72       
PG22 -22803.638190 -11163.827813   7701.100176     55.026358  6  3  3  64       
PG23  10478.924461  14634.328030  19614.684262    127.762404  7  8  6  55       
PG24 -15242.972383  21399.884003   1316.187399   -406.214839  6  6  3  93       
PG25   1357.236601  15785.559110 -21674.596070    483.843218  4  4  3  76       
PG26  26486.028054   3415.753975  -1861.383904    203.883475  4  3  3  65       
PG27  15763.545174    -69.980375  21171.531153      0.011490  5 10  8  74       
PG28  14322.612650   6003.684899 -21569.058256    -87.300646  4  5  6  53       
PG29   3452.140040  25569.928549  -6121.347095   -609.181656  6  5  7  34       
PG30 -10078.784804 -12492.431902  21259.812641   -450.157342  5  5  5  53       
PG31  19301.563119  -2683.084095 -18433.797208   -227.061936  4  3  4  76       
PG32  15604.428424  18603.486468 -10814.649668   -601.940709  5  4  5  78       
*  2024  1  2 21 15  0.00000000
PG01  12966.330878 -22620.009533  -4351.245096    165.126091  7  6  4  69       
PG02  15751.245196 -20840.527028   4559.240970   -506.621951  4  2  3  57       
PG03  13433.514268 -11966.491135 -19643.073854     99.113846  6  3  6  73       
PG04   4608.813995 -19630.926579 -17205.684314    255.942063  7  7  6 100       
PG05 -23168.261630   6691.379376  11061.219948   -156.493455  6  7  3  84       
PG06 -14078.493526  -5042.319939 -21886.904489    457.997928  5  4  4  94       
PG07    562.044997 -21116.709543  16287.047057    -27.611003  5  3  2  48       
PG08  10435.384193 -12219.566546  20990.480170   -160.140335     6  5  75       
PG09  -5936.758553 -24611.788255  -8017.449582     46.362506  7  4  5  78       
PG10  20211.226196  10970.533391  13773.363160    -67.782948  6  7  4  85       
PG11 -19386.747662   5621.228906 -17211.822547   -525.178114  6  6  4  88       
PG12 -14209.823045  11503.761374 -19524.667268   -463.901983  6  6  5  62       
PG13 -15023.937301   1545.361991  21660.593864    611.981300  4  6  5  67       
PG14 -16803.518265 -13349.253264  15786.235302    288.037848  6  5  3  69       
PG15  -9185.596761  13478.374923  20439.101542    113.245209  5  4  4  58       
PG16  26119.875007    579.347183   5662.916244   -392.019733  4  3  6  88       
PG17 -12681.523291 -22578.468193  -5111.232209    720.763893  7  5  5  99       
PG18   -373.632592  20262.417014  17084.311855   -522.403187  6  6  5  57       
PG19 -15809.754955 -16564.887884 -13943.877865    421.126547  8  8  4 110       
PG20 -26367.095569    831.794488  -2062.397483    393.491910  5  4  3  70       
PG21  17170.405411 -17845.853480   8638.629569    139.641802  5     3  57       
PG22 -21790.729474 -11194.451550  10320.728421     55.020444  6  3  3  79       
PG23   8184.717860  14500.717092  20756.300869    127.768940  7  7  6  85       
PG24 -15367.328023  20902.033251   4117.809909   -406.221663  6  5  4  72       
PG25  -1051.565716  15541.509142 -21845.703945    483.844453  4  5  4  76       
PG26  26120.622113   3703.311813  -4605.745616    203.880438  3  3  3  82       
PG27  16682.176775   2174.040375  20388.853015      0.007911  6  9  8  80       
PG28  12922.907076   8045.790862 -21787.542500    -87.310403  3  6  5  33       
PG29   2976.523159  24832.774608  -8835.255427   -609.181235  6  5  7  49       
PG30  -8581.494327 -14354.893749  20707.009757   -450.153312  5  5  5  61       
PG31  18068.722646   -934.337383 -19783.607152   -227.062133  4  4  4  63       
PG32  15851.819175  19707.450571  -8259.451250   -601.943529  5  3  5  84       
*  2024  1  2 21 30  0.00000000
PG01  13290.987812 -22755.645182  -1442.310742    165.126817  6  6  4  70       
PG02  15664.212376 -20176.255086   7333.536880   -506.617014  4  2  3  85       
PG03  15557.371068 -11745.393458 -18130.784595     99.137708  6  2  6  80       
PG04   5612.642688 -17818.500868 -18815.814386    255.950940  7  6  6 112       
PG05 -24305.238029   6480.301446   8498.153412   -156.494337  6  7  4  84       
PG06 -12684.499462  -7150.096869 -22140.927991    457.986613  6  5  5  76       
PG07   1669.551322 -22413.368808  14252.103985    -27.619613  5  3  3  73       
PG08  11673.268605 -10096.941220  21496.645643   -160.142303  1  5  5  56       
PG09  -5223.488764 -23796.423641 -10594.574906     46.373336  7  3  6  61       
PG10  18555.899282  11002.354121  15912.124759    -67.784397  6  7  5  78       
PG11 -18289.237697   3864.370756 -18823.748751   -525.191162  7  6  5  90       
PG12 -16277.363306  11123.509855 -18047.353126   -463.905216  6  6  5  64       
PG13 -15800.479022   -818.850495  21165.712564    611.984693  5  6  5  70       
PG14 -14893.501235 -13372.053164  17569.226003    288.047177  6  4  3  76       
PG15 -10680.294045  11497.002008  20925.552633    113.248974  5  4  3  75       
PG16  26604.174686    862.853829   2884.314210   -392.012836  4  4  6  96       
PG17 -12651.412382 -23105.684143  -2267.273874    720.762745  7  5  4  73       
PG18  -1537.440966  21701.507617  15122.409493   -522.411803  6  6  5  36       
PG19 -16169.434316 -17949.423464 -11620.779178    421.131466  9  8  4  56       
PG20 -25999.309620    493.807079  -4873.249287    393.489765  6  3  4  86       
PG21  16903.421657 -16740.858129  11230.427698    139.640393  5  1  4  81       
PG22 -20501.506280 -11232.162701  12763.230614     55.014235  6  2  4  75       
PG23   5776.039565  14490.153268  21542.750856    127.775489  7  7  6  75       
PG24 -15367.501685  20129.983444   6846.139243   -406.228497  6  5  4  68       
PG25  -3471.196621  15421.915901 -21652.138510    483.845710  4  5  5  75       
PG26  25467.624901   4011.482578  -7272.779949    203.877365  3  4  3  70       
PG27  17665.911287   4264.431071  19250.271396      0.004302  6  9  7  35       
PG28  11629.877008  10161.167346 -21631.923261    -87.320149  3  6  5  53       
PG29   2348.865573  23845.355291 -11396.505408   -609.180450  7  5  7  60       
PG30  -7219.319062 -16221.308724  19800.190118   -450.149274  5  5  5  58       
PG31  16852.116011    987.011762 -20802.361518   -227.062240  4  4  4  63       
PG32  16022.319456  20530.897272  -5562.808545   -601.946364  6  3  5  74       
*  2024  1  2 21 45  0.00000000
PG01  13439.328318 -22620.613184   1491.884953    165.127477  6  6  4  78       
PG02  15480.704338 -19233.863664   9981.872262   -506.612334  4  2  3  80       
PG03  17503.319043 -11641.345805 -16308.655161     99.161531  5     6  79       
PG04   6787.496555 -15917.351045 -20100.508709    255.959875  7  5  6 109       
PG05 -25152.214665   6315.699921   5788.655881   -156.495632  7  6  5  83       
PG06 -11407.535260  -9340.153810 -22011.386536    457.975320  6  5  5  89       
PG07   2595.266135 -23556.167228  11973.390669    -27.628016  4  3  3  47       
PG08  13034.572862  -8012.698929  21628.873047   -160.143730  3  5  5  83       
PG09  -4322.336884 -22779.797500 -12989.508054     46.384144  7  3  7  71       
PG10  16679.812463  11129.192756  17784.501483    -67.785794  6  6  5  76       
PG11 -17197.867141   1913.458053 -20110.601395   -525.204117  8  6  5  92       
PG12 -18181.746539  10864.103588 -16265.286577   -463.909167  6  6  5  78       
PG13 -16671.565735  -3063.996426  20301.056505    611.988365  5  5  5  66       
PG14 -12802.089887 -13486.847836  19052.331625    288.056471  6  3  4  69       
PG15 -12285.737020   9561.461185  21035.037186    113.252476  5  4  3  93       
PG16  26789.004956   1091.601926     57.210495   -392.006041  5  5  6 103       
PG17 -12504.773316 -23340.315720    616.283696    720.761921  7  4  4  73       
PG18  -2501.435519  22997.137524  12898.360865   -522.420410  6  5  5  15       
PG19 -16492.048361 -19065.525616  -9103.169400    421.136107  9  8  5  68       
PG20 -25339.363555     81.790915  -7599.236645    393.488308  6  4  4  89       
PG21  16572.076888 -15371.661088  13623.413030    139.639235  5  2  4  92       
PG22 -18957.863190 -11312.463273  14987.930392     55.008221  6  2  4  61       
PG23   3300.599647  14614.338544  21960.066374    127.782036  7  6  6  89       
PG24 -15278.819389  19078.798389   9452.178048   -406.235331  6  4  4           
PG25  -5855.170174  15425.998022 -21096.244431    483.846954  5  6  5  69       
PG26  24540.431155   4373.385260  -9817.798661    203.874531  3  3  3  81       
PG27  18680.773969   6167.661564  17777.161230      0.000712  6  9  7  76       
PG28  10467.008715  12306.985771 -21104.878943    -87.329903  2  6  5  77       
PG29   1546.743676  22642.337150 -13761.019764   -609.180336  7  5  7  60       
PG30  -6007.072670 -18048.319277  18554.001111   -450.145197  5  6  4  51       
PG31  15687.110822   3052.541687 -21472.270516   -227.062585  4  4  4  80       
PG32  16077.806290  21076.815855  -2771.152574   -601.949250  6  2  4  74       
*  2024  1  2 22  0  0.00000000
PG01  13445.313251 -22194.034946   4399.760647    165.128207  5  6  4  83       
PG02  15241.059159 -18017.580820  12459.827753   -506.607507  4  2  3  79       
PG03  19232.138929 -11629.350867 -14207.313713     99.185462  5     7  69       
PG04   8126.766040 -13974.525687 -21037.873349    255.968777  6  4  6  97       
PG05 -25695.497628   6160.930960   2979.632175   -156.496656  7  6  5  89       
PG06 -10271.912706 -11566.817926 -21500.223441    457.963990  7  5  5  71       
PG07   3349.903494 -24504.432830   9488.460122    -27.636590  4  3  3  59       
PG08  14494.383854  -6009.231862  21386.135630   -160.146191  5  4  6  84       
PG09  -3221.142143 -21600.990700 -15161.319694     46.394921  7  4  7  72       
PG10  14620.361999  11375.955630  19359.030365    -67.785976  5  6  5  77       
PG11 -16150.510086   -202.866408 -21050.243608   -525.217124  8  6  6  89       
PG12 -19883.673114  10704.303616 -14207.846436   -463.912381  6  5  5  87       
PG13 -17608.137792  -5150.077791  19082.590499    611.991389  6  5  5  82       
PG14 -10569.168235 -13713.143873  20209.888867    288.065792  6  2  4  63       
PG15 -13971.607208   7711.161097  20766.165514    113.256080  6  4  3  83       
PG16  26669.149377   1302.507786  -2770.881057   -391.999412  6  5  6  94       
PG17 -12207.305164 -23298.967824   3489.188262    720.761316  6  4  4  88       
PG18  -3274.669551  24106.270566  10450.466824   -522.429042  5  5  5  42       
PG19 -16737.662425 -19906.558796  -6433.085050    421.140789  9  7  5  78       
PG20 -24407.634268   -435.909152 -10192.860960    393.486295  6  4  4  83       
PG21  16217.340996 -13753.464982  15777.496383    139.638042  5  3  4  88       
PG22 -17189.016087 -11466.926089  16958.278171     55.001917  6  2  4  68       
PG23    808.079697  14876.818540  22000.545215    127.788585  6  6  6  77       
PG24 -15138.060600  17752.412492  11888.860692   -406.242182  5  4  5  47       
PG25  -8157.809504  15545.255115 -20186.288594    483.848157  5  6  6  82       
PG26  23359.825873   4819.198635 -12198.160019    203.871457  2  3  3  86       
PG27  19688.667259   7857.715388  15996.546888     -0.002933  7  8  5  47       
PG28   9450.275077  14437.423052 -20215.448082    -87.339643  1  6  5  51       
PG29    554.880785  21263.651097 -15888.207640   -609.179452  7  5  6  64       
PG30  -4951.970512 -19791.440822  16988.973617   -450.141117  5  6  4  68       
PG31  14604.246931   5227.533211 -21781.172712   -227.062830  4  4  4  83       
PG32  15982.546788  21356.613841     67.723331   -601.952121  6  2  4  75       
*  2024  1  2 22 15  0.00000000
PG01  13347.049211 -21463.854909   7229.785482    165.128989  5  6  3  82       
PG02  14985.123701 -16540.113905  14726.410402   -506.602446  5  2  2  84       
PG03  20710.928154 -11678.473594 -11862.268601     99.209285  5     7  51       
PG04   9615.629828 -12036.159415 -21612.075124    255.977683  6  4  7 105       
PG05 -25930.264641   5977.992467    119.483986   -156.498174  7  6  5  78       
PG06  -9293.939500 -13781.232043 -20616.051065    457.952662  7  5  5  49       
PG07   3951.263463 -25221.610497   6838.977160    -27.644956  3  3  3  71       
PG08  16021.448407  -4123.955623  20773.937178   -160.149306  6  4  6  64       
PG09  -1915.624172 -20302.201552 -17072.996209     46.405731  7  5  7  73       
PG10  12419.968119  11760.718264  20609.066213    -67.788026  5  6  5  62       
PG11 -15180.262602  -2449.165286 -21626.560966   -525.230134  8  6  6  83       
PG12 -21349.340968  10616.772609 -11909.174081   -463.915838  6  5  5  89       
PG13 -18575.581954  -7043.574435  17532.424533    611.994968  6  5  5  85       
PG14  -8238.594786 -14063.480027  21021.704924    288.075093  7  2  4  58       
PG15 -15701.952280   5979.988985  20124.636340    113.259632  6  3  3  79       
PG16  26247.849179   1532.859727  -5552.801215   -391.992720  6  6  5  94       
PG17 -11729.361727 -23006.117565   6301.900933    720.760692  6  4  4  95       
PG18  -3874.048182  24990.028797   7821.031191   -522.437656  5  4  4  60       
PG19 -16866.853292 -20474.359398  -3655.129874    421.145651  9  6  6  65       
PG20 -23232.027653  -1086.384541 -12608.945848    393.484762  6  5  5  89       
PG21  15877.900735 -11909.551274  17657.591820    139.636977  6  4  4  86       
PG22 -15230.448228 -11721.897496  18642.358240     54.996209  6  3  4  82       
PG23  -1651.577572  15272.785469  21662.918322    127.795174  6  5  5  49       
PG24 -14981.814791  16163.691676  14112.022265   -406.248965  5  4  5  59       
PG25 -10335.767716  15763.773702 -18936.402468    483.849415  5  6  6  84       
PG26  21953.264444   5374.852874 -14373.926006    203.868368  2  3  4  89       
PG27  20648.886120   9316.825273  13940.523955     -0.006550  7  8  4  75       
PG28   8587.644418  16505.267179 -18978.876406    -87.349397  1  6  5  69       
PG29   -634.074742  19752.963779 -17741.655951   -609.178875  7  5  6  70       
PG30  -4053.481976 -21406.659165  15131.232297   -450.137052  5  6  4  76       
PG31  13628.124282   7472.051938 -21722.783666   -227.063071  4  5  3  63       
PG32  15704.691776  21389.504161   2905.468150   -601.954982  6  2  5  76       
*  2024  1  2 22 30  0.00000000
PG01  13185.118856 -20427.518920   9931.469960    165.129731  5  7  3  82       
PG02  14750.624975 -14822.214658  16744.641488   -506.597504  5  3  2  75       
PG03  21914.245511 -11753.143800  -9313.343016     99.233143  5     7  74       
PG04  11231.486155 -10145.811339 -21813.592681    255.986613  6  3  7 115       
PG05 -25860.644521   5729.180596  -2742.727172   -156.499752  7  6  6  74       
PG06  -8481.391978 -15933.095827 -19374.016005    457.941324  7  6  5  25       
PG07   4423.426911 -25676.744113   4070.087397    -27.653773  3  3  4  68       
PG08  17579.321569  -2388.067426  19804.125750   -160.150884  7  4  6  86       
PG09   -409.730931 -18927.129590 -18692.051737     46.416540  7  5  7  77       
PG10  10124.651594  12293.923881  21513.208969    -67.788827  4  6  5  49       
PG11 -14314.193956  -4784.384383 -21829.734278   -525.243083  9  5  6  62       
PG12 -22551.624950  10569.219790  -9407.671804   -463.919248  6  5  5  84       
PG13 -19535.108820  -8718.515479  15678.354613    611.998303  7  5  5  87       
PG14  -5856.710268 -14542.837882  21473.422502    288.084515  7  1  4  56       
PG15 -17436.545154   4395.126456  19123.058465    113.263290  5  2  4  92       
PG16  25536.632521   1818.747667  -8242.455229   -391.986054  7  7  5  98       
PG17 -11047.231359 -22492.987873   9006.449415    720.759729  6  4  4  93       
PG18  -4323.477837  25615.204722   5055.620778   -522.446230  5  4  4  68       
PG19 -16842.307613 -20779.043635   -815.795987    421.150253  9  5  6  63       
PG20 -21846.918078  -1890.892864 -14805.452741    393.483002  6  5  5  77       
PG21  15588.590618  -9870.395227  19234.062073    139.635624  6  4  4  84       
PG22 -13122.651726 -12097.427695  20013.301313     54.990048  6  3  4  67       
PG23  -4029.895180  15789.214593  20952.410565    127.801727  5  5  5  46       
PG24 -14844.841240  14334.124694  16081.319956   -406.255748  5  3  5  29       
PG25 -12349.481636  16058.821127 -17366.439772    483.850670  6  6  6  76       
PG26  20353.921887   6060.881085 -16308.481284    203.865270  2  2  4  63       
PG27  21519.724393  10535.878147  11645.610673     -0.010107  8  6  3           
PG28   7878.907020  18463.585145 -17416.359310    -87.359115  1  7  4  54       
PG29  -2019.083729  18156.022322 -19289.742114   -609.178521  7  5  6  64       
PG30  -3303.488612 -22852.035565  13012.102880   -450.133000  4  6  4  82       
PG31  12776.511385   9742.236241 -21296.866205   -227.063291  4  5  3  66       
PG32  15217.619008  21201.613779   5693.970603   -601.957899  5  2  5  54       
*  2024  1  2 22 45  0.00000000
PG01  13000.795867 -19092.278728  12456.361753    165.130433  4  7  3  71       
PG02  14571.664274 -12891.962159  18482.052614   -506.592508  5  3  2  64       
PG03  22824.985384 -11814.655490  -6604.027197     99.257007  5     8  88       
PG04  12944.693367  -8342.919602 -21639.354974    255.995509  5  4  7 112       
PG05 -25499.466187   5378.726157  -5558.113536   -156.501147  7  5  6  77       
PG06  -7833.333106 -17972.475773 -17795.544159    457.930020  7  6  5  37       
PG07   4795.679903 -25845.785256   1229.682430    -27.662318  3  3  4           
PG08  19127.714407   -825.566241  18494.600653   -160.152501  7  4  6  81       
PG09   1284.331486 -17519.321106 -19991.058646     46.427351  7  6  7  92       
PG10   7782.481529  12977.867259  22055.662837    -67.790544  4  6  5  50       
PG11 -13572.346629  -7163.249799 -21656.401332   -525.256088  9  5  5  70       
PG12 -23471.025949  10525.753431  -6745.421153   -463.923005  6  5  5  80       
PG13 -20445.295520 -10157.244423  13553.308086    612.001706  7  5  5  80       
PG14  -3470.750220 -15148.350686  21556.792388    288.093874  7  2  4  65       
PG15 -19132.422776   2976.167574  17780.618071    113.266415  5  2  4  97       
PG16  24554.861170   2193.555323 -10795.488176   -391.979376  7  7  5 104       
PG17 -10144.169687 -21796.193479  11557.217851    720.759093  5  4  3  97       
PG18  -4652.735302  25955.567386   2202.259169   -522.454847  5  4  4  72       
PG19 -16630.359842 -20838.520127   2037.249355    421.154752  8  4  7  85       
PG20 -20291.844675  -2863.822766 -16744.236367    393.481388  7  6  5  81       
PG21  15379.038798  -7672.536537  20483.025331    139.634334  6  5  4  78       
PG22 -10909.714989 -12606.460853  21049.604828     54.984019  7  3  4  76       
PG23  -6281.539856  16405.331917  19880.691168    127.808269  5  5  4           
PG24 -14758.506866  12293.153052  17761.078536   -406.262505  5  4  6  74       
PG25 -14164.506038  16401.711682 -15501.745570    483.851957  6  6  7  92       
PG26  18599.544224   6891.471717 -17969.107622    203.862174  1  2  4  73       
PG27  22260.107841  11514.483530   9152.046308     -0.013599  8  6  4  16       
PG28   7315.825533  20267.390074 -15554.683757    -87.368890  2  7  4  60       
PG29  -3590.579829  16518.937251 -20506.158713   -609.178285  7  5  6  65       
PG30  -2686.745744 -24089.257503  10667.619045   -450.128959  4  6  4  79       
PG31  12059.709892  11991.749057 -20509.315783   -227.063461  4  5  3  72       
PG32  14501.077846  20824.850789   8386.138066   -601.960850  5  2  5  64       
*  2024  1  2 23  0  0.00000000
PG01  12834.220808 -17475.101459  14759.020062    165.131239  5  7  2  77       
PG02  14477.384390 -10783.797927  19911.091408   -506.587653  6  4  2  84       
PG03  23434.945253 -11822.806725  -3780.756645     99.280964  6  1  8  35       
PG04  14719.589829  -6661.430710 -21092.766601    256.004402  5  4  7 110       
PG05 -24867.690954   4894.348373  -8278.777608   -156.502296  7  4  6  75       
PG06  -7340.283507 -19851.612749 -15907.969478    457.918674  7  6  4  37       
PG07   5101.202673 -25712.667274  -1632.430805    -27.670532  3  3  5  78       
PG08  20623.985806    547.433365  16868.923654   -160.154341  7  4  6  80       
PG09   3146.387202 -16120.539566 -20948.089368     46.438162  6  7  8  76       
PG10   5441.947382  13806.484562  22226.521833    -67.792037  4  6  6  57       
PG11 -12967.023379  -9537.830618 -21109.705357   -525.269068  9  5  5  41       
PG12 -24096.350813  10448.393451  -3967.525803   -463.926368  6  5  5  63       
PG13 -21263.729987 -11350.853325  11194.708140    612.005292  8  5  5  78       
PG14  -1127.221225 -15869.323967  21269.847284    288.103138  7  2  5  75       
PG15 -20745.534044   1734.572472  16122.606643    113.269952  5  2  4  91       
PG16  23329.014742   2686.565544 -13169.921684   -391.972543  8  7  5  84       
PG17  -9011.152203 -20956.218394  13911.663066    720.758554  6  5  3 101       
PG18  -4896.101399  25992.908749   -689.430320   -522.463478  5  3  4  84       
PG19 -16202.414296 -20677.722232   4855.904600    421.159394  8  3  7  84       
PG20 -18610.017259  -4011.936076 -18391.724855    393.479606  7  6  5  76       
PG21  15272.569109  -5357.261442  21386.534434    139.633465  6  5  4  79       
PG22  -8637.809382 -13254.306694  21735.364764     54.977954  7  3  4  76       
PG23  -8365.886682  17093.397996  18465.711806    127.814712  5  5  4  37       
PG24 -14749.374306  10077.165922  19121.033690   -406.269295  5  4  6  59       
PG25 -15752.678269  16758.919263 -13372.833634    483.853211  6  6  7  88       
PG26  16731.141533   7873.756293 -19327.507562    203.859127  1  3  4  52       
PG27  22831.190691  12260.712218   6503.052698     -0.017059  8  6  6           
PG28   6882.603158  21875.244299 -13425.775182    -87.378667  2  7  4  52       
PG29  -5330.666754  14886.470069 -21370.342527   -609.177601  7  6  6  99       
PG30  -2181.633131 -25085.073706   8137.933957   -450.124931  4  6  4  66       
PG31  11480.202916  14173.344683 -19372.154493   -227.063642  4  6  3  78       
PG32  13542.095359  20295.574763  10936.646841   -601.963738  5  3  5  55       
*  2024  1  2 23 15  0.00000000
PG01  12722.618066 -15602.181053  16797.941301    165.132030  5  7  1  59       
PG02  14490.851519  -8537.353906  21009.440015   -506.582764  6  5  3  75       
PG03  23745.061410 -11737.617192   -892.126795     99.304838  6  3  8  52       
PG04  16515.752654  -5128.654962 -20183.621509    256.013289  5  5  7 110       
PG05 -23993.553306   4248.667734 -10858.599261   -156.503489  7  3  7  80       
PG06  -6984.738897 -21526.655615 -13744.052831    457.907261  7  6  4  79       
PG07   5375.570880 -25270.089989  -4465.443463    -27.679318  3  4  5  55       
PG08  22024.719062   1723.074220  14955.846300   -160.155672  6  4  6  92       
PG09   5148.885077 -14769.222292 -21547.064137     46.448971  6  7  8  88       
PG10   3150.311436  14765.459940  22021.976291    -67.793580  4  5  6  64       
PG11 -12502.388183 -11859.206886 -20199.230069   -525.282115  9  5  5  72       
PG12 -24425.092691  10298.689196  -1121.385526   -463.929791  6  5  5  76       
PG13 -21948.690605 -12299.275242   8643.772951    612.008521  8  4  5  87       
PG14   1129.698356 -16687.569893  20616.971855    288.112450  7  3  6  78       
PG15 -22232.423179    673.472682  14179.828653    113.273733  5  2  5  90       
PG16  21891.740068   3321.724381 -15326.748948   -391.965831  8  8  4  84       
PG17  -7647.325912 -20015.787354  16030.950403    720.757900  6  5  3  97       
PG18  -5090.814350  25717.787106  -3569.115512   -522.472089  6  4  4  60       
PG19 -15536.198806 -20327.584851   7592.394713    421.164257  7  3  7  83       
PG20 -16846.692388  -5333.917992 -19719.511181    393.477657  8  7  5  86       
PG21  15285.386648  -2969.154355  21932.642381    139.632585  6  5  5  81       
PG22  -6353.629229 -14038.404980  22060.423724     54.972189  7  3  5  68       
PG23 -10248.409445  17819.780166  16731.432399    127.821225  5  5  3  10       
PG24 -14838.005677   7728.203453  20136.950382   -406.276092  5  4  6  74       
PG25 -17093.067208  17093.401022 -11014.970005    483.854465  6  6  7  83       
PG26  14791.567627   9007.359411 -20360.270975    203.856098  1  3  4  68       
PG27  23197.857005  12790.524379   3744.074129     -0.020561  8  6  8           
PG28   6556.651319  23250.737380 -11066.156541    -87.388472  3  7  4  79       
PG29  -7213.640329  13300.391052 -21867.802311   -609.177099  7  6  7  88       
PG30  -1761.168250 -25812.555015   5466.644060   -450.120894  4  6  4  70       
PG31  11032.605611  16240.496079 -17903.427718   -227.063979  5  6  3  73       
PG32  12335.612911  19653.121102  13302.654828   -601.966602  4  4  5  61       
*  2024  1  2 23 30  0.00000000
PG01  12698.633915 -13508.067578  18536.409296    165.132851  5  8  2  54       
PG02  14628.184272  -6196.118747  21760.250843   -506.577730  6  5  4  78       
PG03  23765.300298 -11521.056355   2011.943379     99.328763  7  4  8  82       
PG04  18289.445933  -3764.389959 -18927.908409    256.022172  5  5  7 108       
PG05 -22911.445553   3420.426025 -13253.982407   -156.504896  7  2  7  94       
PG06  -6742.013105 -22959.252019 -11341.399871    457.895848  6  6  5  23       
PG07   5655.128394 -24519.970278  -7218.522672    -27.687939  3  4  5  61       
PG08  23287.322599   2701.809233  12788.765614   -160.157417  5  5  6 111       
PG09   7257.776171 -13499.080990 -21778.000748     46.459782  6  7  7  87       
PG10    951.999583  15832.649310  21444.434732    -67.796092  4  5  6  58       
PG11 -12174.395508 -14079.178740 -18940.823123   -525.295090  9  5  5  62       
PG12 -24463.491833  10039.381638   1744.089956   -463.933155  7  5  5  76       
PG13 -22460.795343 -13011.037850   5944.765168    612.012089  8  4  6  75       
PG14   3259.672446 -17578.045374  19608.865370    288.121780  7  3  6 101       
PG15 -23551.875724   -212.172697  11987.911057    113.277164  5  3  5  97       
PG16  20280.699616   4116.603740 -17230.485556   -391.958660  8  8  3  82       
PG17  -6060.151290 -19018.194460  17880.505343    720.756895  6  5  3  91       
PG18  -5275.405717  25129.936640  -6386.662044   -522.480693  6  4  4  69       
PG19 -14616.802031 -19823.799590  10200.043295    421.168877  6  4  7  89       
PG20 -15047.485055  -6820.253143 -20704.844925    393.476082  8  7  6  84       
PG21  15426.061324   -554.576736  22115.369406    139.631330  6  5  5  74       
PG22  -4102.838482 -14948.384509  22020.440320     54.966289  7  3  6  68       
PG23 -11901.841605  18546.273650  14707.436776    127.827775  5  5  3  28       
PG24 -15038.036905   5292.426568  20791.098236   -406.282873  5  4  6  68       
PG25 -18172.666478  17366.087296  -8467.662427    483.855734  6  6  7  99       
PG26  12824.035462  10284.229550 -21049.278050    203.853060  2  3  3  70       
PG27  23330.073541  13126.916399    922.008921     -0.024140  8  6  9   2       
PG28   6309.627052  24363.782654  -8516.328121    -87.398316  3  7  4  56       
PG29  -9206.814342  11797.969399 -21990.341586   -609.176831  7  6  7  93       
PG30  -1394.244362 -26252.128294   2700.035495   -450.116842  5  7  4  75       
PG31  10703.926114  18149.023879 -16126.998367   -227.064105  5  6  4  96       
PG32  10884.832165  18938.234263  15444.468708   -601.969532  4  4  6  16       
*  2024  1  2 23 45  0.00000000
PG01  12788.871192 -11234.449011  19943.245010    165.133666  5  8  4  88       
PG02  14897.952881  -3805.990706  22152.304542   -506.572654  6  6  5  86       
PG03  23514.206363 -11138.713334   4881.084496     99.352640  7  5  8  59       
PG04  19995.202295  -2580.343500 -17347.512961    256.031028  6  6  7 105       
PG05 -21660.590367   2395.469512 -15424.551514   -156.506691  8  3  7  81       
PG06  -6581.372502 -24117.933186  -8741.789091    457.884478  6  6  5  68       
PG07   5975.300294 -23473.527110  -9841.830566    -27.696502  4  5  5  75       
PG08  24371.595292   3492.138626  10405.120430   -160.159637  6  5  6  77       
PG09   9433.640639 -12337.897765 -21637.163958     46.470608  5  7  8  88       
PG10  -1112.911786  16978.810881  20502.555673    -67.797312  4  5  7  31       
PG11 -11971.049489 -16151.951186 -17356.311744   -525.308065  9  5  5  75       
PG12 -24226.268525   9636.045432   4579.316054   -463.936776  7  5  5  87       
PG13 -22764.557351 -13502.694116   3144.207158    612.015442  9  4  6  56       
PG14   5227.577830 -18509.772057  18262.394917    288.131095  7  3  7  95       
PG15 -24666.458937   -935.086881   9586.538171    113.280742  5  3  6  95       
PG16  18537.258282   5081.595895 -18849.674008   -391.952103  9  8  3  83       
PG17  -4265.237189 -18005.650636  19430.479564    720.756165  7  6  3  98       
PG18  -5487.986875  24238.325925  -9093.037225   -522.489319  6  5  5  67       
PG19 -13437.452796 -19205.390724  12634.046137    421.173829  5  5  7  95       
PG20 -13256.683578  -8453.431795 -21331.015844    393.474196  9  7  6  89       
PG21  15695.312122   1839.871626  21934.587027    139.630349  6  6  6  71       
PG22  -1928.575254 -15966.409083  21616.884847     54.960261  8  3  7  75       
PG23 -13307.061126  19231.621500  12428.442681    127.834307  5  6  4  57       
PG24 -15355.563849   2818.422724  21072.571552   -406.289657  5  5  6  79       
PG25 -18986.799617  17537.484752  -5774.057466    483.856985  6  6  7  71       
PG26  10870.620183  11688.760089 -21382.032037    203.850015  2  4  3  70       
PG27  23204.048448  13298.824677  -1915.555502     -0.027747  8  6 10  72       
PG28   6108.699904  25191.682592  -5820.078149    -87.408119  4  7  5  75       
PG29 -11271.617759  10410.652227 -21736.174530   -609.176348  7  7  8  81       
PG30  -1047.045339 -26392.338759   -113.733883   -450.112806  5  7  4  68       
PG31  10474.133655  19858.666007 -14072.234999   -227.064293  5  6  5  94       
PG32   9201.259668  18191.467012  17326.158690   -601.972441  4  5  6  50       
EOF
