#cP2024  1 18  0  0  0.00000000      96 ORBIT IGS20 HLM  IGS
## 2297 345600.00000000   900.00000000 60327 0.0000000000000
+   31   G01G02G03G04G05G06G07G08G09G10G11G12G13G14G15G16G17
+        G18G19G20G21G22G23G24G25G26G28G29G30G31G32  0  0  0
+          0  0  0  0  0  0  0  0  0  0  0  0  0  0  0  0  0
+          0  0  0  0  0  0  0  0  0  0  0  0  0  0  0  0  0
+          0  0  0  0  0  0  0  0  0  0  0  0  0  0  0  0  0
++         2  2  2  2  2  1  2  2  2  2  2  2  2  2  2  2  2
++         2  2  2  2  1  2  2  2  1  2  2  1  2  2  0  0  0
++         0  0  0  0  0  0  0  0  0  0  0  0  0  0  0  0  0
++         0  0  0  0  0  0  0  0  0  0  0  0  0  0  0  0  0
++         0  0  0  0  0  0  0  0  0  0  0  0  0  0  0  0  0
%c G  cc GPS ccc cccc cccc cccc cccc ccccc ccccc ccccc ccccc
%c cc cc ccc ccc cccc cccc cccc cccc ccccc ccccc ccccc ccccc
%f  1.2500000  1.025000000  0.00000000000  0.000000000000000
%f  0.0000000  0.000000000  0.00000000000  0.000000000000000
%i    0    0    0    0      0      0      0      0         0
%i    0    0    0    0      0      0      0      0         0
/* FINAL ORBIT COMBINATION FROM WEIGHTED AVERAGE OF:        
/* cod emr esa gfz grg jgx jpl mit ngs sio                  
/* REFERENCED TO GPS CLOCK AND TO WEIGHTED MEAN POLE:       
/* PCV:IGS20      OL/AL:FES2014b NONE     Y  ORB:CMB CLK:CMB
*  2024  1 18  0  0  0.00000000
PG01  15171.829342    287.301129  21500.003812    166.407316  5 10  7 125       
PG02  17997.603833   6886.753065  18886.737063   -499.323991  5  8  4  80       
PG03  19269.421900  -6029.290891  17054.797537    133.229028  5  5  8  63       
PG04  26085.492308    970.711250  -5264.154584    268.744946  9  5  7  24       
PG05 -14436.159008  -5505.098670 -21790.337907   -158.353277  7  8  6 102       
PG06  -5448.384082 -25228.292790   6097.799227    441.018744  6  5  6  70       
PG07   9247.543103 -14578.053915 -19568.658391    -39.874763  8  7  6  97       
PG08  25950.508254   5561.637467  -3740.444594   -162.608659  7  6  7  52       
PG09  19763.801904  -8683.520563 -15598.096961     62.224203 12  9  8  90       
PG10  -8535.052312  22593.176436  10869.614159    -69.739954  7  3  6  53       
PG11 -11918.049023 -23145.497063  -5366.298773   -543.683426  4  6  6  52       
PG12 -19851.035628   4614.647230  16710.432673   -468.925540  6  7  5  66       
PG13 -20215.988234 -13670.848834 -10947.438540    616.876203  7  8 10 117       
PG14  11954.345171 -22494.275252   7198.817011    301.477993  7  4  9  65       
PG15 -26189.161524  -3140.064901  -4444.411434    118.308359  8  8  8  70       
PG16   9287.356678  12363.073247 -21890.997478   -381.995563  7  9  5  90       
PG17   7057.492151 -13873.842267  21966.029756    719.624284  9  6  7  99       
PG18  -8205.342045  15858.721209 -19584.846659   -534.587730  7  5  6 103       
PG19  -3824.632861 -15751.058278  20921.081927    428.000787 11  5  7 101       
PG20  -5632.324934 -17868.097035 -18833.102641    391.011221  7  7  4  70       
PG21  18547.027026  12047.891255  15874.574940    138.062081  4  9  5  73       
PG22   6633.582913 -21700.772252  14469.875935     46.475450  7  5  7  67       
PG23 -16521.466510  20610.553789  -1476.684736    137.445699  7  5  9  86       
PG24 -18453.709471  -8684.592945  16817.860546   -415.755865  5  9  8 108       
PG25 -19471.491635  15486.712929   8563.234126    485.619329  7  4  7  67       
PG26   2176.216848  19934.688681 -17377.163244    199.340143  6  5  2  76       
PG28   4260.722077  24733.005520   8675.276805   -101.925936  6  5  7  41       
PG29 -21246.818739   5725.320203 -14993.336016   -608.542854 10  9  9 111       
PG30   1593.493302 -22704.363486 -13343.641517   -444.157233  5  6  7 105       
PG31   9701.605298  24479.658809   -686.324653   -227.367726  5  4  5  83       
PG32  -2152.345061  15140.715924  21908.590523   -605.823887  6  4  2  48       
*  2024  1 18  0 15  0.00000000
PG01  16084.636399   2588.181693  20710.405917    166.408309  4  9  8 121       
PG02  18837.017322   8669.114459  17237.579422   -499.318802  5  8  4  83       
PG03  18135.651782  -4289.811689  18737.867310    133.252277  5  5  7  68       
PG04  26488.673240   1263.301048  -2454.072254    268.753687  9  5  7  96       
PG05 -13083.563975  -7566.369573 -22018.748361   -158.354582  7  8  5  90       
PG06  -4962.288064 -24515.296422   8845.073952    441.006651  6  4  6  71       
PG07  10324.629015 -12423.161367 -20514.797786    -39.882906  8  7  5  98       
PG08  25365.830525   5746.596974  -6481.772441   -162.610394  7  5  7  88       
PG09  21390.653904  -8352.051338 -13483.097879     62.235177 11  8  8  82       
PG10  -9326.796812  23344.329724   8240.544647    -69.740197  7  2  6  76       
PG11 -11862.559705 -23653.811669  -2550.587828   -543.696030  4  5  6  81       
PG12 -18637.539362   2941.840925  18380.904333   -468.928985  6  7  4  71       
PG13 -18864.193679 -13500.328660 -13334.864023    616.879480  7  7 10 118       
PG14  12601.015667 -22840.047130   4467.600153    301.487197  6  4  9  80       
PG15 -25594.993553  -3458.538195  -7131.683979    118.311800  8  8  8  90       
PG16   7651.860827  14137.008859 -21397.333156   -381.988295  7  9  5  88       
PG17   9399.283921 -13431.078767  21356.057673    719.623292  9  6  7  89       
PG18  -9181.416776  13762.435079 -20719.565628   -534.596027  7  5  6 110       
PG19  -1412.135362 -15261.645575  21539.169060    428.005402 11  5  6  92       
PG20  -4580.430465 -19661.801090 -17287.089128    391.009545  6  6  5  67       
PG21  19210.375250  13493.962136  13798.725622    138.061288  4  9  6  78       
PG22   7724.193744 -22675.884472  12212.381226     46.469744  6  4  7  66       
PG23 -16511.454820  20207.873295  -4350.612349    137.452483  7  5  9  69       
PG24 -19186.885408 -10428.441978  14987.096822   -415.762186  5  8  8 113       
PG25 -19015.605441  14365.137620  11097.502758    485.620489  6  4  7  69       
PG26    983.495122  21410.783711 -15591.999282    199.336903  6  5  3  97       
PG28   3562.951335  23802.174603  11214.614520   -101.936294  6  4  7  18       
PG29 -22765.057609   5274.734477 -12766.043912   -608.542520 10  9  9 109       
PG30   2502.825657 -21267.032454 -15417.927280   -444.153046  5  6  7  83       
PG31   9376.216879  24496.121808   2178.297715   -227.368118  5  4  5  77       
PG32  -4591.735942  14869.438673  21697.752323   -605.826437  6  4  3  33       
*  2024  1 18  0 30  0.00000000
PG01  17074.840603   4729.503137  19555.871179    166.409289  4  9  8 112       
PG02  19667.429213  10236.256525  15304.928344   -499.313658  5  7  3  63       
PG03  17004.875281  -2344.929825  20093.630246    133.275474  5  5  7  74       
PG04  26588.241490   1506.691137    397.911674    268.762379  9  5  7  93       
PG05 -11841.415281  -9702.502624 -21874.482821   -158.355385  8  7  4  77       
PG06  -4302.038251 -23559.238415  11439.612810    440.994577  5  4  5  88       
PG07  11543.586562 -10247.365905 -21089.471882    -39.891652  7  7  4  87       
PG08  24490.875379   5955.858262  -9114.549651   -162.611874  7  5  7  72       
PG09  22781.356407  -8112.038849 -11137.851788     62.246224 11  8  9  71       
PG10  -9911.470604  23879.284185   5467.973213    -69.742268  7  2  6  43       
PG11 -11701.953848 -23871.580363    308.907545   -543.708524  4  5  6  92       
PG12 -17408.090709   1069.187693  19727.146719   -468.932270  6  6  3  82       
PG13 -17254.845028 -13354.969775 -15497.815939    616.882699  7  7 10 104       
PG14  13051.901427 -22958.383117   1658.666506    301.496340  6  3  9  55       
PG15 -24726.634770  -3829.986515  -9699.425687    118.315396  8  7  8  89       
PG16   6155.511971  15939.501558 -20543.776081   -381.981408  7  9  6  81       
PG17  11675.075706 -13127.391603  20393.212530    719.622432  9  6  7  96       
PG18 -10316.204349  11625.748020 -21495.914115   -534.604217  7  5  6 110       
PG19   1075.302321 -14893.291961  21781.391996    428.010118 11  4  5  93       
PG20  -3696.952751 -21329.231640 -15444.190775    391.008007  6  6  5  60       
PG21  19823.380591  14698.421281  11502.480436    138.059667  5  8  6  80       
PG22   8601.390004 -23501.264557   9752.318207     46.464051  6  4  7  61       
PG23 -16355.660759  19528.870130  -7148.773444    137.459279  7  5  9  72       
PG24 -19883.314162 -11942.047726  12896.209840   -415.768557  5  8  8  94       
PG25 -18468.102404  12984.175002  13434.802242    485.621667  6  4  7  62       
PG26    -36.780768  22753.195915 -13536.845776    199.333691  6  5  3  91       
PG28   2683.267522  22666.893427  13560.762149   -101.946741  6  4  6  30       
PG29 -24043.527306   4940.451680 -10320.713680   -608.542025 10  9  9 109       
PG30   3577.858679 -19677.922696 -17221.635945   -444.148853  4  5  6  74       
PG31   8909.140508  24236.254259   5004.373693   -227.368485  5  3  4  57       
PG32  -7000.087892  14728.619914  21119.455407   -605.828948  6  3  3  57       
*  2024  1 18  0 45  0.00000000
PG01  18107.182722   6675.204448  18058.216448    166.410272  4  9  8  98       
PG02  20448.541761  11572.487609  13119.895640   -499.308927  6  7  3  83       
PG03  15917.133173   -223.317175  21098.422431    133.298682  5  4  6  56       
PG04  26378.986611   1738.023852   3243.104926    268.771126  9  6  8  88       
PG05 -10732.253183 -11870.347549 -21359.668340   -158.356905  7  7  4  52       
PG06  -3446.792200 -22397.287391  13836.848238    440.982503  5  4  5  80       
PG07  12887.720182  -8098.803798 -21283.314567    -39.900030  7  7  3  73       
PG08  23341.924959   6223.876022 -11594.650335   -162.613024  7  5  7  70       
PG09  23907.826193  -7933.585314  -8602.296425     62.257268 10  7  9  59       
PG10 -10311.497675  24163.922226   2599.881533    -69.743433  6  2  6  54       
PG11 -11401.059095 -23812.258973   3163.105428   -543.720999  5  4  6  76       
PG12 -16203.364144   -977.744480  20725.034637   -468.935551  6  6  2  72       
PG13 -15413.909829 -13268.908569 -17400.071457    616.886253  8  6  9  96       
PG14  13332.570627 -22823.481302  -1179.132579    301.505528  6  4  8  75       
PG15 -23605.809099  -4284.683216 -12105.337658    118.318494  8  7  7  89       
PG16   4817.482896  17727.128333 -19343.053127   -381.974098  7  8  6  70       
PG17  13839.129399 -12954.676973  19093.187134    719.621138  9  6  7  71       
PG18 -11597.333631   9496.802087 -21900.986494   -534.612474  7  5  6  97       
PG19   3588.253281 -14656.641244  21642.346217    428.014969 11  5  4  88       
PG20  -2973.979888 -22827.814465 -13336.446493    391.006164  6  5  6  88       
PG21  20346.644516  15656.279927   9022.437377    138.058635  5  7  6  70       
PG22   9276.125772 -24138.113313   7129.959642     46.458202  6  3  7  77       
PG23 -16093.006181  18565.919148  -9822.460941    137.466070  7  5  9  59       
PG24 -20504.902378 -13214.165226  10582.787326   -415.774917  5  7  8  90       
PG25 -17869.215202  11352.554011  15533.174631    485.622836  6  5  7  60       
PG26   -891.577908  23920.901472 -11246.512015    199.330450  6  5  3  81       
PG28   1608.761340  21366.531286  15673.251885   -101.957151  6  3  6  44       
PG29 -25052.458712   4693.269197  -7699.095238   -608.541615 10  9  9  91       
PG30   4821.482332 -17980.357090 -18723.348788   -444.144661  4  5  6  93       
PG31   8271.529168  23723.227268   7741.750993   -227.368705  5  3  4  60       
PG32  -9329.912411  14712.305465  20182.729742   -605.831492  6  2  4  46       
*  2024  1 18  1  0  0.00000000
PG01  19141.872449   8397.096288  16245.175453    166.411256  3  8  8 103       
PG02  21138.804146  12670.049021  10717.783218   -499.303588  6  7  3  88       
PG03  14907.721068   2039.075179  21734.806428    133.321893  5  4  5  83       
PG04  25864.486304   1994.700611   6032.942776    268.779853  9  6  7  79       
PG05  -9771.050575 -14023.770175 -20482.620110   -158.358138  7  6  4  60       
PG06  -2383.412829 -21071.485697  15995.728275    440.970431  4  4  5  80       
PG07  14332.811160  -6022.456730 -21094.194891    -39.908591  7  7  3  73       
PG08  21942.812419   6581.686871 -13880.400839   -162.615056  8  5  7  65       
PG09  24749.482857  -7782.794527  -5919.653479     62.268304  9  7  9  69       
PG10 -10555.770675  24170.863308   -313.751290    -69.744828  6  2  6  80       
PG11 -10928.787222 -23497.209922   5963.044108   -543.733557  5  3  6  75       
PG12 -15060.026052  -3165.905189  21356.712076   -468.939142  7  6  2  98       
PG13 -13374.295716 -13271.579503 -19009.731075    616.889418  8  6  9  77       
PG14  13473.791047 -22416.646899  -3996.399939    301.514673  6  4  8  96       
PG15 -22260.700210  -4848.613926 -14310.098709    118.322240  7  7  7  84       
PG16   3649.291632  19454.246063 -17813.807217   -381.966996  7  8  6  92       
PG17  15848.437911 -12897.254681  17477.062549    719.620513  9  5  7  74       
PG18 -13004.427950   7421.391313 -21928.338398   -534.620662  8  5  6 106       
PG19   6075.841665 -14554.106939  21123.399380    428.019652 10  5  3  85       
PG20  -2396.141621 -24118.733129 -11000.322442    391.004387  5  5  6  72       
PG21  20741.271762  16370.264306   6397.995175    138.057627  5  7  6  74       
PG22   9766.525130 -24551.561248   4388.493908     46.452204  6  3  7  63       
PG23 -15764.282489  17320.425485 -12325.188211    137.472839  7  5  9  80       
PG24 -21013.731868 -14241.957149   8087.809824   -415.781283  4  7  9  86       
PG25 -17258.365632   9487.847059  17354.910248    485.624011  6  5  6  67       
PG26  -1595.080555  24876.471088  -8760.172598    199.327221  6  4  4  81       
PG28    334.448230  19943.788259  17515.630410   -101.967536  6  3  6  19       
PG29 -25769.613281   4499.442309  -4945.941437   -608.541474  9  9  9 103       
PG30   6228.627562 -16219.010861 -19897.094212   -444.140478  4  5  6  72       
PG31   7440.450807  22987.262051  10341.729263   -227.368912  5  3  4  55       
PG32 -11535.797703  14806.798281  18902.657671   -605.834005  6  1  5  60       
*  2024  1 18  1 15  0.00000000
PG01  20136.196983   9875.691431  14149.785188    166.412232  3  8  8 101       
PG02  21696.974949  13529.273955   8137.624628   -499.298913  6  6  3  82       
PG03  14005.832005   4400.234493  21991.880831    133.345056  5  4  4  70       
PG04  25056.987657   2312.754548   8719.797463    268.788579  9  6  7  73       
PG05  -8964.745484 -16115.236253 -19257.734799   -158.359549  7  5  5  43       
PG06  -1107.156826 -19627.123999  17879.408480    440.958410  4  3  5  88       
PG07  15848.035138  -4058.509276 -20527.160612    -39.916956  6  7  3  62       
PG08  20324.125221   7055.574091 -15933.229783   -162.616287  7  6  7  43       
PG09  25293.950390  -7623.239742  -3135.712486     62.279355  9  6  9  55       
PG10 -10678.347318  23880.659230  -3221.850905    -69.745408  6  2  6  65       
PG11 -10259.511529 -22954.794049   8660.714922   -543.746077  6  2  6  87       
PG12 -14009.306612  -5455.868108  21610.947707   -468.942150  7  6  2  86       
PG13 -11174.770471 -13386.506043 -20299.711492    616.892558  8  6  8  80       
PG14  13510.143207 -21727.134341  -6744.082698    301.523866  6  5  8  73       
PG15 -20724.926234  -5542.375794 -16277.903633    118.325797  7  7  7  97       
PG16   2654.456226  21074.602725 -15980.413059   -381.960061  7  7  6  71       
PG17  17664.148051 -12932.514814  15571.029030    719.619670  9  5  7  86       
PG18 -14509.791836   5441.353408 -21578.060869   -534.628777  8  5  6 104       
PG19   8487.547793 -14579.759121  20232.741438    428.024412 10  5  3  91       
PG20  -1941.405424 -25168.328366  -8476.072001    391.002952  6  4  6  90       
PG21  20970.310706  16850.592107   3670.879334    138.056823  6  6  6  77       
PG22  10097.078500 -24712.035742   1573.410913     46.446832  5  3  7  74       
PG23 -15410.415083  15802.918868 -14613.522577    137.479606  7  5  9  79       
PG24 -21373.578216 -15030.809238   5454.872095   -415.787651  4  6  9  82       
PG25 -16672.494016   7415.989665  18867.310928    485.625166  6  5  6  64       
PG26  -2167.970129  25587.529232  -6120.712812    199.323977  6  4  4  76       
PG28  -1136.334827  18443.075139  19056.092475   -101.978007  6  2  6  41       
PG29 -26181.066725   4322.158821  -2108.262179   -608.540861  9  8  9  73       
PG30   7786.294262 -14438.235266 -20722.802313   -444.136262  4  5  5  95       
PG31   6400.041401  22064.385564  12758.012120   -227.369104  5  3  3  66       
PG32 -13575.958214  14991.203107  17300.184514   -605.836448  5  2  5  60       
*  2024  1 18  1 30  0.00000000
PG01  21046.233520  11100.677941  11809.691815    166.413151  3  8  8  82       
PG02  22083.705198  14158.463006   5421.664430   -499.293393  6  6  3  73       
PG03  13233.457885   6813.546294  21865.463697    133.368215  5  4  4  69       
PG04  23976.972109   2725.276743  11257.772419    268.797272  8  6  7  71       
PG05  -8312.082759 -18097.462391 -17705.289732   -158.361105  6  5  5   5       
PG06    377.965739 -18111.010363  19455.863972    440.946319  3  3  4  87       
PG07  17397.159116  -2240.939915 -19594.216522    -39.925649  6  6  2  23       
PG08  18522.171038   7665.907341 -17718.280084   -162.617098  8  6  6  61       
PG09  25537.459066  -7417.538111   -298.067816     62.290388  8  5  9  62       
PG10 -10716.929849  23282.692481  -6073.191497    -69.746789  6  3  6  80       
PG11  -9374.238278 -22219.206718  11209.877267   -543.758628  6  2  6  79       
PG12 -13075.806179  -7803.203885  21483.353432   -468.946088  7  6  2  87       
PG13  -8858.674824 -13630.319468 -21248.169870    616.896294  9  6  8  97       
PG14  13478.488366 -20752.685768  -9374.357023    301.533058  5  5  8  84       
PG15 -19036.345999  -6380.287339 -17976.939191    118.328994  6  7  7  62       
PG16   1828.453414  22543.011462 -13872.691595   -381.952947  7  6  6  62       
PG17  19252.849979 -13031.824323  13406.040685    719.618137 10  5  7  74       
PG18 -16079.388507   3593.130516 -20856.740131   -534.637010  8  5  6 100       
PG19  10775.017458 -14719.562479  18985.298062    428.028951 10  6  3  79       
PG20  -1582.127581 -25949.306815  -5807.040010    391.001121  5  4  6  56       
PG21  21000.150104  17114.505270    884.639113    138.055265  6  5  5  71       
PG22  10297.597943 -24596.466825  -1268.166314     46.440671  5  3  7  55       
PG23 -15070.736007  14032.794453 -16647.858029    137.486425  7  5  9  93       
PG24 -21551.347892 -15593.842336   2729.395175   -415.794001  4  6  9  72       
PG25 -16144.499400   5170.452992  20043.348933    485.626357  6  6  6  74       
PG26  -2636.435531  26028.040414  -3373.986239    199.320724  6  4  4  56       
PG28  -2791.857381  16908.839275  20268.034307   -101.988407  6  2  6  43       
PG29 -26281.689260   4123.136094    765.460101   -608.540700  8  8  8  79       
PG30   9473.903895 -12680.413838 -21186.639654   -444.132038  4  5  5  77       
PG31   5142.371734  20994.954006  14947.615100   -227.369338  5  3  3  53       
PG32 -15413.664343  15238.260356  15401.832118   -605.838965  5  2  5  74       
*  2024  1 18  1 45  0.00000000
PG01  21828.594208  12071.026662   9266.396470    166.414074  3  7  8  84       
PG02  22263.088548  14573.474579   2614.774894   -499.288208  6  6  3  61       
PG03  12604.593349   9229.437547  21358.147101    133.391389  5  4  4  80       
PG04  22652.420250   3260.955919  13603.469255    268.806011  8  5  7  89       
PG05  -7803.772692 -19925.074573 -15851.148288   -158.362268  6  3  6  42       
PG06   2059.172881 -16569.701277  20698.412708    440.934321  3  3  3  78       
PG07  18939.958662   -596.401860 -18313.952521    -39.933716  6  6  3  55       
PG08  16577.740874   8426.199778 -19204.975870   -162.618459  7  6  6  63       
PG09  25484.931306  -7128.971681   2544.679740     62.301395  7  5  9  71       
PG10 -10711.188913  22375.735161  -8817.360431    -69.748436  5  4  6  83       
PG11  -8261.526935 -21329.103351  13566.842408   -543.771149  6  3  5  80       
PG12 -12276.586944 -10160.062246  20976.460450   -468.949169  7  5  2  93       
PG13  -6472.472867 -14012.040635 -21838.854987    616.899740  9  5  7  82       
PG14  13416.354003 -19499.743549 -11841.489317    301.542251  5  6  7   8       
PG15 -17235.739459  -7369.734898 -19379.798325    118.332483  6  7  6  64       
PG16   1158.991200  23817.026589 -11525.518794   -381.945981  7  5  6  58       
PG17  20587.688944 -13161.665714  11017.403413    719.617362 10  4  7  72       
PG18 -17674.068423   1906.552442 -19777.306351   -534.645230  8  5  6 106       
PG19  12893.800401 -14951.960307  17402.504552    428.033723 10  6  3  84       
PG20  -1286.316958 -26441.715094  -3038.923382    390.999274  5  4  6  64       
PG21  20801.830426  17185.569261  -1915.887802    138.054342  6  4  5  48       
PG22  10401.963105 -24189.284716  -4088.200522     46.434704  4  3  7 106       
PG23 -14781.334821  12037.711218 -18393.112088    137.493179  7  5  8  80       
PG24 -21518.382344 -15951.149747    -42.155915   -415.800358  4  6  9  78       
PG25 -15701.859788   2791.103189  20862.203030    485.627583  6  6  5  74       
PG26  -3030.950899  26179.366689   -567.997322    199.317478  6  3  4  49       
PG28  -4612.252361  15383.901155  21130.517005   -101.998820  6  2  6  39       
PG29 -26075.303898   3864.279722   3626.081667   -608.540355  8  8  8  93       
PG30  11263.960616 -10984.417771 -21281.219524   -444.127868  4  5  5  78       
PG31   3667.988010  19822.007439  16871.705512   -227.369546  6  3  3  52       
PG32 -17018.497853  15515.441976  13239.315288   -605.841335  5  3  5  81       
*  2024  1 18  2  0  0.00000000
PG01  22442.133869  12794.739852   6564.460708    166.414986  4  7  8  79       
PG02  22204.123830  14797.037545   -236.189214   -499.283217  6  6  3  59       
PG03  12124.772742  11597.136592  20479.223228    133.414524  5  4  4  68       
PG04  21117.803641   3942.787375  15716.715782    268.814769  6  4  6  59       
PG05  -7422.963053 -21556.213563 -13726.372886   -158.363429  5  2  6  76       
PG06   3915.232348 -15047.762620  21586.143031    440.922172  3  3  2  79       
PG07  20433.787896    856.566252 -16711.040946    -39.942307  5  5  4  80       
PG08  14534.711088   9342.418441 -20367.536857   -162.620972  7  6  5  50       
PG09  25149.746887  -6723.092688   5343.744386     62.312419  6  4  8  48       
PG10 -10701.001508  21168.140023 -11405.721110    -69.749293  5  4  6  82       
PG11  -6918.123606 -20326.067366  15691.213328   -543.783648  6  3  6  78       
PG12 -11620.587655 -12476.896688  20099.651522   -468.952526  7  6  2  91       
PG13  -4064.190422 -14532.651151 -22061.380970    616.903115  9  5  6  74       
PG14  13360.302814 -17983.328041 -14102.656248    301.551423  5  6  7 106       
PG15 -15365.407354  -8510.773787 -20463.833509    118.336115  5  7  6  80       
PG16    626.593735  24858.557254  -8978.326675   -381.938791  7  4  6  60       
PG17  21649.259524 -13284.972274   8444.295819    719.616361 10  4  7  70       
PG18 -19251.000069    403.886450 -18358.776518   -534.653456  8  5  5 100       
PG19  14804.944502 -15248.783502  15511.941492    428.038236 10  6  4  53       
PG20  -1019.061758 -26633.644337   -219.000314    390.997519  5  3  6  79       
PG21  20352.228550  17092.754999  -4685.145913    138.053207  6  3  5  35       
PG22  10446.698149 -23483.167158  -6838.503789     46.428640  4  3  6  94       
PG23 -14573.553971   9852.672915 -19819.333847    137.499950  7  5  8  58       
PG24 -21251.584990 -16128.797123  -2813.036353   -415.806687  4  5  9  74       
PG25 -15365.493375    322.796376  21309.657243    485.628758  6  6  5  96       
PG26  -3384.868986  26031.048904   2247.975310    199.314229  6  3  4  62       
PG28  -6570.092793  13907.866193  21628.631698   -102.009223  6  2  6  52       
PG29 -25574.516123   3509.340523   6424.622924   -608.539913  7  7  8 106       
PG30  13122.991864  -9384.221841 -21005.686285   -444.123625  4  5  5  78       
PG31   1986.101395  18589.526883  18496.352285   -227.369893  5  3  2  50       
PG32 -18367.383489  15786.271608  10849.062616   -605.843797  5  3  5  92       
*  2024  1 18  2 15  0.00000000
PG01  22849.555384  13288.261658   3750.690011    166.415883  4  7  8  63       
PG02  21882.035281  14857.803019  -3083.095280   -499.277923  6  5  3  58       
PG03  11790.956607  13866.479097  19244.485363    133.437664  5  4  5  53       
PG04  19412.840869   4787.000772  17561.243777    268.823496  5  2  6  58       
PG05  -7146.009580 -22954.027296 -11366.748293   -158.364807  5  1  6  55       
PG06   5917.109595 -13586.126531  22104.240446    440.910128  3  3     75       
PG07  21835.230749   2107.977154 -14815.625666    -39.950511  5  5  4  68       
PG08  12438.531987  10412.575809 -21185.432434   -162.623368  7  6  5  77       
PG09  24553.194948  -6169.250909   8050.986515     62.323508  5  4  8           
PG10 -10724.677804  19677.651239 -13792.350500    -69.750087  5  5  6  82       
PG11  -5349.282952 -19252.979333  17546.568681   -543.796203  5  3  5  80       
PG12 -11108.384487 -14704.259055  18868.952469   -468.956201  6  5  2  83       
PG13  -1681.795639 -15184.970793 -21911.419485    616.906408  9  5  6  73       
PG14  13344.351703 -16226.585682 -16118.707124    301.560605  5  6  6  78       
PG15 -13467.736327  -9795.994448 -21211.450219    118.339803  5  6  5 100       
PG16    205.484335  25635.353376  -6274.497355   -381.931570  7  3  5  56       
PG17  22426.248268 -13362.617061   5729.223338    719.615466  9  3  7           
PG18 -20765.247062   -900.813052 -16625.898105   -534.661701  8  6  5 102       
PG19  16476.377303 -15576.448655  13346.837707    428.043192 10  6  4  64       
PG20   -744.064036 -26521.640554   2604.659642    390.996049  5  3  6  62       
PG21  19635.075787  16869.325889  -7377.470006    138.052536  5  2  5  48       
PG22  10469.427981 -22479.501343  -9471.537495     46.423137  4  4  6  92       
PG23 -14472.688414   7518.829301 -20902.212578    137.506763  7  5  8  80       
PG24 -20734.335403 -16157.628416  -5536.957696   -415.813057  5  6  9  24       
PG25 -15148.910262  -2186.229518  21378.352615    485.629919  6  6  4  99       
PG26  -3732.887541  25581.275157   5024.296165    199.311025  6  3  4  42       
PG28  -8631.267001  12515.673181  21753.759970   -102.019578  5  2  6  73       
PG29 -24800.220547   3025.506261   9113.095118   -608.539576  6  7  8  80       
PG30  15012.728206  -7907.734391 -20365.675611   -444.119427  4  5  5  73       
PG31    114.417974  17340.669737  19793.166900   -227.369951  5  3  2           
PG32 -19445.354395  16011.821715   8271.645218   -605.846257  5  4  5  95       
*  2024  1 18  2 30  0.00000000
PG01  23018.854408  13575.583102    873.311940    166.416778  4  7  8  67       
PG02  21279.397696  14789.162099  -5877.292182   -499.273045  5  5  3  57       
PG03  11591.769525  15989.688041  17675.909979    133.460839  5  4  5  64       
PG04  17581.063913   5802.248459  19105.305785    268.832161  4     5  63       
PG05  -6943.518696 -24087.993361  -8812.219434   -158.365519  4     7  58       
PG06   8028.916077 -12220.605711  22244.210377    440.898056  3  3     76       
PG07  23101.761927   3156.473740 -12662.626969    -39.959050  5  4  4  66       
PG08  10334.655406  11626.621504 -21643.767331   -162.625450  7  6  5  44       
PG09  23723.632224  -5441.983185  10619.739879     62.334510  4  3  8  32       
PG10 -10817.253192  17930.839502 -15934.927703    -69.750619  5  5  5  91       
PG11  -3568.765699 -18152.349753  19101.079865   -543.808702  5  4  6  72       
PG12 -10732.305493 -16794.588736  17306.689961   -468.959762  6  5  2  76       
PG13    628.421448 -15953.847949 -21390.806370    616.909632  9  5  5  82       
PG14  13398.504885 -14260.026062 -17854.853745    301.569819  4  6  6  89       
PG15 -11583.775818 -11210.656141 -21610.341162    118.343507  5  6  5  79       
PG16   -135.260581  26122.300210  -3460.654475   -381.924755  7  2  5  70       
PG17  22915.797278 -13355.006270   2917.406667    719.614519  9  3  6  65       
PG18 -22171.430766  -2002.033387 -14608.701458   -534.669959  7  6  5 100       
PG19  17884.015128 -15897.395603  10945.450416    428.047824  9  6  4  55       
PG20   -425.223376 -26110.807145   5383.992598    390.993632  4  2  6  76       
PG21  18641.771247  16551.559013  -9947.731481    138.051225  5  1  4  54       
PG22  10507.269079 -21188.533840 -11941.237856     46.417174  4  4  6  82       
PG23 -14496.940264   5082.046316 -21623.478825    137.513581  6  5  7  88       
PG24 -19957.163932 -16071.925858  -8168.788513   -415.819413  5  6  9 100       
PG25 -15057.690054  -4686.095733  21067.887383    485.631072  6  6  3 100       
PG26  -4109.452847  24837.013057   7711.910090    199.307757  6  3  4  41       
PG28 -10756.119240  11236.335532  21503.724927   -102.029907  5  2  6  65       
PG29 -23780.802190   2384.866611  11645.315077   -608.539107  5  7  7 102       
PG30  16891.473044  -6575.885057 -19373.155251   -444.115236  4  5  5  38       
PG31  -1921.382737  16116.059915  20739.820371   -227.370074  5  2  2  64       
PG32 -20246.017903  16152.332155   5551.119119   -605.848741  5  5  5  91       
*  2024  1 18  2 45  0.00000000
PG01  22924.553730  13687.084096  -2018.836644    166.417791  4  7  7  55       
PG02  20387.017633  14627.866340  -8570.416822   -499.267865  5  5  3  21       
PG03  11508.076631  17923.057647  15801.228568    133.484029  6  4  5  43       
PG04  15668.247991   6989.086533  20322.220925    268.840921  3     5  89       
PG05  -6781.625495 -24935.019798  -6106.249648   -158.366899  4  1  7  56       
PG06  10209.120932 -10980.619987  22003.995326    440.886034  3  3  1  65       
PG07  24193.349436   4009.060455 -10290.986298    -39.967346  4  4  4  33       
PG08   8266.956960  12966.643188 -21733.590552   -162.627267  7  6  5  77       
PG09  22695.378361  -4522.209922  13005.620510     62.345526  4  3  7  65       
PG10 -11008.919747  15962.183177 -17795.550994    -69.751978  5  6  5  98       
PG11  -1598.511074 -17064.679129  20328.051323   -543.821199  5  4  6  74       
PG12 -10476.890202 -18703.922356  15441.026393   -468.963081  6  5  3  71       
PG13   2823.412969 -16816.659204 -20507.559016    616.913133  9  5  5  81       
PG14  13547.460025 -12120.479266 -19281.274804    301.578995  4  7  5  78       
PG15  -9751.872225 -12733.083170 -21653.661330    118.347001  5  6  4  55       
PG16   -430.326770  26302.462577   -585.860464   -381.917814  6  2  4  70       
PG17  23123.569939 -13223.722242     56.107139    719.613341  8  3  6  92       
PG18 -23425.415150  -2902.801803 -12341.969917   -534.678142  7  6  4  90       
PG19  19012.551928 -16171.703487   8350.336580    428.052313  9  6  4  75       
PG20    -28.209766 -25414.597156   8071.732634    390.992432  5  2  5  70       
PG21  17371.955707  16177.336223 -12352.021616    138.049814  6     4  38       
PG22  10595.215630 -19629.192328 -14203.853374     46.411297  4  5  5  89       
PG23 -14656.668331   2591.302562 -21971.192469    137.520403  6  5  7  78       
PG24 -18918.168976 -15907.974451 -10665.214036   -415.825758  5  6  8  83       
PG25 -15089.305136  -7127.080831  20384.766156    485.632216  6  6  1  92       
PG26  -4547.168454  23813.796995  10263.277125    199.304507  5  3  4  30       
PG28 -12900.812349  10091.923876  20882.830151   -102.040319  5  2  6  80       
PG29 -22551.061662   1565.694247  13977.694631   -608.538698  4  7  7  99       
PG30  18715.606040  -5402.002445 -18046.153479   -444.110974  5  5  5  88       
PG31  -4088.496518  14952.205673  21320.425640   -227.370301  5  2  1  65       
PG32 -20771.699106  16168.888235   2734.289514   -605.851226  6  6  5  71       
*  2024  1 18  3  0  0.00000000
PG01  22548.687335  13658.162548  -4877.101213    166.418695  4  7  7  16       
PG02  19204.527983  14412.497318 -11115.237274   -499.262794  6  5  2  39       
PG03  11513.872465  19628.475935  13653.399982    133.507200  6  4  5  36       
PG04  13720.763439   8339.770120  21190.840465    268.849715  3  2  4  68       
PG05  -6623.460321 -25480.279641  -3295.107172   -158.368223  4  2  7  58       
PG06  12411.979693  -9888.181537  21387.986449    440.873963  3  3  2  62       
PG07  25073.936886   4680.512021  -7742.873759    -39.975884  4  4  4  59       
PG08   6276.210257  14407.375035 -21452.119175   -162.629173  6  6  6  75       
PG09  21507.389613  -3398.190296  15167.303019     62.356438  4  3  7  55       
PG10 -11323.665283  13812.833481 -19341.462714    -69.752486  5  6  4  92       
PG11    532.004224 -16026.907869  21206.375369   -543.833719  4  5  6  61       
PG12 -10319.670945 -20393.454447  13305.385703   -468.966605  6  6  3  67       
PG13   4864.824441 -17744.103540 -19275.801123    616.916281  8  5  5  61       
PG14  13809.538771  -9849.815931 -20373.624184    301.588154  4  7  5  79       
PG15  -8006.404014 -14335.311363 -21340.143148    118.350442  5  6  4  67       
PG16   -716.598949  26167.827764   2299.267554   -381.910902  7  2  4  59       
PG17  23063.509025 -12933.157060  -2806.106586    719.612259  8  3  6  96       
PG18 -24485.950397  -3614.356159  -9864.637458   -534.686400  7  7  4  77       
PG19  19855.894217 -16358.815775   5607.533090    428.057023  9  6  5  92       
PG20    478.033465 -24454.304114  10622.187965    390.989922  5  1  5  60       
PG21  15833.815624  15784.647624 -14548.367818    138.048929  6     4  53       
PG22  10764.585165 -17828.574992 -16218.777784     46.405746  4  5  4  70       
PG23 -14953.960056     96.975629 -21939.914843    137.527230  6  6  6  80       
PG24 -17623.168052 -15702.582329 -12985.351136   -415.832134  5  6  8  81       
PG25 -15233.293036  -9461.399065  19342.203616    485.633405  6  6    101       
PG26  -5075.277717  22535.177052  12633.282187    199.301240  5  3  5  17       
PG28 -15018.860293   9096.829148  19901.785815   -102.050673  5  2  6  75       
PG29 -21150.904087    553.491500  16069.991480   -608.537810  3  7  7 100       
PG30  20441.159863  -4391.501572 -16408.384394   -444.106743  5  5  5  89       
PG31  -6348.131703  13880.111183  21525.779378   -227.370326  5  2  1  78       
PG32 -21033.251810  16025.092122   -130.092290   -605.853712  6  6  5  77       
*  2024  1 18  3 15  0.00000000
PG01  21881.504702  13527.705820  -7653.770228    166.419609  4  6  6  33       
PG02  17740.661732  14181.840302 -13466.518628   -499.257887  6  5  2  69       
PG03  11577.443607  21074.727992  11269.995763    133.530411  6  4  5  27       
PG04  11783.911340   9838.372717  21695.924864    268.858493  3  3  3  59       
PG05  -6430.748984 -25717.743872   -427.089669   -158.369791  4  3  7  81       
PG06  14589.126032  -8957.175121  20406.930910    440.861926  4  4  2  75       
PG07  25712.752314   5192.495924  -5062.879221    -39.984223  4  4  4  50       
PG08   4398.670099  15917.001025 -20802.868889   -162.631444  5  6  6  68       
PG09  20201.761165  -2066.196761  17067.250080     62.367383  4  3  6  60       
PG10 -11778.178840  11529.116032 -20545.664267    -69.753377  5  6  4  92       
PG11   2786.697116 -15071.015138  21720.894176   -543.846218  4  5  6  70       
PG12 -10232.238906 -21830.887301  10937.786432   -468.970299  6  6  3  73       
PG13   6720.279536 -18701.265952 -17715.592132    616.919684  8  5  5  63       
PG14  14195.883359  -7493.481606 -21113.434923    301.597371  3  7  4  75       
PG15  -6376.658832 -15983.965409 -20674.150100    118.354097  5  5  4  37       
PG16  -1031.481748  25719.707186   5143.505985   -381.903796  7  2  3  31       
PG17  22757.288270 -12452.075417  -5620.143721    719.611780  7  3  6  64       
PG18 -25316.213976  -4155.503313  -7219.124370   -534.694614  6  7  4  61       
PG19  20417.224483 -16419.299609   2765.666308    428.061888  8  6  5  88       
PG20   1119.912958 -23258.271060  12991.990000    390.988630  5  1  4  79       
PG21  14044.093048  15410.056219 -16497.475601    138.048038  6  2  3  88       
PG22  11041.588840 -15821.116731 -17949.359635     46.399739  3  5  4  69       
PG23 -15382.540190  -2350.914725 -21530.764356    137.534052  6  6  6  77       
PG24 -16085.582296 -15491.607781 -15091.316273   -415.838499  5  6  8  90       
PG25 -15471.765291 -11644.884544  17959.792638    485.634533  6  6  1  85       
PG26  -5718.285968  21031.851513  14780.097111    199.298028  6  3  5  42       
PG28 -17062.771809   8257.334308  18577.523181   -102.061132  5  3  6  87       
PG29 -19623.840873   -658.239426  17886.008532   -608.537241  4  8  7  91       
PG30  22025.408291  -3541.888152 -14488.780855   -444.102501  5  5  5  63       
PG31  -8656.884069  12924.137776  21353.461844   -227.370610  5  3  2  77       
PG32 -21049.539720  15688.659873  -2992.185847   -605.856168  6  7  5  74       
*  2024  1 18  3 30  0.00000000
PG01  20921.876526  13336.462873 -10302.797160    166.420545  4  6  6  40       
PG02  16013.181627  13973.224259 -15581.894307   -499.252825  6  5     47       
PG03  11662.756156  22238.531631   8692.512188    133.553652  6  5  6  52       
PG04   9900.305660  11461.227394  21828.425063    268.867266  3  4  3  17       
PG05  -6165.485164 -25650.388363   2448.301415   -158.371218  4  4  7  76       
PG06  16691.266978  -8192.958504  19077.737708    440.849844  3  4  2  61       
PG07  26085.400276   5572.454059  -2297.205067    -39.992686  3  4  4  68       
PG08   2664.819445  17458.229051 -19795.683686   -162.633021  5  6  6  66       
PG09  18822.115495   -530.880073  18672.381300     62.378342  4  4  6  72       
PG10 -12381.069096   9160.832890 -21387.407056    -69.755069  5  6  4  65       
PG11   5124.064940 -14222.820136  21862.662871   -543.858691  4  6  6  60       
PG12 -10181.546464 -22991.518577   8380.099982   -468.973558  5  6  3  67       
PG13   8364.449532 -19648.915132 -15852.659490    616.922872  8  5  6  59       
PG14  14709.949726  -5098.903889 -21488.413136    301.606600  3  7  3  84       
PG15  -4885.890076 -17641.340951 -19665.666272    118.357547  5  5  4  75       
PG16  -1411.175517  24968.770857   7896.015811   -381.896790  7  2  2  71       
PG17  22233.469642 -11755.044867  -8337.219085    719.610787  6  4  5  64       
PG18 -25885.192114  -4551.691762  -4450.621875   -534.702778  6  7  3  71       
PG19  20708.692666 -16316.563686   -124.986348    428.066501  7  7  5  85       
PG20   1917.986425 -21860.847461  15140.804793    390.986726  5  2  4  72       
PG21  12027.785075  15087.178213 -18163.485236    138.046852  6  3  3  55       
PG22  11446.089655 -13647.455421 -19363.667596     46.394095  3  5  4  78       
PG23 -15928.017059  -4704.438791 -20751.357383    137.540845  6  6  6  39       
PG24 -14326.062002 -15308.541872 -16948.744975   -415.844904  6  6  8  99       
PG25 -15780.225397 -13638.512969  16263.050381    485.635720  6  6  2  86       
PG26  -6494.782090  19340.519282  16665.973877    199.294768  5  3  5  50       
PG28 -18985.741939   7571.510783  16932.900667   -102.071543  5  3  6  69       
PG29 -18015.360861  -2067.534480  19394.229290   -608.536802  4  8  6  95       
PG30  23428.404594  -2843.074258 -12320.946897   -444.098273  5  5  4  61       
PG31 -10968.289126  12101.158347  20807.797819   -227.371033  5  3  2  70       
PG32 -20846.604422  15132.877661  -5801.956622   -605.858582  6  8  4  75       
*  2024  1 18  3 45  0.00000000
PG01  19677.393635  13125.376394 -12780.478041    166.421522  5  6  5  36       
PG02  14048.455476  13820.895494 -17422.722544   -499.247685  6  5     19       
PG03  11731.010985  23105.268438   5965.623593    133.576864  6  5  6  28       
PG04   8108.363347  13177.675407  21585.662010    268.876022  3  4  3           
PG05  -5791.609360 -25290.062739   5281.222908   -158.372818  4  5  7  68       
PG06  18669.918585  -7592.296400  17423.185838    440.837764  3  4  2  38       
PG07  26174.704680   5852.295170    507.124403    -40.000884  3  5  4  50       
PG08   1098.330518  18989.600741 -18446.658195   -162.633781  5  6  6  74       
PG09  17411.939125   1194.692094  19954.668472     62.389313  5  4  6  71       
PG10 -13132.427707   6759.437666 -21852.549239    -69.757177  5  6  4  49       
PG11   7498.583888 -13501.031652  21629.109191   -543.871196  4  6  6  45       
PG12 -10131.388638 -23859.027458   5677.252907   -468.977285  6  6  3  55       
PG13   9779.865098 -20544.990411 -13718.033127    616.926024  8  5  6  52       
PG14  15347.315327  -2713.835151 -21492.618646    301.615787  3  7  2  64       
PG15  -3550.585892 -19266.658913 -18330.218451    118.360970  5  5  3  60       
PG16  -1888.982417  23934.704944  10507.351703   -381.889618  7  2  2  40       
PG17  21526.390380 -10823.673456 -10909.711218    719.610219  5  4  5  82       
PG18 -26168.850922  -4833.835281  -1606.337011   -534.711073  5  7  3  80       
PG19  20750.751849 -16018.461133  -3013.459114    428.071224  7  7  6  95       
PG20   2885.986590 -20301.132619  17031.996939    390.984979  5  2  3  57       
PG21   9817.526321  14845.237745 -19514.727917    138.045836  7  4  2  58       
PG22  11990.606844 -11353.035640 -20435.189330     46.388329  4  6  4  78       
PG23 -16568.454108  -6919.398692 -19615.638168    137.547664  6  7  5  22       
PG24 -12371.868238 -15183.192723 -18527.261935   -415.851242  6  6  7  96       
PG25 -16128.655549 -15409.701832  14282.858705    485.636899  6  6  3  72       
PG26  -7416.510184  17502.501153  18257.950030    199.291490  5  4  5  53       
PG28 -20743.326353   7029.442996  14996.306610   -102.081944  5  4  6  67       
PG29 -16371.232860  -3663.834242  20568.377582   -608.536488  4  8  6  88       
PG30  24614.412386  -2277.987996  -9942.542216   -444.094069  5  5  5  74       
PG31 -13234.485478  11420.034394  19899.685486   -227.371216  5  4  2  75       
PG32 -20456.550264  14337.855051  -8510.091207   -605.861039  5  8  4  73       
*  2024  1 18  4  0  0.00000000
PG01  18164.160988  12933.933419 -15046.080327    166.422475  5  6  5  23       
PG02  11880.681643  13754.494611 -18954.905202   -499.242744  7  5     57       
PG03  11742.304122  23669.385663   3136.391946    133.600020  6  6  6  39       
PG04   6440.960239  14951.096013  20971.399820    268.884719  3  4  3  23       
PG05  -5276.627068 -24657.022339   8022.372904   -158.374479  5  5  6  75       
PG06  20479.117795  -7143.628955  15471.539723    440.825694  3  4  2  62       
PG07  25971.280765   6066.953315   3303.025145    -40.009554  3  5  4  65       
PG08   -284.716144  20466.991585 -16777.947617   -162.634180  5  7  6  75       
PG09  16012.932662   3089.327083  20891.645267     62.400296  5  4  5  72       
PG10 -14023.753741   4376.161040 -21933.772573    -69.758570  4  7  4  65       
PG11   9862.266930 -12916.582413  21024.086632   -543.883729  5  6  6  66       
PG12 -10044.000456 -24425.933723   2876.392175   -468.980837  6  6  3  22       
PG13  10957.436421 -21346.224943 -11347.583108    616.929286  7  5  6  78       
PG14  16095.807040   -384.695346 -21126.531503    301.624986  3  8  2  64       
PG15  -2379.978154 -20817.453555 -16688.726752    118.364281  5  5  4  46       
PG16  -2493.719177  22645.500310  12930.461967   -381.882538  7  3  3  55       
PG17  20674.815819  -9647.599333 -13292.035734    719.609199  5  5  5  92       
PG18 -26151.054331  -5036.933105   1265.290750   -534.719305  5  6  3  70       
PG19  20571.170373 -15498.710227  -5849.061055    428.075863  6  7  6  90       
PG20   4030.104998 -18621.551828  18633.236499    390.983610  5  2  3  41       
PG21   7452.659680  14707.757413 -20524.462061    138.044857  6  5  2  82       
PG22  12679.616402  -8986.500770 -21143.441423     46.382432  3  6  4  75       
PG23 -17275.241978  -8956.818340 -18143.603270    137.554465  6  7  5  66       
PG24 -10256.032275 -15140.513666 -19800.900896   -415.857584  6  5  7 107       
PG25 -16482.821538 -16933.341512  12054.817080    485.638066  6  6  4  65       
PG26  -8487.730570  15562.188941  19528.450186    199.288227  5  4  6  49       
PG28 -22295.033919   6613.771536  12801.165709   -102.092332  5  4  6  83       
PG29 -14735.804603  -5428.186567  21387.890961   -608.535932  4  8  5  92       
PG30  25553.176499  -1823.449143  -7394.611559   -444.089839  4  5  4  60       
PG31 -15407.920156  10881.430374  18646.303343   -227.371535  5  4  2  83       
PG32 -19916.188906  13291.520474 -11068.913122   -605.863528  5  8  4  78       
*  2024  1 18  4 15  0.00000000
PG01  16406.298124  12798.590589 -17062.419962    166.423580  6  6  4  54       
PG02   9550.785218  13797.705578 -20149.644362   -499.237532  7  6     26       
PG03  11657.326560  23934.457537    253.447668    133.623263  6  6  6  67       
PG04   4924.304838  16740.180186  19995.809481    268.893509  3  4  4  27       
PG05  -4593.099949 -23779.138179  10623.877742   -158.375826  5  5  6  93       
PG06  22077.047265  -6827.663643  13256.077903    440.813556  3  4  1  55       
PG07  25473.825170   6252.868876   6044.078367    -40.017992  2  5  3  61       
PG08  -1476.319535  21845.246745 -14817.462310   -162.635564  5  7  6  76       
PG09  14663.438958   5124.320829  21466.820825     62.411250  5  4  5  69       
PG10 -15038.239040   2060.164992 -21630.657880    -69.760123  4  7  4           
PG11  12166.322841 -12472.274010  20057.819590   -543.896279  5  6  6  58       
PG12  -9881.704215 -24693.718069     26.031836   -468.984282  6  6  3  13       
PG13  11896.657717 -22009.845312  -8781.463331    616.932616  7  5  7  69       
PG14  16935.941865   1845.021480 -20397.005774    301.634228  3  7     64       
PG15  -1375.812497 -22251.050455 -14767.279376    118.367685  5  5  4  30       
PG16  -3248.309805  21136.398019  15121.650874   -381.875476  7  3  3  71       
PG17  19720.405292  -8225.184189 -15441.516059    719.608692  4  5  5  81       
PG18 -25824.195417  -5198.539321   4115.389506   -534.727518  5  6  3  84       
PG19  20203.766182 -14738.074808  -8582.316886    428.080669  5  8  6  99       
PG20   5348.563421 -16866.317559  19917.040162    390.981630  4  2  2  59       
PG21   4978.014049  14691.445896 -21171.566425    138.043953  6  6  2  82       
PG22  13509.186288  -6597.936319 -21474.468685     46.376534  4  6  4  76       
PG23 -18014.235229 -10784.226758 -16360.927589    137.561253  5  7  4  47       
PG24  -8016.320635 -15199.612925 -20748.473325   -415.863945  6  5  7  92       
PG25 -16805.737677 -18192.522708   9618.527066    485.639278  6  5  4  35       
PG26  -9704.896016  13565.388656  20455.771045    199.284965  5  4  6  60       
PG28 -23605.776141   6300.533026  10385.357841   -102.102793  5  5  5  74       
PG29 -13150.363838  -7333.780135  21838.298295   -608.535672  4  8  5  89       
PG30  26220.988491  -1451.273354  -4720.871823   -444.085600  4  5  3  55       
PG31 -17443.027268  10477.965383  17070.707760   -227.371506  5  5  3  73       
PG32 -19265.497500  11990.314062 -13433.278625   -605.866024  4  8  3  67       
*  2024  1 18  4 30  0.00000000
PG01  14435.166176  12751.326419 -18796.384388    166.424541  6  6  4  37       
PG02   7105.021632  13967.141226 -20984.111558   -499.232296  7  6  1  76       
PG03  11439.037473  23912.907740  -2633.843633    133.646435  5  6  6  76       
PG04   3577.074097  18500.401169  18675.321791    268.902276  3  3  4  41       
PG05  -3719.947756 -22690.813268  13040.165021   -158.377204  4  5  6  92       
PG06  23427.513166  -6618.267629  10814.541959    440.801419  3  4  1  45       
PG07  24689.123005   6446.447919   8685.212350    -40.026446  2  5  3  73       
PG08  -2476.728422  23079.890506 -12598.446593   -162.635946  5  8  6  83       
PG09  13397.011566   7264.371239  21669.988351     62.422248  4  4  5  77       
PG10 -16151.398544   -143.198796 -20949.621870    -69.761742  4  7  5  39       
PG11  14362.853891 -12162.746405  18746.740649   -543.908782  5  6  5  55       
PG12  -9608.540520 -24672.605872  -2824.801620   -468.987914  6  6  3  19       
PG13  12605.483521 -22495.283052  -6063.466383    616.935629  7  6  7  59       
PG14  17841.660998   3936.216753 -19317.113989    301.643450  3  7     67       
PG15   -532.393066 -23526.085948 -12596.827137    118.371033  5  5  4  29       
PG16  -4168.624171  19448.535018  17041.475134   -381.868748  7  3  3  64       
PG17  18706.048590  -6563.872488 -17319.231275    719.607470  4  6  4  81       
PG18 -25189.518159  -5357.139382   6895.459942   -534.735758  5  6  4  73       
PG19  19686.920503 -13725.258002 -11165.864430    428.085267  5  8  6  91       
PG20   6831.490303 -15079.832211  20861.238432    390.979834  4  2  1  61       
PG21   2442.422395  14805.340929 -21441.163474    138.042625  6  6  3  67       
PG22  14466.970637  -4237.036791 -21421.213133     46.370785  4  6  4  58       
PG23 -18747.108212 -12376.688547 -14298.500267    137.568030  5  7  4  32       
PG24  -5694.038905 -15372.977119 -21353.884309   -415.870286  6  5  6  92       
PG25 -17059.229187 -19178.939498   7016.827485    485.640440  6  5  4  45       
PG26 -11056.654827  11557.627623  21024.441112    199.281710  5  3  6  68       
PG28 -24647.117631   6060.263156   7790.559574   -102.113209  5  5  4  79       
PG29 -11651.625287  -9346.790709  21911.493537   -608.534961  3  7  4  82       
PG30  26601.509894  -1129.559987  -1966.969382   -444.081374  5  5  3  76       
PG31 -19297.814745  10194.688245  15201.335435   -227.371834  5  5  3  71       
PG32 -18545.953377  10439.545454 -15561.431652   -605.868529  4  8  3  43       
*  2024  1 18  4 45  0.00000000
PG01  12288.349388  12818.368056 -20219.399639    166.425571  6  6  3  32       
PG02   4593.340074  14271.521203 -21442.005230   -499.227412  7  6  2  82       
PG03  11054.246889  23625.407518  -5476.214434    133.669605  5  7  6  66       
PG04   2409.845664  20185.626599  17032.370033    268.911023  3  3  5  44       
PG05  -2643.505556 -21431.646302  15228.804134   -158.378435  4  5  5  73       
PG06  24501.221193  -6483.626742   8188.513604    440.789255  3  4  1  53       
PG07  23631.779787   6682.553298  11183.337470    -40.034782  2  5  3  71       
PG08  -3294.281726  24128.842053 -10158.944392   -162.637164  5  8  6  71       
PG09  12241.180391   9468.757390  21497.421788     62.433265  4  4  4  67       
PG10 -17332.014980  -2193.957094 -19903.721726    -69.763137  4  7  5  48       
PG11  16406.527956 -11974.773695  17113.221840   -543.921313  5  7  5  44       
PG12  -9191.819720 -24381.029647  -5627.409460   -468.991422  6  6  3  58       
PG13  13099.876687 -22765.831028  -3240.297192    616.939016  7  6  7  62       
PG14  18781.326718   5855.478389 -17905.887457    301.652670  3  7     46       
PG15    163.092834 -24604.016019 -10212.793928    118.374512  5  5  5  81       
PG16  -5262.617286  17627.348547  18655.547973   -381.861493  7  4  4  24       
PG17  17674.138678  -4680.191089 -18890.819025    719.606862  4  6  4  63       
PG18 -24257.117880  -5550.494809   9558.173762   -534.743998  5  6  4  74       
PG19  19061.936087 -12457.476401 -13555.290215    428.089885  4  8  6  89       
PG20   8461.108788 -13305.091309  21449.361356    390.977997  4  3     65       
PG21   -102.971287  15050.259096 -21325.144331    138.041846  5  6  3  83       
PG22  15532.570999  -1951.274625 -20983.736290     46.365057  4  6  4  43       
PG23 -19432.876936 -13717.545256 -11991.879765    137.574806  5  7  4  84       
PG24  -3332.712119 -15665.934955 -21606.393408   -415.876588  5  4  6  92       
PG25 -17205.527958 -19892.961117   4294.998676    485.641628  6  5  4  41       
PG26 -12524.177867   9582.495855  21225.450341    199.278414  5  3  5  65       
PG28 -25398.279516   5859.319070   5061.520090   -102.123634  6  5  4  84       
PG29 -10270.402778 -11427.509468  21605.899361   -608.534710  3  7  4  70       
PG30  26686.325826   -824.112861    820.280382   -444.077190  5  5  3  71       
PG31 -20935.299921  10009.849562  13071.426030   -227.371978  4  6  3  66       
PG32 -17798.814302   8653.398378 -17415.797506   -605.870991  4  8  3  76       
*  2024  1 18  5  0  0.00000000
PG01  10008.426014  13019.134148 -21307.839782    166.426482  6  7  2  42       
PG02   2067.572894  14711.186563 -21513.974116   -499.222149  6  6  3  76       
PG03  10475.048372  23099.975729  -8225.315320    133.692793  4  7  6  84       
PG04   1424.849801  21749.810757  15095.024966    268.919760  2  3  4  37       
PG05  -1358.290207 -20044.894925  17151.295888   -158.379633  4  4  5  70       
PG06  25276.803315  -6387.627349   5422.728821    440.777098  4  4  2  57       
PG07  22323.694145   6993.077304  13497.932601    -40.043169  2  5  3  77       
PG08  -3944.920266  24954.067746  -7541.157723   -162.639461  5  9  6  92       
PG09  11216.463821  11692.739639  20951.955764     62.444281  3  4  4  47       
PG10 -18543.354675  -4058.849746 -18512.337056    -69.764239  3  6  5  53       
PG11  18256.161469 -11887.875258  15185.203437   -543.933847  5  6  4  17       
PG12  -8603.535406 -23844.797219  -8334.232544   -468.995078  6  6  3  86       
PG13  13403.041091 -22790.177826   -360.775750    616.942138  6  7  7  64       
PG14  19718.941857   7576.146209 -16187.959150    301.661846  3  8  1  56       
PG15    729.974297 -25450.560319  -7654.600352    118.377832  5  5  5  50       
PG16  -6529.809684  15720.810079  19935.227382   -381.854469  6  4  4  53       
PG17  16664.852081  -2599.378722 -20127.210453    719.606255  4  6  3  64       
PG18 -23045.620215  -5814.018290  12058.154092   -534.752243  5  5  4  68       
PG19  18371.310012 -10940.696278 -15709.887736    428.094705  4  8  6  85       
PG20  10212.231525 -11582.146354  21670.936009    390.976443  3  3     56       
PG21  -2606.552968  15418.593300 -20822.566214    138.040171  5  6  3  68       
PG22  16678.255048    215.848014 -20169.282841     46.359332  4  6  4  43       
PG23 -20029.528169 -14798.842617  -9480.678235    137.581590  5  6  3  86       
PG24   -976.683354 -16076.380847 -21500.817298   -415.882807  6  4  6  86       
PG25 -17208.838855 -20343.378802   1499.952911    485.642832  6  5  5  62       
PG26 -14081.792601   7680.089023  21056.348751    199.275158  4  3  5  77       
PG28 -25846.857325   5661.368729   2245.284433   -102.134035  6  6  3  51       
PG29  -9030.518978 -13531.711431  20926.516232   -608.534385  3  7  4  47       
PG30  26475.211681   -499.939495   3593.659985   -444.073021  4  4  2  70       
PG31 -22324.742739   9895.933570  10718.380494   -227.372312  4  6  3  66       
PG32 -17063.416412   6654.579195 -18963.696172   -605.873491  4  8  3  37       
*  2024  1 18  5 15  0.00000000
PG01   7641.569378  13365.428685 -22043.376721    166.427509  6  7  1  64       
PG02   -420.471848  15277.980086 -21197.888011   -499.217233  6  6  3  69       
PG03   9680.048756  22370.817693 -10834.509507    133.715949  4  7  6  84       
PG04    616.051851  23148.701633  12896.526786    268.928484  3  4  4  62       
PG05    132.558280 -18575.799837  18773.793386   -158.381273  4  3  5  76       
PG06  25741.556671  -6291.409184   2564.338847    440.764963  4  4  2  56       
PG07  20793.294097   7405.640980  15591.582468    -40.051317  2  4  3  76       
PG08  -4451.385212  25523.100554  -4790.707620   -162.641656  5  9  5  70       
PG09  10335.666884  13889.126578  20042.946349     62.455299  3  4  4  39       
PG10 -19744.601042  -5712.382088 -16800.741293    -69.765613  3  6  5  32       
PG11  19876.152623 -11875.219228  12995.725602   -543.946301  5  6  4  37       
PG12  -7821.588638 -23096.002777 -10899.622914   -468.998692  6  6  3  49       
PG13  13544.365271 -22543.756276   2525.018118    616.945334  6  7  7  52       
PG14  20615.543649   9079.113877 -14193.117153    301.671030  3  7  2           
PG15   1193.234793 -26037.026310  -4965.099486    118.381163  5  5  5  70       
PG16  -7961.132612  13777.568004  20858.169494   -381.847413  6  4  4  39       
PG17  15714.510869   -354.651152 -21005.274245    719.605121  4  6  3  56       
PG18 -21581.550030  -6179.240253  14352.726597   -534.760493  5  5  4  79       
PG19  17656.992431  -9189.528015 -17593.326249    428.099540  3  7  5 100       
PG20  12053.046252  -9946.684816  21521.689849    390.974664  3  4  1  71       
PG21  -5018.151524  15894.484235 -19939.894830    138.039437  4  5  4  69       
PG22  17870.005419   2226.385875 -18992.179133     46.353574  3  6  4  52       
PG23 -20495.693649 -15621.430422  -6807.885863    137.588372  5  6  3  92       
PG24   1330.324728 -16594.771047 -21037.670109   -415.889121  6  3  5  93       
PG25 -17036.817417 -20546.846128  -1320.573677    485.644033  6  5  4  46       
PG26 -15697.894487   5885.614442  20521.216684    199.271900  4  3  5  76       
PG28 -25989.226043   5428.988416   -609.622061   -102.144407  6  6  3  73       
PG29  -7947.996097 -15612.212099  19884.854525   -608.533757  3  6  4  53       
PG30  25976.106055   -122.772533   6306.312573   -444.068816  4  4  2  56       
PG31 -23442.634909   9820.904032   8183.070333   -227.372368  4  6  4  60       
PG32 -16375.561554   4473.622197 -20177.958191   -605.875988  4  7  4  56       
*  2024  1 18  5 30  0.00000000
PG01   5236.024891  13860.913223 -22413.267973    166.428559  6  6  2  71       
PG02  -2820.930371  15955.503989 -20498.942230   -499.212035  6  5  3  78       
PG03   8655.350170  21476.948635 -13259.630624    133.739164  4  7  6  90       
PG04    -30.436846  24341.496153  10474.720931    268.937245  3  6  4  59       
PG05   1817.181427 -17069.837521  20067.737663   -158.382570  4  3  4  67       
PG06  25891.866416  -6155.030599   -337.871325    440.752819  4  3  2  48       
PG07  19074.565578   7942.459917  17430.466342    -40.059716  3  3  2  72       
PG08  -4842.132654  25810.361100  -1955.810722   -162.643921  4  8  5  96       
PG09   9603.493535  16009.947734  18786.112602     62.466321  2  4  5  58       
PG10 -20892.444843  -7137.559500 -14799.576498    -69.767351  2  6  4  73       
PG11  21237.709670 -11904.783760  10582.369971   -543.958850  5  6  3  58       
PG12  -6830.780155 -22171.726170 -13280.565215   -469.002011  5  6  3  88       
PG13  13558.115879 -22009.848116   5366.642360    616.948674  5  7  6  83       
PG14  21430.717748  10353.339826 -11955.777745    301.680162  3  7  3  22       
PG15   1582.413250 -26341.459745  -2189.926129    118.384762  4  5  5  66       
PG16  -9539.143813  11845.082225  21408.733257   -381.840510  6  4  4  49       
PG17  14854.099047   2013.874991 -21508.348056    719.604424  4  5  2  41       
PG18 -19898.412942  -6672.424829  16402.630318   -534.768722  5  5  3  74       
PG19  16958.700879  -7226.788958 -19174.221318    428.104089  3  7  4  68       
PG20  13946.165223  -8428.780956  21003.655001    390.972754  3  4  2  61       
PG21  -7290.937888  16454.374339 -18691.068138    138.038013  4  5  4  67       
PG22  19068.854500   4049.303549 -17473.566031     46.347517  3  6  4  35       
PG23 -20792.306226 -16194.733944  -4019.146335    137.595126  5  6  4  93       
PG24   3546.638494 -17204.397041 -20223.236421   -415.895482  6  3  5  99       
PG25 -16661.905482 -20527.041823  -4118.814339    485.645185  5  6  4  64       
PG26 -17336.095115   4228.213052  19630.512566    199.268659  4  2  4  53       
PG28 -25830.617244   5125.305411  -3454.033626   -102.154829  6  6  3  46       
PG29  -7030.560078 -17620.552553  18498.749568   -608.533334  3  6  4  38       
PG30  25204.793391    339.442783   8912.490564   -444.064605  4  4  1  45       
PG31 -24273.413954   9749.612077   5509.112287   -227.372456  4  6  4  47       
PG32 -15766.061944   2147.879637 -21037.428693   -605.878494  5  7  4  59       
*  2024  1 18  5 45  0.00000000
PG01   2840.512594  14500.876766 -22410.579398    166.429636  6  6  3  84       
PG02  -5087.728809  16719.747868 -19429.588249   -499.206966  6  5  3  66       
PG03   7395.249230  20460.654631 -15459.693702    133.762385  5  6  6  77       
PG04   -535.634835  25292.378273   7871.406738    268.945972  3  7  5  76       
PG05   3675.259385 -15570.972934  21010.393393   -158.383809  4  3  4  57       
PG06  25733.295733  -5939.183265  -3234.295423    440.740667  3  3  3  48       
PG07  17205.906842   8619.410511  18984.798809    -40.068173  3  4  3  88       
PG08  -5150.006922  25798.221853    913.611793   -162.645673  4  8  4  68       
PG09   9016.488492  18008.166399  17203.261375     62.477366  2  5  5  61       
PG10 -21942.765835  -8326.282327 -12544.246601    -69.767826     6  4  76       
PG11  22319.826695 -11940.731371   7986.619968   -543.971382  4  5  3  58       
PG12  -5623.537412 -21112.572030 -15437.340018   -469.005413  5  6  3  90       
PG13  13481.931387 -21180.395596   8114.214875    616.951909  4  7  6  43       
PG14  22124.174312  11396.050813  -9514.387966    301.689458  3  7  3  52       
PG15   1930.303574 -26349.571197    623.236175    118.388088  3  5  5  80       
PG16 -11238.601658   9967.833147  21578.228444   -381.833662  5  5  4  55       
PG17  14108.001220   4460.559934 -21626.638076    719.603894  4  5  2  76       
PG18 -18035.522516  -7313.387905  18172.677579   -534.777000  5  6  4  86       
PG19  16312.355084  -5082.757758 -20426.601595    428.109020  3  7  4  84       
PG20  15849.901450  -7051.865432  20125.169697    390.971418  3  5  2  12       
PG21  -9383.219491  17067.932311 -17097.364162    138.037367  4  5  4  38       
PG22  20232.446341   5661.533229 -15640.971998     46.342048  2  5  4  61       
PG23 -20884.175898 -16536.207769  -1161.994832    137.601865  4  7  4  98       
PG24   5634.004141 -17881.932661 -19069.571150   -415.901805  5  3  5  90       
PG25 -16062.478507 -20313.592865  -6847.738879    485.646345  5  5  4  65       
PG26 -18956.557740   2730.039948  18400.806660    199.265392  4  2  4  67       
PG28 -25384.865966   4715.621200  -6238.993330   -102.165220  5  6  3  61       
PG29  -6277.478396 -19508.747657  16792.061771   -608.533161  3  5  5  39       
PG30  24184.309820    915.149376  11368.281052   -444.060410  4  4     70       
PG31 -24809.882094   9645.309854   2742.121825   -227.372671  4  6  4  67       
PG32 -15259.503045   -279.761711 -21527.348425   -605.880992  5  7  3  72       
*  2024  1 18  6  0  0.00000000
PG01    502.607666  15272.313913 -22034.339185    166.430720  6  6  3  64       
PG02  -7180.269988  17540.060807 -18009.289760   -499.201962  5  5  3  59       
PG03   5902.628796  19365.849094 -17397.550346    133.785580  5  6  6  78       
PG04   -926.681162  25971.878642   5131.610057    268.954701  3  8  5  57       
PG05   5678.611786 -14119.983800  21585.272382   -158.385136  4  4  3  65       
PG06  25280.338489  -5606.891055  -6075.337092    440.728545  2  2  3  71       
PG07  15228.846247   9445.324418  20229.223297    -40.076460  4  4  3  73       
PG08  -5410.727017  25477.766213   3766.873306   -162.647178  4  7  4  69       
PG09   8563.310689  19839.365126  15321.900339     62.488394  2  5  5  64       
PG10 -22852.338778  -9279.393498 -10074.244656    -69.769100     6  3  54       
PG11  23109.968743 -11944.943025   5253.150310   -543.983946  4  5  3  33       
PG12  -4200.353585 -19961.104387 -17334.122818   -469.008700  5  6  2  57       
PG13  13355.176108 -20056.482102  10719.340581    616.955068  3  6  6  77       
PG14  22657.326340  12212.633288  -6910.768176    301.698646  3  7  3  52       
PG15   2271.498038 -26055.394186   3425.462480    118.391771  3  5  5  61       
PG16 -13027.368482   8185.682399  21365.004943   -381.826636  5  5  4  52       
PG17  13493.022555   6935.864704 -21357.471093    719.603204  4  5  2  65       
PG18 -16036.615647  -8114.562865  19632.352717   -534.785257  5  6  4  84       
PG19  15748.690233  -2794.154446 -21330.269297    428.113577  2  6  4  75       
PG20  17719.725711  -5831.953979  18900.774388    390.969566  3  4  2  48       
PG21 -11260.039337  17699.314877 -15187.063971    138.035990  4  5  5  68       
PG22  21316.755229   7048.690236 -13527.738454     46.335694  2  5  4  48       
PG23 -20741.427051 -16670.494345   1714.929877    137.608650  4  7  4 100       
PG24   7558.852730 -18598.242591 -17594.420032   -415.908150  5  3  4 104       
PG25 -15223.766770 -19940.802556  -9461.785601    485.647492  5  5  4  55       
PG26 -20517.464628   1405.634261  16854.411391    199.262154  4  3  3  49       
PG28 -24673.837855   4168.951492  -8916.596775   -102.175612  5  5  3  58       
PG29  -5679.738367 -21231.028984  14794.266377   -608.532569  4  5  5  45       
PG30  22944.095006   1627.917931  13632.299420   -444.056203  3  4  1  49       
PG31 -25053.321104   9471.211998    -71.042484   -227.373078  5  6  4  43       
PG32 -14873.275667  -2762.383910 -21639.604196   -605.883480  5  7  3  54       
*  2024  1 18  6 15  0.00000000
PG01  -1732.847163  16154.312655 -21289.618690    166.431776  6  6  4  77       
PG02  -9064.884190  18380.423831 -16264.110446   -499.196759  5  5  3  64       
PG03   4189.028945  18236.385849 -19040.480136    133.808861  5  6  6  78       
PG04  -1235.580399  26358.001229   2302.792850    268.963394  4  9  6  69       
PG05   7792.118983 -12752.925300  21782.435359   -158.386360  4  4  3  77       
PG06  24555.842450  -5125.127936  -8812.246940    440.716451     2  3  72       
PG07  13186.664154  10421.532491  21143.158547    -40.084629  4  3  3  72       
PG08  -5661.249791  24849.207165   6553.486859   -162.648873  5  6  5  25       
PG09   8225.326866  21463.337398  13174.746589     62.499463  2  5  5  48       
PG10 -23580.497972 -10006.384760  -7432.429591    -69.770621  2  6  3  53       
PG11  23604.439304 -11878.652082   2429.057651   -543.996438  4  4  3  43       
PG12  -2569.926222 -18760.234537 -18939.514031   -469.012285  5  6  2  71       
PG13  13217.221902 -18648.457443  13136.022525    616.958357  2  6  5  80       
PG14  22994.810927  12816.219264  -4189.405558    301.707821  2  7  4  66       
PG15   2640.829164 -25461.638921   6167.456412    118.395016  2  5  5  66       
PG16 -14867.599153   6532.453563  20774.387003   -381.819487  4  5  4  68       
PG17  13017.736782   9388.152880 -20705.388108    719.602321  4  4  3  78       
PG18 -13948.306570  -9080.350863  20756.339917   -534.793436  6  6  4  95       
PG19  15292.097717   -402.889765 -21871.054362    428.118412  2  6  3  89       
PG20  19509.850740  -4777.166230  17351.001612    390.967740  2  4  2  19       
PG21 -12894.495621  18308.711644 -12994.910965    138.034455  4  5  5  49       
PG22  22277.882899   8205.416195 -11172.315029     46.329913  2  5  4  65       
PG23 -20340.743574 -16628.320080   4562.687608    137.615451  4  8  5 109       
PG24   9293.412950 -19319.430784 -15821.054285   -415.914467  5  3  4  86       
PG25 -14138.521729 -19446.233261 -11917.550770    485.648668  5  5  4  72       
PG26 -21976.556969    261.596784  15018.920282    199.258907  4  3  3  47       
PG28 -23726.559434   3459.422744 -11440.815520   -102.186013  6  5  3  63       
PG29  -5220.559112 -22745.513930  12539.939734   -608.532357  4  5  5  73       
PG30  21518.921285   2495.370825  15666.343212   -444.051999  3  3  1  80       
PG31 -25013.305010   9192.047193  -2883.032979   -227.373222  5  5  4  41       
PG32 -14616.916095  -5250.698349 -21372.844862   -605.885982  5  7  1  47       
*  2024  1 18  6 30  0.00000000
PG01  -3825.243062  17118.743615 -20187.535191    166.432808  6  5  4  87       
PG02 -10715.978685  19200.963597 -14226.146530   -499.191635  5  4  3  84       
PG03   2274.395203  17114.390831 -20360.711289    133.832108  5  5  5  98       
PG04  -1497.752007  26437.071278   -565.985523    268.972134  4  9  6  81       
PG05   9974.926555 -11499.797853  21598.665680   -158.387851  4  5  3  82       
PG06  23590.123429  -4466.292148 -11397.952039    440.704380     2  3  55       
PG07  11122.961900  11541.672747  21711.097436    -40.093177  5  3  3  74       
PG08  -5938.079993  23921.945117   9224.132754   -162.651260  5  6  5  65       
PG09   7977.500832  22845.522731  10799.140432     62.510501  2  5  5  23       
PG10 -24090.698076 -10524.780203  -4664.267402    -69.771890  2  6  3  56       
PG11  23808.415381 -11704.113984   -436.954318   -544.008969  3  4  3  13       
PG12   -748.993703 -17551.620114 -20226.996521   -469.015826  5  6  2  61       
PG13  13105.729201 -16975.698434  15321.535661    616.961559  1  5  5  84       
PG14  23105.896658  13226.984488  -1396.709796    301.717108  2  7  4  75       
PG15   3071.772129 -24579.716744   8800.467065    118.398450  1  5  5  89       
PG16 -16717.158924   5034.788883  19818.461173   -381.812489  3  5  4  51       
PG17  12682.193696  11765.591980 -19682.073977    719.601588  4  4  4  87       
PG18 -11818.436257 -10206.782313  21524.971044   -534.801664  6  6  5  90       
PG19  14959.732170   2045.365740 -22040.964420    428.123290  2  6  4  70       
PG20  21174.883334  -3887.555056  15502.060379    390.966160  2  4  2  31       
PG21 -14268.710625  18854.100593 -10561.378518    138.033372  4  5  5  80       
PG22  23073.853135   9135.338393  -8617.446978     46.324077  2  4  4  62       
PG23 -19666.375663 -16445.171134   7332.841609    137.622257  4  8  5 108       
PG24  10816.628078 -20008.098102 -13778.013381   -415.920798  5  3  4  79       
PG25 -12807.408269 -18869.196597 -14174.429999    485.649845  4  5  3  68       
PG26 -23292.687008   -703.418932  12926.668439    199.255708  4  3  3  66       
PG28 -22578.085781   2567.470583 -13768.286020   -102.196401  5  5  3  32       
PG29  -4876.216837 -24015.734991  10068.151235   -608.532220  4  5  6  84       
PG30  19947.638775   3528.329344  17435.998776   -444.047767  3  3  2  74       
PG31 -24707.222702   8775.544140  -5646.756001   -227.373507  5  5  4  80       
PG32 -14491.779257  -7694.794533 -20732.462811   -605.888479  5  7     60       
*  2024  1 18  6 45  0.00000000
PG01  -5739.567362  18131.232694 -18745.171201    166.433852  6  5  5  94       
PG02 -12116.836457  19959.636412 -11932.823240   -499.186541  5  4  4  69       
PG03    186.513452  16038.673273 -21335.864469    133.855352  4  5  5  93       
PG04  -1750.442192  26204.269990  -3424.939325    268.980841  5 10  7  56       
PG05  12181.884024 -10383.471889  21037.511892   -158.388903  4  5  3  70       
PG06  22419.802528  -3609.478835 -13787.864189    440.692271  1  2  4  71       
PG07   9080.222386  12791.769978  21922.856557    -40.101565  5  3  3  85       
PG08  -6275.600234  22714.260878  11731.604599   -162.652822  5  5  5  57       
PG09   7789.541891  23958.228850   8236.375975     62.521569  2  5  5  58       
PG10 -24351.914747 -10859.227024  -1817.050848    -69.772390  2  6  3  73       
PG11  23735.648385 -11386.245772  -3295.420950   -544.021486  3  3  3  25       
PG12   1238.122229 -16374.131687 -21175.318137   -469.019135  5  6  2  46       
PG13  13055.000060 -15066.011343  17237.242279    616.965101     5  4  91       
PG14  22965.724921  13471.187025   1419.757638    301.726286  2  7  4  55       
PG15   3594.874830 -23429.423292  11277.233121    118.401849  2  5  5  82       
PG16 -18531.206116   3711.323423  18515.730936   -381.805605  3  5  5  74       
PG17  12478.000439  14018.070663 -18306.123508    719.600923  4  4  4  83       
PG18  -9694.378277 -11481.504982  21924.585135   -534.809926  6  6  5  92       
PG19  14760.912567   4502.737433 -21838.234282    428.128223  2  6  4  82       
PG20  22671.481503  -3155.255100  13385.417790    390.964513  1  3  2  37       
PG21 -15374.396060  19293.127618  -7931.768687    138.032385  5  5  5  70       
PG22  23666.323911   9850.652678  -5909.280363     46.318204  1  4  4  58       
PG23 -18710.870825 -16159.798855   9978.254579    137.629010  4  8  5 115       
PG24  12114.838269 -20624.769414 -11498.750855   -415.927126  4  3  4  52       
PG25 -11239.113096 -18249.205275 -16195.207342    485.650983  4  5  4  62       
PG26 -24427.323358  -1498.408375  10614.127907    199.252455  3  3  3  66       
PG28 -21268.149926   1480.793390 -15859.050663   -102.206810  6  5  4  67       
PG29  -4617.150293 -25011.968777   7421.772258   -608.531755  5  6  6  67       
PG30  18271.781286   4730.215510  18911.193548   -444.043555  2  3  3  64       
PG31 -24159.531824   8193.799988  -8316.096018   -227.373565  5  5  4  85       
PG32 -14491.055220 -10045.905434 -19730.444403   -605.891011  5  7  1  80       
*  2024  1 18  7  0  0.00000000
PG01  -7447.576331  19152.389061 -16985.405014    166.434765  5  5  5  80       
PG02 -13260.032826  20614.004114  -9426.079158   -499.181862  5  4  4  79       
PG03  -2039.848160  15043.274204 -21949.314446    133.878581  4  5  4  84       
PG04  -2031.062273  25663.833956  -6224.442795    268.989572  5 10  7  89       
PG05  14365.158890  -9418.912261  20109.199393   -158.390239  3  4  3  54       
PG06  21086.409418  -2541.500344 -15940.653136    440.680156  3  1  4  34       
PG07   7098.407561  14150.587430  21773.773683    -40.109904  5  3  3  85       
PG08  -6704.493310  21252.656276  14031.710225   -162.654022  5  5  6  68       
PG09   7627.265497  24781.593269   5530.961850     62.532602  3  5  5  65       
PG10 -24339.836120 -11040.333151   1060.889429    -69.772731  3  6  3  84       
PG11  23407.842215 -10894.170490  -6096.978657   -544.033997  2  3  3  17       
PG12   3360.250044 -15262.439993 -21768.797438   -469.022530  5  6  2  47       
PG13  13094.473474 -12954.698575  18849.329202    616.968659     5  4  90       
PG14  22556.339237  13579.983598   4212.069136    301.735464  2  6  4  70       
PG15   4236.284865 -22038.283381  13552.931093    118.405586  2  5  6  80       
PG16 -20263.870227   2572.202376  16890.654210   -381.798592  2  5  5  77       
PG17  12388.772602  16099.046806 -16602.650434    719.600265  3  4  4  97       
PG18  -7621.364474 -12884.102084  21947.792116   -534.818127  6  7  5  94       
PG19  14696.833768   6920.769033 -21267.279816    428.132918  1  5  4  87       
PG20  23959.952544  -2564.946834  11037.282664    390.962735     3  2           
PG21 -16212.984816  19585.015230  -5155.174230    138.031346  5  5  5  85       
PG22  24022.142903  10371.355258  -3096.412508     46.312717  2  3  4  65       
PG23 -17475.501580 -15812.610835  12453.864554    137.635808  4  8  6 106       
PG24  13182.195790 -21129.441855  -9021.179668   -415.933467  4  3  4  73       
PG25  -9450.168838 -17624.440500 -17946.588903    485.652143  4  5  4  70       
PG26 -25345.953917  -2139.428467   8121.251147    199.249195  2  3  3  64       
PG28 -19839.646436    195.023914 -17677.238499   -102.217199  6  5  4  69       
PG29  -4409.301876 -25712.311958   4646.715192   -608.531233  5  6  7  57       
PG30  16534.082597   6096.731178  20066.687166   -444.039353  2  3  3  72       
PG31 -23400.773542   7424.484358 -10846.613870   -227.373806  5  6  4  82       
PG32 -14600.124480 -12258.118157 -18385.096122   -605.893501  6  6  2  81       
*  2024  1 18  7 15  0.00000000
PG01  -8928.732603  20139.250709 -14936.647492    166.435721  5  4  5  96       
PG02 -14147.458288  21123.020466  -6751.465828   -499.176612  5  4  4  84       
PG03  -4364.059787  14156.205059 -22190.465038    133.901777  4  4  3  78       
PG04  -2375.520754  24828.910935  -8915.914372    268.998330  5 10  7  93       
PG05  16475.960109  -8612.731924  18830.414704   -158.391221  3  4  3  55       
PG06  19634.803962  -1257.612547 -17818.971065    440.668080  3  1  4  65       
PG07   5213.637929  15590.243604  21264.849049    -40.118038  6  3  3  61       
PG08  -7250.325056  19570.871000  16084.105401   -162.655945  5  5  6  48       
PG09   7454.110773  25304.247301   2729.826789     62.543687  3  5  5  75       
PG10 -24037.804991 -11103.299174   3920.970714    -69.773823  3  6  3  85       
PG11  22853.732674 -10202.604967  -8793.227184   -544.046524  2  3  4  30       
PG12   5580.351513 -14245.772274 -21997.551149   -469.026024  5  5  2  57       
PG13  13247.427386 -10683.327051  20129.448845    616.971524     5  3  85       
PG14  21867.464559  13588.068867   6932.720104    301.744652  2  6  4  63       
PG15   5016.441348 -20440.576469  15586.101929    118.408538  2  4  6  81       
PG16 -21869.954791   1618.951235  14973.082008   -381.791488  2  6  5  70       
PG17  12390.933194  17967.245118 -14602.751427    719.598885  3  5  5  80       
PG18  -5640.893715 -14386.731357  21593.634422   -534.826256  6  7  5  81       
PG19  14760.593532   9252.053097 -20338.561795    428.137466  2  5  4  76       
PG20  25005.729223  -2094.619975   8497.998150    390.961067     3  2  35       
PG21 -16795.324320  19692.403721  -2283.343488    138.030315  5  5  5  64       
PG22  24114.681666  10724.164670   -228.915630     46.306570  2  3  4  81       
PG23 -15970.373223 -15444.007711  14717.429548    137.642572  5  8  6 100       
PG24  14020.789199 -21483.198500  -6387.116059   -415.939793  4  3  4  47       
PG25  -7464.502310 -17030.287200 -19399.678448    485.653285  4  5  4  63       
PG26 -26019.336164  -2648.748372   5490.775459    199.246036  2  4  3  60       
PG28 -18337.007893  -1285.907295 -19191.674471   -102.227582  6  5  4  70       
PG29  -4215.640169 -26103.461662   1791.117268   -608.530767  5  6  7  70       
PG30  14776.955906   7615.827739  20882.494813   -444.035113  3  3  4  79       
PG31 -22466.384897   6451.838336 -13196.213126   -227.374101  5  6  4  83       
PG32 -14797.233342 -14289.962266 -16720.655965   -605.895958  6  6  3  76       
*  2024  1 18  7 30  0.00000000
PG01 -10170.867678  21046.900393 -12632.481048    166.436649  5  4  5  93       
PG02 -14789.955385  21448.748449  -3957.191744   -499.171538  6  3  4  79       
PG03  -6740.973212  13398.422602 -22054.933460    133.924924  4  4  3  88       
PG04  -2816.616634  23721.077590 -11452.681340    269.007075  5  9  7  99       
PG05  18466.301083  -7963.090354  17223.968894   -158.392343  3  4  3  74       
PG06  18111.475948    238.083555 -19390.115049    440.656009  4  2  3  64       
PG07   3456.998231  17077.079581  20402.825030    -40.126441  6  3  3  70       
PG08  -7932.348223  17708.618704  17853.040676   -162.657966  5  6  5  60       
PG09   7232.753441  25523.657651   -118.514280     62.554735  4  5  6  65       
PG10 -23437.481296 -11086.397802   6715.130648    -69.775585  4  6  3  84       
PG11  22107.904250  -9293.035568 -11337.576288   -544.059000  2  3  4  57       
PG12   7856.719904 -13346.880260 -21857.642174   -469.029519  5  5  2  71       
PG13  13529.942854  -8298.248978  21055.248852    616.974976  1  5  3 101       
PG14  20897.007632  13532.189050   9535.410280    301.753837  2  6  4  72       
PG15   5948.994352 -18676.077817  17339.528798    118.412329  2  3  6  84       
PG16 -23306.596290    844.693142  12797.617569   -381.784764  2  6  6  84       
PG17  12454.820870  19588.130890 -12342.842348    719.597720  3  5  5  85       
PG18  -3789.284611 -15955.063826  20867.641487   -534.834491  6  7  5  92       
PG19  14937.529151  11451.812102 -19068.365671    428.142516  2  5  4  77       
PG20  25780.665060  -1716.607848   5811.352533    390.959252     3  2  41       
PG21 -17140.952168  19583.033035    630.507898    138.029392  5  5  5  63       
PG22  23924.896169  10941.188219   2642.639456     46.300973  2  3  3  77       
PG23 -14214.206523 -15092.727842  16730.230168    137.649396  5  8  6 108       
PG24  14640.462593 -21649.825730  -3641.623842   -415.946226  4  2  4  45       
PG25  -5312.723810 -16497.986313 -20530.392912    485.654422  4  5  4  78       
PG26 -26424.551451  -3053.775144   2767.500515    199.242757     5  3  58       
PG28 -16804.536742  -2949.730874 -20376.407289   -102.238031  6  5  4  74       
PG29  -3997.802382 -26181.169898  -1095.514851   -608.530337  6  7  8  64       
PG30  13040.990858   9267.969862  21344.236426   -444.030833  3  3  4  82       
PG31 -21395.351281   5267.434978 -15325.769242   -227.374408  5  6  4  77       
PG32 -15054.457668 -16105.814546 -14766.801927   -605.898416  6  6  3  62       
*  2024  1 18  7 45  0.00000000
PG01 -11170.538017  21830.196405 -10111.198280    166.437642  5  4  5  89       
PG02 -15206.595634  21557.934834  -1093.139888   -499.166419  6  3  4  73       
PG03  -9122.440284  12783.078128 -21544.640882    133.948121  4  4  3  78       
PG04  -3382.558922  22369.538581 -13790.807915    269.015762  6  9  7  91       
PG05  20290.731301  -7459.937548  15318.349417   -158.393598  2  3  3  64       
PG06  16562.787976   1932.583468 -20626.614836    440.643976  4  2  3  65       
PG07   1853.511305  18572.754457  19200.197736    -40.134768  6  4  3  55       
PG08  -8762.577317  15710.097620  19308.004845   -162.658055  5  6  5  59       
PG09   6926.749280  25446.133815  -2964.817353     62.565822  4  5  6  86       
PG10 -22539.204816 -11029.357975   9396.577188    -69.776768  5  6  3  93       
PG11  21209.390723  -8154.634717 -13686.061190   -544.071539  2  3  4  49       
PG12  10144.352048 -12581.255270 -21351.147054   -469.032821  6  5  2  74       
PG13  13950.174134  -5848.936691  21610.778328    616.978285  1  5  3  88       
PG14  19651.259587  13449.585729  11975.806087    301.763039  2  5  4  66       
PG15   7040.005903 -16788.565186  18781.038527    118.415626  2  3  6  84       
PG16 -24534.815383    234.693767  10402.915311   -381.777880  2  6  6  92       
PG17  12546.054546  20935.098309  -9863.888004    719.597039  4  6  5  92       
PG18  -2096.428409 -17549.489142  19781.773622   -534.842633  5  7  5  88       
PG19  15205.847529  13479.375681 -17478.503321    428.147365  3  6  5  81       
PG20  26264.096103  -1398.853048   3023.819617    390.957511     3  2  27       
PG21 -17276.998243  19231.184806   3532.893249    138.028004  5  5  5  56       
PG22  23442.075794  11058.396719   5468.134928     46.294943  3  4  3  72       
PG23 -12233.801916 -14794.261946  18457.719723    137.656248  5  8  5 103       
PG24  15058.327796 -21597.368788   -832.264835   -415.952599  4  3  4  75       
PG25  -3031.181995 -16053.449227 -21319.815732    485.655580  4  5  3  82       
PG26 -26545.827948  -3385.797594     -2.449722    199.239507     5  3  75       
PG28 -15284.756478  -4776.121960 -21211.147568   -102.248408  6  6  4  70       
PG29  -3717.790392 -25950.354494  -3963.183106   -608.530108  6  6  8  74       
PG30  11363.522506  11026.686593  21443.405634   -444.026646  4  3  4  69       
PG31 -20228.746118   3870.675768 -17199.716629   -227.374464  5  6  4  86       
PG32 -15338.912205 -17677.067847 -12558.071095   -605.900926  7  6  4  69       
*  2024  1 18  8  0  0.00000000
PG01 -11933.053232  22445.555464  -7415.239855    166.438615  5  5  5  79       
PG02 -15423.638318  21423.377973   1790.113400   -499.161767  6  4  4  74       
PG03 -11458.952344  12315.069449 -20667.806737    133.971278  4  4  4  68       
PG04  -4095.672060  20810.039290 -15889.870703    269.024509  5  8  7  97       
PG05  21907.967998  -7085.590126  13147.171900   -158.394716  2  3  4  67       
PG06  15033.229390   3804.269413 -21506.734257    440.631900  4  2  2  70       
PG07    421.318851  20035.538583  17675.153105    -40.143177  6  4  3  61       
PG08  -9745.171567  13622.340135  20424.252229   -162.660870  5  6  5  54       
PG09   6502.142426  25086.502936  -5759.973322     62.576921  4  4  5  89       
PG10 -21352.048521 -10971.712634  11920.508215    -69.778466  6  5  4  94       
PG11  20200.114694  -6784.881278 -15798.111754   -544.083971  3  3  4  42       
PG12  12396.447412 -11956.617964 -20486.141763   -469.036467  5  5  2  57       
PG13  14507.954788  -3386.201138  21786.762279    616.981760  2  5  3  92       
PG14  18144.792644  13376.428140  14212.273107    301.772331  2  5  4  71       
PG15   8287.474171 -14824.154033  19884.200541    118.419328  3  3  5  94       
PG16 -25520.903944   -232.798102   7830.938168   -381.770947  3  6  7  69       
PG17  12627.090456  21990.326552  -7210.549523    719.596320  5  6  5  78       
PG18   -584.791267 -19126.543572  18354.253503   -534.850800  5  7  5  97       
PG19  15537.523204  15299.504001 -15595.942718    428.152289  4  6  5  98       
PG20  26443.625313  -1106.354777    183.742135    390.956136     3  2  69       
PG21 -17236.777157  18618.820112   6371.216029    138.026775  5  5  4  52       
PG22  22664.258212  11113.977094   8198.811385     46.289035  3  4  3  73       
PG23 -10063.203311 -14579.397497  19870.111825    137.663019  5  7  5 102       
PG24  15297.980279 -21299.558883   1991.734727   -415.958967  4  3  4  60       
PG25   -660.815907 -15716.274253 -21754.485800    485.656723  4  5  3  73       
PG26 -26375.105792  -3678.597011  -2772.370321    199.236272     6  3  60       
PG28 -13816.845134  -6737.297353 -21681.609410   -102.258805  6  6  4  77       
PG29  -3339.652158 -25424.863451  -6762.281551   -608.530122  6  6  8  66       
PG30   9777.324672  12859.392993  21177.552620   -444.022391  4  3  4  69       
PG31 -19008.208069   2269.005910 -18786.588941   -227.374754  6  6  4  77       
PG32 -15614.153706 -18983.022332 -10133.204056   -605.903411  7  6  4  76       
*  2024  1 18  8 15  0.00000000
PG01 -12472.166474  22852.719786  -4590.533985    166.439580  5  5  5  68       
PG02 -15473.225520  21025.036997   4642.253182   -499.156698  6  4  3  55       
PG03 -13701.341790  11990.913646 -19438.845115    133.994424  4  4  4  82       
PG04  -4971.339170  19083.535980 -17713.666843    269.033270  5  8  7  83       
PG05  23282.364196  -6815.612525  10748.545307   -158.396195  2  3  3  48       
PG06  13563.749331   5823.540815 -22014.875818    440.619834  5  3  2  77       
PG07   -828.896817  21421.766466  15851.419645    -40.151701  6  4  4  32       
PG08 -10876.148871  11493.471686  21183.204942   -162.661117  5  6  5  54       
PG09   5928.974799  24467.466937  -8455.862684     62.587990  5  4  5  78       
PG10 -19893.563411 -10951.169210  14244.793863    -69.779971  6  5  4  91       
PG11  19123.227472  -5189.859544 -17637.261255   -544.096469  4  4  4  57       
PG12  14565.982989 -11472.701436 -19276.604796   -469.039960  5  4  3           
PG13  15194.754863   -960.368140  21580.739786    616.985019  3  5  2  84       
PG14  16400.053807  13346.292778  16206.568056    301.781552  3  5  4  58       
PG15   9681.207329 -12829.534173  20628.899975    118.423002  3  3  5  93       
PG16 -26237.600378   -585.455853   5126.190456   -381.763909  4  6  7  36       
PG17  12658.900330  22745.273564  -4430.275000    719.595446  5  6  5  91       
PG18    731.293899 -20640.507370  16609.285534   -534.859004  5  6  5  87       
PG19  15899.430414  16883.513095 -13452.371286    428.156942  6  7  5  82       
PG20  26315.596421   -802.740225  -2659.526590    390.954253  1  3  2  63       
PG21 -17058.149179  17736.367966   9094.857742    138.025819  5  5  4  59       
PG22  21598.302954  11146.634438  10788.109470     46.283712  4  4  2  56       
PG23  -7742.590656 -14472.948360  20942.895941    137.669831  5  7  5 100       
PG24  15388.443177 -20737.047158   4780.387519   -415.965363  4  3  3  32       
PG25   1754.158165 -15498.998841 -21826.619472    485.657892  5  5  3  74       
PG26 -25912.327312  -3966.976830  -5495.714541    199.233074     6  3  63       
PG28 -12435.210667  -8798.904096 -21779.750172   -102.269188  6  6  4  56       
PG29  -2831.081139 -24626.903083  -9444.468481   -608.529152  7  6  8  50       
PG30   8309.476649  14728.455615  20550.375551   -444.018162  5  3  4  65       
PG31 -17774.407930    477.840136 -20059.507866   -227.375088  6  6  5  46       
PG32 -15841.719664 -20011.469466  -7534.429872   -605.905893  7  6  4  87       
*  2024  1 18  8 30  0.00000000
PG01 -12809.430187  23016.437528  -1685.743206    166.440525  6  6  5  73       
PG02 -15391.876746  20350.844524   7414.132890   -499.151514  7  5  2  51       
PG03 -15802.484013  11798.947197 -17878.162536    134.017567  4  4  4  91       
PG04  -6017.225126  17234.676710 -19230.841817    269.041979  6  7  6  96       
PG05  24385.157207  -6619.964402   8164.365200   -158.397551  2  2  3  46       
PG06  12190.234489   7953.763296 -22141.879518    440.607792  5  3  2  76       
PG07  -1894.222074  22687.403680  13758.030017    -40.160032  6  4  4  48       
PG08 -12143.438697   9370.951682  21572.725416   -162.663268  4  6  5  60       
PG09   5182.637458  23618.669140 -11006.185532     62.599063  5  4  5  84       
PG10 -18189.225801 -11002.060228  16330.615442    -69.781389  6  5  4  94       
PG11  18021.414648  -3384.224360 -19171.781850   -544.108947  4  4  4  42       
PG12  16607.309809 -11121.336922 -17742.236601   -469.043260  5  4  3  22       
PG13  15993.988684   1380.512409  20997.065293    616.988707  3  5  2  90       
PG14  14446.669373  13388.747536  17924.480021    301.790741  3  4  4  59       
PG15  11203.056449 -10850.186974  21001.765863    118.426515  3  3  5  85       
PG16 -26665.015830   -855.575361   2334.941522   -381.757195  4  6  8  58       
PG17  12602.696100  23200.794941  -1572.359255    719.594195  5  6  6  97       
PG18   1846.016619 -22045.110700  14576.665434   -534.867187  5  6  5  92       
PG19  16254.668154  18210.164798 -11083.698500    428.161862  7  8  5  82       
PG20  25885.236538   -451.896668  -5456.506038    390.952315  2  4  2  76       
PG21 -16781.736053  16583.140537  11656.161435    138.024575  5  5  3           
PG22  20259.630963  11193.913649  13192.434169     46.277396  4  4  2  57       
PG23  -5316.940565 -14492.718736  21657.271997    137.676631  5  6  5  96       
PG24  15362.877263 -19898.386301   7483.899535   -415.971731  4  3  3  56       
PG25   4167.682016 -15406.614234 -21534.262639    485.659053  5  4  3  67       
PG26 -25165.444824  -4285.264995  -8126.820301    199.229835     7  2  57       
PG28 -11168.262283 -10921.166030 -21503.904813   -102.279498  6  6  4  63       
PG29  -2164.870033 -23586.153957 -11963.510755   -608.528853  7  6  8  35       
PG30   6980.446783  16592.465878  19571.715897   -444.013910  5  4  4  42       
PG31 -16565.557891  -1479.800218 -20996.615489   -227.375079  6  6  5  60       
PG32 -15982.740575 -20758.951763  -4806.706997   -605.908385  7  7  4  76       
*  2024  1 18  8 45  0.00000000
PG01 -12973.234328  22907.985720   1248.572128    166.441474  6  6  5  62       
PG02 -15218.851638  19397.199608  10058.616285   -499.146517  7  6  1  41       
PG03 -17718.937127  11719.848374 -16011.857493    134.040731  3  4  4  76       
PG04  -7232.809907  15310.153562 -20415.425912    269.050710  6  6  6  88       
PG05  25195.451351  -6464.365217   5439.550687   -158.398714  3  2  3  43       
PG06  10942.191933  10152.501515 -21885.208758    440.595742  5  3  2  95       
PG07  -2779.532105  23789.675294  11428.984377    -40.168486  7  4  4  37       
PG08 -13527.267158   7299.868078  21587.258324   -162.665185  3  6  5  73       
PG09   4245.011430  22575.508687 -13367.252362     62.610109  5  4  5  86       
PG10 -16271.607462 -11153.928107  18143.055402    -69.783112  6  5  4  95       
PG11  16935.233923  -1390.833103 -20375.235316   -544.121419  5  5  5  57       
PG12  18477.715396 -10886.841480 -15908.194654   -469.046601  5  4  3  31       
PG13  16881.657621   3592.351731  20046.776153    616.991990  3  5  2  85       
PG14  12320.484566  13528.094102  19336.411100    301.799913  3  4  4  66       
PG15  12827.498849  -8928.663787  20996.440664    118.429906  3  3  5  90       
PG16 -26791.284577  -1078.624429   -495.546678   -381.749985  5  6  8  90       
PG17  12421.626977  23366.892612   1313.002483    719.593448  5  6  6  96       
PG18   2762.142051 -23295.282100  12291.284803   -534.875410  5  6  4  76       
PG19  16564.031253  19266.291748  -8529.503079    428.166534  7  8  5  77       
PG20  25166.460285    -19.597886  -8158.479238    390.950875  2  4  3  65       
PG21 -16449.080290  15167.371649  14011.288026    138.023166  5  5  3  55       
PG22  18671.650487  11290.606294  15371.832320     46.271661  4  4  2  46       
PG23  -2834.503175 -14648.742322  22000.495883    137.683485  5  5  5  90       
PG24  15257.107289 -18780.709493  10053.652989   -415.978126  4  3  3  66       
PG25   6533.365809 -15436.361440 -20881.369373    485.660180  5  4  3  54       
PG26 -24150.147970  -4665.842860 -10621.616220    199.226595     7  2  75       
PG28 -10037.424133 -13060.245100 -20858.812847   -102.289914  6  7  4  65       
PG29  -1320.161414 -22338.610872 -14276.084876   -608.528423  7  6  8  61       
PG30   5803.429474  18407.677022  18257.453858   -444.009657  5  4  4  39       
PG31 -15416.014932  -3573.929017 -21581.444955   -227.375268  6  6  5  60       
PG32 -15999.562417 -21230.694149  -1996.935115   -605.910872  7  7  4  93       
*  2024  1 18  9  0  0.00000000
PG01 -12997.558519  22506.468103   4160.860191    166.442456  6  5  5  46       
PG02 -14994.450884  18169.132093  12531.341593   -499.141250  7  6     37       
PG03 -19412.458162  11727.464849 -13871.323449    134.063869  3  4  3  77       
PG04  -8609.250012  13356.991401 -21247.270443    269.059503  5  6  6  84       
PG05  25700.900073  -6311.819350   2621.240970   -158.399662  4  3  3  25       
PG06   9841.689743  12372.989572 -21249.018247    440.583714  5  3  3  84       
PG07  -3497.210896  24688.697543   8902.809947    -40.176842  7  4  4  61       
PG08 -15000.853624   5321.352938  21227.844603   -162.667881  3  6  5  71       
PG09   3105.354378  21377.750437 -15498.722468     62.621143  6  5  4  91       
PG10 -14179.297887 -11430.293527  19651.633152    -69.785398  6  5  4  98       
PG11  15901.550291    759.941622 -21226.929371   -544.134025  5  5  5  76       
PG12  20138.896643 -10746.696824 -13804.744003   -469.050152  5  3  4  63       
PG13  17827.298045   5636.534818  18747.332966    616.995192  3  4  2  77       
PG14  10062.372408  13782.316848  20417.887142    301.809169  3  4  4  79       
PG15  14522.545709  -7103.003400  20613.683586    118.433315  3  3  4  84       
PG16 -26612.922711  -1291.698245  -3317.777156   -381.743081  6  6  8  76       
PG17  12082.378968  23262.113954   4175.644221    719.592242  4  5  5  62       
PG18   3490.724262 -24348.870724   9792.537779   -534.883617  5  5  4  79       
PG19  16787.575925  20047.136514  -5832.430128    428.171341  8  8  4  77       
PG20  24181.342178    524.941698 -10718.372650    390.948969  3  4  3  32       
PG21 -16100.833094  13505.893949  16120.931381    138.022502  5  5  3  70       
PG22  16864.900708  11467.301578  17290.577719     46.265956  5  4  2  60       
PG23   -345.150772 -14942.827744  21966.128601    137.690284  5  4  5  87       
PG24  15108.025921 -17390.068667  12443.191827   -415.984519  4  4  3  68       
PG25   8806.022955 -15577.818870 -19877.803277    485.661379  5  5  3  53       
PG26 -22889.321772  -5137.752830 -12938.300119    199.223320     7  2  77       
PG28  -9056.428548 -15169.766058 -19855.537557   -102.300295  6  7  4  45       
PG29   -283.446378 -20925.193789 -16342.520624   -608.528052  7  6  7  49       
PG30   4783.963543  20129.553193  16629.301317   -444.005416  6  4  3  15       
PG31 -14355.027784  -5768.497144 -21803.223749   -227.375515  6  6  5  72       
PG32 -15857.317239 -21440.215253    846.847783   -605.913414  7  7  5  81       
*  2024  1 18  9 15  0.00000000
PG01 -12920.483485  21799.826934   6999.536460    166.443374  6  5  4  37       
PG02 -14758.323746  16680.143060  14791.399272   -499.136350  7  6  1           
PG03 -20851.337938  11789.917888 -11492.758511    134.087019  3  5  4  77       
PG04 -10129.572459  11420.840280 -21712.377155    269.068217  5  6  5  67       
PG05  25898.065036  -6124.239838   -242.032697   -158.401316  5  4  4  49       
PG06   8902.598163  14565.782718 -20244.101019    440.571776  5  3  3  95       
PG07  -4066.570928  25349.050330   6222.013630    -40.185284  7  4  4  66       
PG08 -16531.385941   3471.179317  20502.013368   -162.670187  2  7  5  70       
PG09   1760.899758  20067.985373 -17364.278165     62.632193  6  5  5  76       
PG10 -11955.615710 -11847.650598  20830.781699    -69.785690  6  5  4  85       
PG11  14952.129644   3031.192133 -21712.271767   -544.146500  6  6  5  69       
PG12  21558.289368 -10672.498263 -11466.823851   -469.053515  5  3  4  41       
PG13  18795.192294   7481.202167  17122.242181    616.998427  4  4  2  56       
PG14   7716.854560  14162.279251  21149.989836    301.818371  3  4  4  70       
PG15  16250.931728  -5405.358940  19861.306681    118.437132  3  3  4  77       
PG16 -26134.889705  -1531.938396  -6084.751815   -381.736069  7  6  8  55       
PG17  11556.613969  22912.635980   6966.322272    719.591645  4  5  5  68       
PG18   4050.489484 -25168.273773   7123.639311   -534.891888  6  5  3  75       
PG19  16886.225111  20556.392989  -3037.543616    428.175704  8  8  4  63       
PG20  22959.277810   1207.649068 -13091.606989    390.947116  4  4  3  57       
PG21 -15775.048132  11623.485937  17950.886422    138.020735  5  5  4  58       
PG22  14875.953421  11749.131607  18917.661505     46.260252  5  4  2  64       
PG23   2101.340868 -15368.430183  21554.182890    137.697201  5  3  4  92       
PG24  14951.944496 -15741.409165  14609.181920   -415.990896  4  4  2  70       
PG25  10943.177265 -15813.282895 -18539.257410    485.662550  5  5  3  34       
PG26 -21412.255312  -5725.433922 -15037.983370    199.220059  2  7  2  12       
PG28  -8230.915316 -17202.446988 -18511.278767   -102.310665  6  7  4  26       
PG29    950.727290 -19390.185154 -18127.474631   -608.527660  7  6  7  54       
PG30   3919.849934  21714.373700  14714.491324   -444.001196  6  4  3  41       
PG31 -13405.673133  -8022.526640 -21657.103510   -227.375595  6  6  5  66       
PG32 -15525.383208 -21408.638521   3676.269750   -605.915911  7  7  4  76       
*  2024  1 18  9 30  0.00000000
PG01 -12782.519836  20785.518063   9713.973828    166.444317  6  4  4  52       
PG02 -14547.846334  14951.738133  16801.918773   -499.131149  7  6  1  53       
PG03 -22011.502487  11870.943537  -8916.586691    134.110141  3  5  4  67       
PG04 -11769.192684   9544.337799 -21803.116468    269.076958  5  5  5  80       
PG05  25792.442660  -5864.106277  -3101.184315   -158.402723  6  4  4  75       
PG06   8130.162226  16680.526367 -18887.714155    440.559741  6  3  3 102       
PG07  -4512.984463  25741.226065   3432.427831    -40.193781  7  3  4  81       
PG08 -18081.230963   1778.590487  19423.559984   -162.671821  3  7  5  70       
PG09    217.146507  18690.001596 -18932.224650     62.643244  6  5  5  91       
PG10  -9647.153195 -12414.724882  21660.260101    -69.787050  6  4  4  72       
PG11  14112.445391   5380.710835 -21823.016316   -544.159027  6  6  5  61       
PG12  22710.204452 -10631.142742  -8933.531850   -469.056961  5  3  4  63       
PG13  19745.790344   9102.253141  15200.572909    617.001876  4  4  3  52       
PG14   5330.584191  14671.200078  21519.702171    301.827586  4  4  4  60       
PG15  17971.531123  -3860.893336  18753.949149    118.440729  3  3  4  86       
PG16 -25370.357406  -1834.971812  -8750.674877   -381.729242  7  6  8  52       
PG17  10822.195094  22351.080644   9637.555219    719.590736  4  5  5  57       
PG18   4466.912725 -25721.903494   4330.866958   -534.900144  6  4  3  77       
PG19  16823.357299  20805.947789   -191.639912    428.180268  7  8  4  64       
PG20  21535.867382   2048.369231 -15236.901379    390.945319  4  4  3  53       
PG21 -15505.647130   9551.932332  19472.471834    138.020182  5  4  4           
PG22  12746.119650  12154.751434  20227.188293     46.254409  5  4  2  77       
PG23   4457.014101 -15910.856988  20771.162465    137.703976  5  3  4  83       
PG24  14822.964520 -13858.175053  16512.317199   -415.997255  4  4  2  61       
PG25  12906.489532 -16118.432930 -16887.088683    485.663735  5  5  3  77       
PG26 -19753.628915  -6447.629959 -16885.294756    199.216822  2  7  2  57       
PG28  -7558.351829 -19111.773986 -16849.082107   -102.321048  7  7  3  70       
PG29   2379.364185 -17779.555331 -19600.522994   -608.527399  7  6  7  82       
PG30   3201.375696  23120.831835  12545.364916   -443.996960  6  5  2  44       
PG31 -12584.021463 -10291.441226 -21144.309997   -227.375869  6  5  5  69       
PG32 -14978.680905 -21163.733523   6443.418453   -605.918417  7  7  4  67       
*  2024  1 18  9 45  0.00000000
PG01 -12624.822809  19470.811994  12255.499908    166.445299  6  4  4  39       
PG02 -14396.628285  13012.680656  18530.562973   -499.126448  7  5  2  57       
PG03 -22877.336768  11931.421458  -6186.797557    134.133271  4  5  4  34       
PG04 -13496.734970   7765.604245 -21518.332526    269.085659  5  5  4  66       
PG05  25398.161449  -5496.092388  -5907.405237   -158.403636  6  5  4  68       
PG06   7520.923497  18667.773157 -17203.285280    440.547654  6  3  2  94       
PG07  -4866.751159  25842.891021    582.453688    -40.201975  7  3  3  70       
PG08 -19609.329115    265.401660  18012.220455   -162.673705  4  7  5  78       
PG09  -1512.170643  17287.128673 -20176.006985     62.654258  6  5  5  90       
PG10  -7302.203287 -13132.021937  22125.496585    -69.788843  6  4  3  68       
PG11  13400.744079   7762.432658 -21557.397065   -544.171569  7  6  5  83       
PG12  23576.725887 -10586.215536  -6247.529192   -469.060297  5  3  4  78       
PG13  20637.282350  10484.035968  13016.381631    617.005070  5  5  3  65       
PG14   2950.746534  15304.431537  21520.160138    301.836798  4  3  4  42       
PG15  19640.934247  -2486.988207  17312.701151    118.444125  3  4  3  89       
PG16 -24340.200096  -2233.423204 -11271.620610   -381.722077  8  6  8  54       
PG17   9864.156022  21615.115807  12144.397791    719.589845  5  5  5  43       
PG18   4771.023989 -25985.433972   1462.740185   -534.908349  6  4  2  32       
PG19  16566.322436  20815.329123   2657.471443    428.185038  7  8  3  70       
PG20  19951.566648   3059.886710 -17117.014354    390.943569  4  4  3  60       
PG21 -15321.110013   7328.849758  20662.814795    138.018364  5  4  4  62       
PG22  10520.012493  12695.584029  21198.680569     46.248478  6  4  2  73       
PG23   6677.388697 -16547.802369  19629.990532    137.710804  5  2  4  81       
PG24  14751.444466 -11771.557504  18118.143760   -416.003771  4  4  3  70       
PG25  14663.051693 -16463.262812 -14948.062988    485.664895  5  5  3  57       
PG26 -17952.314902  -7316.509469 -18448.937658    199.213538  3  7  2  84       
PG28  -7028.276753 -20853.656558 -14897.449300   -102.331487  7  7  4  41       
PG29   3990.961689 -16139.241510 -20736.663940   -608.526748  7  6  7  77       
PG30   2611.839360  24311.566244  10158.858360   -443.992761  6  5  2  42       
PG31 -11898.566271 -12528.549606 -20272.206674   -227.376108  6  5  5  47       
PG32 -14198.759781 -20738.726721   9101.612972   -605.920925  7  7  4  49       
*  2024  1 18 10  0  0.00000000
PG01 -12487.369186  17872.699883  14578.375215    166.446250  6  5  4  27       
PG02 -14333.197610  10898.000120  19949.931617   -499.121382  7  5  2  59       
PG03 -23442.196163  11931.033799  -3350.213080    134.156433  4  5  4  21       
PG04 -15275.122400   6116.927504 -20863.335095    269.094429  4  5  4  52       
PG05  24737.365743  -4988.601252  -8612.977618   -158.404825  7  5  5  60       
PG06   7062.994501  20480.776412 -15220.004523    440.535565  6  3  2  88       
PG07  -5161.739872  25639.899129  -2277.789261    -40.210483  7  2  3  83       
PG08 -21072.716110  -1054.597561  16293.253571   -162.674853  5  7  5  68       
PG09  -3405.427993  15900.618375 -21074.637341     62.665287  6  5  5  85       
PG10  -4969.123035 -13991.684905  22217.857050    -69.789802  6  4  3  72       
PG11  12827.405667  10128.029064 -20920.148936   -544.184079  7  6  5  79       
PG12  24148.333338 -10499.526679  -3454.371357   -469.063717  5  3  4  80       
PG13  21427.257512  11619.702972  10608.059760    617.008525  6  5  3  60       
PG14    623.436459  16049.550441  21150.804602    301.846026  5  3  4  49       
PG15  21215.112976  -1292.794669  15564.593481    118.447632  4  4  3  73       
PG16 -23072.227470  -2755.550586 -13606.161513   -381.715048  8  6  8  90       
PG17   8675.384126  20745.902065  14445.139237    719.589512  5  5  5  64       
PG18   4997.991773 -25942.776490  -1430.846974   -534.916496  6  4  1  66       
PG19  16087.830118  20610.880383   5461.712805    428.189863  7  7  3  35       
PG20  18250.159900   4247.231966 -18699.406811    390.942096  5  4  3  71       
PG21 -15243.428324   4996.334606  21505.009403    138.017404  5  3  4  80       
PG22   8244.019835  13375.349838  21817.295319     46.242504  6  4  2  64       
PG23   8722.994914 -17250.193429  18149.825977    137.717603  5  2  4  76       
PG24  14762.632866  -9519.416706  19397.776305   -416.010134  4  4  3  53       
PG25  16186.499406 -16813.250271 -12754.008088    485.666084  5  5  3  67       
PG26 -16050.033133  -8337.029531 -19702.194399    199.210307  4  7  3  85       
PG28  -6622.857517 -22388.000838 -12689.855575   -102.341890  7  7  4  52       
PG29   5765.782878 -14513.446537 -21516.723446   -608.526057  7  6  6  60       
PG30   2128.360711  25254.563815   7595.896283   -443.988542  7  5  1  64       
PG31 -11349.942212 -14686.631307 -19054.265618   -227.376475  6  5  4  47       
PG32 -13174.637039 -20170.928265  11606.144057   -605.923479  7  6  3  79       
*  2024  1 18 10 15  0.00000000
PG01 -12407.176577  16017.401403  16640.724925    166.447274  5  5  4  53       
PG02 -14379.904583   8647.797506  21037.877027   -499.116409  7  4  3  61       
PG03 -23708.582711  11829.990288   -455.692545    134.179648  5  5  5  54       
PG04 -17062.893172   4623.686718 -19849.780419    269.103132  4  5  4  71       
PG05  23839.312821  -4315.150794 -11172.057040   -158.406719  7  4  5  53       
PG06   6736.675006  22077.188915 -12972.309132    440.523496  6  3  2  94       
PG07  -5433.855071  25127.005346  -5097.392768    -40.218909  7  2  2  73       
PG08 -22428.111933  -2175.924152  14296.943000   -162.677321  6  7  4  66       
PG09  -5433.762720  14568.122749 -21613.027282     62.676278  5  5  5  70       
PG10  -2694.690049 -14977.669689  21934.833495    -69.791885  6  4  3  84       
PG11  12394.622381  12428.592237 -19922.415148   -544.196543  7  6  5  80       
PG12  24424.220849 -10332.741010   -601.771404   -469.067150  5  3  3  63       
PG13  22074.382900  12511.223469   8017.619627    617.011848  6  5  4  74       
PG14  -1607.925950  16886.761771  20417.428529    301.855249  5  3  4  23       
PG15  22651.101019   -279.137492  13541.973217    118.450928  5  5  3  51       
PG16 -21600.189562  -3424.048275 -15715.954039   -381.708111  8  7  7  36       
PG17   7256.999415  19786.448318  16501.920064    719.588405  6  4  5  51       
PG18   5185.541100 -25586.743051  -4299.522629   -534.924733  6  3  1  49       
PG19  15367.158483  20224.685226   8173.501568    428.194362  6  6  2  82       
PG20  16477.116750   5607.300802 -19956.814031    390.940460  5  5  3  78       
PG21 -15287.346825   2599.491679  21988.163137    138.016045  4  3  5  87       
PG22   5964.741053  14189.890405  22073.957660     46.236574  6  4  2  67       
PG23  10560.720452 -17983.317346  16355.767631    137.724425  5  3  3  84       
PG24  14875.531048  -7144.924318  20328.485059   -416.016469  4  4  4  76       
PG25  17457.898375 -17130.726633 -10341.372614    485.667274  4  5  3  55       
PG26 -14089.907591  -9506.568034 -20623.371416    199.207038  4  7  3  75       
PG28  -6317.739889 -23680.140717 -10264.181861   -102.352334  7  7  3  50       
PG29   7676.450292 -12943.022613 -21927.658653   -608.525766  7  6  6  77       
PG30   1722.946066  25924.376638   4900.698858   -443.984359  7  5  2  48       
PG31 -10930.948322 -16719.569420 -17509.939934   -227.376377  6  4  4  47       
PG32 -11903.360595 -19500.226849  13914.974252   -605.926025  7  5  3  88       
*  2024  1 18 10 30  0.00000000
PG01 -12416.645047  13939.490497  18405.397219    166.448293  5  5  4  48       
PG02 -14552.076243   6305.893700  21777.736591   -499.111127  6  4  3  87       
PG03 -23687.975820  11590.751787   2446.711617    134.202857  5  5  5  41       
PG04 -18815.691812   3303.553947 -18495.444935    269.111884  4  5  4  74       
PG05  22739.220271  -3455.558761 -13541.413428   -158.407920  7  4  5  22       
PG06   6515.385284  23420.599485 -10499.270398    440.511423  5  3  2  91       
PG07  -5719.389459  24308.236494  -7825.649464    -40.227470  7  2  2  80       
PG08 -23633.516485  -3101.362495  12058.031685   -162.676578  6  7  4  44       
PG09  -7562.000490  13322.326220 -21782.221408     62.687339  5  4  4  77       
PG10   -522.509889 -16066.235776  21280.146890    -69.793371  6  4  3  78       
PG11  12096.407550  14616.344709 -18581.543762   -544.208991  7  6  5  85       
PG12  24412.293888 -10049.040262   2261.195019   -469.070711  5  3  3  50       
PG13  22540.036774  13169.060329   5289.934548    617.015045  7  4  4  54       
PG14  -3704.081505  17789.602009  19332.116198    301.864489  6  3  4  34       
PG15  23908.617248    561.232918  11281.788000    118.454700  5  5  3  51       
PG16 -19962.588809  -4255.055829 -17566.279555   -381.701004  9  7  7  47       
PG17   5618.423245  18779.939206  18281.263908    719.587658  6  4  5  38       
PG18   5372.270492 -24919.370421  -7093.344868   -534.932988  6  3  1  92       
PG19  14391.137213  19693.279997  10746.522484    428.199150  7  6  3           
PG20  14677.898865   7128.801784 -20867.716220    390.938400  5  5  2  83       
PG21 -15459.905326    184.901318  22107.346854    138.015114  4  3  4  81       
PG22   3727.440819  15127.285800  21965.416522     46.230903  6  4  1  80       
PG23  12164.917774 -18708.187917  14278.449197    137.731253  5  3  3  82       
PG24  15102.037501  -4694.987563  20894.136260   -416.022782  4  4  4  65       
PG25  18466.366169 -17376.399831  -7750.691282    485.668446  4  4  3  40       
PG26 -12114.974009 -10814.840209 -21196.178845    199.203807  4  6  3  68       
PG28  -6083.156698 -24702.072164  -7662.070875   -102.362715  7  7  3  46       
PG29   9688.836822 -11464.000817 -21962.755801   -608.525201  7  6  6  79       
PG30   1363.768913  26303.101744   2120.013891   -443.980151  7  5  2  54       
PG31 -10626.881815 -18583.970799 -15664.432922   -227.376712  6  4  4  54       
PG32 -10390.277741 -18767.508264  15989.390313   -605.928573  7  5  2  85       
*  2024  1 18 10 45  0.00000000
PG01 -12542.096549  11680.673636  19840.722955    166.449314  5  6  4  64       
PG02 -14857.443607   3918.369870  22158.487134   -499.106146  6  4  3  88       
PG03 -23400.320780  11179.683380   5306.632349    134.226075  5  4  5  52       
PG04 -20487.877547   2166.002038 -16823.897389    269.120615  5  6  4  74       
PG05  21476.908867  -2396.884557 -15681.120719   -158.409144  7  3  5  65       
PG06   6366.878480  24481.846262  -7843.894758    440.499329  5  3  3  80       
PG07  -6053.333181  23196.891490 -10413.077979    -40.235799  7     1  67       
PG08 -24649.752901  -3841.613267   9615.100827   -162.677050  7  6  4  53       
PG09  -9749.825482  12189.782175 -21579.530187     62.698341  5  4  3  55       
PG10   1508.468141 -17226.739919  20263.759099    -69.795487  6  4  3  70       
PG11  11918.932898  16646.308940 -16920.777577   -544.221497  7  6  5  82       
PG12  24128.838862  -9614.752271   5084.931387   -469.073849  5  2  3  63       
PG13  22789.834418  13611.528983   2471.948279    617.018241  7  4  4  68       
PG14  -5631.262296  18725.917832  17913.072756    301.873656  6  2  3  57       
PG15  24951.565638   1243.061772   8824.802735    118.457997  6  5  3  59       
PG16 -18201.339522  -5257.404704 -19126.538454   -381.693946  9  7  7  24       
PG17   3777.141981  17768.095401  19754.523683    719.587172  6  4  4  37       
PG18   5595.936640 -23951.891035  -9763.702061   -534.941199  6  3  1  71       
PG19  13154.864662  19056.197600  13136.499122    428.203744  7  5  3  54       
PG20  12896.284302   8792.533058 -21416.699545    390.936932  6  5  2  69       
PG21 -15760.281331  -2200.920125  21863.463776    138.013757  3  2  4  88       
PG22   1574.570670  16168.256580  21494.227257     46.225102  6  4     53       
PG23  13518.226999 -19383.099483  11953.529732    137.738060  5  3  3  80       
PG24  15446.411595  -2218.526551  21085.475217   -416.029149  4  4  5  65       
PG25  19209.399594 -17510.975904  -5025.958812    485.669593  4  4  3  78       
PG26 -10166.690911 -12244.105992 -21410.037848    199.200580  4  6  3  42       
PG28  -5885.252697 -25433.443374  -4928.217558   -102.373120  7  7  3  54       
PG29  11763.218934 -10106.321305 -21621.721126   -608.525084  7  5  5  83       
PG30   1016.615957  26381.080980   -697.712666   -443.975941  7  5  3  54       
PG31 -10416.176452 -20240.712355 -13548.360758   -227.376892  6  4  5  83       
PG32  -8649.001396 -18013.055080  17794.601320   -605.931121  6  5  2  80       
*  2024  1 18 11  0  0.00000000
PG01 -12802.578871   9288.272469  20921.154403    166.450379  5  6  5  45       
PG02 -15295.854495   1532.049924  22174.826315   -499.100940  5  4  3  86       
PG03 -22873.192303  10568.569605   8074.284511    134.249293  5  4  5  56       
PG04 -22034.188159   1212.134970 -14864.076389    269.129369  5  6  4  57       
PG05  20095.292755  -1134.094727 -17555.187023   -158.410118  7  3  5  45       
PG06   6254.682710  25240.054673  -5052.352893    440.487205  5  4  3  63       
PG07  -6467.715578  21815.159747 -12812.455156    -40.244346  7     1  53       
PG08 -25441.903036  -4414.649450   7009.905177   -162.677997  7  6  4  82       
PG09 -11953.148815  11189.996520 -21008.561149     62.709392  5  3  2  63       
PG10   3365.271649 -18422.708970  18901.788893    -69.797141  6  4  3  54       
PG11  11841.179981  18477.873108 -14968.843397   -544.233921  7  6  4  91       
PG12  23597.871983  -9000.881486   7820.194761   -469.077639  5  2  2  27       
PG13  22794.990160  13863.869083   -388.131568    617.021503  7  3  5  68       
PG14  -7362.314156  19659.084647  16184.344343    301.882867  6  2  3  56       
PG15  25749.353785   1787.718961   6214.772361    118.461466  6  5  3  59       
PG16 -16360.319134  -6432.127200 -20370.695213   -381.686837  9  7  6  10       
PG17   1758.180919  16789.623845  20898.242976    719.586119  6  4  4  64       
PG18   5891.776970 -22704.351813 -12264.187126   -534.949397  6  3  2  69       
PG19  11662.127460  18354.394108  15301.953162    428.208457  6  5  2  52       
PG20  11172.775734  10571.976540 -21594.702277    390.935047  6  5  1  75       
PG21 -16179.924282  -4513.015931  21263.051953    138.012610  3  3  4  97       
PG22   -455.594474  17286.832767  20668.665562     46.218906  6  4     64       
PG23  14612.080307 -19965.307942   9421.087050    137.744860  5  3  3  44       
PG24  15905.078180    235.317227  20900.247137   -416.035471  4  4  5  63       
PG25  19692.887780 -17496.817709  -2213.917783    485.670784  4  4  2  34       
PG26  -8283.507234 -13769.664972 -21260.309022    199.197335  4  6  3  82       
PG28  -5687.574118 -25862.262545  -2109.605598   -102.383535  7  7  3           
PG29  13855.647844  -8892.810881 -20910.664881   -608.524342  7  5  5  75       
PG30    646.440561  26157.289204  -3503.211864   -443.971737  7  5  2  72       
PG31 -10271.327396 -21656.352435 -11197.307563   -227.377110  6  4  5  79       
PG32  -6701.076125 -17274.984801  19300.276577   -605.933649  6  5  2  71       
*  2024  1 18 11 15  0.00000000
PG01 -13208.988338   6813.477263  21627.765036    166.451448  5  6  5  73       
PG02 -15859.275945   -807.024978  21827.185834   -499.096007  4  4  3  74       
PG03 -22140.663854   9735.928992  10701.361905    134.272554  5  4  5  80       
PG04 -23411.396058    434.844594 -12649.781626    269.138114  6  6  5  64       
PG05  18638.773322    329.570842 -19132.118216   -158.411920  7  2  4  66       
PG06   6139.714151  25683.359308  -2173.152240    440.475112  5  4  3  70       
PG07  -6990.056978  20193.365174 -14979.824117    -40.252686  7     2  77       
PG08 -25980.585090  -4844.808332   4286.675831   -162.680094  7  6  4  83       
PG09 -14125.624342  10334.791343 -20079.148920     62.720432  6  3  2  31       
PG10   5022.011348 -19613.157484  17216.327813    -69.798183  6  4  2  59       
PG11  11835.879348  20076.193589 -12759.448360   -544.246397  7  5  4  91       
PG12  22850.187648  -8184.476803  10418.986804   -469.080722  5  2  1  60       
PG13  22533.466811  13957.068904  -3241.642577    617.025213  7  3  5  82       
PG14  -8877.566406  20549.419400  14175.431142    301.892006  7  2  3  51       
PG15  26277.982514   2222.081432   3497.593113    118.465120  7  5  4  60       
PG16 -14483.858584  -7772.244582 -21277.671831   -381.679407  9  7  5  61       
PG17   -406.687292  15878.809599  21694.434914    719.585549  6  4  4  42       
PG18   6290.938579 -21204.896500 -14551.427944   -534.957616  6  3  2  63       
PG19   9925.500693  17628.615182  17204.939030    428.213342  7  4  2  26       
PG20   9543.154715  12434.184644 -21399.143322    390.933380  7  5     81       
PG21 -16702.964028  -6709.395336  20318.032999    138.011624  3  3  4  85       
PG22  -2330.162105  18451.264904  19502.576346     46.213296  7  4     52       
PG23  15446.866228 -20412.772528   6724.923813    137.751666  5  4  3  23       
PG24  16466.777515   2618.961439  20343.157234   -416.041793  4  4  5  68       
PG25  19930.802894 -17299.575322    636.731094    485.671933  4  4  2  41       
PG26  -6499.538913 -15360.625687 -20748.435207    199.194086  4  5  3  75       
PG28  -5452.664966 -25985.295820    745.297196   -102.393980  7  7  3  10       
PG29  15919.486467  -7838.444995 -19841.980161   -608.523929  7  5  5  65       
PG30    218.959934  25639.391674  -6247.294559   -443.967547  7  5  3  50       
PG31 -10160.072294 -22804.349045  -8651.274319   -227.377555  6  3  4  54       
PG32  -4575.356155 -16587.782090  20481.018006   -605.936199  6  5  3  57       
*  2024  1 18 11 30  0.00000000
PG01 -13763.550003   4309.448545  21948.597406    166.452483  5  6  5  76       
PG02 -16532.081808  -3055.081053  21121.680472   -499.090799  4  4  3  91       
PG03 -21241.926117   8668.072397  13141.916439    134.295774  5  4  5  76       
PG04 -24579.894017   -180.714642 -10219.088123    269.146818  7  6  5  76       
PG05  17151.595773   1982.544145 -20385.408967   -158.413173  7     4  83       
PG06   5981.995562  25809.281896    743.730504    440.462995  5  5  3  78       
PG07  -7642.005114  18368.862633 -16875.445757    -40.260909  7     2  69       
PG08 -26243.029578  -5161.656484   1491.400713   -162.682469  8  5  4  66       
PG09 -16220.255535   9627.971400 -18807.185804     62.731487  6  3  2  39       
PG10   6460.728039 -20754.105648  15235.152786    -69.799551  5  3  1  62       
PG11  11870.699909  21413.381054 -10330.692502   -544.258871  7  4  4  92       
PG12  21922.139483  -7149.777465  12835.443218   -469.084204  5  1  1  62       
PG13  21990.872720  13926.490490  -6040.266692    617.028355  7  3  5  69       
PG14 -10165.413417  21355.733676  11920.797975    301.901229  7  2  3  45       
PG15  26520.870911   2577.222236    720.452627    118.468623  7  5  4  17       
PG16 -12615.221157  -9262.843228 -21831.686434   -381.672732  9  8  5  51       
PG17  -2679.967874  15064.294419  22130.781490    719.584624  6  4  4  52       
PG18   6819.077383 -19488.741031 -16585.857353   -534.965811  5  3  2  23       
PG19   7966.117906  16917.763347  18811.740267    428.217991  6  3  1  55       
PG20   8037.237485  14340.923253 -20833.932944    390.931112  7  5     89       
PG21 -17306.869665  -8752.310797  19045.417829    138.010112  4  2  4  86       
PG22  -4022.632756  19625.145701  18015.160389     46.207575  6  4     28       
PG23  16031.745737 -20685.888729   3911.798434    137.758436  5  4  3  38       
PG24  17113.048292   4888.075216  19425.677417   -416.048100  4  4  5  74       
PG25  19944.573264 -16889.720792   3476.184454    485.673108  5  3  2  38       
PG26  -4843.404213 -16980.925913 -19881.992358    199.190891  4  5  3  45       
PG28  -5143.707779 -25808.139745   3587.371005   -102.404383  7  7  3  38       
PG29  17907.054102  -6949.920310 -18434.119612   -608.523307  7  5  5  62       
PG30   -297.770433  24843.465344  -8881.762367   -443.963349  6  5  3  67       
PG31 -10046.786636 -23666.032139  -5954.026260   -227.377716  6  3  4  38       
PG32  -2307.117150 -15980.977175  21316.762186   -605.938761  6  5  3  71       
*  2024  1 18 11 45  0.00000000
PG01 -14459.676625   1829.351023  21878.851804    166.453538  5  6  6  86       
PG02 -17291.613240  -5172.009136  20069.996094   -499.085698  3  4  4  80       
PG03 -20219.708925   7359.859537  15353.200879    134.319018  5  4  5  56       
PG04 -25505.151137   -656.353206  -7613.693732    269.155536  8  6  6 106       
PG05  15676.228077   3805.186891 -21293.956166   -158.414566  8     4  63       
PG06   5742.410603  25624.751671   3647.739576    440.450962  5  4  3  47       
PG07  -8438.223262  16384.632414 -18464.661931    -40.269179  7  1  3  67       
PG08 -26213.917971  -5398.671718  -1328.907678   -162.684340  8  6  4  75       
PG09 -18191.034071   9065.304954 -17214.355750     62.742529  6  3  3  68       
PG10   7671.943881 -21800.244031  12991.334016    -69.800642  5  3     18       
PG11  11909.641509  22469.425618  -7724.408074   -544.271282  6  4  4  76       
PG12  20854.199471  -5889.085380  15026.701998   -469.087532  5  1  1  59       
PG13  21161.076647  13810.349531  -8736.808370    617.031638  7  3  5  81       
PG14 -11222.583557  22036.966644   9459.289413    301.910414  7  2  2  58       
PG15  26469.393600   2886.964625  -2069.003490    118.472047  8  5  5  11       
PG16 -10795.119994 -10881.439302 -22022.533045   -381.665506  9  8  4  42       
PG17  -5019.664754  14368.079835  22200.756556    719.583934  5  4  4  74       
PG18   7495.183925 -17596.883865 -18332.407824   -534.973946  5  3  3  63       
PG19   5813.112264  16257.329139  20093.513203    428.222895  6  3  1  85       
PG20   6677.879074  16250.024773 -19909.367911    390.929922  7  4  2  89       
PG21 -17963.329698 -10609.372282  17466.977819    138.009203  4  3  3  86       
PG22  -5513.683847  20768.705060  16230.700711     46.201514  6  4     45       
PG23  16384.126301 -20749.142258   1030.595045    137.765230  5  4  3  56       
PG24  17819.016070   7003.112552  18165.711921   -416.054399  5  4  5  67       
PG25  19762.157392 -16243.921100   6254.442191    485.674247  5  3  2  79       
PG26  -3337.263269 -18590.570903 -18674.642751    199.187668  4  5  3  51       
PG28  -4726.144652 -25344.965126   6367.689302   -102.414838  7  7  3           
PG29  19771.317143  -6225.552260 -16711.274463   -608.523033  7  4  5  35       
PG30   -931.871510  23793.393265 -11360.306364   -443.959147  6  5  3  62       
PG31  -9894.040743 -24231.285302  -3152.346786   -227.377775  6  3  4  36       
PG32     63.067636 -15478.017629  21793.107481   -605.941341  6  5  2  64       
*  2024  1 18 12  0  0.00000000
PG01 -15282.209337   -575.594020  21420.914225    166.454586  5  6  6  76       
PG02 -18108.992459  -7122.631070  18689.218670   -499.080547  2  4  4  91       
PG03 -19118.569749   5815.120239  17296.456962    134.342198  4  4  5  63       
PG04 -26158.984741  -1019.807457  -4878.210844    269.164255  8  5  6  92       
PG05  14251.820671   5770.351295 -21842.390488   -158.416016  8  1  3  68       
PG06   5384.423246  25145.768994   6488.635522    440.438845  5  4  3  19       
PG07  -9385.585385  14287.634907 -19718.641246    -40.277786  6  2  3  67       
PG08 -25885.956662  -5591.791165  -4126.948640   -162.685308  8  5  4  80       
PG09 -19994.549522   8634.819002 -15327.775700     62.753598  6  4  3  76       
PG10   8654.891413 -22706.684065  10522.738745    -69.802032  4  3     42       
PG11  11914.575976  23232.826596  -4985.437247   -544.283816  6  3  4  75       
PG12  19689.351261  -4403.322497  16953.730091   -469.091081  5  1  1  64       
PG13  20046.521248  13648.107803 -11285.941914    617.034983  6  4  5  75       
PG14 -12054.083380  22553.833322   6833.458722    301.919545  7  2  2  31       
PG15  26123.119383   3186.361575  -4823.473998    118.475454  8  5  6  60       
PG16  -9060.324151 -12598.623834 -21845.797702   -381.658414  9  8  4  31       
PG17  -7380.654023  13804.784617  21903.675646    719.582437  5  4  4  63       
PG18   8330.682565 -15574.603803 -19761.118004   -534.982171  5  3  4  80       
PG19   3502.742977  15677.948715  21026.862949    428.227508  6  2     57       
PG20   5480.261960  18116.897410 -18641.915466    390.928159  7  4  3  90       
PG21 -18639.320614 -12254.470505  15608.887505    138.007917  5  3  3  73       
PG22  -6791.701722  21840.236430  14178.229864     46.195678  6  3     41       
PG23  16528.814174 -20572.616589  -1868.551372    137.771973  5  5  3  44       
PG24  18554.446266   8930.626024  16587.138198   -416.060758  5  4  4  51       
PG25  19416.850979 -15346.187504   8922.245254    485.675410  5  3  2  67       
PG26  -1996.101064 -20147.047415 -17145.985744    199.184442  4  5  3  54       
PG28  -4169.214928 -24617.941844   9038.362688   -102.425232  7  7  4  49       
PG29  21467.562641  -5655.499928 -14702.961497   -608.522522  8  4  5  45       
PG30  -1706.307775  22519.955561 -13639.372978   -443.954927  6  5  3  56       
PG31  -9664.256894 -24498.902832   -295.209648   -227.377969  6  4  4  64       
PG32   2490.648276 -15095.374298  21901.561970   -605.943883  5  5  2  71       
*  2024  1 18 12 15  0.00000000
PG01 -16208.024893  -2857.954205  20584.227747    166.455571  4  6  6  83       
PG02 -18950.163365  -8877.795614  17001.605330   -499.075594  2  4  4  86       
PG03 -17983.117998   4046.720732  18937.631581    134.365354  4  4  5  75       
PG04 -26520.601051  -1303.474979  -2059.413835    269.172967  9  5  6 102       
PG05  12912.802186   7844.223765 -22021.322544   -158.417030  8     3  77       
PG06   4875.693514  24396.727445   9217.378458    440.426736  5  3  3  66       
PG07 -10482.718186  12127.000913 -20614.982788    -40.286139  6  2  3  65       
PG08 -25260.168430  -5777.878292  -6855.865622   -162.686640  8  5  4  81       
PG09 -21591.510610   8317.397420 -13179.549404     62.764665  6  4  4  62       
PG10   9417.405477 -23430.727602   7871.433992    -69.803193  4  2     41       
PG11  11846.876403  23700.903831  -2160.860802   -544.296308  6  3  4  80       
PG12  18471.382294  -2702.244579  18582.087914   -469.094641  5  2  2  78       
PG13  18658.226866  13478.837819 -13644.919399    617.038328  6  3  5  86       
PG14 -12672.817942  22870.422162   4088.822296    301.928736  7  3  1  41       
PG15  25489.752040   3510.160624  -7496.761800    118.478784  8  5  6  76       
PG16  -7442.401585 -14378.971382 -21303.005199   -381.651389  9  8  4  44       
PG17  -9716.163452  13381.178238  21244.675310    719.581710  5  4  4  63       
PG18   9328.839176 -13469.805904 -20847.640609   -534.990378  5  3  4  70       
PG19   1077.234011  15204.147548  21594.336705    428.231962  6  2     71       
PG20   4451.493905  19896.131294 -17053.892450    390.926285  6  4  3  74       
PG21 -19298.327967 -13668.486729  13501.342704    138.006834  5  3  2  80       
PG22  -7853.043866  22797.608467  11891.138699     46.189841  6  3     65       
PG23  16496.878723 -20133.292156  -4735.157197    137.778734  6  5  3  34       
PG24  19285.010452  10644.312443  14719.242220   -416.067097  5  4  4  67       
PG25  18945.872104 -14188.747097  11432.024002    485.676582  4  3  3  79       
PG26   -827.285153 -21606.863336 -15321.302776    199.181237  4  5  3  58       
PG28  -3447.349011 -23656.366583  11553.366480   -102.435688  6  7  4  51       
PG29  22954.992388  -5222.308444 -12443.524722   -608.521956  8  4  4  47       
PG30  -2637.763481  21059.653831 -15678.977091   -443.950825  6  4  3  53       
PG31  -9321.398514 -24476.601121   2567.115224   -227.378390  6  3  4  68       
PG32   4928.570736 -14841.914504  21639.708065   -605.946470  4  5  2  53       
*  2024  1 18 12 30  0.00000000
PG01 -17206.977646  -4975.752529  19385.016559    166.456574  3  6  6  88       
PG02 -19777.126372 -10415.268939  15034.297525   -499.070638  2  5  4  86       
PG03 -16856.247485   2076.270105  20248.005258    134.388528  3  4  5  89       
PG04 -26577.366228  -1542.973350    794.545803    269.181685  9  5  7 102       
PG05  11687.661629   9987.421746 -21827.500690   -158.418482  8  1  2  79       
PG06   4189.525473  23409.423200  11786.982631    440.414644  5  2  3  64       
PG07 -11719.911989   9952.141799 -21138.159098    -40.294705  5  2  2  65       
PG08 -24345.892586  -5993.163556  -9469.967185   -162.688228  8  5  4  81       
PG09 -22948.121523   8087.659409 -10806.239912     62.775717  6  4  4  79       
PG10   9975.476200 -23933.585601   5082.994300    -69.804822  4  3  2  42       
PG11  11669.071215  23879.779822    700.808956   -544.308797  6  3  4  76       
PG12  17243.145206   -804.297192  19882.611946   -469.098270  5  2  2  86       
PG13  17015.488038  13339.619185 -15774.231656    617.041480  7  3  5  85       
PG14 -13098.901429  22955.677295   1273.053257    301.937865  6  3  2  72       
PG15  24584.784726   3891.311205 -10044.482641    118.482211  8  5  6  67       
PG16  -5966.644580 -16182.186675 -20401.690083   -381.644045  9  8  4  49       
PG17 -11979.309088  13096.003491  20234.624123    719.581173  5  4  5  73       
PG18  10484.499584 -11331.281605 -21573.643662   -534.998592  6  3  5  70       
PG19  -1416.635357  14853.324289  21784.819851    428.236661  6  1     77       
PG20   3590.527165  21543.139098 -15173.047555    390.924555  6  4  4  76       
PG21 -19901.681908 -14839.772414  11178.155887    138.005447  6  3  1  75       
PG22  -8702.020965  23599.812968   9406.726843     46.183793  5  3  1  66       
PG23  16324.274698 -19416.083603  -7519.301270    137.785529  7  5  3  51       
PG24  19973.707504  12125.756024  12596.068881   -416.073442  5  4  3  68       
PG25  18388.781165 -12772.593145  13738.833681    485.677741  4  3  3  26       
PG26    169.580173 -22927.156119 -13231.195133    199.177991  4  4  4  56       
PG28  -2541.363172 -22495.527005  13869.337490   -102.446076  6  7  4  72       
PG29  24198.178175  -4901.747415  -9971.559565   -608.521587  9  3  4  68       
PG30  -3735.776096  19453.317504 -17443.443754   -443.946645  6  4  2  82       
PG31  -8832.619791 -24180.677894   5384.003490   -227.378342  6  2  4  81       
PG32   7328.850122 -14718.566909  21011.279986   -605.948971  4  4  2  59       
*  2024  1 18 12 45  0.00000000
PG01 -18243.129988  -6893.888328  17845.876113    166.457538  3  6  6  94       
PG02 -20549.329138 -11720.390055  12818.975570   -499.065747  3  5  3  71       
PG03 -15777.449341    -66.522760  21204.719150    134.411626  2  4  4  85       
PG04 -26325.279475  -1775.577723   3634.944420    269.190363  9  5  7  80       
PG05  10597.961054  12156.305190 -21263.878090   -158.419363  9  2  1  81       
PG06   3306.090762  22221.792683  14153.326782    440.402560  4  2  3  74       
PG07 -13079.403180   7810.867377 -21279.786683    -40.302982  4  2  2  49       
PG08 -23160.494688  -6271.713843 -11925.429501   -162.689926  8  5  5  49       
PG09 -24037.261871   7915.085249  -8248.268046     62.786864  6  4  5  50       
PG10  10352.474966 -24181.975618   2205.723684    -69.806383  4  3  2  55       
PG11  11346.458791  23784.034446   3550.457286   -544.321267  6  3  4  77       
PG12  16044.861501   1263.884674  20831.997126   -469.101315  5  3  2  88       
PG13  15145.275508  13264.024096 -17638.215795    617.044883  7  3  5  75       
PG14 -13358.685142  22784.704863  -1564.870225    301.947035  6  3  2  83       
PG15  23430.888638   4359.567128 -12424.716969    118.485816  8  5  6  67       
PG16  -4651.218789 -17964.455014 -19155.384996   -381.637044  8  8  5  86       
PG17 -14124.638711  12940.092877  18889.966761    719.580195  5  5  4  70       
PG18  11784.167430  -9206.951789 -21927.099598   -535.006774  7  3  5  62       
PG19  -3929.137054  14635.020580  21593.821396    428.241594  6  2  1  70       
PG20   2888.398738  23015.768253 -13032.056042    390.922582  6  3  5  64       
PG21 -20409.967504 -15764.387358   8676.328925    138.004372  6  4     80       
PG22  -9350.596508  24208.498012   6765.695058     46.177903  5  2  1  55       
PG23  16050.278621 -18414.572231 -10172.526076    137.792270  7  6  3  53       
PG24  20582.377191  13364.849199  10255.708613   -416.079820  5  5  3  77       
PG25  17785.801394 -11107.684239  15801.252441    485.678953  4  3  4  61       
PG26   1002.492539 -24067.308562 -10911.115354    199.174777  4  4  4  76       
PG28  -1439.407931 -21175.346167  15946.325895   -102.456425  6  6  4  74       
PG29  25168.324067  -4663.912990  -7329.268389   -608.521025  9  3  3  49       
PG30  -5002.163605  17744.550198 -18902.061896   -443.942419  5  3  2  75       
PG31  -8169.803839 -23635.328495   8105.444152   -227.378443  6  1  4  71       
PG32   9644.189488 -14718.292694  20026.150575   -605.951456  4  4  3  55       
*  2024  1 18 13  0  0.00000000
PG01 -19276.213540  -8585.259492  15995.246213    166.458526  3  5  6  78       
PG02 -21225.169816 -12786.467699  10391.453372   -499.060646  4  5  3  76       
PG03 -14781.274336  -2344.816684  21791.189309    134.434761  1  4  3  79       
PG04 -25769.130921  -2038.596896   6413.298906    269.199092  9  5  7  73       
PG05   9657.614892  14304.456542 -20339.587243   -158.420998  9  3     53       
PG06   2213.380420  20876.429754  16275.906235    440.390500  4  2  3  98       
PG07 -14536.011798   5747.597766 -21038.719851    -40.311498  3  3  1  56       
PG08 -21728.796101  -6643.984661 -14180.973545   -162.690434  8  5  5  69       
PG09 -24839.425812   7765.347109  -5549.245314     62.797919  6  4  5  61       
PG10  10578.079407 -24149.530411   -710.195722    -69.807246  4  3  3  68       
PG11  10848.620129  23436.046524   6339.204141   -544.333802  6  3  4  83       
PG12  14912.539658   3468.315928  21413.263197   -469.104403  6  3  2  84       
PG13  13081.366260  13280.745726 -19205.603453    617.048304  8  4  5  86       
PG14 -13483.541777  22339.849706  -4375.544963    301.956191  6  3  2           
PG15  22057.064474   4940.231052 -14598.601473    118.489268  8  5  6  67       
PG16  -3506.571276 -19679.954017 -17583.519380   -381.629917  8  7  6  81       
PG17 -16109.631900  12896.774801  17232.501907    719.579124  5  5  5  75       
PG18  13206.416455  -7142.161232 -21902.459272   -535.014957  7  4  5  73       
PG19  -6409.336825  14550.511992  21023.637207    428.246530  6  1  2  84       
PG20   2328.779038  24275.823699 -10667.937345    390.921776  6  3  5  82       
PG21 -20784.469059 -16446.090511   6035.601816    138.003183  6  4     84       
PG22  -9817.810138  24589.434384   4011.579979     46.172392  4  3  2  83       
PG23  15715.803191 -17131.403462 -12648.710393    137.799041  8  6  3  75       
PG24  21073.242986  14359.885576   7739.540741   -416.086150  6  5  3  56       
PG25  17176.111940  -9212.777898  17582.217203    485.680136  3  3  4  63       
PG26   1686.584305 -24990.508017  -8400.795874    199.171543  5  4  4  60       
PG28   -137.632004 -19738.859591  17748.488865   -102.466721  5  6  5  67       
PG29  25844.288556  -4474.551458  -4561.757053   -608.520836  9  3  2  69       
PG30  -6430.769493  15978.080758 -20029.636055   -443.938145  5  2  2  48       
PG31  -7310.920955 -22871.644268  10683.009592   -227.378796  6  1  4  76       
PG32  11829.586598 -14826.367281  18700.224475   -605.953971  3  4  4  48       
*  2024  1 18 13 15  0.00000000
PG01 -20263.255293 -10031.547667  13866.786063    166.459479  3  5  6  54       
PG02 -21763.565134 -13614.902075   7791.211967   -499.055486  4  5  2  70       
PG03 -13896.007162  -4715.891369  21997.399705    134.457895     5  3  99       
PG04 -24922.338617  -2367.749678   9082.174749    269.207846  9  5  7  41       
PG05   8872.463089  16384.276936 -19069.820803   -158.422152  8  3     62       
PG06    907.848996  19418.941752  18118.514306    440.378414  3  2  2  78       
PG07 -16058.100240   3801.748808 -20420.971054    -40.320007  3  2  1  38       
PG08 -20082.242676  -7135.506378 -16198.510188   -162.692301  7  4  5  44       
PG09 -25343.384473   7601.794755  -2755.250778     62.808904  6  4  5  38       
PG10  10686.937069 -23817.955856  -3613.612612    -69.807849  4  3  4  61       
PG11  10150.771090  22865.048386   9019.235351   -544.346330  6  3  4  70       
PG12  13876.575390   5768.806869  21616.092206   -469.108468  6  3  3  77       
PG13  10863.232885  13412.417931 -20450.004587    617.051728  8  4  5  73       
PG14 -13508.455283  21611.497893  -7110.033249    301.965389  6  3  3  82       
PG15  20497.591476   5653.080989 -16530.858676    118.492701  8  5  6  65       
PG16  -2535.125482 -21282.476704 -15711.221900   -381.622942  8  7  6  92       
PG17 -17896.107418  12942.557141  15289.094101    719.577846  6  4  5  76       
PG18  14722.619041  -5178.089971 -21500.710301   -535.023106  7  4  5  76       
PG19  -8806.904301  14592.742431  20083.381878    428.251119  6  2  2  75       
PG20   1888.804845  25290.444284  -8121.406778    390.919788  6  3  5  67       
PG21 -20988.606959 -16896.082997   3297.975025    138.002054  6  5     76       
PG22 -10128.939765  24713.863744   1190.132495     46.166586  4  3  2  83       
PG23  15361.658643 -15578.333069 -14904.895544    137.805845  8  6  4  42       
PG24  21410.422868  15117.332936   5091.452609   -416.092505  6  5  3  50       
PG25  16596.188160  -7114.901137  19049.773789    485.681312  3  2  5  65       
PG26   2243.363494 -25665.185275  -5743.581574    199.168275  4  3  4  79       
PG28   1359.465069 -18230.583938  19244.713631   -102.477092  5  6  5  67       
PG29  26213.328247  -4296.553988  -1716.283104   -608.520283  8  3  2  75       
PG30  -8007.535288  14198.087335 -20806.925131   -443.933921  5  2  2  59       
PG31  -6241.145473 -21926.333235  13070.803048   -227.379042  6     4  60       
PG32  13843.870313 -15020.965943  17055.235395   -605.956455  3  4  4  44       
*  2024  1 18 13 30  0.00000000
PG01 -21160.298368 -11223.644203  11498.671443    166.460386  4  5  5  63       
PG02 -22125.532067 -14215.022492   5060.870789   -499.050387  4  5  1  55       
PG03 -13142.606119  -7132.635564  21820.068581    134.480987  2  5  3  72       
PG04 -23806.470816  -2795.603286  11595.977197    269.216537  8  5  6  48       
PG05   8240.155119  18348.641651 -17475.618240   -158.423648  8  4  2  68       
PG06   -605.272622  17896.209230  19649.842485    440.366351  3  2  1  74       
PG07 -17608.804017   2006.359580 -19439.467724    -40.328372  2  2  1  61       
PG08 -18257.840399  -7765.751625 -17943.746311   -162.693599  7  4  5  66       
PG09 -25546.545779   7387.039894     85.937481     62.819937  6  5  5  48       
PG10  10717.119894 -23177.885414  -6453.354401    -69.808528  4  4  4  77       
PG11   9234.901977  22105.930354  11544.614136   -544.358828  6  4  4  83       
PG12  12960.593943   8120.367994  21437.028085   -469.111723  6  3  3  79       
PG13   8534.731443  13674.668089 -21350.322039    617.054803  8  4  5  68       
PG14 -13470.473807  20598.571799  -9720.745503    301.974580  6  3  3  81       
PG15  18790.813707   6511.511480 -18190.264295    118.496144  7  5  5  79       
PG16  -1731.282098 -22727.109483 -13569.020873   -381.615785  7  7  6  91       
PG17 -19451.490905  13048.067387  13091.319261    719.576654  6  4  5  77       
PG18  16297.960678  -3350.341510 -20729.321341   -535.031271  8  4  5  50       
PG19 -11073.917099  14746.609960  18788.883287    428.255917  6  2  2  69       
PG20   1540.162001  26033.282028  -5436.173147    390.919017  5  3  5  55       
PG21 -20989.325209 -17132.508538    507.202336    138.001421  6  5  1  54       
PG22 -10314.426422  24559.678807  -1651.357768     46.160622  3  3  2  69       
PG23  15026.831903 -13775.920563 -16902.048710    137.812604  8  6  4  40       
PG24  21561.351259  15651.306149   2357.051575   -416.098870  6  5  3  65       
PG25  16078.262561  -4848.477613  20177.719970    485.682462  3  3  5  60       
PG26   2699.689465 -26066.272396  -2985.676122    199.165006  4  3  3  85       
PG28   3039.006482 -16694.840473  20409.158919   -102.487524  4  6  5  69       
PG29  26271.534921  -4091.565716   1158.533077   -608.520032  8  4  2  90       
PG30  -9710.896395  12446.563260 -21220.960506   -443.929708  4  1  2  71       
PG31  -4953.680105 -20840.216668  15226.358656   -227.379364  5  1  4  73       
PG32  15651.109450 -15274.035525  15118.446258   -605.958921  3  5  5  61       
*  2024  1 18 13 45  0.00000000
PG01 -21924.146052 -12161.710436   8932.834341    166.461292  4  6  5  90       
PG02 -22275.729476 -14603.640378   2245.596311   -499.045364  4  5     71       
PG03 -12533.950153  -9545.209910  21262.685803    134.504083  2  5  3  92       
PG04 -22450.471194  -3350.133207  13911.713511    269.225215  8  5  6  74       
PG05   7750.351112  20152.555037 -15583.558844   -158.424911  8  4  2  55       
PG06  -2312.006151  16354.617056  20843.990746    440.354318  3  2     78       
PG07 -19147.473900    387.016201 -18113.661251    -40.337014  3  3  2  76       
PG08 -16296.893629  -8547.225516 -19386.744799   -162.695327  6  3  4  77       
PG09 -25454.996920   7084.578749   2925.644693     62.830937  7  5  5  33       
PG10  10708.432141 -22229.390414  -9179.192990    -69.809961  3  4  5  88       
PG11   8090.660472  21197.841472  13872.059628   -544.371319  6  4  3  77       
PG12  12180.583602  10474.815476  20879.533311   -469.114930  5  4  3  65       
PG13   6142.633510  14075.437044 -21891.092394    617.058167  8  4  5  76       
PG14 -13407.088975  19308.697203 -12162.296906    301.983744  5  2  3  84       
PG15  16977.806625   7521.914313 -19550.052933    118.499502  7  5  5  76       
PG16  -1081.734303 -23971.903512 -11192.438628   -381.608750  7  6  6  85       
PG17 -20749.899098  13179.220488  10675.043418    719.576123  6  5  4  71       
PG18  17892.699307  -1687.760148 -19602.075954   -535.039490  8  4  6  70       
PG19 -13166.583927  14989.596618  17162.437537    428.260679  5  2  2  88       
PG20   1250.374453  26485.441427  -2658.194365    390.917119  5  2  5  68       
PG21 -20758.387949 -17179.722208  -2291.749013    138.000092  5  5  2  61       
PG22 -10408.594737  24112.389267  -4464.787798     46.154854  3  4  2  73       
PG23  14746.853249 -11752.882728 -18605.748502    137.819420  8  6  4  67       
PG24  21498.061507  15982.770010   -417.115513   -416.105237  6  6  3  91       
PG25  15648.974716  -2454.147460  20946.123409    485.683653  2  3  5  74       
PG26   3086.522068 -26176.224616   -175.315272    199.161743  5  2  3  59       
PG28   4880.040012 -15174.098277  21221.705141   -102.498032  4  6  5  67       
PG29  26023.949022  -3821.647912   4013.522148   -608.519822  7  4  2  90       
PG30 -11512.483188  10761.790786 -21265.239246   -443.925404  4     2  70       
PG31  -3450.249794 -19656.566101  17111.470281   -227.379119  5  1  4  67       
PG32  17221.840208 -15552.423578  12922.252317   -605.961391  3  5  5  44       
*  2024  1 18 14  0  0.00000000
PG01 -22514.059836 -12854.881062   6214.164667    166.462202  5  6  5  37       
PG02 -22183.904843 -14804.326245   -607.550991   -499.040098  4  5     80       
PG03 -12074.422020 -11902.817254  20335.422029    134.527179  2  5  3  83       
PG04 -20889.615664  -4053.459561  15989.714638    269.233988  7  5  5  80       
PG05   7385.235075  21754.744188 -13425.362617   -158.425636  7  4  3  70       
PG06  -4189.993872  14838.324772  21680.881311    440.342274  3  2     80       
PG07 -20631.261243  -1038.890382 -16469.008147    -40.345382  4  3  2  83       
PG08 -14243.588528  -9484.813447 -20502.430942   -162.697707  6  4  3  80       
PG09 -25083.226435   6660.390435   5715.122968     62.841974  7  5  5  52       
PG10  10700.642318 -20982.119788 -11742.805611    -69.811568  4  5  5  90       
PG11   6715.943703  20182.640379  15961.679779   -544.383894  5  4  3  77       
PG12  11544.356259  12782.509685  19953.901925   -469.118588  5  4  3  85       
PG13   3735.053376  14614.591323 -22062.748855    617.061548  7  4  5  54       
PG14 -13354.607793  17758.035499 -14392.320533    301.992888  5  2  3  75       
PG15  15100.969235   8683.315857 -20588.263061    118.502982  7  6  4  57       
PG16   -566.094136 -24979.474883  -8621.477997   -381.601773  6  6  6  87       
PG17 -21773.001526  13298.577778   8079.934419    719.575387  7  5  4  38       
PG18  19463.619621   -211.520110 -18138.801404   -535.047673  8  5  5  48       
PG19 -15046.813721  15292.719231  15232.426150    428.265169  5  2  2  73       
PG20    984.249029  26636.145230    165.096656    390.916139  5  3  5  65       
PG21 -20273.543817 -17067.344519  -5053.273829    137.999099  5  4  2  59       
PG22 -10448.210494  23365.832292  -7202.010203     46.149128  3  4  3  64       
PG23  14552.316024  -9545.134080 -19986.780113    137.826176  8  6  5  81       
PG24  21198.285910  16138.510174  -3184.323243   -416.111606  6  6  4  83       
PG25  15328.269727     22.669515  21341.700657    485.684831  2  3  5  70       
PG26   3437.493845 -25985.760240   2638.116650    199.158490  5  2  3  79       
PG28   6854.157514 -13707.401367  21668.305338   -102.508394  4  5  5  83       
PG29  25484.344610  -3450.929742   6799.792133   -608.519390  7  4  2  80       
PG30 -13378.096738   9176.983131 -20939.791440   -443.921192  4     2  65       
PG31  -1741.242356 -18419.352984  18692.927564   -227.379348  5  2  4  64       
PG32  18534.063511 -15819.225802  10503.689059   -605.963855  4  5  5  59       
*  2024  1 18 14 15  0.00000000
PG01 -22893.347096 -13320.632928   3389.692252    166.463126  5  6  5  77       
PG02 -21826.191589 -14846.428784  -3450.328625   -499.035151  3  5     88       
PG03 -11759.842101 -14155.509332  19054.913454    134.550256  3  5  3  86       
PG04 -19164.239316  -4920.808581  17794.305099    269.242709  5  5  5  94       
PG05   7120.323671  23119.131769 -11037.401951   -158.427175  7  4  3  68       
PG06  -6209.190021  13387.641701  22146.571051    440.330257  3  3     79       
PG07 -22016.774732  -2262.552328 -14536.346181    -40.353818  4  4  2  74       
PG08 -12143.470051 -10575.413264 -21271.037456   -162.699977  5  4  3  83       
PG09 -24453.535028   6084.449090   8406.382818     62.853012  6  5  5  73       
PG10  10731.714347 -19455.059131 -14098.707106    -69.812985  4  5  5  42       
PG11   5117.176320  19103.255766  17777.646808   -544.396384  5  5  3  71       
PG12  11051.356092  14994.153461  18677.032512   -469.121963  5  4  3  70       
PG13   1359.825104  15283.843158 -21861.801989    617.064949  7  3  5  88       
PG14 -13346.583497  15970.787979 -16372.220694    302.002093  5  1  3  78       
PG15  13202.588093   9987.280173 -21288.022228    118.506631  7  6  3  78       
PG16   -157.814092 -25718.468312  -5900.002190   -381.594679  6  6  6  90       
PG17 -22510.626421  13366.853292   5348.906949    719.574206  7  5  4  39       
PG18  20965.625574   1065.481759 -16364.999248   -535.055843  7  5  5  61       
PG19 -16683.563389  15621.763333  13032.801622    428.269846  5  2  2  90       
PG20    705.420196  26483.103528   2985.583632    390.914533  4  2  5  64       
PG21 -19519.518385 -16829.124188  -7731.742120    137.997873  5  4  2  67       
PG22 -10470.924624  22322.593474  -9815.637330     46.142975  3  4  3  82       
PG23  14467.608079  -7194.553630 -21021.629787    137.833019  7  6  5  77       
PG24  20646.338798  16149.916452  -5898.399391   -416.117933  6  6  4  67       
PG25  15128.592913   2533.404570  21358.048210    485.686014  3  3  5  85       
PG26   3787.363759 -25494.283672   5405.008158    199.155256  5  2  3  69       
PG28   8926.409000 -12328.940617  21741.230637   -102.518806  4  5  5  96       
PG29  24674.693006  -2947.186193   9469.554222   -608.518884  6  5  2  75       
PG30 -15268.917559   7719.147171 -20251.123873   -443.916916  4     2  73       
PG31    154.510320 -17171.487130  19943.140772   -227.379610  5  3  3  60       
PG32  19573.970981 -16035.303288   7903.848654   -605.966289  5  5  5  57       
*  2024  1 18 14 30  0.00000000
PG01 -23030.781148 -13583.853345    507.765442    166.464035  5  6  4  70       
PG02 -21186.204623 -14763.864262  -6234.077944   -499.030118  3  5     42       
PG03 -11577.752696 -16255.957908  17443.928671    134.573343  3  4  4  71       
PG04 -17318.280621  -5959.739669  19294.410467    269.251426  5  5  4  85       
PG05   6925.542894  24216.131649  -8460.128507   -158.428483  6  3  4  61       
PG06  -8332.848021  12037.567513  22233.459543    440.318197  2  3  1  62       
PG07 -23261.737275  -3283.775363 -12351.189620    -40.362239  5  4  2  77       
PG08 -10041.865489 -11807.869414 -21678.479948   -162.701627  5  4  4  52       
PG09 -23595.156114   5332.090376  10953.018726     62.864104  5  5  5  77       
PG10  10836.114259 -17675.916025 -16205.130109    -69.813690  4  5  5  87       
PG11   3309.263329  18002.019119  19288.804355   -544.408870  5  5  4  88       
PG12  10692.821571  17062.574843  17072.068724   -469.125361  4  4  3  65       
PG13   -937.113624  16066.983613 -21290.934413    617.068205  6  2  5  94       
PG14 -13412.368894  13978.392652 -18067.851854    302.011303  4  1  3  82       
PG15  11323.419450  11418.079430 -21637.773089    118.510179  7  6  3  70       
PG16    174.625050 -26164.821127  -3075.012935   -381.587633  5  5  6  83       
PG17 -22961.084445  13344.517247   2527.502107    719.573290  7  5  4  51       
PG18  22353.409830   2138.909836 -14311.385829   -535.064020  7  6  5  73       
PG19 -18053.905855  15938.748850  10602.451828    428.274715  5  2  1  79       
PG20    377.935826  26032.573982   5755.264003    390.913576  4  3  4  42       
PG21 -18488.797018 -16501.639517 -10282.150445    137.997145  5  4  2  30       
PG22 -10513.659743  20994.112924 -12259.869235     46.137377  3  4  2  77       
PG23  14509.904325  -4747.527896 -21692.870858    137.839836  7  6  5  68       
PG24  19833.757097  16051.626864  -8514.420284   -416.124374  6  6  5  76       
PG25  15054.414059   5028.093433  20995.721741    485.687169  3  3  4  76       
PG26   4170.417334 -24709.970106   8076.458869    199.151981  5  1  3  70       
PG28  11056.476730 -11066.825656  21439.205841   -102.529202  3  5  6  80       
PG29  23624.324422  -2283.281139  11976.934782   -608.518297  5  5  2  79       
PG30 -17142.896922   6408.208947 -19212.045059   -443.912674  4  1  2  84       
PG31   2210.300145 -15953.120100  20840.639985   -227.379485  5  3  3  77       
PG32  20336.367524 -16160.913007   5167.211053   -605.968763  5  6  6  74       
*  2024  1 18 14 45  0.00000000
PG01 -22901.805183 -13675.651543  -2382.759578    166.464918  5  6  4  70       
PG02 -20255.885941 -14593.714261  -8910.536007   -499.025377  3  5     68       
PG03 -11508.038229 -18161.120764  15530.926604    134.596446  3  4  3  72       
PG04 -15397.696953  -7169.668812  20464.092532    269.260248  4  5  4  90       
PG05   6766.534279  25023.716403  -5737.421451   -158.430077  5  3  4  46       
PG06 -10518.765190  10816.552044  21940.391421    440.306178  3  4  2  74       
PG07 -24326.575586  -4110.664426  -9952.967537    -40.370851  5  5  3  63       
PG08  -7982.310527 -13163.216707 -21716.654499   -162.702721  4  4  4  74       
PG09 -22543.118462   4385.177959  13311.014507     62.875075  5  5  4  70       
PG10  11043.265990 -15680.155642 -18024.830757    -69.814750  5  5  5  89       
PG11   1315.218719  16919.033422  20469.196585   -544.421377  5  5  4  90       
PG12  10452.290322  18944.420551  15167.918578   -469.128921  4  4  3  79       
PG13  -3113.273461  16940.423527 -20359.005707    617.071584  5  2  4  86       
PG14 -13575.850258  11818.446512 -19450.110505    302.020485  4  1  3  71       
PG15   9501.334797  12953.125593 -21631.440209    118.513655  6  6  2  60       
PG16    466.302024 -26302.769483   -195.835910   -381.580399  5  5  6  76       
PG17 -23131.192689  13193.441306   -336.795565    719.572514  7  4  3  66       
PG18  23583.136699   3012.942578 -12013.351797   -535.072249  6  6  5  94       
PG19 -19143.772373  16203.565270   7984.457834    428.279288  5  2  2  87       
PG20    -32.175951  25299.112322   8427.039750    390.911757  3  3  4  64       
PG21 -17182.163870 -16122.875062 -12660.809837    137.995991  4  4  3  68       
PG22 -10611.000567  19400.461906 -14491.331499     46.131729  3  5  2  84       
PG23  14688.458690  -2253.328551 -21989.436216    137.846654  7  6  5  75       
PG24  18759.681867  15880.083155 -10989.364587   -416.130740  6  6  5  77       
PG25  15102.098781   7457.176291  20262.164826    485.688328  3  3  4  77       
PG26   4618.881514 -23649.505221  10605.212267    199.148710  5  2  3  76       
PG28  13200.064597  -9942.104139  20767.432704   -102.539717  3  5  6  72       
PG29  22368.818348  -1438.419201  14278.760257   -608.517703  4  5  2  92       
PG30 -18956.273864   5256.432566 -17841.379088   -443.908466  4  1  2  71       
PG31   4392.433479 -14800.085779  21370.438598   -227.379818  5  4  3  62       
PG32  20824.769512 -16157.388899   2340.898302   -605.971244  6  6  6  74       
*  2024  1 18 15  0  0.00000000
PG01 -22489.481476 -13631.964130  -5233.306947    166.465920  5  5  4  66       
PG02 -19036.058579 -14374.679329 -11432.682446   -499.020330  3  5     68       
PG03 -11523.853308 -19833.738068  13349.516539    134.619559  3  3  3  71       
PG04 -13448.810526  -8541.708275  21283.003006    269.269004  4  6  3  87       
PG05   6606.142794  25528.213270  -2915.865116   -158.431395  5  3  3  55       
PG06 -12720.737404   9745.519445  21272.653225    440.294136  3  4  3  75       
PG07 -25175.881737  -4758.990982  -7384.227876    -40.379164  4  5  2  73       
PG08  -6005.035207 -14615.230545 -21383.648979   -162.705166  4  5  5  74       
PG09 -21336.893533   3233.022794  15439.514120     62.886052  5  5  5  75       
PG10  11376.223410 -13509.726671 -19525.799648    -69.815420  5  5  5  98       
PG11   -834.516876  15890.640027  21298.510738   -544.433875  5  5  5  84       
PG12  10306.421452  20601.691552  12998.666767   -469.132521  3  4  4  89       
PG13  -5131.044989  17874.026256 -19080.964293    617.075095  4  2  4  97       
PG14 -13854.411902   9533.397054 -20495.429668    302.029633  3  2  3  72       
PG15   7770.073222  14563.650100 -21268.536790    118.516922  6  6  2  70       
PG16    754.272289 -26125.547123   2686.773118   -381.573540  5  4  6  71       
PG17 -23035.990495  12878.526127  -3195.298948    719.571419  6  4  3  68       
PG18  24614.075239   3699.899249  -9510.350582   -535.080456  6  6  4  83       
PG19 -19948.337516  16375.705822   5225.263153    428.284131  5  2  2  75       
PG20   -555.417726  24305.023467  10955.490558    390.910427  3  4  4  77       
PG21 -15608.967372 -15730.716930 -14826.065936    137.995002  4  4  3  81       
PG22 -10793.652657  17569.787572 -16469.906113     46.125699  4  5  2  65       
PG23  15004.221198    237.611139 -21906.774593    137.853463  6  7  5  91       
PG24  17430.973080  15672.049130 -13282.722028   -416.137069  6  6  5  79       
PG25  15260.128192   9773.267546  19171.493289    485.689454  4  4  3  85       
PG26   5161.422686 -22337.488628  12946.560128    199.145466  5  2  3  69       
PG28  15310.449634  -8968.066059  19737.500393   -102.550097  3  5  5  75       
PG29  20948.663890   -399.156914  16335.301723   -608.517309  3  5  2  92       
PG30 -20665.157112   4268.150594 -16163.577694   -443.904242  4  2  2  59       
PG31   6661.404038 -13742.542954  21524.255775   -227.379928  5  4  3  76       
PG32  21051.169958 -15988.807033   -526.136762   -605.973717  6  6  6  54       
*  2024  1 18 15 15  0.00000000
PG01 -21785.157771 -13492.010348  -7996.337241    166.466840  5  5  3  81       
PG02 -17536.656067 -14145.444595 -13755.606987   -499.014826  3  4     71       
PG03 -11592.818574 -21243.602383  10937.832900    134.642651  3  2  3  68       
PG04 -11516.646735 -10058.830775  21736.747651    269.277708  4  6  3  82       
PG05   6406.030450  25724.794572    -43.966142   -158.432629  5  4  3  61       
PG06 -14890.168816   8837.191510  20241.866354    440.282064  3  4  3  82       
PG07 -25779.694715  -5251.279830  -4689.827747    -40.387573  4  5  3  73       
PG08  -4145.566632 -16131.269341 -20683.860008   -162.707035  4  5  5  71       
PG09 -20018.878857   1873.017158  17301.543731     62.897056  4  5  5  84       
PG10  11850.615880 -11211.531708 -20681.860751    -69.817042  5  5  4 101       
PG11  -3103.044503  14948.042151  21762.425900   -544.446332  5  5  5  96       
PG12  10226.096657  22003.060209  10602.896551   -469.135971  3  4  4  76       
PG13  -6958.956875  18832.205597 -17477.663659    617.078178  4  3  3  94       
PG14 -14258.171665   7169.055722 -21186.168130    302.038821  3  2  3  93       
PG15   6158.141156  16215.611194 -20554.209570    118.520660  6  6  3  85       
PG16   1075.878577 -25635.738512   5521.583646   -381.566755  4  4  6  72       
PG17 -22698.149792  12369.249702  -5998.909965    719.570252  5  4  3  56       
PG18  25410.121691   4219.557333  -6845.226384   -535.088644  5  6  4  81       
PG19 -20472.031573  16416.025640   2373.775349    428.288740  6  2  2  57       
PG20  -1217.467357  23079.534275  13297.618421    390.908986  4  4  4  80       
PG21 -13787.088939 -15361.416318 -16739.043592    137.994171  4  4  3  60       
PG22 -11087.034570  15537.436867 -18159.536272     46.119907  4  4  2  78       
PG23  15449.792720   2675.453793 -21446.890491    137.860304  5  7  4  85       
PG24  15862.058417  15463.142419 -15357.054876   -416.143426  6  6  5  78       
PG25  15509.652155  11932.821548  17744.145635    485.690614  4  4  2  88       
PG26   5821.793035 -20805.525101  15059.196247    199.142213  5  2  3  76       
PG28  17340.136079  -8149.859661  18367.184667   -102.560510  4  5  6  54       
PG29  19407.740268    839.867528  18110.966207   -608.516701  3  5  1  88       
PG30 -22227.109963   3439.811271 -14208.241514   -443.900013  4  2  2  34       
PG31   8973.295697 -12803.874282  21300.597122   -227.380118  5  5  2  65       
PG32  21035.475391 -15623.567135  -3383.973670   -605.976198  6  6  6  42       
*  2024  1 18 15 30  0.00000000
PG01 -20788.833432 -13296.655676 -10626.064113    166.467755  5  4  4  62       
PG02 -15776.605676 -13943.020368 -15837.379992   -499.009874  3  4     75       
PG03 -11678.434151 -22368.555420   8337.838656    134.665776  4  2  3  73       
PG04  -9643.327626 -11696.354226  21817.153751    269.286443  4  6  4  79       
PG05   6128.353506  25617.639766   2828.677842   -158.434098  5  5  3  68       
PG06 -16977.776458   8095.733781  18865.778939    440.269988  3  5  3  94       
PG07 -26114.560168  -5615.661794  -1916.127619    -40.396010  3  4  3  63       
PG08  -2433.502673 -17673.383516 -19628.008115   -162.708333  4  6  6  89       
PG09 -18632.775667    310.956196  18864.671364     62.908021  4  5  5  76       
PG10  12473.911999  -8835.707569 -21473.144617    -69.818124  6  5  4  92       
PG11  -5448.225436  14116.137566  21852.862169   -544.458834  5  6  5  99       
PG12  10177.750342  23124.919091   8022.939336   -469.139687  2  4  4  89       
PG13  -8572.712469  19775.252202 -15575.581239    617.081360  4  4  2  95       
PG14 -14789.516137   4772.992512 -21510.889040    302.048035  3  3  3  78       
PG15   4687.896416  17870.801897 -19499.219232    118.523927  6  6  3  95       
PG16   1467.026320 -24845.262468   8257.885465   -381.559350  4  3  6  81       
PG17 -22147.093696  11641.074692  -8698.952239    719.569567  4  3  4  59       
PG18  25941.154966   4598.188658  -4063.492657   -535.096824  4  6  4  68       
PG19 -20728.182237  16288.448221   -519.577137    428.293314  6  2  3  66       
PG20  -2038.006880  21657.718921  15413.553245    390.907756  4  4  4  80       
PG21 -11742.599748 -15048.076424 -18364.404364    137.993154  4  4  3  82       
PG22 -11510.066199  13344.784744 -19528.983956     46.114152  4  4  2  77       
PG23  16009.716402   5012.681681 -20618.269747    137.867111  5  7  4  87       
PG24  14074.524731  15286.428273 -17178.510798   -416.149795  5  5  6  70       
PG25  15825.346798  13897.627186  16006.413555    485.691828  5  4  2  91       
PG26   6617.683927 -19091.041796  16905.998563    199.138986  5  3  4  72       
PG28  19242.548406  -7484.433298  16680.139210   -102.570930  4  5  5  54       
PG29  17791.674908   2275.516219  19574.922413   -608.516527  4  5  1  96       
PG30 -23602.677314   2760.335419 -12009.562516   -443.895784  4  2  3  32       
PG31  11281.353950 -11999.883282  20704.697132   -227.380484  5  5  2  67       
PG32  20804.632879 -15035.824452  -6182.623225   -605.978603  6  7  5  63       
*  2024  1 18 15 45  0.00000000
PG01 -19509.218477 -13086.743095 -13079.125878    166.468667  5  4  4  83       
PG02 -13783.357071 -13801.125501 -17639.905342   -499.004994  3  4  2  69       
PG03 -11741.652773 -23195.176140   5594.571972    134.688912  4  3  4  62       
PG04  -7866.581569 -13422.730976  21522.435104    269.295221  4  6  4  81       
PG05   5737.437217  25219.758787   5652.243997   -158.435621  5  5  3  56       
PG06 -18935.326401   7516.736045  17167.960699    440.257914  3  5  3  93       
PG07 -26164.337306  -5884.544602    889.796047    -40.404168  3  4  3  82       
PG08   -891.506316 -19199.654549 -18233.044723   -162.710767  5  6  6  83       
PG09 -17221.923618  -1438.968266  20101.591242     62.919011  4  6  5  93       
PG10  13245.031432  -6433.788991 -21886.426384    -69.819170  6  6  4 100       
PG11  -7824.104668  13412.605152  21568.125856   -544.471309  5  6  5  96       
PG12  10124.870562  23952.124077   5304.070841   -469.143121  2  4  4  67       
PG13  -9955.963570  20660.842482 -13406.439529    617.084765  3  5  2  85       
PG14 -15442.952050   2392.874907 -21464.524989    302.057208  4  4  3  73       
PG15   3374.848838  19488.125252 -18119.852822    118.527586  6  6  3  66       
PG16   1960.499718 -23774.978875  10846.498190   -381.552568  3  3  5  72       
PG17 -21417.849127  10676.655242 -11248.032197    719.568857  4  3  4  60       
PG18  26184.175388   4867.352273  -1212.572442   -535.105164  3  5  4  90       
PG19 -20738.303956  15961.547263  -3403.809201    428.298019  6  1  4  43       
PG20  -3029.779798  20079.216627  17267.209569    390.906152  5  4  4  90       
PG21  -9509.100555 -14819.222000 -19671.101182    137.991791  4  4  3  36       
PG22 -12074.210614  11037.805998 -20552.518033     46.108416  4  4  1  67       
PG23  16661.091728   7205.721413 -19435.694784    137.873925  4  7  4 101       
PG24  12096.468144  15171.120979 -18717.286236   -416.156148  6  5  6  75       
PG25  16176.534415  15636.073674  13989.869166    485.693034  5  4  2  77       
PG26   7559.835560 -17235.881920  18454.721023    199.135724  4  3  4  53       
PG28  20973.698118  -6960.804830  14705.484529   -102.581351  5  5  5  67       
PG29  16146.141640   3896.063744  20701.649300   -608.515603  4  5     88       
PG30 -24756.797688   2211.764160  -9605.700222   -443.891501  4  3  3  57       
PG31  13537.659106 -11338.316835  19748.330781   -227.380411  5  5  2  75       
PG32  20391.479120 -14206.710660  -8872.943938   -605.980989  6  7  5  92       
*  2024  1 18 16  0  0.00000000
PG01 -17963.488630 -12901.450302 -15315.207950    166.469637  4  4  4 100       
PG02 -11592.062953 -13748.683258 -19129.732576   -498.999688  4  3  2  90       
PG03 -11742.549334 -23719.137408   2755.351121    134.711999  4  3  4  69       
PG04  -6218.426316 -15200.613715  20857.250123    269.304028  4  5  5  62       
PG05   5201.380814  24552.479689   8377.568822   -158.437429  5  6  3  74       
PG06 -20717.337226   7087.526537  15177.405854    440.245780  3  5  2  82       
PG07 -25920.732817  -6093.157458   3680.908346    -40.412787  2  4  4  77       
PG08    465.436635 -20665.717286 -16521.946202   -162.711991  5  7  6  85       
PG09 -15827.657653  -3354.504002  20990.621061     62.930021  4  5  5  94       
PG10  14154.318781  -4056.833429 -21915.323393    -69.820451  6  6  4  85       
PG11 -10182.486221  12847.280431  20912.947864   -544.483782  5  6  5  90       
PG12  10029.607055  24478.407935   2493.672771   -469.146596  3  4  4  75       
PG13 -11100.788617  21445.675922 -11006.730634    617.088048  3  6  2 102       
PG14 -16205.277527     74.815692 -21048.429022    302.066467  4  4  3  77       
PG15   2227.204192  21024.997558 -16437.764115    118.530798  6  5  3  68       
PG16   2584.394700 -22453.928857  13240.767825   -381.545515  4  3  5  73       
PG17 -20549.671042   9466.788700 -13600.913134    719.568138  3  3  4  69       
PG18  26124.185107   5062.490713   1658.987954   -535.113369  3  5  4  83       
PG19 -20531.069198  15409.937827  -6228.340553    428.302380  6  2  5  38       
PG20  -4197.912595  18386.788930  18826.885082    390.905091  5  4  3  85       
PG21  -7126.751533 -14697.513011 -20633.110232    137.990936  3  4  4  66       
PG22 -12782.817968   8665.443366 -21210.510428     46.102817  4  4  1  58       
PG23  17374.484874   9216.408907 -17919.955275    137.880739  3  7  3  90       
PG24   9961.625395  15141.434536 -19948.039465   -416.162508  5  5  6  71       
PG25  16528.513925  17124.141690  11730.707328    485.694262  5  4  2  98       
PG26   8651.440346 -15284.735096  19678.579568    199.132444  5  3  4  44       
PG28  22493.760059  -6560.647352  12477.301632   -102.591771  5  5  5  74       
PG29  14515.164308   5681.445605  21471.396951   -608.515305  4  5  1  90       
PG30 -25660.048649   1770.168005  -7038.104595   -443.887295  4  3  3  54       
PG31  15694.831999 -10818.725870  18449.504720   -227.380777  5  5  2  62       
PG32  19833.356001 -13125.290163 -11407.556278   -605.983450  5  7  5  40       
*  2024  1 18 16 15  0.00000000
PG01 -16176.748970 -12776.728573 -17297.613176    166.470616  5  4  4  81       
PG02  -9244.434333 -13808.498109 -20278.803563   -498.994780  4  4  3  72       
PG03 -11642.021002 -23945.221526   -131.047403    134.735075  4  4  4  56       
PG04  -4724.076527 -16988.159343  19832.650219    269.312816  4  5  5  80       
PG05   4493.526838  23644.617304  10957.034365   -158.438726  5  6  2  68       
PG06 -22282.687918   6787.807075  12928.050238    440.233629  3  5  2  40       
PG07 -25383.552185  -6278.025884   6410.935332    -40.421236  3  3  4  74       
PG08   1630.462712 -22026.409753 -14523.392336   -162.714273  5  8  7  97       
PG09 -14487.751625  -5405.994097  21516.101861     62.940962  4  5  5  85       
PG10  15183.877140  -1753.585058 -21560.351582    -69.821050  5  6  4  76       
PG11 -12474.601192  12421.844303  19898.413987   -544.496267  5  6  5  89       
PG12   9854.420150  24706.454645   -359.621701   -469.149913  3  4  4  82       
PG13 -12007.852822  22087.180260  -8417.147405    617.091280  4  7  2  89       
PG14 -17056.064152  -2138.207078 -20270.313279    302.075673  4  5  3  68       
PG15   1245.671523  22438.835096 -14479.737471    118.534497  5  5  2  82       
PG16   3360.741266 -20918.236773  15397.521857   -381.538523  3  3  5  78       
PG17 -19584.487057   8011.065325 -15715.384000    719.567228  3  4  4  62       
PG18  25754.778136   5221.383145   4502.320316   -535.121622  3  5  3  91       
PG19 -20141.009133  14615.420118  -8943.931851    428.307161  6  3  5  61       
PG20  -5539.526858  16624.769463  20065.792187    390.903421  6  4  3  88       
PG21  -4641.012720 -14698.663535 -21230.116289    137.990024  3  5  4  59       
PG22 -13630.808265   6277.836160 -21489.918877     46.096965  4  4  2  45       
PG23  18115.098059  11013.240915 -16097.461449    137.887510  3  6  3  92       
PG24   7708.314988  15215.619558 -20850.252247   -416.168821  5  5  6  80       
PG25  16844.042961  18346.087178   9269.022177    485.695446  5  4  2  77       
PG26   9887.864029 -13283.471285  20556.720143    199.129186  4  4  4  67       
PG28  23768.497496  -6259.167652  10034.039429   -102.602196  5  5  4  60       
PG29  12939.491384   7603.835831  21870.550462   -608.514873  4  6  2 100       
PG30 -26289.681298   1406.778810  -4350.798359   -443.883112  4  3  3  44       
PG31  17707.703851 -10432.662268  16832.040961   -227.380771  5  5  2  64       
PG32  19170.547946 -11789.208542 -13741.734071   -605.985901  5  6  4  63       
*  2024  1 18 16 30  0.00000000
PG01 -14181.227351 -12743.875107 -18993.777876    166.471588  5  4  4  79       
PG02  -6787.309281 -13996.176879 -21065.108607   -498.989591  4  4  4  53       
PG03 -11403.451973 -23886.998149  -3015.222940    134.758189  4  4  4  65       
PG04  -3401.118660 -18740.522494  18465.917353    269.321594  5  4  5  91       
PG05   3593.733315  22531.353032  13345.438027   -158.439847  5  6  2  82       
PG06 -23596.070770   6590.584577  10458.209711    440.221476  3  5  1  64       
PG07 -24560.668556  -6475.432345   9035.039612    -40.429502  3  4  4  80       
PG08   2604.955873 -23237.487561 -12271.329191   -162.715809  6  8  7  95       
PG09 -13235.010285  -7557.328541  21668.691862     62.951969  4  5  5  88       
PG10  16308.243273    431.247174 -20828.843879    -69.822912  5  6  5  74       
PG11 -14652.805720  12129.837331  18541.787511   -544.508750  5  6  5  85       
PG12   9563.704649  24647.638487  -3206.781531   -469.153462  3  4  4  73       
PG13 -12686.239317  22545.219482  -5681.926622    617.094282  4  7  3  74       
PG14 -17968.428877  -4207.798349 -19144.078928    302.084849  4  6  3  70       
PG15    423.546440  23688.575314 -12277.370899    118.537738  5  5  3 103       
PG16   4304.379883 -19209.719475  17277.954766   -381.531525  4  3  5  80       
PG17 -18565.221193   6318.179514 -17553.102372    719.566276  3  4  4  32       
PG18  25078.418528   5382.513858   7269.039278   -535.129816  3  4  3  81       
PG19 -19607.002113  13567.831263 -11503.574773    428.311767  6  4  5  47       
PG20  -7043.657990  14837.463212  20962.514531    390.902338  6  4  2  93       
PG21  -2101.130510 -14830.623415 -21448.124546    137.988834  3  5  4  64       
PG22 -14604.715179   3924.482813 -21384.636950     46.091091  4  5  2  52       
PG23  18844.151237  12572.368153 -13999.768485    137.894286  2  6  2  91       
PG24   5378.221986  15405.217932 -21408.538464   -416.175199  5  5  6  74       
PG25  17084.908637  19294.799006   6648.036941    485.696605  5  4  2  81       
PG26  11256.694107 -11277.448447  21074.560514    199.125903  4  4  4  70       
PG28  24770.481082  -6026.242351   7417.846382   -102.612643  5  5  4  32       
PG29  11455.104835   9628.533828  21891.889042   -608.514638  4  6  3  89       
PG30 -26630.408234   1089.298742  -1589.631215   -443.878950  4  3  4  64       
PG31  19534.885733 -10164.196269  14925.067499   -227.380879  5  5  2  51       
PG32  18444.604956 -10205.002601 -15834.252183   -605.988366  5  6  4  47       
*  2024  1 18 16 45  0.00000000
PG01 -12015.226481 -12828.285606 -20375.731749    166.472618  5  4  4  66       
PG02  -4270.989469 -14319.348932 -21473.227735   -498.984635  3  4  4  83       
PG03 -10994.279423 -23566.180668  -5847.982930    134.781299  4  5  5  54       
PG04  -2258.986225 -20411.482461  16780.291578    269.330370  5  3  5  80       
PG05   2489.394465  21252.868389  15500.827423   -158.441346  5  6  2  80       
PG06 -24629.235485   6463.363690   7809.947947    440.209307  4  5     64       
PG07 -23467.718221  -6719.915670  11510.448781    -40.438002  3  4  4  88       
PG08   3398.342073 -24257.335070  -9804.419422   -162.716919  6  9  6  83       
PG09 -12096.065625  -9767.156158  21445.547611     62.962950  3  5  5  89       
PG10  17495.371999   2458.529295 -19734.737512    -69.824410  5  5  5  84       
PG11 -16672.244583  11956.999533  16866.226177   -544.521290  4  6  5  72       
PG12   9125.325862  24321.444804  -5999.214963   -469.156913  4  4  4  71       
PG13 -13152.952974  22783.737476  -2848.112211    617.097765  3  8  3  81       
PG14 -18910.063793  -6101.408908 -17689.542781    302.094014  4  6  3  77       
PG15   -252.925672  24736.180073  -9866.674570    118.541313  5  5  2  59       
PG16   5422.144943 -17374.263248  18848.417759   -381.524519  4  2  5  70       
PG17 -17534.063377   4405.879093 -19080.389372    719.565608  4  4  4  67       
PG18  24106.396552   5583.417454   9912.038934   -535.138022  3  4  2  76       
PG19 -18970.616069  12265.574174 -13863.317928    428.316518  6  5  6  40       
PG20  -8691.485508  13067.554319  21501.381078    390.901404  6  3  2  82       
PG21    441.579266 -15093.072949 -21279.970122    137.987873  2  5  4  77       
PG22 -15683.096655   1652.416396 -20895.695505     46.085402  4  5  3  53       
PG23  19520.422096  13878.295252 -11663.021418    137.901030  2  6  2  84       
PG24   3015.064798  15714.560735 -21612.897311   -416.181515  5  5  6  72       
PG25  17213.522922  19971.825451   3913.305273    485.697789  5  4  3  69       
PG26  12738.110673  -9309.864042  21224.001633    199.122602  4  4  4  59       
PG28  25480.054814  -5827.766620   4673.838308   -102.623119  5  5  4  42       
PG29  10091.921796  11715.128239  21534.734251   -608.513906  3  6  4  86       
PG30 -26674.918898    783.334956   1198.482152   -443.874800  4  2  4  77       
PG31  21140.179363  -9990.726372  12762.431212   -227.381073  4  5  3  60       
PG32  17696.621009  -8388.055896 -17648.170241   -605.990862  5  6  3  79       
*  2024  1 18 17  0  0.00000000
PG01  -9721.870371 -13048.427889 -21420.499906    166.473638  5  5  4  64       
PG02  -1747.412293 -14777.227734 -21494.735306   -498.979625  3  4  4  80       
PG03 -10387.401936 -23011.688890  -8581.160238    134.804453  5  5  5  75       
PG04  -1298.756955 -21955.141420  14804.591404    269.339134  5  2  5  77       
PG05   1176.165308  19852.785849  17385.281894   -158.442847  5  6  2  83       
PG06 -25361.978104   6369.555575   5028.382602    440.197142  4  5     60       
PG07 -22127.539587  -7042.858451  13797.035116    -40.446362  4  4  5  71       
PG08   4027.556489 -25048.603354  -7165.386549   -162.718133  6  9  6  80       
PG09 -11090.425677 -11990.310625  20850.387930     62.973974  3  4  5  89       
PG10  18707.884961   4296.001178 -18298.240169    -69.825675  5  5  5  73       
PG11 -18492.417101  11881.923104  14900.397321   -544.533681  4  6  4  89       
PG12   8512.010296  23754.600968  -8689.576599   -469.160478  4  5  4  85       
PG13 -13432.111733  22772.270699     35.250866    617.100860  3  8  3  54       
PG14 -19844.482340  -7793.366889 -15932.067516    302.103190  4  7  3  73       
PG15   -803.911992  25548.066417  -7287.582242    118.544629  5  5  3  67       
PG16   6712.393562 -15460.040601  20081.089831   -381.517355  4  3  5  69       
PG17 -16530.756657   2300.544276 -20268.953467    719.564651  4  4  3  68       
PG18  22858.464276   5859.062906  12386.269870   -535.146300  3  4  2  93       
PG19 -18274.375187  10715.807067 -15983.013568    428.321251  5  5  5  60       
PG20 -10456.868614  11354.581521  21672.751088    390.899603  6  3  1  76       
PG21   2935.586653 -15477.269735 -20725.696228    137.986410  2  5  4  99       
PG22 -16837.300272   -495.526136 -20031.304330     46.079583  4  5  3  68       
PG23  20101.884999  14924.264075  -9127.330754    137.907822  2  5  1  67       
PG24    663.186089  16140.528225 -21458.907793   -416.187810  5  5  6  76       
PG25  17194.480176  20387.077586   1111.900985    485.698993  5  4  3  71       
PG26  14305.560895  -7420.217046  21003.508132    199.119335  4  4  4  84       
PG28  25886.012028  -5627.162077   1849.315391   -102.633508  5  5  4  68       
PG29   8872.740324  13818.894348  20804.983206   -608.513703  3  6  4  90       
PG30 -26424.106473    453.905138   3966.329017   -443.870653  4  2  3  67       
PG31  22493.779222  -9884.043238  10382.048568   -227.381135  4  4  3  60       
PG32  16965.540088  -6362.199048 -19151.533505   -605.993355  5  5  3  49       
*  2024  1 18 17 15  0.00000000
PG01  -7347.686654 -13415.070456 -22110.445001    166.474599  4  5  4  61       
PG02    731.763096 -15360.540727 -21128.449898   -498.974550  3  5  4  79       
PG03  -9562.378466 -22258.456160 -11168.403420    134.827657  5  5  5  85       
PG04   -513.281007 -23327.628279  12572.731972    269.347905  5  4  5  87       
PG05   -341.642475  18376.479283  18965.622998   -158.444166  6  6  2  71       
PG06 -25782.837568   6270.049875   2160.939764    440.185001  5  5     62       
PG07 -20569.379333  -7471.206881  15857.846223    -40.454628  4  4  5  75       
PG08   4516.200680 -25579.705960  -4400.263290   -162.719177  5  9  6           
PG09 -10229.813818 -14179.395419  19893.438550     62.985008  3  5  5  72       
PG10  19904.529190   5919.287555 -16545.387440    -69.826723  4  5  5  83       
PG11 -20078.585395  11876.993388  12677.996753   -544.546151  4  5  4  78       
PG12   7702.540752  22979.955922 -11232.532752   -469.164046  5  5  4  81       
PG13 -13553.853441  22487.266624   2917.978661    617.103825  3  8  4  34       
PG14 -20732.432809  -9265.641423 -13902.103659    302.112289  4  7  3  60       
PG15  -1255.095792  26096.409899  -4583.374845    118.548108  4  5  3  66       
PG16   8164.901050 -13515.646950  20954.511749   -381.510384  4  3  5  87       
PG17 -15590.976124     36.404458 -21096.520319    719.564568  4  4  3  67       
PG18  21362.163558   6240.337271  14649.485398   -535.154502  3  4  2 103       
PG19 -17560.022206   8934.291782 -17826.973428    428.325729  5  6  5  50       
PG20 -12307.169482   9733.538307  21473.204220    390.898630  6  3     47       
PG21   5331.063734 -15966.271758 -19792.773847    137.985426  2  6  4  85       
PG22 -18032.553717  -2482.262905 -18806.728200     46.073997  3  6  3  63       
PG23  20547.386487  15712.308820  -6436.089552    137.914597  2  5     71       
PG24  -1633.887100  16672.583427 -20947.860255   -416.194092  5  5  6  73       
PG25  16996.018335  20558.229554  -1708.388757    485.700224  4  4  3  81       
PG26  15926.705838  -5642.940880  20418.061091    199.116245  4  4  3  40       
PG28  25985.955727  -5386.984313  -1007.057628   -102.643873  5  5  4  57       
PG29   7812.471253  15892.371983  19715.024674   -608.513059  3  5  5  76       
PG30 -25887.000891     66.957571   6667.159984   -443.866457  4  2  3  78       
PG31  23573.225753  -9811.600863   7825.209296   -227.381184  4  4  3  49       
PG32  16286.561214  -4158.969779 -20317.974153   -605.995831  5  5  3  72       
*  2024  1 18 17 30  0.00000000
PG01  -4941.071078 -13930.792410 -22433.546988    166.475667  4  5  5  72       
PG02   3117.070905 -16051.836742 -20380.516559   -498.969376  2  5  4  56       
PG03  -8506.374292 -21346.027784 -13565.928860    134.850866  6  5  5  83       
PG04    112.363710 -24488.741548  10123.148175    269.356664  5  5  4  82       
PG05  -2051.012453  16869.322464  20214.037658   -158.445527  6  6  2  62       
PG06 -25889.473207   6124.890617   -743.432505    440.172831  5  5  1  48       
PG07 -18827.895145  -8026.362040  17659.587115    -40.463092  5  5  5  77       
PG08   4893.421000 -25826.107697  -1557.557677   -162.721069  5  9  5  32       
PG09  -9517.825063 -16286.465840  18591.257717     62.996026  3  5  5  81       
PG10  21041.783734   7312.587373 -14507.505630    -69.827440  4  4  5  77       
PG11 -21402.970741  11909.582097  10237.178694   -544.558680  4  5  4  57       
PG12   6682.714330  22035.154647 -13585.475448   -469.167373  5  5  4  88       
PG13 -13552.998746  21913.151005   5749.650383    617.107241  2  8  4  76       
PG14 -21533.424292 -10508.312391 -11634.652482    302.121464  4  7  4  54       
PG15  -1636.547320  26360.267040  -1800.017939    118.551480  4  5  3  39       
PG16   9761.126348 -11588.240518  21453.969922   -381.503455  5  3  5  80       
PG17 -14744.871890  -2345.581851 -21547.347229    719.563188  4  4  2  20       
PG18  19651.870562   6752.686357  16662.946042   -535.162691  3  4  2  93       
PG19 -16866.845460   6944.912947 -19364.525381    428.330681  4  6  5  59       
PG20 -14204.335931   8233.650836  20905.630990    390.897272  6  4     71       
PG21   7581.774952 -16535.542570 -18496.140047    137.984568  2  6  5  40       
PG22 -19229.334024  -4277.783331 -17243.997750     46.068132  3  5  3  64       
PG23  20818.294170  16252.983438  -3635.243160    137.921376  2  5     71       
PG24  -3834.866931  17293.083019 -20086.819855   -416.200414  5  5  6  60       
PG25  16591.331229  20509.846041  -4499.853710    485.701411  4  4  3  83       
PG26  17564.597669  -4006.258902  19478.989334    199.113018  4  4  2  58       
PG28  25786.329918  -5070.566699  -3846.093486   -102.654339  5  5  4  49       
PG29   6917.687037  17887.063221  18283.538235   -608.512822  3  4  5  58       
PG30 -25080.412822   -409.150309   9255.434984   -443.862233  4  2  3  72       
PG31  24364.080029  -9737.942208   5135.847386   -227.380926  4  4  3  76       
PG32  15689.709662  -1816.562627 -21127.198995   -605.998337  5  5  3  76       
*  2024  1 18 17 45  0.00000000
PG01  -2550.684230 -14589.792908 -22383.617416    166.476722  4  5  5  54       
PG02   5363.068126 -16826.161286 -19264.314734   -498.964200  3  5  4  71       
PG03  -7214.820198 -20317.004473 -15733.224824    134.874039  6  5  5  50       
PG04    600.106127 -25403.466307   7498.132065    269.365398  5  7  3  83       
PG05  -3930.527503  15374.947175  21108.599593   -158.447168  6  5  2  72       
PG06 -25688.708069   5894.992610  -3635.079950    440.160658  5  5  2  72       
PG07 -16941.989228  -8723.275800  19173.054484    -40.471380  5  5  5  88       
PG08   5192.552628 -25771.349223   1312.645923   -162.722648  4  8  4  35       
PG09  -8949.912969 -18264.742076  16966.445590     63.007034  3  5  5  67       
PG10  22075.548612   8469.021650 -12220.595123    -69.828129  3  4  5  76       
PG11 -22445.691600  11943.446772   7619.905798   -544.571218  4  5  3  40       
PG12   5446.031552  20961.159791 -15709.177394   -469.170673  5  5  4  72       
PG13 -13467.521925  21043.096153   8480.532474    617.110736  2  8  5  71       
PG14 -22207.306592 -11519.731472  -9168.659797    302.130663  4  7  4  59       
PG15  -1981.398798  26326.467259   1014.582169    118.554622  4  5  3  74       
PG16  11474.832839  -9721.767494  21571.722975   -381.496310  5  4  5  70       
PG17 -14015.843003  -4799.141953 -21612.603355    719.562603  4  5  2  54       
PG18  17767.591235   7414.964182  18392.071658   -535.170908  3  4  3 101       
PG19 -16230.134793   4778.892691 -20570.465821    428.335558  4  6  4  49       
PG20 -16106.205122   6877.380599  19979.219970    390.895872  6  4     66       
PG21   9646.850343 -17153.923793 -16858.038601    137.983283  3  6  5  84       
PG22 -20384.955006  -5860.161934 -15371.461854     46.062310  2  6  4  76       
PG23  20880.057309  16564.773835   -772.523029    137.928152  3  5  1  81       
PG24  -5902.063990  17977.860770 -18888.616080   -416.206706  5  5  5  77       
PG25  15959.686870  20272.275790  -7215.623383    485.702572  4  4  4  67       
PG26  19179.036867  -2531.303418  18203.688077    199.109736  4  4  1  67       
PG28  25302.121405  -4643.635809  -6618.931749   -102.664781  5  4  4  51       
PG29   6186.505964  19755.183972  16535.178977   -608.512320  3  2  5  71       
PG30 -24028.303439  -1002.268701  11687.544818   -443.857974  4  3  3  85       
PG31  24860.301419  -9626.222790   2359.792627   -227.381188  4  4  3  68       
PG32  15198.634021    621.488105 -21565.352924   -606.000850  5  4  2  75       
*  2024  1 18 18  0  0.00000000
PG01   -223.833164 -15378.009575 -21960.444449    166.477776  4  5  6  65       
PG02   7429.994420 -17652.071209 -17800.192003   -498.959135  3  5  4  47       
PG03  -5691.761763 -19215.389382 -17633.698592    134.897260  6  5  5  47       
PG04    977.836146 -26043.304771   4743.095922    269.374098  5  8  4  70       
PG05  -5951.015329  13933.582403  21633.677079   -158.448470  6  5  3  59       
PG06 -25196.235230   5543.832952  -6464.474866    440.148482  4  6  3  86       
PG07 -14953.510617  -9569.778207  20373.523783    -40.479874  5  5  5  59       
PG08   5449.584999 -25407.760828   4159.630870   -162.724407  4  8  3  52       
PG09  -8513.707374 -20070.285821  15047.242723     63.018098  4  5  4  68       
PG10  22962.849038   9390.634028  -9724.649882    -69.829614  3  4  4  60       
PG11 -23195.406654  11940.282145   4871.229922   -544.583768  3  5  3  32       
PG12   3994.095159  19800.676540 -17568.381886   -469.174399  6  6  4  85       
PG13 -13336.890885  19879.454055  11062.504780    617.113608  2  8  5  86       
PG14 -22715.844236 -12306.371247  -6546.351203    302.139803  4  7  4  82       
PG15  -2324.370326  25990.230861   3811.395286    118.558326  3  5  4  75       
PG16  13273.033223  -7955.348803  21307.069785   -381.489215  4  4  5  86       
PG17 -13419.599837  -7274.341454 -21290.600662    719.561806  4  5  2  81       
PG18  15753.551426   8238.535736  19807.031031   -535.179186  3  5  4  95       
PG19 -15679.823177   2473.736527 -21425.405582    428.340389  4  6  4  81       
PG20 -17967.981132   5679.690983  18709.339469    390.894712  5  4     89       
PG21  11492.351540 -17784.938731 -14907.655315    137.982089  3  6  5  81       
PG22 -21455.301152  -7216.224808 -13223.194367     46.056501  1  6  4  71       
PG23  20703.621013  16673.218652   2103.343795    137.934875  3  6  2  67       
PG24  -7802.634316  18697.069987 -17371.752004   -416.213022  5  5  5  44       
PG25  15087.315135  19880.356690  -9810.393512    485.703702  4  4  4  77       
PG26  20728.053217  -1231.527388  16615.235743    199.106538  4  4     77       
PG28  24556.244301  -4075.835082  -9277.880544   -102.675193  4  4  4  77       
PG29   5608.816752  21451.400883  14500.152613   -608.511998  3  2  5  73       
PG30 -22760.903985  -1735.217598  13922.499810   -443.853787  4  3  3  82       
PG31  25064.320828  -9439.774153   -455.985392   -227.381190  4  4  3  57       
PG32  14829.678575   3107.837190 -21625.251016   -606.003383  5  4  1  65       
*  2024  1 18 18 15  0.00000000
PG01   1995.108017 -16273.546038 -21169.864155    166.478821  4  5  6  50       
PG02   9285.186648 -18492.942731 -16015.030834   -498.953729  3  5  4  53       
PG03  -3949.886940 -18084.900044 -19235.258825    134.920442  6  5  5  80       
PG04   1278.119502 -26387.366935   1905.774249    269.382799  5  9  4  78       
PG05  -8076.510152  12580.542748  21780.217966   -158.449641  7  5  3  60       
PG06 -24435.996793   5039.052667  -9183.052868    440.136310  3  6  3  78       
PG07 -12905.867324 -10566.156726  21241.089239    -40.488049  5  5  5  69       
PG08   5701.513391 -24736.832018   6933.015113   -162.726289  3  7  2  53       
PG09  -8189.649709 -21663.574303  12867.025294     63.029119  3  4  4  74       
PG10  23663.489460  10088.051768  -7062.928496    -69.831249  3  3  4  79       
PG11 -23649.637442  11861.362803   2038.515792   -544.596327  3  6  3  29       
PG12   2336.707713  18596.538629 -19132.323196   -469.177541  6  6  4  74       
PG13 -13200.344452  18433.831940  13449.967824    617.116907  2  7  5  60       
PG14 -23024.225476 -12882.370603  -3812.519788    302.148959  4  7  4  72       
PG15  -2700.202445  25355.478449   6541.144879    118.561474  3  5  4  60       
PG16  15117.212678  -6321.895227  20666.263361   -381.482093  4  4  5  76       
PG17 -12963.559761  -9719.404382 -20586.865322    719.561093  5  5  3  78       
PG18  13656.633079   9226.668564  20883.259259   -535.187380  3  5  4  82       
PG19 -15239.361716     71.955005 -21916.009738    428.345146  4  7  4  73       
PG20 -19743.831929   4647.607388  17117.312980    390.893626  5  4     70       
PG21  13092.547835 -18388.370291 -12680.550639    137.980736  3  6  5  50       
PG22 -22396.629250  -8341.841108 -10838.273507     46.050617  1  6  5  87       
PG23  20266.641587  16609.772795   4943.437886    137.941666  3  6  3  66       
PG24  -9509.668056  19416.262254 -15560.226869   -416.219334  5  5  5  72       
PG25  13968.037395  19371.982623 -12241.109189    485.704881  4  4  4  76       
PG26  22169.451008   -112.425377  14741.921136    199.103314  5  4  1  87       
PG28  23578.631764  -3342.097047 -11777.236000   -102.685592  4  4  4  73       
PG29   5166.834824  22934.485167  12213.688230   -608.511467  3  2  5  66       
PG30 -21313.617484  -2624.738962  15922.577676   -443.849588  4  4  3  75       
PG31  24986.812874  -9143.649673  -3264.130332   -227.381603  4  4  3  62       
PG32  14591.268003   5593.005310 -21306.475958   -606.005844  4  4     64       
*  2024  1 18 18 30  0.00000000
PG01   4066.184454 -17247.399132 -20023.753028    166.479878  4  5  6  44       
PG02  10904.184662 -19308.511970 -13941.662259   -498.948870  4  5  5  72       
PG03  -2010.231482 -16967.307190 -20510.826335    134.943675  6  5  4  63       
PG04   1536.724553 -26423.177068   -964.620403    269.391559  5  9  5  69       
PG05 -10265.491761  11344.927754  21545.906012   -158.450610  7  5  3  48       
PG06 -23439.257569   4353.906305 -11744.040223    440.124192  2  6  4  83       
PG07 -10842.591578 -11705.000948  21760.956072    -40.496328  5  4  5  74       
PG08   5984.647347 -23769.218780   9583.717228   -162.728544  3  6  2  42       
PG09  -7951.919710 -23010.909695  10463.706979     63.040165  3  4  4  63       
PG10  24141.595809  10579.827455  -4281.191664    -69.833203  4  4  4  93       
PG11 -23814.757604  11669.212625   -829.378988   -544.608870  3  6  2  50       
PG12    491.667528  17390.113320 -20375.174078   -469.181133  6  6  4  83       
PG13 -13095.178961  16726.803103  15600.709816    617.120208  2  6  6  67       
PG14 -23102.450003 -13268.795674  -1013.777554    302.158133  4  8  4  83       
PG15  -3142.058275  24434.808597   9155.230034    118.565327  4  5  5  54       
PG16  16964.773005  -4847.005015  19662.279950   -381.475226  4  3  5  92       
PG17 -12646.605298 -12082.621725 -19514.044863    719.560371  5  6  3  88       
PG18  11524.713946  10374.238357  21601.893954   -535.195566  3  6  5  96       
PG19 -14924.865404  -2380.387547 -22035.133618    428.350017  4  7  5  70       
PG20 -21388.545878   3780.089748  15230.089425    390.892203  4  4     61       
PG21  14430.833206 -18922.038544 -10217.903054    137.980652  4  6  5  38       
PG22 -23167.356448  -9241.830633  -8259.956695     46.044921  1  5  5  75       
PG23  19554.457927  16410.457010   7699.451772    137.948512  4  7  4  64       
PG24 -11003.076734  20097.670517 -13483.266039   -416.225678  5  5  4  69       
PG25  12603.620132  18786.585183 -14467.599248    485.706033  5  3  4  86       
PG26  23462.358148    828.432162  12616.694020    199.100024  5  4  2  93       
PG28  22405.070720  -2423.810500 -14074.065302   -102.696038  4  3  4  70       
PG29   4835.968108  24168.817940   9715.418102   -608.511041  3  3  5  62       
PG30 -19725.742213  -3680.676933  17653.923165   -443.845373  4  4  3  65       
PG31  24646.180373  -8706.097422  -6017.640031   -227.381650  4  4  3  70       
PG32  14483.627416   8027.134429 -20615.341212   -606.008372  3  4     82       
*  2024  1 18 18 45  0.00000000
PG01   5955.200916 -18264.466392 -18539.936402    166.480972  4  5  5  22       
PG02  12271.481070 -20056.575770 -11618.146310   -498.943773  4  5  5  18       
PG03     98.426830 -15900.861058 -21438.767236    134.966862  6  4  4  60       
PG04   1791.020085 -26147.163154  -3818.271588    269.400308  5  9  6  90       
PG05 -12472.351365  10248.584642  20935.185896   -158.451876  6  5  3  42       
PG06 -22243.407182   3468.502491 -14103.258039    440.112089  2  6  4  76       
PG07  -8805.902823 -12971.319420  21923.683146    -40.504881  5  4  5  78       
PG08   6332.949174 -22524.386701  12064.897552   -162.729538  3  6  2  48       
PG09  -7769.615507 -24085.608590   7879.059328     63.051251  4  4  4  45       
PG10  24366.990446  10891.492805  -1426.919984    -69.834596  3  3  4  83       
PG11 -23705.648719  11329.235081  -3682.953040   -544.621421  3  7  3  63       
PG12  -1515.727431  16219.781314 -21276.418023   -469.184647  6  6  4  98       
PG13 -13055.116691  14787.261706  17476.712484    617.123641  3  5  6  87       
PG14 -22926.543923 -13492.645778   1802.218006    302.167355  5  7  4  89       
PG15  -3679.962818  23249.133652  11606.671604    118.568635  4  5  5  63       
PG16  18770.632413  -3548.183374  18314.456846   -381.467933  4  3  5  86       
PG17 -12459.216599 -14314.264132 -18091.652289    719.559395  5  6  4  67       
PG18   9404.972370  11667.762359  21950.121991   -535.203779  3  6  5 102       
PG19 -14744.555845  -4835.241277 -21781.858957    428.354788  4  6  5  69       
PG20 -22859.184583   3068.224469  13079.811186    390.890931  4  5     80       
PG21  15500.234322 -19343.689890  -7565.587365    137.978193  4  6  5  41       
PG22 -23729.755391  -9929.497376  -5534.776768     46.038680  1  5  5  76       
PG23  18560.782777  16114.344371  10324.483901    137.955285  4  7  4  67       
PG24 -12270.241041  20701.655557 -11174.953406   -416.232002  5  5  4  68       
PG25  11003.844116  18163.584486 -16453.157865    485.707197  5  3  4  93       
PG26  24568.720507   1601.059294  10276.552403    199.096783  4  4  2  89       
PG28  21075.825094  -1309.737107 -16128.940072   -102.706395  4  3  4  81       
PG29   4585.957572  25125.687571   7048.676210   -608.510757  3  4  4  73       
PG30 -18039.062458  -4905.416224  19087.092418   -443.841149  4  4  3  78       
PG31  24067.773681  -8099.908784  -8670.587473   -227.381923  4  4  3  63       
PG32  14498.845977  10361.749862 -19564.723877   -606.010883  3  4  1  78       
*  2024  1 18 19  0  0.00000000
PG01   7634.866464 -19284.804557 -16742.007413    166.481997  4  4  5  48       
PG02  13380.886220 -20694.773734  -9086.943723   -498.938524  5  5  5  42       
PG03   2340.463454 -14918.862397 -22003.243324    134.990057  6  4  3  50       
PG04   2078.308796 -25564.809078  -6605.646060    269.409028  6 10  6  65       
PG05 -14649.024277   9305.375463  19959.157639   -158.453551  6  5  3  41       
PG06 -20890.534940   2370.785802 -16219.889511    440.099971  2  7  4  81       
PG07  -6835.313780 -14342.928035  21725.373055    -40.513130  5  3  5  65       
PG08   6776.474547 -21029.904790  14332.851028   -162.731491  2  5  3  76       
PG09  -7608.138897 -24868.925233   5157.964198     63.062329  3  4  4  78       
PG10  24316.351934  11054.365362   1451.475173    -69.836591  3  3  4  71       
PG11 -23345.035925  10811.239756  -6472.924178   -544.633931  3  7  3  63       
PG12  -3653.448653  15119.544179 -21821.144466   -469.187883  6  7  3  88       
PG13 -13108.825820  12651.446118  19044.876090    617.126792  3  4  6  62       
PG14 -22479.557065 -13585.642828   4587.550702    302.176503  5  7  4  71       
PG15  -4339.348737  21826.978958  13851.059036    118.572027  4  5  6  41       
PG16  20488.911158  -2434.407355  16648.015431   -381.461305  3  3  6  66       
PG17 -12383.971771 -16368.414083 -16345.654421    719.558686  5  6  4  83       
PG18   7342.220605  13085.762252  21921.429539   -535.211968  3  6  5  86       
PG19 -14698.515744  -7244.197791 -21161.435148    428.359824  5  6  6  84       
PG20 -24116.668004   2495.730431  10703.284970    390.889275  3  5  2  55       
PG21  16303.482828 -19612.902272  -4773.121238    137.977661  5  6  6  38       
PG22 -24051.483355 -10425.816687  -2711.587219     46.032634  2  5  5  80       
PG23  17288.087757  15761.940362  12773.810966    137.962075  5  8  5  75       
PG24 -13306.387818  21188.266491  -8673.763080   -416.238389  6  5  3  61       
PG25   9186.289926  17540.862871 -18165.070281    485.708391  5  3  4  79       
PG26  25454.686543   2222.428908   7761.879782    199.093586  4  3  2  77       
PG28  19634.101037      3.358261 -17906.607818   -102.716874  4  3  5  57       
PG29   4382.246520  25784.327462   4259.728767   -608.510116  4  5  4  84       
PG30 -16296.356681  -6293.600170  20197.535251   -443.837000  4  5  3  78       
PG31  23282.875562  -7303.596721 -11178.814994   -227.381986  4  4  3  46       
PG32  14621.277594  12551.458093 -18173.774405   -606.013357  3  4  2  67       
*  2024  1 18 19 15  0.00000000
PG01   9085.698248 -20265.099994 -14659.051636    166.483017  4  4  4  52       
PG02  14235.499299 -21182.370070  -6394.006624   -498.933433  5  5  5  34       
PG03   4674.560010 -14048.430229 -22194.475169    135.013234  5  4  2  83       
PG04   2434.163827 -24690.463112  -9278.376307    269.417788  6  9  6  88       
PG05 -16746.722828   8520.776432  18635.344342   -158.454505  6  5  3  63       
PG06 -19425.830903   1057.219737 -18057.196541    440.087865  2  7  4  91       
PG07  -4966.324643 -15791.101993  21167.805345    -40.521593  5  2  5  51       
PG08   7339.982519 -19320.420648  16347.829940   -162.734414  3  5  3  68       
PG09  -7430.729460 -25350.673079   2347.613095     63.073394  3  3  4  62       
PG10  23974.120787  11104.156426   4305.436255    -69.837919  3  3  4  86       
PG11 -22762.529109  10090.804280  -9151.090454   -544.646419  3  7  3  81       
PG12  -5883.751468  14117.807014 -22000.265568   -469.191276  7  7  3  99       
PG13 -13278.655256  10361.670125  20277.646008    617.130111  3  4  5  57       
PG14 -21752.305762 -13582.850361   7294.834391    302.185635  4  7  4  81       
PG15  -5139.776054  20203.466510  15847.471842    118.575588  4  5  6  42       
PG16  22074.632426  -1506.043710  14693.487943   -381.453973  3  3  6  66       
PG17 -12396.390721 -18204.636989 -14307.917334    719.557990  5  7  4  87       
PG18   5377.329751  14599.445848  21515.749207   -535.220130  3  6  5  80       
PG19 -14778.758730  -9560.117219 -20185.131272    428.364486  5  6  6  86       
PG20 -25127.229384   2039.761156   8141.362808    390.888353  3  6  3  81       
PG21  16852.650550 -19692.910039  -1892.520315    137.976548  5  6  5  61       
PG22 -24106.882194 -10758.319254    159.415688     46.026867  3  5  5  70       
PG23  15747.667054  15393.517029  15005.627510    137.968892  5  8  5  77       
PG24 -14114.673460  21518.858615  -6021.989620   -416.244740  5  5  2  44       
PG25   7175.849487  16953.313376 -19575.080238    485.709547  5  3  4  70       
PG26  26091.832860   2715.589989   5115.745063    199.090368  4  3  3  89       
PG28  18124.413474   1510.388058 -19376.590442   -102.727291  4  3  5  49       
PG29   4187.523279  26132.653385   1396.951677   -608.509923  5  6  4  80       
PG30 -14539.876193  -7832.140418  20966.008797   -443.832769  3  5  4  84       
PG31  22327.489123  -6302.364019 -13500.595853   -227.382185  4  4  3  64       
PG32  14828.258064  14555.513386 -16467.513040   -606.015879  3  4  3  77       
*  2024  1 18 19 30  0.00000000
PG01  10296.645802 -21160.302772 -12325.273500    166.483997  4  4  4  61       
PG02  14847.295880 -21481.956172  -3587.817403   -498.928257  6  5  5  38       
PG03   7055.074001 -13309.511499 -22008.914170    135.036358  5  4  2  38       
PG04   2890.835709 -23546.810235 -11790.121110    269.426461  6  9  6 105       
PG05 -18717.699263   7891.822980  16987.340176   -158.455294  6  5  3  60       
PG06 -17895.873797   -466.858348 -19583.172553    440.075776  2  7  4  88       
PG07  -3229.249297 -17281.475684  20258.507322    -40.529707  5  2  4  65       
PG08   8041.774153 -17436.361892  18074.777306   -162.736220  3  5  2  80       
PG09  -7200.085464 -25529.521575   -503.330796     63.084565  3  3  5  82       
PG10  23333.122166  11079.434095   7087.029423    -69.838613  4  3  4  85       
PG11 -21993.407237   9150.417255 -11671.173472   -544.658947  4  7  3  77       
PG12  -8164.399307  13236.377990 -21810.653408   -469.194557  7  7  3  89       
PG13 -13579.638348   7964.814415  21153.526059    617.133372  2  4  5  70       
PG14 -20743.833515 -13521.174298   9877.992368    302.194826  4  7  3  84       
PG15  -6093.887527  18419.020371  17559.348393    118.579128  4  5  6  61       
PG16  23485.370297   -755.112073  12486.067323   -381.447193  2  4  6  59       
PG17 -12466.081826 -19789.419265 -12015.526724    719.556755  4  7  4  65       
PG18   3545.806711  16173.684591  20739.499481   -535.228275  4  6  6  76       
PG19 -14969.607147 -11738.698249 -18870.004865    428.369694  5  6  7  97       
PG20 -25863.681720   1671.973191   5438.242659    390.886810  3  6  3  79       
PG21  17168.371642 -19552.257862   1022.893736    137.975800  5  5  5  59       
PG22 -23877.998633 -10959.727718   3027.667278     46.021378  4  5  5  69       
PG23  13959.376249  15047.463515  16981.742053    137.975676  5  8  5  71       
PG24 -14705.961420  21657.706252  -3265.079275   -416.251170  6  5  2  34       
PG25   5003.981565  16431.511751 -20659.797002    485.710707  5  3  4  81       
PG26  26458.188349   3108.565351   2383.177231    199.087144  4  3  3  85       
PG28  16590.916833   3197.946031 -20513.700136   -102.737693  4  4  5  62       
PG29   3963.374964  26167.671636  -1490.028992   -608.509262  5  6  5  87       
PG30 -12809.848846  -9500.520341  21378.916176   -443.828541  3  5  4  89       
PG31  21240.972066  -5088.829074 -15597.257923   -227.382150  4  4  3  46       
PG32  15091.105365  16339.193078 -14476.325101   -606.018350  4  4  4  72       
*  2024  1 18 19 45  0.00000000
PG01  11265.405556 -21925.367789  -9779.522172    166.484980  4  4  4  57       
PG02  15236.360183 -21561.001402   -718.404873   -498.923198  6  4  5  58       
PG03   9433.576728 -12714.169420 -21449.320450    135.059519  5  4  3  69       
PG04   3475.794123 -22164.029508 -14097.387247    269.435124  6  8  6  81       
PG05 -20516.967912   7407.399392  15044.348204   -158.456451  5  6  4  61       
PG06 -16346.871354  -2187.227091 -20771.118928    440.063686  2  6  4  69       
PG07  -1648.215232 -18775.167011  19010.755808    -40.538528  5  2  5  70       
PG08   8892.808039 -15422.420518  19483.954879   -162.736921  3  5  2  64       
PG09  -6880.006380 -25412.958183  -3345.591587     63.095585  3  3  5  78       
PG10  22394.886863  11019.998907   9749.690864    -69.840405  4  3  4  82       
PG11 -21077.193571   7980.356269 -13989.628398   -544.671513  4  7  3  69       
PG12 -10450.055795  12489.719234 -21255.196468   -469.197860  7  8  3  78       
PG13 -14018.807490   5510.641264  21657.467045    617.136696  2  5  5  53       
PG14 -19461.572143 -13437.801721  12293.016275    302.203996  4  6  3  89       
PG15  -7206.652154  16517.845588  18955.274612    118.582351  5  5  6  38       
PG16  24682.781881   -165.872000  10064.899453   -381.440223  2  4  6  60       
PG17 -12558.136809 -21097.313631  -9510.004928    719.556069  5  7  5  80       
PG18   1876.578525  17768.252217  19605.513184   -535.236449  5  6  5  78       
PG19 -15248.360358 -13739.937190 -17238.593477    428.374109  6  7  7  74       
PG20 -26306.444227   1359.819573   2640.700307    390.885394  3  6  3  92       
PG21  17278.698803 -19166.205087   3919.687202    137.974492  5  5  5  69       
PG22 -23355.289044 -11066.410733   5843.181031     46.015166  4  5  5  70       
PG23  11951.054396  14758.714820  18668.219334    137.982447  6  8  5  78       
PG24 -15098.293338  21573.544777   -450.868430   -416.257507  5  5  2  56       
PG25   2707.736803  16000.556418 -21401.039941    485.711859  5  3  4  82       
PG26  26539.022788   3433.074081   -389.574086    199.083946  4  3  3  74       
PG28  15075.763903   5044.634793 -21298.464506   -102.748094  4  5  5  60       
PG29   3671.985532  25895.542438  -4351.216811   -608.509282  5  6  5  71       
PG30 -11143.061917 -11271.384113  21428.564082   -443.824317  3  5  4  85       
PG31  20064.564857  -3663.484800 -17433.764644   -227.382504  4  4  3  70       
PG32  15376.358868  17874.930527 -12235.368833   -606.020826  4  5  4  82       
*  2024  1 18 20  0  0.00000000
PG01  11998.405496 -22517.039476  -7064.716830    166.485968  5  5  4  55       
PG02  15429.805705 -21393.189492   2163.634810   -498.917940  6  4  5  59       
PG03  11760.504558 -12266.177646 -20524.744242    135.082609  5  4  4  88       
PG04   4210.463245 -20578.670505 -16160.296448    269.443776  6  8  6  94       
PG05 -22103.918471   7048.857682  12840.619878   -158.458090  5  6  4  66       
PG06 -14822.921161  -4081.119211 -21600.133555    440.051622  2  6  4  73       
PG07   -240.375277 -20230.094772  17443.502354    -40.546699  4  3  4  55       
PG08   9896.127974 -13325.885684  20551.453505   -162.739275  3  5  2  66       
PG09  -6436.991455 -25016.919109  -6130.144327     63.106667  3  3  5  72       
PG10  21169.662414  10965.231201  12248.941752    -69.842006  5  3  5  80       
PG11 -20056.077869   6579.265609 -16066.405702   -544.684005  5  7  4  74       
PG12 -12693.797128  11884.475412 -20342.774330   -469.201416  7  8  3  97       
PG13 -14594.847714   3050.002817  21781.122663    617.140090  2  6  4  62       
PG14 -17921.196784 -13368.636179  14498.693667    302.213111  4  6  3  99       
PG15  -8474.936494  14546.245195  20009.666731    118.586030  5  5  5  22       
PG16  25633.968251    284.299352   7472.336187   -381.433200  1  4  6  64       
PG17 -12634.708655 -22111.747081  -6836.449006    719.554651  5  7  5 103       
PG18    391.032188  19339.279279  18132.853473   -535.244607  5  6  5  89       
PG19 -15586.226823 -15529.426798 -15318.534960    428.378893  6  7  7  91       
PG20 -26444.286242   1068.017566   -202.733760    390.884024  3  6  4  79       
PG21  17217.659650 -18517.818528   6745.467748    137.973511  5  5  4  45       
PG22 -22537.988228 -11116.724534   8557.446385     46.009480  5  5  5  99       
PG23   9757.649046  14557.318177  20035.958705    137.989251  6  7  5  80       
PG24 -15316.066425  21240.975236   2371.260308   -416.263886  5  5  2  54       
PG25    328.584724  15679.115479 -21786.118390    485.713031  6  3  4  98       
PG26  26327.374690   3723.127877  -3155.781913    199.080713  3  3  3  93       
PG28  13617.555481   7021.704857 -21717.454282   -102.758546  4  5  5  51       
PG29   3277.809898  25331.297379  -7137.127932   -608.508773  6  6  5  76       
PG30  -9571.576305 -13111.393246  21113.333555   -443.820107  3  5  4  83       
PG31  18839.863453  -2034.874703 -18979.248568   -227.382634  4  4  4  76       
PG32  15647.204703  19143.165643  -9783.910643   -606.023274  5  5  4  80       
*  2024  1 18 20 15  0.00000000
PG01  12510.451697 -22895.611626  -4227.174067    166.486941  6  5  5  50       
PG02  15460.440007 -20959.490500   5008.087851   -498.912800  5  3  4  29       
PG03  13986.864160 -11960.936754 -19250.409218    135.105773  4  4  4  89       
PG04   5109.201328 -18832.294000 -17943.283122    269.452493  6  7  6  96       
PG05 -23443.757703   6790.937020  10414.809787   -158.459083  4  7  4  58       
PG06 -13364.359905  -6117.897678 -22055.501200    440.039570  2  6  4  68       
PG07    984.635452 -21602.449899  15581.214012    -40.555159  4  3  4  72       
PG08  11046.623618 -11194.895801  21259.577585   -162.741720  3  5  3  75       
PG09  -5841.731096 -24365.105287  -8809.067242     63.117772  4  3  6  44       
PG10  19676.116608  10952.469149  14543.065056    -69.842572  5  3  5  75       
PG11 -18973.247692   4954.410100 -17865.650676   -544.696452  5  7  4  89       
PG12 -14848.693074  11419.297469 -19088.149541   -469.204805  7  8  3 101       
PG13 -15298.102189    633.017468  21522.968838    617.143482  3  6  4  75       
PG14 -16146.179155 -13346.788225  16457.293670    302.222323  4  6  3  92       
PG15  -9887.427998  12550.849350  20703.325271    118.589532  5  5  5  41       
PG16  26312.617960    623.781735   4753.166076   -381.426381  2  5  6  78       
PG17 -12656.700573 -22825.463769  -4042.615634    719.553818  5  7  5 101       
PG18   -897.651257  20840.869094  16346.517910   -535.252779  5  6  5  61       
PG19 -15949.485012 -17079.451525 -13142.122210    428.383753  6  8  8  42       
PG20 -26274.757045    760.132125  -3042.637051    390.882674  3  6  4  87       
PG21  17023.592893 -17598.711532   9449.959950    137.971752  5  5  4  52       
PG22 -21434.137036 -11149.313599  11124.260671     46.003527  5  5  4  90       
PG23   7420.074775  14467.191729  21061.199217    137.996011  6  7  5  93       
PG24 -15388.943303  20641.667432   5151.289485   -416.270284  5  5  2  56       
PG25  -2088.918796  15478.713551 -21808.044189    485.714242  6  4  3  86       
PG26  25824.302641   4013.553709  -5868.979812    199.077510  4  4  4  90       
PG28  12249.939749   9093.981098 -21763.508627   -102.768954  5  5  4  71       
PG29   2749.157065  24498.223153  -9799.660333   -608.508241  6  5  5  75       
PG30  -8121.620319 -14982.322614  20437.758630   -443.815853  3  5  4  94       
PG31  17607.288904   -219.479041 -20207.492752   -227.382979  5  5  4  71       
PG32  15865.028355  20132.885044  -7164.603019   -606.025767  5  6  4  61       
*  2024  1 18 20 30  0.00000000
PG01  12824.041651 -23026.591366  -1315.843576    166.488005  6  5  5  40       
PG02  15365.237903 -20248.932347   7766.022249   -498.907702  5  4  3  36       
PG03  16065.929748 -11785.718124 -17647.497183    135.128921  4  4  4  75       
PG04   6178.565026 -16969.931399 -19415.710105    269.461232  6  6  5  79       
PG05 -24508.724785   6602.943304   7809.260567   -158.460254  4  7  4  80       
PG06 -12006.266030  -8260.046331 -22128.977006    440.027496  3  6  4  61       
PG07   2024.970446 -22848.273938  13453.621937    -40.563689  4  4  4  71       
PG08  12331.130019  -9076.682673  21597.099450   -162.742224  3  5  4  72       
PG09  -5070.432632 -23488.012421 -11336.367254     63.128865  4  4  6  50       
PG10  17940.745644  11015.474475  16593.738150    -69.844104  5  3  5  82       
PG11 -17871.194462   3121.594396 -19356.327990   -544.708923  6  7  4  58       
PG12 -16869.402099  11084.969486 -17511.775711   -469.208303  7  8  3  77       
PG13 -16110.927084  -1692.710661  20888.286392    617.146730  3  7  4  78       
PG14 -14167.054324 -13401.178065  18135.200513    302.231519  4  6  3  99       
PG15 -11424.917254  10576.836174  21023.841848    118.593111  5  5  4   8       
PG16  26699.897193    885.388390   1953.837797   -381.419213  2  5  7  84       
PG17 -12585.491216 -23240.592641  -1177.978584    719.552805  5  7  5  79       
PG18  -1984.840586  22226.813455  14277.033283   -535.260988  6  6  4  69       
PG19 -16300.831223 -18369.842867 -10745.797888    428.388365  7  9  8  86       
PG20 -25804.282641    400.211176  -5829.580484    390.881477  4  6  5  51       
PG21  16737.351367 -16409.408082  11985.972885    137.970744  4  5  3           
PG22 -20060.277986 -11201.440088  13500.482206     45.997720  5  5  4 110       
PG23   4983.845828  14505.123605  21725.942606    138.002909  6  6  5  55       
PG24 -15350.533922  19765.303257   7839.526448   -416.276657  5  5  4  77       
PG25  -4498.579987  15403.284116 -21465.673845    485.715413  6  4  3  95       
PG26  25038.853896   4338.496696  -8483.685933    199.074299  4  4  4  86       
PG28  11000.414508  11221.041768 -21435.854621   -102.779336  5  5  4  17       
PG29   2059.619295  23426.937377 -12292.933092   -608.507769  7  5  6  67       
PG30  -6812.705761 -16842.358807  19412.508318   -443.811584  2  5  4  72       
PG31  16404.606469   1758.686932 -21097.355019   -227.382999  5  5  4  74       
PG32  15991.032119  20841.836617  -4422.720480   -606.028255  6  6  4  84       
*  2024  1 18 20 45  0.00000000
PG01  12968.363372 -22882.196644   1618.537970    166.488938  6  5  5  36       
PG02  15183.691960 -19259.050569  10390.620302   -498.902493  4  4  3  59       
PG03  17954.869771 -11720.228486 -15742.834686    135.152016  3  5  4  77       
PG04   7416.887237 -15038.424268 -20552.391701    269.469987  6  6  5  72       
PG05 -25279.035532   6450.138745   5069.233589   -158.461211  4  7  4  87       
PG06 -10777.175282 -10464.438627 -21818.956239    440.015412  3  6  4  85       
PG07   2886.551435 -23925.091404  11095.370890    -40.572040  4  5  4  63       
PG08  13728.857283  -7015.878915  21559.383297   -162.745030  4  5  5  78       
PG09  -4105.929101 -22421.714770 -13668.764447     63.139918  5  4  6  27       
PG10  15997.008625  11183.039407  18366.615738    -69.846429  5  3  5  80       
PG11 -16790.060817   1104.750238 -20512.760094   -544.721411  7  6  5  72       
PG12 -18713.724900  10864.836626 -15639.521217   -469.211787  7  7  3  77       
PG13 -17008.378117  -3883.757066  19889.010689    617.150183  4  7  4  79       
PG14 -12020.426712 -13555.303403  19503.485187    302.240735  4  6  3 102       
PG15 -13060.928102   8666.224858  20965.845886    118.596978  5  6  4  35       
PG16  26785.061291   1104.899389   -878.310886   -381.412523  2  5  7  79       
PG17 -12384.622414 -23368.346783   1707.216610    719.552294  5  6  5  97       
PG18  -2874.460903  23452.341537  11959.946258   -535.269249  6  5  4  68       
PG19 -16600.866624 -19388.566414  -8169.594484    428.393239  7  9  8 100       
PG20 -25047.924153    -45.593879  -8515.018738    390.880259  5  5  5  76       
PG21  16400.460324 -14959.331218  14310.238156    137.969761  4  5  3  41       
PG22 -18440.840857 -11307.406937  15646.695627     45.991739  5  5  3 109       
PG23   2497.532139  14680.051038  22018.286122    138.009755  5  5  5  73       
PG24 -15236.901583  18610.211415  10387.588147   -416.283053  5  5  4  47       
PG25  -6854.083852  15449.005104 -20763.776762    485.716590  7  5  2 103       
PG26  23987.753560   4729.956859 -10956.105610    199.071032  4  5  4  83       
PG28   9889.377511  13358.605612 -20740.119196   -102.789769  6  6  4  68       
PG29   1189.290952  22154.194284 -14574.080383   -608.507296  7  5  6  93       
PG30  -5657.001757 -18647.555458  18054.268244   -443.807394  2  5  4  85       
PG31  15265.545776   3868.751577 -21633.129761   -227.383291  5  5  4  79       
PG32  15987.854100  21276.416101  -1605.368487   -606.030888  7  7  4  95       
*  2024  1 18 21  0  0.00000000
PG01  12978.013551 -22442.620317   4524.360890    166.489888  7  5  6  21       
PG02  14956.110389 -17996.009331  12837.931960   -498.897643  4  5  3  42       
PG03  19616.242079 -11737.476505 -13568.483435    135.175140  3  5  4  92       
PG04   8814.184401 -13084.709597 -21334.015448    269.478784  6  5  4  49       
PG05 -25743.522269   6295.283910   2242.101355   -158.462880  4  7  5  80       
PG06  -9698.060599 -12683.836705 -21130.525463    440.003371  3  6  5  60       
PG07   3582.747217 -24793.537086   8545.564373    -40.580734  5  5  4  59       
PG08  15212.127916  -5052.955170  21148.381870   -162.746434  4  5  6  90       
PG09  -2938.528745 -21206.451473 -15766.422456     63.151011  5  4  7  18       
PG10  13884.218749  11477.783461  19831.857925    -69.847415  6  2  4  95       
PG11 -15766.093939  -1064.792687 -21315.070039   -544.733849  7  6  5  75       
PG12 -20344.060936  10735.521983 -13502.308401   -469.215174  7  7  3  79       
PG13 -17959.197200  -5902.361113  18543.455198    617.153513  5  7  5  82       
PG14  -9747.750686 -13826.219809  20538.405960    302.249891  4  5  3  99       
PG15 -14762.667068   6856.318095  20531.084595    118.600283  5  6  3  70       
PG16  26565.773226   1319.508777  -3695.807998   -381.405349  3  5  7  84       
PG17 -12021.380254 -23228.377152   4562.878419    719.551175  5  6  5  96       
PG18  -3578.660815  24475.833130   9435.217292   -535.277408  6  5  4  52       
PG19 -16809.671452 -20132.020855  -5456.525045    428.397969  7  9  8 115       
PG20 -24028.806443   -607.488835 -11052.167250    390.879029  5  5  5  81       
PG21  16053.315343 -13266.433423  16384.105449    137.968870  4  5  2  71       
PG22 -16607.250994 -11497.132379  17527.784310     45.986133  5  5  2 105       
PG23     11.095122  14992.649140  21932.658094    138.016571  5  5  5  93       
PG24 -15084.955514  17183.657447  12749.384902   -416.289417  5  5  5  57       
PG25  -9110.528320  15604.426875 -19713.025630    485.717751  7  5  2  79       
PG26  22694.826741   5216.411658 -13244.805455    199.067779  4  5  4  97       
PG28   8929.460652  15460.074746 -19688.233398   -102.800181  6  6  4  56       
PG29    125.729451  20721.468510 -16603.986199   -608.507030  7  5  6  85       
PG30  -4658.992990 -20353.393241  16385.519605   -443.803171  2  5  4  77       
PG31  14218.571029   6073.922192 -21804.841558   -227.383150  5  5  4  92       
PG32  15821.126987  21451.235647   1239.320497   -606.033377  8  7  5  99       
*  2024  1 18 21 15  0.00000000
PG01  12891.481866 -21697.001029   7350.106447    166.490871  7  5  6  47       
PG02  14721.930315 -16474.400044  15067.540989   -498.892543  4  5  3  48       
PG03  21019.300411 -11804.911263 -11161.237927    135.198250  3  6  4  78       
PG04  10352.395987 -11154.117957 -21747.456327    269.487550  6  5  3  53       
PG05 -25899.948649   6100.269864   -623.482617   -158.464006  5  7  5  71       
PG06  -8781.617566 -14868.563328 -20075.392625    439.991322  3  6  5  45       
PG07   4133.753080 -25418.915460   5847.202649    -40.589337  5  5  4  55       
PG08  16747.387368  -3222.846275  20372.512011   -162.748396  4  5  6  86       
PG09  -1566.573330 -19885.071270 -17593.613212     63.162041  6  5  7  37       
PG10  11646.229263  11915.182403  20964.598425    -69.848636  5  2  4  75       
PG11 -14830.265197  -3349.324227 -21749.521118   -544.746333  8  6  5  60       
PG12 -21728.714625  10667.909914 -11135.668965   -469.218622  7  7  3  82       
PG13 -18927.055482  -7717.672209  16875.918863    617.156894  6  7  6  95       
PG14  -7393.929542 -14223.773569  21221.829137    302.259100  4  5  3  99       
PG15 -16492.247875   5178.362865  19728.336109    118.603754  6  6  3  64       
PG16  26048.124999   1566.243043  -6451.777516   -381.398465  3  6  7  85       
PG17 -11468.207852 -22847.817074   7339.956032    719.550069  5  5  5  97       
PG18  -4117.151984  25260.427818   6746.527698   -535.285605  6  4  3  68       
PG19 -16888.411394 -20605.038388  -2651.930021    428.402624  7  9  8 121       
PG20 -22777.239347  -1310.641860 -13396.847754    390.877547  5  5  6  53       
PG21  15733.495692 -11356.502103  18174.090929    137.967271  4  5  2  83       
PG22 -14596.801673 -11794.924836  19113.407990     45.980238  5  5  2 101       
PG23  -2425.835220  15435.247664  21469.950243    138.023363  5  4  5  90       
PG24 -14930.800094  15501.768329  14882.074979   -416.295784  5  5  5  19       
PG25 -11225.923431  15850.892522 -18329.904834    485.718953  7  5  2  75       
PG26  21190.174729   5821.572912 -15311.352401    199.064541  5  5  4  83       
PG28   8125.172976  17478.175018 -18298.230517   -102.810644  6  6  4  69       
PG29  -1135.378647  19173.373401 -18347.947429   -608.506628  8  6  6  63       
PG30  -3815.438891 -21916.386969  14434.214624   -443.798944  3  5  4  76       
PG31  13285.846321   8332.648252 -21608.464453   -227.383549  6  5  4  89       
PG32  15460.918617  21388.395788   4062.990617   -606.035950  8  8  5  99       
*  2024  1 18 21 30  0.00000000
PG01  12749.460981 -20644.051735  10045.339241    166.491796  6  4  6  71       
PG02  14518.109820 -14716.735835  17043.139790   -498.887722  5  4  2  59       
PG03  22141.061010 -11885.791677  -8562.035468    135.221416  4  6  4  36       
PG04  12005.945665  -9288.750543 -21785.979414    269.496290  6  6  3  44       
PG05 -25754.991617   5827.775752  -3478.421234   -158.465171  5  7  5  75       
PG06  -8031.884586 -16968.281784 -18671.695962    439.979236  4  6  5  46       
PG07   4565.684435 -25772.627656   3046.514272    -40.597386  6  5  3  50       
PG08  18296.443242  -1553.816007  19246.417678   -162.750084  5  5  7  91       
PG09      3.315040 -18501.396200 -19119.306096     63.173101  6  5  7  42       
PG10   9329.958906  12502.864322  21745.347864    -69.850097  5  2  4  83       
PG11 -14007.109633  -5706.020294 -21808.747815   -544.758820  8  7  5  69       
PG12 -22843.001726  10628.363519  -8579.217402   -469.221991  7  7  3  82       
PG13 -19871.999288  -9306.712046  14916.189450    617.160103  6  7  6  92       
PG14  -5005.783817 -14750.117935  21541.562161    302.268320  4  5  4  87       
PG15 -18208.133716   3656.486918  18573.162060    118.607706  6  6  3  66       
PG16  25246.367808   1880.406952  -9100.638243   -381.391409  4  6  7  77       
PG17 -10703.897912 -22260.064865   9991.270968    719.549515  5  4  5 100       
PG18  -4516.246300  25775.465145   3940.512023   -535.293810  7  4  4  66       
PG19 -16800.919718 -20820.585583    197.214024    428.407435  7  8  8 116       
PG20 -21329.566717  -2173.990600 -15508.284835    390.876267  6  5  6  77       
PG21  15474.257459  -9262.184954  19652.280918    137.966284  4  5  3  81       
PG22 -12451.338126 -12218.497306  20378.386348     45.974704  5  5     84       
PG23  -4765.677292  15992.081841  20637.542065    138.030183  5  4  4  81       
PG24 -14808.114973  13589.088339  16746.961263   -416.302132  5  5  6  62       
PG25 -13162.602739  16163.240793 -16636.532800    485.720133  7  5  2  93       
PG26  19509.134149   6563.322152 -17120.911379    199.061294  5  6  5  82       
PG28   7472.865652  19366.631806 -16593.941224   -102.821103  6  6  4  63       
PG29  -2589.871451  17555.976209 -19776.254637   -608.505390  8  6  6  93       
PG30  -3115.639130 -23295.678854  12233.349654   -443.794728  4  5  4  83       
PG31  12482.435609  10599.975490 -21046.060484   -227.383562  6  4  4  65       
PG32  14883.001980  21116.492498   6817.853833   -606.038432  8  8  5  76       
*  2024  1 18 21 45  0.00000000
PG01  12593.052029 -19292.310570  12561.703605    166.492760  6  4  6  78       
PG02  14377.655458 -12752.670101  18733.011924   -498.882765  5  4  3  86       
PG03  22967.086300 -11940.736279  -5815.285624    135.244567  4  6  4  43       
PG04  13742.601130  -7525.997245 -21449.329202    269.505006  6  7  2  57       
PG05 -25323.895544   5442.887565  -6274.004193   -158.466820  6  7  5  93       
PG06  -7444.213542 -18933.813996 -16943.694170    439.967166  4  6  5  22       
PG07   4909.411170 -25833.402468    192.185966    -40.605894  7  4  3  66       
PG08  19817.880937    -66.598957  17790.630783   -162.751999  5  5  7  87       
PG09   1756.306891 -17098.567216 -20317.673199     63.184043  6  6  7  24       
PG10   6983.807025  13240.199332  22160.327049    -69.851665  5  2  3  89       
PG11 -13313.829973  -8088.409473 -21491.874528   -544.771303  8  7  5  66       
PG12 -23670.112121  10580.134646  -5876.045762   -469.225600  7  7  3  82       
PG13 -20752.038299 -10655.019749  12698.956803    617.163578  7  7  6  99       
PG14  -2630.445190 -15399.533502  21491.592071    302.277512  4  5  3  79       
PG15 -19866.730483   2306.953606  17087.511680    118.611068  6  5  4  87       
PG16  24182.365777   2294.109901 -11598.766383   -381.384454  4  6  7  92       
PG17  -9714.524438 -21503.360094  12472.281102    719.548840  5  4  5  95       
PG18  -4807.628538  25997.697007   1065.930027   -535.302078  7  3  4  64       
PG19 -16515.198899 -20799.173497   3043.017550    428.411976  7  8  7 121       
PG20 -19726.789774  -3209.300258 -17349.837210    390.874804  6  5  6  71       
PG21  15303.257287  -7021.788098  20796.598932    137.964838  4  5  3  89       
PG22 -10215.804971 -12778.249941  21302.991320     45.968499  4  5     79       
PG23  -6964.543747  16639.870639  19449.214174    138.036943  5  5  4  60       
PG24 -14746.640394  11477.781090  18310.302276   -416.308478  5  5  6  69       
PG25 -14888.495366  16510.772021 -14660.394621    485.721312  8  5  1  78       
PG26  17691.055054   7452.862542 -18642.795476    199.058043  6  6  5  91       
PG28   6961.019878  21081.817734 -14604.590494   -102.831505  6  6  4  75       
PG29  -4225.097817  15915.075850 -20864.681807   -608.505071  8  6  6  90       
PG30  -2541.998905 -24454.555911   9820.439274   -443.790487  4  4  4  80       
PG31  11815.770056  12829.046264 -20125.830970   -227.383919  6  4  4  73       
PG32  14069.909665  20669.399725   9457.457936   -606.040972  8  7  5  86       
*  2024  1 18 22  0  0.00000000
PG01  12461.942512 -17659.995191  14853.897461    166.493742  6  4  6  78       
PG02  14328.333868 -10617.975457  20110.423962   -498.877475  5  4  3  77       
PG03  23491.952572 -11929.394815  -2968.128199    135.267745  5  6  4  80       
PG04  15524.598074  -5897.251764 -20743.705966    269.513711  6  7  2  71       
PG05 -24629.815752   4914.616533  -8962.718040   -158.467874  7  7  6  69       
PG06  -7005.592502 -20718.925083 -14921.342878    439.955050  4  5  5  15       
PG07   5199.172348 -25588.272123  -2665.499421    -40.614330  7  4  3  64       
PG08  21268.598316   1226.153931  16031.141427   -162.754374  6  4  7  95       
PG09   3669.754264 -15717.434598 -21168.504058     63.195083  6  6  6  46       
PG10   4656.012646  14118.200067  22201.724866    -69.853444  5  2  3  78       
PG11 -12759.699268 -10447.983133 -20804.520661   -544.783745  9  7  5  65       
PG12 -24201.692713  10484.916407  -3072.044859   -469.228933  7  7  3  70       
PG13 -21524.811045 -11756.960421  10263.151067    617.166873  7  6  7  98       
PG14   -313.735656 -16158.562227  21072.223417    302.286709  5  5  4  87       
PG15 -21424.058586   1137.761269  15299.194347    118.614548  6  4  4  79       
PG16  22884.796162   2834.921664 -13905.118108   -381.377562  5  7  7  94       
PG17  -8494.085068 -20619.214195  14741.768151    719.547986  5  4  4 100       
PG18  -5026.913651  25912.222402  -1827.205699   -535.310315  8  3  4  87       
PG19 -16004.787267 -20567.995629   5837.426015    428.416588  6  7  7 117       
PG20 -18013.020523  -4420.511147 -18889.649091    390.873645  7  5  6  83       
PG21  15241.543568  -4677.904262  21590.948204    137.963155  4  5  3  80       
PG22  -7936.710841 -13476.839101  21873.152252     45.962696  4  5     90       
PG23  -8983.752696  17348.702979  17924.949273    138.043763  6  5  3  81       
PG24 -14770.837936   9206.510514  19544.012341   -416.314829  4  6  6  80       
PG25 -16378.210055  16858.447507 -12433.982136    485.722517  8  6     85       
PG26  15777.939940   8494.118619 -19850.962358    199.054803  6  6  5  82       
PG28   6570.846288  22584.309698 -12364.302631   -102.841949  6  6  4  78       
PG29  -6020.235057  14294.509602 -21594.878237   -608.504356  8  6  6  85       
PG30  -2070.875384 -25361.830811   7236.897247   -443.786257  5  4  4  77       
PG31  11285.407093  14972.695152 -18862.074261   -227.384262  6  4  4  55       
PG32  13011.736258  20084.874828  11937.421752   -606.043516  8  7  6  94       
*  2024  1 18 22 15  0.00000000
PG01  12392.637011 -15774.459995  16880.596335    166.494734  6  4  6  68       
PG02  14391.607173  -8353.325489  21153.930124   -498.872749  5  3  3  67       
PG03  23719.380270 -11812.177157    -69.630856    135.290855  5  6  5  76       
PG04  17309.983888  -4426.871497 -19681.631500    269.522453  6  7  4  74       
PG05 -23702.879765   4217.260562 -11499.023865   -158.469384  7  7  6  66       
PG06  -6695.307660 -22282.003597 -12639.764986    439.942957  5  5  6  50       
PG07   5471.023296 -25033.241191  -5475.602004    -40.622892  8  4  3  46       
PG08  22605.399220   2320.112012  13998.889777   -162.756337  6  4  7  93       
PG09   5713.879831 -14395.053665 -21657.524858     63.206088  6  6  6  67       
PG10   2393.014425  15119.740129  21867.875369    -69.854554  5  3  3  53       
PG11 -12345.784448 -12735.886978 -19758.692698   -544.796146  9  7  5  66       
PG12 -24438.123407  10304.481272   -215.159123   -469.232298  7  7  3  72       
PG13 -22149.261272 -12615.691387   7651.221495    617.170269  8  6  7  96       
PG14   1901.406996 -17006.452820  20290.110974    302.295918  5  5  4  86       
PG15 -22837.429558    148.596163  13241.241155    118.618120  6  4  3  91       
PG16  21388.125937   3524.701220 -15981.809337   -381.370297  5  7  7  84       
PG17  -7044.837708 -19650.758506  16762.442938    719.547122  4  4  4  97       
PG18  -5212.047053  25513.105793  -4688.529000   -535.318531  8  2  5  71       
PG19 -15249.939694 -20159.821739   8532.984758    428.421254  6  7  7 119       
PG20 -16233.827745  -5803.402072 -20101.209044    390.872258  7  5  6  91       
PG21  15302.838195  -2275.929634  22025.244256    137.962469  4  5  3  75       
PG22  -5660.564300 -14309.041008  22080.578721     45.957071  3  5     82       
PG23 -10791.145115  18083.200095  16090.621440    138.050573  7  6  2  88       
PG24 -14898.788658   6819.049921  20426.229616   -416.321107  4  6  7 100       
PG25 -17613.887296  17168.283225  -9994.340012    485.723710  8  5     83       
PG26  13812.990539   9683.407166 -20724.450665    199.051554  6  6  5  70       
PG28   6277.172541  23840.295862  -9911.522257   -102.852404  7  6  5  87       
PG29  -7946.924969  12734.553274 -21954.657668   -608.503788  8  6  6  87       
PG30  -1673.674827 -25993.029422   4527.332838   -443.782034  6  4  4  76       
PG31  10883.095946  16985.083511 -17275.044281   -227.384484  6  4  4  84       
PG32  11706.661697  19403.039554  14216.129085   -606.046032  8  7  6  95       
*  2024  1 18 22 30  0.00000000
PG01  12416.820358 -13671.274641  18605.300648    166.495767  6  4  6  69       
PG02  14581.822468  -6002.925899  21847.594320   -498.867231  5  3  3  73       
PG03  23662.018400 -11551.971477   2830.060503    135.314025  6  5  5  36       
PG04  19054.128621  -3131.420009 -18281.708368    269.531187  6  8  4  77       
PG05 -22579.004438   3331.558903 -13840.091957   -158.470485  8  7  6  54       
PG06  -6485.917776 -23587.570659 -10138.624829    439.930848  5  5  6  71       
PG07   5761.178033 -24173.608259  -8187.520801    -40.631366  8  4  3  59       
PG08  23786.585361   3219.181883  11729.191963   -162.759430  6  4  8  88       
PG09   7852.739565 -13163.341751 -21776.618629     63.217101  6  6  6  15       
PG10    237.869433  16220.087090  21163.348561    -69.856163  6  3  3  69       
PG11 -12065.000412 -14904.629097 -18372.565841   -544.808587  9  7  5  58       
PG12 -24388.469914  10002.342554   2645.415436   -469.235777  7  7  3  64       
PG13 -22587.260099 -13242.793969   4908.371457    617.173538  8  6  7  85       
PG14   3976.397367 -17915.903264  19158.184123    302.305122  5  5  4  81       
PG15 -24067.056099   -668.868799  10951.178383    118.621461  6  4  3  81       
PG16  19731.400713   4378.636221 -17794.650449   -381.363353  5  7  7  88       
PG17  -5377.327010 -18641.072682  18501.465525    719.546062  3  4  3 101       
PG18  -5401.613058  24803.653273  -7468.228036   -535.326739  8  3  5  92       
PG19 -14238.576514 -19611.684575  11083.611764    428.425993  5  6  6 117       
PG20 -14434.542104  -7345.582720 -20963.806114    390.870808  7  5  6  72       
PG21  15493.119283    137.473174  22095.353072    137.961939  3  5  3  69       
PG22  -3432.333885 -15261.908450  21922.806078     45.951057  3  5     52       
PG23 -12362.155985  18803.910763  13977.576601    138.057431  7  6  2  94       
PG24 -15141.378884   4362.681838  20941.735872   -416.327461  3  6  7  91       
PG25 -18585.782339  17400.889762  -7382.518236    485.724881  8  5  1  89       
PG26  11839.112802  11009.393815 -21247.749879    199.048312  7  6  5  69       
PG28   6049.584677  24822.778813  -7288.360584   -102.862844  7  6  5  73       
PG29  -9970.202842  11270.475121 -21938.181623   -608.503315  8  6  6  83       
PG30  -1318.158821 -26331.334785   1738.773733   -443.777801  6  4  4  74       
PG31  10593.153613  18823.313173 -15390.705295   -227.384317  6  4  5  72       
PG32  10161.178584  18664.792558  16255.374006   -606.048569  8  7  6  79       
*  2024  1 18 22 45  0.00000000
PG01  12559.927821 -11392.960845  19997.081330    166.496803  5  4  5  83       
PG02  14905.676273  -3613.044219  22181.134718   -498.862132  4  3  3  87       
PG03  23340.888242 -11115.782758   5680.603630    135.337225  6  5  5  67       
PG04  20711.344782  -2019.218671 -16568.278451    269.539854  6  8  5  59       
PG05 -21298.515183   2245.598663 -15946.484032   -158.471618  8  7  6  79       
PG06  -6344.501533 -24607.557987  -7461.418350    439.918744  5  6  6  83       
PG07   6104.318386 -23023.914433 -10752.021562    -40.639724  8  4  3  69       
PG08  24773.487933   3935.114390   9261.112216   -162.761228  7  4  8  61       
PG09  10045.422368 -12047.945880 -21523.944448     63.228141  6  6  6  43       
PG10  -1771.211969  17387.735747  20098.949553    -69.858600  6  4  3  57       
PG11 -11902.491375 -16909.739075 -16670.159722   -544.821049  9  7  6  77       
PG12 -24070.109187   9545.374112   5460.078235   -469.239263  7  7  3  75       
PG13 -22805.112584 -13657.591188   2081.764906    617.176873  8  5  7  89       
PG14   5878.307436 -18854.074505  17695.461477    302.314354  5  5  4  89       
PG15 -25077.530174  -1330.352559   8470.236696    118.624982  6  4  3  79       
PG16  17956.886876   5404.523939 -19313.633868   -381.356222  5  7  7  83       
PG17  -3510.107320 -17631.554029  19930.879678    719.545556  3  4  3  85       
PG18  -5633.120631  23796.334903 -10117.943067   -535.334972  8  3  5  66       
PG19 -12966.961774 -18963.404639  13445.368093    428.430627  4  6  6 124       
PG20 -12658.588004  -9026.814613 -21462.875564    390.869542  8  5  6  89       
PG21  15810.504016   2515.911684  21802.950278    137.960269  3  5  4  89       
PG22  -1293.982544 -16315.210138  21403.168552     45.945287  3  5  2  75       
PG23 -13680.595720  19468.886193  11622.109436    138.064231  7  6  2  90       
PG24 -15501.809223   1886.461370  21082.217803   -416.333765  3  6  7 104       
PG25 -19292.550392  17517.102674  -4642.933833    485.726035  8  5  2  74       
PG26   9897.432626  12453.340616 -21411.097039    199.045081  7  6  5  47       
PG28   5853.777955  25512.528674  -4539.877613   -102.873329  7  5  6  76       
PG29 -12049.683245   9931.297309 -21546.035639   -608.502785  8  6  6  94       
PG30   -969.908455 -26368.246233  -1080.170616   -443.773595  7  4  4  73       
PG31  10393.143649  20448.957833 -13240.379895   -227.384613  7  3  5  89       
PG32   8390.016787  17910.210977  18020.950945   -606.051087  8  7  6  91       
*  2024  1 18 23  0  0.00000000
PG01  12839.987611  -8987.441353  21031.201979    166.497852  5  3  4  74       
PG02  15361.965637  -1230.488257  22149.995990   -498.857179  4  3  3  80       
PG03  22784.505425 -10476.224724   8432.357602    135.360417  6  6  6  62       
PG04  22236.553947  -1090.222084 -14570.987971    269.548529  6  8  6  62       
PG05 -19904.619825    955.441261 -17782.774935   -158.473361  8  7  6  77       
PG06  -6234.126991 -25322.304256  -4654.693329    439.906593  6  6  7  94       
PG07   6531.946202 -21607.509899 -13122.267600    -40.648320  9  4  3  54       
PG08  25531.884095   4486.822187   6636.792913   -162.763113  7  4  8  90       
PG09  12247.441572 -11067.362496 -20903.954992     63.239167  7  6  5           
PG10  -3602.160492  18585.516483  18691.621187    -69.860450  6  4  3  61       
PG11 -11836.323448 -18711.314871 -14680.914436   -544.833530  9  7  6  74       
PG12 -23508.036158   8905.322520   8179.701839   -469.242537  7  6  3  72       
PG13 -22774.893361 -13886.183083   -780.281292    617.180222  8  5  7  84       
PG14   7580.957071 -19783.838325  15926.756275    302.323549  6  6  4  94       
PG15 -25839.112451  -1858.057970   5842.519632    118.628271  7  4  3  84       
PG16  16108.611775   6602.317242 -20513.372270   -381.349237  6  7  7  74       
PG17  -1469.178707 -16660.384214  21027.962828    719.544683  3  5  3  93       
PG18  -5941.336559  22512.356232 -12591.635713   -535.343225  8  4  5 103       
PG19 -11440.080366 -18256.005188  15577.214525    428.435595  1  6  5 118       
PG20 -10945.908084 -10819.646794 -21590.229200    390.867755  8  5  7  93       
PG21  16245.421205   4814.749741  21155.315588    137.959605  3  5  4  81       
PG22    716.876910 -17442.134112  20530.704175     45.939613  4  5  3  70       
PG23 -14739.109429  20035.373302   9064.844378    138.071004  8  6  2  94       
PG24 -15975.446074   -560.578499  20846.365951   -416.340095  3  6  7 110       
PG25 -19741.215706  17479.641283  -1822.647495    485.727216  8  5  3  83       
PG26   8025.875519  13989.639949 -21210.693589    199.041843  7  6  5  78       
PG28   5653.064704  25898.749392  -1713.312145   -102.883782  7  5  6  93       
PG29 -14140.957066   8738.810425 -20785.198764   -608.502389  9  5  6  88       
PG30   -593.887528 -26103.923470  -3880.188958   -443.769403  8  4  4  73       
PG31  10254.838010  21829.451351 -10860.289417   -227.384930  7  3  5  95       
PG32   6415.768911  17176.998284  19483.183822   -606.053640  8  7  6  79       
*  2024  1 18 23 15  0.00000000
PG01  13266.788085  -6506.269166  21689.600113    166.498894  5  3  4  58       
PG02  15941.628747   1098.916821  21755.353897   -498.851948  3  3  4  71       
PG03  22027.712889  -9612.803147  11037.278581    135.383606  6  6  6  81       
PG04  23586.936826   -336.219458 -12324.267410    269.557239  7  8  6  80       
PG05 -18441.793960   -534.552674 -19318.106924   -158.474102  9  7  5  83       
PG06  -6115.483322 -25721.230689  -1767.215280    439.894462  6  6  7  95       
PG07   7070.856038 -19955.748600 -15254.822090    -40.656531  9  4  3  53       
PG08  26033.249131   4899.437940   3900.753613   -162.764385  8  4  8  96       
PG09  14412.266475 -10232.340982 -19927.313089     63.250218  7  7  6  28       
PG10  -5230.121311  19771.942924  16964.246041    -69.861214  6  4  3  77       
PG11 -11838.460439 -20275.398695 -12439.174799   -544.846013  9  7  7  82       
PG12 -22733.873709   8060.148191  10756.523875   -469.246110  7  6  3  77       
PG13 -22475.563692 -13960.240909  -3629.105717    617.183241  8  5  7  91       
PG14   9065.746392 -20665.212614  13882.275181    302.332764  6  6  4  97       
PG15 -26328.787186  -2279.524117   3114.153550    118.631759  7  5  4  82       
PG16  14230.849641   7963.951417 -21373.484790   -381.342149  6  7  7  72       
PG17    712.838564 -15761.144133  21775.493886    719.543748  4  5  3  90       
PG18  -6356.734082  20980.896612 -14846.412038   -535.351476  8  5  5 100       
PG19  -9671.693648 -17530.075168  17441.741751    428.440307  2  6  5 117       
PG20  -9331.541733 -12690.339776 -21344.167887    390.866537  9  5  7  97       
PG21  16781.055209   6992.498630  20165.075091    137.958021  3  5  4  84       
PG22   2568.163249 -18610.229329  19319.995104     45.933840  5  5  4  72       
PG23 -15539.294147  20461.559468   6350.030814    138.077773  8  6  2 106       
PG24 -16550.017769  -2931.199913  20239.813557   -416.346398  3  6  7 108       
PG25 -19946.818148  17254.729965   1029.435995    485.728368  8  5  3  71       
PG26   6257.862288  15586.620137 -20648.835738    199.038532  8  6  6  74       
PG28   5409.980503  25979.432303   1142.727489   -102.894225  6  5  6  90       
PG29 -16197.146674   7706.876638 -19668.908201   -608.501751  9  5  6  73       
PG30   -156.040560 -25547.198289  -6612.173315   -443.765212  8  3  4  70       
PG31  10145.430068  22939.275322  -8290.988662   -227.385128  7  3  6  85       
PG32   4268.230201  16499.033606  20617.388962   -606.056215  8  7  6  66       
*  2024  1 18 23 30  0.00000000
PG01  13841.406237  -4002.715519  21961.215244    166.499929  5  3  5  94       
PG02  16628.069520   3331.804215  21004.056178   -498.846928  3  3  4  90       
PG03  21110.269653  -8512.936201  13449.795268    135.406770  6  7  6  67       
PG04  24723.504584    258.648099  -9866.735826    269.565969  8  9  6  71       
PG05 -16954.137015  -2211.710641 -20526.670648   -158.476125  9  7  5  63       
PG06  -5948.608507 -25803.170009   1150.904260    439.882315  6  6  7  92       
PG07   7741.802147 -18106.840494 -17110.589413    -40.665077  9  4  3  77       
PG08  26255.801494   5203.151212   1099.169168   -162.765898  8  5  8  75       
PG09  16492.937097  -9545.592237 -18610.709116     63.261304  7  7  6  52       
PG10  -6638.262783  20902.753143  14945.344893    -69.862881  6  4  3  82       
PG11 -11875.983983 -21575.129855  -9983.592219   -544.858495  9  7  7  89       
PG12 -21784.620769   6995.137081  13145.034804   -469.249529  7  6  3  82       
PG13 -21893.831471 -13915.609151  -6416.499272    617.186459  8  5  7  95       
PG14  10322.195951 -21456.929017  11597.115424    302.341958  6  6  4  96       
PG15 -26531.048589  -2626.293159    332.439027    118.635346  8  5  5  84       
PG16  12366.602762   9473.459571 -21878.927889   -381.335044  6  7  7  64       
PG17   2997.758366 -14961.621130  22161.941947    719.542899  5  5  3  96       
PG18  -6904.119938  19238.045565 -16843.283066   -535.359666  8  5  5 101       
PG19  -7684.064333 -16824.141527  19005.860407    428.444920  4  6  4 114       
PG20  -7844.412077 -14600.040001 -20729.476444    390.865365  9  5  8  94       
PG21  17394.036560   9012.074165  18849.901793    137.956879  3  5  5  85       
PG22   4234.308451 -19782.553125  17790.946016     45.927889  6  5  5  75       
PG23 -16091.467875  20708.298888   3524.764882    138.084558  8  6  1  98       
PG24 -17206.140916  -5181.634895  19274.923381   -416.352651  3  7  7 108       
PG25 -19931.743905  16813.614578   3863.431172    485.729543  7  4  4  87       
PG26   4621.170067  17207.598038 -19733.952067    199.035263  8  5  6  83       
PG28   5087.926015  25761.383046   3979.098211   -102.904692  6  5  6  91       
PG29 -18170.560556   6841.046099 -18216.422382   -608.501078  9  6  7  87       
PG30    375.141039 -24715.250604  -9228.129481   -443.760999  8  3  4  85       
PG31  10028.955296  23760.894074  -5576.699997   -227.385448  7  3  6  87       
PG32   1983.475927  15905.074060  21404.267022   -606.058792  8  7  6  73       
*  2024  1 18 23 45  0.00000000
PG01  14556.116398  -1529.801265  21842.157216    166.500959  5  3  5  86       
PG02  17397.752916   5428.647844  19908.502697   -498.841601  4  3  5  78       
PG03  20075.251011  -7172.667775  15627.645483    135.429981  6  8  6  74       
PG04  25612.532501    717.076210  -7240.539878    269.574671  8  9  7  65       
PG05 -15483.758641  -4055.347537 -21388.107911   -158.476795 10  7  5  77       
PG06  -5694.643030 -25576.337021   4049.099718    439.870164  7  6  7 100       
PG07   8558.425507 -16104.409372 -18655.664035    -40.673537  9  4  4  81       
PG08  26185.306221   5431.868863  -1720.863635   -162.767551  8  5  8  73       
PG09  18443.702447  -9001.812294 -16976.582244     63.272342  7  7  7  38       
PG10  -7818.285211  21932.589802  12668.670431    -69.864727  6  4  2  98       
PG11 -11912.509778 -22591.631312  -7356.454850   -544.870993  9  7  8  96       
PG12 -20701.185489   5703.732538  15302.841785   -469.252932  7  5  4  79       
PG13 -21024.725787 -13790.770011  -9095.479632    617.189901  8  6  6  99       
PG14  11348.171898 -22118.071833   9110.667580    302.351186  6  6  5  92       
PG15 -26438.397212  -2932.450502  -2454.979050    118.638638  8  6  5  91       
PG16  10556.128116  11107.375945 -22020.266809   -381.327953  7  7  7  59       
PG17   5343.073035 -14282.845271  22181.579125    719.541804  6  5  4 103       
PG18  -7601.495097  17325.480744 -18547.848117   -535.367845  8  6  5  97       
PG19  -5507.353730 -16173.113986  20241.436405    428.449588  6  6  4 119       
PG20  -6506.366825 -16506.157481 -19757.303412    390.863986  9  6  8  97       
PG21  18055.349664  10841.886635  17232.182543    137.955817  4  5  6  91       
PG22   5697.008771 -20918.986608  15968.502416     45.922099  6  5  6  81       
PG23 -16414.098497  20740.750607    638.152411    138.091248  8  7  1 101       
PG24 -17918.147331  -7273.092307  17970.435442   -416.358976  4  7  7 112       
PG25 -19724.760653  16133.908277   6629.383397    485.730715  7  4  5  65       
PG26   3137.003383  18812.144276 -18480.542729    199.032043  8  5  6  78       
PG28   4652.780193  25259.920455   6746.968148   -102.915107  6  5  7  74       
PG29 -20014.385384   6138.499361 -16452.687046   -608.500659  9  6  7  61       
PG30   1027.150819 -23632.959959 -11682.072482   -443.756774  9  3  4  67       
PG31   9867.865666  24285.393757  -2764.555370   -227.385382  7  3  7  91       
PG32   -397.292006  15417.656468  21830.219387   -606.061309  7  7  6  77       
EOF
