#cP2024  1 11  0  0  0.00000000      96 ORBIT IGS20 HLM  IGS
## 2296 345600.00000000   900.00000000 60320 0.0000000000000
+   31   G01G02G03G04G05G06G07G08G09G10G11G12G13G14G15G16G17
+        G18G19G20G21G22G23G24G25G26G28G29G30G31G32  0  0  0
+          0  0  0  0  0  0  0  0  0  0  0  0  0  0  0  0  0
+          0  0  0  0  0  0  0  0  0  0  0  0  0  0  0  0  0
+          0  0  0  0  0  0  0  0  0  0  0  0  0  0  0  0  0
++         2  2  2  2  2  2  2  3  2  2  2  2  2  2  2  2  2
++         2  2  2  2  2  2  0  2  2  2  2  2  2  2  0  0  0
++         0  0  0  0  0  0  0  0  0  0  0  0  0  0  0  0  0
++         0  0  0  0  0  0  0  0  0  0  0  0  0  0  0  0  0
++         0  0  0  0  0  0  0  0  0  0  0  0  0  0  0  0  0
%c G  cc GPS ccc cccc cccc cccc cccc ccccc ccccc ccccc ccccc
%c cc cc ccc ccc cccc cccc cccc cccc ccccc ccccc ccccc ccccc
%f  1.2500000  1.025000000  0.00000000000  0.000000000000000
%f  0.0000000  0.000000000  0.00000000000  0.000000000000000
%i    0    0    0    0      0      0      0      0         0
%i    0    0    0    0      0      0      0      0         0
/* FINAL ORBIT COMBINATION FROM WEIGHTED AVERAGE OF:        
/* cod emr esa gfz grg jgx jpl mit ngs sio                  
/* REFERENCED TO IGS TIME (IGST) AND TO WEIGHTED MEAN POLE: 
/* PCV:IGS20      OL/AL:FES2014b NONE     Y  ORB:CMB CLK:CMB
*  2024  1 11  0  0  0.00000000
PG01  13871.050550  -3914.775867  21957.703841    165.768579 10  9  9  83       
PG02  16549.312805   3264.050991  21076.474431   -502.731522  7  7  7  85       
PG03  21265.882384  -8585.671244  13158.595248    117.522862  5  7  9  66       
PG04  24498.988263     85.489278 -10412.540325    262.837781  9  6  8  52       
PG05 -17140.275843  -2045.356366 -20388.406534   -157.498923  7  7  5  81       
PG06  -6086.572548 -25791.438248    466.975422    449.005494  8  7  5  72       
PG07   7614.436296 -18455.600894 -16794.763378    -34.223328 10  5  6  91       
PG08  26245.148077   5066.232693   1736.369885   -161.483118  8  8  8  42       
PG09  16208.847961  -9606.244194 -18829.307939     54.834375 10  7  3  69       
PG10  -6420.540636  20707.875919  15315.453600    -68.838692  7  3  4  72       
PG11 -11879.734715 -21343.355621 -10464.670227   -535.210321  9  9  7  74       
PG12 -21956.525566   7153.827238  12774.790220   -466.616021  7  6  9  98       
PG13 -22027.364772 -13923.001482  -5908.299352    614.607756  7  7 10  77       
PG14  10114.719964 -21319.398988  12031.835881    295.269857  8  6  6  83       
PG15 -26517.933584  -2494.679172    944.482497    115.950708  5  7  7  98       
PG16  12662.171583   9222.695192 -21821.163422   -386.686753  8  6  5  74       
PG17   2551.065247 -15101.394727  22121.274302    720.161585  9  5  5  90       
PG18  -6767.456704  19603.468496 -16471.384390   -529.018656  6  6  7 101       
PG19  -8045.059763 -16943.555017  18755.991814    424.807720  9  4  4  86       
PG20  -8080.219219 -14276.909346 -20861.572443    392.154039  9  9  5  90       
PG21  17281.014532   8739.191270  19074.427042    138.796543  7  8  6  85       
PG22   3998.513898 -19585.028408  18066.479026     50.404216  9  6  6  74       
PG23 -16036.126829  20664.813747   4004.116861    132.912999  8  6  8  78       
PG24 -17092.128838  -4848.221497  19452.691838 999999.999999                    
PG25 -19925.041075  16954.452862   3279.816145    484.805225  6  5  7  82       
PG26   5046.050212  16807.477895 -19980.971338    201.470494  7  5  6  70       
PG28   5250.830574  25820.344720   3335.032587    -95.053615  7  6  4  56       
PG29 -17810.092855   6991.104848 -18511.240005   -608.867203  9  7  7  96       
PG30    298.584987 -24877.161689  -8789.283035   -446.967674  8  6  5  72       
PG31  10059.759758  23627.254442  -6087.822859   -227.225513  8  7  5  33       
PG32   2478.999727  16013.360944  21272.421311   -604.098253  4  7  5  61       
*  2024  1 11  0 15  0.00000000
PG01  14557.036423  -1433.507707  21847.131787    165.769490 10  9  9  83       
PG02  17298.922474   5378.275195  20008.059830   -502.726611  6  7  6  83       
PG03  20238.346118  -7279.429758  15368.044943    117.546387  5  7  9  79       
PG04  25444.943581    568.913406  -7819.044474    262.846562  9  6  8  62       
PG05 -15658.973719  -3863.598645 -21295.903117   -157.500410  8  7  5  75       
PG06  -5855.650456 -25636.653125   3374.032197    448.993666  8  6  4  75       
PG07   8404.039500 -16477.991945 -18398.135975    -34.231873  9  5  5  95       
PG08  26242.392761   5308.200768  -1084.154533   -161.485234  8  8  8  28       
PG09  18180.591314  -9037.695919 -17241.164698     54.845299  9  7  4  66       
PG10  -7641.186062  21757.829303  13080.932904    -68.840457  6  3  5  75       
PG11 -11919.630756 -22414.758715  -7867.025385   -535.223025  9  8  7  94       
PG12 -20889.996461   5900.686323  14972.922920   -466.619267  7  6  8  95       
PG13 -21211.206454 -13810.493599  -8610.739497    614.611339  8  7 10  74       
PG14  11182.299570 -22007.567672   9578.894774    295.279074  8  6  6  65       
PG15 -26490.816148  -2806.728711  -1845.744403    115.954060  6  6  7 100       
PG16  10838.048514  10836.163018 -22023.520713   -386.679752  8  6  4  53       
PG17   4888.870292 -14399.827058  22210.187410    720.161117  9  5  6  91       
PG18  -7436.205489  17721.692781 -18235.780860   -529.027105  6  6  7  89       
PG19  -5899.069495 -16279.721662  20051.400134    424.812795  9  3  3  79       
PG20  -6713.661864 -16185.546226 -19950.388761    392.152226  9  9  5  82       
PG21  17933.128086  10601.348038  17501.997593    138.795231  7  7  6  88       
PG22   5496.715857 -20728.717157  16290.283979     50.398545  9  5  6  74       
PG23 -16395.772592  20734.998789   1124.342278    132.919659  7  6  8  35       
PG24 -17793.778607  -6968.664925  18202.188868 999999.999999                    
PG25 -19756.077423  16325.662875   6064.266682    484.806339  6  5  7  38       
PG26   3529.457826  18424.853198 -18805.544587    201.467354  7  5  5  76       
PG28   4842.387156  25383.295955   6122.422979    -95.063653  7  6  4  63       
PG29 -19681.940664   6259.785711 -16802.601546   -608.866683  9  6  7  99       
PG30    927.640933 -23835.528655 -11273.709380   -446.963585  8  5  5  67       
PG31   9909.307596  24207.328038  -3290.491158   -227.225755  8  7  5  36       
PG32    113.229777  15506.219196  21772.329270   -604.100954  4  6  4  55       
*  2024  1 11  0 30  0.00000000
PG01  15368.099829    968.692479  21349.053994    165.770405 10  8  8  78       
PG02  18105.831530   7325.023194  18611.533538   -502.721680  6  7  6  72       
PG03  19131.391353  -5736.996621  17309.228152    117.569905  4  7  8  73       
PG04  26121.157460    938.440907  -5091.948878    262.855333  8  6  8  41       
PG05 -14228.275447  -5824.426961 -21843.249014   -157.501457  8  7  4  85       
PG06  -5508.665310 -25185.962390   6222.710682    448.981898  7  5  3  72       
PG07   9344.545357 -14385.458651 -19667.509270    -34.240466  9  6  5 107       
PG08  25940.871917   5503.917833  -3886.509087   -161.487817  9  8  8  50       
PG09  19985.973406  -8601.880590 -15358.841613     54.856265  9  7  5  78       
PG10  -8633.350802  22669.872410  10620.094634    -68.842173  6  4  5  89       
PG11 -11927.444963 -23193.972954  -5134.248897   -535.235767  9  8  7  93       
PG12 -19725.109738   4422.414158  16907.778936   -466.622433  7  6  8  93       
PG13 -20109.976961 -13650.079390 -11167.883872    614.614810  8  7 10  65       
PG14  12023.743151 -22533.153744   6959.582635    295.288350  8  6  7  80       
PG15 -26168.611047  -3106.244750  -4604.755832    115.957648  6  6  7  76       
PG16   9098.095607  12549.376747 -21858.269705   -386.673022  8  6  4  77       
PG17   7250.313934 -13830.709226  21931.916411    720.160108  9  5  6  98       
PG18  -8263.965992  15706.863345 -19684.007528   -529.035529  7  6  7  91       
PG19  -3594.083115 -15695.856899  20999.147252    424.817176  9  3  2  88       
PG20  -5508.449097 -18053.772201 -18695.630193    392.150486  8  9  4 103       
PG21  18605.821482  12252.125493  15649.342836    138.794083  7  6  6  84       
PG22   6781.996295 -21801.874586  14245.145089     50.392271  8  4  6  75       
PG23 -16546.593908  20566.463921  -1775.008456    132.926344  7  6  8  81       
PG24 -18525.963703  -8902.522296  16632.401220 999999.999999                    
PG25 -19422.091670  15445.519920   8741.636905    484.807543  6  5  7  41       
PG26   2176.627336  19992.713911 -17306.621075    201.464266  7  4  5  67       
PG28   4296.387905  24680.573311   8804.391659    -95.073760  7  6  5  68       
PG29 -21387.762819   5683.462301 -14806.914206   -608.866084  9  6  7 102       
PG30   1696.061895 -22569.273709 -13560.196791   -446.959460  7  5  4  72       
PG31   9683.571457  24489.693113   -435.272837   -227.225876  7  6  5  50       
PG32  -2312.755597  15118.628255  21904.681693   -604.103706  4  6  4  42       
*  2024  1 11  0 45  0.00000000
PG01  16280.795397   3244.662327  20473.633425    165.771318  9  8  8  83       
PG02  18935.940683   9075.248200  16909.393237   -502.716501  5  6  6  79       
PG03  17989.662816  -3971.143706  18948.128522    117.593400  4  7  8  79       
PG04  26506.306233   1226.204110  -2277.886194    262.864122  8  6  8  16       
PG05 -12882.705683  -7894.122005 -22021.075843   -157.502859  8  7  4 104       
PG06  -5012.899898 -24463.103798   8963.830357    448.970138  7  4  2  75       
PG07  10434.959023 -12227.052183 -20580.190024    -34.248732  9  6  4  83       
PG08  25340.978006   5690.245048  -6623.757267   -161.488920  9  8  8  72       
PG09  21585.597286  -8279.861351 -13214.365542     54.867265  8  7  5  49       
PG10  -9404.525027  23401.184694   7974.862822    -68.844171  5  4  6  91       
PG11 -11864.542503 -23677.861657  -2313.315322   -535.248514  8  7  7  90       
PG12 -18505.681242   2728.478033  18544.786774   -466.626345  7  7  8  95       
PG13 -18734.305219 -13480.879916 -13536.845136    614.618043  8  7 10  83       
PG14  12651.606220 -22860.047248   4219.292289    295.297569  8  6  7  41       
PG15 -25558.450241  -3428.040158  -7286.240347    115.960578  7  5  7  84       
PG16   7474.108066  14327.098377 -21326.745713   -386.665910  8  6  5  82       
PG17   9588.659610 -13401.198326  21291.295611    720.158902  8  5  7  91       
PG18  -9254.455910  13606.768773 -20791.373121   -529.043877  7  7  7  85       
PG19  -1172.120468 -15216.771574  21581.535062    424.822060  9  2  1  73       
PG20  -4472.027729 -19836.195058 -17119.401339    392.148979  8  8  4  86       
PG21  19262.672914  13672.187532  13546.569080    138.793088  6  6  6  68       
PG22   7850.434121 -22762.354456  11964.325814     50.386136  8  4  6  86       
PG23 -16519.456865  20135.920624  -4643.448219    132.932972  7  6  8  76       
PG24 -19254.502117 -10623.248514  14772.468237 999999.999999                    
PG25 -18960.102971  14305.711155  11264.203303    484.808752  5  5  7           
PG26    995.540775  21467.556017 -15508.957186    201.461124  6  4  5  42       
PG28   3586.845650  23740.944810  11334.718383    -95.083836  7  6  5  78       
PG29 -22886.527372   5245.008828 -12558.311046   -608.865542  9  6  7 108       
PG30   2620.792320 -21114.688279 -15608.630970   -446.955358  7  5  4  86       
PG31   9346.418981  24481.639434   2427.606516   -227.226186  7  6  5  51       
PG32  -4751.998174  14859.898502  21666.662905   -604.106371  4  5  4  45       
*  2024  1 11  1  0  0.00000000
PG01  17264.718047   5352.786612  19237.778098    165.772229  8  7  7  62       
PG02  19751.228385  10606.832512  14929.008182   -502.711233  5  7  6  75       
PG03  16856.108104  -2003.388161  20256.066150    117.616986  4  6  8  81       
PG04  26587.183592   1467.653351    575.071591    262.872886  8  7  8  76       
PG05 -11650.864019 -10033.380421 -21826.153727   -157.503538  8  7  4  79       
PG06  -4341.175717 -23499.302814  11550.184135    448.958571  7  3  1  77       
PG07  11665.949670 -10052.189681 -21120.339258    -34.257144  9  6  4  79       
PG08  24451.434992   5903.522997  -9250.064507   -161.490486  9  8  8  73       
PG09  22945.528269  -8046.411459 -10844.230631     54.878185  7  7  6  71       
PG10  -9970.380298  23912.787771   5190.697727    -68.846059  5  3  6  92       
PG11 -11693.359296 -23872.097299    547.325701   -535.261283  8  7  7  89       
PG12 -17274.647766    837.046010  19854.635929   -466.629948  7  7  7  71       
PG13 -17103.114649 -13340.096035 -15677.945043    614.621417  8  7  9  49       
PG14  13085.692601 -22956.927583   1405.611298    295.306816  8  6  7  18       
PG15 -24675.289337  -3805.230152  -9845.643668    115.964449  7  5  8  87       
PG16   5991.638224  16129.172638 -20436.295709   -386.658826  8  6  5  68       
PG17  11856.981807 -13110.424637  20298.896754    720.158304  8  5  7  85       
PG18 -10402.979952  11470.181338 -21539.179389   -529.052238  8  7  7  91       
PG19   1320.180091 -14860.183166  21787.191386    424.826686  8  2  3  76       
PG20  -3603.686555 -21488.177841 -15249.252909    392.147613  8  8  4 103       
PG21  19865.062896  14849.654579  11227.411421    138.792111  6  5  6  91       
PG22   8706.067768 -23569.078290   9485.012438     50.380440  8  4  7  74       
PG23 -16350.167975  19427.981353  -7431.022935    132.939637  8  6  8  77       
PG24 -19942.488974 -12112.162455  12656.304801 999999.999999                    
PG25 -18409.574433  12906.668269  13586.805280    484.809990  5  6  7  46       
PG26    -13.583543  22806.373725 -13442.670350    201.458001  6  5  5  80       
PG28   2694.077737  22599.260333  13669.774070    -95.093942  6  6  6  52       
PG29 -24142.511269   4920.476198 -10095.207308   -608.864841  9  6  7 106       
PG30   3711.662949 -19512.447449 -17383.181258   -446.951226  7  5  4  98       
PG31   8864.831166  24199.059940   5247.520590   -227.226349  7  6  4  70       
PG32  -7156.515387  14731.412271  21061.608873   -604.109066  4  5  5  59       
*  2024  1 11  1 15  0.00000000
PG01  18283.746636   7258.401635  17664.718372    165.773115  7  7  7  77       
PG02  20511.144183  11905.240189  12702.271157   -502.706251  4  6  6  73       
PG03  15770.289353    136.646998  21210.223980    117.640436  4  6  7  72       
PG04  26359.194259   1700.000919   3418.216971    262.881677  8  7  8  81       
PG05 -10554.434140 -12198.623757 -21261.457733   -157.504980  8  7  4  52       
PG06  -3473.095595 -22332.030531  13937.352968    448.946796  6  3     91       
PG07  13020.116121  -7908.771127 -21279.250443    -34.265600  8  6  4  63       
PG08  23289.028997   6178.036315 -11721.403148   -161.491985  9  8  8  46       
PG09  24038.479286  -7871.134041  -8288.798261     54.889155  6  7  6  44       
PG10 -10354.008271  24171.149458   2315.820555    -68.848022  5  2  7  85       
PG11 -11379.019797 -23790.832801   3398.577343   -535.274028  8  6  6  91       
PG12 -16072.367506  -1225.502480  20813.861678   -466.633076  7  7  7  75       
PG13 -15243.038160 -13261.488622 -17555.324695    614.624744  8  7  9  48       
PG14  13352.094793 -22798.579381  -1432.527427    295.316039  8  6  7  31       
PG15 -23541.313829  -4267.826640 -12240.825363    115.967938  6  5  8  88       
PG16   4669.135126  17911.871610 -19200.269441   -386.651826  8  5  5  91       
PG17  14009.710547 -12949.593520  18970.877066    720.157286  8  5  7  87       
PG18 -11696.488984   9345.099756 -21915.017158   -529.060625  8  7  7  92       
PG19   3833.161933 -14635.972886  21611.359943    424.831439  8  2  4  82       
PG20  -2894.783777 -22967.452545 -13117.679482    392.145885  7  7  3 109       
PG21  20373.583061  15780.350144   8728.807395    138.790977  5  5  6  89       
PG22   9360.604851 -24183.570159   6847.808747     50.374108  7  3  7  74       
PG23 -16077.916258  18435.903869 -10089.213446    132.946301  8  6  8  77       
PG24 -20551.806914 -13358.878337  10321.889843 999999.999999                    
PG25 -17810.737285  11257.788860  15667.746588    484.811188  5  6  7  32       
PG26   -858.154308  23968.277543 -11142.780111    201.454910  6  4  5  44       
PG28   1605.673943  21295.111368  15769.277340    -95.103978  6  6  6  60       
PG29 -25126.573433   4680.183184  -7459.658508   -608.864492  9  6  6  96       
PG30   4970.806206 -17806.062331 -18852.957303   -446.947116  7  4  4  93       
PG31   8210.446940  23665.783061   7974.409430   -227.226454  7  6  4  41       
PG32  -9478.918470  14726.577072  20099.000030   -604.111715  5  4  5  51       
*  2024  1 11  1 30  0.00000000
PG01  19297.514767   8934.898354  15783.468899    165.773980  6  6  6  62       
PG02  21174.114140  12963.910857  10265.190318   -502.701178  4  7  6  92       
PG03  14766.843552   2412.197040  21794.061425    117.663780  3  6  7  80       
PG04  25826.533216   1960.599408   6203.019512    262.890470  8  7  8  79       
PG05  -9607.459262 -14343.476565 -20336.141743   -157.506388  8  7  4  78       
PG06  -2396.018094 -21003.536896  16084.463624    448.935120  6  2     68       
PG07  14472.608515  -5841.386344 -21055.451214    -34.274131  8  6  4  90       
PG08  21878.057494   6544.557217 -13996.232727   -161.492874  9  8  8  84       
PG09  24844.756556  -7719.788045  -5591.631269     54.900112  5  7  6  40       
PG10 -10584.857021  24149.601516   -599.635702    -68.850487  5  3  7  67       
PG11 -10890.855999 -23456.058809   6191.532242   -535.286821  8  6  6  84       
PG12 -14935.032848  -3425.405787  21405.314079   -466.636312  7  7  7  68       
PG13 -13187.559920 -13273.999309 -19137.495715    614.628409  8  7  8  84       
PG14  13481.988623 -22366.981166  -4245.724184    295.325326  8  6  7  60       
PG15 -22185.105811  -4841.471482 -14432.655442    115.971593  6  5  8  95       
PG16   3517.342122  19629.402476 -17637.920999   -386.644921  8  6  5  69       
PG17  16004.135046 -12902.377537  17328.761119    720.156510  8  6  6  90       
PG18 -13113.974161   7277.039530 -21912.947454   -529.068963  8  7  6  90       
PG19   6315.889177 -14545.762802  21056.068478    424.836196  7  3  5  77       
PG20  -2329.283420 -24235.646788 -10761.540009    392.144097  7  7  3  96       
PG21  20749.480472  16467.800120   6090.446424    138.790231  5  4  6  84       
PG22   9832.855237 -24571.426712   4096.173054     50.368435  7  4  7  58       
PG23 -15743.590895  17162.001412 -12571.809470    132.953018  9  6  8   6       
PG24 -21044.667845 -14361.409499   7810.511180 999999.999999                    
PG25 -17202.883112   9377.292585  17469.636121    484.812394  5  6  7  54       
PG26  -1552.763979  24916.060919  -8648.645911    201.451774  5  4  5  78       
PG28    317.182513  19871.319253  17596.994042    -95.114105  6  6  7  30       
PG29 -25817.189512   4490.031398  -4696.659015   -608.863987  8  6  6  92       
PG30   6392.388381 -16040.234580 -19992.564300   -446.942960  7  4  4  65       
PG31   7360.930974  22912.585686  10559.749950   -227.226665  7  6  4  74       
PG32 -11674.021915  14831.089534  18794.360506   -604.114370  5  3  5  49       
*  2024  1 11  1 45  0.00000000
PG01  20263.042673  10364.486963  13628.194481    165.774851  4  6  6  65       
PG02  21699.110490  13784.378019   7657.419545   -502.696392  4  6  6  80       
PG03  13874.154193   4780.605783  21997.606703    117.687172  3  6  6  75       
PG04  25002.044053   2285.316227   8881.934845    262.899252  8  7  8  70       
PG05  -8815.911102 -16420.361366 -19065.418609   -157.507546  7  7  4  86       
PG06  -1105.726718 -19559.217966  17954.877084    448.923430  6  3     78       
PG07  15992.072751  -3889.692011 -20454.631476    -34.282334  8  6  4  60       
PG08  20249.515706   7029.019484 -16036.148774   -161.494834  8  8  8  60       
PG09  25352.929443  -7555.770460  -2798.771939     54.911033  4  7  6  48       
PG10 -10697.404114  23829.508943  -3504.533704    -68.851496  5  3  7  74       
PG11 -10203.768973 -22896.672490   8878.303966   -535.299614  8  6  5  87       
PG12 -13893.263359  -5722.656544  21618.498378   -466.639646  7  7  6  87       
PG13 -10975.914908 -13400.560500 -20397.827104    614.631826  8  7  8  72       
PG14  13510.231012 -21652.121803  -6985.002407    295.334538  8  6  7  45       
PG15 -20640.605636  -5546.349265 -16385.549092    115.975095  6  5  8  95       
PG16   2538.980729  21235.528674 -15774.214155   -386.637845  8  6  6  73       
PG17  17801.817226 -12945.586800  15399.156637    720.155766  8  6  6  80       
PG18 -14627.178594   5307.436566 -21533.566949   -529.077250  8  7  6  89       
PG19   8717.956096 -14582.835965  20130.165826    424.841082  7  4  5  86       
PG20  -1884.577039 -25259.666410  -8221.412246    392.142388  7  6  3  99       
PG21  20956.095948  16922.984141   3354.292679    138.789320  4  4  6  89       
PG22  10147.902194 -24703.670881   1275.798748     50.362873  7  3  7  65       
PG23 -15388.043218  15617.701942 -14835.737758    132.959705  9  6  7  71       
PG24 -21385.124827 -15125.952059   5165.985739 999999.999999                    
PG25 -16622.698764   7291.713544  18960.144383    484.813623  5  6  7  80       
PG26  -2118.451969  25617.651593  -6003.307953    201.448628  5  4  5  37       
PG28  -1167.513469  18372.310437  19121.367315    -95.124245  6  5  7  59       
PG29 -26201.209461   4312.993994  -1853.391677   -608.863413  8  6  6  99       
PG30   7962.669016 -14259.181225 -20782.545745   -446.938834  6  4  4  86       
PG31   6301.102864  21975.926281  12957.505065   -227.226854  7  6  3  75       
PG32 -13700.385867  15023.504006  17169.061458   -604.117014  5  3  6  64       
*  2024  1 11  2  0  0.00000000
PG01  21136.459768  11538.601602  11237.500081    165.775681  3  5  6  19       
PG02  22047.234183  14376.102975   4921.726279   -502.691413  5  6  6  90       
PG03  13113.287762   7194.811396  21817.622472    117.710574  3  5  6  68       
PG04  23906.761765   2706.966082  11409.197757    262.908047  7  6  8  65       
PG05  -8177.569571 -18382.153609 -17470.346222   -157.508645  7  7  4  87       
PG06    393.230632 -18045.881593  19516.796860    448.911733  6  3     80       
PG07  17541.869303  -2087.027772 -19489.407557    -34.291373  7  6  4  68       
PG08  18440.047474   7651.370459 -17806.493219   -161.495937  8  8  8  70       
PG09  25560.198340  -7341.698682     42.025657     54.921983  3  7  6  59       
PG10 -10729.618116  23201.137643  -6347.678927    -68.852050  4  4  7  76       
PG11  -9299.380399 -22147.294244  11412.839585   -535.312347  7  6  4  97       
PG12 -12970.939198  -8072.399078  21449.777690   -466.643409  7  7  6  57       
PG13  -8651.785046 -13657.136759 -21314.963028    614.635381  7  7  7  81       
PG14  13473.817963 -20652.510868  -9602.691696    295.343782  7  6  7  96       
PG15 -18945.907877  -6396.312711 -18067.939144    115.978188  6  5  8  77       
PG16   1728.740129  22685.248085 -13639.525740   -386.630806  7  6  6  70       
PG17  19369.867843 -13050.097194  13213.403928    720.154783  8  6  5  81       
PG18 -16201.596889   3472.224432 -20783.959183   -529.085590  8  8  6  82       
PG19  10991.293588 -14732.408034  18849.221803    424.845640  6  4  6  79       
PG20  -1532.556621 -26012.883084  -5540.892857    392.140128  6  6  2  98       
PG21  20960.254542  17163.843910    564.078313    138.787372  4  4  6  67       
PG22  10336.035211 -24557.939425  -1566.059260     50.356483  7  4  7  81       
PG23 -15050.363891  13823.254290 -16841.827813    132.966385  9  7  7  91       
PG24 -21540.497114 -15666.367952   2433.872248 999999.999999                    
PG25 -16102.717581   5035.047557  20112.654106    484.814836  5  6  7  71       
PG26  -2581.699942  26047.386526  -3252.740771    201.445433  4  4  6  69       
PG28  -2836.145171  16842.441675  20316.066975    -95.134315  6  5  7  68       
PG29 -26274.309281   4110.721484   1021.560111   -608.863167  7  6  6  83       
PG30   9660.383811 -12504.998576 -21209.705883   -446.934701  6  4  4  86       
PG31   5023.776005  20896.451160  15125.026554   -227.227022  7  6  3  75       
PG32 -15521.734161  15276.088694  15250.027206   -604.119671  5  3  5  67       
*  2024  1 11  2 15  0.00000000
PG01  21874.746601  12457.939769   8653.665333    165.776507  1  5  6  69       
PG02  22183.256526  14756.023861   2103.396564   -502.686281  5  6  6  80       
PG03  12497.237201   9605.007525  21257.642456    117.733972  3  5  6  72       
PG04  22569.156940   3253.861090  13741.587333    262.916875  7  6  8  80       
PG05  -7682.219572 -20183.836840 -15577.519996   -157.509868  7  6  5  76       
PG06   2087.543569 -16509.979030  20743.788399    448.900017  6  3  1  71       
PG07  19081.506252   -459.326276 -18178.937846    -34.299639  7  6  4  61       
PG08  16490.695722   8424.643176 -19276.919273   -161.497525  8  8  8  47       
PG09  25472.445458  -7041.032723   2882.097357     54.932932  3  7  6  80       
PG10 -10721.270827  22264.179133  -9078.785545    -68.852229  4  5  7  88       
PG11  -8166.929592 -21246.878153  13751.700060   -535.325068  7  6  4  86       
PG12 -12184.324429 -10426.529390  20902.432905   -466.646590  7  6  6  77       
PG13  -6261.837379 -14052.031942 -21873.167071    614.638770  7  6  7  77       
PG14  13410.265814 -19375.361767 -12053.285789    295.353011  7  6  6  68       
PG15 -17141.934515  -7398.246201 -19452.686792    115.981948  7  6  8  84       
PG16   1073.581163  23936.466865 -11269.242905   -386.624038  7  6  6  87       
PG17  20682.041289 -13182.008000  10807.158459    720.153650  8  7  5  96       
PG18 -17797.722056   1800.637974 -19677.535058   -529.093992  8  8  6  98       
PG19  13091.897659 -14972.243643  17235.287455    424.850224  6  5  6  85       
PG20  -1240.895602 -26476.083771  -2765.855221    392.138715  5  6  2  98       
PG21  20733.566346  17214.559227  -2235.236199    138.787115  4  4  6  87       
PG22  10431.477043 -24119.457829  -4381.308218     50.350638  6  5  7  94       
PG23 -14766.245095  11807.093658 -18555.500287    132.973078  9  6  7 103       
PG24 -21482.657579 -16003.396979   -339.308954 999999.999999                    
PG25 -15669.955684   2647.589445  20906.786791    484.816042  5  6  7  72       
PG26  -2973.197004  26187.054981   -445.032365    201.442279  4  4  6  71       
PG28  -4668.335657  15324.340066  21160.448439    -95.144399  6  5  7  53       
PG29 -26041.119458   3845.203515   3879.025875   -608.862670  6  7  6  86       
PG30  11457.433562 -10816.131362 -21267.307463   -446.930556  6  4  4  66       
PG31   3530.267534  19717.337996  17023.887779   -227.227216  7  6  3  68       
PG32 -17108.193819  15555.941224  13069.344176   -604.122325  5  4  5  80       
*  2024  1 11  2 30  0.00000000
PG01  22437.427262  13132.145954   5921.843097    165.777328  1  4  6  52       
PG02  22077.064908  14947.828513   -750.421668   -502.681353  5  6  6  81       
PG03  12030.501233  11960.412588  20327.879886    117.757389  3  5  5  76       
PG04  21024.109258   3948.533929  15839.152409    262.925671  6  5  7  77       
PG05  -7312.159989 -21784.097390 -13418.673378   -157.511415  7  6  5  56       
PG06   3955.480784 -14995.870386  21615.202674    448.888336  5  4  2  77       
PG07  20568.218635    975.644397 -16548.409715    -34.307996  7  6  4  53       
PG08  14445.494682   9354.283978 -20421.903345   -161.500574  8  9  8  63       
PG09  25103.965196  -6619.674871   5672.692162     54.943872  3  6  6  65       
PG10 -10712.170568  21027.905329 -11649.438255    -68.852700  4  5  7  80       
PG11  -6803.881306 -20237.169698  15854.795799   -535.337816  6  6  4  62       
PG12 -11541.516530 -12735.430321  19986.579063   -466.650371  7  6  6  77       
PG13  -3854.155051 -14585.487628 -22062.588668    614.642129  7  6  6  71       
PG14  13355.981905 -17836.439996 -14294.257956    295.362245  6  6  6  84       
PG15 -15271.030528  -8551.684956 -20517.431504    115.985416  7  6  8  67       
PG16    553.352037  24951.604321  -8703.252410   -386.616822  7  6  6  48       
PG17  21719.609755 -13303.992783   8219.906320    720.152993  8  7  5  45       
PG18 -19372.490315    314.286601 -18233.767838   -529.102350  8  8  6  81       
PG19  14981.406723 -15273.595091  15316.517357    424.854875  6  5  6  75       
PG20   -974.487756 -26638.148156     56.322851    392.136868  5  5  1  86       
PG21  20253.596423  17104.608472  -4998.037494    138.785180  4  3  6  82       
PG22  10470.946092 -23381.761159  -7121.785276     50.344733  6  5  6  89       
PG23 -14566.493476   9604.892802 -19947.365287    132.979731  8  6  7  91       
PG24 -21189.139314 -16163.635728  -3106.836858 999999.999999                    
PG25 -15344.793523    174.510254  21328.791061    484.817276  5  6  6  61       
PG26  -3326.423601  26026.662812   2370.495114    201.439122  5  3  6  79       
PG28  -6636.196382  13857.322258  21639.913015    -95.154515  6  5  7  62       
PG29 -25515.024592   3480.423111   6670.074466   -608.862159  6  7  6  84       
PG30  13319.849029  -9226.007781 -20955.143710   -446.926422  6  5  4  76       
PG31   1830.555879  18482.548463  18620.624588   -227.227338  7  6  3  35       
PG32 -18437.306997  15826.325070  10663.774361   -604.124969  5  4  5  72       
*  2024  1 11  2 45  0.00000000
PG01  22788.148270  13579.162620   3089.240119    165.778146  2  5  6  67       
PG02  21704.958014  14980.969478  -3591.434176   -502.676332  5  5  6  82       
PG03  11709.014267  14211.076163  19045.011564    117.780868  4  4  5  58       
PG04  19311.648242   4806.683144  17665.886081    262.934549  5  4  7  80       
PG05  -7043.008514 -23146.798982 -11030.189286   -157.512447  7  5  5  78       
PG06   5967.556752 -13544.189651  22116.498924    448.876643  5  4  3  89       
PG07  21958.622506   2208.684841 -14628.420456    -34.316618  6  6  4  46       
PG08  12349.951926  10437.763037 -21221.196182   -161.502837  8  9  9  82       
PG09  24476.882838  -6047.484692   8365.803701     54.954821  3  6  6  92       
PG10 -10740.391668  19510.942594 -14014.026380    -68.853659  4  5  6  86       
PG11  -5216.220539 -19161.069871  17686.065525   -535.350600  6  5  4  73       
PG12 -11042.243584 -14949.768779  18718.941695   -466.653705  7  6  6  81       
PG13  -1476.615637 -15249.588829 -21879.447628    614.645609  7  6  6  78       
PG14  13344.691047 -16059.582829 -16286.817464    295.371522  6  6  6  56       
PG15 -13375.528169  -9848.699632 -21244.881077    115.988948  7  6  7  73       
PG16    141.700252  25699.063435  -5985.323093   -386.609987  7  5  6  59       
PG17  22471.982845 -13376.799996   5494.412749    720.152415  8  7  5  86       
PG18 -20880.867341   -973.470371 -16477.829449   -529.110733  8  8  6  96       
PG19  16628.459991 -15602.426027  13126.659922    424.859706  5  5  5  93       
PG20   -696.988390 -26496.430437   2877.549355    392.135168  4  5  1  80       
PG21  19504.863881  16867.636696  -7678.672598    138.784600  5  4  6  64       
PG22  10492.103214 -22347.126351  -9740.060807     50.338665  6  6  6  82       
PG23 -14475.752838   7258.337840 -20993.720205    132.986447  8  6  7  88       
PG24 -20644.026611 -16178.327401  -5822.521898 999999.999999                    
PG25 -15140.151147  -2335.763566  21371.783549    484.818508  5  6  6  62       
PG26  -3676.111991  25564.882137   5144.204427    201.435943  5  4  6  50       
PG28  -8705.220387  12475.954002  21746.163120    -95.164626  6  5  7  60       
PG29 -24717.640964   2983.939876   9346.840389   -608.861596  5  7  6  91       
PG30  15208.990535  -7761.893118 -20279.486592   -446.922269  6  5  4  71       
PG31    -56.921127  17235.066049  19887.365790   -227.227593  7  6  3  66       
PG32 -19494.773573  16048.178806   8074.176942   -604.127625  6  4  5  63       
*  2024  1 11  3  0  0.00000000
PG01  22896.087200  13824.283137    204.295931    165.778967  3  5  6  60       
PG02  21050.738053  14889.449535  -6370.969635   -502.671194  6  5  6  31       
PG03  11520.426816  16309.650596  17431.844096    117.804271  4  4  4  52       
PG04  17475.507891   5836.381660  19190.338565    262.943359  4  5  6  70       
PG05  -6844.774759 -24242.280880  -8452.526893   -157.513637  6  5  5  68       
PG06   8087.496908 -12190.370501  22239.463327    448.864945  5  4  4  71       
PG07  23210.372385   3239.211010 -12454.276238    -34.325037  6  6  4  53       
PG08  10249.472937  11664.486150 -21660.205102   -161.505046  7  9  9  73       
PG09  23620.282269  -5299.649914  10914.996061     54.965698  3  5  6  68       
PG10 -10840.576495  17740.671315 -16130.626665    -68.854467  5  5  6  74       
PG11  -3418.422443 -18060.968263  19214.087550   -535.363342  5  5  4  72       
PG12 -10678.014862 -17022.279777  17122.500679   -466.657452  6  6  6  74       
PG13    824.726323 -16028.482749 -21326.132788    614.648865  7  6  5  80       
PG14  13405.981516 -14075.910251 -17996.592386    295.380779  6  7  5  85       
PG15 -11496.326236 -11274.048326 -21623.042470    115.992661  7  6  7  98       
PG16   -192.747788  26154.503619  -3162.386334   -386.603228  6  5  6  40       
PG17  22937.046213 -13360.853552   2676.105050    720.151543  8  7  5  61       
PG18 -22277.514892  -2057.825724 -14440.136112   -529.119078  7  8  6 107       
PG19  18009.778196 -15920.869283  10704.426051    424.864432  5  6  5  93       
PG20   -372.399105 -26056.832860   5649.814327    392.133145  4  5  2  68       
PG21  18479.632300  16540.161058 -10232.100571    138.783719  5  4  6  22       
PG22  10531.938834 -21026.690258 -12190.266165     50.332948  6  6  6  66       
PG23 -14511.486360   4813.678331 -21676.939233    132.993178  7  6  7  87       
PG24 -19838.604460 -16082.010740  -8441.401968 999999.999999                    
PG25 -15060.991438  -4833.298129  21035.838145    484.819735  5  7  6  91       
PG26  -4056.647795  24809.163776   7827.081149    201.432780  5  4  6  79       
PG28 -10835.438439  11208.805805  21477.347860    -95.174732  5  5  7  53       
PG29 -23677.990832   2328.340943  11863.336801   -608.861081  5  7  6  85       
PG30  17082.932219  -6444.004529 -19252.916289   -446.918083  6  5  4  76       
PG31  -2105.817946  16015.195233  20802.338552   -227.228010  7  6  3  81       
PG32 -20274.891803  16181.742027   5344.844042   -604.130210  6  5  4  41       
*  2024  1 11  3 15  0.00000000
PG01  22737.143129  13898.950776  -2684.126125    165.779757  3  5  6  64       
PG02  20106.551825  14710.415990  -9040.794433   -502.666357  6  5  6  53       
PG03  11444.722080  18213.058172  15516.871283    117.827731  4  4  4  49       
PG04  15561.548863   7037.579977  20386.158427    262.952157  3  5  6  77       
PG05  -6683.163447 -25048.428606  -5729.569926   -157.514526  6  4  5  53       
PG06  10273.463774 -10963.387283  21982.322021    448.853276  5  4  4  75       
PG07  24283.754459   4074.955411 -10065.233105    -34.333422  5  6  3  45       
PG08   8187.784092  13016.016172 -21730.298945   -161.506132  7  9  9  77       
PG09  22569.074784  -4357.858608  13276.209678     54.976564  3  4  5  64       
PG10 -11042.383823  15752.274381 -17961.812290    -68.856033  5  6  6  67       
PG11  -1433.097680 -16977.108743  20412.613635   -535.376122  5  5  4  67       
PG12 -10432.614800 -18909.463540  15226.012734   -466.660852  6  5  6  66       
PG13   3007.195179 -16898.905769 -20411.211113    614.652209  6  6  5  80       
PG14  13564.028979 -11922.759427 -19394.226012    295.390015  5  7  4  84       
PG15  -9671.529730 -12805.590492 -21645.393456    115.995934  7  6  7  97       
PG16   -484.980970  26301.857346   -283.723405   -386.596039  6  5  6  28       
PG17  23121.200856 -13217.898044   -187.607394    720.150361  8  7  5  57       
PG18 -23518.474382  -2942.495470 -12155.812410   -529.127494  6  8  6 101       
PG19  19110.920051 -16188.856958   8092.750567    424.869166  5  6  5  81       
PG20     33.363815 -25333.569600   8325.980354    392.131319  3  4  2  60       
PG21  17178.456961  16160.150130 -12614.580936    138.782296  6  4  6  55       
PG22  10625.161583 -19440.238332 -14428.931903     50.327081  6  6  5  86       
PG23 -14683.257026   2320.109780 -21985.749352    132.999852  6  6  7  97       
PG24 -18771.749680 -15911.078599 -10920.397169 999999.999999                    
PG25 -15104.169846  -7268.451386  20327.924604    484.820976  5  6  6  49       
PG26  -4500.480801  23775.504564  10371.668148    201.429642  6  4  5  56       
PG28 -12982.794073  10077.452673  20838.096324    -95.184858  6  5  7  63       
PG29 -22431.403815   1492.503074  14176.241865   -608.860380  5  8  6  99       
PG30  18897.974304  -5284.918034 -17894.039209   -446.913907  6  5  4  39       
PG31  -4282.757285  14858.994546  21350.238459   -227.228158  7  6  4  81       
PG32 -20780.675336  16188.235507   2522.759043   -604.132852  6  6  5  64       
*  2024  1 11  3 30  0.00000000
PG01  22294.870896  13839.354853  -5527.524185    165.780593  3  5  6  68       
PG02  18873.438982  14482.611558 -11553.961848   -502.661284  6  5  6  21       
PG03  11455.140731  19883.989361  13333.733688    117.851188  4  4  4  47       
PG04  13616.107053   8401.924694  21232.552981    262.961030  3  6  5  71       
PG05  -6521.059980 -25551.473689  -2907.904483   -157.516585  5  4  5  60       
PG06  12479.497159  -9884.757054  21349.748492    448.841591  5  5  4  71       
PG07  25143.154514   4731.348693  -7503.702725    -34.342016  5  6  3  45       
PG08   6205.411433  14466.601752 -21429.027372   -161.508652  7  9  9  86       
PG09  21362.651323  -3211.225286  15408.532944     54.987426  3  3  5  68       
PG10 -11369.151001  13587.474073 -19475.367695    -68.857575  5  5  6  52       
PG11    709.674203 -15946.050067  21261.016810   -535.388830  5  5  4  59       
PG12 -10282.915419 -20573.126877  13063.426715   -466.664627  6  5  5  56       
PG13   5032.932186 -17831.003139 -19149.343943    614.656061  6  6  4  45       
PG14  13836.548884  -9642.386056 -20455.876397    295.399266  5  6  4  93       
PG15  -7935.193448 -14414.949957 -21310.994305    115.999637  6  5  7  79       
PG16   -772.024914  26134.040585   2599.926926   -386.589076  6  5  5  66       
PG17  23039.094326 -12912.629325  -3048.071402    720.149465  7  7  5 101       
PG18 -24562.804055  -3639.363295  -9664.083687   -529.135877  6  8  6  93       
PG19  19926.682085 -16365.852370   5337.964316    424.873981  5  6  5  72       
PG20    550.976251 -24348.630800  10860.556055    392.129551  3  4  3  88       
PG21  15610.458984  15765.520259 -14784.394546    138.781306  6  4  6  56       
PG22  10802.652877 -17615.661028 -16415.819746     50.321305  6  7  4  42       
PG23 -14992.332487   -171.947421 -21915.390112    133.006543  6  6  7  82       
PG24 -17450.055640 -15702.297506 -13218.919770 999999.999999                    
PG25 -15258.632788  -9593.646801  19261.702384    484.822189  5  6  6  75       
PG26  -5036.613593  22487.877054  12732.973764    201.426453  6  5  6  64       
PG28 -15100.684910   9095.756458  19839.437952    -95.195026  6  5  7  36       
PG29 -21018.186152    462.616070  16245.645216   -608.859734  5  8  5  91       
PG30  20610.222768  -4289.286324 -16227.103900   -446.909732  6  5  4  50       
PG31  -6548.490394  13796.908732  21522.458657   -227.228369  7  6  4  74       
PG32 -21023.637264  16031.529227   -343.211488   -604.135496  7  6  5  57       
*  2024  1 11  3 45  0.00000000
PG01  21561.131673  13684.879986  -8278.510177    165.781420  4  5  6  59       
PG02  17361.554714  14244.738134 -13865.681041   -502.656419  6  5  6  60       
PG03  11519.373981  21292.175314  10920.593067    117.874648  5  4  5  55       
PG04  11684.330474   9912.901377  21714.659635    262.969901  4  6  5  88       
PG05  -6320.142511 -25746.488359    -36.036436   -157.517898  5  3  5  76       
PG06  14657.114042  -8967.838418  20352.766718    448.829822  5  5  4  82       
PG07  25758.348226   5230.618930  -4814.443454    -34.350252  5  6  3  46       
PG08   4338.272209  15983.999908 -20760.246320   -161.510052  6 10 10  93       
PG09  20043.369278  -1856.932579  17274.925309     54.998292  3  3  5  79       
PG10 -11836.827674  11293.011004 -20644.891778    -68.858528  5  5  6  84       
PG11   2973.299032 -14999.280139  21744.645808   -535.401548  5  5  4  64       
PG12 -10199.968950 -21981.708066  10673.208198   -466.668242  5  5  5  49       
PG13   6870.162441 -18789.415246 -17561.107762    614.659138  6  6  3  81       
PG14  14234.018115  -7280.484874 -21163.611043    295.408554  5  6  3  82       
PG15  -6316.210304 -16068.407200 -20624.537825    116.002927  6  4  7  79       
PG16  -1091.254345  25653.318391   5437.322852   -386.582318  6  4  5  68       
PG17  22713.045863 -12414.248986  -5856.179516    720.148709  7  7  5  94       
PG18 -25374.108699  -4167.814498  -7007.607350   -529.144246  5  8  6  91       
PG19  20461.126174 -16412.609138   2488.897872    424.878570  5  7  5  52       
PG20   1206.344287 -23130.967302  13210.441629    392.127697  3  4  4  82       
PG21  13793.302797  15392.598528 -16702.589164    138.780060  6  5  5  60       
PG22  11090.052597 -15588.088436 -18114.729162     50.315326  6  7  4  72       
PG23 -15431.627356  -2612.605367 -21467.656965    133.013257  6  6  7  93       
PG24 -15887.690964 -15491.338772 -15299.437150 999999.999999                    
PG25 -15505.950935 -11765.047441  17857.179925    484.823408  5  6  6  34       
PG26  -5689.233585  20977.344476  14869.331260    201.423294  6  5  6  74       
PG28 -17141.611086   8269.458192  18498.611280    -95.205135  6  5  7  22       
PG29 -19482.107717   -767.073638  18035.741713   -608.859362  5  8  5  83       
PG30  22177.174473  -3453.873249 -14281.525751   -446.905590  6  5  4  68       
PG31  -8859.289863  12852.654897  21317.177140   -227.228256  6  6  4  73       
PG32 -21023.245158  15679.730489  -3203.178618   -604.138123  7  6  5  37       
*  2024  1 11  4  0  0.00000000
PG01  20536.442995  13476.466992 -10891.521971    165.782288  5  5  6  53       
PG02  15590.045401  14033.796666 -15934.188020   -502.651210  6  5  5  60       
PG03  11600.974881  22415.387626   8319.435492    117.898177  4  5  5  65       
PG04   9808.567162  11546.298642  21823.821032    262.978715  4  6  5  69       
PG05  -6042.558508 -25637.552184   2836.439595   -157.519098  5  3  5  47       
PG06  16757.008261  -8217.451719  19008.552772    448.818075  5  5  4  74       
PG07  26105.571516   5600.654630  -2043.754499    -34.358675  5  6  3  60       
PG08   2616.433783  17530.567623 -19734.142107   -161.512402  6 11 10  78       
PG09  18654.931965   -300.560960  18842.878177     55.009140  4  3  5  66       
PG10 -12453.226241   8918.930297 -21450.275667    -68.859677  5  5  6  81       
PG11   5315.874676 -14162.036846  21855.080166   -535.414287  5  5  5  71       
PG12 -10150.331222 -23111.335008   8097.591369   -466.671592  5  5  5  40       
PG13   8494.242398 -19734.594207 -15672.717722    614.662268  6  6  3  50       
PG14  14759.195293  -4884.588297 -21505.691175    295.417825  5  6  3  60       
PG15  -4837.381567 -17727.994314 -19596.335174    116.006522  6  4  7  62       
PG16  -1478.667782  24871.301252   8177.714263   -386.575766  6  4  5  76       
PG17  22172.178600 -11697.880765  -8563.201229    720.147939  6  6  5  70       
PG18 -25921.905357  -4553.786853  -4231.754036   -529.152686  4  8  6  72       
PG19  20727.235714 -16292.881416   -404.060416    424.883398  5  7  4  68       
PG20   2019.424400 -21715.426526  15335.636028    392.126442  3  4  4  61       
PG21  11752.861439  15074.607395 -18333.738180    138.779224  7  6  5  68       
PG22  11506.538861 -13398.727809 -19494.257408     50.309580  6  7  4  77       
PG23 -15985.982409  -4954.234640 -20650.830151    133.019945  6  6  6  96       
PG24 -14106.000543 -15311.369812 -17127.986370 999999.999999                    
PG25 -15821.158922 -13744.062839  16140.253147    484.824631  5  6  6  55       
PG26  -6476.547776  19280.898064  16743.188441    201.420029  5  5  6  55       
PG28 -19058.867370   7596.095696  16838.764410    -95.215220  7  5  6  44       
PG29 -17868.763957  -2193.829985  19515.460101   -608.858830  6  8  4  80       
PG30  23559.246925  -2767.898348 -12091.332421   -446.901457  6  5  4  67       
PG31 -11168.514019  12042.404945  20739.305546   -227.228321  6  6  4  70       
PG32 -20806.064794  15106.625925  -6007.128591   -604.140801  7  7  5  68       
*  2024  1 11  4 15  0.00000000
PG01  19230.021861  13254.944678 -13323.489954    165.783170  6  6  6  69       
PG02  13586.569122  13883.471134 -17721.597729   -502.646064  6  5  5  69       
PG03  11660.929972  23240.129833   5575.317809    117.921647  4  5  5  66       
PG04   8026.865414  13270.978161  21557.758059    262.987552  5  6  5  70       
PG05  -5652.599825 -25237.580112   5659.705719   -157.520742  5  3  5  72       
PG06  18730.786796  -7629.833175  17340.138792    448.806317  5  5  4  77       
PG07  26168.339468   5873.683462    761.312169    -34.367093  4  5  3  48       
PG08   1063.089954  19064.586659 -18367.147669   -161.515030  5 12 10  90       
PG09  17240.723497   1443.909040  20085.000671     55.019982  5  2  5  61       
PG10 -13217.619545   6516.748229 -21878.045422    -68.860791  6  5  6  80       
PG11   7691.605320 -13452.380625  21590.281469   -535.427031  5  5  5  71       
PG12 -10097.557904 -23946.578878   5381.777058   -466.675069  4  5  4  27       
PG13   9888.446317 -20624.305218 -13515.653441    614.665631  6  6  4  40       
PG14  15406.956824  -2502.406230 -21476.742597    295.427100  5  6  2  59       
PG15  -3514.701628 -19352.759729 -18242.234008    116.009903  6  3  7  50       
PG16  -1967.200288  23808.564237  10771.852649   -386.568781  6  4  5  66       
PG17  21451.284086 -10745.789237 -11121.643417    720.147182  6  6  5  67       
PG18 -26182.774866  -4828.575950  -1383.850002   -529.161062  3  8  5  74       
PG19  20746.218460 -15975.012429  -3289.928184    424.887957  4  7  4  91       
PG20   3003.270197 -20141.478844  17199.895859    392.124320  2  4  5  86       
PG21   9522.564346  14840.230305 -19646.696737    138.777530  6  6  5  76       
PG22  12063.859493 -11093.442800 -20528.490759     50.303578  6  7  4  82       
PG23 -16632.767107  -7153.093481 -19479.493129    133.026711  6  7  6  99       
PG24 -12132.864480 -15191.751397 -18674.639439 999999.999999                    
PG25 -16173.860338 -15498.630416  14142.139652    484.825839  5  6  6  56       
PG26  -7409.870332  17440.066378  18321.808565    201.416886  5  5  6  34       
PG28 -20808.213801   7065.249013  14888.552432    -95.225286  7  5  6  25       
PG29 -16223.875084  -3806.323941  20659.015065   -608.858359  6  9  3  89       
PG30  24721.195332  -2213.673013  -9694.542599   -446.897319  6  5  4  61       
PG31 -13428.276219  11374.292435  19800.306675   -227.228622  5  7  4  57       
PG32 -20404.623762  14292.915748  -8705.838959   -604.143432  6  7  5  53       
*  2024  1 11  4 30  0.00000000
PG01  17659.524515  13059.390606 -15534.454120    165.784067  6  6  5  70       
PG02  11386.467973  13822.626453 -19194.713981   -502.640971  5  6  5  33       
PG03  11659.328140  23761.997731   2735.572394    117.945162  4  5  6  68       
PG04   6371.643830  15049.923519  20920.636232    262.996429  5  5  5  80       
PG05  -5118.308950 -24567.814722   8384.605044   -157.521903  5  2  5  70       
PG06  20532.678360  -7192.923300  15376.024311    448.794550  5  5  4  72       
PG07  25937.993144   6084.822124   3553.710648    -34.375495  4  5  3  50       
PG08   -306.201971  20541.775462 -16681.746004   -161.516642  5 12 11  52       
PG09  15842.164125   3354.424848  20979.518496     55.030745  5  3  5  59       
PG10 -14120.700338   4137.577015 -21921.564360    -68.862208  6  5  6  78       
PG11  10052.370544 -12880.554444  20954.637780   -535.439705  4  5  4  57       
PG12 -10003.810053 -24480.878997   2573.095772   -466.678731  4  5  4  58       
PG13  11044.458523 -21415.258932 -11126.188182    614.668697  6  6  4  71       
PG14  16164.452980   -180.171620 -21077.812481    295.436362  5  6  2  39       
PG15  -2356.884420 -20900.163828 -16583.464900    116.013539  6  3  6  35       
PG16  -2585.150612  22493.898720  13172.988707   -386.561469  6  4  5  59       
PG17  20589.456129  -9548.345812 -13486.124606    720.146176  6  6  5  53       
PG18 -26141.257177  -5027.441186   1487.607775   -529.169472  2  8  6  95       
PG19  20546.489525 -15433.334770  -6118.090876    424.892475  4  7  4  82       
PG20   4163.341930 -18451.781236  18771.336631    392.122617  2  4  5  31       
PG21   7142.434239  14712.319829 -20615.335290    138.777160  6  6  5  53       
PG22  12765.664227  -8721.126676 -21197.604404     50.297861  6  7  4  80       
PG23 -17342.779500  -9170.799283 -17974.246295    133.033400  6  7  6  91       
PG24 -10001.837311 -15156.882622 -19913.918444 999999.999999                    
PG25 -16529.546699 -17004.224826  11898.726876    484.827040  6  6  6  63       
PG26  -8493.001450  15499.356186  19577.866613    201.413756  5  5  6  64       
PG28 -22349.460461   6659.103364  12681.638899    -95.235422  7  5  5  75       
PG29 -14591.587747  -5584.866395  21446.372117   -608.857804  6  9  3  81       
PG30  25633.365128  -1767.499296  -7132.490940   -446.893180  6  5  4  70       
PG31 -15591.149862  10848.257221  18517.891088   -227.228622  5  7  4  72       
PG32 -19856.038749  13227.186104 -11251.793627   -604.146077  6  6  5  77       
*  2024  1 11  4 45  0.00000000
PG01  15850.495856  12925.576342 -17488.128816    165.784985  6  7  5  51       
PG02   9031.615273  13873.988778 -20325.772462   -502.635963  5  5  5  51       
PG03  11557.060804  23985.698667   -151.014853    117.968678  3  6  6  58       
PG04   4868.582729  16841.529887  19923.022479    263.005284  4  5  5  88       
PG05  -4412.950551 -23656.999188  10963.527671   -157.523715  5  2  5  81       
PG06  22121.151145  -6886.977704  13149.701012    448.782692  5  4  4  78       
PG07  25413.964188   6270.553814   6287.122234    -34.383928  4  6  3  66       
PG08  -1483.988817  21916.932935 -14706.157978   -161.519526  4 13 11  60       
PG09  14497.150712   5401.509732  21510.675510     55.041627  5  3  5  68       
PG10 -15144.900778   1830.285919 -21581.094060    -68.863506  6  5  6  82       
PG11  12349.390354 -12448.656033  19958.899844   -535.452445  5  5  4  78       
PG12  -9831.502812 -24716.628733   -279.846011   -466.682489  4  5  4  73       
PG13  11962.548478 -22064.814597  -8544.824463    614.671979  6  6  5  78       
PG14  17011.575624   2038.944855 -20316.313625    295.445649  5  6  1  59       
PG15  -1365.152086 -22327.561298 -14646.411609    116.016870  5  2  6  53       
PG16  -3354.795461  20963.224539  15337.829126   -386.554769  6  5  5  71       
PG17  19628.542271  -8104.694680 -15614.244972    720.145548  6  6  4  32       
PG18 -25790.457873  -5188.065603   4333.752175   -529.177868  2  7  5  82       
PG19  20162.381619 -14649.325362  -8839.238989    424.897158  4  6  3  46       
PG20   5497.105624 -16690.630963  20022.967545    392.120480  2  4  5  77       
PG21   4657.833378  14706.809614 -21219.226774    138.775922  5  5  5  67       
PG22  13607.174885  -6331.933461 -21488.349413     50.291944  6  7  5  78       
PG23 -18081.406597 -10975.588460 -16161.323189    133.040042  6  7  6 103       
PG24  -7751.095777 -15225.230749 -20825.159416 999999.999999                    
PG25 -16851.071899 -18244.561728   9449.853235    484.828248  6  6  6  76       
PG26  -9721.922627  13504.591392  20489.928512    201.410616  5  6  6  77       
PG28 -23647.905268   6353.306907  10256.110200    -95.245525  7  6  4  52       
PG29 -13012.844752  -7501.970826  21863.616012   -608.857372  6  8  3  90       
PG30  26272.735363  -1400.793203  -4449.111957   -446.889009  5  5  4  73       
PG31 -17611.840694  10456.226590  16915.605573   -227.228810  5  7  4  69       
PG32 -19200.461289  11906.575663 -13600.076148   -604.148727  6  6  6  86       
*  2024  1 11  5  0  0.00000000
PG01  13835.549990  12884.548700 -19152.413014    165.785922  6  7  4           
PG02   6568.977009  14053.071553 -21093.091626   -502.630929  4  5  5  59       
PG03  11317.487525  23924.733124  -3035.038682    117.992190  3  6  6  60       
PG04   3535.780421  18601.086789  18581.731103    263.014127  4  4  5  72       
PG05  -3516.286727 -22540.260859  13351.280343   -157.525010  5  2  5  74       
PG06  23460.379945  -6685.476682  10699.097947    448.770910  5  4  3  77       
PG07  24603.756899   6467.188916   8916.633089    -34.392315  4  5  3  28       
PG08  -2471.070134  23145.651521 -12473.914242   -161.521197  4 13 11  87       
PG09  13238.644074   7549.207337  21669.029363     55.052528  5  3  5  49       
PG10 -16265.054447   -360.226288 -20863.717216    -68.864533  5  6  5  83       
PG11  14534.923422 -12150.635376  18620.009353   -535.465151  4  5  4  57       
PG12  -9544.931358 -24664.925921  -3128.019174   -466.685787  5  6  4  89       
PG13  12651.417187 -22532.689083  -5815.641423    614.675016  6  6  5  55       
PG14  17921.717140   4116.291102 -19205.859755    295.454918  4  6  2  54       
PG15   -533.298995 -23593.721492 -12462.300841    116.020261  5  2  6  37       
PG16  -4291.255877  19258.207546  17227.424408   -386.547888  6  5  5  82       
PG17  18611.471184  -6423.081626 -17467.431618    720.144725  6  6  3  66       
PG18 -25132.343848  -5348.927747   7106.150591   -529.186284  1  7  5  48       
PG19  19632.640600 -13612.470004 -11406.259930    424.901800  3  6  3  85       
PG20   6993.938343 -14902.366059  20933.151669    392.119092  2  5  5  77       
PG21   2117.954342  14831.887910 -21444.260381    138.774286  4  5  5  88       
PG22  14575.216357  -3975.440224 -21394.407362     50.286210  6  7  5  39       
PG23 -18809.998865 -12543.319400 -14072.117643    133.046676  5  8  6 109       
PG24  -5422.228768 -15408.577749 -21392.823269 999999.999999                    
PG25 -17100.219362 -19211.976317   6838.541306    484.829453  6  6  6  78       
PG26 -11084.819024  11501.220073  21042.804743    201.407474  4  6  6  68       
PG28 -24675.569433   6118.089045   7653.813232    -95.255687  7  6  4  30       
PG29 -11523.886267  -9523.226407  21903.214836   -608.856793  6  8  4  77       
PG30  26623.716969  -1081.386925  -1690.195312   -446.884852  5  5  4  70       
PG31 -19448.761631  10182.617790  15022.327905   -227.228990  5  7  4  61       
PG32 -18479.405480  10337.105191 -15709.220413   -604.151402  6  5  6  85       
*  2024  1 11  5 15  0.00000000
PG01  11653.311103  12961.393476 -20499.844312    165.786852  7  7  3  54       
PG02   4048.942271  14367.401794 -21481.607312   -502.625865  4  5  5  68       
PG03  10908.003527  23600.754566  -5867.306879    118.015686  3  6  6  75       
PG04   2383.208018  20282.398173  16919.559590    263.022923  4  4  4  85       
PG05  -2415.601488 -21257.747877  15505.921216   -157.526454  4  3  5  77       
PG06  24521.508303  -6556.299032   8065.955264    448.759101  5  4  3  61       
PG07  23522.656418   6709.362019  11399.364985    -34.400845  4  6  4  55       
PG08  -3276.316361  24186.031963 -10023.314077   -161.522232  5 13 10  61       
PG09  12093.459362   9756.287595  21451.634506     55.063436  4  4  5  59       
PG10 -17449.368960  -2394.579088 -19783.129149    -68.865556  5  5  5  77       
PG11  16563.934218 -11972.618048  16960.821257   -535.477898  4  5  4  62       
PG12  -9111.811132 -24345.004292  -5922.809411   -466.689332  5  6  4  60       
PG13  13127.715999 -22782.604701  -2985.561811    614.678444  6  5  6  47       
PG14  18862.789121   6019.006891 -17765.997169    295.464171  4  6  1  60       
PG15    151.964313 -24660.334619 -10066.807681    116.023665  5  1  6  82       
PG16  -5401.669204  17424.642574  18807.961468   -386.540828  5  6  5  66       
PG17  17580.522368  -4520.821530 -19011.736948    720.144213  6  6  3  69       
PG18 -24177.717360  -5547.646846   9757.602122   -529.194767  2  7  5  55       
PG19  18998.772183 -12320.806007 -13775.066312    424.906190  3  6  3  23       
PG20   8635.345081 -13129.771650  21485.983973    392.117487  1  5  5  75       
PG21   -425.894362  15087.483222 -21283.153068    138.773624  4  5  5  74       
PG22  15648.614693  -1698.819512 -20916.596627     50.280463  6  7  5  34       
PG23 -19487.405080 -13858.183417 -11742.631239    133.053359  5  8  5  98       
PG24  -3058.907633 -15711.509273 -21606.751401 999999.999999                    
PG25 -17239.297862 -19907.470712   4110.201299    484.830671  6  6  6  78       
PG26 -12562.425191   9532.659853  21227.773751    201.404315  4  6  5  67       
PG28 -25412.183090   5919.594848   4919.628209    -95.265836  8  6  4  60       
PG29 -10154.941244 -11608.449887  21564.173641   -608.856172  6  8  5  66       
PG30  26678.679435   -774.958905   1097.375577   -446.880723  5  5  3  75       
PG31 -21065.451529  10005.134476  12871.683218   -227.229021  5  7  4  34       
PG32 -17734.027128   8533.653185 -17541.998437   -604.154074  6  5  6  75       
*  2024  1 11  5 30  0.00000000
PG01   9347.150602  13174.222102 -21507.994861    165.787825  7  7  3  53       
PG02   1523.490959  14816.088663 -21483.269350   -502.621007  4  5  5  88       
PG03  10301.450342  23042.635173  -8599.657740    118.039311  3  6  6  63       
PG04   1412.485127  21839.478002  14964.916936    263.031722  4  4  4  85       
PG05  -1106.429719 -19853.072238  17389.541341   -157.527633  4  2  5  71       
PG06  25283.658673  -6463.115854   5295.135383    448.747335  5  3  4  60       
PG07  22193.179501   7028.614639  13695.057479    -34.408953  4  6  4  44       
PG08  -3916.158711  25000.329766  -7396.777426   -161.523871  5 12 10 113       
PG09  11081.307824  11977.668026  20862.108048     55.074351  4  5  5  66       
PG10 -18660.664822  -4240.219139 -18359.307933    -68.866593  5  6  5  83       
PG11  18395.665534 -11893.542458  15009.723851   -535.490605  4  4  3  51       
PG12  -8504.674653 -23783.373979  -8616.825088   -466.692547  6  6  4  89       
PG13  13415.252021 -22783.809104   -103.549095    614.681765  5  5  6  64       
PG14  19798.459770   7721.067764 -16021.839546    295.473418  4  6  1  81       
PG15    710.392033 -25493.449299  -7499.574009    116.026904  5  2  6  80       
PG16  -6684.705411  15510.673733  20051.438017   -386.534150  5  6  5  74       
PG17  16575.609935  -2423.895383 -20218.567078    720.143572  7  6  3  31       
PG18 -22945.869248  -5819.363390  12242.915908   -529.203216  2  6  5  66       
PG19  18303.310067 -10781.125953 -15905.345593    424.911385  3  5  3  25       
PG20  10395.481505 -11412.551249  21671.580526    392.115772  1  5  6  77       
PG21  -2922.142954  15465.101573 -20735.829684    138.772608  3  5  5  80       
PG22  16798.950909    454.897185 -20062.918918     50.274806  5  7  5  70       
PG23 -20071.608367 -14913.099816  -9212.851273    133.059983  5  8  5  88       
PG24   -705.478859 -16131.165189 -21462.362620 999999.999999                    
PG25 -17232.703393 -20340.437463   1311.821736    484.831861  6  6  6  53       
PG26 -14128.676397   7638.748694  21042.674419    201.401194  4  6  5  79       
PG28 -25845.883336   5721.382743   2100.689570    -95.275938  8  7  4  69       
PG29  -8929.160731 -13713.073307  20852.073319   -608.855716  6  7  5  67       
PG30  26438.189618   -446.537066   3866.390349   -446.876625  5  4  3  66       
PG31 -22431.787523   9895.819070  10501.397530   -227.228985  4  7  4  82       
PG32 -17003.426506   6519.576046 -19066.126285   -604.156781  6  4  7  75       
*  2024  1 11  5 45  0.00000000
PG01   6963.762229  13533.414833 -22159.807158    165.788801  7  7  4  82       
PG02   -955.722552  15389.760853 -21097.282356   -502.615928  4  6  5  82       
PG03   9477.317492  22285.275493 -11185.750480    118.062852  4  5  6  78       
PG04    616.986370  23228.255852  12751.349306    263.040516  3  5  3  76       
PG05    407.042246 -18371.621468  18968.975139   -157.528863  4  3  5  64       
PG06  25734.652636  -6366.951884   2433.881512    448.735511  4  2  4  55       
PG07  20644.291253   7452.108338  15766.601140    -34.417712  3  6  4  44       
PG08  -4413.767119  25556.464098  -4640.099987   -161.526429  6 12  9  56       
PG09  10214.128278  14165.995446  19910.576286     55.085254  3  5  5  57       
PG10 -19857.826241  -5872.442977 -16618.075468    -68.867656  4  6  4  72       
PG11  19995.056188 -11886.086913  12800.162152   -535.503348  4  4  3  44       
PG12  -7702.074386 -23012.709129 -11164.663857   -466.696353  6  6  4  58       
PG13  13543.907523 -22512.403828   2780.252060    614.685006  5  5  6  83       
PG14  20689.561233   9204.062537 -14003.613997    295.482652  4  6     14       
PG15   1167.323763 -26064.786535  -4803.638986    116.030385  5  4  6  56       
PG16  -8130.449669  13564.931913  20936.200235   -386.526912  5  7  5  47       
PG17  15632.654512   -166.184128 -21065.317420    720.142767  7  5  4  44       
PG18 -21463.923647  -6195.216061  14519.659400   -529.211593  3  6  4  63       
PG19  17588.076826  -9008.840122 -17761.219282    424.915876  3  6  3  57       
PG20  12241.965493  -9785.920292  21486.272957    392.114303  1  6  5  80       
PG21  -5320.877855  15948.039846 -19809.644554    138.771370  4  6  5  72       
PG22  17991.641401   2448.386639 -18848.440135     50.268707  5  7  5   6       
PG23 -20521.401145 -15709.783093  -6526.069927    133.066590  4  8  5  80       
PG24   1594.475856 -16657.263555 -20960.787144 999999.999999                    
PG25 -17048.388306 -20528.078405  -1508.837501    484.833082  6  6  6  73       
PG26 -15751.635197   5854.362083  20491.870477    201.398063  4  7  5  59       
PG28 -25973.598203   5486.026312   -754.431095    -95.286035  8  7  4  54       
PG29  -7861.835554 -15789.714931  19778.992543   -608.855624  6  7  6  51       
PG30  25910.956812    -62.018873   6570.073393   -446.872505  4  4  3  64       
PG31 -23524.950233   9822.314628   7952.603620   -227.228990  4  7  4  39       
PG32 -16323.046225   4325.986917 -20254.871324   -604.159431  6  4  7  86       
*  2024  1 11  6  0  0.00000000
PG01   4551.621675  14041.146463 -22443.867148    165.789724  8  7  5  74       
PG02  -3339.284618  16070.881540 -20330.178146   -502.610959  4  6  5  91       
PG03   8422.691561  21368.204766 -13581.817505    118.086397  4  5  6  78       
PG04    -17.724321  24408.225884  10316.970001    263.049323  4  6     79       
PG05   2111.923673 -16858.807320  20216.423545   -157.530439  4  3  4  60       
PG06  25871.413668  -6227.855498   -468.965753    448.723694  4  2  4  69       
PG07  18910.416936   8001.507554  17580.522256    -34.426200  4  6  4  73       
PG08  -4797.946623  25829.323914  -1801.624855   -161.527149  7 11  8  77       
PG09   9495.735082  16273.326391  18613.502183     55.096227  3  6  5  77       
PG10 -20997.402469  -7275.099222 -14590.563617    -68.869160  4  6  3  71       
PG11  21333.949272 -11917.850999  10370.071853   -535.516118  4  3  3  62       
PG12  -6689.549814 -22070.528674 -13523.628312   -466.699653  6  6  3  67       
PG13  13548.313329 -21952.424171   5615.416198    614.688367  4  5  6  58       
PG14  21495.612161  10457.677796 -11746.127488    295.491900  4  6  1  42       
PG15   1552.570375 -26352.876457  -2024.783081    116.033793  5  5  7  88       
PG16  -9720.655060  11634.672814  21447.330590   -386.519983  4  7  4  68       
PG17  14782.115830   2211.636213 -21535.893858    720.142328  7  4  6  54       
PG18 -19765.897700  -6700.972517  16548.865627   -529.219968  3  6  4  75       
PG19  16892.506803  -7027.509090 -19311.803333    424.920567  3  6  3  37       
PG20  14136.949582  -8279.375196  20932.703350    392.112115  1  5  5  87       
PG21  -7575.735216  16511.981443 -18519.421562    138.770192  4  6  5  78       
PG22  19187.299169   4251.360406 -17295.005745     50.262790  5  6  5  68       
PG23 -20798.035848 -16258.482354  -3728.155789    133.073216  4  8  5  88       
PG24   3799.565066 -17272.401987 -20108.932515 999999.999999                    
PG25 -16659.184724 -20494.548532  -4304.036608    484.834300  6  6  6  73       
PG26 -17394.652046   4208.249027  19586.092851    201.394961  4  7  4  86       
PG28 -25801.102303   5176.757044  -3596.565559    -95.296101  8  7  5  83       
PG29  -6959.929794 -17789.873038  18363.312788   -608.855208  5  6  6  57       
PG30  25113.488510    410.347811   9162.830604   -446.868384  4  4  3  71       
PG31 -24330.111758   9749.283706   5269.113634   -227.229394  4  7  5  70       
PG32 -15723.231675   1990.722321 -21087.546687   -604.162124  6  4  6  95       
*  2024  1 11  6 15  0.00000000
PG01   2159.380871  14691.212376 -22354.611435    165.790666  8  7  5  89       
PG02  -5581.849428  16834.430733 -19195.713476   -502.605758  4  6  5  94       
PG03   7132.918711  20334.025577 -15747.368566    118.109983  5  5  6  93       
PG04   -513.147821  25343.974071   7703.802906    263.058141  4  7     76       
PG05   3986.918666 -15358.323050  21109.975402   -157.531416  3  4  4  76       
PG06  25700.036446  -6006.614185  -3363.782197    448.711860  3     4  70       
PG07  17030.282805   8692.065575  19107.419759    -34.434409  3  5  4  54       
PG08  -5101.795709  25801.813427   1068.652337   -161.528176  7  9  7  52       
PG09   8921.796569  18252.840267  16993.396548     55.107174  3  6  5  61       
PG10 -22035.294065  -8440.949940 -12312.600527    -68.870303  4  6  3  88       
PG11  22392.044083 -11952.745722   7761.232846   -535.528864  4  2  2  75       
PG12  -5460.326560 -20997.722304 -15654.382931   -466.703073  7  7  3  82       
PG13  13466.327544 -21096.622142   8352.160332    614.691456  4  5  6  52       
PG14  22176.397159  11479.874001  -9288.163532    295.501162  4  7  2  46       
PG15   1899.101101 -26343.967845    789.209808    116.037134  5  7  7  69       
PG16 -11429.351378   9763.997662  21576.878512   -386.513164  3  7  4  45       
PG17  14047.753278   4663.496892 -21621.100526    720.141409  7  5  7  65       
PG18 -17891.510117  -7355.866239  18295.688834   -529.228308  4  6  4  90       
PG19  16252.095365  -4868.070685 -20531.664545    424.925358  3  6  3  58       
PG20  16038.416373  -6915.685287  20019.815864    392.110775  1  5  5  86       
PG21  -9645.679137  17125.959914 -16887.296427    138.769227  4  6  5  89       
PG22  20343.315586   5841.590502 -15430.797220     50.256896  4  6  5  74       
PG23 -20866.789666 -16577.404992   -866.789102    133.079869  4  8  4  79       
PG24   5871.950432 -17952.632090 -18919.475538 999999.999999                    
PG25 -16043.936617 -20269.863199  -7026.820716    484.835527  6  6  6  78       
PG26 -19017.710177   2722.128720  18342.168589    201.391833  4  7  4  82       
PG28 -25342.742677   4759.083441  -6376.798041    -95.306255  7  7  5  79       
PG29  -6221.949074 -19665.676846  16629.408758   -608.854978  4  6  6  34       
PG30  24069.471211    998.577044  11600.972101   -446.864257  3  4  3  44       
PG31 -24840.827476   9639.927867   2496.671700   -227.229583  4  6  5  61       
PG32 -15228.014145   -442.960553 -21549.882117   -604.164830  6  4  6  82       
*  2024  1 11  6 30  0.00000000
PG01   -165.750205  15469.163910 -21892.464707    165.791624  8  7  6  79       
PG02  -7643.794267  17648.926005 -17714.593716   -502.600724  5  6  5  80       
PG03   5611.957383  19226.761359 -17645.837893    118.133564  5  4  6  72       
PG04   -896.821173  26006.522807   4957.050632    263.066980  4  8  2  83       
PG05   6002.967129 -13910.480768  21634.015120   -157.532599  3  5  4  86       
PG06  25235.518956  -5666.450187  -6200.991831    448.700092  2  2  5  11       
PG07  15045.623843   9531.940881  20322.354947    -34.442802  3  5  4  53       
PG08  -5361.181749  25465.589458   3920.024941   -161.529665  6  8  6  74       
PG09   8480.144511  20060.517768  15078.418183     55.118108  3  6  5  79       
PG10 -22928.457125  -9371.684866  -9824.032711    -68.871553  4  6  3  93       
PG11  23157.554560 -11952.538424   5018.552956   -535.541631  4  2  3  47       
PG12  -4015.725708 -19836.977600 -17521.546220   -466.706690  7  7  3  76       
PG13  13337.380471 -19946.915710  10942.270279    614.694951  3  5  6  89       
PG14  22693.543217  12276.749392  -6671.819710    295.510386  4  7  2  36       
PG15   2241.577970 -26032.666497   3589.364089    116.040428  5  7  7  77       
PG16 -13223.779232   7992.233175  21323.932565   -386.506245  3  8  4  38       
PG17  13445.672548   7139.579679 -21318.878905    720.140867  7  5  7  67       
PG18 -15884.781744  -8171.684375  19729.998291   -529.236684  4  6  4  82       
PG19  15697.031636  -2567.796473 -21401.170721    424.930099  3  5  3  62       
PG20  17901.650074  -5710.147166  18762.742761    392.108816  2  5  5  83       
PG21 -11496.574230  17753.654707 -14942.353555    138.767999  4  6  6  71       
PG22  21415.591297   7205.588715 -13289.742241     50.250841  4  6  5  54       
PG23 -20698.385077 -16691.847965   2009.327717    133.086560  4  8  4  82       
PG24   7778.599067 -18668.293641 -17410.773885 999999.999999                    
PG25 -15188.403293 -19888.613779  -9631.749148    484.836691  6  6  6  82       
PG26 -20578.898887   1410.077988  16782.647019    201.388715  3  7  5  60       
PG28 -24620.846197   4202.322942  -9047.307910    -95.316369  8  7  5  86       
PG29  -5638.149324 -21371.626061  14607.228960   -608.854308  4  6  6  66       
PG30  22808.899927   1725.700479  13843.402432   -446.860113  3  4  3  61       
PG31 -25059.123739   9457.549836   -317.801507   -227.229701  4  6  5  55       
PG32 -14854.166686  -2927.901543 -21634.263957   -604.167506  6  4  6  80       
*  2024  1 11  6 45  0.00000000
PG01  -2379.580058  16352.752718 -21063.902832    165.792619  8  7  6  86       
PG02  -9492.627367  18477.735175 -15914.030111   -502.595631  5  5  6  92       
PG03   3872.409213  18090.168078 -19245.166456    118.157124  5  4  5  99       
PG04  -1201.046666  26374.438818   2124.300497    263.075747  4  9  4  72       
PG05   8124.202349 -12550.697114  21779.507526   -157.533918  3  5  4  87       
PG06  24501.166139  -5174.631183  -8931.903906    448.688290  1  2  5  56       
PG07  12999.799301  10521.764538  21205.194140    -34.451411  3  5  4  59       
PG08  -5613.097757  24821.456321   6702.041285   -161.531874  6  6  5  37       
PG09   8151.401682  21656.718313  12901.870597     55.129111  4  6  5  59       
PG10 -23636.559945 -10077.595727  -7167.998271    -68.872937  4  7  3  69       
PG11  23627.548255 -11878.492102   2189.293999   -535.554369  3  3  3  73       
PG12  -2365.272051 -18631.166195 -19094.213501   -466.710053  7  7  3  89       
PG13  13200.753556 -18514.481308  13340.009113    614.698428  2  5  6  82       
PG14  23012.033857  12862.099364  -3941.796980    295.519572  4  8  2  27       
PG15   2614.792784 -25422.267136   6326.386056    116.044060  5  8  7  85       
PG16 -15065.604115   6352.537880  20694.538407   -386.499325  2  8  4  66       
PG17  12983.703877   9588.131556 -20634.387670    720.140164  7  6  8  74       
PG18 -13792.479135  -9152.142673  20826.900557   -529.245004  5  7  4  84       
PG19  15251.062819   -169.021995 -21906.734829    424.934889  3  5  3  49       
PG20  19680.829944  -4670.131639  17182.584040    392.107627  1  4  5  78       
PG21 -13102.469542  18354.962594 -12720.060075    138.766861  4  6  6  99       
PG22  22360.337586   8338.911289 -10910.796857     50.245268  4  6  5  52       
PG23 -20270.213483 -16633.070455   4851.272700    133.093212  3  8  4  89       
PG24   9492.378996 -19385.086155 -15606.690955 999999.999999                    
PG25 -14085.906294 -19388.541697 -12075.581933    484.837879  6  6  6  91       
PG26 -22035.955860    278.227092  14935.335231    201.385579  3  7  5  80       
PG28 -23664.832159   3480.986656 -11562.191351    -95.326544  8  7  6  90       
PG29  -5191.077976 -22866.250564  12331.773436   -608.853762  3  7  5  92       
PG30  21366.988370   2608.711335  15852.270348   -446.855972  2  4  3  71       
PG31 -24995.284319   9167.100718  -3126.961702   -227.229926  5  6  5  68       
PG32 -14610.570413  -5414.706890 -21339.840763   -604.170156  6  4  5  89       
*  2024  1 11  7  0  0.00000000
PG01  -4442.416323  17312.674166 -19881.436541    165.793563  8  6  6  92       
PG02 -11104.085377  19280.619688 -13827.145017   -502.590769  5  5  6  87       
PG03   1935.227617  16966.072121 -20518.312447    118.180664  5  4  5  95       
PG04  -1461.429240  26434.659482   -745.316844    263.084531  5  9  5  73       
PG05  10309.186530 -11308.189065  21544.153940   -157.534946  3  5  4  86       
PG06  23527.686187  -4503.933597 -11509.541723    448.676491  3  3  5  61       
PG07  10936.359209  11654.472619  21740.903531    -34.459446  3  5  4  75       
PG08  -5893.970919  23879.399028   9365.471563   -161.532241  5  6  4  40       
PG09   7909.901655  23007.594353  10501.605160     55.140044  4  6  5  67       
PG10 -24123.530429 -10576.930447  -4390.166115    -68.874012  5  7  3  76       
PG11  23807.952246 -11693.034763   -677.746399   -535.567054  3  4  3  58       
PG12   -526.500424 -17421.746828 -20346.406960   -466.713505  7  7  4  45       
PG13  13093.864228 -16819.481666  15502.986405    614.701954  1  4  6  89       
PG14  23101.604529  13256.690062  -1144.652084    295.528811  4  8  3  47       
PG15   3052.069118 -24524.754649   8951.583280    116.047346  5  8  7  75       
PG16 -16912.353514   4870.789328  19701.471830   -386.492538  2  8  4  60       
PG17  12661.141986  11957.371965 -19579.918263    720.138925  7  6  8  59       
PG18 -11662.458268 -10292.573328  21567.181116   -529.253333  5  7  4  81       
PG19  14930.627871   2282.298217 -22040.955436    424.939769  4  6  4  69       
PG20  21330.685907  -3794.942581  15306.081670    392.105347  1  4  4  78       
PG21 -14446.524394  18887.770399 -10261.510603    138.765874  5  6  6  86       
PG22  23135.866865   9246.079418  -8337.122314     50.238996  4  6  5  71       
PG23 -19567.316540 -16436.950860   7610.708552    133.099926  4  8  4  94       
PG24  10992.954521 -20065.346151 -13536.327986 999999.999999                    
PG25 -12737.701068 -18809.023804 -14317.918069    484.839060  6  5  6  76       
PG26 -23347.818245   -675.231057  12832.755833    201.382470  3  7  6  93       
PG28 -22510.065020   2575.962839 -13878.247858    -95.336649  8  7  6  93       
PG29  -4856.426087 -24113.624695   9842.478080   -608.853327  3  7  5  84       
PG30  19782.899132   3657.734952  17593.570663   -446.851870  2  4  3  48       
PG31 -24667.348499   8736.656937  -5883.782260   -227.230067  4  6  5  75       
PG32 -14497.915053  -7853.501141 -20672.494787   -604.172842  6  5  4  81       
*  2024  1 11  7 15  0.00000000
PG01  -6320.397768  18313.589822 -18363.510357    165.794505  8  5  6  85       
PG02 -12462.873726  20015.436343 -11492.245293   -502.585948  5  4  7  83       
PG03   -170.885142  15892.795048 -21443.683967    118.204174  5  3  5  98       
PG04  -1715.280864  26183.003831  -3602.000018    263.093343  5  9  6  82       
PG05  12512.373850 -10204.932556  20932.416868   -157.536203  3  5  4  83       
PG06  22352.012361  -3633.901033 -13889.449547    448.664730  3  4  5  72       
PG07   8897.606525  12915.410627  21919.794501    -34.467855  3  5  4  29       
PG08  -6237.996038  22658.251895  11863.251572   -161.534177  5  6  5  46       
PG09   7724.863099  24086.287014   7919.342509     55.151010  5  6  5  28       
PG10 -24358.938478 -10894.958181  -1537.955033    -68.874763  5  8  4  74       
PG11  23713.225399 -11361.392912  -3533.082759   -535.579791  2  4  4  70       
PG12   1475.530636 -16247.241379 -21257.450502   -466.716749  7  8  4  76       
PG13  13050.629236 -14890.436944  17392.967279    614.705465  1  4  5  89       
PG14  22937.967428  13487.275182   1671.975550    295.538030  4  8  3  16       
PG15   3583.696742 -23360.463766  11417.809903    116.050842  5  7  7  87       
PG16 -18719.011954   3564.792049  18363.880257   -386.485829  2  8  4  57       
PG17  12468.860385  14197.408448 -18174.647089    720.137974  7  7  9  77       
PG18  -9541.969788 -11579.940189  21937.657062   -529.261710  6  7  4  79       
PG19  14744.287240   4738.155149 -21802.657249    424.944564  5  6  4  27       
PG20  22808.153227  -3075.995283  13165.191315    392.104200  1  4  4  82       
PG21 -15521.525820  19309.841224  -7612.506870    138.764607  5  6  7  76       
PG22  23704.292760   9940.124832  -5615.182464     50.233338  3  6  5  46       
PG23 -18583.088613 -16142.478666  10240.676998    133.106534  4  8  3  94       
PG24  12267.443125 -20669.489364 -11233.658519 999999.999999                    
PG25 -11153.064355 -18189.523308 -16321.781373    484.840245  6  5  6  93       
PG26 -24476.123597  -1459.725356  10511.540268    201.379369  2  7  6  77       
PG28 -21196.492117   1475.452926 -15955.718197    -95.346779  8  7  6  90       
PG29  -4604.157192 -25084.676085   7182.516908   -608.852816  3  7  5  64       
PG30  18098.339180   4875.456464  19037.691111   -446.847718  2  4  3  34       
PG31 -24100.342946   8138.775353  -8542.275911   -227.230116  5  6  6  83       
PG32 -14508.742820 -10195.689887 -19644.683082   -604.175506  6  5  4  95       
*  2024  1 11  7 30  0.00000000
PG01  -7986.627922  19315.399161 -16534.311460    165.795437  8  5  6  38       
PG02 -13563.021721  20639.918191  -8951.988704   -502.580782  5  4  7  71       
PG03  -2410.370738  14903.722530 -22005.488716    118.227666  5  3  6  91       
PG04  -1999.956270  25624.347194  -6396.163762    263.102105  6  9  6  99       
PG05  14685.741176  -9254.925065  19955.414031   -157.537493  3  4  4  88       
PG06  21015.893895  -2551.847603 -16030.463843    448.652966  4  5  5  46       
PG07   6923.200220  14282.709726  21737.716393    -34.476571  3  5  4  42       
PG08  -6675.566176  21185.016281  14151.379830   -161.535526  5  6  5  51       
PG09   7561.770582  24873.856486   5199.925733     55.161962  5  5  5  34       
PG10 -24319.165200 -11062.785582   1340.254629    -68.876256  6  8  4  92       
PG11  23365.709513 -10853.124438  -6327.404200   -535.592544  2  4  4  64       
PG12   3608.999165 -15141.836649 -21812.267590   -466.720260  7  8  4  71       
PG13  13099.976322 -12763.262997  18976.601590    614.708667     4  5  86       
PG14  22503.820450  13585.394095   4460.150870    295.547282  5  7  3  40       
PG15   4235.467753 -21957.401260  13680.414525    116.054694  4  6  7  96       
PG16 -20439.704355   2443.830296  16706.809186   -386.478873  2  8  5  29       
PG17  12389.794497  16262.075800 -16444.231251    720.137597  7  8  9  74       
PG18  -7475.989155 -12993.183734  21931.433418   -529.270087  6  7  4  81       
PG19  14692.463988   7150.111148 -21196.836671    424.949506  5  6  5  45       
PG20  24073.962097  -2497.309436  10796.556579    392.102318  2  4  4  77       
PG21 -16329.970493  19580.718780  -4822.505587    138.764486  5  6  7  56       
PG22  24033.066376  10441.787587  -2793.789428     50.227538  4  6  5  44       
PG23 -17319.673833 -15790.137679  12696.371986    133.113239  5  8  4  78       
PG24  13310.802266 -21157.568778  -8737.061964 999999.999999                    
PG25  -9349.097488 -17568.060134 -18054.150727    484.841451  6  4  6  79       
PG26 -25386.605409  -2091.702961   8011.770885    201.376249  2  7  6  67       
PG28 -19767.119324    175.623685 -17758.961523    -95.356862  8  7  6  79       
PG29  -4399.867363 -25758.237061   4398.035592   -608.852541  3  8  4  42       
PG30  16356.070588   6256.827437  20159.897342   -446.843565  2  4  4  42       
PG31 -23325.277591   7351.680260 -11058.190084   -227.230423  5  6  6  67       
PG32 -14627.829933 -12395.662338 -18275.155166   -604.178127  7  5  4  73       
*  2024  1 11  7 45  0.00000000
PG01  -9422.065416  20274.720816 -14423.483748    165.796345  8  5  6  76       
PG02 -14407.843921  21113.453346  -6252.471175   -502.575763  5  4  7  60       
PG03  -4741.965652  14026.069592 -22193.996211    118.251195  6  3  6  88       
PG04  -2351.187331  24772.452099  -9079.322484    263.110880  6  9  6  92       
PG05  16780.519877  -8463.780152  18630.685697   -157.538576  2  4  4  86       
PG06  19564.308763  -1253.565118 -17895.435175    448.641259  5  5  4  64       
PG07   5048.844452  15727.927114  21196.192513    -34.484797  3  5  5  70       
PG08  -7231.868194  19493.857082  16189.746170   -161.537364  5  6  6  71       
PG09   7383.905742  25359.911440   2390.520181     55.172953  6  5  5  66       
PG10 -23988.319730 -11115.972296   4195.905239    -68.877576  6  8  4  80       
PG11  22794.684600 -10143.489875  -9012.435727   -535.605235  3  5  5  34       
PG12   5836.326597 -14134.159816 -22001.600667   -466.723534  7  8  5  63       
PG13  13264.567947 -10480.015449  20226.055500    614.711972  1  4  5  95       
PG14  21789.602937  13585.997138   7172.432784    295.556536  5  7  4  34       
PG15   5027.382095 -20350.250718  15698.164777    116.058037  4  5  7  96       
PG16 -22029.397137   1508.573655  14760.631972   -386.472161  3  8  5  56       
PG17  12399.770093  18110.617818 -14420.260467    720.136654  6  8  8  74       
PG18  -5505.634938 -14503.885809  21548.056821   -529.278395  6  7  5  86       
PG19  14767.500327   9470.928484 -20234.517935    424.954166  6  7  5  56       
PG20  25094.099550  -2036.299413   8240.892954    392.100850  1  4  4  76       
PG21 -16883.709414  19663.553481  -1943.474872    138.763132  4  6  7  54       
PG22  24096.285173  10778.408860     76.874611     50.221493  4  6  4  38       
PG23 -15788.042203 -15420.240965  14935.880648    133.119933  5  8  4  75       
PG24  14125.922980 -21490.891901  -6088.755563 999999.999999                    
PG25  -7350.254701 -16979.752809 -19486.432243    484.842631  6  4  6  89       
PG26 -26050.333371  -2593.766070   5376.284540    201.373127  2  7  7  68       
PG28 -18266.383562  -1319.049933 -19257.060519    -95.366977  8  7  6  91       
PG29  -4206.321535 -26121.797275   1537.331139   -608.852090  3  8  4  28       
PG30  14598.389553   7789.063868  20940.749485   -446.839411  2  5  4  47       
PG31 -22377.942752   6360.242239 -13389.669968   -227.230423  5  6  6  56       
PG32 -14832.885993 -14412.366572 -16588.556970   -604.180800  7  5  5  89       
*  2024  1 11  8  0  0.00000000
PG01 -10616.132711  21146.534515 -12065.743360    165.797250  7  6  6  56       
PG02 -15009.518713  21398.782898  -3442.264193   -502.570731  5  4  7  70       
PG03  -7120.069293  13279.887434 -22005.708763    118.274686  6  2  6  93       
PG04  -2801.483531  23649.462084 -11604.953083    263.119698  6  8  6  92       
PG05  18748.958524  -7828.667644  16981.842256   -157.539550  2  3  4  86       
PG06  18043.758459    256.295882 -19451.887512    448.629515  5  6  4  41       
PG07   3305.107831  17216.935240  20302.493841    -34.493261  3  5  4  42       
PG08  -7925.703047  17624.821976  17942.872427   -161.539711  5  6  6  54       
PG09   7153.966817  25542.914030   -460.224307     55.183930  6  5  5  56       
PG10 -23358.874185 -11092.999318   6981.031954    -68.879711  7  8  4  71       
PG11  22035.165278  -9214.607271 -11541.782503   -535.618010  3  5  5  43       
PG12   8115.395936 -13246.269489 -21822.150956   -466.726841  8  8  5  17       
PG13  13559.791566  -8087.391385  21119.530507    614.715495  1  4  5  93       
PG14  20793.970148  13525.949997   9762.654899    295.565790  5  7  4  39       
PG15   5972.584763 -18579.095888  17434.121269    116.061640  4  4  6  96       
PG16 -23445.548823    751.328349  12560.402289   -386.465359  3  8  6           
PG17  12468.637037  19709.139075 -12139.582747    720.135712  6  9  8  70       
PG18  -3666.735848 -16077.231800  20793.561612   -529.286744  6  7  5  86       
PG19  14954.022725  11656.143393 -18932.525755    424.958942  7  7  5  42       
PG20  25841.085166  -1664.832338   5542.290923    392.099027  1  4  4  72       
PG21 -17203.178974  19526.759717    971.296447    138.762110  4  6  7  30       
PG22  23875.723499  10982.574226   2946.232720     50.215482  4  5  4  43       
PG23 -14007.740719 -15071.279749  16920.881241    133.126605  5  8  4  86       
PG24  14723.417550 -21633.635031  -3334.127123 999999.999999                    
PG25  -5187.613901 -16455.480880 -20594.871179    484.843838  6  4  5  75       
PG26 -26444.755434  -2993.585859   2649.949760    201.369964  1  7  7  58       
PG28 -16738.484791  -2995.764742 -20424.344796    -95.377074  8  8  6  84       
PG29  -3985.103968 -26171.927947  -1350.006342   -608.851529  4  8  4  32       
PG30  12865.628183   9451.938046  21366.443867   -446.835255  2  5  4  68       
PG31 -21297.550437   5156.716089 -15497.884065   -227.230621  5  7  6  74       
PG32 -15095.538597 -16210.696928 -14614.932969   -604.183392  7  6  5  74       
*  2024  1 11  8 15  0.00000000
PG01 -11567.013417  21885.926584  -9500.393630    165.798087  7  6  7  83       
PG02 -15388.312853  21463.545773   -571.431363   -502.565893  4  5  7  29       
PG03  -9496.280787  12677.348688 -21443.438166    118.298156  6  2  7  95       
PG04  -3378.663211  22285.078786 -13929.320082    263.128493  6  8  6 101       
PG05  20546.045763  -7338.598551  15038.101664   -157.540857  2  3  4  93       
PG06  16500.510034   1964.189010 -20672.602325    448.617823  5  6  3  40       
PG07   1716.414573  18711.036702  19069.643840    -34.501579  3  6  5  71       
PG08  -8768.579941  15622.339345  19380.548957   -161.541850  5  6  6  60       
PG09   6835.711431  25430.150160  -3303.032462     55.194897  6  4  5  77       
PG10 -22431.997662 -11033.647529   9649.009693    -68.881392  7  8  5  63       
PG11  21126.485582  -8056.344340 -13871.741613   -535.630742  3  5  5  31       
PG12  10400.939450 -12492.897127 -21276.637518   -466.730215  8  8  5  62       
PG13  13993.059055  -5635.051143  21641.658215    614.718923  2  5  5  94       
PG14  19523.968537  13442.473366  12186.686262    295.575054  5  6  4  58       
PG15   7076.587900 -16687.913543  18856.433456    116.065020  3  3  6  92       
PG16 -24649.647100    156.613281  10145.148525   -386.458527  4  8  6  59       
PG17  12561.654296  21031.766282  -9643.525447    720.134829  5  9  7 100       
PG18  -1988.602295 -17673.236200  19680.404942   -529.295106  6  7  5  96       
PG19  15229.598558  13665.531513 -17313.180450    424.963937  7  7  6  65       
PG20  26295.008662  -1350.513250   2747.449819    392.097668     4  4  71       
PG21 -17316.265184  19145.425536   3868.391691    138.761009  3  6  7  63       
PG22  23361.548430  11090.572061   5764.261279     50.209578  4  5  3   7       
PG23 -12006.327178 -14778.348200  18617.287614    133.133301  5  8  4  88       
PG24  15121.100417 -21554.388675   -520.974718 999999.999999                    
PG25  -2897.914993 -16020.712653 -21360.901527    484.845054  7  3  5  94       
PG26 -26554.506811  -3322.637345   -121.071297    201.366842  2  7  7  77       
PG28 -15225.741437  -4833.693160 -21240.824232    -95.387168  8  8  6  97       
PG29  -3698.316292 -25914.361845  -4213.972921   -608.851348  4  7  4  53       
PG30  11194.733293  11218.356612  21429.073781   -446.831107  2  5  5  80       
PG31 -20125.267197   3741.212995 -17347.607363   -227.230925  6  7  6  93       
PG32 -15382.559658 -17762.642018 -12389.140100   -604.186013  7  6  4  62       
*  2024  1 11  8 30  0.00000000
PG01 -12281.618690  22449.875121  -6770.739694    165.798836  7  6  7  27       
PG02 -15571.495977  21281.608408   2309.448593   -502.560793  4  5  7  35       
PG03 -11821.049579  12222.338370 -20516.285787    118.321636  6  2  7 100       
PG04  -4104.574787  20715.455522 -16012.247091    263.137243  6  7  6 101       
PG05  22131.125175  -6975.039516  12833.728613   -157.542358  2  3  4  90       
PG06  14978.853361   3847.983337 -21536.115832    448.606116  5  6  3  61       
PG07    300.245934  20168.273777  17516.346918    -34.510024  4  6  5  63       
PG08  -9764.120537  13533.559819  20478.354535   -161.543444  5  6  7  72       
PG09   6395.557024  25037.368144  -6088.867525     55.205868  6  4  5  76       
PG10 -21217.580613 -10977.345442  12155.269221    -68.882242  8  8  5  78       
PG11  20110.727861  -6666.911934 -15962.066324   -535.643451  4  5  5  54       
PG12  12646.048481 -11880.965504 -20373.774474   -466.733880  7  8  5  83       
PG13  14563.444057  -3173.830299  21783.762857    614.722081  2  5  5  79       
PG14  17994.904714  13371.576394  14403.161152    295.584295  4  6  5  70       
PG15   8336.818426 -14722.899646  19939.031436    116.068662  3  2  6  98       
PG16 -25608.576674   -297.972048   7557.128474   -386.451479  4  8  6  71       
PG17  12641.061381  22061.473769  -6977.036064    720.133733  5 10  6  63       
PG18   -493.051019 -19248.186777  18227.289294   -529.303429  5  7  5  91       
PG19  15565.657975  15464.415130 -15403.921448    424.968553  8  8  6  70       
PG20  26444.286401  -1058.146885    -95.143918    392.095809     5  3  72       
PG21 -17256.866787  18502.412556   6695.418827    138.759587  3  6  6  64       
PG22  22552.699927  11140.737070   8482.389685     50.203835  4  5  3  59       
PG23  -9818.505882 -14571.703611  19995.830180    133.139959  5  7  4  90       
PG24  15343.174547 -21227.567492   2301.336259 999999.999999                    
PG25   -522.397848 -15694.537734 -21771.431011    484.846257  7  3  5 107       
PG26 -26371.959970  -3614.803963  -2890.065831    201.363678  3  7  7  93       
PG28 -13767.031998  -6804.599667 -21692.525501    -95.397264  8  8  5  59       
PG29  -3310.254817 -25363.726780  -7005.034151   -608.851093  5  7  4  42       
PG30   9617.974493  13055.207018  21126.803485   -446.826939  2  5  4  68       
PG31 -18902.689025   2121.890551 -18907.757430   -227.230947  6  7  7  94       
PG32 -15657.281100 -19048.152580  -9950.188128   -604.188641  7  6  4  70       
*  2024  1 11  8 45  0.00000000
PG01 -12775.215171  22799.006104  -3923.405875    165.799690  6  6  7  57       
PG02 -15592.001110  20834.129662   5150.228034   -502.556030  4  5  6  51       
PG03 -14045.380499  11910.367072 -19239.524570    118.345125  6  3  7  91       
PG04  -4994.059173  18981.851932 -17817.820004    263.146063  5  6  6  90       
PG05  23469.339352  -6712.828294  10407.389043   -157.543717  3  3  4  80       
PG06  13519.441586   5877.614017 -22027.118977    448.594439  5  6  3  76       
PG07   -933.414488  21544.893668  15666.832694    -34.518445  4  6  5  66       
PG08 -10907.795093  11406.611997  21218.051100   -161.544655  5  6  7  69       
PG09   5804.075575  24388.102019  -8769.784005     55.216840  5  4  5  76       
PG10 -19733.951400 -10961.545100  14457.975516    -68.883041  8  7  5  97       
PG11  19031.057621  -5053.134683 -17776.668890   -535.656166  5  6  5  36       
PG12  14803.753794 -11409.402033 -19128.165328   -466.737153  7  8  5  45       
PG13  15261.670928   -753.916200  21543.987396    614.725596  3  5  5  77       
PG14  16229.911963  13346.542719  16374.167318    295.593528  4  5  5  68       
PG15   9742.516540 -12730.702328  20662.190573    116.072143  4  3  5  96       
PG16 -26295.771424   -640.630187   4841.061253   -386.444961  5  8  6  57       
PG17  12667.764428  22790.544546  -4187.768531    720.132994  5 10  5  54       
PG18    806.277785 -20756.253321  16458.872820   -529.311784  5  7  5  94       
PG19  15928.646386  17024.768591 -13236.864853    424.973289  8  8  6  77       
PG20  26286.104773   -751.317772  -2936.078700    392.094003     6  4  59       
PG21 -17063.236635  17589.103601   9402.085398    138.758346  4  5  6  40       
PG22  21456.929674  11171.750557  11054.334482     50.197824  5  5  2  57       
PG23  -7484.995424 -14475.516919  21032.563894    133.146618  5  7  4  98       
PG24  15419.149072 -20634.620441   5082.783854 999999.999999                    
PG25   1894.521967 -15488.937628 -21819.058883    484.847498  7  3  4  90       
PG26 -25897.499031  -3904.904114  -5610.508976    201.360531  3  7  7  56       
PG28 -12396.382153  -8873.746760 -21771.726611    -95.407354  8  8  5  81       
PG29  -2788.999918 -24542.944410  -9674.995477   -608.850277  6  7  4  65       
PG30   8161.830031  14924.444761  20463.950140   -446.822807  2  6  5  70       
PG31 -17670.310532    314.853096 -20151.878707   -227.231291  6  7  7  89       
PG32 -15881.141407 -20055.700498  -7340.521685   -604.191248  7  7  4  77       
*  2024  1 11  9  0  0.00000000
PG01 -13070.720177  22899.249313  -1007.562413    165.800544  6  6  7  63       
PG02 -15486.895439  20110.325429   7902.085251   -502.551162  4  5  6  67       
PG03 -16122.531312  11728.811576 -17634.382463    118.368588  6  3  7  97       
PG04  -6054.194616  17129.103609 -19315.009060    263.154866  6  5  6 109       
PG05  24532.848341  -6521.349993   7801.434878   -157.544480  4  4  4  81       
PG06  12157.780107   8016.049646 -22136.751247    448.582760  5  6  4  81       
PG07  -1982.364261  22796.923156  13550.608304    -34.527142  4  5  5  57       
PG08 -12186.997485   9288.845005  21587.848877   -161.545251  5  6  7  64       
PG09   5037.324037  23512.708028 -11299.753852     55.227805  5  4  5  74       
PG10 -18007.296804 -11020.183271  16518.662353    -68.884097  8  7  5 101       
PG11  17930.029785  -3230.387417 -19284.249101   -535.668918  6  6  5  46       
PG12  16828.622000 -11069.255248 -17560.113439   -466.740692  7  8  5  63       
PG13  16070.453439   1576.935933  20927.282975    614.729016  4  5  5  64       
PG14  14259.229164  13396.526150  18065.882394    295.602791  4  5  5  62       
PG15  11274.993228 -10756.640969  21012.950200    116.075710  4  3  5  88       
PG16 -26692.114478   -904.048602   2043.351398   -386.437930  5  7  6  52       
PG17  12603.062072  23220.655904  -1325.140905    720.131990  4  9  5  64       
PG18   1904.282457 -22151.199603  14405.370113   -529.320211  5  6  5  79       
PG19  16281.365907  18326.085162 -10848.300594    424.978066  9  8  5  88       
PG20  25826.530958   -394.024894  -5725.903136    392.091511     6  4  72       
PG21 -16776.188142  16405.776469  11941.165902    138.757320  4  5  6  56       
PG22  20090.507335  11220.967273  13436.854809     50.191899  5  5  2  70       
PG23  -5051.168789 -14506.861945  21709.294347    133.153306  5  6  4  90       
PG24  15382.527485 -19764.982692   7773.648968 999999.999999                    
PG25   4306.696323 -15408.320567 -21502.223487    484.848702  7  4  3  88       
PG26 -25139.511566  -4227.193480  -8236.789510    201.357345  4  7  7  75       
PG28 -11141.750915 -11001.056281 -21477.085911    -95.417412  8  8  5  74       
PG29  -2107.854276 -23482.319500 -12177.843429   -608.849347  7  7  4  38       
PG30   6846.093392  16784.384564  19450.969075   -446.818666  2  5  5  58       
PG31 -16466.041017  -1656.236130 -21058.569990   -227.231460  6  7  7  68       
PG32 -16015.300785 -20782.512981  -4605.259282   -604.193834  6  7  5  64       
*  2024  1 11  9 15  0.00000000
PG01 -13197.683973  22723.323598   1925.928149    165.801413  5  5  7           
PG02 -15295.730218  19107.911993  10518.351660   -502.546053  4  5  6  43       
PG03 -18009.640194  11657.476231 -15727.727860    118.392008  6  3  7  92       
PG04  -7283.853473  15203.967750 -20478.198900    263.163711  6  5  6 105       
PG05  25301.777570  -6365.924058   5061.134633   -157.545951  4  4  4  85       
PG06  10922.924051  10220.540977 -21862.781264    448.571056  5  6  4  63       
PG07  -2852.175011  23881.799512  11202.111852    -34.535386  4  5  5  57       
PG08 -13581.451418   7225.129252  21582.541277   -161.547784  5  6  8  59       
PG09   4077.958942  22447.153740 -13635.451706     55.238765  5  4  4  66       
PG10 -16070.807737 -11182.281618  18302.817545    -68.885012  8  7  5  87       
PG11  16847.932878  -1222.199231 -20458.837338   -535.681644  6  6  5  52       
PG12  18678.312297 -10844.112801 -15695.348015   -466.744050  7  7  5  57       
PG13  16965.166288   3775.075048  19945.265121    614.732445  4  4  5  36       
PG14  12119.217387  13545.309320  19449.148700    295.612072  4  5  6  48       
PG15  12908.236940  -8842.992035  20985.373053    116.079162  4  4  5  98       
PG16 -26786.560587  -1123.937233   -788.681970   -386.431053  6  7  6  64       
PG17  12410.337222  23362.595763   1560.610844    720.131148  5  9  6  71       
PG18   2804.424933 -23388.132147  12102.048355   -529.328577  5  6  5  90       
PG19  16584.458262  19355.976497  -8278.134495    424.982638  9  8  5  57       
PG20  25080.285113     47.695685  -8416.016972    392.090228  2  6  4  73       
PG21 -16437.255086  14961.602626  14269.340075    138.756448  4  5  6  64       
PG22  18477.615842  11322.833936  15590.420157     50.186206  5  5  2  72       
PG23  -2565.514772 -14674.983389  22013.913904    133.159990  4  5  4  80       
PG24  15269.318101 -18616.720123  10325.500346 999999.999999                    
PG25   6667.759005 -15449.338849 -20825.276042    484.849901  7  4  3  80       
PG26 -24114.100269  -4613.896865 -10724.914974    201.354174  5  7  7  74       
PG28 -10024.061742 -13142.482348 -20813.663668    -95.427599  8  8  4  51       
PG29  -1246.573200 -22218.356971 -14470.542224   -608.849126  8  7  4  61       
PG30   5683.236411  18591.150391  18104.338716   -446.814506  3  6  5  70       
PG31 -15323.819057  -3760.820378 -21611.849787   -227.231672  6  7  7  80       
PG32 -16022.261686 -21234.478696  -1791.404171   -604.196402  7  7  4 104       
*  2024  1 11  9 30  0.00000000
PG01 -13190.993277  22251.984851   4825.430537    165.802259  4  5  6   3       
PG02 -15058.839646  17833.221453  12955.259454   -502.541084  4  5  6  22       
PG03 -19669.222187  11669.456563 -13551.659015    118.415454  6  4  7  84       
PG04  -8673.587742  13253.410220 -21287.617929    263.172558  6  4  6  91       
PG05  25764.861881  -6209.344558   2233.865789   -157.546953  5  5  4  78       
PG06   9836.436419  12444.103998 -21209.669108    448.559339  5  6  4  92       
PG07  -3555.884690  24759.998958   8660.261675    -34.543848  4  5  5  44       
PG08 -15063.926355   5256.282292  21203.512449   -161.549153  4  6  8  64       
PG09   2916.092622  21231.608438 -15736.986132     55.249718  5  5  4  90       
PG10 -13963.580143 -11470.734715  19780.413662    -68.886564  7  7  5  71       
PG11  15821.235956    940.459869 -21280.242580   -535.694351  7  6  5  74       
PG12  20315.038038 -10710.809103 -13564.665479   -466.747681  7  7  5  79       
PG13  17914.818457   5802.448233  18615.943519    614.735908  5  4  5  33       
PG14   9851.149178  13810.273008  20499.977119    295.621312  4  5  6  51       
PG15  14609.842094  -7027.419061  20580.638339    116.082973  4  4  5  87       
PG16 -26576.465899  -1337.477710  -3607.560270   -386.424028  6  7  6  49       
PG17  12056.645209  23235.631793   4419.360336    720.130416  5  9  6  78       
PG18   3518.416195 -24425.216966   9588.626232   -529.336951  5  6  5  90       
PG19  16797.977225  20110.484530  -5569.280628    424.987437  9  8  4  72       
PG20  24070.182065    604.226711 -10959.549378    392.088949  3  6  4           
PG21 -16086.889034  13274.288043  16347.889207    138.755031  4  4  6  48       
PG22  16649.468153  11507.457455  17479.785185     50.180182  5  5  2  62       
PG23    -77.976907 -14980.873609  21940.640692    133.166667  4  5  5  86       
PG24  15116.429008 -17196.829909  12692.178995 999999.999999                    
PG25   8932.660925 -15600.998403 -19798.476769    484.851127  7  5  4  81       
PG26 -22844.526182  -5093.821675 -13033.189120    201.351009  5  7  7  71       
PG28  -9056.515094 -15251.544088 -19792.835938    -95.437723  7  8  4  39       
PG29   -192.339018 -20792.354467 -16513.771745   -608.848407  8  7  4  49       
PG30   4678.055962  20300.232232  16446.342779   -446.810374  3  6  5  69       
PG31 -14272.374779  -5962.372681 -21801.453776   -227.231749  6  7  7  68       
PG32 -15867.432764 -21425.735050   1052.958704   -604.199057  7  7  4  73       
*  2024  1 11  9 45  0.00000000
PG01 -13089.343871  21474.977490   7639.504056    165.803101  4  5  6  39       
PG02 -14815.656470  16300.995767  15172.602017   -502.536422  5  5  5  50       
PG03 -21070.477434  11732.275057 -11143.000884    118.438898  6  4  6  81       
PG04 -10205.846888  11322.901184 -21729.660558    263.181384  7  3  6 104       
PG05  25919.764801  -6013.511459   -631.715315   -157.548222  5  5  4  77       
PG06   8911.648966  14637.180602 -20188.507631    448.547581  5  6  4  78       
PG07  -4113.390159  25396.599946   5967.898591    -34.552198  4  5  5  49       
PG08 -16601.229536   3417.679482  20458.623370   -161.551660  5  6  9  58       
PG09   1549.858902  19908.890497 -17568.565277     55.260697  5  5  5  83       
PG10 -11729.308795 -11901.328566  20926.379139    -68.888597  7  7  5  79       
PG11  14881.198840   3220.182328 -21734.397676   -535.707071  7  7  5  80       
PG12  21706.879626 -10640.400550 -11203.486891   -466.750873  7  7  5  72       
PG13  18883.285268   7627.859118  16963.335051    614.739273  5  4  5  72       
PG14   7499.814046  14201.616424  21199.971405    295.630610  4  5  6  44       
PG15  16342.216164  -5341.616491  19806.967841    116.086227  4  4  5  90       
PG16 -26067.620703  -1581.741726  -6366.376304   -386.417337  6  7  6  77       
PG17  11514.136254  22866.569164   7201.979951    720.129268  6  8  6  63       
PG18   4065.573094 -25225.295799   6908.585387   -529.345366  5  5  5  72       
PG19  16882.995617  20594.094803  -2767.009387    424.991911  9  7  4  54       
PG20  22826.264323   1300.967684 -13312.206370    392.086941  4  6  4  40       
PG21 -15762.770287  11369.388753  18143.245824    138.753643  5  4  6  60       
PG22  14643.186617  11799.372123  19074.469646     50.174334  6  5  2  61       
PG23   2361.768687 -15417.176946  21490.154403    133.173402  4  4  5  89       
PG24  14960.017457 -15521.176033  14830.753880 999999.999999                    
PG25  11059.173644 -15845.061102 -18437.909211    484.852383  7  5  4  66       
PG26 -21360.403817  -5691.101986 -15122.855042    201.347837  6  6  6  74       
PG28  -8244.208196 -17280.960297 -18432.102124    -95.447836  7  8  3  41       
PG29   1059.557987 -19248.826624 -18272.594418   -608.847986  9  7  4  53       
PG30   3827.621143  21868.092210  14504.748907   -446.806232  3  6  5  71       
PG31 -13334.185060  -8219.548658 -21623.058232   -227.231763  6  7  6  73       
PG32 -15520.577991 -21377.957342   3879.466439   -604.201696  7  6  4  77       
*  2024  1 11 10  0  0.00000000
PG01 -12933.542592  20391.641078  10317.895842    165.803938  3  4  6  61       
PG02 -14603.107381  14533.877732  17134.303193   -502.531270  5  5  5  49       
PG03 -22190.360022  11809.248245  -8542.714573    118.462415  5  5  7  67       
PG04 -11855.518337   9454.785402 -21797.098193    263.190220  7  2  5  96       
PG05  25773.065081  -5741.088268  -3486.510874   -157.549374  6  6  5  78       
PG06   8153.255971  16749.412408 -18816.842428    448.535898  5  6  4  82       
PG07  -4550.553162  25762.716749   3171.121650    -34.560713  4  4  5  66       
PG08 -18155.430259   1738.099801  19361.984830   -161.554135  6  6  9  47       
PG09    -14.332307  18522.832264 -19099.086949     55.271646  5  5  5  93       
PG10  -9414.818463 -12482.024921  21721.004718    -68.889603  7  6  5  55       
PG11  14052.699581   5574.377668 -21813.596223   -535.719790  8  7  5  70       
PG12  22828.899058 -10599.376285  -8651.333240   -466.754484  7  7  5  74       
PG13  19830.746055   9227.944324  15016.972170    614.742682  5  5  5  74       
PG14   5111.990876  14721.859838  21536.665030    295.639877  4  4  6  54       
PG15  18064.008877  -3810.225594  18679.390889    116.090235  4  5  5  75       
PG16 -25273.990566  -1892.134670  -9019.494153   -386.410728  7  6  6  87       
PG17  10761.259828  22288.543899   9861.175410    720.128890  6  7  7  69       
PG18   4471.871114 -25757.336622   4108.406531   -529.353781  5  5  4  83       
PG19  16803.190445  20819.449813     81.742917    424.996477  9  7  4  60       
PG20  21384.661126   2157.132624 -15433.069833    392.085238  4  6  4  78       
PG21 -15498.296762   9279.345532  19627.399094    138.753460  5  4  5  25       
PG22  12500.492391  12216.545208  20349.144161     50.168387  6  5  2  57       
PG23   4706.031955 -15968.428188  20669.624209    133.180112  4  4  5  83       
PG24  14833.867884 -13614.055950  16702.420184 999999.999999                    
PG25  13009.308343 -16156.730736 -16765.308652    484.853612  7  5  4  58       
PG26 -19696.676490  -6424.117692 -16958.697644    201.344590  6  6  6  81       
PG28  -7584.076104 -19184.324188 -16754.789220    -95.457954  6  8  3  56       
PG29   2505.357720 -17633.823153 -19717.040305   -608.847783  9  7  4  39       
PG30   3121.526778  23253.759153  12312.384853   -446.802098  4  6  5  59       
PG31 -12524.661588 -10487.532143 -21078.422974   -227.232249  6  6  6  74       
PG32 -14957.098207 -21119.380836   6640.270470   -604.204347  7  6  4  87       
*  2024  1 11 10 15  0.00000000
PG01 -12764.708979  19011.137763  12812.535382    165.804812  4  5  6  83       
PG02 -14454.144597  12561.627148  18808.894657   -502.526323  6  5  5  55       
PG03 -23014.364297  11861.034628  -5795.226474    118.485909  6  5  6  74       
PG04 -13590.768379   7686.789643 -21489.177074    263.199027  6  1  5  87       
PG05  25339.915334  -5357.121774  -6281.811964   -157.550564  6  5  5  68       
PG06   7557.257709  18731.458229 -17118.372698    448.524167  5  6  4  84       
PG07  -4898.045671  25836.739784    318.522084    -34.569255  5  3  6  81       
PG08 -19685.264730    238.846228  17933.627461   -161.555450  7  7  9  66       
PG09  -1761.860079  17116.625373 -20302.644839     55.282603  5  5  5  77       
PG10  -7068.482445 -13212.538307  22150.280040    -68.890094  6  7  5  74       
PG11  13353.324321   7956.729903 -21516.617382   -535.732506  8  7  5  68       
PG12  23664.012053 -10551.063142  -5951.221851   -466.757788  7  7  5  89       
PG13  20715.267098  10587.834144  12811.320427    614.745938  6  5  5  67       
PG14   2734.843349  15365.650730  21503.763545    295.649110  4  4  5  55       
PG15  19731.697252  -2450.066194  17219.359834    116.093478  4  5  4  65       
PG16 -24217.180283  -2300.917804 -11523.213099   -386.403422  7  6  5  76       
PG17   9783.709769  21539.607072  12352.253136    720.128280  6  6  7  47       
PG18   4768.730328 -25997.659330   1236.744395   -529.362208  5  4  4  49       
PG19  16526.349774  20806.770797   2929.096645    425.001037  9  6  4  80       
PG20  19786.219636   3184.797073 -17285.331742    392.083509  5  6  4  74       
PG21 -15321.301882   7042.290143  20778.164005    138.751314  5  5  5  46       
PG22  10266.256542  12769.649982  21283.924586     50.162449  6  4  3  52       
PG23   6910.758776 -16611.618943  19492.625620    133.186830  4  4  5  79       
PG24  14767.872946 -11507.412779  18273.312371 999999.999999                    
PG25  14750.598513 -16505.603628 -14807.800940    484.854882  7  6  4  71       
PG26 -17892.407329  -7304.627413 -18509.599226    201.341429  6  5  6  84       
PG28  -7065.155891 -20917.754778 -14789.657368    -95.468084  6  8  3  53       
PG29   4132.800488 -15993.206349 -20822.601574   -608.846676  9  7  4  29       
PG30   2542.447150  24420.349606   9906.615541   -446.797952  4  6  5  65       
PG31 -11851.604818 -12719.529442 -20175.447299   -227.232163  5  6  6  67       
PG32 -14159.099580 -20683.595624   9288.806516   -604.207026  7  6  5  91       
*  2024  1 11 10 30  0.00000000
PG01 -12622.453836  17352.282740  15078.503761    165.805677  4  5  6  50       
PG02 -14396.461975  10420.098367  20169.903153   -502.521261  6  6  4  39       
PG03 -23536.995544  11847.304983  -2947.686140    118.509421  6  6  6  81       
PG04 -15374.149726   6050.723644 -20811.603182    263.207854  6  2  5  86       
PG05  24643.389800  -4830.562281  -8970.108586   -157.551946  6  5  5  62       
PG06   7111.256305  20536.783483 -15122.537831    448.512441  5  6  4  66       
PG07  -5189.973668  25605.323154  -2539.675055    -34.577723  5  3  5  66       
PG08 -21147.664403  -1066.831881  16199.080236   -161.556818  8  6  9  12       
PG09  -3670.273601  15731.209383 -21158.944256     55.293544  5  5  5  76       
PG10  -4738.582597 -14084.223395  22206.155014    -68.891711  6  6  5  57       
PG11  12792.754235  10318.801489 -20848.737100   -535.745218  8  7  5  74       
PG12  24203.581150 -10457.174975  -3148.989007   -466.761294  6  7  5  73       
PG13  21494.465006  11701.477267  10385.120143    614.749406  6  5  5  64       
PG14    414.298039  16119.883482  21101.286568    295.658409  4  4  5  46       
PG15  21301.254417  -1269.711570  15454.232628    116.097000  4  5  4  60       
PG16 -22925.643208  -2835.858050 -13836.391801   -386.396706  7  6  5  74       
PG17   8575.081032  20661.160442  14633.811313    720.127299  6  5  6  67       
PG18   4991.583130 -25930.886225  -1656.442476   -529.370604  5  4  4  67       
PG19  16025.746735  20583.006113   5726.976572    425.006016  9  5  4  66       
PG20  18074.963732   4388.233340 -18836.948831    392.082004  5  6  4  81       
PG21 -15253.038605   4700.680100  21579.326335    138.750489  5  5  4  66       
PG22   7986.966614  13461.624783  21864.579071     50.156560  6  4  2  57       
PG23   8937.048410 -17317.072958  17978.944929    133.193510  3  4  5  79       
PG24  14786.687940  -9239.725376  19515.206778 999999.999999                    
PG25  16257.197437 -16856.854944 -12597.548823    484.856089  6  5  4  36       
PG26 -15989.427491  -8337.147061 -19749.041958    201.338232  6  5  6  80       
PG28  -6669.163494 -22441.462183 -12570.412900    -95.478200  5  8  2  64       
PG29   5921.429265 -14370.954430 -21570.629454   -608.846041  9  7  5  77       
PG30   2066.971779  25336.454500   7328.726795   -446.793799  5  6  5  53       
PG31 -11314.948652 -14868.361416 -18928.132604   -227.232389  5  6  6  81       
PG32 -13116.211933 -20108.161329  11780.532472   -604.209696  7  6  5  70       
*  2024  1 11 10 45  0.00000000
PG01 -12543.115164  15442.978354  17074.950334    165.806629  4  5  6  59       
PG02 -14451.435108   8150.021507  21196.151109   -502.516315  6  6  4  44       
PG03 -23761.903535  11728.470619    -49.164019    118.532939  6  6  6  66       
PG04 -17163.931925   4571.422905 -19776.416422    263.216727  6  4  5  89       
PG05  23713.549392  -4135.627652 -11505.867394   -157.553388  6  5  4  58       
PG06   6795.092219  22123.350588 -12863.997066    448.500648  5  6  4  60       
PG07  -5462.330896  25064.067472  -5352.546838    -34.586395  5  2  5  83       
PG08 -22499.347775  -2173.999293  14188.869535   -161.559350  8  6  9  49       
PG09  -5709.973955  14403.764330 -21653.622372     55.304464  5  5  4  83       
PG10  -2471.667776 -15080.280294  21886.720511    -68.893059  5  6  5  78       
PG11  12372.472456  12611.722004 -19821.626194   -535.757927  8  7  4  73       
PG12  24447.702398 -10279.449583   -292.545913   -466.764780  6  7  5  58       
PG13  22127.184146  12571.623183   7780.667807    614.752607  6  5  5  55       
PG14  -1806.533840  16964.130825  20335.604732    295.667690  4  3  5  53       
PG15  22729.828369   -269.416744  13416.642775    116.100477  4  6  4  67       
PG16 -21433.665607  -3519.049320 -15921.029861   -386.389541  7  5  5  82       
PG17   7137.221255  19696.306570  16668.348826    720.126718  6  4  6  20       
PG18   5178.281695 -25550.577963  -4520.789731   -529.379029  5  4  4  82       
PG19  15281.329422  20180.733932   8427.876837    425.010818  8  4  4  55       
PG20  16296.442742   5763.560832 -20061.205031    392.080197  6  6  3  71       
PG21 -15307.453021   2299.820369  22020.677839    138.749651  6  5  4  74       
PG22   5709.162737  14287.526534  22082.652706     50.150701  5  5  2  68       
PG23  10752.479158 -18049.598952  16154.271879    133.200176  4  4  5  96       
PG24  14908.620905  -6854.624968  20406.092424 999999.999999                    
PG25  17510.746211 -17172.622114 -10171.304241    484.857317  6  5  4           
PG26 -14030.888151  -9518.598045 -20655.550893    201.335082  6  5  5  73       
PG28  -6371.360735 -23721.167180 -10135.136618    -95.488317  4  8  2  71       
PG29   7843.211309 -12807.555396 -21948.628690   -608.845581  9  7  5  40       
PG30   1666.693179  25977.334550   4623.224220   -446.789665  5  6  5  68       
PG31 -10906.811080 -16888.097339 -17356.445949   -227.232891  5  5  5  54       
PG32 -11826.129313 -19433.093982  14073.625692   -604.212420  7  6  5  96       
*  2024  1 11 11  0  0.00000000
PG01 -12558.130903  13319.271361  18765.930183    165.807608  5  5  5  63       
PG02 -14633.315504   5795.633780  21871.975238   -502.511182  6  6  4  63       
PG03 -23701.670346  11467.401599   2850.197878    118.556416  5  6  6  71       
PG04 -18915.602661   3265.971805 -18401.758105    263.225542  6  4  5  87       
PG05  22586.262030  -3252.961251 -13846.266392   -157.554591  6  5  4  59       
PG06   6581.795691  23455.143154 -10382.012036    448.488878  5  5  4  67       
PG07  -5751.345078  24217.857077  -8069.466073    -34.594755  5  2  5  71       
PG08 -23698.415107  -3085.975458  11937.951116   -161.561328  7  5  9 107       
PG09  -7845.170102  13166.363227 -21778.469537     55.315381  5  5  3  92       
PG10   -310.968668 -16176.274835  21196.302853    -68.895198  4  6  5  84       
PG11  12085.801289  14787.896663 -18453.137796   -535.770613  8  6  4  69       
PG12  24405.168967  -9981.311133   2568.922542   -466.768120  6  7  5  78       
PG13  22575.122865  13209.469448   5043.052833    614.756127  5  5  5  55       
PG14  -3888.830844  17871.373321  19219.368442    295.676903  3  3  5  27       
PG15  23977.359080    558.606454  11143.779394    116.104252  3  6  3  78       
PG16 -19780.161731  -4365.943223 -17742.804510   -386.382567  7  5  5  39       
PG17   5480.272153  18688.176420  18422.789162    720.125821  6  4  5  68       
PG18   5367.410005 -24859.528491  -7306.434745   -529.387459  6  4  3  62       
PG19  14280.680623  19636.855952  10985.634102    425.015513  8  3  5  85       
PG20  14496.036584   7298.725170 -20937.171331    392.077954  7  6  3  80       
PG21 -15490.758309   -113.670715  22097.957148    138.747920  6  6  4  66       
PG22   3477.896155  15234.677499  21935.514803     50.144738  5  4  2  78       
PG23  12332.189454 -18769.878118  14049.783401    133.206830  4  4  5  84       
PG24  15144.808941  -4399.300735  20930.593818 999999.999999                    
PG25  18500.974588 -17413.537771  -7569.866855    484.858512  6  5  4  43       
PG26 -12059.766451 -10838.240495 -21213.071023    201.331933  6  5  5  83       
PG28  -6141.678926 -24729.320777  -7525.636467    -95.498456  4  8  3  85       
PG29   9863.454338 -11338.551924 -21950.446341   -608.844896  9  7  6  79       
PG30   1309.505449  26325.873882   1837.058371   -446.785566  6  6  5  26       
PG31 -10611.855310 -18735.670812 -15486.079929   -227.232952  4  5  5  56       
PG32 -10294.855178 -18699.280976  16129.632154   -604.215142  7  6  5  89       
*  2024  1 11 11 15  0.00000000
PG01 -12692.622599  11024.071406  20121.137684    165.808562  7  5  6  78       
PG02 -14948.699637   3403.209919  22187.368214   -502.506226  7  6  4  77       
PG03 -23377.257485  11031.066049   5700.067461    118.579950  5  6  6  43       
PG04 -20583.481921   2143.234378 -16711.537323    263.234312  6  5  4  78       
PG05  21301.824341  -2170.542226 -15951.877225   -157.555942  6  4  4  46       
PG06   6438.814455  24503.463402  -7719.744205    448.477119  4  5  3  52       
PG07  -6091.787634  23080.825097 -10641.127826    -34.603368  5  2  5  47       
PG08 -24705.887175  -3813.963981   9485.087133   -161.564173  7  5  8 102       
PG09 -10035.072722  12044.834155 -21531.549693     55.326283  6  4  2  74       
PG10   1705.073635 -17340.960019  20145.466758    -68.896346  4  6  5  73       
PG11  11918.267079  16802.669212 -16766.988543   -535.783400  7  6  3  74       
PG12  24093.107067  -9529.492897   5385.804346   -466.771777  6  6  5  82       
PG13  22804.346906  13633.993617   2219.364928    614.759348  5  4  5  31       
PG14  -5799.374890  18809.001402  17771.327000    295.686110  3  2  5  64       
PG15  25008.068012   1229.589559   8676.601127    116.107519  3  6  3  64       
PG16 -18007.320354  -5384.620285 -19271.560266   -386.375642  7  5  4  90       
PG17   3622.406875  17678.295146  19868.918633    720.124980  6  4  4  63       
PG18   5596.569430 -23869.706574  -9964.915061   -529.395839  6  4  3  61       
PG19  13019.708123  18991.127019  13356.198699    425.020163  7  3  5  75       
PG20  12717.285019   8973.806172 -21450.055311    392.076974  7  5  2  71       
PG21 -15801.308569  -2493.396983  21812.711622    138.747122  7  5  4  57       
PG22   1335.260528  16283.095106  21426.333705     50.138942  4  4  2  61       
PG23  13659.670607 -19436.033360  11701.623596    133.213514  4  4  5  78       
PG24  15498.716857  -1922.766800  21080.235459 999999.999999                    
PG25  19226.005388 -17540.356797  -4837.451452    484.859720  6  4  3  42       
PG26 -10117.377914 -12277.897485 -21411.271733    201.328815  6  5  4  69       
PG28  -5946.055448 -25446.076979  -4786.735155    -95.508582  4  8  3  56       
PG29  11941.981585  -9993.291491 -21576.353536   -608.844157  9  6  6  72       
PG30    961.062832  26373.250251   -981.209997   -446.781423  6  5  5  61       
PG31 -10407.954314 -20372.416311 -13348.105791   -227.233087  4  5  5  62       
PG32  -8536.644890 -17946.881565  17914.060899   -604.217839  6  6  6  75       
*  2024  1 11 11 30  0.00000000
PG01 -12964.254597   8605.585530  21116.514802    165.809501  8  6  6  71       
PG02 -15396.284469   1019.541748  22138.048449   -502.501241  7  6  4  73       
PG03 -22817.131234  10392.023604   8450.819724    118.603501  5  7  6  57       
PG04 -22122.387178   1203.708145 -14735.003321    263.243145  6  5  4  93       
PG05  19903.437168   -884.316085 -17787.286928   -157.557301  7  5  4  57       
PG06   6329.467724  25247.951463  -4923.481129    448.465347  3  5  3  71       
PG07  -6515.323083  21675.936800 -13020.580137    -34.611721  5  3  5  73       
PG08 -25487.133022  -4376.390757   6872.179973   -161.565184  7  4  8  32       
PG09 -12235.281060  11057.873411 -20917.219243     55.337218  6  3     83       
PG10   3544.110429 -18537.373881  18750.921820    -68.898246  3  5  5  76       
PG11  11848.277367  18615.875711 -14792.339685   -535.796113  7  6  2  83       
PG12  23536.292449  -8895.554486   8108.938023   -466.775234  6  6  5  95       
PG13  22786.634298  13871.001030   -642.113418    614.762731  5  5  5  46       
PG14  -7511.652450  19740.053450  16016.038570    295.695362  3  2  5  49       
PG15  25791.762678   1765.318321   6059.007474    116.110965  3  6  2  48       
PG16 -16159.147461  -6575.325574 -20481.749316   -386.368661  7  5  4  76       
PG17   1589.279518  16705.042701  20983.740106    720.124143  6  4  3  45       
PG18   5900.707975 -22601.846189 -12450.039312   -529.404208  6  5  3  49       
PG19  11503.034772  18284.572660  15498.392363    425.025049  6  3  5  82       
PG20  11000.307048  10761.641331 -21591.435239    392.074577  7  5  1  77       
PG21 -16229.762479  -4794.671465  21172.094371    138.745817  7  5  4  68       
PG22   -680.957275  17406.186535  20563.983459     50.132696  4  4  2  54       
PG23  14727.238318 -20005.319290   9150.287581    133.220196  5  4  5  70       
PG24  15965.977784    525.931067  20853.544023 999999.999999                    
PG25  19692.343469 -17515.615804  -2020.969736    484.860940  6  4  2  74       
PG26  -8241.948550 -13812.466472 -21245.771905    201.325654  6  5  4  82       
PG28  -5747.931439 -25859.981224  -1965.504471    -95.518681  4  8  3  61       
PG29  14034.520587  -8793.927655 -20833.020437   -608.843819  9  6  7  59       
PG30    586.339619  26119.291277  -3782.288444   -446.777325  6  5  5  69       
PG31 -10267.139646 -21765.465472 -10978.518866   -227.233331  3  4  5  78       
PG32  -6573.648469 -17213.770238  19396.917871   -604.220421  6  6  6  80       
*  2024  1 11 11 45  0.00000000
PG01 -13382.420319   6115.537434  21734.717163    165.810475  9  5  7  75       
PG02 -15966.912236  -1309.583317  21725.462557   -502.496280  7  5  5  73       
PG03 -22056.098567   9529.710946  11054.431942    118.627034  6  7  6  86       
PG04 -23489.286308    439.704034 -12506.232121    263.251914  6  6  4  94       
PG05  18435.591710    601.476111 -19321.652197   -157.558702  7  5  4  72       
PG06   6214.567256  25677.286586  -2041.807043    448.453590  2  5  3  66       
PG07  -7048.975531  20034.200503 -15164.227560    -34.619949  5  3  4  58       
PG08 -26013.136541  -4797.979981   4143.573833   -161.566385  7  4  8  90       
PG09 -14399.311084  10216.441730 -19946.045038     55.348194  6  2     97       
PG10   5180.969114 -19724.178401  17035.328391    -68.899556  3  5  5  95       
PG11  11848.082900  20193.230153 -12563.285960   -535.808851  6  5  1  87       
PG12  22766.168991  -8057.229901  10690.504888   -466.778576  7  6  4  90       
PG13  22500.603661  13951.929290  -3492.715854    614.766090  5  4  5  76       
PG14  -9006.699340  20624.643534  13983.473551    295.704682  2  3  5  40       
PG15  26304.909490   2193.000261   3336.989826    116.114483  4  5  3  48       
PG16 -14279.952729  -7930.284855 -21352.819973   -386.361715  7  5  4  80       
PG17   -586.788257  15802.260345  21749.744578    720.123131  5  4  3  61       
PG18   6310.561350 -21084.702584 -14718.712968   -529.412559  6  5  3  62       
PG19   9744.067478  17557.852061  17374.639912    425.029688  6  4  5  73       
PG20   9380.372094  12628.738765 -21359.376302    392.072936  8  4     85       
PG21 -16759.518760  -6975.910128  20188.608933    138.744654  7  5  5  80       
PG22  -2538.464685  18571.682439  19362.885925     50.127096  3  4  1  46       
PG23  15536.162624 -20435.866218   6439.919226    133.226827  6  4  5  82       
PG24  16534.578463   2899.489333  20255.990445 999999.999999                    
PG25  19914.542103 -17305.259218    830.764827    484.862114  6  4  1  60       
PG26  -6467.298940 -15410.704078 -20718.279035    201.322385  6  5  3  80       
PG28  -5509.852286 -25968.347763    889.540867    -95.528941  4  8  4  59       
PG29  16094.252911  -7754.708636 -19733.386169   -608.843390  9  6  7  79       
PG30    151.227370  25572.498907  -6517.056987   -446.773212  7  5  5  74       
PG31 -10156.803166 -22888.945269  -8417.678108   -227.233603  3  4  5  68       
PG32  -4435.266609 -16534.078357  20553.173856   -604.223184  5  7  6  88       
*  2024  1 11 12  0  0.00000000
PG01 -13947.791182   3607.250466  21965.426141    165.811441  9  5  8  70       
PG02 -16643.899025  -3540.856356  20956.724292   -502.491237  7  5  6           
PG03 -21133.898400   8431.465006  13465.358544    118.650598  6  7  6  51       
PG04 -24644.875916   -164.156850 -10063.536777    263.260717  7  6  5  62       
PG05  16942.425501   2274.280775 -20529.180299   -157.559553  7  6  4  79       
PG06   6054.139580  25789.543347    875.265613    448.441796  2  5  3  65       
PG07  -7713.786232  18193.534638 -17032.775129    -34.628454  5  4  4  26       
PG08 -26261.558955  -5108.605704   1345.334379   -161.568547  7  4  7  79       
PG09 -16480.208329   9523.465054 -18634.623320     55.359137  6  3  2  67       
PG10   6598.473781 -20857.194069  15026.999929    -68.901506  3  5  4  75       
PG11  11884.986114  21507.489503 -10118.261565   -535.821570  5  5  1  83       
PG12  21819.603926  -6999.547764  13084.917552   -466.782062  7  6  4  97       
PG13  21932.586963  13912.458078  -6284.190186    614.769369  5  4  5  47       
PG14 -10273.654672  21421.524154  11708.516227    295.713973  3  3  5  57       
PG15  26531.440071   2543.942780    557.782365    116.117889  5  5  4  64       
PG16 -12412.829305  -9433.809373 -21869.549871   -386.354434  7  5  4  86       
PG17  -2867.851098  14998.047505  22155.103654    720.122226  5  4  3  59       
PG18   6851.269156 -19354.004564 -16731.702489   -529.420975  6  5  3  72       
PG19   7764.735466  16849.627911  18951.661229    425.034499  6  4  5  69       
PG20   7886.677717  14536.442260 -20758.429086    392.071673  8  4     71       
PG21 -17367.399093  -8999.893168  18879.811966    138.743317  7  5  6  58       
PG22  -4211.452348  19742.777701  17842.791050     50.120868  4  4  2  34       
PG23  16096.449653 -20688.408322   3617.535118    133.233463  6  4  5  76       
PG24  17185.375205   5154.024512  19299.779866 999999.999999                    
PG25  19914.552568 -16880.164605   3667.896972    484.863322  6  3     71       
PG26  -4821.689930 -17036.260303 -19836.636032    201.319295  6  6  3  69       
PG28  -5195.108499 -25777.311132   3729.276162    -95.539061  4  8  4  19       
PG29  18073.466338  -6881.578341 -18296.426910   -608.842706 10  5  7  22       
PG30   -375.897163  24749.738261  -9137.478256   -446.769096  7  5  5  57       
PG31 -10041.108720 -23724.925901  -5709.644637   -227.233700  3  4  5  89       
PG32  -2157.242440 -15936.885912  21363.161692   -604.225897  5  7  6  83       
*  2024  1 11 12 15  0.00000000
PG01 -14652.246092   1133.679101  21805.500921    165.812383 10  5  8  75       
PG02 -17403.633832  -5634.827475  19844.492831   -502.486142  7  3  5  81       
PG03 -20093.603672   7093.239622  15641.367116    118.674038  5  6  6  52       
PG04 -25555.025878   -630.150645  -7448.811509    263.269526  7  6  6  87       
PG05  15466.107850   4113.526905 -21389.531632   -157.560969  7  6  3  80       
PG06   5809.179684  25592.190086   3777.186437    448.429992  2  4  3  79       
PG07  -8523.728366  16197.338143 -18592.081251    -34.636901  5  4  3  87       
PG08 -26217.561741  -5341.963196  -1475.484089   -161.569083  8  4  7  76       
PG09 -18432.185803   8973.850126 -17005.302597     55.370048  6  3  3  89       
PG10   7787.966995 -21891.075782  12759.500523    -68.903088  4  5  3  91       
PG11  11922.748334  22539.354423  -7499.373867   -535.834339  4  5  2  41       
PG12  20737.426336  -5715.673005  15249.684927   -466.785762  7  6  4  94       
PG13  21077.217853  13790.978726  -8969.474496    614.772821  6  4  6  72       
PG14 -11310.000592  22089.723112   9230.371839    295.723200  4  4  5   7       
PG15  26463.268628   2852.100342  -2230.969731    116.121438  6  4  5  39       
PG16 -10598.177130 -11062.688910 -22022.319820   -386.347599  7  5  4  92       
PG17  -5211.575808  14313.786063  22193.786170    720.121845  6  5  4  41       
PG18   7541.221872 -17451.145856 -18454.323201   -529.429346  6  5  3  44       
PG19   5594.900384  16195.006181  20201.109029    425.039426  6  4  5  67       
PG20   6541.379647  16442.301388 -19799.512822    392.069591  7  4     73       
PG21 -18024.549098 -10834.860512  17267.982080    138.742177  7  4  6  63       
PG22  -5681.353533  20879.441537  16028.497193     50.115392  4  4  3  34       
PG23  16426.282706 -20727.926062    732.189200    133.240117  7  5  4  83       
PG24  17892.911369   7250.585201  18003.502302 999999.999999                    
PG25  19720.776480 -16217.501266   6440.438830    484.864537  6  3  1  73       
PG26  -3326.875101 -18648.928539 -18614.769994    201.316163  6  6  4  22       
PG28  -4769.352764 -25301.549394   6504.812178    -95.549177  4  8  5  27       
PG29  19925.247544  -6172.103235 -16546.826620   -608.841906 10  5  7  35       
PG30  -1022.699546  23675.601494 -11597.493267   -446.764979  7  5  5  20       
PG31  -9882.560276 -24264.074597  -2901.427697   -227.233988  4  3  5  42       
PG32    219.479659 -15445.110127  21812.898158   -604.228568  5  7  5  91       
*  2024  1 11 12 30  0.00000000
PG01 -15479.180990  -1254.525051  21258.970320    165.813222  9  5  8  70       
PG02 -18216.427525  -7557.149766  18406.792215   -502.480979  7  2  5  90       
PG03 -18979.898237   5519.983804  17544.317410    118.697537  5  6  6  68       
PG04 -26192.036290   -986.394246  -4706.820657    263.278333  8  6  6  84       
PG05  14045.312901   6091.222330 -21888.139822   -157.562331  8  6  3  74       
PG06   5443.365542  25101.731338   6613.761588    448.418226  2  2  3  65       
PG07  -9484.932968  14092.827703 -19813.890802    -34.645668  5  4  2  79       
PG08 -25874.363340  -5534.109621  -4271.575285   -161.570402  9  4  7  80       
PG09 -20212.226456   8554.813675 -15085.814557     55.381004  6  4  4  75       
PG10   8749.507293 -22781.068377  10271.138429    -68.904725  4  5  2  77       
PG11  11923.140419  23278.072203  -4751.676611   -535.847125  4  4  3  36       
PG12  19562.806084  -4207.429861  17146.233220   -466.789116  7  5  4  83       
PG13  19937.717344  13626.981661 -11503.441597    614.775924  6  4  6  58       
PG14 -12121.476904  22590.189775   6591.888643    295.732415  4  4  5  49       
PG15  26100.510328   3152.551198  -4982.010347    116.124764  6  3  6  45       
PG16  -8872.319682 -12786.864186 -21807.323360   -386.340494  7  5  4  88       
PG17  -7572.625884  13763.421212  21865.602063    720.120819  6  5  5  62       
PG18   8391.184449 -15421.668748 -19857.038263   -529.437712  7  6  4  63       
PG19   3271.453606  15624.108312  21100.137461    425.044249  6  4  4  63       
PG20   5358.909296  18301.592175 -18499.688081    392.068383  7  3  1  48       
PG21 -18697.524190 -12455.413995  15379.760579    138.740960  7  5  6  62       
PG22  -6937.349661  21939.854473  13949.512560     50.109253  5  4  3  39       
PG23  16551.144372 -20525.135782  -2165.905675    133.246843  8  5  4  63       
PG24  18626.494296   9156.438840  16391.660778 999999.999999                    
PG25  19366.854035 -15301.860705   9099.209588    484.865750  6  4  2  86       
PG26  -1997.398835 -20206.068716 -17072.538262    201.313047  6  6  4  50       
PG28  -4202.129703 -24563.689520   9168.338413    -95.559272  4  8  5  73       
PG29  21605.152015  -5615.726297 -14514.556130   -608.841530 10  5  7  36       
PG30  -1811.573256  22381.471471 -13853.882317   -446.760893  6  4  5  67       
PG31  -9643.664307 -24505.982419    -42.150125   -227.234270  4  3  5  32       
PG32   2650.089050 -15074.631201  21894.326292   -604.231245  4  6  5  91       
*  2024  1 11 12 45  0.00000000
PG01 -16404.180128  -3510.830089  20336.869622    165.814116  9  5  7  85       
PG02 -19047.584446  -9279.647648  16666.772724   -502.475962  7  3  5  90       
PG03 -17837.298337   3725.663664  19140.866234    118.720988  4  6  6  42       
PG04 -26535.660205  -1265.566454  -1884.444016    263.287155  8  6  7  63       
PG05  12713.835089   8172.829813 -22016.445839   -157.563723  8  6  3  83       
PG06   4924.664958  24343.010361   9336.035408    448.406437  2     3  70       
PG07 -10595.264328  11929.218190 -20676.424293    -34.653954  5  5  1  82       
PG08 -25233.512277  -5721.926983  -6996.113311   -161.571796  9  4  7  82       
PG09 -21781.590920   8246.512473 -12908.818209     55.391950  6  4  4  84       
PG10   9491.728754 -23484.774646   7604.359023    -68.905544  5  4  2  83       
PG11  11847.576264  23721.719922  -1922.395275   -535.859895  3  4  3  77       
PG12  18339.538630  -2485.478974  18740.662419   -466.792532  7  5  5  95       
PG13  18525.869487  13459.421431 -13843.603323    614.779479  6  5  6  67       
PG14 -12721.672636  22887.384793   3838.806711    295.741619  5  4  5  28       
PG15  25451.402186   3479.963388  -7649.229433    116.128105  6  4  7  43       
PG16  -7266.262327 -14570.360880 -21226.706228   -386.333404  7  4  5  91       
PG17  -9904.147967  13353.019745  21176.176141    720.120502  6  6  6  38       
PG18   9403.730617 -13313.601123 -20915.958434   -529.446067  7  6  5  71       
PG19    837.128992  15160.835029  21631.886558    425.048826  6  4  4  53       
PG20   4345.602129  20068.928593 -16881.825478    392.066224  6  3  2  77       
PG21 -19349.524225 -13843.204350  13245.767732    138.740371  7  5  6  95       
PG22  -7976.604747  22881.925885  11639.658291     50.103663  6  4  4  73       
PG23  16502.654703 -20057.765275  -5026.281685    133.253548  8  5  4  63       
PG24  19351.479592  10846.086312  14494.096275 999999.999999                    
PG25  18890.234243 -14126.105515  11596.784051    484.866976  6  4  3  88       
PG26   -840.170779 -21664.152935 -15235.468508    201.309911  6  6  5  63       
PG28  -3468.258100 -23593.417600  11673.949439    -95.569437  4  7  6  68       
PG29  23072.788985  -5194.337213 -12234.367412   -608.840857 10  5  7  46       
PG30  -2758.539437  20904.323312 -15867.071185   -446.756746  7  3  4  69       
PG31  -9288.617920 -24459.144229   2817.850980   -227.234164  4  3  5  62       
PG32   5087.391686 -14833.687654  21605.474006   -604.233947  4  6  4  94       
*  2024  1 11 13  0  0.00000000
PG01 -17396.014351  -5594.448344  19056.932699    165.814988  8  4  7  94       
PG02 -19858.663138 -10781.175241  14652.414063   -502.470612  6  4  5  63       
PG03 -16708.391167   1732.925019  20403.082666    118.744436  4  5  6  71       
PG04 -26573.854409  -1503.456292    970.109505    263.295941  8  7  7  45       
PG05  11499.396773  10318.392110 -21772.043302   -157.564578  8  6  2  90       
PG06   4226.771112  23348.201319  11897.142645    448.394676  2     3  41       
PG07 -11844.265029   9755.831007 -21164.805058    -34.662338  5  4     77       
PG08 -24304.868464  -5941.562194  -9603.473372   -161.572832 10  5  7  90       
PG09 -23107.174509   8022.950512 -10511.363558     55.402894  6  5  4  54       
PG10  10031.362044 -23963.865758   4805.043471    -68.906590  5  4  2  65       
PG11  11658.765565  23877.158178    939.882106   -535.872597  2  3  4  92       
PG12  17110.306637   -569.136005  20004.418600   -466.795624  7  4  5  90       
PG13  16861.690466  13325.118737 -15950.767195    614.782966  6  5  6  65       
PG14 -13131.309950  22950.748888   1018.947326    295.750788  6  4  6  62       
PG15  24531.938569   3867.106968 -10188.368614    116.131738  6  4  8  57       
PG16  -5804.637473 -16372.458809 -20288.629268   -386.326400  7  4  5  49       
PG17 -12159.311093  13080.618220  20136.853789    720.118675  7  6  6  78       
PG18  10573.009056 -11175.713246 -21613.234792   -529.454435  8  6  5  92       
PG19  -1660.928180  14821.875180  21785.868121    425.053747  6  5  3  67       
PG20   3499.647867  21699.902385 -14974.178574    392.064901  6  2  3  83       
PG21 -19941.738713 -14987.386732  10900.196188    138.739190  7  5  7  76       
PG22  -8804.219159  23664.842839   9136.613328     50.097617  6  3  4  76       
PG23  16317.172484 -19311.562679  -7799.126983    133.260244  9  5  5  69       
PG24      0.000000      0.000000      0.000000 999999.999999
PG25  18330.584606 -12691.894138  13888.426563    484.868174  6  3  4  83       
PG26    145.662203 -22980.376468 -13134.391505    201.306749  5  5  5  68       
PG28  -2549.010927 -22426.328085  13978.439773    -95.579564  4  7  6  57       
PG29  24293.262357  -4883.136303  -9745.210979   -608.840501 10  5  6 109       
PG30  -3872.407742  19285.313332 -17601.864229   -446.752595  6  3  4  68       
PG31  -8784.950934 -24140.586751   5627.969323   -227.234611  4  3  5  46       
PG32   7483.389440 -14722.564971  20950.525184   -604.236609  4  6  4  93       
*  2024  1 11 13 15  0.00000000
PG01 -18417.917809  -7471.704455  17443.153726    165.815865  7  4  6  86       
PG02 -20608.887119 -12048.235908  12396.169535   -502.465743  5  4  5  81       
PG03 -15632.162568   -427.591180  21308.960130    118.767873  3  5  5  71       
PG04 -26303.230666  -1737.394259   3808.107669    263.304747  8  7  7  49       
PG05  10422.691202  12483.866444 -21158.732701   -157.565674  8  6  2  83       
PG06   3330.310621  22155.532742  14253.115934    448.382903  3  2  4  31       
PG07 -13213.471561   7620.218184 -21271.313433    -34.671064  5  4     95       
PG08 -23106.294231  -6226.899447 -12049.933715   -161.573478 10  5  6  66       
PG09 -24162.662736   7853.129250  -7934.282220     55.413817  6  5  4  56       
PG10  10392.430274 -24185.663821   1921.722670    -68.907411  6  4  2  38       
PG11  11322.321725  23759.658277   3786.034888   -535.885361  2  3  5  67       
PG12  15914.991526   1514.165075  20914.864037   -466.799238  7  3  5  86       
PG13  14972.804797  13257.256670 -17789.638978    614.786297  6  5  6  65       
PG14 -13377.248528  22755.990688  -1818.641398    295.760072  6  4  6  61       
PG15  23365.242589   4343.464777 -12557.669741    116.135128  5  4  8  13       
PG16  -4504.877275 -18149.061178 -19007.247857   -386.319464  7  3  5  59       
PG17 -14292.848550  12936.364858  18764.539923    720.118437  7  6  6  78       
PG18  11884.849001  -9055.763058 -21937.339127   -529.462793  8  6  6  86       
PG19  -4172.783983  14616.004502  21558.239763    425.058127  6  5  2  61       
PG20   2811.360903  23152.688456 -12809.870465    392.062903  6  2  4  55       
PG21 -20434.762820 -15884.833964   8380.381428    138.738043  6  6  7  39       
PG22  -9432.901240  24250.599063   6481.401232     50.091623  7  3  4  70       
PG23  16034.216611 -18280.997003 -10436.184826    133.266930  9  5  5  60       
PG24      0.000000      0.000000      0.000000 999999.999999
PG25  17728.106636 -11009.852679  15932.985601    484.869379  6  3  5  76       
PG26    968.536547 -24114.272426 -10804.967558    201.303631  5  5  5  56       
PG28  -1433.046260 -21102.556436  16042.053205    -95.589658  4  7  6  63       
PG29  25238.413921  -4651.758837  -7089.585278   -608.840112 10  6  6  62       
PG30  -5154.233735  17568.214117 -19028.088060   -446.748423  6  2  4  61       
PG31  -8105.050222 -23575.155362   8338.298401   -227.234673  5  4  5  50       
PG32   9790.900519 -14733.591376  19939.799791   -604.239303  3  6  5  88       
*  2024  1 11 13 30  0.00000000
PG01 -19429.083627  -9117.096446  15525.235894    165.816648  5  3  5  85       
PG02 -21256.661606 -13075.340292   9934.549912   -502.460386  5  4  6  76       
PG03 -14642.482186  -2718.253776  21842.814399    118.791293  3  5  5  66       
PG04 -25729.190910  -2004.626397   6581.107770    263.313511  8  7  7  33       
PG05   9496.695956  14622.621430 -20186.482833   -157.567359  8  6  2  83       
PG06   2223.777546  20807.794026  16363.634557    448.371158  3  3  3  39       
PG07 -14677.082446   5566.388026 -20995.464403    -34.679347  5  4  2  73       
PG08 -21663.065944  -6608.118777 -14294.351939   -161.574219  9  5  6  39       
PG09 -24929.441758   7702.397760  -5221.513524     55.424779  6  5  4  48       
PG10  10605.146994 -24124.529311   -995.280753    -68.908894  6  4  2  53       
PG11  10808.262661  23392.218211   6567.246593   -535.898096  2  3  5  53       
PG12  14789.106832   3729.744952  21455.729590   -466.802800  8  3  6  65       
PG13  12893.552024  13284.024460 -19329.365405    614.789737  6  5  6  60       
PG14 -13491.250354  22286.140644  -4624.565688    295.769304  6  4  6  33       
PG15  21980.702370   4933.988162 -14718.463008    116.138496  4  5  8  62       
PG16  -3376.648605 -19854.220645 -17402.600853   -386.312505  7  2  6  77       
PG17 -16262.552089  12902.950529  17081.471845    720.117660  7  7  6  60       
PG18  13317.199199  -6998.798287 -21883.229185   -529.471138  8  6  6  72       
PG19  -6647.468494  14543.708326  20951.955737    425.063074  5  5  2  56       
PG20   2263.757185  24389.555187 -10426.304595    392.061344  5  2  4  59       
PG21 -20790.043286 -16540.102091   5726.347771    138.736826  6  6  7  82       
PG22  -9882.363807  24605.452130   3717.819463     50.085765  7  3  4  80       
PG23  15694.772124 -16969.621410 -12891.622345    133.273565  9  6  6  57       
PG24      0.000000      0.000000      0.000000 999999.999999
PG25  17121.829576  -9099.380677  17693.724414    484.870615  6  3  6  72       
PG26   1643.987055 -25029.266108  -8287.110378    201.300455  4  5  5  40       
PG28   -117.051786 -19665.248045  17829.173296    -95.599731  4  7  7  63       
PG29  25887.822402  -4465.616777  -4312.827973   -608.839485 10  6  6  54       
PG30  -6597.095339  15797.760865 -20121.132086   -446.744274  6  2  4  78       
PG31  -7227.498325 -22794.486075  10900.600547   -227.234901  5  4  5  59       
PG32  11965.163182 -14851.444151  18589.640028   -604.241933  3  5  5  91       
*  2024  1 11 13 45  0.00000000
PG01 -20386.311703 -10514.014580  13337.946539    165.817513  5  3  4  85       
PG02 -21761.147835 -13865.087239   7307.645687   -502.455251  5  4  6           
PG03 -13766.807686  -5095.726331  21995.559425    118.814719  3  4  4  71       
PG04 -24865.741581  -2340.693073   9241.764172    263.322225  8  7  7  74       
PG05   8726.282843  16687.043478 -18871.298420   -157.568238  7  6  3  91       
PG06    904.158054  19350.684606  18192.702229    448.359406  4  3  3  22       
PG07 -16202.943359   3633.210931 -20343.912571    -34.687635  5  4  2  81       
PG08 -20007.026094  -7110.391917 -16298.808858   -161.575881  8  5  6  70       
PG09 -25397.228846   7533.951911  -2419.375727     55.435690  5  5  4  45       
PG10  10704.557290 -23762.992265  -3894.766357    -68.910607  6  5  3  67       
PG11  10092.346543  22804.594525   9235.834590   -535.910897  3  4  5  28       
PG12  13762.420448   6036.853789  21617.437020   -466.806048  8  2  6  78       
PG13  10663.856022  13427.456658 -20544.011898    614.793250  7  5  6  74       
PG14 -13508.554947  21532.327411  -7349.976177    295.778501  6  4  5  74       
PG15  20412.907402   5658.037217 -16635.693076    116.142038  5  6  8  65       
PG16  -2421.577475 -21441.771484 -15500.402500   -386.305520  7  2  6  75       
PG17 -18030.669394  12956.315675  15114.926006    720.116395  7  7  6  64       
PG18  14840.881045  -5045.580464 -21452.398318   -529.479487  8  6  6  44       
PG19  -9034.789099  14597.149279  19976.785702    425.067631  5  5  2  31       
PG20   1833.412323  25378.223328  -7864.511060    392.059475  5  2  4  78       
PG21 -20971.312664 -16965.148343   2980.327418    138.736061  6  6  7           
PG22 -10178.461432  24701.257409    891.812437     50.079990  7  3  4  62       
PG23  15339.550137 -15390.084408 -15122.851170    133.280218  9  6  6  51       
PG24      0.000000      0.000000      0.000000 999999.999999
PG25  16547.957046  -6988.094642  19139.064213    484.871830  5  3  6  80       
PG26   2193.871207 -25694.105358  -5624.315178    201.297169  4  5  5  82       
PG28   1393.923284 -18158.922688  19308.942759    -95.609775  3  6  7  81       
PG29  26229.520828  -4287.406880  -1462.359780   -608.839337  9  6  7  58       
PG30  -8186.196842  14017.977451 -20862.375295   -446.740113  6  2  4  76       
PG31  -6138.165701 -21835.704158  13269.251153   -227.235028  5  4  5  55       
PG32  13965.364437 -15053.758925  16922.200366   -604.244540  3  6  5  94       
*  2024  1 11 14  0  0.00000000
PG01 -21245.737894 -11655.098738  10920.399016    165.818295  4  2  3  81       
PG02 -22083.843245 -14427.959759   4558.586718   -502.450620  5  4  6  77       
PG03 -13025.160147  -7512.480065  21764.855963    118.838168  3  4  4  80       
PG04 -23734.994039  -2777.874113  11744.618264    263.331051  8  6  7  58       
PG05   8108.140011  18630.195267 -17234.993649   -157.569691  7  6  4  98       
PG06   -622.777107  17831.070814  19709.243441    448.347718  4  4  3  62       
PG07 -17753.799023   1853.072725 -19330.194966    -34.695999  5  4  4  81       
PG08 -18175.504254  -7752.762336 -18029.212982   -161.577286  8  4  6  69       
PG09 -25564.398178   7310.425767    424.206925     55.446629  5  5  4  65       
PG10  10728.975195 -23092.575498  -6725.606809    -68.912934  6  6  4  71       
PG11   9157.190901  22032.087849  11746.059010   -535.923644  3  5  5  36       
PG12  12857.824660   8390.099707  21397.282615   -466.809185  7  3  6  66       
PG13   8327.896710  13702.508875 -21412.970605    614.796561  7  5  6  59       
PG14 -13466.323162  20494.244517  -9947.448575    295.787733  5  4  5  67       
PG15  18700.424935   6528.537661 -18278.382957    116.145900  6  6  7  64       
PG16  -1633.280882 -22867.010731 -13331.731704   -386.298580  7  2  6  60       
PG17 -19565.157961  13066.611686  12896.858349    720.115770  8  6  5  57       
PG18  16420.624642  -3231.190286 -20652.811290   -529.487878  8  6  6  68       
PG19 -11287.130693  14760.486487  18649.195764    425.072590  5  5  2  18       
PG20   1491.565519  26093.023524  -5168.440203    392.057981  4  2  5  64       
PG21 -20945.970027 -17178.807181    186.249448    138.735422  6  5  7  61       
PG22 -10352.093301  24516.629337  -1949.209090     50.074314  7  3  4  70       
PG23  15007.272549 -13563.788811 -17091.283526    133.286959  9  6  7  30       
PG24      0.000000      0.000000      0.000000 999999.999999
PG25  16038.339785  -4710.930343  20243.218801    484.873043  5  3  6  77       
PG26   2645.330121 -26084.106452  -2862.901081    201.294042  4  4  6  68       
PG28   3086.462949 -16627.797865  20455.800714    -95.620005  3  6  7  84       
PG29  26260.404986  -4078.727799   1413.107674   -608.838760  9  6  7  80       
PG30  -9899.294843  12270.550798 -21239.491931   -446.735935  6  2  3  49       
PG31  -4831.006548 -20739.904119  15402.133259   -227.235128  6  5  5  49       
PG32  15756.036731 -15312.023290  14965.140297   -604.247156  4  6  4  87       
*  2024  1 11 14 15  0.00000000
PG01 -21964.573468 -12542.230868   8315.281580    165.819115  4  1  3  86       
PG02 -22190.113501 -14781.836752   1732.939140   -502.445250  5  4  6  60       
PG03 -12429.411077  -9918.473473  21155.131119    118.861477  4  4  4  77       
PG04 -22366.369562  -3343.759505  14046.858808    263.339876  7  6  7  76       
PG05   7631.011172  20407.466289 -15304.872262   -157.571007  6  6  5  95       
PG06  -2342.522012  16295.218125  20887.609808    448.336010  4  4  3  69       
PG07 -19288.750414    250.828193 -17974.327805    -34.704576  5  4  4  74       
PG08 -16210.043068  -8547.250702 -19455.858461   -161.578485  7  5  7  82       
PG09 -25437.988370   6995.514481   3260.509571     55.457603  5  5  4  23       
PG10  10718.280990 -22114.270336  -9437.714521    -68.914546  6  6  4   8       
PG11   7993.131877  21114.129105  14054.897698   -535.936363  3  5  5  40       
PG12  12090.501805  10741.071170  20799.477675   -466.813060  7  3  6  58       
PG13   5932.630444  14116.403301 -21921.294268    614.800051  7  5  6  80       
PG14 -13402.013140  19180.287933 -12371.836834    295.796958  5  4  5  79       
PG15  16884.459699   7551.378712 -19620.036258    116.149348  6  7  7  82       
PG16   -997.713469 -24088.366361 -10932.614817   -386.291537  7  2  6  70       
PG17 -20840.751996  13199.387202  10463.477733    720.114690  8  6  4  85       
PG18  18016.345959  -1583.865862 -19498.729976   -529.496280  8  6  6  81       
PG19 -13361.167787  15010.537356  16992.089904    425.076989  5  5  3  67       
PG20   1205.425163  26515.810496  -2384.215597    392.056013  4  2  5  84       
PG21 -20686.366350 -17206.035967  -2610.804473    138.733891  6  5  7  56       
PG22 -10437.905390  24037.884093  -4757.098050     50.067992  6  3  4  72       
PG23  14733.050954 -11520.212819 -18763.009150    133.293664  9  6  7  48       
PG24      0.000000      0.000000      0.000000 999999.999999
PG25  15619.142305  -2308.941120  20986.702882    484.874250  5  3  6  62       
PG26   3029.525570 -26182.161074    -51.181132    201.290928  4  4  5  62       
PG28   4939.107117 -15114.136010  21249.928244    -95.630113  3  6  7  83       
PG29  25986.317119  -3801.744570   4264.387832   -608.838463  8  7  7  67       
PG30 -11707.426865  10593.319133 -21246.632117   -446.731775  6  2  3  82       
PG31  -3308.521556 -19550.476367  17261.458880   -227.235413  6  5  5  70       
PG32  17308.269028 -15592.725150  12751.220057   -604.249803  4  6  4  85       
*  2024  1 11 14 30  0.00000000
PG01 -22502.786347 -13186.173916   5568.052695    165.819906  5  2  3  82       
PG02 -22050.621318 -14951.230413  -1121.959186   -502.440126  5  4  6  60       
PG03 -11982.908112 -12262.930785  20177.470030    118.884879  4  4  3  88       
PG04 -20795.538298  -4060.000324  16109.041008    263.348709  7  6  6  83       
PG05   7276.245484  21978.154801 -13113.315986   -157.572083  6  6  5  91       
PG06  -4232.223385  14787.066549  21707.989787    448.324264  4  4  4  75       
PG07 -20764.848631  -1156.909080 -16302.277512    -34.713032  5  4  5  69       
PG08 -14154.972319  -9498.220114 -20553.928987   -161.579029  7  5  7  83       
PG09 -25033.390039   6555.566207   6040.831900     55.468519  5  5  4  58       
PG10  10712.149540 -20838.640007 -11983.001070    -68.916116  6  7  5  26       
PG11   6598.790318  20092.720777  16122.774644   -535.949054  4  5  5  24       
PG12  11467.419949  13040.084901  19835.045659   -466.816356  7  4  6  58       
PG13   3526.210442  14668.268288 -22059.951723    614.803423  8  5  5  86       
PG14 -13351.754792  17607.358846 -14581.081433    295.806247  4  4  4  65       
PG15  15007.442374   8725.068453 -20638.978730    116.152955  7  7  7  88       
PG16   -493.824522 -25068.987659  -8343.500411   -386.284684  7  3  6  67       
PG17 -21839.803701  13316.962139   7854.752244    720.114105  8  6  4  21       
PG18  19584.614510   -124.115706 -18010.434410   -529.504718  7  7  6  84       
PG19 -15219.415863  15317.757477  15034.414000    425.081767  5  5  3  49       
PG20    939.624998  26636.601353    440.641410    392.054120  4  2  6  46       
PG21 -20170.953504 -17076.947859  -5365.180483    138.732493  6  5  7  82       
PG22 -10472.834218  23259.723116  -7483.744150     50.062279  6  4  3  74       
PG23  14546.924781  -9295.921360 -20109.380587    133.300364  9  6  7  72       
PG24      0.000000      0.000000      0.000000 999999.999999
PG25  15309.762208    172.156015  21356.700611    484.875485  5  3  6  70       
PG26   3380.203236 -25979.458851   2761.423683    201.287778  4  4  5  72       
PG28   6922.990813 -13656.679577  21677.594320    -95.640252  3  6  7  95       
PG29  25421.801023  -3420.836882   7042.646382   -608.838117  8  7  7  79       
PG30 -13575.910885   9018.933867 -20884.476787   -446.727599  6  3  3  83       
PG31  -1581.866326 -18311.353282  18814.495757   -227.235679  6  6  4  86       
PG32  18600.684134 -15858.715911  10317.801224   -604.252501  4  6  3  92       
*  2024  1 11 14 45  0.00000000
PG01 -22824.660994 -13605.881939   2726.120588    165.820669  5  2  3  56       
PG02 -21642.597649 -14966.269020  -3957.721549   -502.435098  5  4  6  66       
PG03 -11680.452117 -14496.147882  18849.383862    118.908285  4  4  3  90       
PG04 -19063.131396  -4941.287974  17895.753102    263.357474  6  5  6  71       
PG05   7018.640208  23306.921868 -10697.284392   -157.573272  5  5  6  99       
PG06  -6261.390557  13346.614441  22156.717003    448.312512  5  5  4  76       
PG07 -22138.753641  -2362.121840 -14345.328970    -34.721278  5  4  5  54       
PG08 -12055.879843 -10602.027335 -21303.939811   -161.580327  7  5  8  81       
PG09 -24373.723773   5961.081123   8717.329725     55.479407  5  5  4  83       
PG10  10748.285205 -19285.542148 -14316.305688    -68.917427  6  7  5  50       
PG11   4981.322534  19010.793025  17914.230182   -535.961797  5  6  5  16       
PG12  10987.177933  15237.985716  18521.580078   -466.819937  6  4  7  60       
PG13   1156.362233  15349.086630 -21826.000910    614.806855  8  5  5  83       
PG14 -13348.788990  15800.339799 -16536.956612    295.815479  4  4  4  69       
PG15  13111.593130  10040.655330 -21318.640080    116.156262  7  7  6  87       
PG16    -94.508067 -25778.192489  -5608.627689   -386.277994  7  3  6  44       
PG17 -22552.865945  13379.945017   5113.848654    720.113085  8  6  4  46       
PG18  21080.254355   1135.862652 -16213.846147   -529.513019  7  7  6  88       
PG19 -16831.555250  15647.499347  12810.629030    425.086831  5  4  3  68       
PG20    657.774740  26453.915901   3258.003449    392.052313  5  3  6  74       
PG21 -19385.257143 -16825.655983  -8031.270905    138.731946  6  4  6  74       
PG22 -10494.542232  22185.624045 -10081.881183     50.056418  6  4  3  28       
PG23  14472.616489  -6933.308188 -21107.496805    133.307085  8  6  7  73       
PG24      0.000000      0.000000      0.000000 999999.999999
PG25  15122.048810   2683.623028  21347.285741    484.876717  5  3  6  52       
PG26   3732.141132 -25475.891334   5525.307387    201.284610  4  5  6  80       
PG28   9002.776062 -12289.234606  21731.395922    -95.650388  4  6  7  81       
PG29  24589.536920  -2904.167755   9700.226560   -608.837550  8  7  7  89       
PG30 -15465.573263   7573.746494 -20160.169424   -446.723370  6  3  3  49       
PG31    329.399305 -17065.250952  20034.181433   -227.235988  6  6  5  70       
PG32  19620.141634 -16070.739224   7706.256187   -604.255142  5  6  3  87       
*  2024  1 11 15  0  0.00000000
PG01 -22900.181260 -13827.517400   -161.977067    165.821461  5  3  4  79       
PG02 -20950.903254 -14861.454727  -6725.687994   -502.430225  5  4  6  76       
PG03 -11508.623733 -16571.253913  17194.461031    118.931648  5  3  3  81       
PG04 -17213.274023  -5994.601600  19376.219879    263.366330  6  6  5  83       
PG05   6827.547101  24365.061767  -8097.730831   -157.574899  4  4  6  87       
PG06  -8392.899301  12008.471057  22226.474181    448.300770  5  5  5  73       
PG07 -23368.386876  -3365.387601 -12139.375134    -34.729624  5  5  6  69       
PG08  -9958.032546 -11846.977034 -21692.109718   -161.582325  7  6  8  60       
PG09 -23488.930792   5188.058620  11243.838999     55.490338  5  6  4  82       
PG10  10860.739549 -17483.479030 -16396.269331    -68.919125  6  7  5  74       
PG11   3156.345488  17910.537465  19398.522177   -535.974479  5  6  6  58       
PG12  10640.203376  17287.922995  16882.871185   -466.823366  6  4  7  49       
PG13  -1131.228854  16141.956867 -21222.675502    614.810361  8  5  5  89       
PG14 -13422.034624  13791.265771 -18205.742088    295.824715  4  4  3  67       
PG15  11237.506513  11481.916773 -21647.776591    116.159913  7  7  6  92       
PG16    232.184247 -26192.708564  -2775.293810   -386.270895  7  3  6  77       
PG17 -22978.990958  13348.842986   2286.506553    720.111921  8  6  5  35       
PG18  22458.016870   2192.439555 -14140.062136   -529.521376  7  7  6  92       
PG19 -18175.470287  15961.497467  10360.064322    425.091338  5  4  4  79       
PG20    324.046107  25974.807829   6019.933251    392.050415  5  3  6  39       
PG21 -18322.636042 -16488.959516 -10564.170891    138.730826  6  3  6  51       
PG22 -10539.801550  20827.914726 -12505.917046     50.050621  5  5  3  68       
PG23  14526.552225  -4479.119688 -21740.577644    133.313767  8  5  7  74       
PG24      0.000000      0.000000      0.000000 999999.999999
PG25  15059.853227   5175.460453  20959.489954    484.877930  5  3  6  34       
PG26   4119.548407 -24680.116757   8191.617786    201.281468  4  5  6  82       
PG28  11137.841198 -11039.457526  21410.388045    -95.660480  4  6  7  77       
PG29  23519.476554  -2225.111953  12191.459314   -608.836921  8  7  7  84       
PG30 -17334.153945   6276.961597 -19087.129848   -446.719197  6  4  3  60       
PG31   2397.909158 -15851.982512  20899.610595   -227.236104  5  6  4  83       
PG32  20362.135225 -16189.068186   4961.292734   -604.257777  6  6  3  92       
*  2024  1 11 15 15  0.00000000
PG01 -22706.189502 -13883.220765  -3047.379745    165.822169  5  3  4  78       
PG02 -19968.833182 -14674.235977  -9377.745213   -502.425074  6  4  6  80       
PG03 -11446.443080 -18445.859493  15241.910914    118.955096  5  3  3  83       
PG04 -15291.993770  -7218.753670  20524.833231    263.375156  5  6  4  65       
PG05   6668.203029  25131.538612  -5358.940849   -157.576320  4  3  6  67       
PG06 -10584.250650  10800.631232  21916.391359    448.289153  5  5  5  81       
PG07 -24414.510802  -4175.534339  -9724.151852    -34.738168  5  5  6  49       
PG08  -7904.803718 -13213.585988 -21710.654554   -161.583740  7  7  8  68       
PG09 -22414.609805   4219.138936  13576.677969     55.501256  5  6  4  55       
PG10  11078.384969 -15468.601147 -18186.132076    -68.920334  6  7  5  80       
PG11   1147.538428  16831.782211  20550.148544   -535.987190  6  6  6  73       
PG12  10409.291527  19147.030542  14948.413061   -466.826977  5  4  7  57       
PG13  -3294.460813  17022.661352 -20259.381491    614.813506  8  4  5  88       
PG14 -13594.840976  11618.224131 -19558.806803    295.833992  5  4  3  84       
PG15   9422.802849  13025.808382 -21620.634485    116.163429  7  7  6  90       
PG16    521.610648 -26297.651277    106.970334   -386.264139  7  4  6  20       
PG17 -23125.727877  13185.708619   -579.649939    720.110747  7  7  5  37       
PG18  23674.261736   3050.479071 -11824.808324   -529.529775  6  7  6  86       
PG19 -19237.958940  16219.516542   7726.165824    425.096047  5  5  4  53       
PG20    -95.265633  25214.586955   8679.472484    392.048923  5  4  7  38       
PG21 -16984.793918 -16104.909116 -12920.371420    138.729642  7  3  6  68       
PG22 -10642.887828  19207.516740 -14712.772103     50.044593  5  5  3  81       
PG23  14717.184995  -1982.819476 -21998.224219    133.320435  7  5  7  81       
PG24      0.000000      0.000000      0.000000 999999.999999
PG25  15118.926240   7598.207688  20201.221034    484.879152  5  3  5  62       
PG26   4574.482937 -23609.279807  10713.188647    201.278311  4  5  6  83       
PG28  13283.682249  -9927.892001  20720.101231    -95.670597  5  5  6  83       
PG29  22247.710329  -1363.488299  14473.444994   -608.836476  8  7  7  76       
PG30 -19137.831590   5140.085366 -17684.757722   -446.715060  6  4  3  75       
PG31   4589.408202 -14706.914801  21396.386045   -227.236371  5  7  4  82       
PG32  20830.864389 -16175.187877   2130.202584   -604.260383  6  7  3  74       
*  2024  1 11 15 30  0.00000000
PG01 -22227.285314 -13809.684294  -5881.685673    165.822994  5  3  4  74       
PG02 -18698.623591 -14443.443501 -11867.179079   -502.419857  6  4  6  67       
PG03 -11466.333000 -20083.527854  13026.011331    118.978549  5  4  4  88       
PG04 -13345.563843  -8604.252866  21321.600676    263.383967  5  7  4  91       
PG05   6503.235858  25593.746890  -2527.801373   -157.578116  3  3  7  83       
PG06 -12789.036633   9743.516683  21232.038571    448.277408  5  5  5  79       
PG07 -25242.175489  -4808.981047  -7142.440417    -34.746604  5  5  6  57       
PG08  -5936.164056 -14675.153404 -21357.993964   -161.586090  6  8  9  66       
PG09 -21190.643719   3044.492938  15675.413106     55.512182  5  6  4  75       
PG10  11423.610606 -13283.405694 -19654.433798    -68.921971  6  7  5  76       
PG11  -1014.064790  15810.470163  21349.282660   -535.999918  6  7  7  77       
PG12  10270.458127  20777.941928  12752.805598   -466.830279  5  4  7  45       
PG13  -5296.232748  17960.524088 -18951.600550    614.817023  7  4  4  85       
PG14 -13883.974742   9324.028124 -20573.094575    295.843267  5  3  2  80       
PG15   7700.889395  14643.159892 -21237.053149    116.166913  7  7  6  96       
PG16    810.942074 -26087.189407   2987.301980   -386.257178  7  3  6  56       
PG17 -23008.811841  12855.763775  -3435.857936    720.109815  7  7  5  68       
PG18  24688.582951   3722.939654  -9307.822999   -529.538151  6  7  5  95       
PG19 -20015.082689  16381.091602   4955.657670    425.100981  6  5  5  81       
PG20   -630.263188  24196.243811  11191.412048    392.047407  5  4  7  63       
PG21 -15382.014599 -15711.295782 -15058.483887    138.728527  8  3  5  78       
PG22 -10834.048918  17353.357305 -16662.708845     50.039041  6  5  4  65       
PG23  15044.644841    505.141574 -21876.562944    133.327144  7  5  7  86       
PG24      0.000000      0.000000      0.000000 999999.999999
PG25  15287.163851   9904.707262  19087.037418    484.880358  5  3  5  32       
PG26   5125.356080 -22288.396060  13045.442441    201.275125  4  6  6  69       
PG28  15393.472754  -8967.292855  19672.446245    -95.680741  6  5  6  84       
PG29  20815.108619   -306.547153  16506.793391   -608.835805  8  7  7  87       
PG30 -20832.807688   4166.686486 -15978.035356   -446.710931  6  5  4  53       
PG31   6863.947932 -13659.632279  21516.828380   -227.236473  4  7  4  86       
PG32  21038.972830 -15993.456482   -737.954774   -604.262964  6  7  3  57       
*  2024  1 11 15 45  0.00000000
PG01 -21456.437731 -13646.586418  -8617.699431    165.823812  6  4  4  43       
PG02 -17151.629521 -14207.647237 -14149.544856   -502.414929  7  3  5  54       
PG03 -11535.344420 -21455.013343  10585.472658    119.001893  5  4  5  79       
PG04 -11418.843186 -10133.491609  21752.503779    263.392816  5  7  3  73       
PG05   6294.288850  25747.963177    346.989032   -157.579521  3  2  7  62       
PG06 -14958.557690   8849.318222  20185.314600    448.265632  5  5  5  84       
PG07 -25821.981152  -5288.801826  -4439.258024    -34.754982  4  5  6  54       
PG08  -4087.293176 -16198.622279 -20638.863224   -161.588995  6  9  9  64       
PG09 -19859.668384   1662.423114  17503.574654     55.523065  5  6  3  77       
PG10  11911.296730 -10975.185349 -20775.601137    -68.923732  6  7  5  81       
PG11  -3291.066817  14877.298565  21782.114495   -536.012603  6  7  7  70       
PG12  10194.066347  22150.081876  10335.068143   -466.834135  4  4  7  33       
PG13  -7105.684659  18919.530785 -17320.697590    614.820199  7  4  4  59       
PG14 -14298.880996   6954.717226 -21231.503959    295.852539  5  3  3  77       
PG15   6099.871588  16299.597131 -20502.506405    116.170419  7  6  6  94       
PG16   1137.465218 -25564.861819   5814.467718   -386.250346  7  4  6  37       
PG17 -22651.548102  12328.938845  -6233.011663    720.109148  7  7  6  48       
PG18  25465.319333   4230.167411  -6632.180494   -529.546538  5  7  5  94       
PG19 -20512.143260  16407.284943   2097.638339    425.105510  6  5  5  56       
PG20  -1306.107228  22949.598517  13513.032974    392.045764  5  4  7  47       
PG21 -13533.097955 -15344.113480 -16939.988064    138.727457  8  3  5  68       
PG22 -11138.113357  15301.461926 -18320.133392     50.033110  6  5  4  60       
PG23  15500.727139   2935.082425 -21378.273237    133.333872  6  5  7  86       
PG24      0.000000      0.000000      0.000000 999999.999999
PG25  15545.184655  12051.759743  17637.789869    484.881608  5  3  5  22       
PG26   5795.589485 -20749.425985  15147.241316    201.271937  4  6  6  86       
PG28  17419.722095  -8162.262841  18285.507486    -95.690849  6  5  5  82       
PG29  19265.788248    950.326773  18256.309312   -608.835449  8  7  6  66       
PG30 -22376.887724   3352.473547 -13997.040868   -446.706786  6  5  4  33       
PG31   9177.306397 -12732.861519  21260.044032   -227.236600  4  7  4  77       
PG32  21006.959516 -15612.677311  -3593.218925   -604.265595  6  8  3  60       
*  2024  1 11 16  0  0.00000000
PG01 -20395.295475 -13434.945468 -11210.138580    165.824654  6  5  4  66       
PG02 -15348.153795 -14003.498140 -16183.536810   -502.409869  7  4  5  85       
PG03 -11616.592595 -22539.221721   7962.732551    119.025323  6  4  5  94       
PG04  -9553.676222 -11781.253417  21809.759462    263.401646  5  7  4  81       
PG05   6003.700863  25599.467657   3215.756553   -157.580908  4  2  7  66       
PG06 -17043.531262   8121.661791  18794.234674    448.253866  5  6  5  94       
PG07 -26131.115776  -5643.560484  -1661.053522    -34.763466  4  5  6  48       
PG08  -2387.365714 -17745.705514 -19564.322753   -161.590970  6 10 10  74       
PG09 -18465.442235     79.649761  19029.308167     55.533947  6  6  4  85       
PG10  12548.110896  -8594.293800 -21530.407495    -68.925244  6  7  5  92       
PG11  -5640.944731  14056.571828  21841.091713   -536.025295  6  7  7  76       
PG12  10146.177085  23240.685036   7737.882969   -466.837477  3  3  7  56       
PG13  -8699.211679  19859.673581 -15393.630959    614.823475  7  4  4  46       
PG14 -14841.245866   4557.944065 -21523.157152    295.861822  5  4  3  73       
PG15   4641.651014  17956.662493 -19428.079136    116.173878  7  5  6 106       
PG16   1536.857960 -24743.522864   8537.861794   -386.243484  7  4  6  64       
PG17 -22083.905953  11581.265619  -8922.498495    720.108149  6  7  6  52       
PG18  25974.893691   4598.910862  -3843.566315   -529.554907  4  7  5  81       
PG19 -20743.289431  16262.384055   -797.365707    425.110195  6  6  6  70       
PG20  -2141.864984  21510.205678  15604.807599    392.044135  6  4  7  52       
PG21 -11464.982369 -15036.051265 -18529.991343    138.726095  8  4  5  93       
PG22 -11573.301132  13093.754422 -19654.347508     50.027296  7  5  5  69       
PG23  16069.216757   5259.808536 -20512.501190    133.340570  6  6  7  82       
PG24      0.000000      0.000000      0.000000 999999.999999
PG25  15867.208668  14001.602811  15880.144484    484.882834  5  3  5  57       
PG26   6602.482164 -19030.077510  16981.665478    201.268759  4  6  6  73       
PG28  19315.968566  -7509.215805  16583.228747    -95.701006  7  5  4  79       
PG29  17645.462123   2403.225480  19691.611449   -608.834745  8  7  6  72       
PG30 -23730.998905   2685.680659 -11776.383757   -446.702651  6  5  5  57       
PG31  11482.570968 -11941.696681  20631.855619   -227.236687  4  7  3  72       
PG32  20762.281874 -15007.515908  -6385.629738   -604.268192  6  8  3  64       
*  2024  1 11 16 15  0.00000000
PG01 -19054.190158 -13215.451938 -13616.294144    165.825456  7  5  4  64       
PG02 -13316.920878 -13864.123282 -17931.836040   -502.404887  7  4  5  89       
PG03 -11670.845511 -23323.858387   5203.195982    119.048762  6  5  6  95       
PG04  -7787.413102 -13515.523160  21491.978491    263.410507  5  7  5  85       
PG05   5596.176052  25162.326682   6028.720984   -157.582191  4  2  7  61       
PG06 -18995.828088   7555.609217  17082.621153    448.242076  5  6  5  67       
PG07 -26154.137835  -5905.968305   1145.077312    -34.771906  3  5  6  57       
PG08   -858.561239 -19274.239441 -18151.658994   -161.592260  5 11 10  98       
PG09 -17051.180050  -1688.731461  20225.949261     55.544816  6  6  4  82       
PG10  13332.154261  -6192.302098 -21906.296983    -68.926661  7  7  5  93       
PG11  -8017.488780  13365.311562  21525.056433   -536.037960  7  7  7  86       
PG12  10090.063756  24035.506155   5006.787460   -466.840850  2  3  7  50       
PG13 -10061.212188  20738.473644 -13202.564959    614.826794  7  4  4  53       
PG14 -15504.876279   2181.311293 -21443.555245    295.871034  6  4  3  69       
PG15   3341.241988  19573.100143 -18030.375718    116.177494  6  5  6  95       
PG16   2041.513257 -23644.910855  11108.516020   -386.236501  7  4  6  79       
PG17 -21341.349300  10596.064562 -11457.062269    720.107675  5  7  6  53       
PG18  26194.931538   4861.096002   -989.515051   -529.563324  4  7  5  78       
PG19 -20730.774177  15915.468376  -3678.364959    425.114637  6  6  6  69       
PG20  -3149.590831  19918.055738  17431.051143    392.041865  6  5  7  50       
PG21  -9212.049903 -14815.074608 -19797.982939    138.725219  8  5  5  83       
PG22 -12150.293351  10776.605002 -20640.228738     50.021539  7  5  5  63       
PG23  16726.532695   7436.223104 -19294.663452    133.347262  6  6  6  84       
PG24      0.000000      0.000000      0.000000 999999.999999
PG25  16222.194922  15723.157708  13846.003841    484.884090  5  3  5  57       
PG26   7556.336457 -17172.388287  18516.700450    201.265573  4  6  6  73       
PG28  21038.441930  -6996.667019  14594.996804    -95.711120  7  5  3  80       
PG29  15999.734903   4039.660074  20787.673129   -608.834307  8  7  5  49       
PG30 -24860.587748   2147.741367  -9354.575555   -446.698510  6  5  5  53       
PG31  13731.816632 -11293.152109  19644.602258   -227.236959  3  7  3  79       
PG32  20338.184152 -14159.701485  -9066.144560   -604.270775  6  8  4  70       
*  2024  1 11 16 30  0.00000000
PG01 -17451.837340 -13026.837135 -15796.641176    165.826346  7  6  4  80       
PG02 -11094.204718 -13817.644095 -19361.913022   -502.399774  7  5  5  84       
PG03 -11658.200757 -23805.743312   2354.435571    119.072226  6  5  6  91       
PG04  -6151.607270 -15298.571556  20804.216826    263.419293  5  7  5  68       
PG05   5040.375770  24458.840974   8736.881171   -157.583318  4  3  7  74       
PG06 -20770.171928   7137.992335  15079.702375    448.230271  5  6  5  73       
PG07 -25883.484896  -6111.420636   3932.145919    -34.780171  3  6  7  56       
PG08    484.659752 -20739.717353 -16424.171991   -161.593936  5 12 11  56       
PG09 -15657.915967  -3619.621597  21072.509960     55.555706  6  6  4  81       
PG10  14252.970414  -3820.123799 -21897.567609    -68.928411  7  7  5  79       
PG11 -10372.388175  12812.658085  20839.274888   -536.050636  6  7  7  78       
PG12   9987.827497  24529.199290   2189.333832   -466.844541  2  4  7  33       
PG13 -11184.537963  21512.626952 -10784.386042    614.829987  7  5  4  22       
PG14 -16275.899303   -129.277017 -20994.619487    295.880288  6  4  3  62       
PG15   2206.333048  21106.266346 -16331.356147    116.181012  6  4  5  91       
PG16   2678.987562 -22298.851859  13480.093582   -386.229596  7  5  6  71       
PG17 -20463.442521   9364.872427 -13791.678104    720.106509  5  7  6  42       
PG18  26111.118509   5052.408961   1881.377398   -529.571717  3  6  4  76       
PG19 -20503.897581  15341.779419  -6494.866738    425.119416  5  6  6  72       
PG20  -4333.673872  18216.120502  18960.514418    392.040579  6  5  7  56       
PG21  -6815.122520 -14703.157612 -20718.562586    138.723736  8  5  4  72       
PG22 -12871.608415   8399.180360 -21258.816213     50.015733  7  6  5  69       
PG23  17442.665723   9426.772876 -17746.147267    133.353946  5  7  6  68       
PG24      0.000000      0.000000      0.000000 999999.999999
PG25  16575.185348  17192.998209  11571.844687    484.885323  5  3  5  63       
PG26   8659.879591 -15221.148378  19725.817738    201.262421  3  6  7  76       
PG28  22547.631405  -6605.838594  12355.130186    -95.721249  8  4  3  74       
PG29  14372.410115   5838.839246  21525.274536   -608.833788  8  7  5  47       
PG30 -25736.846589   1714.220505  -6773.348389   -446.694391  6  5  5  56       
PG31  15877.810547 -10786.053392  18316.820595   -227.237323  4  7  3  86       
PG32  19772.296340 -13058.959774 -11587.551550   -604.273363  6  8  4  59       
*  2024  1 11 16 45  0.00000000
PG01 -15614.749560 -12904.333247 -17715.396664    165.827233  7  5  3  54       
PG02  -8722.635794 -13885.885715 -20446.759974   -502.394799  7  5  5  75       
PG03 -11539.784864 -23990.784652   -534.632864    119.095668  6  5  7  87       
PG04  -4670.940912 -17088.274475  19757.917113    263.428129  5  7  6  85       
PG05   4310.367202  23518.677820  11292.899823   -157.584764  5  3  7  54       
PG06 -22325.739910   6848.066904  12819.625835    448.218445  5  6  5  61       
PG07 -25319.699397  -6296.468782   6653.986442    -34.788685  2  6  7  17       
PG08   1635.980618 -22096.946654 -14410.847121   -161.596172  5 12 11  70       
PG09 -14322.960211  -5682.607934  21554.066503     55.566578  5  6  4  86       
PG10  15291.912755  -1526.186863 -21505.413334    -68.930329  7  7  5  57       
PG11 -12656.904446  12399.586681  19795.358807   -536.063358  6  7  7  73       
PG12   9802.046522  24725.357718   -665.765487   -466.847874  2  4  7  43       
PG13 -12070.624861  22139.712221  -8180.126018    614.833214  6  5  5  15       
PG14 -17133.271023  -2331.186410 -20184.620397    295.889561  6  5  4  87       
PG15   1237.112966  22513.620040 -14358.095405    116.184124  6  4  5  91       
PG16   3470.645711 -20742.129031  15609.838188   -386.222663  6  5  7  72       
PG17 -19492.281347   7888.064070 -15884.420264    720.105770  5  7  6  42       
PG18  25717.765305   5210.740193   4720.255671   -529.580087  2  6  4  62       
PG19 -20097.684282  14523.838676  -9197.807548    425.124159  5  5  6  53       
PG20  -5690.478004  16448.796199  20166.908943    392.038402  7  5  7  28       
PG21  -4320.171609 -14715.227115 -21272.119410    138.722968  7  5  4  69       
PG22 -13731.320139   6011.661175 -21497.780744     50.009755  7  6  5  75       
PG23  18182.370707  11200.675606 -15893.914074    133.360566  5  7  5  73       
PG24      0.000000      0.000000      0.000000 999999.999999
PG25  16888.795689  18396.010488   9097.991281    484.886583  5  3  4  41       
PG26   9908.003973 -13222.230563  20588.437013    201.259254  3  6  6  74       
PG28  23809.698616  -6311.555651   9902.282197    -95.731377  8  5  3  82       
PG29  12803.874157   7772.275647  21891.357303   -608.833180  7  6  5  57       
PG30 -26337.725505   1355.964740  -4076.934235   -446.690292  6  5  6  49       
PG31  17875.674756 -10411.263643  16672.819594   -227.237178  4  6  4  85       
PG32  19105.059768 -11703.635025 -13905.358403   -604.276016  6  8  4  49       
*  2024  1 11 17  0  0.00000000
PG01 -13576.383900 -12878.275786 -19341.022731    165.828142  7  5  3  37       
PG02  -6249.728826 -14083.339860 -21165.527926   -502.389681  7  6  5  74       
PG03 -11279.409363 -23893.616065  -3414.585027    119.119168  6  4  7  99       
PG04  -3362.420512 -18839.618085  18370.739332    263.436960  5  6  6  94       
PG05   3386.867947  22377.718890  13651.969556   -157.586296  5  4  7  64       
PG06 -23627.604339   6658.461147  10340.892907    448.206601  5  6  5           
PG07 -24471.372562  -6497.282564   9265.927132    -34.797294  2  6  7  48       
PG08   2597.331989 -23301.766258 -12145.911153   -161.597431  6 12 11  58       
PG09 -13078.510638  -7840.946119  21662.040183     55.577472  5  5  4  77       
PG10  16422.850899    645.273356 -20737.828660    -68.931976  7  6  5  49       
PG11 -14823.569251  12118.949933  18411.079030   -536.076028  6  7  7  64       
PG12   9497.393955  24636.219917  -3509.489890   -466.851616  3  5  7  58       
PG13 -12729.294209  22579.895659  -5434.297938    614.836306  6  6  4  19       
PG14 -18049.572919  -4386.486326 -19027.998552    295.898804  6  5  4  80       
PG15    426.373270  23754.244445 -12142.461770    116.187733  6  3  5  91       
PG16   4430.565907 -19017.064650  17459.450578   -386.215597  6  5  7  66       
PG17 -18470.808316   6175.133036 -17697.302344    720.105261  5  7  6  44       
PG18  25018.059635   5374.548992   7478.809262   -529.588453  3  6  4  63       
PG19 -19551.354755  13452.269963 -11740.437414    425.128254  4  5  6  53       
PG20  -7208.289515  14660.301309  21029.356368    392.036435  7  5  6  60       
PG21  -1776.777942 -14858.375661 -21445.433669    138.722112  7  6  4  58       
PG22 -14715.138499   3663.401209 -21351.760201     50.003907  7  6  6  81       
PG23  18906.566157  12734.885220 -13770.015251    133.367203  4  8  5  52       
PG24      0.000000      0.000000      0.000000 999999.999999
PG25  17124.790301  19325.726109   6467.843358    484.887837  5  3  4  52       
PG26  11287.834955 -11220.898540  21090.261791    201.256107  3  5  6  76       
PG28  24797.681111  -6083.397439   7278.768808    -95.741553  8  5  3  63       
PG29  11329.620121   9804.699072  21879.273855   -608.832987  7  6  5  38       
PG30 -26648.694920   1040.425371  -1311.317208   -446.686217  6  5  6  46       
PG31  19684.443007 -10152.228113  14742.163665   -227.237418  4  6  4  82       
PG32  18378.043898 -10100.971769 -15978.635646   -604.278685  6  8  4  64       
*  2024  1 11 17 15  0.00000000
PG01 -11376.054205 -12972.894131 -20646.673338    165.829022  8  4  3  83       
PG02  -3726.187770 -14416.434236 -21504.044582   -502.384613  6  6  5  36       
PG03 -10845.120566 -23536.915344  -6236.319265    119.142642  6  4  7  55       
PG04  -2234.874737 -20506.333134  16666.281553    263.445797  5  5  6  90       
PG05   2258.233231  21076.667686  15772.641592   -157.587599  6  4  7  71       
PG06 -24647.962530   6536.382938   7685.723246    448.194763  5  5  6  44       
PG07 -23354.816229  -6748.156194  11725.414506    -34.805612     6  7  47       
PG08   3378.664228 -24312.756092  -9668.275872   -161.598976  6 12 10  46       
PG09 -11950.474373 -10052.798059  21394.364823     55.588382  4  5  4  86       
PG10  17613.182331   2655.732710 -19609.383049    -68.933199  6  6  5           
PG11 -16827.842279  11955.845018  16710.073575   -536.088730  5  7  7  43       
PG12   9042.161781  24282.059713  -6293.344771   -466.854779  4  5  7  47       
PG13 -13178.227738  22797.565332  -2594.152847    614.839597  5  6  5           
PG14 -18992.062911  -6263.194537 -17545.082573    295.908046  6  6  4  78       
PG15   -240.109390  24790.347066  -9720.710347    116.190970  5  3  5  75       
PG16   5564.756464 -17169.876657  18995.866489   -386.208648  6  6  7  72       
PG17 -17441.080077   4244.608644 -19197.067406    720.104106  5  6  6  69       
PG18  24023.995935   5581.209808  10110.067791   -529.596853  2  6  4  45       
PG19 -18906.657097  12126.296673 -14079.138415    425.133048  4  5  6  48       
PG20  -8867.576195  12893.088306  21532.754825    392.034860  7  5  6  72       
PG21    763.605561 -15131.392672 -21232.172324    138.720158  6  6  5  66       
PG22 -15800.856948   1401.107493 -20822.544721     49.998054  7  6  6  80       
PG23  19573.886350  14014.761032 -11411.029517    133.373864  4  8  4  42       
PG24      0.000000      0.000000      0.000000 999999.999999
PG25  17245.676869  19984.324131   3727.076839    484.889049  4  3  4  47       
PG26  12779.120282  -9260.163020  21223.484543    201.252973  3  5  6  85       
PG28  25492.440195  -5887.057726   4529.833411    -95.751636  8  5  5  69       
PG29   9978.969332  11895.243202  21488.925581   -608.832365  7  6  5  26       
PG30 -26663.233768    733.101683   1476.529239   -446.682120  5  5  6  47       
PG31  21268.454118  -9985.808104  12559.079527   -227.237457  4  6  4  63       
PG32  17632.224330  -8267.041479 -17770.794322   -604.281345  6  7  4  51       
*  2024  1 11 17 30  0.00000000
PG01  -9057.644715 -13205.329753 -21610.582689    165.829918  7  5  4  70       
PG02  -1204.057950 -14883.148671 -21455.191658   -502.379791  6  6  5  62       
PG03 -10210.585071 -22950.433461  -8951.871102    119.166136  6  3  7  48       
PG04  -1288.775331 -22042.595886  14673.693743    263.454592  5  5  7  95       
PG05    921.142467  19659.471294  17617.598784   -157.588715  6  4  7  51       
PG06 -25367.108812   6445.040146   4899.357980    448.182921  5  5  6  42       
PG07 -21993.480088  -7080.106285  13992.588793    -34.814169     6  7  56       
PG08   3997.393034 -25092.868652  -7020.876049   -161.601986  6 12 10  28       
PG09 -10957.546608 -12272.678258  20755.536680     55.599312  4  5  4  78       
PG10  18825.103461   4473.650855 -18140.875466    -68.934498  6  5  5  54       
PG11 -18629.666078  11888.292317  14721.454120   -536.101454  5  7  7  54       
PG12   8409.634087  23690.290150  -8970.164419   -466.858679  4  5  7  40       
PG13 -13442.132068  22762.828707    291.131687    614.842832  5  6  5  34       
PG14 -19923.938871  -7936.286597 -15761.711326    295.917276  6  6  4  73       
PG15   -782.917165  25588.683517  -7132.989360    116.194390  5  3  5  56       
PG16   6870.720898 -15248.882985  20191.913605   -386.201937  6  6  7  75       
PG17 -16442.558844   2123.602607 -20355.905002    720.103436  6  6  7  77       
PG18  22755.985282   5865.402479  12569.175853   -529.605237  2  6  4  61       
PG19 -18206.129935  10553.898932 -16174.162721    425.138030  4  5  6  68       
PG20 -10641.550611  11186.328321  21668.055562    392.033359  7  5  5  71       
PG21   3249.521599 -15524.651444 -20633.249497    138.719327  5  7  5  68       
PG22 -16959.152510   -732.877579 -19919.101039     49.992334  7  6  5  88       
PG23  20142.326319  15034.418740  -8857.432253    133.380517  3  8  4  51       
PG24      0.000000      0.000000      0.000000 999999.999999
PG25  17216.258806  20382.311319    922.833956    484.890200  4  3  4  18       
PG26  14354.921670  -7379.252112  20986.861061    201.249797  3  5  6  94       
PG28  25883.316803  -5685.860596   1702.861563    -95.761752  8  5  5  60       
PG29   8774.041159  13998.861517  20726.785858   -608.831758  7  5  6  41       
PG30 -26383.028370    399.049831   4239.409051   -446.678023  5  5  6  23       
PG31  22598.532734  -9883.364908  10161.802325   -227.237701  4  6  5  70       
PG32  16906.294322  -6226.314758 -19250.279362   -604.283990  6  7  4  56       
*  2024  1 11 17 45  0.00000000
PG01  -6668.167497 -13584.914803 -22216.393236    165.830855  7  5  5  82       
PG02   1265.194950 -15473.002253 -21019.124503   -502.374932  5  7  5  82       
PG03  -9356.259949 -22169.773334 -11515.199172    119.189699  6  3  7  78       
PG04   -516.389199 -23404.729928  12427.189762    263.463371  5  5  6  90       
PG05   -619.045954  18171.619643  19154.355404   -157.590638  7  5  6  73       
PG06 -25774.112108   6345.220697   2029.311686    448.171018  5  5  6           
PG07 -20417.138536  -7519.605945  16030.810452    -34.822548     6  7  74       
PG08   4477.536477 -25610.913692  -4249.912081   -161.604528  7 11  9  59       
PG09 -10110.583457 -14453.052604  19756.544913     55.610282  3  6  4  77       
PG10  20017.084651   6075.452157 -16358.881676    -68.936152  5  5  5  53       
PG11 -20194.858196  11888.199637  12479.316671   -536.114211  4  7  7  62       
PG12   7579.260163  22894.320288 -11494.872240   -466.861920  5  6  7  58       
PG13 -13551.621897  22452.810580   3171.317705    614.846198  5  7  5  45       
PG14 -20805.764870  -9388.434632 -13708.768579    295.926475  6  6  4  83       
PG15  -1228.077570  26121.850227  -4422.758547    116.197647  4  5  5  67       
PG16   8337.390871 -13302.634249  21026.829700   -386.194690  6  6  7  78       
PG17 -15510.502049   -153.005174 -21152.072294    720.102731  6  5  7  87       
PG18  21242.159369   6257.606915  14814.136275   -529.613635  2  6  4  58       
PG19 -17491.367695   8751.630173 -17990.278877    425.142836  4  5  6  74       
PG20 -12497.019013   9574.525575  21432.444138    392.031787  7  5  5  62       
PG21   5631.427832 -16020.374204 -19657.025019    138.718761  5  7  5  93       
PG22 -18154.707167  -2702.114686 -18657.430822     49.986403  7  6  6  74       
PG23  20570.917170  15796.752845  -6152.907550    133.387150  2  8  4  52       
PG24      0.000000      0.000000      0.000000 999999.999999
PG25  17005.087258  20537.901213  -1897.082286    484.891382  4  4  4  18       
PG26  15982.576502  -5612.255949  20385.657376    201.246638  4  5  5  86       
PG28  25968.470564  -5442.371784  -1153.440255    -95.771884  8  6  6  49       
PG29   7729.012147  16067.918625  19605.806017   -608.831435  7  6  6  58       
PG30 -25817.877553      4.400865   6930.663805   -446.673904  5  5  6  56       
PG31  23652.918194  -9812.046390   7591.876107   -227.237923  4  6  5  58       
PG32  16235.080994  -4010.895288 -20391.162148   -604.286660  7  7  4  52       
*  2024  1 11 18  0  0.00000000
PG01  -4256.210719 -14112.736004 -22453.420638    165.831808  7  6  6  61       
PG02   3632.593327 -16167.417779 -20203.322195   -502.369699  4  7  5  91       
PG03  -8270.305189 -21234.966100 -13882.931614    119.213258  6  3  7  41       
PG04     97.743176 -24552.842242   9965.464805    263.472167  5  6  6 107       
PG05  -2348.288969  16658.391245  20355.867551   -157.591552  7  4  6  97       
PG06 -25867.173130   6196.972734   -875.415992    448.159180  4  5  6  41       
PG07 -18660.877003  -8087.493524  17807.138251    -34.830965     6  7  78       
PG08   4848.575705 -25842.831661  -1404.011339   -161.605159  7 10  8  49       
PG09  -9412.293957 -16546.027143  18414.683233     55.621232  3  6  4  77       
PG10  21145.487035   7446.182495 -14295.208590    -68.937260  5  4  4  46       
PG11 -21496.286946  11922.575088  10022.163923   -536.126854  4  6  7  61       
PG12   6537.586872  21932.211936 -13825.188861   -466.865326  5  6  7  64       
PG13 -13541.863525  21852.695153   5996.011535    614.849615  4  7  4  57       
PG14 -21597.004878 -10610.450387 -11421.639342    295.935751  6  7  4  77       
PG15  -1605.919572  26369.392781  -1636.121560    116.201258  4  6  5  22       
PG16   9945.428406 -11378.058260  21486.629551   -386.187707  6  6  7  81       
PG17 -14674.522277  -2543.714859 -21570.398005    720.101923  6  6  8  79       
PG18  19517.393533   6782.759190  16806.510881   -529.622003  2  6  4  51       
PG19 -16801.356963   6744.106432 -19497.318322    425.147401  3  5  6  76       
PG20 -14395.486547   8086.314157  20829.421472    392.029873  7  5  4  64       
PG21   7863.580180 -16593.278783 -18319.318888    138.717272  4  7  5  67       
PG22 -19347.602655  -4477.356445 -17060.264060     49.980778  7  7  5  94       
PG23  20821.368649  16313.132246  -3343.614133    133.393808  1  8  4  62       
PG24      0.000000      0.000000      0.000000 999999.999999
PG25  16585.760656  20476.123031  -4684.996472    484.892594  4  4  4  59       
PG26  17624.887130  -3986.996580  19431.475662    201.243496  4  5  5  87       
PG28  25754.889565  -5120.042062  -3989.887276    -95.782062  7  6  6  47       
PG29   6849.694286  18053.895741  18145.204578   -608.831051  6  6  6  65       
PG30 -24985.309841   -482.167984   9504.916706   -446.669772  4  4  6  47       
PG31  24417.912928  -9736.223035   4893.422916   -227.238079  3  6  5  38       
PG32  15648.132831  -1659.446665 -21173.618584   -604.289345  6  7  4  48       
*  2024  1 11 18 15  0.00000000
PG01  -1870.328362 -14781.500543 -22316.852408    165.832735  7  7  6  86       
PG02   5853.456745 -16940.450861 -19022.462648   -502.364745  3  7  5  59       
PG03  -6949.205847 -20188.899311 -16015.063127    119.236732  6  3  7  63       
PG04    576.020949 -25452.328852   7331.027752    263.480919  5  7  6 109       
PG05  -4244.204807  15163.117150  21201.040095   -157.593211  7  4  5  94       
PG06 -25653.646833   5961.321279  -3765.157397    448.147330  3  6  6  34       
PG07 -16763.912271  -8798.088604  19292.759658    -34.839371     6  6  70       
PG08   5144.084585 -25772.699247   1466.674442   -161.606095  6  8  6  62       
PG09  -8857.263407 -18505.060534  16753.245833     55.632179  3  6  4  73       
PG10  22166.255159   8579.823516 -11986.270898    -68.938898  5  3  4  51       
PG11 -22514.785166  11954.941790   7392.248545   -536.139609  4  7  7  69       
PG12   5278.919523  20845.188989 -15922.280610   -466.869168  5  6  7  74       
PG13 -13451.031482  20956.465404   8715.588731    614.852773  5  7  4  70       
PG14 -22257.605215 -11601.418702  -8939.597908    295.944990  6  7  4  64       
PG15  -1949.736669  26318.680570   1178.922677    116.204650  4  7  6  45       
PG16  11667.880970  -9518.698016  21564.314163   -386.180849  5  6  6  74       
PG17 -13957.383710  -5001.845503 -21602.650651    720.101201  6  6  8  80       
PG18  17622.084045   7459.120300  18512.068207   -529.630394  2  6  5  78       
PG19 -16170.947475   4563.194171 -20670.617452    425.152211  3  5  6  70       
PG20 -16294.479533   6743.483559  19868.781205    392.028341  7  5  4  69       
PG21   9905.788463 -17211.589694 -16643.226334    138.716279  4  7  5  53       
PG22 -20494.926687  -6037.528386 -15156.594918     49.974923  6  6  5  80       
PG23  20859.617574  16602.782605   -477.416606    133.400490     8  5  34       
PG24      0.000000      0.000000      0.000000 999999.999999
PG25  15938.027287  20227.699793  -7394.121178    484.893826  4  4  4  54       
PG26  19241.486980  -2524.163465  18141.968065    201.240351  4  5  4  81       
PG28  25258.071108  -4684.818060  -6757.665547    -95.792140  7  6  7  42       
PG29   6133.449654  19909.144083  16370.142423   -608.830483  6  7  6  59       
PG30 -23909.928392  -1088.062284  11918.791343   -446.665651  4  5  6  56       
PG31  24888.232902  -9619.016782   2112.393600   -227.238271  3  5  5  57       
PG32  15168.537407    784.143316 -21584.282318   -604.291999  6  6  4  57       
*  2024  1 11 18 30  0.00000000
PG01    442.575572 -15575.711755 -21807.876245    165.833714  7  7  6  59       
PG02   7889.028700 -17759.852245 -17498.124248   -502.359743  3  6  4  30       
PG03  -5398.082141 -19075.656090 -17875.593898    119.260222  6  3  6  57       
PG04    946.718269 -26075.189963   4569.459918    263.489737  6  8  6  98       
PG05  -6276.758149  13725.534386  21675.118511   -157.594060  7  4  5  75       
PG06 -25149.728137   5601.955931  -6590.410224    448.135558  2  6  6  50       
PG07 -14768.285138  -9658.541558  20463.374085    -34.848096     5  6  56       
PG08   5400.184789 -25393.421226   4311.415485   -161.607774  6  7  4  48       
PG09  -8432.306782 -20286.632681  14801.113175     55.643307  4  6  3  73       
PG10  23036.618531   9479.259948  -9472.405549    -68.939609  5  3  3  24       
PG11 -23239.766208  11946.899417   4634.848236   -536.152409  3  7  6  50       
PG12   3805.690810  19676.055694 -17751.342510   -466.872584  6  6  6  89       
PG13 -13318.640231  19767.304747  11282.119270    614.856120  5  7  5  69       
PG14 -22749.565814 -12368.519189  -6305.138209    295.954256  6  7  4  54       
PG15  -2294.304409  25965.504855   3973.301035    116.207934  4  8  6  47       
PG16  13471.156506  -7763.118665  21259.921720   -386.173850  5  6  7  78       
PG17 -13374.091688  -7477.205981 -21247.756357    720.100266  7  7  9  70       
PG18  15600.723953   8297.401450  19901.368014   -529.638739  2  7  5  65       
PG19 -15629.513697   2246.933167 -21491.353293    425.156909  3  5  5  79       
PG20 -18149.036897   5560.271319  18566.481276    392.026791  7  5  4  69       
PG21  11724.954683 -17838.374897 -14658.727169    138.715248  4  7  5  41       
PG22 -21552.517959  -7370.358695 -12981.073525     49.968909  6  6  5  69       
PG23  20657.224553  16691.880333   2396.906458    133.407171     8  5  23       
PG24      0.000000      0.000000      0.000000 999999.999999
PG25  15048.654928  19827.741514  -9979.280678    484.895018  4  4  4  83       
PG26  20790.326972  -1236.742934  16540.449369    201.237187  4  4  4  50       
PG28  24501.386580  -4106.657316  -9409.172600    -95.802294  7  6  7  53       
PG29   5569.445232  21588.617524  14311.288929   -608.829972  5  7  6  77       
PG30 -22622.508506  -1835.549217  14131.596811   -446.661477  3  5  6  61       
PG31  25067.053725  -9423.864540   -704.187909   -227.238376  3  5  5  46       
PG32  14812.017803   3272.305153 -21616.466367   -604.294678  6  6  3  55       
*  2024  1 11 18 45  0.00000000
PG01   2638.814123 -16472.153068 -20933.733441    165.834611  6  7  6  70       
PG02   9707.846919 -18588.414820 -15658.322555   -502.354664  3  6  4  63       
PG03  -3630.677011 -17938.826770 -19433.102698    119.283777  5  4  6  70       
PG04   1242.683753 -26401.101627   1728.613594    263.498623  6  9  6 101       
PG05  -8409.257484  12380.296417  21769.956911   -157.595648  7  4  4  95       
PG06 -24379.811365   5086.824760  -9302.674190    448.123730  2  6  6  50       
PG07 -12717.466675 -10668.436481  21299.529032    -34.856230     5  6  74       
PG08   5653.891631 -24707.076245   7079.871583   -161.608604  5  6  3  40       
PG09  -8117.137509 -21851.803732  12592.235551     55.654285  4  6  3  91       
PG10  23716.736938  10155.908972  -6797.139461    -68.941476  5  4  3  19       
PG11 -23669.517845  11859.771522   1797.484874   -536.165103  3  7  6  53       
PG12   2128.527973  18467.581842 -19282.111391   -466.875733  6  7  6  81       
PG13 -13183.819531  18297.639906  13650.271973    614.859596  5  7  5  76       
PG14 -23038.441329 -12926.545341  -3563.257491    295.963500  6  7  5  69       
PG15  -2674.308657  25314.366310   6697.747125    116.211614  5  9  6  52       
PG16  15316.271328  -6143.549013  20580.425283   -386.167103  4  6  7  77       
PG17 -12931.318934  -9917.927046 -20511.856433    720.099832  7  7  9  61       
PG18  13500.329473   9300.180592  20950.272982   -529.647102  2  7  6  65       
PG19 -15199.853772   -161.760274 -21946.773364    425.161848  3  5  5  78       
PG20 -19913.315637   4542.951534  16944.409123    392.024870  6  5  4  66       
PG21  13296.312393 -18433.149203 -12402.093449    138.714363  4  7  5  64       
PG22 -22476.770679  -8472.630993 -10573.272580     49.963017  5  6  5  43       
PG23  20192.567178  16612.393303   5230.465991    133.413847     8  5  23       
PG24      0.000000      0.000000      0.000000 999999.999999
PG25  13912.040737  19314.303954 -12397.591046    484.896189  4  4  4  71       
PG26  22229.222610   -129.757460  14655.420744    201.234067  5  4  4  80       
PG28  23515.155680  -3360.888252 -11898.835078    -95.812412  7  6  7  56       
PG29   5139.238001  23051.516201  12004.286416   -608.829792  5  7  6  35       
PG30 -21158.880798  -2740.730330  16105.971348   -446.657349  3  5  6  77       
PG31  24965.756665  -9116.059050  -3508.976484   -227.238731  3  5  4  55       
PG32  14586.343604   5755.472597 -21270.250189   -604.297332  5  6  4  50       
*  2024  1 11 19  0  0.00000000
PG01   4679.381600 -17440.668938 -19707.692210    165.835567  6  5  5  70       
PG02  11286.796161 -19385.542366 -13536.897239   -502.349455  4  5  4  75       
PG03  -1669.022170 -16819.854988 -20661.247381    119.307288  5  4  5  76       
PG04   1499.855887 -26418.200489  -1142.234626    263.507383  6  9  7  94       
PG05 -10599.624300  11155.701376  21484.156773   -157.596935  7  4  4  88       
PG06 -23375.546214   4389.572473 -11855.277584    448.111919  2  7  7  45       
PG07 -10654.921493 -11819.660510  21786.908260    -34.864479  2  4  6  61       
PG08   5941.421664 -23724.899516   9723.057285   -161.610632  5  6  3  30       
PG09  -7885.324046 -23167.602013  10165.024578     55.665248  5  6  3  89       
PG10  24171.228509  10629.033054  -4006.425170    -68.942467  6  4  4  47       
PG11 -23811.162248  11656.273900  -1070.898662   -536.177803  3  7  6  54       
PG12    266.018740  17260.912569 -20489.305892   -466.879254  6  7  6  57       
PG13 -13083.605631  16568.819236  15778.176777    614.862901  5  6  5  48       
PG14 -23094.716099 -13297.141245   -760.704628    295.972757  6  7  5  43       
PG15  -3122.747935  24378.429564   9303.725549    116.214957  5  9  6  42       
PG16  17160.312617  -4684.810236  19539.487116   -386.160000  4  6  7  68       
PG17 -12627.196236 -12272.374665 -19408.200458    720.098934  7  8  9  51       
PG18  11368.774717  10461.634557  21640.378587   -529.655423  2  8  6  76       
PG19 -14897.362142  -2616.557949 -22030.322247    425.166565  3  6  5  80       
PG20 -21542.250028   3689.737025  15030.041769    392.023375  6  5  5  52       
PG21  14604.299981 -18953.667816  -9915.110456    138.712834  5  6  5  70       
PG22 -23226.417247  -9350.053106  -7976.851985     49.957179  5  6  5  59       
PG23  19451.785428  16400.712334   7975.065925    133.420498  2  9  6  27       
PG24      0.000000      0.000000      0.000000 999999.999999
PG25  12530.544171  18726.866132 -14609.091375    484.897394  4  4  5  82       
PG26  23517.401498    799.681922  12520.017608    201.230913  5  3  4  53       
PG28  22335.466450  -2429.361963 -14183.889255    -95.822517  7  6  7  83       
PG29   4817.667027  24262.776223   9489.122613   -608.829088  5  7  5 119       
PG30 -19558.640211  -3812.745498  17808.477068   -446.653200  2  5  6  70       
PG31  24603.388816  -8664.212140  -6255.044858   -227.238967  4  5  4  50       
PG32  14491.078281   8183.840399 -20552.432905   -604.300007  4  5  5  66       
*  2024  1 11 19 15  0.00000000
PG01   6531.262513 -18445.221578 -18148.935565    165.836521  5  4  4  85       
PG02  12611.799089 -20108.966509 -11172.770133   -502.344583  4  4  3  45       
PG03    457.205089 -15756.478537 -21539.186849    119.330772  5  4  5  69       
PG04   1755.654000 -26123.549516  -3993.259468    263.516249  7 10  7 103       
PG05 -12801.882278  10072.689328  20823.074175   -157.598024  7  4  4  92       
PG06 -22174.624686   3490.766275 -14204.179984    448.100139  3  7  6  64       
PG07  -8622.672825 -13096.545538  21916.570104    -34.873043  2  4  5  84       
PG08   6296.535312 -22466.901816  12194.280611   -161.611318  5  6  3  63       
PG09  -7705.495067 -24208.186454   7561.664658     55.676235  6  6  3  97       
PG10  24370.525733  10924.768595  -1147.858158    -68.944065  6  4  4   5       
PG11 -23680.283238  11302.138094  -3920.789383   -536.190549  3  8  5  31       
PG12  -1755.813391  16094.058529 -21352.990983   -466.882755  6  7  6  78       
PG13 -13051.320727  14610.436645  17628.224052    614.866342  5  6  5  63       
PG14 -22895.001989 -13507.786215   2054.795491    295.981986  6  7  5  58       
PG15  -3669.377688  23179.135797  11744.379026    116.218455  5  8  6  63       
PG16  18958.049584  -3403.569545  18157.083544   -386.153345  3  6  7  67       
PG17 -12451.477806 -14491.060106 -17956.876602    720.098013  7  9  9  69       
PG18   9253.096574  11767.599599  21959.352959   -529.663754  2  8  6  72       
PG19 -14729.500991  -5069.296093 -21741.668849    425.171215  3  6  5  85       
PG20 -22993.201141   2991.001054  12856.003955    392.021628  6  5  5  52       
PG21  15643.020462 -19357.820817  -7244.136458    138.711656  5  6  5  47       
PG22 -23764.210170 -10016.753650  -5238.647728     49.951111  5  5  4  60       
PG23  18429.443992  16096.124964  10583.995289    133.427146  3  9  6  54       
PG24      0.000000      0.000000      0.000000 999999.999999
PG25  10914.535102  18104.780862 -16577.322072    484.898604  4  3  5  74       
PG26  24616.992774   1562.018768  10171.394910    201.227810  5  3  5  66       
PG28  21002.787166  -1301.350898 -16225.111265    -95.832632  6  6  8  73       
PG29   4574.016694  25194.346281   6809.422770   -608.828431  4  8  5  88       
PG30 -17863.726928  -5053.237526  19210.138741   -446.649043  2  5  6  78       
PG31  24005.860710  -8041.589502  -8896.602133   -227.239160  3  5  4  85       
PG32  14517.670017  10509.123030 -19476.356914   -604.302666  3  5  5  68       
*  2024  1 11 19 30  0.00000000
PG01   8168.536014 -19445.192280 -16282.358496    165.837461  4  3  3  89       
PG02  13678.119627 -20716.532181  -8609.099702   -502.339691  5  4  4  76       
PG03   2711.611245 -14781.321719 -22051.919408    119.354261  5  5  4  68       
PG04   2047.309692 -25523.265510  -6774.974440    263.525045  7  9  7 101       
PG05 -14967.805542   9144.148042  19798.696698   -157.599236  7  4  4  91       
PG06 -20819.343912   2378.860321 -16308.737351    448.088357  4  7  6  69       
PG07  -6659.914728 -14476.281138  21685.132763    -34.881548  2  4  5  60       
PG08   6748.986371 -20961.140747  14450.031992   -161.613955  5  6  4  69       
PG09  -7542.744019 -24955.738280   4827.358153     55.687217  6  5  2  72       
PG10  24292.012423  11074.911919   1730.111567    -68.945706  6  5  4  24       
PG11 -23300.235125  10767.625644  -6702.967450   -536.203279  3  8  5  54       
PG12  -3904.304571  15000.518586 -21858.865266   -466.886200  7  8  6  56       
PG13 -13115.109889  12459.327065  19167.781443    614.869657  5  6  5  71       
PG14 -22423.014784 -13590.566596   4835.329983    295.991220  6  7  5  33       
PG15  -4339.265758  21745.479647  13975.474662    116.221939  5  8  6  66       
PG16  20663.623338  -2307.940667  16459.017119   -386.146175  3  5  7  75       
PG17 -12386.073282 -16528.462163 -16184.386927    720.097331  7  9  9  75       
PG18   7197.833243  13195.961083  21901.179451   -529.672078  2  8  6  83       
PG19 -14695.584289  -7471.605030 -21086.639423    425.176085  3  7  5  83       
PG20 -24227.532619   2429.812056  10459.529650    392.020384  5  5  5  58       
PG21  16416.263986 -19605.532662  -4439.035742    138.710424  5  6  5  22       
PG22 -24058.430935 -10494.435782  -2407.712797     49.945181  4  5  4  33       
PG23  17128.886458  15739.188562  13012.797641    133.433795  4  9  7  37       
PG24      0.000000      0.000000      0.000000 999999.999999
PG25   9082.158612  17485.752017 -18269.847204    484.899773  5  3  5  70       
PG26  25494.403849   2174.609743   7650.063009    201.224688  5  3  5  47       
PG28  19560.424012     25.840556 -17987.484831    -95.842769  6  6  8  17       
PG29   4373.404175  25826.200576   4011.674963   -608.828252  5  8  5  74       
PG30 -16116.929605  -6456.097954  20286.919813   -446.644868  2  5  6  78       
PG31  23204.912631  -7227.271462 -11389.685056   -227.239203  4  4  3  57       
PG32  14649.878294  12686.243728 -18061.609253   -604.305306  3  5  6  35       
*  2024  1 11 19 45  0.00000000
PG01   9573.231657 -20396.886466 -14138.269763    165.838483  4  2  1  88       
PG02  14490.272904 -21167.970338  -5892.360100   -502.334396  5  3  4  72       
PG03   5052.269026 -13920.690493 -22190.533115    119.377752  6  5  4  86       
PG04   2410.206269 -24632.302950  -9439.113589    263.533863  7  9  7 108       
PG05 -17048.658753   8374.553390  18429.394374   -157.599925  7  5  4  51       
PG06 -19354.998830   1050.859215 -18132.415904    448.076598  4  7  6  81       
PG07  -4801.716481 -15929.589986  21094.902148    -34.890045  3  4  4  55       
PG08   7323.145224 -19242.676031  16450.801812   -161.614988  5  5  4  62       
PG09  -7360.175972 -25401.047839   2009.519236     55.698194  6  5  3  73       
PG10  23920.903682  11115.511521   4578.962369    -68.947285  6  5  5  35       
PG11 -22701.160072  10028.872794  -9369.366069   -536.216015  3  7  5  66       
PG12  -6141.188189  14008.082244 -21998.469678   -466.889483  7  8  6  62       
PG13 -13296.698114  10158.274038  20369.810900    614.872967  5  6  5  62       
PG14 -21670.293008 -13580.781500   7533.586978    296.000444  6  7  5  51       
PG15  -5151.526239  20112.972689  15956.323217    116.225552  5  7  6  57       
PG16  22232.245021  -1397.437104  14476.334718   -386.139751  2  4  7  70       
PG17 -12405.920494 -18344.681533 -14123.080986    720.096797  7  9  8  72       
PG18   5243.459389  14717.360585  21466.295820   -529.680401  3  8  6  77       
PG19 -14786.876952  -9776.533631 -20077.061957    425.180708  4  8  5  79       
PG20 -25212.050514   1982.762321   7881.834428    392.018572  4  5  5  82       
PG21  16937.094784 -19660.570717  -1552.025949    138.709434  5  5  5  42       
PG22 -24084.163817 -10811.232820    465.662072     49.939331  4  5  4  33       
PG23  15562.267324  15370.063554  15220.006800    133.440488  4  9  7  56       
PG24      0.000000      0.000000      0.000000 999999.999999
PG25   7058.826727  16904.390254 -19658.718433    484.900992  4  3  4  53       
PG26  26121.535470   2660.828111   4999.186805    201.221558  4  4  5  66       
PG28  18052.884098   1546.577415 -19440.795590    -95.852881  6  6  8  50       
PG29   4178.335084  26147.048206   1144.403656   -608.827918  5  7  5  85       
PG30 -14360.364285  -8007.505153  21020.129117   -446.640748  2  5  6  62       
PG31  22236.887725  -6207.100670 -13692.816279   -227.239458  3  4  3           
PG32  14864.514594  14674.887450 -16333.610741   -604.307869  2  5  6  83       
*  2024  1 11 20  0  0.00000000
PG01  10735.899183 -21255.192450 -11751.994780    165.839392  4  3     58       
PG02  15061.555166 -21426.579805  -3071.374136   -502.329465  5  2  4  54       
PG03   7433.111062 -13193.614638 -21952.364441    119.401235  6  5  4  63       
PG04   2876.293368 -23473.902704 -11939.490166    263.542662  7  9  6  97       
PG05 -18996.958562   7759.956117  16739.552014   -157.601573  6  6  4  59       
PG06 -17828.165654   -487.347888 -19643.441595    448.064844  4  7  6  50       
PG07  -3077.862929 -17421.649433  20153.936605    -34.898388  3  4  4  59       
PG08   8036.854279 -17352.254592  18161.807561   -161.616102  5  5  5  75       
PG09  -7120.534199 -25543.774822   -843.067676     55.709156  6  4  3  82       
PG10  23250.840816  11085.320800   7350.868401    -68.948287  7  5  5  20       
PG11 -21918.752475   9069.011909 -11873.912225   -536.228739  4  7  5  67       
PG12  -8423.838520  13137.852806 -21769.316430   -466.892758  7  8  5  65       
PG13 -13610.420489   7754.482904  21213.371320    614.876333  5  7  5  65       
PG14 -20636.632442 -13515.435085  10103.634258    296.009708  6  7  5  54       
PG15  -6118.292971  18322.331619  17650.643903    116.228876  5  7  5  39       
PG16  23621.834511   -663.269014  12244.670943   -386.132927  2  3  7  72       
PG17 -12480.156921 -19906.856197 -11810.465956    720.095515  6 10  7  56       
PG18   3424.978066  16296.196452  20661.625256   -529.688692  4  8  6  62       
PG19 -14987.000832 -11940.111655 -18730.527886    425.185422  5  8  5  77       
PG20 -25920.249412   1621.059567   5167.408461    392.016809  4  5  5  53       
PG21  17227.029502 -19492.173495   1363.515669    138.708154  5  5  5  48       
PG22 -23824.285588 -11000.322661   3330.921331     49.933117  5  5  4  48       
PG23  13750.259406  15026.869069  17167.838126    133.447174  5  9  7  73       
PG24      0.000000      0.000000      0.000000 999999.999999
PG25   4876.455643  16390.895705 -20720.878421    484.902186  5  2  4  55       
PG26  26476.793229   3048.950108   2263.860102    201.218430  4  4  5  54       
PG28  16524.206815   3246.919139 -20560.142392    -95.863002  6  6  8  59       
PG29   3950.364390  26154.711172  -1742.692421   -608.827317  6  7  5  81       
PG30 -12633.983510  -9686.255836  21396.751906   -446.636583  3  5  6  69       
PG31  21141.355537  -4974.384983 -15767.624409   -227.239856  3  4  3  47       
PG32  15132.463000  16440.858326 -14323.105111   -604.310485  2  5  6  56       
*  2024  1 11 20 15  0.00000000
PG01  11655.863729 -21975.335831  -9163.377786    165.840278  4  4  1  73       
PG02  15413.224594 -21460.747178   -196.329054   -502.324275  5  3  4  17       
PG03   9805.485199 -12611.172585 -21341.062295    119.424697  6  5  4  79       
PG04   3472.640908 -22078.727828 -14232.815311    263.551452  7  9  6  93       
PG05 -20768.185884   7288.312127  14759.092835   -157.602729  6  6  5  58       
PG06 -16284.941960  -2220.998491 -20815.372690    448.053074  4  7  6  76       
PG07  -1511.872172 -18913.234989  18876.041776    -34.906531  4  4  3  50       
PG08   8900.563069 -15334.782834  19553.614840   -161.618328  5  5  5  90       
PG09  -6787.841126 -25392.373391  -3681.108590     55.720134  6  3  3  79       
PG10  22284.183493  11024.168941   9999.442781    -68.950055  7  5  6  70       
PG11 -20992.818938   7879.024592 -14173.332772   -536.241444  4  7  5  65       
PG12 -10706.677716  12403.524986 -21174.937044   -466.896224  7  7  5  62       
PG13 -14062.566312   5297.883244  21683.995625    614.879855  4  7  5  62       
PG14 -19330.219844 -13431.671999  12501.676402    296.018951  5  6  5  70       
PG15  -7243.984361  16417.944029  19027.347400    116.232689  5  6  5  60       
PG16  24794.537526    -88.961019   9803.536014   -386.126159  2  2  8  74       
PG17 -12573.534127 -21190.279281  -9288.415318    720.095342  6 10  6 114       
PG18   1770.724247  17891.882233  19500.496100   -529.697046  4  7  6  66       
PG19 -15272.629199 -13922.796426 -17070.077126    425.190256  5  9  5  71       
PG20 -26333.314046   1311.839250   2363.242022    392.015059  3  5  6  58       
PG21  17314.856485 -19076.421812   4254.242223    138.707536  5  5  5  58       
PG22 -23270.136789 -11098.366577   6138.187265     49.927450  5  5  4  60       
PG23  11721.445866  14744.122722  18822.824967    133.453895  5  8  7  77       
PG24      0.000000      0.000000      0.000000 999999.999999
PG25   2572.474537  15969.911727 -21438.501618    484.903371  5  2  4  75       
PG26  26545.861887   3370.868738   -509.633747    201.215278  4  5  5  63       
PG28  15016.327412   5104.967754 -21326.357517    -95.873116  6  6  7  55       
PG29   3651.795660  25856.157006  -4599.621125   -608.827103  6  7  5  91       
PG30 -10974.169740 -11464.380923  21409.699143   -446.632438  3  5  5  61       
PG31  19959.633839  -3530.331813 -17579.421026   -227.239967  3  5  3  49       
PG32  15419.935786  17957.191428 -12065.561874   -604.313127  3  5  6  67       
*  2024  1 11 20 30  0.00000000
PG01  12341.148453 -22514.664869  -6416.183881    165.841154  5  4  2  76       
PG02  15573.378836 -21245.244209   2682.197902   -502.319225  5  3  4  33       
PG03  12119.815910 -12176.124787 -20366.555185    119.448139  6  4  5  82       
PG04   4220.190586 -20483.721339 -16279.460964    263.560267  7  8  5  96       
PG05 -22322.381364   6940.139217  12522.905547   -157.603703  6  6  5  15       
PG06 -14769.211484  -4126.815924 -21627.583987    448.041330  4  7  6  91       
PG07   -120.228436 -20362.053580  17280.688067    -34.915204  4  5  2  65       
PG08   9916.777312 -13237.652029  20602.640297   -161.621173  5  5  6  86       
PG09  -6328.988203 -24963.687118  -6455.663319     55.731129  6  3  3  99       
PG10  21031.991955  10971.309073  12480.448915    -68.951250  7  5  6  75       
PG11 -19965.690494   6458.292097 -16227.911047   -536.254210  4  6  5  65       
PG12 -12942.698157  11810.942498 -20224.848425   -466.899588  7  7  5  70       
PG13 -14651.063922   2839.331519  21773.934758    614.883261  4  7  5  66       
PG14 -17767.460248 -13365.214641  14686.779530    296.028235  5  6  5  70       
PG15  -8524.898197  14446.177098  20061.211382    116.235958  5  6  4  56       
PG16  25718.066640    348.743367   7195.566369   -386.119229  2  2  8  79       
PG17 -12648.009163 -22179.176157  -6602.300725    720.094367  5 10  4  96       
PG18    301.427447  19460.316811  18002.448909   -529.705403  4  7  6  62       
PG19 -15614.442181 -15690.755020 -15123.812261    425.195023  6  9  5 101       
PG20 -26440.834780   1019.645974   -482.002623    392.013778  2  5  6  37       
PG21  17235.164000 -18397.293182   7067.981448    138.706410  5  5  5  90       
PG22 -22421.855708 -11143.842806   8839.151744     49.921351  5  4  4  55       
PG23   9511.417627  14551.323559  20156.390298    133.460606  5  8  7  87       
PG24      0.000000      0.000000      0.000000 999999.999999
PG25    188.638930  15659.588399 -21799.270114    484.904594  5  2  4  58       
PG26  26322.217834   3660.684413  -3274.564735    201.212153  4  5  5  78       
PG28  13567.535259   7091.526101 -21726.329234    -95.883222  6  6  7  62       
PG29   3247.350290  25267.185700  -7376.979466   -608.826660  7  7  4  94       
PG30  -9412.464907 -13308.026618  21057.969281   -446.628263  3  5  5  80       
PG31  18733.259575  -1884.198759 -19097.729987   -227.240081  3  4  3  53       
PG32  15689.910687  19204.979726  -9600.507727   -604.315738  3  5  6  66       
*  2024  1 11 20 45  0.00000000
PG01  12808.058655 -22834.397638  -3557.404463    165.841997  5  5  3  69       
PG02  15575.586559 -20762.254836   5514.180228   -502.314060  4  4  4  54       
PG03  14327.311978 -11882.870705 -19044.920165    119.471633  6  4  5  74       
PG04   5132.754898 -18730.731917 -18044.152603    263.569083  7  7  5  80       
PG05 -23625.562186   6689.470092  10070.188678   -157.605074  5  6  5  62       
PG06 -13321.001376  -6173.705493 -22065.652447    448.029599  3  6  6  94       
PG07   1088.137058 -21724.226655  15392.842827    -34.923561  5  5  2  69       
PG08  11079.841739 -11108.987869  21291.528535   -161.623030  5  5  6  78       
PG09  -5715.211837 -24282.231705  -9118.995579     55.742128  6  2  4  57       
PG10  19513.702417  10963.802505  14752.473233    -68.952719  7  5  6  62       
PG11 -18880.549609   4814.820583 -18002.180169   -536.266825  5  6  5  82       
PG12 -15085.048060  11357.952173 -18934.435906   -466.903081  7  7  5  74       
PG13 -15365.517800    428.788524  21482.265027    614.886766  4  7  5  90       
PG14 -15972.503228 -13348.860925  16621.553093    296.037451  5  6  5  89       
PG15  -9949.159539  12453.603753  20733.425980    116.239574  5  5  4  53       
PG16  26366.821037    678.734252   4465.754640   -386.112580  3  1  8  68       
PG17 -12664.440490 -22867.114581  -3800.072912    720.093428  5 10  3  83       
PG18   -970.428597  20955.511114  16192.931561   -529.713755  3  6  6  63       
PG19 -15978.307545 -17216.939189 -12924.447579    425.199735  7  9  5  95       
PG20 -26241.206585    708.024802  -3318.857299    392.011953  2  5  6  72       
PG21  17026.658086 -17447.359735   9754.797881    138.705220  5  5  5  89       
PG22 -21288.371407 -11175.346516  11387.900414     49.915502  5  4  4  74       
PG23   7161.607748  14471.732314  21145.344137    133.467289  5  7  6  86       
PG24      0.000000      0.000000      0.000000 999999.999999
PG25  -2230.312493  15470.888099 -21796.581904    484.905774  5  3  4  60       
PG26  25807.364417   3953.224970  -5984.493452    201.208993  4  5  5  58       
PG28  12211.085415   9171.041494 -21753.221777    -95.893344  6  6  7  63       
PG29   2705.739898  24411.784585 -10026.821028   -608.825961  7  6  4  85       
PG30  -7974.483946 -15178.571766  20346.717332   -446.624046  4  5  5  84       
PG31  17502.461284    -53.154207 -20296.764240   -227.240186  3  4  2  60       
PG32  15903.690637  20173.889228  -6970.801742   -604.318345  4  5  6  64       
*  2024  1 11 21  0  0.00000000
PG01  13080.434925 -22901.259771   -636.473074    165.842867  5  5  3  66       
PG02  15457.338168 -20002.098270   8251.029158   -502.309196  5  4  4  50       
PG03  16381.658274 -11717.733002 -17398.153187    119.495083  6  4  4  97       
PG04   6216.303384 -16864.962653 -19496.579215    263.577857  7  7  5  79       
PG05 -24650.906611   6505.059942   7443.727187   -157.605799  5  5  6  60       
PG06 -11974.996682  -8323.763195 -22121.635601    448.017880  4  6  6  86       
PG07   2112.090896 -22955.875799  13242.709582    -34.932021  5  5  2  52       
PG08  12376.061610  -8995.896876  21609.399078   -161.624754  6  5  6  86       
PG09  -4923.397619 -23379.195571 -11625.394517     55.753145  6  2  4  74       
PG10  17756.508796  11034.995774  16777.553362    -68.953657  7  6  6  86       
PG11 -17779.737709   2965.131644 -19465.540464   -536.279496  5  6  5  81       
PG12 -17088.625668  11034.561578 -17324.752354   -466.906482  7  7  5  61       
PG13 -16187.594003  -1886.453454  20814.859019    614.889773  4  6  5  74       
PG14 -13976.484396 -13411.099215  18272.778489    296.046653  5  5  5  74       
PG15 -11497.027325  10485.226076  21031.991111    116.243503  6  5  4  53       
PG16  26722.750074    934.195282   1660.673715   -386.105495  3  1  8  76       
PG17 -12584.313493 -23257.039250   -931.317427    720.092584  5 10  3  84       
PG18  -2040.922394  22331.309174  14102.885318   -529.722085  3  6  6  52       
PG19 -16326.644280 -18481.917328 -10508.798416    425.204745  7  9  5  93       
PG20 -25741.693778    341.158166  -6097.935034    392.010069  2  5  6  66       
PG21  16730.357456 -16228.110885  12267.944060    138.703765  6  4  5  87       
PG22 -19887.066395 -11229.925472  13741.656776     49.909773  5  4  4  71       
PG23   4717.904282  14521.396340  21772.297942    133.474026  5  7  6  76       
PG24      0.000000      0.000000      0.000000 999999.999999
PG25  -4638.113620  15407.158279 -21429.688456    484.906985  5  4  4  48       
PG26  25010.784484   4282.548970  -8593.994322    201.205830  4  5  5  69       
PG28  10974.016122  11302.799246 -21406.589411    -95.903468  6  7  7  34       
PG29   2001.079409  23321.178073 -12503.492000   -608.825594  8  6  4  79       
PG30  -6679.054394 -17033.943480  19287.226712   -446.619849  4  5  4  68       
PG31  16304.685586   1938.149344 -21155.845122   -227.240155  3  5  3  52       
PG32  16022.523470  20862.348076  -4221.869614   -604.321037  5  6  6  50       
*  2024  1 11 21 15  0.00000000
PG01  13188.597003 -22688.942602   2295.597465    165.843724  6  5  4  75       
PG02  15258.384849 -18963.629069  10846.411203   -502.304350  5  4  4  73       
PG03  18240.629157 -11659.560709 -15453.841647    119.518492  6  3  4  92       
PG04   7468.563911 -14933.304571 -20611.909905    263.586653  7  6  4  91       
PG05 -25379.662814   6351.797451   4689.117051   -157.607011  5  5  6  48       
PG06 -10759.271046 -10533.559923 -21794.235909    448.006159  4  5  7  91       
PG07   2958.249689 -24014.756935  10865.367556    -34.940495  5  5  2  59       
PG08  13784.153238  -6942.780598  21551.963296   -161.625692  6  5  7  95       
PG09  -3937.162416 -22291.199121 -13931.953483     55.764120  6  3  4  97       
PG10  15794.473233  11213.143635  18521.756260    -68.955057  7  6  6  75       
PG11 -16703.109674    933.821763 -20592.789976   -536.292137  5  6  5  96       
PG12 -18911.626180  10823.397113 -15422.232757   -466.909774  7  6  4  86       
PG13 -17091.734980  -4063.422179  19784.224052    614.893500  5  6  5  79       
PG14 -11816.508822 -13574.893095  19611.974765    296.055956  5  5  5  93       
PG15 -13141.547423   8582.776435  20951.953160    116.246789  6  5  4  65       
PG16  26775.936497   1151.125884  -1172.292558   -386.098449  4     8  29       
PG17 -12371.422076 -23360.939196   1953.690318    720.091412  6  9  4  60       
PG18  -2914.673067  23543.136659  11768.227126   -529.730457  3  5  6  39       
PG19 -16619.920803 -19474.435800  -7917.216167    425.209416  8  9  5  82       
PG20 -24958.156494   -114.518356  -8770.820295    392.008347  2  5  6  76       
PG21  16387.753463 -14749.902183  14564.680366    138.702937  6  4  5  88       
PG22 -18243.132131 -11341.515681  15861.437667     49.903855  5  4  4  60       
PG23   2229.091696  14708.457973  22025.988028    133.480760  5  6  6  88       
PG24      0.000000      0.000000      0.000000 999999.999999
PG25  -6988.491171  15463.988584 -20703.758004    484.908160  5  4  4  61       
PG26  23949.613913   4680.485892 -11059.357222    201.202671  5  6  5  66       
PG28   9876.216920  13442.321057 -20692.382924    -95.913563  6  7  7  68       
PG29   1114.085116  22032.611091 -14764.420630   -608.825165  8  6  4  70       
PG30  -5537.616736 -18830.084908  17896.780350   -446.615721  4  5  4  69       
PG31  15173.229087   4058.277360 -21659.758747   -227.240420  3  5  3  66       
PG32  16009.218342  21277.408130  -1400.911774   -604.323682  6  6  6  69       
*  2024  1 11 21 30  0.00000000
PG01  13168.014323 -22179.315860   5187.141803    165.844608  6  4  4  60       
PG02  15019.035732 -17654.309369  13256.984887   -502.299354  5  4  4  69       
PG03  19867.562910 -11680.631248 -13244.741257    119.541952  6  3  4  86       
PG04   8878.954001 -12982.620789 -21371.208784    263.595484  7  5  4  93       
PG05 -25801.750289   6192.260965   1853.953740   -157.608742  5  5  6  66       
PG06  -9694.284564 -12755.652735 -21088.846363    447.994419  4  5  7  93       
PG07   3640.631121 -24861.883687   8300.306452    -34.948664  5  5  2  42       
PG08  15276.000255  -4989.783635  21121.514644   -161.627738  6  5  7  88       
PG09  -2747.673080 -21058.862410 -15999.293145     55.775094  6  4  5  82       
PG10  13667.396497  11520.226082  19955.701115    -68.956647  7  6  5  79       
PG11 -15686.499686  -1247.192596 -21364.558780   -536.304798  6  6  6  78       
PG12 -20516.986130  10700.449348 -13258.324247   -466.913190  7  6  5  72       
PG13 -18046.171028  -6064.930479  18409.215341    614.896988  5  5  5  72       
PG14  -9534.412577 -13856.682750  20615.892186    296.065273  5  5  4  69       
PG15 -14849.522455   6783.172930  20495.474806    116.250508  6  5  4  61       
PG16  26524.885873   1366.783013  -3985.701641   -386.091562  4     8  33       
PG17 -11993.437688 -23199.172089   4804.908464    720.090562  6  9  5  37       
PG18  -3604.479783  24549.707892   9229.235866   -529.738855  3  4  6  52       
PG19 -16818.235356 -20191.690649  -5192.974289    425.213842  8  9  5  83       
PG20 -23914.448848   -688.787655 -11290.944080    392.006546  2  5  7  82       
PG21  16039.018535 -13031.549844  16606.951769    138.701409  6  4  5  80       
PG22 -16388.651119 -11539.533938  17712.615369     49.897890  5  4  4  63       
PG23   -254.822154  15032.774903  21901.500936    133.487435  4  5  6  86       
PG24      0.000000      0.000000      0.000000 999999.999999
PG25  -9236.698573  15629.360804 -19629.860607    484.909373  6  5  4  39       
PG26  22648.049028   5175.264980 -13339.260465    201.199493  5  5  5  42       
PG28   8929.782467  15542.915520 -19622.848501    -95.923621  6  7  6  78       
PG29     33.011037  20587.915246 -16770.846247   -608.824604  9  6  4  77       
PG30  -4553.911241 -20522.522226  16198.428863   -446.611562  4  5  3  59       
PG31  14136.024425   6269.969881 -21799.043687   -227.240807  4  5  3  73       
PG32  15829.697343  21434.289882   1443.900518   -604.326370  6  6  6  57       
*  2024  1 11 21 45  0.00000000
PG01  13057.752858 -21363.336918   7986.813941    165.845371  6  4  4  51       
PG02  14778.480430 -16089.961469  15443.049510   -502.294213  5  4  4  68       
PG03  21232.640710 -11747.819756 -10808.260930    119.565387  6  2  4  40       
PG04  10428.843933 -11058.048464 -21761.742007    263.604290  7  4  3  94       
PG05 -25916.034668   5988.357050  -1012.999723   -157.609835  5  5  7  10       
PG06  -8792.189271 -14940.265198 -20017.474880    447.982682  4  5  7  97       
PG07   4180.006353 -25463.076829   5590.854063    -34.957240  6  5  3  78       
PG08  16817.680482  -3171.434023  20326.798458   -161.629570  6  5  7  87       
PG09  -1354.171166 -19725.237708 -17792.217578     55.786055  6  5  5  90       
PG10  11419.486963  11971.001119  21055.021977    -68.957929  7  6  4  81       
PG11 -14760.358200  -3539.715234 -21767.639695   -536.317531  6  7  5  88       
PG12 -21873.672124  10636.082143 -10869.032364   -466.916652  7  5  5  63       
PG13 -19014.183745  -7860.798690  16714.633999    614.900427  5  4  6  66       
PG14  -7175.347019 -14265.642143  21266.925120    296.074550  5  4  4  86       
PG15 -16582.753136   5117.197502  19671.738310    116.254072  6  4  5  55       
PG16  25976.519186   1618.099787  -6732.779281   -386.085083  5     7  65       
PG17 -11423.304877 -22799.482956   7573.411354    720.090011  6  8  5  59       
PG18  -4130.635137  25314.623162   6529.852661   -529.747237  5  3  6  65       
PG19 -16882.923356 -20639.299986  -2381.610798    425.218826  8  8  6  64       
PG20 -22641.512427  -1406.273010 -13614.425732    392.005130  3  5  7  93       
PG21  15721.337587 -11099.605368  18361.917841    138.700416  6  4  5  93       
PG22 -14361.447675 -11847.675264  19265.384799     49.892203  5  4  4  68       
PG23  -2684.331494  15485.869716  21400.394917    133.494122  4  5  6  71       
PG24      0.000000      0.000000      0.000000 999999.999999
PG25 -11341.010859  15884.090874 -18224.870869    484.910576  6  6  5  62       
PG26  21136.509418   5790.281149 -15395.408576    201.196329  5  5  5  75       
PG28   8138.676245  17557.322153 -18216.320601    -95.933744  6  7  6  57       
PG29  -1245.712403  19031.914840 -18488.475611   -608.824098  9  7  5  88       
PG30  -3723.966765 -22067.972839  14220.655191   -446.607434  5  5  1  81       
PG31  13214.625089   8531.323097 -21570.203729   -227.240945  4  5  3  71       
PG32  15454.424659  21355.632907   4264.228032   -604.329070  7  6  6  63       
*  2024  1 11 22  0  0.00000000
PG01  12898.759941 -20241.609904  10644.582063    165.846262  6  4  5  92       
PG02  14573.199256 -14294.220524  17369.102474   -502.289441  6  4  4  86       
PG03  22313.919893 -11823.993472  -8185.861109    119.588791  6  2  5  92       
PG04  12092.140187  -9201.384276 -21777.173167    263.613116  7  4  4 100       
PG05 -25730.269716   5702.976738  -3862.650017   -157.610970  6  4  7  67       
PG06  -8056.470669 -17037.071508 -18598.547516    447.970933  4  5  7 108       
PG07   4602.968584 -25790.375245   2783.497756    -34.965813  5  5  3  65       
PG08  18370.718319  -1515.524908  19182.769963   -161.631314  7  5  8  93       
PG09    235.815352 -18334.167977 -19280.293561     55.797022  6  5  5  93       
PG10   9097.873471  12572.327490  21800.765020    -68.959367  7  6  3  72       
PG11 -13948.612888  -5900.555620 -21795.209983   -536.330213  7  7  5  79       
PG12 -22957.764921  10596.272236  -8294.385537   -466.920220  7  5  5  68       
PG13 -19955.567229  -9428.789724  14730.722149    614.903594  5  4  6  44       
PG14  -4786.237343 -14803.222040  21553.436429    296.083848  5  4  4  67       
PG15 -18299.493087   3608.453079  18496.688930    116.257868  5  4  5  53       
PG16  25145.875293   1940.136830  -9368.114757   -386.077649  5     7  49       
PG17 -10640.412454 -22195.765594  10212.215675    720.088850  6  7  5  50       
PG18  -4519.938832  25807.791773   3716.907653   -529.755608  5  3  5  52       
PG19 -16778.135144 -20830.976979    469.766902    425.223248  8  7  7  90       
PG20 -21176.201481  -2285.267058 -15700.864051    392.002838  3  5  7  72       
PG21  15467.425110  -8987.355949  19802.339252    138.699158  6  4  5  78       
PG22 -12203.755562 -12282.953281  20495.136798     49.886374  5  5  4  39       
PG23  -5012.145753  16051.213467  20530.712976    133.500792  4  5  5  55       
PG24      0.000000      0.000000      0.000000 999999.999999
PG25 -13264.127833  16202.552498 -16511.284221    484.911800  6  6  4  68       
PG26  19450.585497   6543.041683 -17193.128524    201.193150  6  5  6  60       
PG28   7498.716581  19439.386787 -16496.912069    -95.943873  6  7  6  54       
PG29  -2717.161307  17410.735497 -19888.056144   -608.823616  9  6  5  91       
PG30  -3036.395744 -23425.933639  11996.937105   -446.603329  5  5     71       
PG31  12423.428043  10797.158152 -20975.839260   -227.241081  5  5  3  64       
PG32  14859.661473  21070.484213   7012.353409   -604.331714  7  6  6  67       
*  2024  1 11 22 15  0.00000000
PG01  12732.058460 -18824.562329  13112.721350    165.847157  6  4  5  99       
PG02  14435.516536 -12297.716769  19004.304794   -502.284155  6  4  4  70       
PG03  23098.079663 -11869.579554  -5422.372874    119.612240  6  1  5  86       
PG04  13836.165313  -7449.615220 -21417.645434    263.621970  6  3  4 107       
PG05 -25260.713027   5301.605390  -6646.401901   -157.612517  6  4  7  56       
PG06  -7481.940186 -18997.014419 -16856.593080    447.959170  5  4  7  89       
PG07   4940.745524 -25823.245179    -72.894866    -34.974275  5  5  4  69       
PG08  19893.510093    -42.275279  17710.250858   -161.632317  8  6  8  82       
PG09   2006.580252 -16928.634296 -20438.345023     55.807998  6  6  5  86       
PG10   6751.012680  13322.783085  22179.715232    -68.961193  7  6  2  85       
PG11 -13267.797363  -8283.009811 -21446.940686   -536.342922  7  7  5  84       
PG12 -23753.295699  10544.036713  -5577.821280   -466.923569  7  5  5  26       
PG13 -20828.225912 -10755.224827  12492.569229    614.907066  5  4  6  56       
PG14  -2414.172125 -15462.998583  21469.986507    296.093037  5  4  4  76       
PG15 -19956.049825   2272.641338  16992.630885    116.261408  5  3  5  59       
PG16  24055.538836   2364.619080 -11848.319570   -386.070871  6  1  7  51       
PG17  -9631.500699 -21426.622848  12677.037917    720.088182  6  6  5  75       
PG18  -4804.450585  26006.622767    839.287723   -529.764006  6  2  5  55       
PG19 -16472.327918 -20787.913166   3313.208465    425.228108  8  6  7  77       
PG20 -19559.887309  -3336.815970 -17514.061516    392.001167  4  6  7  77       
PG21  15304.277139  -6733.603970  20906.829432    138.697536  6  4  5  84       
PG22  -9960.754477 -12855.011143  21382.740510     49.880107  5  5  4  70       
PG23  -7194.825109  16704.835347  19306.884573    133.507463  4  4  5  67       
PG24      0.000000      0.000000      0.000000 999999.999999
PG25 -14974.434015  16553.661994 -14516.943171    484.913021  6  7  4  53       
PG26  17629.807168   7444.331559 -18701.918217    201.190067  6  5  6  71       
PG28   6997.885086  21145.704781 -14494.106311    -95.954095  6  7  5  67       
PG29  -4367.934067  15770.081274 -20945.857464   -608.823110  9  7  5  75       
PG30  -2472.987671 -24560.187297   9565.211205   -446.599180  5  5     55       
PG31  11769.166187  13020.531962 -20024.690759   -227.241358  6  5  3  56       
PG32  14028.502153  20613.065443   9641.947240   -604.334407  7  6  5  83       
*  2024  1 11 22 30  0.00000000
PG01  12596.928321 -17132.223803  15346.778058    165.848101  6  5  5  95       
PG02  14392.344217 -10137.024401  20322.856827   -502.279192  6  4  4  77       
PG03  23580.847570 -11844.246936  -2565.247176    119.635709  5  2  5  74       
PG04  15622.799005  -5833.650121 -20689.750958    263.630791  6  3  5  85       
PG05 -24531.433995   4753.825119  -9316.964610   -157.613541  7  3  8  49       
PG06  -7055.079237 -20774.085177 -14821.814330    447.947414  5  5  7  86       
PG07   5227.796631 -25549.529092  -2927.945913    -34.982746  5  5  4  78       
PG08  21342.864713   1236.204463  15935.496031   -161.633988  8  6  8  72       
PG09   3934.661909 -15549.154988 -21246.856223     55.818901  6  6  5  87       
PG10   4427.045542  14212.595300  22184.647164    -68.962466  7  6  2  82       
PG11 -12726.480836 -10638.479726 -20728.992319   -536.355636  7  8  5  79       
PG12 -24252.799053  10440.997565  -2765.499421   -466.926998  7  5  5  41       
PG13 -21589.843819 -11835.261679  10039.444532    614.910336  5  4  6  49       
PG14   -104.783802 -16230.835862  21017.461212    296.102304  6  5  4  76       
PG15 -21508.459348   1117.186080  15187.693029    116.264794  5  3  5  54       
PG16  22734.817190   2918.606507 -14132.645946   -386.063994  6  2  7  27       
PG17  -8391.277177 -20533.786820  14926.974541    720.087501  6  5  5  35       
PG18  -5020.032239  25896.934330  -2052.938648   -529.772448  6  3  5  43       
PG19 -15939.617568 -20537.891605   6100.671183    425.232692  8  5  7  49       
PG20 -17836.898380  -4564.096224 -19022.667131    391.999298  5  6  7  86       
PG21  15252.193358  -4381.282890  21659.983823    138.696002  6  4  5  80       
PG22  -7679.029349 -13565.720234  21914.739067     49.874422  6  5  4  60       
PG23  -9194.275281  17416.237729  17749.514873    133.514120  4  4  5  72       
PG24      0.000000      0.000000      0.000000 999999.999999
PG25 -16447.067033  16902.094089 -12274.670788    484.914239  7  7  4  58       
PG26  15716.275907   8497.628219 -19895.940989    201.186921  6  5  6  65       
PG28   6616.945350  22637.169634 -12242.257967    -95.964222  7  7  5  22       
PG29  -6176.498194  14153.546580 -21644.054606   -608.822624  9  7  6  84       
PG30  -2009.581218 -25440.166194   6967.244588   -446.595076  5  5     76       
PG31  11250.694234  15154.338492 -18731.588121   -227.241621  6  5  4  83       
PG32  12951.655951  20021.366812  12108.800858   -604.337113  6  6  5  68       
*  2024  1 11 22 45  0.00000000
PG01  12529.155737 -15193.609832  17306.477592    165.848988  7  5  4 104       
PG02  14464.154008  -7853.420074  21304.287907   -502.274162  6  4  4  88       
PG03  23767.086962 -11708.637185    336.254440    119.659217  5  3  5  69       
PG04  17409.835318  -4377.298918 -19606.389989    263.639613  6  3  6  79       
PG05 -23573.343653   4034.653903 -11829.124419   -157.614786  7  3  8  39       
PG06  -6754.721208 -22326.994856 -12529.553432    447.935655  5  5  7  89       
PG07   5500.248216 -24966.083472  -5730.712350    -34.991411  5  5  4  84       
PG08  22675.599412   2316.128732  13889.682552   -161.634546  8  6  8  84       
PG09   5989.563858 -14232.296515 -21692.278890     55.829860  7  7  5  97       
PG10   2172.160036  15223.889546  21814.494232    -68.963793  6  6  3  83       
PG11 -12325.019917 -12918.168420 -19653.897658   -536.368331  7  8  5  92       
PG12 -24457.556690  10249.025698     94.450195   -466.930401  7  5  5  35       
PG13 -22199.558863 -12672.830379   7414.071633    614.913807  4  5  6  73       
PG14   2099.318889 -17085.359072  20203.094216    296.111525  6  5  4  89       
PG15 -22914.160592    141.210077  13115.184941    116.268164  5  4  5  76       
PG16  21218.696965   3623.341859 -16183.562414   -386.056981  7  2  7  75       
PG17  -6922.726007 -19560.462203  16925.099465    720.086588  6  5  5  42       
PG18  -5204.738144  25473.544216  -4909.421824   -529.780818  7  3  4  32       
PG19 -15160.939811 -20114.158798   8784.786610    425.237497  7  3  7  86       
PG20 -16052.859248  -5962.109119 -20200.725516    391.997886  5  6  6  72       
PG21  15324.090971  -1975.967949  22052.401411    138.695532  6  4  5  76       
PG22  -5405.006427 -14409.073704  22083.463516     49.868540  6  5  3  67       
PG23 -10979.042907  18149.583574  15885.062455    133.520832  4  4  5  78       
PG24      0.000000      0.000000      0.000000 999999.999999
PG25 -17664.750948  17209.688776  -9821.810067    484.915442  7  7  4  51       
PG26  13753.207388   9698.788629 -20754.459757    201.183762  6  4  5  56       
PG28   6330.347820  23880.367966  -9780.009989    -95.974327  7  7  5  61       
PG29  -8113.853793  12601.027164 -21971.008183   -608.821947  9  7  6  96       
PG30  -1617.183373 -26042.117776   4247.922993   -446.590966  6  5  1  81       
PG31  10859.081824  17152.943794 -17117.300242   -227.241984  6  5  4  67       
PG32  11627.947903  19335.620718  14371.517419   -604.339762  6  7  5  74       
*  2024  1 11 23  0  0.00000000
PG01  12559.429331 -13045.732705  18956.550098    165.849926  7  6  5 113       
PG02  14664.206933  -5491.497883  21933.664610   -502.268953  7  4  5 102       
PG03  23670.538599 -11426.076097   3231.914285    119.682720  6  4  5  60       
PG04  19152.503109  -3096.536722 -18186.523980    263.648368  6  4  6  96       
PG05 -22422.985529   3125.672509 -14140.472873   -157.616351  7  3  8  65       
PG06  -6553.043777 -23620.670628 -10019.661843    447.923888  6  5  7  65       
PG07   5794.230283 -24079.066491  -8430.685703    -34.999519  6  6  4  89       
PG08  23850.130136   3201.933571  11608.333283   -161.635452  7  6  8  95       
PG09   8134.745227 -13009.351463 -21767.240079     55.840791  7  7  5 101       
PG10     29.018159  16331.251510  21074.431092    -68.965366  6  6  4  87       
PG11 -12055.641099 -15074.786232 -18240.334381   -536.380991  7  8  6  99       
PG12 -24377.516732   9931.901760   2952.735747   -466.933881  7  5  5  69       
PG13 -22619.577262 -13280.236266   4661.860279    614.917080  5  5  6  30       
PG14   4160.006628 -17998.722901  19040.380855    296.120798  6  5  5  91       
PG15 -24133.598725   -664.143433  10812.866385    116.271763  5  4  6  49       
PG16  19546.616506   4493.312414 -17967.284196   -386.049920  8  3  7  93       
PG17  -5237.107138 -18549.655571  18638.976259    720.085806  6  6  4  67       
PG18  -5397.119386  24740.516592  -7680.438438   -529.789170  7  4  4  31       
PG19 -14124.975368 -19554.093296  11319.634060    425.242141  7  2  7  70       
PG20 -14252.995063  -7517.704883 -21028.122234    391.995895  6  7  7  81       
PG21  15525.119526    435.661327  22080.614022    138.694398  6  4  6  83       
PG22  -3183.418788 -15371.372370  21887.070059     49.862645  6  6  3  76       
PG23 -12525.359874  18865.111858  13745.408661    133.527497  5  5  5  76       
PG24      0.000000      0.000000      0.000000 999999.999999
PG25 -18618.357881  17437.000531  -7199.669762    484.916660  7  7  4  68       
PG26  11783.435249  11036.022748 -21262.204281    201.180566  6  5  5  74       
PG28   6107.385774  24848.767504  -7149.636530    -95.984456  7  8  5   3       
PG29 -10144.487347  11147.289956 -21921.438596   -608.821348  9  7  7  99       
PG30  -1263.293036 -26350.021890   1454.466947   -446.586897  6  4  2  50       
PG31  10578.016883  18973.794747 -15208.280360   -227.242261  7  5  5  61       
PG32  10064.522732  18596.711249  16392.153916   -604.342375  5  7  5  83       
*  2024  1 11 23 15  0.00000000
PG01  12711.956160 -10732.279810  20267.449251    165.850890  8  7  6 110       
PG02  14998.059819  -3097.690057  22201.722748   -502.263819  7  4  5  96       
PG03  23313.223340 -10964.197247   6071.443006    119.706269  6  5  6  84       
PG04  20805.090998  -1999.078399 -16454.828496    263.657175  6  4  7  98       
PG05 -21121.134602   2015.898889 -16212.081435   -157.617680  8  4  8  66       
PG06  -6416.831239 -24627.517544  -7335.786880    447.912056  6  6  7  60       
PG07   6144.187015 -22903.851108 -10978.820973    -35.008025  6  6  4  90       
PG08  24827.998096   3905.864514   9130.687201   -161.636576  8  7  8  69       
PG09  10328.843439 -11905.232211 -21470.648956     55.851758  7  7  5 104       
PG10  -1964.695686  17502.587835  19975.863758    -68.967090  6  6  5  87       
PG11 -11902.849547 -17064.202462 -16512.792181   -536.393705  8  7  7  92       
PG12 -24030.885709   9456.928369   5759.755057   -466.937506  7  5  4  62       
PG13 -22816.667175 -13677.451030   1830.110924    614.920553  5  5  6  68       
PG14   6044.917003 -18937.648120  17548.882271    296.130061  6  6  5  87       
PG15 -25131.692393  -1315.068653   8322.153929    116.275402  5  5  6  73       
PG16  17761.095729   5535.555908 -19454.256288   -386.043060  8  4  6  93       
PG17  -3353.653260 -17542.550865  20041.084739    720.085257  7  6  4  51       
PG18  -5634.511206  23711.054901 -10317.787139   -529.797529  7  5  4  46       
PG19 -12828.800995 -18897.716902  13661.510606    425.246959  7  3  7  68       
PG20 -12480.469311  -9209.934605 -21490.917963    391.994356  7  7  7  79       
PG21  15852.574794   2807.353017  21746.938574    138.693245  6  4  6  91       
PG22  -1055.851188 -16431.691674  21329.505410     49.856906  7  6  2  70       
PG23 -13817.894146  19520.726898  11367.324062    133.534197  5  5  6  51       
PG24      0.000000      0.000000      0.000000 999999.999999
PG25 -19307.169981  17544.933488  -4452.879675    484.917791  7  7  4  69       
PG26   9847.928707  12490.158035 -21409.664886    201.177430  7  5  5  71       
PG28   5913.557553  25523.652454  -4396.322339    -95.994609  7  8  5  17       
PG29 -12227.578724   9820.754932 -21496.493142   -608.820858  9  7  8 105       
PG30   -913.377026 -26356.219842  -1364.409953   -446.582813  6  4  3  77       
PG31  10384.510494  20578.940007 -13036.304383   -227.242519  7  5  6  71       
PG32   8276.745838  17844.577145  18136.807598   -604.345024  5  7  6  81       
*  2024  1 11 23 30  0.00000000
PG01  13003.360768  -8302.016149  21215.943385    165.851836  9  7  7 102       
PG02  15463.359146   -718.743445  22104.928092   -502.258872  7  4  6  81       
PG03  22724.526623 -10296.411041   8805.377477    119.729797  6  6  6  85       
PG04  22322.614677  -1084.277360 -14441.253181    263.665956  6  4  7  95       
PG05 -19711.257478    702.379353 -18009.114630   -157.619064  9  5  7  93       
PG06  -6308.955407 -25328.395892  -4524.589180    447.900256  6  6  7  62       
PG07   6581.237556 -21464.556587 -13328.565583    -35.016662  6  6  5  92       
PG08  25575.278088   4447.276609   6499.028123   -161.637271  8  7  8  84       
PG09  12527.083309 -10937.620581 -20807.702064     55.862650  8  7  5 107       
PG10  -3777.550517  18700.259026  18536.322647    -68.968485  5  6  6  82       
PG11 -11844.147118 -18846.979573 -14501.140773   -536.406406  8  7  8  77       
PG12 -23443.403264   8796.428044   8466.476204   -466.940874  7  6  4  76       
PG13 -22763.476768 -13891.124698  -1032.793734    614.924028  5  5  7  90       
PG14   7728.523108 -19864.688432  15753.920603    296.139299  6  6  6  97       
PG15 -25879.108890  -1834.171550   5687.288167    116.278591  5  5  7  83       
PG16  15906.268433   6749.233497 -20619.586950   -386.036103  8  4  6  73       
PG17  -1298.981762 -16576.987030  21109.163295    720.084199  7  7  3  71       
PG18  -5951.373603  22407.045043 -12775.654330   -529.805841  7  6  4  87       
PG19 -11278.236846 -18186.101322  15769.685996    425.251693  7  4  7  65       
PG20 -10774.820384 -11010.714859 -21581.566758    391.992662  7  7  7  77       
PG21  16296.100496   5094.759777  21059.266287    138.692432  7  4  7  68       
PG22    940.589595 -17562.610336  20420.404533     49.850992  7  6  1  73       
PG23 -14850.175837  20073.699668   8791.840020    133.540858  6  6  6  65       
PG24      0.000000      0.000000      0.000000 999999.999999
PG25 -19738.824278  17496.400206  -1628.661322    484.918994  7  6  4  53       
PG26   7984.377191  14035.189835 -21193.305904    201.174305  7  5  5  76       
PG28   5712.082144  25894.770152  -1567.390610    -96.004790  7  8  6  73       
PG29 -14318.415120   8642.533662 -20703.706483   -608.820543  9  7  8 111       
PG30   -532.438986 -26061.726261  -4159.384195   -446.578678  7  4  4  74       
PG31  10249.882478  21936.402527 -10638.001619   -227.242554  7  4  6  71       
PG32   6287.805746  17116.665371  19576.141040   -604.347772  5  8  6  83       
*  2024  1 11 23 45  0.00000000
PG01  13441.916870  -5806.981351  21785.562615    165.852782 10  8  8  97       
PG02  16049.923923   1599.798519  21645.470318   -502.253960  7  5  6  72       
PG03  21939.998861  -9403.158091  11385.974319    119.753258  7  7  6  78       
PG04  23662.463266   -343.349923 -12180.497226    263.674735  7  4  8 112       
PG05 -18237.891050   -809.523727 -19501.374867   -157.620095  9  6  7  80       
PG06  -6190.014799 -25713.275909  -1634.906722    447.888450  7  6  7  78       
PG07   7131.664275 -19793.210295 -15436.856738    -35.025052  6  7  5 105       
PG08  26063.819247   4851.677055   3757.982630   -161.639869  8  7  8  77       
PG09  14682.820078 -10116.404090 -19789.787868     55.873627  8  7  5 111       
PG10  -5385.419114  19882.447784  16779.254546    -68.969395  5  6  6  72       
PG11 -11851.030601 -20389.731602 -12240.106829   -536.419091  7  7  8  78       
PG12 -22647.322902   7929.063682  11025.330395   -466.944296  7  7  3  83       
PG13 -22439.629811 -13953.360531  -3878.196868    614.927636  6  5  7  99       
PG14   9192.940448 -20739.679950  13686.168110    296.148545  6  7  6  99       
PG15 -26353.302104  -2249.307927   2954.483587    116.282194  6  5  8  99       
PG16  14026.365047   8125.484813 -21443.428836   -386.028914  9  5  6  76       
PG17    893.752170 -15686.088033  21826.469463    720.083459  7  7  4  68       
PG18  -6377.752823  20858.267636 -15011.432362   -529.814186  7  7  4  90       
PG19  -9487.870771 -17459.728451  17607.129718    425.256508  7  5  7  68       
PG20  -9170.557806 -12885.777368 -21299.016319    391.990789  7  7  7  87       
PG21  16838.158876   7256.816862  20030.801067    138.691368  7  4  7  69       
PG22   2774.437375 -18731.174140  19174.924211     49.845171  8  6  2  75       
PG23 -15624.680018  20482.413735   6063.535656    133.547532  6  7  6  80       
PG24      0.000000      0.000000      0.000000 999999.999999
PG25 -19928.934953  17257.937851   1223.976888    484.920149  7  6  5  79       
PG26   6225.894048  15639.102362 -20615.692218    201.171152  7  5  5  66       
PG28   5465.509119  25960.663849   1288.507779    -96.014924  8  8  6           
PG29 -16369.958244   7625.759274 -19556.856458   -608.819588  9  7  8 105       
PG30    -86.616625 -25476.207783  -6881.428531   -446.574593  7  4  4  85       
PG31  10140.994668  23021.346416  -8054.280079   -227.242769  7  4  6  55       
PG32   4128.032330  16446.490329  20685.840615   -604.350487  5  8  7  84       
EOF
