#cP2024  1 27  0  0  0.00000000      96 ORBIT IGS20 HLM  IGS
## 2298 518400.00000000   900.00000000 60336 0.0000000000000
+   31   G01G02G03G04G05G06G07G08G09G10G11G12G13G14G15G16G17
+        G18G19G20G21G22G23G24G25G26G28G29G30G31G32  0  0  0
+          0  0  0  0  0  0  0  0  0  0  0  0  0  0  0  0  0
+          0  0  0  0  0  0  0  0  0  0  0  0  0  0  0  0  0
+          0  0  0  0  0  0  0  0  0  0  0  0  0  0  0  0  0
++         2  2  2  2  2  1  1  2  2  2  2  2  2  2  2  2  2
++         2  2  2  2  2  2  1  2  2  1  2  2  2  2  0  0  0
++         0  0  0  0  0  0  0  0  0  0  0  0  0  0  0  0  0
++         0  0  0  0  0  0  0  0  0  0  0  0  0  0  0  0  0
++         0  0  0  0  0  0  0  0  0  0  0  0  0  0  0  0  0
%c G  cc GPS ccc cccc cccc cccc cccc ccccc ccccc ccccc ccccc
%c cc cc ccc ccc cccc cccc cccc cccc ccccc ccccc ccccc ccccc
%f  1.2500000  1.025000000  0.00000000000  0.000000000000000
%f  0.0000000  0.000000000  0.00000000000  0.000000000000000
%i    0    0    0    0      0      0      0      0         0
%i    0    0    0    0      0      0      0      0         0
/* FINAL ORBIT COMBINATION FROM WEIGHTED AVERAGE OF:        
/* cod emr esa gfz grg jgx jpl mit ngs sio                  
/* REFERENCED TO GPS CLOCK AND TO WEIGHTED MEAN POLE:       
/* PCV:IGS20      OL/AL:FES2014b NONE     Y  ORB:CMB CLK:CMB
*  2024  1 27  0  0  0.00000000
PG01  17423.163050   5097.637013  19175.541179    167.309221  7 11  8  88       
PG02  20022.878469  10575.933405  14581.906284   -494.900751  6 10  4  79       
PG03  16566.261057  -1601.188871  20528.714168    152.973654  6  8  7 101       
PG04  26518.485947   1695.937008   1810.435432    276.254231  8  6  7  89       
PG05 -11410.380560 -10535.760386 -21706.801689   -159.464868  9  8  5  81       
PG06  -3799.069134 -23000.311953  12696.865334    430.409211  7  5  5  40       
PG07  12145.569572  -9252.467932 -21225.824526    -47.098050  9  5  3 107       
PG08  23931.262607   6155.214878 -10378.632272   -164.040061  5  9 10  62       
PG09  23273.652326  -8075.193819 -10090.501555     71.804425  7  8  5  75       
PG10 -10094.367638  24045.432044   4209.081525    -70.892946  7  4  6  38       
PG11 -11570.498857 -23882.542064   1636.223835   -554.363190  8  5  8 100       
PG12 -16887.734021    227.751106  20196.589952   -471.887434  6  6  5  77       
PG13 -16427.973424 -13312.553926 -16410.194697    619.730021  8  5  9  91       
PG14  13192.151138 -22932.605083    379.050366    309.391461  6  3  4  56       
PG15 -24190.493282  -4104.144569 -10915.606624    121.334178  8 10  9  77       
PG16   5587.014005  16710.194881 -20064.842789   -375.869556  7  9  5  60       
PG17  12691.994495 -13026.919364  19835.326720    718.811684  8  6  5  97       
PG18 -10917.740778  10599.886773 -21735.293869   -541.591123  6  5  5  90       
PG19   2190.220377 -14772.749556  21766.387513    432.095168 10  5  5  95       
PG20  -3383.700710 -22007.036013 -14545.785328    389.843754 10 10  4 119       
PG21  20090.366066  15101.893514  10462.143611    137.075858  6  7  6  19       
PG22   8883.262715 -23814.631630   8634.746797     41.469268  6  3  6  96       
PG23 -16229.954111  19163.668789  -8329.737427    143.376982  6  5  7  98       
PG24 -20182.445340 -12492.809928  11918.770001   -421.142315  6  7  8  89       
PG25 -18208.536760  12193.223637  14474.761498    486.616579  5  6  7  85       
PG26   -568.913920  23371.944158 -12395.481434    196.494300  5  6  5  73       
PG28   2085.452758  22032.077372  14665.596374   -111.055248  8  2  6  84       
PG29 -24543.505783   4808.211209  -9137.730218   -608.090274  9  6  5  99       
PG30   4101.007076 -18929.915133 -17933.326333   -440.480887  8  7  6 109       
PG31   8629.897480  24033.387157   6278.497199   -227.515091  6  4  8  68       
PG32  -8149.988178  14688.610519  20720.875503   -607.894654  7  6  3  83       
*  2024  1 27  0 15  0.00000000
PG01  18480.769531   6970.177659  17585.886544    167.310336  7 10  8  86       
PG02  20787.189175  11824.838571  12318.334363   -494.895594  6 10  5  64       
PG03  15514.046733    584.385471  21391.295554    152.996416  6  8  7 103       
PG04  26156.457829   1933.504470   4634.723311    276.262866  7  6  6 100       
PG05 -10366.435012 -12707.529255 -21044.594496   -159.466012  9  7  5  81       
PG06  -2843.034923 -21744.978062  14976.835866    430.396668  7  5  5  41       
PG07  13539.089737  -7131.060682 -21243.894807    -47.106179  8  5  3  94       
PG08  22653.048155   6460.659795 -12766.220728   -164.041567  6  9 10  33       
PG09  24282.482978  -7915.265549  -7487.008793     71.815579  7  8  4  64       
PG10 -10421.347663  24210.334025   1314.750172    -70.894565  6  4  6  58       
PG11 -11193.862366 -23701.339744   4471.417984   -554.375414  8  5  7  92       
PG12 -15708.562107  -1886.058716  21038.340832   -471.890705  7  6  5  76       
PG13 -14491.058383 -13262.254455 -18181.793280    619.733227  8  5  9  87       
PG14  13406.655884 -22676.460420  -2455.114710    309.400547  6  3  4 105       
PG15 -22953.174935  -4606.356279 -13226.949871    121.337625  8  9  9  43       
PG16   4323.713499  18478.583121 -18720.207802   -375.862227  7  8  6  33       
PG17  14790.146037 -12908.566595  18387.222878    718.810450  8  6  6  91       
PG18 -12259.015978   8489.098474 -21961.814668   -541.599131  6  5  5  89       
PG19   4698.132412 -14597.112682  21457.147072    432.099781  9  5  5  90       
PG20  -2728.189083 -23419.530522 -12332.664205    389.842096 10  9  5 120       
PG21  20565.513250  15953.638596   7915.592574    137.074630  6  7  6  77       
PG22   9475.624852 -24359.337693   5956.001922     41.463407  6  2  6  82       
PG23 -15934.733450  18076.613517 -10934.546172    143.383860  5  5  7  94       
PG24 -20761.808476 -13657.923965   9521.216589   -421.148333  6  7  7 101       
PG25 -17596.480496  10447.499492  16443.884056    486.617718  4  6  7  84       
PG26  -1348.578872  24432.808770 -10000.673846    196.490921  6  6  5  75       
PG28    914.660286  20659.845040  16645.394978   -111.065962  8  2  6  83       
PG29 -25420.684711   4589.448681  -6450.134648   -608.089243  9  6  5  99       
PG30   5420.094921 -17198.804303 -19291.125420   -440.476596  8  7  5  97       
PG31   7906.101350  23413.200153   8958.625917   -227.515335  6  3  8  72       
PG32 -10426.208450  14723.866953  19617.944358   -607.896976  6  7  3  42       
*  2024  1 27  0 30  0.00000000
PG01  19526.377830   8612.862337  15689.655454    167.311473  6 10  9  84       
PG02  21444.642636  12835.023607   9850.728364   -494.890519  5 10  6  76       
PG03  14552.866051   2894.592011  21880.412284    153.019191  6  8  6 104       
PG04  25493.982521   2213.681537   7379.902915    276.271472  7  6  6  95       
PG05  -9474.125898 -14845.217142 -20025.119454   -159.467287  9  7  5  90       
PG06  -1675.887508 -20347.887881  16998.956556    430.384162  6  4  5  72       
PG07  15020.236209  -5100.976135 -20880.374870    -47.114529  8  5  3  88       
PG08  21138.946097   6868.963277 -14939.760038   -164.042687  6  8  9  36       
PG09  25000.135615  -7767.299539  -4755.448322     71.826717  7  8  4  67       
PG10 -10607.298600  24087.821558  -1602.625386    -70.895848  6  5  6  28       
PG11 -10633.317095 -23276.646550   7229.913544   -554.387610  8  4  7  70       
PG12 -14605.053338  -4124.631090  21508.265220   -471.894167  7  6  5  87       
PG13 -12372.524480 -13312.286657 -19647.683475    619.736999  8  5  8 109       
PG14  13497.026503 -22142.559541  -5246.527819    309.409645  5  3  5  49       
PG15 -21507.269814  -5228.255041 -15318.908698    121.340919  7  9  9  81       
PG16   3232.508757  20166.264587 -17056.946644   -375.855053  7  8  6  14       
PG17  16715.140478 -12896.004739  16634.437398    718.809788  8  7  6  93       
PG18 -13714.109211   6452.118260 -21809.830925   -541.607073  7  5  5  84       
PG19   7157.948892 -14553.929805  20770.829274    432.104530  9  5  4  93       
PG20  -2208.640422 -24608.653891  -9908.438364    389.841077  9  8  5 113       
PG21  20895.492479  16565.223900   5242.262139    137.073492  6  7  6  61       
PG22   9893.886634 -24666.972923   3177.581737     41.457531  6  3  7  77       
PG23 -15591.668760  16710.412451 -13349.076353    143.390806  6  5  7  93       
PG24 -21212.028075 -14580.206772   6960.719742   -421.154421  6  6  7 105       
PG25 -16990.207026   8480.255644  18119.980349    486.618894  4  6  7  40       
PG26  -1986.044863  25264.883125  -7431.312638    196.487571  5  6  5  63       
PG28   -454.967540  19186.957673  18338.316235   -111.076720  8  2  5  66       
PG29 -25998.673238   4407.555152  -3652.331058   -608.088799  9  7  5  87       
PG30   6897.916754 -15424.006342 -20311.177129   -440.472275  7  7  5  96       
PG31   6980.656336  22585.935678  11479.696573   -227.515579  6  2  8  81       
PG32 -12558.149509  14861.141821  18180.934870   -607.899239  6  7  3  18       
*  2024  1 27  0 45  0.00000000
PG01  20516.552414  10009.229397  13521.191598    167.312594  6  9  9  78       
PG02  21954.500604  13609.897350   7219.280090   -494.885318  5  9  6  68       
PG03  13709.036823   5285.325761  21987.777028    153.041918  6  8  4 104       
PG04  24547.364763   2571.300377   9999.099048    276.280139  7  5  6  96       
PG05  -8736.936619 -16901.157300 -18665.194623   -159.468734  9  7  5 100       
PG06   -297.169948 -18855.337712  18728.781871    430.371706  6  4  5  65       
PG07  16555.539402  -3199.732582 -20143.540165    -47.122686  8  5  3  79       
PG08  19422.467477   7403.679142 -16862.480383   -164.043793  6  8  9  57       
PG09  25417.905226  -7594.233995  -1942.477248     71.837877  7  8  3  14       
PG10 -10688.095434  23662.278061  -4491.793674    -70.896931  6  5  6  47       
PG11  -9866.163041 -22639.680931   9864.419824   -554.399870  8  4  7  82       
PG12 -13605.640861  -6446.174140  21598.061917   -471.897659  7  5  5  82       
PG13 -10113.411831 -13483.146095 -20783.139559    619.740186  8  5  8  96       
PG14  13499.048035 -21323.954134  -7946.585416    309.418762  5  4  5  71       
PG15 -19888.621631  -5987.527020 -17157.596784    121.344427  7  9  8  88       
PG16   2313.374568  21727.265315 -15101.811023   -375.847976  7  7  6  51       
PG17  18430.466927 -12963.750479  14605.403245    718.808423  8  6  6  96       
PG18 -15252.227785   4528.436297 -21282.521176   -541.615016  7  5  5  96       
PG19   9519.902397 -14633.582545  19718.643539    432.109198  9  5  4  93       
PG20  -1800.375776 -25543.436688  -7314.821995    389.839777  9  8  5 104       
PG21  21044.646291  16950.021213   2484.710420    137.072301  6  7  6  72       
PG22  10164.999643 -24710.691855    345.759526     41.451744  6  3  6  32       
PG23 -15241.183000  15079.551286 -15531.465060    143.397685  6  5  7  88       
PG24 -21498.073136 -15268.532285   4281.769079   -421.160527  6  6  7 102       
PG25 -16424.929502   6321.113515  19473.009162    486.620050  5  6  7  59       
PG26  -2504.820329  25838.804156  -4731.880026    196.484250  6  5  5  68       
PG28  -2015.983240  17658.087435  19715.132040   -111.087466  7  2  5  66       
PG29 -26267.521544   4224.849045   -792.101139   -608.088519  9  7  5  81       
PG30   8517.984631 -13649.190463 -20976.164999   -440.467959  7  7  4  72       
PG31   5841.242220  21589.805703  13796.827260   -227.515580  6  2  8  93       
PG32 -14506.225416  15076.438586  16433.490946   -607.901519  5  7  3  49       
*  2024  1 27  1  0  0.00000000
PG01  21407.232248  11152.055959  11119.253241    167.313700  5  9  9  88       
PG02  22278.513541  14160.708158   4467.193798   -494.880066  5  9  6  69       
PG03  13001.310151   7708.535205  21711.859353    153.064630  6  7  3 104       
PG04  23340.829274   3037.531597  12447.552494    276.288741  7  5  6 104       
PG05  -8150.181980 -18828.636760 -16987.415928   -159.469879  9  7  5  99       
PG06   1284.769994 -17314.268692  20136.967330    430.359221  6  4  5  82       
PG07  18106.744721  -1458.089465 -19048.473649    -47.131170  8  5  4  82       
PG08  17542.262760   8081.964398 -18501.614394   -164.047899  6  7  8  71       
PG09  25535.773285  -7358.750121    903.775437     71.848976  6  8  3  59       
PG10 -10702.525420  22927.208906  -7301.774255    -70.897994  6  4  6  54       
PG11  -8876.791603 -21826.885527  12329.783078   -554.412105  7  4  7  63       
PG12 -12731.696510  -8804.564869  21306.323518   -471.900844  8  5  5  93       
PG13  -7758.690404 -13788.070927 -21568.846637    619.743636  8  5  7 102       
PG14  13450.061684 -20222.318234 -10508.305187    309.427866  5  4  5  87       
PG15 -18136.692204  -6895.232252 -18713.333495    121.347707  6  9  8  65       
PG16   1558.331204  23117.411447 -12886.841472   -375.840671  7  6  7  27       
PG17  19905.591942 -13080.791810  12333.135231    718.807643  8  6  6 104       
PG18 -16836.782827   2751.547070 -20389.501689   -541.623040  8  5  5  83       
PG19  11737.181272 -14818.567702  18318.451755    432.114264  8  5  4  98       
PG20  -1473.644553 -26199.743723  -4596.300295    389.838267  9  7  5  89       
PG21  20981.242815  17128.145467   -312.911152    137.071105  6  7  6  55       
PG22  10320.706603 -24470.614128  -2491.864783     41.446125  5  3  6  49       
PG23 -14921.364866  13207.159077 -17443.988640    143.404648  7  5  7 100       
PG24 -21588.640643 -15739.206929   1530.339398   -421.166619  7  6  6  92       
PG25 -15931.143876   4006.723527  20478.874779    486.621168  5  6  7  54       
PG26  -2933.345687  26132.098099  -1949.419697    196.480891  5  5  5  80       
PG28  -3752.631821  16117.122539  20752.062553   -111.098197  7  2  5  43       
PG29 -26226.186306   4002.931327   2081.669092   -608.087824  8  6  5  92       
PG30  10256.490967 -11915.345947 -21275.120798   -440.463648  7  7  4 101       
PG31   4483.764064  20466.614590  15868.843359   -227.515819  6  3  7  88       
PG32 -16236.520391  15339.877123  14404.660629   -607.903852  5  7  3  68       
*  2024  1 27  1 15  0.00000000
PG01  22155.473127  12043.348211   8526.250027    167.314774  5  8  9  91       
PG02  22382.441947  14506.025729   1640.081924   -494.874872  5  9  7  63       
PG03  12440.208518  10113.922261  21057.889482    153.087368  6  7  3 105       
PG04  21905.649768   3638.498100  14683.369215    276.297390  7  5  6 107       
PG05  -7701.300431 -20583.540984 -15019.823412   -159.471090  8  6  6  86       
PG06   3052.930033 -15770.503737  21199.744413    430.346803  6  3  4  92       
PG07  19632.309116    100.925513 -17616.630955    -47.139390  7  5  4  56       
PG08  15540.802038   8913.755605 -19828.937664   -164.049091  6  7  8  86       
PG09  25362.354886  -7024.894845   3734.518963     71.860123  5  8  3  78       
PG10 -10690.565184  21885.639867  -9982.824035    -70.898906  7  4  6  68       
PG11  -7657.477371 -20878.472744  14583.751343   -554.424341  7  3  6  40       
PG12 -11996.760431 -11151.001968  20638.550399   -471.904275  8  5  5  92       
PG13  -5355.752394 -14232.452770 -21991.216874    619.746975  9  5  6  95       
PG14  13387.335255 -18848.009560 -12887.171106    309.436996  4  4  6  82       
PG15 -16293.196965  -7955.271867 -19961.027699    121.351263  6  9  7  77       
PG16    951.854499  24295.984611 -10448.930453   -375.833576  7  6  7  53       
PG17  21116.976176 -13211.821555   9854.786589    718.806343  8  6  6  93       
PG18 -18426.719076   1147.852106 -19146.624495   -541.631014  8  5  5  88       
PG19  13767.612370 -15084.230236  16594.480718    432.118881  8  6  4  97       
PG20  -1194.967955 -26561.131735  -1799.373948    389.836889  8  7  5  91       
PG21  20678.735090  17125.655777  -3105.407085    137.070091  6  7  6  58       
PG22  10396.208204 -23934.716106  -5287.103505     41.440082  5  3  6  96       
PG23 -14666.375419  11124.262996 -19053.722956    143.411617  7  5  7  89       
PG24 -21457.386686 -16015.096757  -1246.885338   -421.172743  7  6  6 102       
PG25 -15533.356341   1579.492562  21119.898791    486.622306  5  6  6  50       
PG26  -3303.674602  26130.107075    867.312474    196.477550  6  5  5  68       
PG28  -5641.266029  14605.532511  21431.190477   -111.109049  7  1  4  45       
PG29 -25882.539429   3704.351166   4919.808669   -608.087349  8  6  5  95       
PG30  12083.100368 -10259.302047 -21203.578648   -440.459333  6  7  4  74       
PG31   2912.734324  19260.059813  17659.078563   -227.516040  6  3  7  64       
PG32 -17721.945239  15616.900023  12128.467253   -607.906174  5  8  3  47       
*  2024  1 27  1 30  0.00000000
PG01  22721.131334  12693.978081   5787.443309    167.315834  4  8  9  74       
PG02  22237.469090  14670.950939  -1214.700048   -494.869803  5  9  7  59       
PG03  12027.705537  12450.730188  20037.734489    153.110050  6  7  2  94       
PG04  20279.021564   4394.083019  16668.224839    276.306067  6  5  6 100       
PG05  -7370.455092 -22125.919526 -12795.475918   -159.472258  8  6  6  83       
PG06   4982.138513 -14267.047435  21899.296879    430.334393  6  3  4  75       
PG07  21089.018017   1462.646648 -15875.284653    -47.147830  7  6  4  73       
PG08  13462.916770   9901.212870 -20821.253006   -164.051280  6  7  8  76       
PG09  24914.526727  -6559.660725   6501.128386     71.871336  4  7  2  84       
PG10 -10691.604641  20550.140297 -12487.391753    -70.899827  7  4  6  73       
PG11  -6208.870261 -19836.839334  16587.689665   -554.436519  7  4  6  39       
PG12 -11406.105672 -13435.769877  19607.021612   -471.907742  8  5  6  82       
PG13  -2952.816855 -14813.545954 -22042.626459    619.750444  9  5  6  87       
PG14  13346.447271 -17219.796692 -15041.929737    309.446178  4  5  5  35       
PG15 -14400.681877  -9164.116019 -20880.501172    121.354942  6  8  7  91       
PG16    471.593320  25227.286528  -7829.277711   -375.826314  7  5  7  49       
PG17  22048.856991 -13318.648591   7211.138578    718.805557  8  5  6  95       
PG18 -19978.021598   -264.153756 -17575.672439   -541.638996  8  5  5  99       
PG19  15575.168223 -15399.807021  14576.898166    432.123647  8  5  4  69       
PG20   -928.621335 -26619.425003   1028.222311    389.835677  8  6  5  95       
PG21  20116.876040  16973.548587  -5847.123044    137.068810  6  7  5  66       
PG22  10428.681398 -23099.456068  -7991.961380     41.434407  5  4  6  80       
PG23 -14505.026472   8868.740605 -20333.109955    143.418580  7  4  7  99       
PG24 -21083.963504 -16124.535590  -4003.265242   -421.178856  7  6  5  93       
PG25 -15249.076730   -913.925288  21385.149162    486.623451  6  6  6  74       
PG26  -3649.998083  25826.620075   3668.747938    196.474166  6  5  5  51       
PG28  -7651.072523  13160.839279  21740.773618   -111.119825  7  2  4  66       
PG29 -25253.049176   3294.240853   7673.689454   -608.086800  7  6  5  85       
PG30  13962.004229  -8712.433718 -20763.603520   -440.455003  6  7  4  36       
PG31   1141.297922  18013.969546  19136.076858   -227.516269  6  4  6  52       
PG32 -18943.149234  15869.682194   9643.386494   -607.908487  5  8  2  51       
*  2024  1 27  1 45  0.00000000
PG01  23068.425230  13122.990718   2950.127869    167.316868  4  8  9  81       
PG02  21821.451199  14686.074417  -4048.776427   -494.864609  5  8  7  39       
PG03  11757.257798  14669.547792  18669.651494    153.132724  6  7  3 102       
PG04  18502.719590   5316.977721  18368.013463    276.314703  5  5  6 109       
PG05  -7131.423713 -23421.413779 -10351.937586   -159.473359  8  6  6  94       
PG06   7039.854584 -12842.512927  22224.034375    430.321942  6  3  3  89       
PG07  22433.650550   2621.043105 -13856.871034    -47.156302  6  6  3  68       
PG08  11354.253142  11038.455099 -21460.810602   -164.052508  6  7  7  79       
PG09  24216.748788  -5934.461558   9155.976247     71.882645  3  7  2  74       
PG10 -10742.693648  18942.465965 -14771.036931    -70.901047  7  4  6  76       
PG11  -4540.168704 -18744.910701  18307.234199   -554.448736  7  4  6  62       
PG12 -10956.654038 -15610.039824  18230.527515   -471.911029  8  5  6  91       
PG13   -597.302180 -15520.487491 -21721.569209    619.754066  9  5  5  82       
PG14  13359.750522 -15364.263397 -16935.321905    309.455363  4  5  5  86       
PG15 -12501.088153 -10510.799063 -21456.752467    121.358911  6  8  6  99       
PG16     89.374644  25882.047961  -5072.740099   -375.819232  7  4  7  74       
PG17  22693.765876 -13361.740837   4446.023743    718.804226  8  5  6  90       
PG18 -21445.340909  -1474.384570 -15703.958528   -541.646982  8  5  5 106       
PG19  17131.233685 -15729.739113  12301.259839    432.128223  9  5  4  90       
PG20   -638.198450 -26374.989106   3838.314844    389.834079  7  5  5  73       
PG21  19282.650027  16706.568260  -8492.568711    137.068154  6  6  5  46       
PG22  10455.700670 -21970.101370 -10559.447743     41.428822  5  4  6  51       
PG23 -14459.586825   6484.012419 -21260.420934    143.425584  7  4  7 107       
PG24 -20454.830668 -16100.059933  -6692.926123   -421.184971  7  6  5 101       
PG25 -15088.120962  -3424.308692  21270.619253    486.624583  6  6  6  58       
PG26  -4007.072414  25224.178034   6405.435477    196.470822  6  5  5   5       
PG28  -9745.081717  11815.253216  21675.450183   -111.130511  7  2  4  66       
PG29 -24362.144792   2741.857046  10296.049211   -608.086120  7  6  5  75       
PG30  15853.193434  -7299.602534 -19963.697181   -440.450721  6  7  4  63       
PG31   -809.100620  16770.553682  20274.178250   -227.516312  6  4  5  64       
PG32 -19889.149010  16058.692423   6991.733817   -607.910771  5  7  2  34       
*  2024  1 27  2  0  0.00000000
PG01  23167.318834  13356.618623     62.810966    167.317895  5  8  9  77       
PG02  21119.953844  14586.214526  -6813.526258   -494.859494  6  8  6  49       
PG03  11614.184577  16724.058316  16977.925084    153.155449  7  6  4  93       
PG04  16621.591399   6412.007198  19753.430336    276.323371  4  5  6 107       
PG05  -6952.746596 -24442.491815  -7730.681159   -159.474662  8  5  6  93       
PG06   9187.251823 -11529.734285  22168.760960    430.309513  6  3  3 100       
PG07  23624.622562   3578.636479 -11598.263691    -47.164614  5  6  3  60       
PG08   9259.691143  12311.600795 -21735.655848   -164.052869  6  7  7  84       
PG09  23300.103910  -5126.445415  11653.254114     71.893941  3  7  2  80       
PG10 -10876.887232  17092.833758 -16793.290014    -70.902618  7  3  6  84       
PG11  -2668.966561 -17644.478236  19712.874730   -554.460905  7  4  5  84       
PG12 -10637.243640 -17627.632631  16533.972901   -471.914445  8  5  6  74       
PG13   1665.776306 -16334.629740 -21032.722933    619.757165  9  5  5  90       
PG14  13454.977141 -13314.914618 -18534.735684    309.464444  4  5  5  66       
PG15 -10634.350829 -11977.180855 -21680.161645    121.362302  6  8  5  99       
PG16   -227.536663  26238.620070  -2227.081875   -375.812068  7  4  6  74       
PG17  23052.757231 -13301.848077   1605.684693    718.803537  8  5  6  89       
PG18 -22783.674226  -2481.338129 -13563.838048   -541.654984  8  5  4 112       
PG19  18415.577175 -16035.197528   9807.839289    432.133073  9  5  4  74       
PG20   -288.198070 -25836.694197   6583.087985    389.832968  7  5  4  82       
PG21  18170.984428  16361.867063 -10997.078318    137.066847  6  6  5  58       
PG22  10513.620120 -20560.735389 -12944.408605     41.422894  5  4  5  69       
PG23 -14544.862590   4017.527579 -21820.109499    143.432553  7  4  6 115       
PG24 -19563.817635 -15977.019961  -9271.442893   -421.191086  7  6  4 103       
PG25 -15052.250706  -5901.646400  20779.254742    486.625778  6  6  6  63       
PG26  -4408.617372  24334.036580   9028.980089    196.467471  6  4  5  42       
PG28 -11881.423011  10594.526828  21236.333123   -111.141227  7  3  4  76       
PG29 -23241.287669   2021.968550  12741.796633   -608.085588  6  6  5  32       
PG30  17713.896374  -6038.371511 -18818.587451   -440.446390  6  7  4  19       
PG31  -2909.392377  15568.743589  21053.975150   -227.516620  6  5  5  59       
PG32 -20557.645892  16144.348172   4218.969144   -607.913049  5  7  2  58       
*  2024  1 27  2 15  0.00000000
PG01  22994.680376  13427.047508  -2825.597395    167.318944  6  7  9  73       
PG02  20127.027937  14408.975157  -9460.901947   -494.854178  6  8  6  46       
PG03  11576.376951  18572.664563  14992.398545    153.178177  7  6  4 102       
PG04  14681.941291   7675.760009  20800.478821    276.332048  3  5  5 109       
PG05  -6799.091173 -25169.441370  -4976.414853   -159.476045  7  5  6  90       
PG06  11380.543476 -10354.615259  21734.737796    430.297069  6  4  3 105       
PG07  24623.541863   4346.080444  -9139.997637    -47.173139  5  6  3  76       
PG08   7221.785917  13699.118338 -21639.896580   -164.054173  6  7  6  91       
PG09  22201.091065  -4119.592709  13949.769771     71.905252  3  6  2  85       
PG10 -11121.761380  15038.857226 -18518.431808    -70.903666  7  3  6  84       
PG11   -620.778815 -16574.593084  20780.456275   -554.473126  6  4  5  82       
PG12 -10429.233016 -19446.670790  14547.862828   -471.917929  7  5  6  68       
PG13   3795.326407 -17230.177047 -19986.924949    619.760287  9  5  5  97       
PG14  13654.041008 -11111.020705 -19812.768723    309.473596  4  5  5  59       
PG15  -8837.075921 -13538.465638 -21546.635595    121.365924  6  8  5 101       
PG16   -514.968866  26283.892341    657.864276   -375.804804  7  4  6  88       
PG17  23135.333492 -13101.647681  -1261.928284    718.802035  7  5  6  96       
PG18 -23950.039139  -3291.939986 -11192.142883   -541.662972  7  5  4 106       
PG19  19416.984618 -16275.757265   7140.856098    432.137756  8  4  4  62       
PG20    154.426940 -25021.570477   9215.870980    389.831801  6  4  4  88       
PG21  16785.208340  15977.553180 -13317.506613    137.065673  6  5  4  48       
PG22  10635.978818 -18893.933190 -15104.363817     41.417265  4  5  5  58       
PG23 -14767.586199   1519.103087 -22003.049778    143.439636  7  3  6 116       
PG24 -18412.423860 -15792.117738 -11696.480159   -421.197255  7  6  4 111       
PG25 -15135.162323  -8296.935114  19920.831459    486.626933  6  6  6  71       
PG26  -4885.753413  23175.785184  11492.968109    196.464119  6  5  5  46       
PG28 -14014.777486   9517.070214  20430.991813   -111.151988  7  3  4  77       
PG29 -21927.783286   1116.036245  14968.784978   -608.085119  5  6  5  61       
PG30  19500.123816  -4938.520548 -17348.908868   -440.442050  6  7  4  46       
PG31  -5123.870491  14442.690842  21462.630867   -227.516874  6  6  4  77       
PG32 -20955.014565  16088.699368   1372.928125   -607.915342  6  7  2  77       
*  2024  1 27  2 30  0.00000000
PG01  22535.178927  13370.985888  -5666.571372    167.319932  6  7  9  68       
PG02  18845.685819  14193.173038 -11944.279984   -494.849348  6  7  6  51       
PG03  11615.304739  20179.927697  12747.910413    153.200938  7  5  5  94       
PG04  12729.865892   9096.538744  21490.892848    276.340706  3  5  5 107       
PG05  -6632.782781 -25591.080179  -2136.341467   -159.477700  7  5  6  92       
PG06  13572.498964  -9335.256005  20929.640709    430.284610  6  4  4  99       
PG07  25396.617513   4941.432920  -6525.466067    -47.181140  5  5  2  77       
PG08   5279.288712  15172.478850 -21173.881380   -164.055451  6  7  6  92       
PG09  20960.217524  -2905.554489  16005.705589     71.916487  4  6  2  92       
PG10 -11498.163861  12824.187542 -19916.172705    -70.905018  7  2  5  77       
PG11   1571.736866 -15570.077602  21491.591673   -554.485321  6  4  5  70       
PG12 -10307.412206 -21031.053328  12307.686193   -471.921260  7  5  6  51       
PG13   5755.561394 -18175.106963 -18601.053679    619.763870  8  5  5  63       
PG14  13972.084652  -8796.246747 -20747.690312    309.482723  3  5  5  60       
PG15  -7141.338707 -15163.962768 -21057.692784    121.369598  6  7  4  94       
PG16   -810.222184  26013.890550   3531.110833   -375.797554  7  4  6  79       
PG17  22959.061757 -12727.352868  -4107.915279    718.801435  7  4  6 105       
PG18 -24905.076939  -3921.065531  -8629.548211   -541.670916  7  5  3  97       
PG19  20133.529555 -16411.147368   4347.621567    432.142768  8  5  4  65       
PG20    718.816207 -23954.169649  11691.903755    389.829999  6  4  4  84       
PG21  15137.230674  15591.171944 -15412.955073    137.064613  6  4  3  64       
PG22  10851.994301 -17000.107517 -17000.331806     41.411544  4  5  4  73       
PG23 -15126.135909   -960.817950 -21806.657980    143.446597  7  3  6 117       
PG24 -17009.851463 -15581.923897 -13928.386928   -421.203359  7  6  4  99       
PG25 -15322.820808 -10563.921665  18711.691877    486.628033  7  6  6  59       
PG26  -5465.545522  21776.636898  13753.855779    196.460754  6  5  5  19       
PG28 -16097.972436   8593.362247  19273.321300   -111.162718  7  4  3  66       
PG29 -20463.378187     13.138243  16938.541144   -608.084191  4  6  5  79       
PG30  21168.259158  -4001.876600 -15580.784760   -440.437647  5  7  4  66       
PG31  -7411.443305  13420.486678  21494.056334   -227.516864  6  6  3  64       
PG32 -21095.958736  15857.074002  -1497.007973   -607.917584  6  7  2  68       
*  2024  1 27  2 45  0.00000000
PG01  21781.892744  13228.095032  -8412.723932    167.320987  7  7  9  61       
PG02  17288.047248  13977.192326 -14219.328856   -494.844153  6  7  5  65       
PG03  11697.278148  21517.765538  10283.649406    153.223665  7  5  5  94       
PG04  10809.603724  10654.635074  21812.467133    276.349383  4  5  5 105       
PG05  -6415.443640 -25705.152837    740.639594   -159.478868  6  4  6  78       
PG06  15714.094597  -8481.388762  19767.414707    430.272133  5  4  4 101       
PG07  25915.874345   5389.161720  -3800.109443    -47.189441  4  5  2  78       
PG08   3465.803541  16697.093479 -20344.281080   -164.056552  6  7  6  86       
PG09  19620.443784  -1484.196089  17785.324100     71.927647  5  6  2  99       
PG10 -12019.253818  10496.917798 -20962.215364    -70.905891  6  2  4  86       
PG11   3869.834114 -14660.211253  21833.978390   -554.497522  6  4  5  77       
PG12 -10241.178487 -22351.695936   9853.214160   -471.924926  7  5  5  78       
PG13   7517.192882 -19132.346133 -16897.813904    619.767042  8  5  5  63       
PG14  14416.807434  -6417.122047 -21323.796097    309.491844  3  6  5  80       
PG15  -5573.642549 -16818.066608 -20220.485387    121.372963  6  7  4  77       
PG16  -1150.361893  25434.020607   6341.484641   -375.790268  7  4  5  60       
PG17  22548.888229 -12150.221770  -6883.232496    718.800392  6  4  6  57       
PG18 -25614.526010  -4390.760747  -5919.882332   -541.678917  7  4  3  80       
PG19  20572.469293 -16403.001307   1477.623506    432.147460  8  5  5  69       
PG20   1428.898532 -22665.656612  13969.070738    389.828794  5  3  3  87       
PG21  13247.416679  15238.171517 -17245.519710    137.063765  6  3  3  69       
PG22  11185.208833 -14916.540363 -18597.622069     41.405707  4  5  4  41       
PG23 -15610.594217  -3372.921275 -21234.897774    143.453593  6  3  5 109       
PG24 -15372.773687 -15381.422963 -15930.743562   -421.209476  7  6  4 101       
PG25 -15594.118912 -12660.717613  17174.352087    486.629138  7  6  5  75       
PG26  -6169.716952  20170.417847  15771.799279    196.457456  5  5  5  38       
PG28 -18083.656470   7825.679809  17783.301359   -111.173339  7  4  3  74       
PG29 -18892.694753  -1289.397263  18616.937430   -608.083680  4  6  5  60       
PG30  22676.632132  -3222.459918 -13545.322069   -440.433326  5  7  4  17       
PG31  -9727.098612  12523.152713  21148.945747   -227.517173  6  6  3  66       
PG32 -21002.842986  15419.617982  -4340.789218   -607.919869  6  7  3  62       
*  2024  1 27  3  0  0.00000000
PG01  20736.613801  13039.338413 -11018.521820    167.322065  8  7  9  77       
PG02  15475.136724  13797.330743 -16244.875974   -494.839078  7  6  5  71       
PG03  11784.911568  22566.366559   7642.441840    153.246422  7  5  5  93       
PG04   8961.961189  12322.921267  21759.288532    276.358080  4  5  4 102       
PG05  -6109.676495 -25518.394949   3604.774781   -159.480354  6  4  6  78       
PG06  17756.236940  -7794.141866  18268.028745    430.259650  5  5  5  99       
PG07  26160.134309   5718.932313  -1010.613623    -47.198024  4  5  2  73       
PG08   1808.632376  18233.505774 -19164.066312   -164.057464  6  7  6  82       
PG09  18225.541061    136.177685  19257.607228     71.938806  5  6  3  95       
PG10 -12689.870464   8107.818920 -21638.688316    -70.907310  6  2  4  92       
PG11   6229.968395 -13867.641151  21801.614175   -554.509725  6  4  6  71       
PG12 -10195.924159 -23387.490146   7227.731887   -471.928258  6  5  5  66       
PG13   9058.388103 -20061.161090 -14905.424372    619.770361  7  5  5  57       
PG14  14988.099950  -4021.410538 -21531.650837    309.500951  3  5  5  59       
PG15  -4154.073698 -18461.426368 -19047.755836    121.376683  5  6  4  82       
PG16  -1570.498816  24558.939100   9038.628862   -375.783177  6  3  5  71       
PG17  21936.168042 -11347.906003  -9539.535056    718.799359  5  4  5  59       
PG18 -26050.510911  -4729.193139  -3109.390795   -541.686929  6  4  3  78       
PG19  20749.774131 -16216.532393  -1418.426598    432.151755  7  5  5  66       
PG20   2302.287511 -21192.665274  16008.592489    389.827368  5  4  3  97       
PG21  11144.150639  14950.409396 -18781.047847    137.062359  6  2  2  47       
PG22  11652.349838 -12686.129619 -19866.573917     41.399816  4  5  4  47       
PG23 -16203.140134  -5670.722386 -20298.172137    143.460582  6  4  5 112       
PG24 -13524.850145 -15222.635083 -17670.859805   -421.215592  7  6  4  96       
PG25 -15921.827626 -14551.222043  15336.994304    486.630272  7  6  5  70       
PG26  -7013.588512  18396.299265  17511.406018    196.453957  5  5  5  46       
PG28 -19925.990759   7208.155009  15986.649521   -111.184106  7  5  2  52       
PG29 -17261.563075  -2785.678121  19974.793839   -608.082954  5  6  4  80       
PG30  23987.016042  -2586.935406 -11278.031188   -440.428984  5  6  4  80       
PG31 -12023.515585  11763.940134  20434.675928   -227.517489  6  7  3  60       
PG32 -20704.723710  14752.664450  -7108.603963   -607.922155  6  6  3  95       
*  2024  1 27  3 15  0.00000000
PG01  19409.843467  12845.310217 -13440.955223    167.323146  9  7  8  59       
PG02  13436.327282  13686.205576 -17983.752552   -494.833797  7  6  5  70       
PG03  11838.729832  23314.787632   4869.986289    153.269186  7  5  6  98       
PG04   7222.874963  14067.738005  21331.863244    276.366738  5  6  4 106       
PG05  -5680.726245 -25046.258125   6406.328852   -159.481583  5  4  6  80       
PG06  19651.494875  -7266.139389  16457.135193    430.247209  5  5  5 100       
PG07  26115.737166   5964.231367   1795.869418    -47.206146  3  5  2  76       
PG08    327.856340  19738.799031 -17652.375222   -164.059421  6  8  5  95       
PG09  16818.425117   1938.927270  20396.816584     71.949986  5  5  3  96       
PG10 -13506.256036   5708.482431 -21934.442212    -70.908304  6  1  4  99       
PG11   8605.276076 -13207.558983  21394.907644   -554.521877  6  4  6  95       
PG12 -10134.576211 -24125.948192   4477.222515   -471.931746  6  5  5  57       
PG13  10365.452784 -20918.715214 -12657.207754    619.773749  7  5  5  45       
PG14  15677.997062  -1656.446042 -21368.217118    309.510127  2  5  5  57       
PG15  -2895.682548 -20052.270398 -17557.724077    121.379686  5  6  3  88       
PG16  -2102.133517  23412.048338  11574.011716   -375.775936  6  4  4  83       
PG17  21157.440095 -10305.580598 -12030.043342    718.798126  5  3  6  72       
PG18 -26192.599926  -4969.373908   -245.966238   -541.694922  5  4  3  99       
PG19  20689.313122 -15822.063004  -4289.560124    432.156617  7  5  5  57       
PG20   3349.417710 -19575.960729  17775.665405    389.826372  4  4  3  82       
PG21   8863.083070  14754.759732 -19989.887064    137.061441  7  1  1  62       
PG22  12262.459422 -10355.894220 -20783.219057     41.394175  4  5  4  63       
PG23 -16878.757412  -7812.149108 -19013.106232    143.467535  6  4  4 105       
PG24 -11496.006943 -15133.358655 -19120.223089   -421.221742  7  6  4 100       
PG25 -16273.792481 -16206.298719  13232.862305    486.631409  7  6  5  63       
PG26  -8005.288758  16497.326309  18942.389494    196.450603  5  5  5  42       
PG28 -21582.291272   6727.157462  13914.374150   -111.194814  7  5  2  39       
PG29 -15615.313633  -4461.267924  20988.399674   -608.082469  5  6  4  70       
PG30  25065.992872  -2075.346695  -8818.183610   -440.424700  5  6  5  70       
PG31 -14252.756354  11147.960149  19365.077862   -227.517569  5  7  3  63       
PG32 -20236.115285  13839.873373  -9751.797008   -607.924405  6  6  4 100       
*  2024  1 27  3 30  0.00000000
PG01  17820.484394  12684.601239 -15640.157900    167.324246  9  7  8  51       
PG02  11208.441040  13671.289113 -19403.593042   -494.828384  7  6  4  73       
PG03  11818.852730  23761.216372   2014.050514    153.292005  7  6  6  76       
PG04   5622.166143  15850.046807  20537.136005    276.375354  5  5  4  96       
PG05  -5098.052417 -24312.302875   9096.471246   -159.483096  5  4  6  71       
PG06  21355.776321  -6881.931362  14365.639518    430.234647  5  5  5  94       
PG07  25776.983840   6160.882202   4572.467905    -47.214386  3  5  2  82       
PG08   -964.307248  21168.168659 -15834.267197   -164.060249  6  8  5  85       
PG09  15439.531663   3899.511447  21182.963481     71.961060  5  5  3  96       
PG10 -14456.141939   3349.448369 -21845.204787    -70.909588  6     4  94       
PG11  10947.186742 -12687.176049  20620.681459   -554.534066  6  4  6  85       
PG12 -10019.223094 -24563.514030   1649.522210   -471.935367  6  5  5  29       
PG13  11433.209968 -21661.735508 -10191.084743    619.776855  6  5  5  74       
PG14  16470.949141    632.503208 -20836.870222    309.519291  3  6  4  35       
PG15  -1804.115923 -21547.843835 -15773.901283    121.383272  5  5  3  76       
PG16  -2771.639738  22024.631610  13901.914071   -375.768663  6  3  3  78       
PG17  20252.988176  -9016.802954 -14310.416513    718.797256  4  3  5  96       
PG18 -26028.592487  -5147.700496   2621.644433   -541.702917  5  4  3  71       
PG19  20421.735098 -15196.344155  -7085.507944    432.161277  6  6  5  83       
PG20   4572.954398 -17858.956987  19240.040374    389.824946  4  5  2  90       
PG21   6446.073193  14671.882991 -20847.605346    137.060087  7  3  1  85       
PG22  13016.338262  -7975.294132 -21329.845751     41.388323  4  5  4  66       
PG23 -17606.228808  -9760.947055 -17402.227593    143.474500  6  5  4 115       
PG24  -9321.506220 -15136.074121 -20254.896231   -421.227856  6  6  4  99       
PG25 -16614.321127 -17604.666094  10899.578580    486.632546  6  6  5  61       
PG26  -9145.267917  14518.806608  20040.113294    196.447245  5  5  5  72       
PG28 -23014.558708   6361.986013  11602.235425   -111.205597  7  5  2  77       
PG29 -13997.096451  -6293.541115  21639.944255   -608.081827  5  6  3  81       
PG30  25886.136783  -1662.100442  -6208.120273   -440.420383  5  6  5  87       
PG31 -16367.967913  10672.153621  17960.091700   -227.517898  5  7  3  75       
PG32 -19635.539687  12673.090871 -12223.778828   -607.926737  5  6  5 101       
*  2024  1 27  3 45  0.00000000
PG01  15995.243043  12592.257646 -17579.974662    167.325359  9  7  8  63       
PG02   8834.532919  13773.640898 -20477.564353   -494.823345  8  6  4  74       
PG03  11686.691667  23912.892137   -876.354498    153.314758  7  6  6  86       
PG04   4182.534619  17626.804934  19388.399058    276.384020  5  5  4  98       
PG05  -4336.747618 -23347.280089  11628.159024   -159.484175  4  4  6  56       
PG06  22829.887670  -6618.737529  12029.186714    430.222151  4  5  5  84       
PG07  25146.296091   6345.508628   7273.296170    -47.222822  3  5  3  78       
PG08  -2063.841714  22476.601192 -13740.360772   -164.061158  6  7  5  77       
PG09  14125.297370   5986.234234  21602.178803     71.972127  5  4  3  98       
PG10 -15519.190827   1078.395948 -21373.594919    -70.910253  5     4  87       
PG11  13207.108225 -12305.516867  19492.067312   -554.546209  6  4  6  79       
PG12  -9812.762182 -24705.535028  -1206.535742   -471.938836  6  5  5  40       
PG13  12265.055805 -22248.226907  -7548.976107    619.780027  6  5  5  54       
PG14  17344.398598   2803.778404 -19947.301539    309.528422  3  6  4  46       
PG15   -877.518021 -22905.913398 -13724.825595    121.386740  4  4  2  78       
PG16  -3598.957647  20434.662243  15980.367300   -375.761356  5  4  3  88       
PG17  19265.240533  -7484.057052 -16339.614229    718.796382  5  3  5  82       
PG18 -25555.007848  -5302.374880   5444.643919   -541.710940  5  4  3  64       
PG19  19983.096184 -14323.612256  -9757.624995    432.165998  5  6  5  51       
PG20   5967.500028 -16086.144690  20376.531850    389.823593  4  5  2  80       
PG21   3939.851456  14715.218243 -21335.657745    137.059350  7  4  1  78       
PG22  13906.336408  -5594.432451 -21495.443618     41.382834  4  6  4  49       
PG23 -18349.376021 -11487.856717 -15493.551258    143.481443  6  5  4 110       
PG24  -7040.835347 -15247.044301 -21055.863352   -421.233908  6  6  4  94       
PG25 -16905.701572 -18733.472203   8378.402391    486.633687  6  6  5  78       
PG26 -10426.134537  12506.627004  20786.013506    196.443875  4  5  5  75       
PG28 -24190.837172   6085.842151   9090.123765   -111.216384  7  6  2  62       
PG29 -12446.291864  -8252.362308  21917.847939   -608.080994  5  6  2  96       
PG30  26426.974311  -1317.159784  -3492.523355   -440.416076  5  6  5  76       
PG31 -18325.026910  10325.593388  16245.318710   -227.518044  5  7  4  60       
PG32 -18943.918008  11252.888939 -14480.905042   -607.929050  5  5  5  96       
*  2024  1 27  4  0  0.00000000
PG01  13967.765860  12598.383885 -19228.473776    167.326519 10  7  7  66       
PG02   6362.399992  14006.898348 -21184.999851   -494.817900  7  6  3  88       
PG03  11406.593019  23785.692721  -3751.808944    153.337500  7  6  6  66       
PG04   2918.833376  19352.511508  17905.090469    276.392675  5  5  5  98       
PG05  -3378.742331 -22187.934994  13956.998195   -159.485905  3  5  5  88       
PG06  24040.918290  -6447.476173   9487.571983    430.209625  5  5  5  87       
PG07  24234.095681   6554.002050   9854.115292    -47.230988  3  4  2  55       
PG08  -2974.942922  23620.595092 -11406.356629   -164.062303  6  7  5  98       
PG09  12906.806687   8161.278318  21646.974705     71.983260  5  4  3  92       
PG10 -16667.771922  -1061.529820 -20529.000160    -70.910947  5     5 100       
PG11  15338.120738 -12053.539732  18028.293648   -554.558354  6  5  6  92       
PG12  -9480.502741 -24565.902336  -4041.971136   -471.942436  5  5  4  59       
PG13  12872.685291 -22639.168099  -4776.118955    619.783127  5  6  5  83       
PG14  18269.637070   4820.724453 -18715.314785    309.537565  3  6  4  64       
PG15   -106.709750 -24086.289050 -11443.715698    121.390370  4  4  2  77       
PG16  -4596.558430  18685.336641  17772.013648   -375.754103  5  4  3  76       
PG17  18237.069351  -5718.950454 -18080.725470    718.795277  5  3  5  89       
PG18 -24777.257251  -5471.757271   8174.987805   -541.718911  4  5  3  52       
PG19  19413.294998 -13196.342534 -12259.762736    432.170620  5  6  6  60       
PG20   7519.610059 -14301.486666  21165.449453    389.822056  3  6  2  97       
PG21   1394.441793  14890.253775 -21441.971973    137.057972  6  5  2  86       
PG22  14916.508391  -3262.215019 -21276.010719     41.376969  5  6  4  58       
PG23 -19068.496120 -12971.520165 -13320.078683    143.488348  6  5  4 105       
PG24  -4696.451116 -15475.641014 -21509.322143   -421.239986  5  6  4  89       
PG25 -17109.787489 -19588.540351   5713.447634    486.634820  6  5  5  72       
PG26 -11832.819271  10505.569070  21167.892729    196.440501  4  5  5  67       
PG28 -25086.349287   5867.046385   6421.366747   -111.227099  7  6  2  85       
PG29 -10997.074938 -10301.065855  21816.986173   -608.080142  5  6  1  88       
PG30  26675.688571  -1007.399119   -717.663824   -440.411786  4  5  5  80       
PG31 -20084.064483  10090.099444  14251.484987   -227.518183  5  7  4  31       
PG32 -18202.870008   9588.759568 -16483.305300   -607.931340  5  4  5  98       
*  2024  1 27  4 15  0.00000000
PG01  11777.539788  12726.935775 -20558.402224    167.327660 10  7  7  61       
PG02   3842.873956  14376.577687 -21511.914296   -494.812765  7  6  3 102       
PG03  10947.365860  23403.406258  -6563.313334    153.360244  7  7  6  62       
PG04   1837.651933  20980.866391  16112.483300    276.401375  5  5  5  99       
PG05  -2213.744340 -20875.579525  16042.064964   -159.487410  3  5  5  84       
PG06  24963.398709  -6334.039081   6784.084149    430.197064  5  5  5  75       
PG07  23058.414761   6820.043757  12272.945769    -47.239282  3  4  3  69       
PG08  -3709.700306  24559.854473  -8872.449874   -164.063481  6  7  5  86       
PG09  11808.658337  10381.986128  21316.392106     71.994384  5  3  2  85       
PG10 -17868.033050  -3033.189937 -19327.325637    -70.911935  5     5  92       
PG11  17296.615861 -11914.580089  16254.368727   -554.570541  6  5  5  86       
PG12  -8991.662959 -24166.380560  -6808.486356   -471.945742  5  5  4  38       
PG13  13275.493754 -22800.121490  -1920.306008    619.786500  4  6  5  50       
PG14  19212.908107   6652.883338 -17162.521002    309.546732  3  6  4  50       
PG15    524.352725 -25052.309181  -8968.038831    121.393813  4  4  2  37       
PG16  -5768.729130  16823.395567  19244.863673   -375.747032  5  4  3  85       
PG17  17210.058741  -3742.045319 -19501.741969    718.794302  5  3  5  75       
PG18 -23709.493262  -5692.717110  10766.175760   -541.726845  4  5  4  58       
PG19  18754.383385 -11815.672692 -14549.072289    432.175492  5  6  6  47       
PG20   9208.119561 -12546.840592  21592.944931    389.820905  3  6  2  93       
PG21  -1138.601655  15194.123399 -21161.423872    137.056617  6  5  3  94       
PG22  16023.133020  -1024.547457 -20674.708367     41.371420  5  6  4  39       
PG23 -19721.938501 -14199.085998 -10919.220159    143.495345  5  5  4  97       
PG24  -2332.418494 -15823.921478 -21606.919857   -421.246053  5  6  4  90       
PG25 -17189.586783 -20174.285116   2950.878322    486.635938  6  5  5  69       
PG26 -13343.055861   8557.692629  21180.082854    196.437172  4  5  5  61       
PG28 -25684.364139   5670.449340   3641.976850   -111.237866  7  6  1  69       
PG29  -9677.189971 -12397.699683  21338.801103   -608.079479  5  6  2  76       
PG30  26627.544614   -698.067556   2069.363508   -440.407496  4  5  5  84       
PG31 -21610.815326   9941.135333  12013.832407   -227.518365  4  7  4  32       
PG32 -17452.992708   7698.952134 -18195.641693   -607.933631  5  4  6  91       
*  2024  1 27  4 30  0.00000000
PG01   9468.594477  12994.743501 -21547.581804    167.328812 10  7  6  77       
PG02   1327.967094  14879.724093 -21451.378471   -494.807684  7  6  3  98       
PG03  10283.637078  22796.719096  -9263.099515    153.383012  6  7  6  70       
PG04    937.226314  22466.478210  14041.269202    276.410016  5  6  5 104       
PG05   -839.871466 -19454.489370  17846.668708   -159.489146  2  5  5  88       
PG06  25580.189213  -6240.764656   3964.791166    430.184480  5  5  5  81       
PG07  21644.256689   7173.730143  14490.631114    -47.247743  3  5  3  78       
PG08  -4287.454951  25258.885756  -6182.639269   -164.064611  6  7  6  78       
PG09  10848.096790  12602.339429  20616.030208     72.005508  4  4  1  82       
PG10 -19081.221217  -4806.666302 -17790.625115    -70.913569  4  1  6  94       
PG11  19043.817840 -11865.100166  14200.663438   -554.582725  6  4  5  87       
PG12  -8320.705582 -23535.658401  -9459.262145   -471.949272  5  5  4  39       
PG13  13499.673152 -22702.691352    968.940548    619.789671  3  7  5  60       
PG14  20136.711296   8276.943546 -15315.939689    309.555837  3  6  4  48       
PG15   1037.849105 -25772.234423  -6338.991224    121.396976  4  3  2  41       
PG16  -7111.211100  14897.308684  20372.929009   -375.739908  5  4  3  88       
PG17  16222.814135  -1582.320242 -20576.253216    718.793410  5  4  5  45       
PG18 -22374.141576  -5999.043276  13174.019289   -541.734789  4  5  4  64       
PG19  18048.823800 -10191.484995 -16586.724200    432.180040  4  6  6  56       
PG20  11004.770735 -10860.467479  21651.268121    389.819489  3  6  2  99       
PG21  -3608.074599  15615.563555 -20496.173974    137.055305  5  6  3  96       
PG22  17195.580515   1077.350048 -19701.853986     41.365402  5  6  4  29       
PG23 -20267.761844 -15166.492675  -8332.151172    143.502233  5  5  5  95       
PG24      7.012919 -16286.471148 -21345.929467   -421.252092  5  6  4  96       
PG25 -17110.792119 -20503.310949    138.097962    486.637085  6  5  5  45       
PG26 -14928.155928   6700.852123  20823.477569    196.433808  4  5  5  41       
PG28 -25976.764900   5458.981784    799.853434   -111.248613  7  6     81       
PG29  -8506.983673 -14496.486709  20491.297220   -608.079189  5  6  2  79       
PG30  26286.023397   -354.305484   4821.406404   -440.403195  4  5  5  88       
PG31 -22877.743955   9848.944426   9571.452296   -227.518381  4  7  4  62       
PG32 -16732.190389   5609.958523 -19587.778372   -607.935949  4  3  6 104       
*  2024  1 27  4 45  0.00000000
PG01   7088.049262  13410.797147 -22179.243788    167.330018 10  7  5  74       
PG02  -1131.048198  15504.933948 -21003.736323   -494.802657  7  6  3 104       
PG03   9396.984105  22001.960396 -11805.411751    153.405794  6  6  6  68       
PG04    207.680272  23766.555258  11727.042156    276.418659  5  7  4  89       
PG05    736.051220 -17970.190014  19339.039400   -159.490040  1  5  5  85       
PG06  25883.065279  -6128.053758   1077.778024    430.171803  5  5  5  70       
PG07  20022.732972   7640.343616  16471.352412    -47.255932  3  5  3  73       
PG08  -4733.856835  25688.429257  -3383.944766   -164.066436  6  6  6  61       
PG09  10034.443468  14774.580049  19557.956610     72.016598  5  5  2  74       
PG10 -20265.194539  -6360.176576 -15946.627291    -70.914566  4  1  6  85       
PG11  20547.128827 -11875.716391  11902.399991   -554.594939  5  4  4  85       
PG12  -7448.464463 -22708.161264 -11949.708585   -471.952557  6  5  4  46       
PG13  13577.035289 -22325.768562   3841.246447    619.793092  2  7  5  89       
PG14  21001.256664   9677.412287 -13207.514603    309.564953  3  6  4  46       
PG15   1461.114945 -26220.495376  -3600.890972    121.400499  4  4  3  44       
PG16  -8611.208017  12955.403863  21136.713495   -375.732566  4  4  3  76       
PG17  15309.386866    723.723445 -21284.040635    718.792699  6  4  5  46       
PG18 -20801.132029  -6419.973383  15357.374948   -541.742798  4  5  4  69       
PG19  17337.764345  -8342.149416 -18338.534217    432.185099  4  6  6  55       
PG20  12875.120327  -9275.681970  21338.926438    389.817946  2  6  2  97       
PG21  -5965.039025  16135.250283 -19455.838885    137.054460  5  6  4  82       
PG22  18397.492124   3008.433949 -18374.748051     41.359633  4  6  4  35       
PG23 -20665.408152 -15878.422401  -5603.113663    143.509153  5  5  5  62       
PG24   2278.848933 -16850.522153 -20729.361449   -421.258152  5  6  4  85       
PG25 -16843.196752 -20595.717006  -2677.052785    486.638191  6  5  5  79       
PG26 -16554.042209   4967.403335  20105.438945    196.430416  4  5  5  56       
PG28 -25964.294678   5195.282410  -2056.046812   -111.259383  7  6     72       
PG29  -7498.735613 -16549.448076  19288.919662   -608.078781  5  5  3  64       
PG30  25662.662247     57.342216   7492.012780   -440.398929  4  5  5  77       
PG31 -23864.911233   9779.877059   6966.576789   -227.518847  4  7  5  56       
PG32 -16074.126469   3355.666019 -20635.346459   -607.938245  5  3  6  94       
*  2024  1 27  5  0  0.00000000
PG01   4684.552605  13975.819578 -22442.299460    167.331200 10  7  3  77       
PG02  -3485.540647  16232.754034 -20176.652785   -494.797237  6  6  4  95       
PG03   8276.804344  21059.652350 -14147.247135    153.428558  5  6  6  84       
PG04   -368.410666  24842.512924   9209.690246    276.427318  5  8  4  90       
PG05   2498.544592 -16467.701332  20492.923709   -159.491613     6  5  93       
PG06  25872.977220  -5956.067255  -1827.651851    430.159224  5  5  5  78       
PG07  18230.007376   8239.306350  18183.094479    -47.264047  3  5  3  73       
PG08  -5079.657133  25826.663132   -525.548277   -164.068151  6  6  6  62       
PG09   9368.850412  16850.908399  18160.499076     72.027714  5  5  2  65       
PG10 -21376.062158  -7680.659470 -13828.171862    -70.915534  3  2  6  85       
PG11  21781.246084 -11912.465136   9399.054427   -554.607095  5  4  4  86       
PG12  -6363.023359 -21722.674174 -14238.162257   -471.956254  6  5  4  59       
PG13  13543.606324 -21656.507454   6646.297245    619.796220  1  7  5  78       
PG14  21766.013152  10846.988027 -10873.553690    309.574018  3  6  4  44       
PG15   1825.440343 -26378.741821   -800.486065    121.403979  3  5  4  42       
PG16 -10247.761332  11044.024728  21523.551282   -375.725433  4  4  3  72       
PG17  14497.884862   3133.280236 -21611.550278    718.791962  6  4  5  64       
PG18 -19026.856467  -6978.897881  17278.832215   -541.750762  4  4  4  77       
PG19  16659.399333  -6293.944047 -19775.487796    432.189556  4  6  5  18       
PG20  14779.695362  -7819.695806  20660.743508    389.816640  2  6  2 100       
PG21  -8164.687526  16726.516151 -18057.476048    137.053006  4  6  4  99       
PG22  19588.221368   4741.066673 -16717.337368     41.354039  4  6  4  23       
PG23 -20877.330940 -16347.929850  -2778.673462    143.516045  4  5  5  62       
PG24   4442.759821 -17496.348503 -19766.005857   -421.264202  5  5  4  87       
PG25 -16361.945507 -20478.141603  -5447.077866    486.639336  6  4  5  77       
PG26 -18182.495040   3383.148539  19039.585430    196.426969  4  5  5  61       
PG28 -25656.471679   4843.339301  -4876.556241   -111.270129  6  5     77       
PG29  -6656.312976 -18508.125573  17752.316078   -608.078014  4  5  4  77       
PG30  24776.609916    567.471834  10036.169896   -440.394635  4  5  5  86       
PG31 -24560.555127   9697.854327   4243.841888   -227.518696  4  6  5  82       
PG32 -15506.862326    976.212617 -21320.191290   -607.940545  4  4  5 100       
*  2024  1 27  5 15  0.00000000
PG01   2306.665209  14682.142980 -22331.543205    167.332390 10  7  2  83       
PG02  -5691.315601  17036.443550 -18984.986784   -494.792069  6  6  4  93       
PG03   6920.890374  20012.921262 -16249.045665    153.451346  5  6  6  82       
PG04   -815.153721  25661.433925   6532.705504    276.435958  5  9  3  72       
PG05   4423.879105 -14989.812533  21288.076050   -159.493065     6  5  85       
PG06  25559.973265  -5686.440940  -4701.799802    430.146652  5  5  5  63       
PG07  16306.082750   8983.348047  19598.064407    -47.272420  3  5  3  73       
PG08  -5359.284070  25660.125685   2342.124109   -164.070447  5  5  6  33       
PG09   8844.386079  18785.193035  16447.922486     72.038826  5  5  3  76       
PG10 -22369.885630  -8764.014963 -11472.570820    -70.916971  2  3  6  95       
PG11  22729.007711 -11938.257885   6733.682539   -554.619276  5  3  3  80       
PG12  -5060.318333 -20620.828619 -16286.522380   -471.959366  6  5  4  74       
PG13  13438.047773 -20690.990586   9334.766017    619.799359  1  6  5  80       
PG14  22391.292064  11786.622239  -8354.103332    309.583090  3  6  4  33       
PG15   2164.687611 -26236.645537   2013.816464    121.407551  3  6  4  30       
PG16 -11992.473276   9205.797249  21527.786466   -375.718393  4  4  3  75       
PG17  13809.333655   5598.736877 -21552.226361    718.791164  6  5  5  73       
PG18 -17092.891090  -7692.288542  18905.345563   -541.758760  4  4  5  61       
PG19  16047.477488  -4080.181142 -20874.159224    432.194539  4  6  5  32       
PG20  16675.355934  -6512.699144  19627.813761    389.815524  2  6  1 104       
PG21 -10168.064091  17356.426152 -16325.367715    137.052376  3  6  4  88       
PG22  20724.472653   6255.928615 -14759.723238     41.348582  4  5  4  37       
PG23 -20870.516742 -16595.761805     93.054569    143.522973  4  5  5  27       
PG24   6462.410253 -18197.930683 -18470.398618   -421.270234  5  5  4  89       
PG25 -15648.578566 -20182.587579  -8125.576812    486.640464  6  4  5  83       
PG26 -19772.559305   1966.556917  17645.470925    196.423629  4  4  5  54       
PG28 -25071.177680   4370.080542  -7613.144476   -111.280877  6  5     78       
PG29  -5975.163804 -20325.336173  15907.985276   -608.077449  4  6  4  70       
PG30  23653.914045   1202.478188  12411.016294   -440.390377  4  5  5  82       
PG31 -24961.370745   9565.911224   1449.535080   -227.519175  4  6  5  76       
PG32 -15051.739749  -1483.407604 -21630.692449   -607.942831  4  4  5  96       
*  2024  1 27  5 30  0.00000000
PG01      1.240362  15513.896401 -21847.784254    167.333562  9  7  3  82       
PG02  -7710.222407  17883.066125 -17450.490879   -494.787017  5  5  3  93       
PG03   5335.690897  18905.828988 -18075.321430    153.474083  5  6  6  75       
PG04  -1162.205688  26197.322928   3742.423858    276.444597  5  9  2  87       
PG05   6480.813964 -13575.458201  21710.633426   -159.493978     6  5  84       
PG06  24962.787745  -5283.952314  -7495.407190    430.134188  5  5  5  82       
PG07  14293.469633   9877.912453  20693.063020    -47.280486  4  5  3  78       
PG08  -5609.261491  25184.313629   5168.357530   -164.071505  5  5  6  39       
PG09   8446.449482  20534.623919  14449.996946     72.049972  5  6  3  48       
PG10 -23204.374870  -9614.997961  -8920.910613    -70.918735  1  4  5  81       
PG11  23381.933740 -11914.469174   3952.180410   -554.631462  5  1  2  74       
PG12  -3544.445514 -19445.510132 -18060.820409   -471.962502  6  5  5  59       
PG13  13299.967704 -19434.549182  11859.236412    619.802656  2  5  5  68       
PG14  22839.805690  12505.270808  -5692.267622    309.592218  3  7  4  32       
PG15   2513.777956 -25792.416015   4792.790553    121.411131  2  7  5  26       
PG16 -13810.541466   7478.079254  21150.794721   -375.711235  3  4  3  81       
PG17  13256.841446   8069.385116 -21106.692056    718.790433  6  5  5  69       
PG18 -15044.529656  -8568.893053  20208.800756   -541.766692  5  3  5  96       
PG19  15530.011892  -1740.077506 -21617.024039    432.199327  4  6  5  65       
PG20  18516.815455  -5367.216053  18257.351220    389.814436  1  6  1  87       
PG21 -11943.552690  17987.170239 -14290.599040    137.050989  3  7  4  83       
PG22  21762.063059   7542.572891 -12537.529004     41.342948  3  5  4  30       
PG23 -20617.843448 -16649.394812   2963.202101    143.529912  4  6  5  55       
PG24   8306.662650 -18923.873282 -16862.705664   -421.276284  5  4  3  79       
PG25 -14691.834544 -19745.075822 -10667.956726    486.641565  6  4  5  75       
PG26 -21282.054171    728.284971  15948.166390    196.420252  4  4  5  61       
PG28 -24233.936391   3746.851651 -10218.753648   -111.291602  5  5     84       
PG29  -5442.649352 -21956.889842  13787.818283   -608.076783  4  6  5  71       
PG30  22326.567835   1983.372122  14576.518246   -440.386103  4  5  5  83       
PG31 -25072.485806   9347.761013  -1369.161042   -227.519306  4  6  4  83       
PG32 -14722.552605  -3974.930735 -21561.950741   -607.945130  4  5  5  91       
*  2024  1 27  5 45  0.00000000
PG01  -2188.143862  16447.502116 -20997.902553    167.334756  9  7  4  99       
PG02  -9511.500344  18734.862049 -15601.345980   -494.781838  5  5  3  90       
PG03   3536.248739  17781.686418 -19595.227309    153.496908  5  6  6  67       
PG04  -1443.416847  26432.104929    887.209063    276.453190  5 10  3  32       
PG05   8631.642564 -12258.261960  21753.365816   -159.495122  1  6  5  93       
PG06  24108.108494  -4718.075027 -10160.489583    430.121618  5  5  4  79       
PG07  12235.778502  10920.820859  21449.809149    -47.288871  4  5  3  77       
PG08  -5866.537346  24403.927925   7903.118443   -164.073708  4  5  6  46       
PG09   8153.495465  22061.244184  12201.465375     72.061204  5  6  3  66       
PG10 -23840.514106 -10246.777204  -6217.310553    -70.920126  1  4  5  77       
PG11  23740.441143 -11802.595164   1102.492207   -554.643667  5     1  62       
PG12  -1827.666552 -18239.244695 -19531.718956   -471.966086  6  5  5  65       
PG13  13168.191968 -17901.721609  14175.099829    619.805868  2  4  5  85       
PG14  23078.142733  13019.346922  -2933.483745    309.601321  3  7  3           
PG15   2907.105668 -25052.998002   7487.286579    121.414287  1  7  6  22       
PG16 -15662.055469   5891.656123  20400.852903   -375.703872  3  4  3  86       
PG17  12845.108287  10493.277622 -20282.768984    718.789126  5  5  5  66       
PG18 -12929.181143  -9609.227969  21166.505935   -541.774674  5  3  5  80       
PG19  15128.236257    682.583823 -21992.665817    432.203981  4  5  4  72       
PG20  20258.262011  -4387.760548  16572.432330    389.813231     6  2  97       
PG21 -13468.054247  18577.710086 -11990.435811    137.049825  4  6  4  96       
PG22  22657.727401   8599.600811 -10091.146710     41.336922  3  5  4  11       
PG23 -20099.225069 -16541.828039   5782.951983    143.536832  3  6  5  52       
PG24   9950.608582 -19638.550147 -14968.518566   -421.282337  5  4  3  76       
PG25 -13488.188561 -19204.178311 -13032.098872    486.642640  6  4  5  85       
PG26 -22669.125511   -328.991016  13977.756621    196.416914  4  3  4  62       
PG28 -23176.910330   2950.721970 -12648.606137   -111.302367  5  5     65       
PG29  -5038.702509 -23363.202874  11428.539774   -608.076430  4  7  5  77       
PG30  20831.350694   2924.800846  16496.103003   -440.381776  4  5  4  81       
PG31 -24907.138175   9009.323792  -4164.919061   -227.519595  4  5  4  78       
PG32 -14525.040276  -6448.534873 -21115.840066   -607.947432  3  5  4  94       
*  2024  1 27  6  0  0.00000000
PG01  -4222.646249  17452.468862 -19794.823802    167.335937  9  7  4  82       
PG02 -11072.803123  19550.836731 -13471.546254   -494.776598  5  5  3 102       
PG03   1545.818604  16681.410800 -20783.046540    153.519697  5  6  6  71       
PG04  -1695.306135  26356.326810  -1983.404041    276.461814  5 10  4  71       
PG05  10833.501835 -11065.307013  21415.797067   -159.496654  2  7  5  90       
PG06  23029.549777  -3964.360410 -12651.156359    430.109097  5  5  4  73       
PG07  10176.279409  12102.203952  21855.215700    -47.297400  4  5  3  84       
PG08  -6166.794094  23332.754545  10498.015430   -164.076475  3  4  6  71       
PG09   7938.041318  23333.300126   9741.421004     72.072335  5  6  3  31       
PG10 -24244.057905 -10680.183367  -3408.152112    -70.921537     5  5  72       
PG11  23813.723968 -11565.917567  -1766.220933   -554.655855  4  2     73       
PG12     69.885577 -17042.621369 -20674.937006   -471.969593  6  6  5  82       
PG13  13079.068133 -16115.847971  16241.405416    619.809162  3  3  4  85       
PG14  23078.105658  13351.898021   -124.764772    309.610471  4  7  3  44       
PG15   3376.944681 -24033.932029  10049.164605    121.417728  2  8  6  58       
PG16 -17503.495158   4469.732529  19292.867336   -375.696643  2  3  3  72       
PG17  12570.303205  12819.145917 -19095.332508    718.788252  5  5  5  72       
PG18 -10794.690879 -10805.391573  21761.598721   -541.782640  5  3  5  80       
PG19  14855.841405   3140.947574 -21995.880236    432.208789  4  5  4  78       
PG20  21855.019720  -3570.808386  14601.634493    389.811739     5  1  84       
PG21 -14727.787812  19085.600930  -9467.518266    137.048092  3  6  5  76       
PG22  23370.885451   9434.454825  -7464.886643     41.330938  2  5  4  51       
PG23 -19302.500479 -16310.177128   8504.340437    143.543730  3  7  5  41       
PG24  11376.386522 -20303.442311 -12818.555937   -421.288437  5  3  2  49       
PG25 -12042.110611 -18599.484278 -15178.974996    486.643756  6  4  4  78       
PG26 -23893.781070  -1210.430795  11768.765413    196.413529  4  3  5  36       
PG28 -21937.655530   1965.569034 -14860.971004   -111.313100  5  5     75       
PG29  -4736.785933 -24510.742875   8871.060019   -608.076113  5  8  5  81       
PG30  19208.504508   4034.306712  18137.241547   -440.377505  4  5  4  63       
PG31 -24486.071938   8520.165067  -6891.002207   -227.519737  4  5  4  84       
PG32 -14456.721072  -8854.606818 -20300.925821   -607.949741  3  6  4  77       
*  2024  1 27  6 15  0.00000000
PG01  -6069.465457  18492.459971 -18257.408498    167.337126  8  7  5  96       
PG02 -12380.858725  20288.491047 -11100.155056   -494.771430  4  4  3  74       
PG03   -604.821424  15641.986731 -21618.605350    153.542501  5  6  5  61       
PG04  -1955.428853  25969.533298  -4819.590362    276.470495  5 10  5  71       
PG05  13039.892072 -10016.182970  20704.194548   -159.497560  2  7  5  82       
PG06  21766.368340  -3005.591519 -14924.402031    430.096585  5  5  4  63       
PG07   8156.473960  13404.706348  21901.615393    -47.305668  4  5  4  77       
PG08  -6542.814307  21993.184127  12907.226674   -164.078716  2  5  6  54       
PG09   7767.913508  24326.356551   7112.607147     72.083504  5  7  4  59       
PG10 -24386.843947 -10942.680925   -541.292711    -70.923800     5  5  59       
PG11  23619.302932 -11171.107177  -4604.436094   -554.668088  4  3     66       
PG12   2120.787809 -15892.806265 -21471.599260   -471.972721  6  7  5  88       
PG13  13064.874137 -14108.314553  18021.642202    619.812124  3  2  4  81       
PG14  22817.860454  13531.539231   2686.078714    309.619584  4  7  3  43       
PG15   3951.916066 -22758.872774  12432.243854    121.421439  2  8  6  71       
PG16 -19289.363762   3227.254897  17847.975355   -375.689544  1  3  3  68       
PG17  12420.315309  14998.295549 -17566.005931    718.787174  5  5  5  62       
PG18  -8687.647548 -12141.206505  21983.361386   -541.790601  5  4  5  71       
PG19  14718.514599   5586.679062 -21627.680760    432.213815  4  4  4  68       
PG20  23265.186455  -2905.087785  12378.573922    389.810344     5  2  81       
PG21 -15718.672270  19468.897482  -6768.897845    137.046993  4  6  5  45       
PG22  23865.293520  10062.844311  -4706.056308     41.325396  2  5  4           
PG23 -18224.032953 -15994.121889  11081.045409    143.550666  3  7  5  48       
PG24  12573.749733 -20878.625106 -10448.266143   -421.294523  5  2  2  42       
PG25 -10366.038907 -17970.053711 -17073.209675    486.644852  6  4  4  89       
PG26 -24919.350846  -1928.586397   9359.522500    196.410175  4  2  4  33       
PG28 -20557.682638    782.898638 -16817.876168   -111.323824  5  5     81       
PG29  -4505.111375 -25373.248055   6159.749524   -608.075508  5  8  5  51       
PG30  17500.292652   5311.851939  19471.973914   -440.373180  4  5  4  75       
PG31 -23836.677298   7854.794561  -9501.977517   -227.519857  5  5  4  93       
PG32 -14507.068937 -11145.491674 -19132.254935   -607.952043  3  6  4  92       
*  2024  1 27  6 30  0.00000000
PG01  -7702.935403  19526.604503 -16410.249969    167.338327  8  7  6  83       
PG02 -13431.740259  20905.613337  -8530.457143   -494.766449  4  4  3  67       
PG03  -2878.340072  14695.086826 -22087.601604    153.565259  5  6  5  81       
PG04  -2260.702847  25280.301761  -7572.122248    276.479152  5 10  5  44       
PG05  15202.345128  -9122.346287  19631.429142   -159.499036  3  7  5  89       
PG06  20361.970348  -1832.663206 -16940.855570    430.084074  5  5  4  60       
PG07   6214.724954  14803.960893  21586.932749    -47.314098  5  5  4  89       
PG08  -7022.972364  20415.390913  15088.371061   -164.081861  2  4  6  70       
PG09   7607.683689  25024.134195   4360.653158     72.094636  6  7  4  57       
PG10 -24247.877396 -11067.107190   2334.723588    -70.925499     5  4  48       
PG11  23182.261855 -10589.703318  -7363.132402   -554.680254  3  4     31       
PG12   4291.173532 -14822.199051 -21908.507950   -471.976264  6  7  6  79       
PG13  13152.399755 -11917.477664  19484.434276    619.815777  3  2  4  84       
PG14  22282.856342  13591.184333   5451.226740    309.628692  4  7  3   6       
PG15   4655.585620 -21258.776067  14593.243947    121.424993  3  8  6  73       
PG16 -20973.885183   2170.583237  16093.037373   -375.682369     4  3  76       
PG17  12375.366712  16986.394713 -15722.702574    718.786570  4  5  5  80       
PG18  -6651.739650 -13592.689808  21827.437141   -541.798564  6  5  5  93       
PG19  14713.792937   7971.597235 -20895.211181    432.218769  3  4  4  60       
PG20  24451.184140  -2372.179787   9941.348581    389.809171     5  2  78       
PG21 -16446.269016  19688.047227  -3944.952498    137.046385  4  5  5  48       
PG22  24110.509968  10507.836753  -1863.996630     41.319408  1  5  4  36       
PG23 -16868.997707 -15634.265890  13469.149870    143.557607  3  7  5  75       
PG24  13540.355395 -21324.352725  -7897.328773   -421.300705  5  2  2  62       
PG25  -8480.072037 -17352.911444 -18683.585900    486.645990  6  4  4  80       
PG26 -25713.819582  -2502.681685   6791.485362    196.406769  4  2  4  61       
PG28 -19080.880188   -597.631382 -18485.754499   -111.334572  4  5     77       
PG29  -4308.070905 -25932.672709   3341.650379   -608.075098  5  8  5  65       
PG30  15749.492980   6749.627793  20477.370396   -440.368873  4  6  5  74       
PG31 -22991.907334   6993.781091 -11954.400210   -227.520071  5  4  4  86       
PG32 -14658.022155 -13277.155321 -17631.025684   -607.954366  4  6  4  77       
*  2024  1 27  6 45  0.00000000
PG01  -9105.369239  20511.009777 -14283.376999    167.339478  7  7  6  91       
PG02 -14230.743310  21362.051615  -5809.035390   -494.761283  4  4  3  73       
PG03  -5232.070291  13865.902344 -22181.845137    153.588029  5  6  5  84       
PG04  -2645.760891  24305.934112 -10193.246488    276.487778  5 10  6  41       
PG05  17272.173063  -8386.818103  18216.710293   -159.500407  3  6  5  89       
PG06  18862.265356   -445.151749 -18665.474268    430.071649  5  5  4  60       
PG07   4384.988425  16269.322292  20914.797665    -47.322219  5  5  4  96       
PG08  -7629.917145  18636.206885  17003.301841   -164.083718  2  4  6  71       
PG09   7420.235701  25419.037305   1533.261701     72.105804  6  8  5  47       
PG10 -23814.151011 -11090.228853   5171.447440    -70.926775     6  4  61       
PG11  22534.200711  -9799.410263  -9994.647672   -554.692374  3  5  1  32       
PG12   6541.814229 -13857.277988 -21978.335866   -471.979474  6  7  6  78       
PG13  13361.761593  -9587.310710  20604.132237    619.818700  3  3  3  90       
PG14  21466.481390  13566.622418   8123.636439    309.637791  4  7  3  56       
PG15   5505.257482 -19570.781134  16492.691178    121.428284  4  7  6  80       
PG16 -22512.695368   1297.515162  14060.038367   -375.675046     4  4  74       
PG17  12408.957576  18745.078143 -13599.030196    718.785717  4  5  5  66       
PG18  -4726.223888 -15128.835602  21295.941757   -541.806513  6  5  5  74       
PG19  14831.230877  10249.289625 -19811.570856    432.223419  3  4  4  77       
PG20  25381.160326  -1947.406550   7331.894151    389.808109     5  2  81       
PG21 -16925.291668  19707.675558  -1048.222421    137.045117  4  5  5   5       
PG22  24083.115065  10798.661580   1010.897042     41.313723  1  6  4  61       
PG23 -15251.345881 -15270.469200  15627.869122    143.564518  3  8  5  70       
PG24  14281.755223 -21602.681638  -5209.055035   -421.306860  5  2  2  34       
PG25  -6411.392448 -16781.632790 -19983.491615    486.647150  6  4  4  82       
PG26 -26250.984423  -2957.647482   4108.528415    196.403394  4  3  4  73       
PG28 -17551.860874  -2168.004104 -19836.013282   -111.345284  4  6     73       
PG29  -4107.822216 -26179.821505    465.639592   -608.074484  5  8  5  74       
PG30  13997.878495   8332.157117  21135.922145   -440.364561  4  5  5  76       
PG31 -21989.011146   5924.646076 -14207.463633   -227.520241  4  5  3  66       
PG32 -14884.799012 -15210.694753 -15824.148003   -607.956621  4  6  5  77       
*  2024  1 27  7  0  0.00000000
PG01 -10267.615229  21400.424784 -11911.857775    167.340627  6  7  6  69       
PG02 -14791.884470  21621.387912  -2984.801386   -494.755937  4  4  4  18       
PG03  -7619.430767  13172.226783 -21899.406136    153.610727  5  6  5  86       
PG04  -3141.395972  23071.818103 -12637.533303    276.496403  4 10  6  64       
PG05  19202.226584  -7804.228847  16485.203759   -159.501639  2  6  5  82       
PG06  17313.929928   1148.450820 -20068.169202    430.059247  5  5  4  71       
PG07   2695.691394  17764.841925  19894.594636    -47.330604  5  5  4  92       
PG08  -8379.501477  16697.740399  18618.804585   -164.084130  2  4  6  74       
PG09   7168.400317  25512.352057  -1320.636710     72.116973  6  8  5  44       
PG10 -23081.175189 -11051.171298   7921.287854    -70.928432  2  6  4  28       
PG11  21711.946364  -8785.158762 -12453.512151   -554.704559  3  5  2  45       
PG12   8829.398708 -13017.673031 -21679.739446   -471.982717  6  8  6  71       
PG13  13705.502043  -7165.830670  21361.287103    619.822274  3  4  3  93       
PG14  20370.429632  13494.993824  10657.815716    309.646928  5  7  3  34       
PG15   6511.022829 -17736.830505  18095.762243    121.431993  5  7  6  79       
PG16 -23864.460904    597.650060  11785.418299   -375.668148     5  4  75       
PG17  12489.097936  20243.297804 -11233.576821    718.784527  3  6  5  71       
PG18  -2944.564501 -16712.683487  20397.466167   -541.814455  6  6  4  75       
PG19  15052.871262  12376.652928 -18395.558643    432.228206  2  4  4  69       
PG20  26030.184662  -1600.974040   4595.263162    389.806744     4  2  56       
PG21 -17178.713883  19498.174866   1867.788771    137.044312  4  4  5  48       
PG22  23767.638980  10969.285510   3868.143124     41.307977  1  6  4  44       
PG23 -13393.444996 -14940.216621  17520.231467    143.571495  2  8  5  75       
PG24  14811.078703 -21679.069213  -2429.690552   -421.312971  4  2  2  35       
PG25  -4193.441812 -16285.068072 -20951.305137    486.648281  6  4  4  65       
PG26 -26511.398240  -3322.952329   1356.211304    196.400034  4  4  5  88       
PG28 -16014.294378  -3911.961495 -20845.517904   -111.355945  4  6     67       
PG29  -3865.963926 -26114.647993  -2418.439201   -608.073861  6  9  5  63       
PG30  12284.740260  10036.689122  21435.854935   -440.360243  4  5  5  77       
PG31 -20868.128224   4642.505759 -16223.609673   -227.520416  4  5  3  87       
PG32 -15156.983235 -16913.638877 -13743.707060   -607.958896  4  5  5  60       
*  2024  1 27  7 15  0.00000000
PG01 -11189.296695  22149.995975  -9335.303593    167.341768  6  6  6  60       
PG02 -15137.053248  21652.444103   -108.008918   -494.750802  4  4  4   4       
PG03  -9991.501005  12623.826696 -21244.668610    153.633471  5  6  5  85       
PG04  -3773.162300  21610.483742 -14862.680743    276.505035  4  9  6  71       
PG05  20948.593031  -7361.204406  14467.542238   -159.503056  2  6  5  92       
PG06  15762.647620   2930.849840 -21124.350123    430.046766  5  5  3  71       
PG07   1168.795960  19250.457840  18541.440695    -47.339021  5  5  4  88       
PG08  -9280.002366  14645.799539  19907.184662   -164.086183  3  3  6  72       
PG09   6816.592127  25314.109781  -4151.745587     72.128187  6  7  5  64       
PG10 -22053.202596 -10989.778899  10538.249594    -70.929355  3  6  4  50       
PG11  20756.071666  -7539.890024 -14697.243983   -554.716782  3  5  3  32       
PG12  11107.966061 -12315.499040 -21017.390872   -471.986318  6  8  6  69       
PG13  14188.009942  -4703.369711  21742.996343    619.825614  4  4  3  88       
PG14  19004.765624  13413.222489  13010.573057    309.656061  5  7  3  16       
PG15   7675.112059 -15802.084327  19373.038433    121.435238  5  7  6  87       
PG16 -24992.364032     53.068124   9309.350578   -375.661044     6  4  66       
PG17  12579.768008  21458.365189  -8669.100605    718.783685  2  6  5  70       
PG18  -1333.296761 -18302.634350  19146.967305   -541.822451  6  6  4  83       
PG19  15353.999371  14315.306637 -16671.341572    432.232925  3  5  4  73       
PG20  26381.191382  -1299.324857   1778.839568    389.805426     4  2  66       
PG21 -17236.528494  19037.023254   4749.802566    137.043196  5  4  5           
PG22  23157.166593  11056.826126   6658.107817     41.301879  2  6  4  54       
PG23 -11325.407584 -14677.082744  19113.701986    143.578450  3  8  5  88       
PG24  15148.412394 -21523.881164    392.371983   -421.319126  4  2  2  61       
PG25  -1864.876263 -15886.248785 -21570.717388    486.649411  6  3  4  71       
PG26 -26483.067639  -3631.275062  -1418.962887    196.396671  4  5  4  88       
PG28 -14509.290529  -5805.443250 -21496.982138   -111.366670  5  6  1  49       
PG29  -3545.233264 -25746.206298  -5260.658711   -608.073392  6  8  5  60       
PG30  10645.506267  11833.875121  21371.360084   -440.355889  4  5  5  80       
PG31 -19670.792751   3150.440368 -17969.094891   -227.520469  4  6  4  96       
PG32 -15439.831832 -18360.992210 -11426.344249   -607.961177  5  5  5  50       
*  2024  1 27  7 30  0.00000000
PG01 -11878.718893  22717.050624  -6597.273105    167.342909  6  6  6  41       
PG02 -15294.864310  21430.559283   2770.722561   -494.745574  4  4  4  63       
PG03 -12298.693700  12222.124013 -20228.286797    153.656226  5  6  6  79       
PG04  -4560.188329  19960.392866 -16830.258997    276.513694  4  8  6  74       
PG05  22472.167028  -7037.074586  12199.241190   -159.503921  2  6  6  73       
PG06  14251.393560   4876.407297 -21815.378679    430.034281  5  5  2  77       
PG07   -180.913510  20683.366036  16876.084392    -47.347125  4  5  4  87       
PG08 -10331.662388  12528.188019  20846.733369   -164.087019  3  2  7  84       
PG09   6332.383423  24842.622355  -6911.264443     72.139337  6  7  6  48       
PG10 -20743.142535 -10944.965594  12978.636919    -70.929898  4  7  4  43       
PG11  19709.281209  -6065.030475 -16687.091788   -554.728953  3  4  4  68       
PG12  13330.443467 -11754.972822 -20001.928111   -471.989422  6  8  6  73       
PG13  14805.286224  -2250.764113  21743.115472    619.829044  4  4  3  82       
PG14  17387.683277  13356.463466  15141.732695    309.665191  5  7  4  48       
PG15   8991.585099 -13813.197275  20301.145271    121.438889  5  7  5  94       
PG16 -25865.401359   -360.712163   6674.986616   -375.653914     6  4  73       
PG17  12642.539272  22376.645775  -5951.648643    718.782844  2  6  5  43       
PG18     88.840066 -19853.965052  17565.546324   -541.830351  5  7  4  73       
PG19  15704.150564  16032.832203 -14668.054118    432.237854  3  6  3  64       
PG20  26425.628524  -1006.647830  -1068.497066    389.804280  1  3  2  64       
PG21 -17134.228749  18309.776349   7545.902279    137.041838  4  5  5  74       
PG22  22253.603268  11099.874532   9332.885084     41.296398  2  6  3   5       
PG23  -9084.131080 -14509.351926  20380.739595    143.585419  2  7  5  65       
PG24  15319.892025 -21113.741643   3207.458581   -421.325259  4  3  2  64       
PG25    531.663994 -15601.512411 -21830.988577    486.650568  6  2  4  87       
PG26 -26161.883776  -3917.069722  -4170.289658    196.393329  4  5  4  97       
PG28 -13073.894451  -7817.330093 -21779.258963   -111.377373  4  7  2  78       
PG29  -3111.157985 -25092.259310  -8011.888506   -608.073087  6  8  5  70       
PG30   9110.507316  13688.703945  20942.736929   -440.351510  5  5  5  89       
PG31 -18438.399213   1459.577123 -19414.507678   -227.520315  4  6  4  94       
PG32 -15695.750194 -19535.985280  -8912.570696   -607.963437  5  5  5  56       
*  2024  1 27  7 45  0.00000000
PG01 -12352.437860  23062.838647  -3744.580805    167.344003  5  6  6  42       
PG02 -15299.268323  20938.591801   5601.350424   -494.740279  5  5  4  24       
PG03 -14492.464080  11960.203284 -18867.043173    153.678930  5  5  6  82       
PG04  -5514.249219  18164.510530 -18506.380708    276.522271  3  8  6  68       
PG05  23740.033119  -6804.871722   9720.033771   -159.505159  2  6  6  68       
PG06  12818.830796   6951.932324 -22128.920242    430.021861  5  5  2  82       
PG07  -1346.288623  22019.531424  14924.717910    -47.355656  4  5  5  78       
PG08 -11526.567903  10392.945631  21422.065906   -164.088051  4  3  7  71       
PG09   5687.952962  24123.710021  -9551.734993     72.150493  6  6  5  48       
PG10 -19172.170499 -10953.114237  15201.717128    -70.931861  4  7  5  80       
PG11  18614.727251  -4370.637831 -18388.710787   -554.741139  3  4  4  50       
PG12  15450.236187 -11332.328584 -18649.821897   -471.992672  6  8  6  69       
PG13  15545.062514    142.464406  21362.332581    619.832197  4  5  4  73       
PG14  15544.966812  13356.623879  17014.804709    309.674314  4  6  4  61       
PG15  10446.378230 -11816.534577  20863.256187    121.442604  5  7  5  86       
PG16 -26459.453134   -673.543341   3927.682847   -375.646932  1  6  4  49       
PG17  12638.283052  22993.883362  -3129.630593    718.781908  2  6  4  58       
PG18   1311.464934 -21320.484904  15680.115420   -541.838354  5  7  4  79       
PG19  16068.334272  17503.796499 -12419.333734    432.242576  4  7  3  77       
PG20  26163.786173   -686.483953  -3897.241928    389.802685  2  2  2  75       
PG21 -16911.094278  17310.696088  10206.582340    137.041289  5  5  4  67       
PG22  21067.600819  11136.798393  11847.106689     41.290410  2  6  3  26       
PG23  -6712.082727 -14458.846075  21299.278133    143.592414  2  7  5  61       
PG24  15356.537736 -20432.663279   5965.541936   -421.331420  4  3  1  63       
PG25   2950.930360 -15439.876373 -21727.136585    486.651725  6     4  70       
PG26 -25551.773611  -4215.075861  -6851.596437    196.389988  4  6  4  93       
PG28 -11739.750865  -9910.463589 -21687.527483   -111.388137  4  7  2  64       
PG29  -2533.596483 -24178.560007 -10624.656342   -608.072299  7  8  5  67       
PG30   7703.936618  15561.666050  20156.441761   -440.347154  4  5  5  87       
PG31 -17210.681890   -411.117094 -20535.231649   -227.520633  4  6  4  88       
PG32 -15885.874034 -20430.507944  -6246.028646   -607.965708  5  5  5  69       
*  2024  1 27  8  0  0.00000000
PG01 -12634.499676  23154.162000   -826.516782    167.345102  5  7  6  69       
PG02 -15187.987315  20167.613409   8335.297147   -494.735058  5  6  4  77       
PG03 -16526.993864  11823.145658 -17183.607772    153.701659  5  5  6  81       
PG04  -6639.135416  16268.715366 -19862.285187    276.530862  3  7  5  74       
PG05  24726.608263  -6632.576066   7073.139978   -159.506330     6  6  50       
PG06  11497.881735   9117.774764 -22059.186248    430.009408  4  5  1  72       
PG07  -2327.996017  23215.289602  12718.694744    -47.363995  4  5  5  78       
PG08 -12848.864824   8286.605934  21624.328444   -164.090008  4  4  7  75       
PG09   4861.353026  23189.653802 -12027.856496     72.161653  5  4  5  78       
PG10 -17369.048229 -11046.580844  17170.338088    -70.933665  5  7  5  91       
PG11  17514.322020  -2475.212039 -19772.760268   -554.753291  3  3  4  43       
PG12  17422.814776 -11036.036745 -16983.158817   -471.996226  6  7  5  71       
PG13  16387.265149   2429.860519  20608.106980    619.836042  4  4  4  61       
PG14  13509.172413  13441.013188  18597.599953    309.683492  4  6  4  74       
PG15  12017.708159  -9856.407673  21049.443663    121.446150  5  7  4  92       
PG16 -26758.090389   -919.276684   1114.224572   -375.639755  2  7  5  66       
PG17  12528.891714  23315.149578   -252.872605    718.780906  3  6  4  61       
PG18   2332.788598 -22656.270322  13522.956739   -541.846291  5  7  3  75       
PG19  16408.430467  18710.525674  -9962.798083    432.247521  5  7  2  64       
PG20  25604.788868   -303.363751  -6658.152765    389.801439  3  2  2  44       
PG21 -16608.370058  16043.001461  12685.682279    137.040051  4  5  4  64       
PG22  19618.156834  11204.093876  14158.670477     41.284634  3  6  3  53       
PG23  -4255.872867 -14540.005872  21853.122880    143.599401  2  7  5  77       
PG24  15292.876028 -19472.901392   8617.211212   -421.337575  4  3  1  66       
PG25   5346.541777 -15402.684177 -21260.053846    486.652867  6     4  81       
PG26 -24664.568784  -4558.828229  -9417.959148    196.386611  4  6  4 102       
PG28 -10531.988147 -12042.904047 -21223.373127   -111.398871  4  7  2  68       
PG29  -1788.105005 -23037.835788 -13053.974288   -608.071766  7  7  5  81       
PG30   6443.043682  17410.106515  19025.038906   -440.342785  5  5  5  95       
PG31 -16024.260674  -2435.328485 -21311.850194   -227.520745  4  7  5  88       
PG32 -15971.695159 -21045.214718  -3472.716020   -607.967995  5  5  5  42       
*  2024  1 27  8 15  0.00000000
PG01 -12755.372684  22964.822051   2106.011398    167.346169  5  7  6  32       
PG02 -15000.844247  19117.277764  10926.268548   -494.729802  5  6  4  51       
PG03 -18360.787483  11788.679582 -15206.199704    153.724384  5  5  6  84       
PG04  -7930.341827  14320.112092 -20874.826544    276.539547  4  6  5  90       
PG05  25414.502538  -6484.555486   4304.485700   -159.507149     6  6  48       
PG06  10314.531586  11329.181281 -21607.060852    429.996993  4  5  2  73       
PG07  -3134.401051  24228.984196  10294.146458    -47.372246  4  4  5  78       
PG08 -14275.298253   6252.541132  21451.275294   -164.092264  4  4  8  77       
PG09   3837.545892  22077.915078 -14297.256247     72.172824  4  3  5  74       
PG10 -15369.178754 -11252.355847  18851.494398    -70.935063  5  7  5  78       
PG11  16447.112564   -405.177874 -20815.411760   -554.765466  3  4  5  58       
PG12  19207.243783 -10847.321013 -15029.340014   -471.999654  5  7  5  59       
PG13  17304.802283   4569.649830  19494.476760    619.839419  3  3  4  61       
PG14  11318.559442  13631.174168  19862.780190    309.692641  4  6  5  65       
PG15  13676.816125  -7973.409431  20856.867111    121.449725  5  6  4  94       
PG16 -26753.098016  -1134.263922  -1717.941187   -375.632776  2  7  4  71       
PG17  12278.939819  23354.430580   2628.324423    718.779253  2  6  4  67       
PG18   3159.507551 -23817.409990  11131.179230   -541.854250  5  6  3  70       
PG19  16684.709426  19643.603650  -7339.469313    432.252165  5  8     68       
PG20  24766.251117    175.590730  -9303.137250    389.799914  3  2  2  39       
PG21 -16267.426320  14518.746233  14941.186183    137.038529  4  5  4  58       
PG22  17931.912769  11334.849431  16229.379105     41.278890  3  6  3  51       
PG23  -1764.668261 -14759.262181  22032.254711    143.606340  2  7  5  82       
PG24  15165.403848 -18235.487102  11114.659489   -421.343743  4  3  1  68       
PG25   7672.512062 -15483.538670 -20436.549049    486.653998  6     5  60       
PG26 -23519.598660  -4979.218980 -11826.394631    196.383302  4  6  4  99       
PG28  -9468.364274 -14169.379069 -20394.759990   -111.409581  4  6  3  42       
PG29   -857.078212 -21708.517200 -15258.114735   -608.070900  7  7  5  78       
PG30   5337.595342  19189.719218  17567.050665   -440.338449  5  5  5  91       
PG31 -14911.304109  -4580.160459 -21730.486739   -227.521105  4  7  5  80       
PG32 -15916.667951 -21389.303879   -640.188873   -607.970233  5  5  6  53       
*  2024  1 27  8 30  0.00000000
PG01 -12750.609327  22476.819851   5001.400042    167.347253  4  7  6  42       
PG02 -14778.056886  17795.859710  13330.990553   -494.724737  5  7  4  46       
PG03 -19958.120441  11828.126333 -12968.153147    153.747095  4  5  7  72       
PG04  -9375.089060  12365.312684 -21526.857971    276.548202  4  5  4  87       
PG05  25795.068247  -6323.140293   1461.887570   -159.509073     5  6  41       
PG06   9286.911922  13537.862634 -20780.107854    429.984528  3  5  2  80       
PG07  -3781.149898  25022.579376   7691.493933    -47.380485  4  4  5  74       
PG08 -15776.049127   4329.458429  20907.220507   -164.094611  4  5  8  76       
PG09   2609.170284  20829.673475 -16321.202560     72.183981  4  4  4  92       
PG10 -13213.429297 -11590.929113  20216.837102    -70.935759  5  7  5  70       
PG11  15447.781703   1805.941082 -21498.759061   -554.777616  4  4  5  81       
PG12  20767.597032 -10740.958409 -12820.695602   -472.002902  5  6  5  32       
PG13  18264.638366   6526.152810  18041.743249    619.842571  2  1  4  52       
PG14   9015.809309  13941.939781  20788.334364    309.701814  3  5  5  59       
PG15  15389.017813  -6202.923725  20289.793162    121.453162  4  6  4  92       
PG16 -26444.702616  -1355.790383  -4521.453870   -375.625803  3  7  4  83       
PG17  11857.218109  23133.878205   5464.100668    718.778845  2  5  4  52       
PG18   3806.360849 -24763.691447   8546.081768   -541.862270  5  6  3  64       
PG19  16857.421662  20302.078339  -4593.150693    432.256912  6  8     67       
PG20  23673.608868    779.164989 -11786.121687    389.798686  4  2  2  56       
PG21 -15927.981839  12758.346395  16935.877066    137.037258  4  6  4  71       
PG22  16042.186349  11557.376695  18025.485018     41.273241  3  5  2  53       
PG23    711.496412 -15114.723881  21833.035112    143.613325  2  6  4  77       
PG24  15010.959942 -16730.407611  13412.661972   -421.349890  4  3  1  77       
PG25   9884.777240 -15668.528505 -19269.309676    486.655156  6     5  66       
PG26 -22143.023055  -5503.163272 -14036.522092    196.379927  4  6  4  94       
PG28  -8558.706780 -16242.868059 -19215.895784   -111.420337  4  6  3  50       
PG29    269.381193 -20233.262189 -17199.322822   -608.070290  8  6  5  73       
PG30   4389.627513  20856.128092  15806.704181   -440.334080  5  5  5  89       
PG31 -13898.357545  -6807.146171 -21783.074835   -227.521257  3  7  5  63       
PG32 -15687.735764 -21479.984267   2203.244356   -607.972547  5  5  6  30       
*  2024  1 27  8 45  0.00000000
PG01 -12659.287680  21681.252231   7808.315441    167.348372  4  7  6  46       
PG02 -14558.563250  16219.974910  15509.857283   -494.719679  5  7  4  59       
PG03 -21290.284080  11907.607146 -10507.391683    153.769774  4  4  7  77       
PG04 -10952.674870  10448.753331 -21807.506678    276.556839  5  5  4  75       
PG05  25868.620346  -6110.269919  -1405.780789   -159.510230     4  6  71       
PG06   8424.701522  15693.711740 -19592.456186    429.972089  3  5  3  81       
PG07  -4290.455260  25563.183945   4954.851328    -47.388961  3  4  6  59       
PG08 -17315.829603   2550.103910  20002.871071   -164.096221  4  6  8  74       
PG09   1177.009275  19488.240550 -18065.249121     72.195119  4  4  4  90       
PG10 -10946.762332 -12075.398865  21243.121966    -70.936491  5  6  5  62       
PG11  14545.333430   4118.625297 -21811.123204   -554.789808  5  5  5  74       
PG12  22074.207221 -10686.336793 -10394.015812   -472.006241  5  6  5  43       
PG13  19229.108845   8270.944519  16276.043080    619.845804  2     5  65       
PG14   6646.578226  14380.753161  21357.972565    309.710990  2  5  5  65       
PG15  17115.009956  -4573.874785  19359.450589    121.456981  4  6  4  69       
PG16 -25841.504175  -1620.496765  -7249.760657   -375.618606  3  7  4  54       
PG17  11238.081511  22682.765682   8205.908820    718.777833  2  5  4  53       
PG18   4295.366082 -25460.161504   5812.433242   -541.870286  5  6  3  49       
PG19  16888.402449  20693.368010  -1769.761142    432.261741  6  7     60       
PG20  22359.153311   1530.713950 -14063.883129    389.797527  5  2  2  66       
PG21 -15626.463471  10789.794473  18637.843644    137.035932  5  6  4  74       
PG22  13987.781780  11894.054608  19518.140578     41.267482  3  5  2  75       
PG23   3123.446172 -15596.196805  21258.306401    143.620305  3  6  4  50       
PG24  14865.075246 -14976.418078  15469.516488   -421.356014  4  4     70       
PG25  11942.670190 -15936.744567 -17776.781223    486.656316  6     5  90       
PG26 -20566.928555  -6152.415330 -16011.187154    196.376551  4  6  4  82       
PG28  -7804.667640 -18216.262792 -17706.991536   -111.431055  4  6  3  27       
PG29   1592.896984 -18657.334503 -18844.453474   -608.069933  8  6  5  84       
PG30   3593.500806  22366.496586  13773.574999   -440.329689  5  5  4  80       
PG31 -13005.379847  -9073.477918 -21467.551844   -227.521498  3  6  5  75       
PG32 -15256.720859 -21341.654770   5009.323932   -607.974806  5  5  6  55       
*  2024  1 27  9  0  0.00000000
PG01 -12522.294579  20578.857974  10476.682969    167.349448  3  7  6  39       
PG02 -14378.440751  14414.000849  17427.486991   -494.714705  5  7  4  44       
PG03 -22336.577640  11989.468156  -7865.816638    153.792471  4  4  7  65       
PG04 -12635.140918   8611.112161 -21712.336336    276.565528  5  4  3  94       
PG05  25644.323995  -5809.146619  -4249.426099   -159.511197  1  4  6  44       
PG06   7728.869110  17746.605613 -18064.564740    429.959626  3  4  3  82       
PG07  -4690.103345  25824.422445   2131.324627    -47.397067  3  3  6  45       
PG08 -18855.189658    940.219848  18755.051025   -164.098119  4  7  9  77       
PG09   -449.857225  18097.410871 -19499.801187     72.206289  4  5  3  84       
PG10  -8616.721332 -12710.856872  21912.591279    -70.937990  4  6  5  86       
PG11  13762.013629   6488.696374 -21747.247423   -554.802007  6  5  5  93       
PG12  23104.701949 -10648.734705  -7790.001078   -472.009668  5  5  4   4       
PG13  20157.418988   9783.718240  14228.820674    619.849169  3     5  78       
PG14   4257.936606  14947.278532  21561.430063    309.720170  2  4  5  82       
PG15  18812.372613  -3107.768885  18083.728319    121.460506  3  5  4  72       
PG16 -24960.120239  -1962.844835  -9857.804775   -375.611349  4  7  4  64       
PG17  10402.562640  22036.198180  10807.326118    718.776817  2  4  4  58       
PG18   4654.764050 -25878.497234   2977.682565   -541.878326  5  5  4  16       
PG19  16742.634415  20832.869896   1083.366461    432.266771  6  7     55       
PG20  20860.805762   2447.041746 -16096.827739    389.796342  5  3  2  85       
PG21 -15394.562510   8647.608517  20020.843707    137.035144  5  6  4  79       
PG22  11811.626856  12360.422772  20683.754729     41.261927  4  5  2  83       
PG23   5424.567441 -16185.535972  20317.382970    143.627249  3  6  4  76       
PG24  14760.377026 -13000.487242  17247.917657   -421.362029  4  4     82       
PG25  13810.290062 -16261.073347 -15982.959150    486.657427  6  2  5  45       
PG26 -18828.219903  -6942.577061 -17717.042263    196.373206  5  6  4 109       
PG28  -7199.802014 -20044.041174 -15893.919787   -111.441801  4  5  4  44       
PG29   3106.579088 -17026.899952 -20165.523062   -608.069189  8  6  5  87       
PG30   2936.261703  23681.103852  11502.129082   -440.325332  5  5  4  74       
PG31 -12245.026189 -11333.413808 -20787.969759   -227.521710  3  6  5  90       
PG32 -14601.527864 -21004.831374   7730.623627   -607.976946  5  5  6           
*  2024  1 27  9 15  0.00000000
PG01 -12380.521668  19180.182708  12958.674673    167.350561  4  7  5  92       
PG02 -14269.473978  12409.229831  19053.185517   -494.709277  5  7  5  58       
PG03 -23085.007146  12033.870210  -5088.617007    153.815195  4  4  6  61       
PG04 -14388.227717   6887.888095 -21243.396005    276.574194  5  5  3  61       
PG05  25139.757774  -5385.832410  -7020.562294   -159.512916  3  4  5           
PG06   7191.768836  19648.220313 -16222.869888    429.947190  4  4  3  81       
PG07  -5012.212836  25787.590775   -729.788928    -47.405455  4  3  6  62       
PG08 -20351.980593   -482.210120  17186.327430   -164.100380  4  7  9  54       
PG09  -2254.220030  16699.813696 -20600.595795     72.217418  4  5  3  87       
PG10  -6271.822824 -13494.073574  22213.283990    -70.939764  4  6  5  61       
PG11  13112.507571   8868.836751 -21308.379260   -554.814194  6  6  5  91       
PG12  23844.784533 -10590.779268  -5052.634848   -472.013163  4  5  4  36       
PG13  21007.264487  11052.824170  11936.215517    619.852322  3  1  5  67       
PG14   1896.752662  15633.320318  21394.674736    309.729263  2  3  5  83       
PG15  20437.197922  -1818.065496  16486.730463    121.464171  3  5  4  61       
PG16 -23824.559981  -2413.678979 -12302.676263   -375.604396  4  6  4  79       
PG17   9339.213930  21233.635709  13224.795574    718.775563  2  3  4  64       
PG18   4917.713974 -25998.131462     91.113568   -541.886364  5  5  4  24       
PG19  16389.712326  20743.282906   3918.216701    432.271222  6  6  1  48       
PG20  19220.683128   3537.545429 -17849.699557    389.794884  6  3  2  78       
PG21 -15258.034650   6371.570495  21064.533577    137.033708  5  5  5  72       
PG22   9559.289562  12964.549628  21504.259375     41.255781  4  4  2  80       
PG23   7572.418875 -16857.320558  19025.930934    143.634256  3  5  4  80       
PG24  14725.120289 -10836.897223  18715.737604   -421.368144  3  4  1  64       
PG25  15457.715726 -16609.244332 -13917.090129    486.658579  6  3  5  82       
PG26 -16967.344657  -7882.334978 -19125.077308    196.369916  5  6  4  89       
PG28  -6729.967431 -21683.890687 -13807.776643   -111.452582  3  5  4   2       
PG29   4795.116553 -15387.306686 -21140.167640   -608.068378  8  6  4  84       
PG30   2398.298960  24764.825753   9031.167388   -440.320964  5  5  4  62       
PG31 -11622.207079 -13539.814912 -19754.516696   -227.521843  3  6  5  84       
PG32 -13707.118412 -20504.864675  10321.308811   -607.979107  4  5  6  45       
*  2024  1 27  9 30  0.00000000
PG01 -12273.051942  17505.347854  15209.669211    167.351663  4  7  5  92       
PG02 -14257.917730  10242.792154  20361.319327   -494.704241  6  7  5  56       
PG03 -23532.661165  12000.483111  -2223.510586    153.837921  4  4  6  44       
PG04 -16172.579654   5308.194223 -20409.156678    276.582851  5  5  2  82       
PG05  24380.173008  -4810.728849  -9672.113927   -159.514090  3  3  5  37       
PG06   6797.585020  21353.787119 -14099.321636    429.934798  4  3  3  71       
PG07  -5291.789526  25442.539087  -3577.889180    -47.413891  4  3  6  62       
PG08 -21762.916741  -1707.405775  15324.550102   -164.102087  4  7  8  19       
PG09  -4211.220896  15335.327704 -21349.089816     72.228581  4  5  3  90       
PG10  -3959.909997 -14413.497216  22139.268848    -70.940960  4  6  5  70       
PG11  12603.444587  11210.233398 -20502.239014   -554.826344  7  6  5  83       
PG12  24288.726000 -10474.029956  -2228.484785   -472.016439  4  5  4   7       
PG13  21736.508101  12075.468132   9438.379483    619.855890  4  3  5  83       
PG14   -391.919488  16423.056291  20860.012341    309.738430  3  3  5  77       
PG15  21945.772010   -709.898172  14598.206758    121.467598  3  4  4  47       
PG16 -22465.353290  -2998.931005 -14544.221806   -375.597144  4  6  3  82       
PG17   8044.653704  20317.290176  15418.288440    718.775037  3  3  4  44       
PG18   5120.791697 -25807.086334  -2797.038610   -541.894302  5  4  5  35       
PG19  15805.156560  20453.666019   6686.845497    432.275755  5  6  2  66       
PG20  17483.511963   4803.657553 -19292.205582    389.793233  6  3  3  87       
PG21 -15235.776251   4005.312302  21754.576664    137.032772  5  5  5  75       
PG22   7277.428306  13706.690600  21967.289826     41.250319  4  4  1  77       
PG23   9530.188931 -17579.828263  17405.735444    143.641222  4  5  4  74       
PG24  14781.914625  -8526.035468  19846.689001   -421.374310  3  4  2  77       
PG25  16862.016013 -16945.098621 -11613.280184    486.659720  6  4  5  51       
PG26 -15026.894903  -8972.953995 -20211.094222    196.366581  5  6  3 103       
PG28  -6374.027756 -23098.219732 -11484.354584   -111.463348  3  5  4  23       
PG29   6635.199067 -13781.415498 -21752.001609   -608.067700  8  6  4  81       
PG30   1954.272860  25588.460984   6403.179663   -440.316662  4  4  3  47       
PG31 -11133.945011 -15645.759990 -18383.442945   -227.522088  2  5  5  65       
PG32 -12566.223496 -19880.497207  12737.858559   -607.981237  4  5  6  66       
*  2024  1 27  9 45  0.00000000
PG01 -12235.416777  15583.427267  17189.157391    167.352770  4  6  5  78       
PG02 -14363.492706   7956.393300  21331.601955   -494.698981  5  6  5  64       
PG03 -23685.745529  11850.218564    680.072042    153.860717  4  4  6  40       
PG04 -17945.152665   3893.810231 -19224.338446    276.591493  5  5  2  71       
PG05  23397.480485  -4059.884711 -12159.184437   -159.515523  4  3  5  65       
PG06   6523.108359  22823.720135 -11730.816884    429.922427  4  3  4  39       
PG07  -5565.132369  24788.233565  -6362.032623    -47.422021  5  2  5  63       
PG08 -23045.174865  -2733.915229  13202.317495   -164.103448  4  7  8  41       
PG09  -6289.126326  14039.618212 -21732.751262     72.239737  4  5  3  81       
PG10  -1726.525271 -15449.570907  21690.795076    -70.942540  4  6  4  53       
PG11  12233.228197  13464.282257 -19342.875738   -554.838561  7  6  5  73       
PG12  24439.544361 -10260.629547    634.059831   -472.019850  4  5  5  65       
PG13  22304.846066  12857.569011   6778.739898    619.859082  5  3  5  70       
PG14  -2566.386261  17293.578699  19966.085458    309.747551  3  2  5  77       
PG15  23296.236687    219.851715  12452.879961    121.471156  2  3  4  27       
PG16 -20918.466749  -3738.510021 -16545.611029   -375.589831  4  6  3  89       
PG17   6523.803693  19330.459950  17351.883105    718.774095  4  3  4  51       
PG18   5302.351837 -25302.480375  -5636.491833   -541.902238  5  4  5  53       
PG19  14971.525699  19998.263269   9342.148171    432.280412  5  5  2  80       
PG20  15694.955118   6238.610079 -20399.545214    389.792367  7  3  2  69       
PG21 -15339.196098   1594.808060  22082.646183    137.031295  5  5  5  80       
PG22   5012.229660  14579.241364  22066.284252     41.244395  4  4  1  85       
PG23  11267.942805 -18316.273671  15484.357025    143.648196  4  5  4  57       
PG24  14946.705258  -6112.932436  20620.850592   -421.380368  3  4  3  67       
PG25  18008.014932 -17230.036583  -9110.008832    486.660864  6  4  5  55       
PG26 -13050.134270 -10208.048367 -20956.119186    196.363232  5  6  3  91       
PG28  -6104.834578 -24255.499214  -8963.534471   -111.474098  3  4  4           
PG29   8596.249736 -12248.043519 -21990.872564   -608.067072  8  5  3  73       
PG30   1574.283225  26129.847301   3663.616778   -440.312304  5  4  3  26       
PG31 -10769.540126 -17606.180184 -16696.886204   -227.522325  2  5  5  73       
PG32 -11179.769899 -19172.314678  14939.743752   -607.983402  4  6  6  64       
*  2024  1 27 10  0  0.00000000
PG01 -12298.001732  13451.453890  18861.567349    167.353871  5  6  5  72       
PG02 -14598.641829   5594.912708  21949.298632   -494.693843  5  6  5  81       
PG03 -23559.272284  11546.933266   3571.847040    153.883519  3  4  6  45       
PG04 -19660.769796   2658.527971 -17709.633054    276.600134  5  6  2  59       
PG05  22229.005175  -3116.083948 -14439.778859   -159.516299  5  3  4  48       
PG06   6338.812173  24025.050568  -9158.540587    429.909912  4  2  4  65       
PG07  -5868.156859  23832.960941  -9031.941421    -47.430196  5  2  5  65       
PG08 -24157.971145  -3568.422268  10856.381133   -164.105662  5  7  8  24       
PG09  -8450.365191  12842.851122 -21745.250835     72.250857  5  4  2  85       
PG10    386.640281 -16575.360769  20874.355148    -70.944525  4  6  4  72       
PG11  11992.197183  15584.287985 -17850.413971   -554.850730  7  6  5  89       
PG12  24308.858429  -9914.959007   3485.604344   -472.023283  4  5  5  56       
PG13  22675.400103  13413.286919   4003.223835    619.862424  5  4  4  75       
PG14  -4589.736354  18215.725407  18727.763474    309.756686  4  2  5  62       
PG15  24450.161269    982.141621  10089.693564    121.474790  2  2  3  44       
PG16 -19224.044053  -4645.412962 -18273.857106   -375.582750  4  6  2  61       
PG17   4789.817198  18315.864431  18994.258314    718.773456  5  3  4  48       
PG18   5500.820694 -24490.687855  -8377.823465   -541.910231  5  4  5  60       
PG19  13879.284486  19415.134982  11838.632321    432.285434  5  5  3  64       
PG20  13899.918127   7827.528663 -21152.834514    389.790786  7  3  3  71       
PG21 -15571.889435   -813.170433  22046.337729    137.030111  5  5  5  84       
PG22   2807.885882  15566.981904  21800.507166     41.238563  4  4  2  69       
PG23  12763.608851 -19026.264124  13294.680500    143.655206  4  5  4  57       
PG24  15228.054335  -3645.611210  21025.040751   -421.386465  3  4  4  71       
PG25  18888.777284 -17424.593754  -6449.550387    486.661997  7  4  5  58       
PG26 -11079.501542 -11573.641122 -21346.745928    196.359902  5  5  3  99       
PG28  -5890.447944 -25131.382955  -6288.606571   -111.484860  3  4  4  52       
PG29  10641.440201 -10820.579654 -21853.009908   -608.066279  7  5  3  81       
PG30   1225.231479  26374.720157    860.093653   -440.308012  5  5  2  60       
PG31 -10511.045198 -19379.453087 -14722.591894   -227.522417  2  5  5  82       
PG32  -9557.007028 -18421.147745  16890.054011   -607.985686  4  6  6  70       
*  2024  1 27 10 15  0.00000000
PG01 -12484.673454  11153.096834  20196.985455    167.355035  5  6  5  72       
PG02 -14968.065721   3204.913847  22205.354338   -494.688565  5  6  5  76       
PG03 -23176.411891  11059.033463   6401.565016    153.906288  3  4  6  26       
PG04 -21273.764691   1607.812740 -15891.328142    276.608743  5  6  3  25       
PG05  20916.057216  -1969.675025 -16475.471891   -159.517853  6  3  4  49       
PG06   6210.184906  24932.610666  -6427.227787    429.897376  4  2  4  81       
PG07  -6234.709156  22594.155032 -11539.035570    -47.438609  5  2  5  66       
PG08 -25064.058269  -4225.249777   8327.000662   -164.107178  5  7  7  38       
PG09 -10652.790873  11768.630872 -21386.552090     72.262025  5  4  2  94       
PG10   2343.164047 -17757.477524  19702.654482    -70.945088  4  5  4  67       
PG11  11863.110172  17527.093972 -16050.696261   -554.862899  7  6  5  97       
PG12  23916.415806  -9405.230718   6276.606041   -472.026350  4  5  5  53       
PG13  22816.175367  13764.246253   1159.458658    619.865604  6  4  4  75       
PG14  -6431.082477  19155.171510  17165.922794    309.765813  5  2  5  67       
PG15  25373.961862   1595.042787   7551.003717    121.478393  2     3  54       
PG16 -17425.013049  -5725.084389 -19700.289571   -375.575550  5  6  2  62       
PG17   2863.707843  17314.038098  20319.100716    718.772147  5  3  3  60       
PG18   5752.989753 -23387.143698 -10973.360415   -541.918202  6  4  5  68       
PG19  12527.390714  18744.642735  14133.184923    432.290201  5  4  3  71       
PG20  12140.902749   9547.852777 -21539.418316    389.789947  7  3  2  67       
PG21 -15929.610333  -3172.581844  21649.006916    137.028943  4  4  5  87       
PG22    705.161495  16647.598357  21175.001663     41.233005  4  4  2  66       
PG23  14003.664217 -19667.417235  10874.362474    143.662238  4  4  4  74       
PG24  15626.753264  -1173.323999  21053.030691   -421.392558  3  4  4  85       
PG25  19505.789340 -17490.086961  -3677.306137    486.663082  7  5  5  53       
PG26  -9155.143790 -13048.513799 -21375.403418    196.356537  5  5  3 100       
PG28  -5695.549056 -25709.563838  -3505.531767   -111.495563  3  4  4  55       
PG29  12728.948759  -9525.823044 -21341.066493   -608.065713  7  5  3  75       
PG30    872.322886  26317.275705  -1958.462608   -440.303738  5  5  1  60       
PG31 -10334.038418 -20928.894715 -12493.526213   -227.522712  2  4  5  86       
PG32  -7715.331140 -17666.482157  18556.067324   -607.987971  4  6  6  45       
*  2024  1 27 10 30  0.00000000
PG01 -12811.689999   8737.065399  21171.752315    167.356174  5  6  5  52       
PG02 -15468.546690    833.115943  22096.450371   -494.683377  5  6  5  73       
PG03 -22567.531565  10360.915139   9119.910020    153.929049  3  4  6  18       
PG04 -22739.650271    738.790604 -13800.840844    276.617337  5  6  3  36       
PG05  19502.373191   -619.112571 -18232.013459   -159.519315  6  3  3  84       
PG06   6099.264574  25529.920538  -3584.361224    429.884850  4  3  4  61       
PG07  -6694.948123  21097.842357 -13837.458310    -47.447097  5  1  4  72       
PG08 -25731.089520  -4725.583255   5657.261022   -164.109139  5  7  7  24       
PG09 -12851.120638  10833.200996 -20662.899978     72.273127  5  3  3  63       
PG10   4113.122072 -18957.262991  18194.483367    -70.946595  4  5  4  77       
PG11  11821.933731  19254.580464 -13974.828267   -554.875089  7  6  5  79       
PG12  23289.307640  -8704.954720   8958.257613   -472.029900  4  5  5  56       
PG13  22701.331272  13938.488597  -1704.037094    619.868806  6  4  4  63       
PG14  -8066.574007  20073.741233  15307.118447    309.774967  5  2  4  44       
PG15  26040.114920   2082.743705   4881.738489    121.482144  3     3           
PG16 -15565.605194  -6975.046771 -20800.977031   -375.568435  5  6  2  75       
PG17    773.698499  16361.838878  21305.428365    718.771562  6  3  3  44       
PG18   6092.379529 -22015.801873 -13378.034518   -541.926193  6  4  6  62       
PG19  10923.573625  18027.842089  16185.821819    432.295026  5  3  3  78       
PG20  10456.472476  11370.063873 -21553.065882    389.788351  7  3  2  74       
PG21 -16400.529270  -5439.578543  20899.546000    137.027570  4  4  5  67       
PG22  -1259.905698  17792.461716  20200.474501     41.227268  5  4  3  76       
PG23  14983.490975 -20197.076829   8265.185792    143.669185  4  4  4  55       
PG24  16135.780151   1255.245110  20705.595285   -421.398606  4  4  5  70       
PG25  19868.820066 -17390.267132   -841.054105    486.664219  7  5  4  51       
PG26  -7313.531990 -14604.838307 -21040.541299    196.353185  5  5  4  95       
PG28  -5482.990000 -25982.332585   -662.155232   -111.506376  3  4  4   7       
PG29  14813.413397  -8383.086959 -20464.054169   -608.064903  7  5  3  77       
PG30    480.648120  25960.411866  -4742.702504   -440.299406  5  5     59       
PG31 -10208.670309 -22224.089304 -10047.381963   -227.523074  3  4  4  68       
PG32  -5679.813822 -16944.933857  19909.756752   -607.990225  4  6  6  44       
*  2024  1 27 10 45  0.00000000
PG01 -13286.943522   6255.309892  21768.917593    167.357359  6  5  4  79       
PG02 -16089.061830  -1475.122862  21624.994043   -494.678284  4  5  5  70       
PG03 -21768.955780   9434.179646  11679.391947    153.951794  2  4  6  66       
PG04 -24016.749334     40.559767 -11474.169545    276.625927  6  6  3  73       
PG05  18032.485539    928.807167 -19679.865063   -159.520453  7  2  3  77       
PG06   5966.312699  25809.743256   -679.320656    429.872308  3  4  4  74       
PG07  -7273.872062  19377.723073 -15885.062770    -47.455659  5  1  4  69       
PG08 -26132.802766  -5096.447434   2892.362462   -164.111113  5  6  6  10       
PG09 -14998.498668  10044.936098 -19586.708759     72.284358  6  3  4  74       
PG10   5674.084005 -20132.202517  16374.487395    -70.947588  4  4  4  75       
PG11  11838.902291  20734.973920 -11658.634857   -554.887300  7  5  5  74       
PG12  22460.896030  -7794.215746  11483.379701   -472.033408  4  5  5  58       
PG13  22312.220342  13969.199398  -4538.659449    619.872040  6  4  4  46       
PG14  -9480.139774  20930.890550  13183.150441    309.784082  6  2  4  78       
PG15  26428.123195   2474.331771   2128.545999    121.485416  5     3  45       
PG16 -13689.835755  -8384.814607 -21557.096958   -375.561023  5  6  2  72       
PG17  -1445.681700  15491.119684  21937.832809    718.770725  6  3  3  53       
PG18   6547.740422 -20408.269538 -15550.186000   -541.934154  6  4  6  81       
PG19   9084.286810  17304.842162  17960.406618    432.299562  5  3  3  65       
PG20   8879.889567  13258.691508 -21194.048419    389.787296  7  3  3  87       
PG21 -16965.755414  -7573.861887  19812.111512    137.026661  4  4  5  82       
PG22  -3057.128654  18967.635447  18893.117384     41.221372  5  3  3  56       
PG23  15707.386985 -20574.059228   5512.331733    143.676123  5  4  4  58       
PG24  16740.599328   3593.731896  19990.405557   -421.404678  4  3  5  84       
PG25  19995.460766 -17092.912110   2009.873573    486.665356  7  5  4  40       
PG26  -5586.210426 -16209.072712 -20346.726523    196.349822  4  4  4  73       
PG28  -5215.420131 -25950.817356   2192.614138   -111.517169  3  4  4  24       
PG29  16847.524651  -7403.600299 -19237.175550   -608.064497  7  4  3  68       
PG30     16.778884  25315.634398  -7443.763099   -440.295073  5  5     68       
PG31 -10100.949021 -23242.000892  -7425.979993   -227.523319  3  3  4  90       
PG32  -3482.451539 -16288.843233  20928.229183   -607.992478  4  6  6  57       
*  2024  1 27 11  0  0.00000000
PG01 -13909.568162   3761.098541  21978.542452    167.358549  5  5  5  83       
PG02 -16811.177625  -3677.262837  20799.045283   -494.673168  4  5  4  73       
PG03 -20821.497056   8268.573031  14035.213848    153.974609  3  4  6  60       
PG04 -25067.725742   -505.188230  -8951.273612    276.634569  7  6  4  43       
PG05  16550.079755   2659.024610 -20794.661225   -159.521638  7  2  2  84       
PG06   5771.559714  25774.287284   2237.499048    429.859759  2  4  4  66       
PG07  -7990.061932  17473.922745 -17644.327458    -47.463530  5  1  3  68       
PG08 -26249.984475  -5369.476684     78.893335   -164.112222  5  6  5  63       
PG09 -17048.124876   9404.143170 -18176.351477     72.295539  6  3  4  66       
PG10   7011.831543 -21237.514771  14272.833967    -70.948360  4  3  4  58       
PG11  11879.807774  21943.918184  -9142.037041   -554.899491  7  5  4  79       
PG12  21469.492662  -6660.704759  13807.303689   -472.036721  4  5  4  82       
PG13  21638.159773  13893.259425  -7296.509605    619.875424  6  4  3  50       
PG14 -10663.930342  21685.303390  10830.530528    309.793215  6  3  4  48       
PG15  26525.204384   2802.409297   -661.049570    121.489106  6  1  3  53       
PG16 -11839.994549  -9936.097566 -21955.249043   -375.553826  5  6  2  85       
PG17  -3754.717363  14727.604987  22206.642917    718.769640  6  2  3  53       
PG18   7141.751253 -18602.652477 -17452.299249   -541.942119  6  4  5  88       
PG19   7034.330168  16613.194198  19425.325026    432.304730  5  2  3  76       
PG20   7437.975552  15173.556504 -20469.099271    389.785896  8  3  3  92       
PG21 -17600.097166  -9539.892329  18405.812728    137.025339  4  3  4  88       
PG22  -4663.085204  20135.077883  17274.366909     41.215928  4  3  4  66       
PG23  16188.229662 -20760.359717   2663.583014    143.683048  5  4  4  39       
PG24  17419.783734   5799.723350  18921.772459   -421.410711  4  3  5  84       
PG25  19910.354285 -16571.292338   4825.472179    486.666471  7  4  4  60       
PG26  -3998.727707 -17823.092790 -19304.645149    196.346495  4  4  4  80       
PG28  -4856.925544 -25624.894643   5009.644522   -111.527937  4  4  4  39       
PG29  18783.698418  -6590.227544 -17681.555710   -608.063547  7  4  3  94       
PG30   -549.689324  24402.629159 -10014.176188   -440.290726  5  5     77       
PG31  -9974.217012 -23967.817302  -4674.572448   -227.523423  3  3  4  68       
PG32  -1161.162351 -15725.038495  21594.091503   -607.994759  4  5  6  76       
*  2024  1 27 11 15  0.00000000
PG01 -14669.928342   1307.055028  21797.843980    167.359761  5  5  5  81       
PG02 -17609.710752  -5734.934970  19632.182961   -494.668049  4  5  4  64       
PG03 -19768.815195   6862.608179  16146.095654    153.997409  3  4  6  61       
PG04 -25860.958933   -923.263107  -6275.391701    276.643177  7  5  5  81       
PG05  15096.398880   4548.605488 -21557.591206   -159.523440  8  1  2  87       
PG06   5476.951293  25435.049685   5115.583510    429.847238  2  5  4  25       
PG07  -8854.703283  15431.468415 -19083.169812    -47.472101  5  2  3  63       
PG08 -26071.182088  -5579.525836  -2735.905214   -164.113768  6  6  4  66       
PG09 -18954.889273   8903.178879 -16455.854326     72.306729  6  4  5  61       
PG10   8120.768164 -22227.861857  11924.774271    -70.949508  4  2  3  77       
PG11  11907.468077  22865.267314  -6468.360839   -554.911668  6  5  4  47       
PG12  20356.838928  -5300.457524  15888.724691   -472.040036  5  4  4  70       
PG13  20676.910645  13749.676971  -9931.158878    619.878694  6  4  3  51       
PG14 -11618.440788  22296.538874   8289.857413    309.802299  6  3  3  15       
PG15  26326.685259   3101.603558  -3439.467858    121.492630  7  2  3  23       
PG16 -10055.197410 -11603.289374 -21987.707791   -375.546785  5  7  2  79       
PG17  -6109.803371  14090.006689  22108.013711    718.768754  7  2  3  48       
PG18   7889.967642 -16642.158967 -19051.656978   -541.950127  6  4  5  84       
PG19   4806.147915  15986.372228  20554.099929    432.309058  6  2  3  84       
PG20   6150.237572  17071.201259 -19391.259958    389.784761  7  3  3  98       
PG21 -18273.029972 -11307.923014  16704.368507    137.024053  4  3  4  78       
PG22  -6061.793487  21253.999913  15370.604828     41.209798  4  3  4  50       
PG23  16446.805054 -20722.749935   -231.527348    143.689985  5  4  4  38       
PG24  18145.926291   7836.201885  17520.256130   -421.416766  4  3  4  80       
PG25  19644.138705 -15805.444921   7555.987978    486.667594  7  4  3  69       
PG26  -2569.792027 -19405.521730 -17931.003994    196.343135  4  4  4  83       
PG28  -4374.617423 -25022.774568   7740.427666   -111.538709  4  4  3  48       
PG29  20575.766097  -5937.516090 -15823.878733   -608.062981  7  4  2  48       
PG30  -1244.712616  23248.516217 -12408.755080   -440.286366  5  5     71       
PG31  -9790.762138 -24395.486454  -1841.057538   -227.523876  4  3  3  77       
PG32   1241.435752 -15273.812494  21895.739809   -607.997054  4  5  5  84       
*  2024  1 27 11 30  0.00000000
PG01 -15549.984479  -1056.758219  21231.181510    167.360909  5  4  6  81       
PG02 -18453.632659  -7615.146202  18143.312700   -494.662661  4  5  3  73       
PG03 -18655.670951   5223.841784  17975.036353    154.020118  3  4  6  53       
PG04 -26371.710637  -1243.822317  -3492.309896    276.651789  8  6  5  72       
PG05  13708.752714   6567.425637 -21955.696987   -159.524356  8     1  96       
PG06   5047.825431  24812.308174   7905.190638    429.834719  2  5  4  62       
PG07  -9870.935635  13298.557696 -20175.630441    -47.480570  6  1  2  83       
PG08 -25593.141968  -5763.172586  -5504.874328   -164.114343  6  6  4  80       
PG09 -20676.951480   8526.877860 -14454.500373     72.317896  7  4  5  73       
PG10   9003.998674 -23059.115984   9370.102374    -70.951827  4  2  3  65       
PG11  11883.316835  23491.570771  -3683.590242   -554.923790  5  4  4  79       
PG12  19166.447622  -3718.264153  17690.504151   -472.043192  5  4  4  76       
PG13  19434.850588  13577.959733 -12398.378773    619.881991  6  4  2  65       
PG14 -12352.307667  22726.664091   5605.110742    309.811395  6  3  3  43       
PG15  25836.096124   3407.031340  -6159.855074    121.496326  7  2  5  65       
PG16  -8370.047685 -13354.230505 -21652.609154   -375.539264  6  7  2  64       
PG17  -8464.873108  13589.405414  21643.943188    718.767517  6  2  4  55       
PG18   8800.061708 -14573.518676 -20320.901053   -541.958059  6  3  5  82       
PG19   2438.822553  15452.407359  21325.932189    432.313974  6  2  2  78       
PG20   5028.291821  18906.450527 -17979.617310    389.783464  7  4  3  79       
PG21 -18949.836934 -12854.831347  14735.737675    137.022745  4  3  3  64       
PG22  -7245.126734  22282.334057  13212.799548     41.204178  4  3  5  68       
PG23  16510.828550 -20434.200815  -3122.604606    143.696909  6  5  4  53       
PG24  18886.794465   9672.746765  15812.158358   -421.422828  4  3  4  74       
PG25  19232.143866 -14783.197429  10152.863873    486.668700  6  4  4  50       
PG26  -1310.686166 -20913.211764 -16248.328084    196.339777  4  5  4  71       
PG28  -3740.106824 -24170.276330  10337.916326   -111.549479  4  4  3  39       
PG29  22180.619052  -5432.067769 -13695.935223   -608.062479  7  4  2  50       
PG30  -2088.553011  21886.815426 -14585.439627   -440.282016  5  5     57       
PG31  -9513.498336 -24527.916695   1024.880746   -227.523953  4  2  3  57       
PG32   3679.422950 -14948.150282  21827.567526   -607.999371  4  5  5  77       
*  2024  1 27 11 45  0.00000000
PG01 -16524.015563  -3284.629648  20289.890151    167.362106  5  4  6  77       
PG02 -19307.188938  -9291.299748  16356.416890   -494.657939  5  5  3  56       
PG03 -17526.145028   3368.792418  19489.997842    154.042852  3  4  5  48       
PG04 -26583.040634  -1501.014435   -649.591442    276.660395  8  5  6  70       
PG05  12419.185335   8679.127658 -21982.084138   -159.525152  8     1  93       
PG06   4454.453456  23934.284093  10558.221611    429.822186  2  5  4  55       
PG07 -11033.561292  11124.700969 -20902.405912    -47.488763  6  2  2  87       
PG08 -24820.959461  -5957.165344  -8181.664551   -164.117721  6  6  4  88       
PG09 -22177.206875   8253.275642 -12206.348167     72.329074  7  4  5  87       
PG10   9673.069419 -23690.114347   6652.515760    -70.953504  4  2  3  69       
PG11  11769.052412  23824.233484   -835.577225   -554.936012  5  4  4  74       
PG12  17941.873721  -1927.727052  19180.401688   -472.046857  5  3  4  75       
PG13  17926.836449  13416.486182 -14656.828085    619.885181  6  4  2  62       
PG14 -12881.787052  22941.806701   2822.876481    309.820549  6  4  3  71       
PG15  25064.971661   3752.776809  -8776.819583    121.499741  8  2  5  73       
PG16  -6813.454992 -15151.224003 -20954.065215   -375.532120  6  7  3  45       
PG17 -10772.910543  13228.914982  20822.219628    718.766581  6  2  5  60       
PG18   9871.382309 -12445.280083 -21238.490669   -541.965922  7  3  5  87       
PG19    -23.202554  15032.733126  21726.152329    432.318970  6  1  2  74       
PG20   4075.603336  20634.041591 -16258.938796    389.782001  6  3  3  72       
PG21 -19592.885192 -14164.728748  12531.726037    137.021536  4  3  3  57       
PG22  -8212.952764  23178.267469  10836.089307     41.198471  4  2  5  62       
PG23  16413.696541 -19875.072512  -5959.300344    143.703801  6  5  4  69       
PG24  19606.673120  11286.450364  13828.918216   -421.428900  4  3  4  61       
PG25  18712.891494 -13500.891979  12569.684709    486.669807  6  4  4  70       
PG26   -224.969018 -22302.824113 -14284.651436    196.336432  4  5  4  60       
PG28  -2930.807716 -23099.821566  12757.337946   -111.560257  5  4  3  66       
PG29  23559.746178  -5053.219374 -11334.087990   -608.061648  8  3  2  66       
PG30  -3094.764874  20356.165811 -16506.080002   -440.277704  6  5     71       
PG31  -9107.645786 -24376.826588   3872.690991   -227.524249  4  2  2  31       
PG32   6105.103955 -14753.236539  21390.088477   -608.001637  4  4  4  86       
*  2024  1 27 12  0  0.00000000
PG01 -17559.662115  -5336.787625  18991.971542    167.363251  6  3  6  80       
PG02 -20131.198516 -10743.997581  14300.246762   -494.652571  5  5  4  52       
PG03 -16421.895127   1322.501088  20664.495377    154.065577  2  4  5  46       
PG04 -26486.437828  -1731.471855   2204.219830    276.669048  7  5  7  67       
PG05  11253.348942  10842.315693 -21636.042827   -159.526731  8        87       
PG06   3673.384205  22836.011408  13029.054956    429.809661  3  5  4  56       
PG07 -12329.126847   8958.823272 -21251.214406    -47.497071  6  2  2  89       
PG08 -23767.937098  -6196.871669 -10721.447758   -164.119639  6  6  5  79       
PG09 -23424.584769   8054.599007  -9749.671923     72.340256  7  3  5  56       
PG10  10147.373375 -24084.331822   3818.884679    -70.954160  5  2  2  64       
PG11  11528.281964  23873.345829   2026.777615   -554.947986  4  4  4  20       
PG12  16724.986199     49.040165  20331.716914   -472.050016  5  3  4  86       
PG13  16175.764226  13300.935197 -16668.690006    619.888661  6  4  1  69       
PG14 -13229.933715  22913.564231     -8.481806    309.829666  5  4  3  74       
PG15  24032.374219   4170.437938 -11247.113230    121.503373  8  3  6  74       
PG16  -5407.654961 -16952.275047 -19902.200303   -375.524977  6  7  3  35       
PG17 -12987.496459  13003.639311  19656.301232    718.766075  5  3  5  72       
PG18  11094.851801 -10306.054076 -21789.051067   -541.973821  6  3  5  88       
PG19  -2531.627165  14741.292568  21746.569000    432.323703  7  2  2  75       
PG20   3287.548756  22210.260830 -14259.214666    389.781062  6  3  3  71       
PG21 -20162.999172 -15229.334329  10127.571116    137.020717  3  3  3  72       
PG22  -8972.991372  23901.788817   8279.307187     41.193137  4  2  5  72       
PG23  16193.019659 -19034.022165  -8692.221394    143.710732  7  5  4  80       
PG24  20267.835013  12662.521167  11606.431906   -421.434954  3  3  4  58       
PG25  18126.460169 -11963.772168  14763.098091    486.670935  6  4  4  53       
PG26    691.519914 -23532.447964 -12073.100847    196.333037  4  5  4   6       
PG28  -1931.016687 -21849.184410  14956.970224   -111.571020  5  4  3  79       
PG29  24680.607363  -4774.005652  -8778.664125   -608.060888  8  3  2  69       
PG30  -4269.456659  18698.851890 -18137.141416   -440.273360  5  4     56       
PG31  -8542.338402 -23962.244809   6651.910692   -227.524421  4  2  2  37       
PG32   8470.609576 -14686.262765  20589.971268   -608.003949  4  4  3  93       
*  2024  1 27 12 15  0.00000000
PG01 -18619.239567  -7180.726590  17361.655845    167.364328  5  2  7  38       
PG02 -20884.492278 -11961.597862  12007.955656   -494.647585  4  5  4  30       
PG03 -15380.522368   -882.249280  21478.081754    154.088304  2  3  4  61       
PG04 -26082.143464  -1972.710505   5020.410046    276.677648  7  5  7           
PG05  10229.624991  13011.946296 -20923.076818   -159.527756  8     1  87       
PG06   2688.539073  21557.958062  15275.328917    429.797147  4  4  3  53       
PG07 -13736.371296   6847.413761 -21216.985889    -47.505564  6  2  3  89       
PG08 -22455.156429  -6514.781969 -13081.607005   -164.121969  6  6  6  73       
PG09 -24395.129982   7898.486599  -7126.331063     72.351445  7  3  5  54       
PG10  10453.238303 -24211.402025    918.440872    -70.955490  5  2  2  65       
PG11  11128.096834  23657.191145   4854.359882   -554.960161  4  4  4  51       
PG12  15554.313934   2182.064407  21123.823841   -472.053351  5  2  4  76       
PG13  14211.843538  13262.829927 -18400.253043    619.891768  6  4     61       
PG14 -13425.513997  22620.212280  -2839.689550    309.838789  5  4  4  64       
PG15  22764.164172   4687.791464 -13530.253785    121.506491  7  3  6  51       
PG16  -4167.468739 -18712.516442 -18513.101575   -375.517729  6  6  4  50       
PG17 -15064.338418  12900.922388  18165.129195    718.764175  4  3  5  15       
PG18  12453.201567  -8202.772654 -21963.608498   -541.981791  6  3  5  97       
PG19  -5035.969021  14583.948334  21385.701544    432.328291  6  2  3  76       
PG20   2651.796226  23594.524212 -12015.116816    389.779493  5  3  4  55       
PG21 -20620.890459 -16048.103709   7561.504126    137.019610  3  3  3  62       
PG22  -9540.391064  24416.197509   5584.448261     41.186958  5  1  6  42       
PG23  15888.997467 -17908.591988 -11273.820852    143.717663  7  6  4  77       
PG24  20832.075755  13794.560028   9184.317820   -421.441006  3  3  3  65       
PG25  17512.784255 -10186.010039  16693.685901    486.672072  5  3  5  57       
PG26   1450.348142 -24563.195524  -9651.374876    196.329657  5  5  4  62       
PG28   -732.726285 -20460.046532  16898.864843   -111.581786  5  3  3  60       
PG29  25517.791644  -4562.367833  -6073.282653   -608.060496  8  3  1  68       
PG30  -5610.859045  16959.198331 -19450.314239   -440.269035  6  4  1  71       
PG31  -7792.087878 -23311.676639   9313.137862   -227.524788  5  1  2  56       
PG32  10729.517018 -14736.544054  19439.981716   -608.006238  4  4  3  88       
*  2024  1 27 12 30  0.00000000
PG01 -19661.261663  -8792.221702  15428.851923    167.365441  5  2  6  54       
PG02 -21525.445989 -12940.506517   9516.672255   -494.642118  4  5  4  42       
PG03 -14434.113783  -3206.024510  21916.714982    154.111006  2  3  4  55       
PG04 -25379.154845  -2261.497606   7750.907459    276.686295  7  5  8  67       
PG05   9358.525154  15140.866299 -19854.838915   -159.529230  8     2  86       
PG06   1492.016026  20144.455286  17258.658873    429.784605  4  4  4  54       
PG07 -15227.016044   4832.806613 -20801.875959    -47.513973  6  2  3  83       
PG08 -20910.778224  -6939.121278 -15222.397539   -164.123898  6  6  6  92       
PG09 -25072.826807   7749.393895  -4381.078011     72.362606  7  3  5  68       
PG10  10622.730136 -24048.421319  -1998.100442    -70.956697  6  2  2  62       
PG11  10540.518316  23201.450660   7598.677650   -554.972329  4  3  4  63       
PG12  14463.536346   4434.491215  21542.583257   -472.056671  5  2  4  89       
PG13  12071.613299  13328.247392 -19822.430272    619.895555  5  4     58       
PG14 -13501.696177  22047.661782  -5621.448237    309.847939  5  4  4  47       
PG15  21292.049085   5327.620080 -15589.086025    121.510004  6  3  6  50       
PG16  -3099.834473 -20385.774246 -16808.677174   -375.510573  6  5  4  40       
PG17 -16962.734499  12900.883454  16372.874710    718.763456  3  4  5  21       
PG18  13921.535098  -6179.030113 -21759.709593   -541.989748  7  3  6  70       
PG19  -7485.344933  14558.225492  20648.886053    432.333121  6  2  3  69       
PG20   2148.984525  24750.842185  -9565.385242    389.777885  4  2  4  66       
PG21 -20928.603160 -16628.109606   4874.287371    137.018326  3  4  4  57       
PG22  -9937.035223  24689.523366   2796.079656     41.181205  5  2  5  70       
PG23  15542.701056 -16505.453467 -13659.252824    143.724615  8  6  4  82       
PG24  21262.250512  14684.510272   6605.146791   -421.447079  3  3  4  58       
PG25  16909.960520  -8190.366562  18326.762162    486.673215  5  3  5  80       
PG26   2069.877403 -25360.709047  -7061.123093    196.326309  5  5  3  56       
PG28    663.860721 -18976.413024  18549.506534   -111.592554  5  3  3  80       
PG29  26053.916699  -4382.561627  -3264.127881   -608.059762  8  3  2  40       
PG30  -7109.217137  15181.899716 -20423.016800   -440.264688  5  4  2  80       
PG31  -6838.038606 -22458.969197  11808.993618   -227.524788  5     2  68       
PG32  12838.430789 -14885.944637  17958.830671   -608.008538  4  5  4  81       
*  2024  1 27 12 45  0.00000000
PG01 -20642.106517 -10155.998660  13228.504658    167.366575  5  2  6  75       
PG02 -22013.558410 -13685.189368   6867.012502   -494.636769  4  5  4   9       
PG03 -13608.020031  -5604.096079  21973.002126    154.133702  2  3  3  74       
PG04 -24394.909479  -2632.249547  10349.083843    276.694918  7  5  8  56       
PG05   8642.395089  17181.443039 -18448.972023   -159.530486  8     2  95       
PG06     84.572609  18641.997242  18945.278358    429.772058  5  4  3  45       
PG07 -16766.855471   2951.668490 -20015.109752    -47.522362  5  2  3  77       
PG08 -19169.094556  -7492.618464 -17107.572204   -164.126122  6  6  6  92       
PG09 -25450.133641   7570.129497  -1560.814250     72.373751  7  3  5  48       
PG10  10692.216924 -23580.977634  -4879.468370    -70.958495  6  2  3  72       
PG11   9743.757947  22538.137150  10212.685270   -554.984515  5  3  4  38       
PG12  13480.183464   6763.850088  21580.621751   -472.059817  5  1  4  91       
PG13   9796.733623  13516.739406 -20911.211940    619.898649  5  4  1  65       
PG14 -13494.571600  21190.125649  -8305.324784    309.857060  4  4  4  53       
PG15  19652.448987   6106.738375 -17390.280506    121.513432  6  3  6  48       
PG16  -2203.634966 -21926.220666 -14816.415647   -375.503217  7  4  4  73       
PG17 -18646.922432  12977.221061  14308.619805    718.762732  3  4  5  11       
PG18  15468.194661  -4273.569923 -21181.425592   -541.997684  7  3  6  90       
PG19  -9830.287002  14653.403123  19548.247110    432.338014  5  2  4  63       
PG20   1753.672474  25649.114490  -6952.153624    389.776775  3  2  4  78       
PG21 -21050.933125 -16983.676362   2108.724368    137.017272  3  4  4  55       
PG22 -10190.596688  24695.805895    -39.304749     41.175502  5  2  5  44       
PG23  15194.333662 -14840.297771 -15807.173565    143.731590  8  6  4  52       
PG24  21523.752842  15342.295013   3913.655849   -421.453151  3  3  4  66       
PG25  16352.636981  -6007.496249  19633.074525    486.674383  4  3  5  84       
PG26   2574.370666 -25896.517210  -4347.233876    196.322952  5  5  3  54       
PG28   2250.137236 -17442.950505  19880.395777   -111.603270  5  3  3  74       
PG29  26280.235797  -4196.711191   -399.179334   -608.059137  8  3  3  71       
PG30  -8747.010228  13410.354380 -21038.781305   -440.260427  5  3  3  89       
PG31  -5668.956321 -21442.921973  14095.050751   -227.525082  5  1  2  70       
PG32  14758.466263 -15109.600320  16170.925419   -608.010789  4  5  4  90       
*  2024  1 27 13  0  0.00000000
PG01 -21517.754437 -11266.041201  10799.879243    167.367681  5  2  6  73       
PG02 -22311.022440 -14207.899151   4102.529393   -494.631577  4  5  4  23       
PG03 -12919.917288  -8028.009256  21646.315083    154.156378  3  4  2  68       
PG04 -23154.661400  -3115.520786  12770.532969    276.703529  7  5  8  63       
PG05   8075.433539  19087.228391 -16728.855823   -159.531502  7     3  90       
PG06  -1524.229229  17097.477592  20306.594111    429.759614  5  4  3  25       
PG07 -18317.093190   1233.754980 -18872.668649    -47.530658  5  2  3  70       
PG08 -17269.364474  -8191.477441 -18704.964312   -164.127998  6  6  6  77       
PG09 -25528.207058   7323.464382   1286.194297     72.384923  6  3  5  55       
PG10  10700.750330 -22803.856370  -7674.794206    -70.959300  7  2  3  67       
PG11   8723.243704  21704.298834  12651.581170   -554.996654  5  3  4  32       
PG12  12624.600957   9123.554704  21237.470051   -472.063279  5     5  82       
PG13   7432.596253  13840.503201 -21648.046808    619.902247  4  5  2  71       
PG14 -13441.566947  20050.467112 -10844.624898    309.866239  4  4  5  41       
PG15  17885.219220   7035.246475 -18904.770256    121.517057  5  4  6  83       
PG16  -1469.835987 -23290.055422 -12569.041522   -375.496005  7  3  5  75       
PG17 -20087.268414  13098.261456  12005.971672    718.761174  4  4  5           
PG18  17055.895995  -2518.973913 -20239.244008   -542.005626  7  4  6  73       
PG19 -12024.519455  14850.955891  18102.530750    432.342781  4  3  4  66       
PG20   1435.519860  26266.207437  -4220.226102    389.775599  3     4  77       
PG21 -20956.779280 -17135.776155   -690.860488    137.016121  3  4  4  73       
PG22 -10333.368652  24416.184797  -2873.981882     41.169746  5  2  5  52       
PG23  14881.540045 -12937.377186 -17680.473129    143.738621  9  6  5  79       
PG24  21585.881343  15785.166324   1155.961511   -421.459219  4  4  4  78       
PG25  15870.555517  -3674.923475  20589.389463    486.675534  4  2  6  77       
PG26   2992.851582 -26149.182684  -1557.042250    196.319484  5  5  3  73       
PG28   4009.226568 -15903.311784  20868.544819   -111.613924  5  2  4  83       
PG29  26196.928989  -3966.449986   2472.590051   -608.058755  8  4  3  53       
PG30 -10499.488577  11685.070303 -21287.516679   -440.256117  5  3  3  91       
PG31  -4281.905079 -20305.701656  16130.703789   -227.525144  4  1  3  58       
PG32  16456.580044 -15376.914932  14106.024009   -608.013085  4  6  4  92       
*  2024  1 27 13 15  0.00000000
PG01 -22245.526523 -12125.534535   8185.792328    167.368764  4  3  6  73       
PG02 -22384.235148 -14528.120459   1269.100687   -494.626219  4  5  4  47       
PG03 -12379.190061 -10427.298933  20942.777225    154.179066  3  4  1  65       
PG04 -21690.572724  -3736.641433  14973.814257    276.712197  6  5  8  83       
PG05   7644.028166  20814.596074 -14723.260052   -159.532661  6     4  90       
PG06  -3316.220432  15556.431116  21319.647541    429.747144  5  4  2  60       
PG07 -19835.859296   -299.017099 -17396.837627    -47.538847  5  3  4  80       
PG08 -15254.472369  -9044.588784 -19987.020751   -164.129353  6  6  6 100       
PG09 -25316.805524   6973.752510   4111.130510     72.396105  5  3  5  93       
PG10  10688.331155 -21721.388702 -10334.577501    -70.960344  8  2  3  71       
PG11   7472.372414  20740.543570  14873.566659   -555.008869  5  3  3  75       
PG12  11909.223724  11464.575043  20519.557497   -472.066722  5     5  87       
PG13   5026.801786  14303.831855 -22020.147852    619.905567  3  5  2  81       
PG14 -13379.812647  18640.215286 -13195.232465    309.875350  4  4  5  64       
PG15  16032.275164   8116.032502 -20108.126174    121.520848  5  4  6  84       
PG16   -881.938727 -24437.152612 -10104.063842   -375.488649  7     5  82       
PG17 -21261.253883  13228.218775   9502.610087    718.760267  6  4  5  30       
PG18  18643.085622   -940.601769 -18949.852140   -542.013601  7  4  6  71       
PG19 -14026.621561  15125.331202  16336.798119    432.347533  4  2  4  69       
PG20   1160.652984  26586.774780  -1416.317482    389.773994  3  1  4  63       
PG21 -20620.385669 -17111.200593  -3479.175863    137.014922  3  4  4  56       
PG22 -10400.908601  23839.757520  -5659.744384     41.163821  5  2  5  66       
PG23  14637.832856 -10828.716715 -19246.923595    143.745568  9  6  5  73       
PG24  21423.046711  16036.800151  -1621.213799   -421.465335  4  4  4  89       
PG25  15487.312872  -1235.733816  21178.944994    486.676669  4  1  6  82       
PG26   3357.760603 -26105.189993   1260.527519    196.316105  5  4  2  70       
PG28   5916.441817 -14398.511972  21496.878191   -111.624689  5  2  4  81       
PG29  25813.066958  -3654.585955   5302.035167   -608.058282  7  4  4  51       
PG30 -12335.503289  10042.206992 -21165.645535   -440.251766  5  3  3  96       
PG31  -2682.581350 -19091.129713  17879.957673   -227.525345  4  2  3  83       
PG32  17906.695442 -15652.797139  11798.793336   -608.015392  4  6  4  88       
*  2024  1 27 13 30  0.00000000
PG01 -22785.755976 -12746.457595   5431.809049    167.369841  4  4  6  69       
PG02 -22205.191990 -14671.744900  -1585.743944   -494.621026  5  5  4  42       
PG03 -11986.657895 -12751.283930  19875.122925    154.201747  4  4  1  55       
PG04 -20040.554033  -4514.555686  16921.150176    276.720869  5  5  8  87       
PG05   7327.398109  22324.291633 -12465.906595   -159.533851  5  1  4  74       
PG06  -5265.155089  14061.347399  21967.476905    429.734670  5  4     79       
PG07 -21279.838209  -1633.151696 -15615.634796    -47.547290  4  3  4  73       
PG08 -13169.454515 -10053.012728 -20931.277785   -164.132099  6  6  5 100       
PG09 -24833.874993   6488.500188   6865.455048     72.407366  4  3  5  45       
PG10  10694.131875 -20347.422926 -12811.637089    -70.961467  8  2  4  74       
PG11   5992.959195  19689.440119  16840.553459   -555.021008  5  3  3  54       
PG12  11338.187574  13737.210867  19440.063829   -472.069936  5     5  80       
PG13   2627.556558  14902.865361 -22020.718111    619.909032  3  5  3  71       
PG14 -13344.534039  16979.247320 -15316.397925    309.884393  4  4  5  78       
PG15  14136.164722   9344.537102 -20980.872165    121.524303  5  4  5  76       
PG16   -416.737726 -25332.607930  -7463.217045   -375.481632  7     5  50       
PG17 -22154.223595  13328.627054   6839.767913    718.759301  6  4  5  16       
PG18  20185.467372    444.181398 -17335.818536   -542.021593  7  4  6  87       
PG19 -15801.505680  15445.032209  14281.983471    432.352309  5  1  4  69       
PG20    893.161594  26603.793176   1411.730819    389.772925  3     4  66       
PG21 -20022.433747 -16941.527482  -6210.553664    137.013914  3  4  3  38       
PG22 -10430.540307  22964.165628  -8348.685700     41.158108  5  3  5  14       
PG23  14491.198884  -8553.028325 -20479.732130    143.752548  9  6  5  70       
PG24  21015.779893  16126.178141  -4371.291214   -421.471404  4  4  4  74       
PG25  15219.394358   1262.962844  21391.759348    486.677810  4     6  84       
PG26   3703.461966 -25759.532823   4055.866940    196.312737  5  4  2  75       
PG28   7940.053120 -12965.418895  21754.530651   -111.635414  4  1  4  85       
PG29  25146.248083  -3226.727288   8040.666647   -608.057692  7  4  4  52       
PG30 -14218.593479   8512.310478 -20676.115753   -440.247423  5  3  4  93       
PG31   -885.289955 -17842.917208  19312.114819   -227.525551  4  2  3  80       
PG32  19090.577656 -15899.094025   9288.273623   -608.017670  4  6  3  88       
*  2024  1 27 13 45  0.00000000
PG01 -23103.329602 -13148.850130   2585.423560    167.370909  5  4  6  57       
PG02 -21752.711514 -14669.998505  -4413.552873   -494.615936  4  5  3  67       
PG03 -11734.654461 -14950.867907  18462.434888    154.224424  4  4  2  60       
PG04 -18246.896554  -5460.906035  18579.066461    276.729559  4  5  8  98       
PG05   7098.521810  23582.836584  -9994.943986   -159.535425  5  2  5  63       
PG06  -7337.552000  12650.120003  22239.376325    429.722221  5  4     67       
PG07 -22605.935015  -2763.797451 -13562.146760    -47.555661  3  4  4  64       
PG08 -11059.944487 -11209.755972 -21520.771613   -164.133934  6  6  5  89       
PG09 -24104.830804   5839.823027   9501.737483     72.418674  3  3  4  83       
PG10  10754.752314 -18704.916142 -15062.023383    -70.962390  8  2  4  84       
PG11   4295.366190  18593.857683  18518.808631   -555.033156  5  3  3  63       
PG12  10907.293161  15892.891941  18018.633671   -472.073402  4     5  82       
PG13    282.045128  15625.653339 -21649.092635    619.912490  3  5  3  69       
PG14 -13367.530724  15095.150287 -17171.459995    309.893568  4  3  5  57       
PG15  12238.634997  10708.785512 -21508.740813    121.527886  5  4  5  68       
PG16    -45.362682 -25948.121597  -4691.796890   -375.474227  7     5  68       
PG17 -22759.864849  13359.897257   4061.645426    718.758397  7  4  4  48       
PG18  21637.638967   1626.463058 -15425.179848   -542.029511  7  4  6  63       
PG19 -17321.646676  15773.962552  11974.324571    432.356625  5     4  44       
PG20    596.669719  26318.793943   4215.746881    389.771553  3  1  4  39       
PG21 -19150.946133 -16661.908993  -8839.576946    137.012744  2  3  3  70       
PG22 -10459.766306  21795.879546 -10894.015678     41.152401  4  3  4  29       
PG23  14462.940051  -6154.372139 -21357.989673    143.759504  9  6  6  82       
PG24  20351.510734  16086.302740  -7048.552246   -421.477490  4  4  5  87       
PG25  15075.521417   3771.730152  21224.788982    486.678944  4  1  6  79       
PG26   4064.663460 -25115.972250   6779.615883    196.309376  5  4  2  69       
PG28  10042.333927 -11635.416193  21637.037222   -111.646177  4  2  4  80       
PG29  24221.921456  -2652.806117  10641.472245   -608.057006  6  4  4  61       
PG30 -16108.284782   7119.289449 -19828.290170   -440.242984  5  4  4  70       
PG31   1087.436791 -16602.923490  20402.343888   -227.525678  4  3  4  80       
PG32  19998.421434 -16076.169004   6617.254093   -608.019932  4  7  3  73       
*  2024  1 27 14  0  0.00000000
PG01 -23169.044631 -13359.791818   -304.761213    167.371954  5  5  6  75       
PG02 -21013.439797 -14558.153345  -7165.733641   -494.610525  5  5  3  71       
PG03 -11607.452838 -16980.275559  16729.766847    154.247090  5  4  3  21       
PG04 -16354.746746  -6579.399210  19918.964843    276.738200  2  5  7  67       
PG05   6925.317679  24563.732440  -7352.339552   -159.536284  5  2  5  30       
PG06  -9493.814477  11354.688690  22131.049525    429.709759  5  4  1  70       
PG07 -23772.910323  -3694.617808 -11273.794060    -47.563984  3  4  4  81       
PG08  -8970.591993 -12499.855171 -21744.375501   -164.136852  6  6  4  70       
PG09 -23161.561653   5005.732845  11974.475402     72.430018  3  4  4  78       
PG10  10902.583988 -16825.160757 -17045.868777    -70.963496  8  2  5  56       
PG11   2398.305006  17495.307177  19879.526548   -555.045455  4  4  4  78       
PG12  10604.320450  17885.929943  16280.962972   -472.076872  3     5  72       
PG13  -1965.164299  16452.529865 -20910.792662    619.915602  3  5  3  74       
PG14 -13475.805490  13022.289060 -18728.486939    309.902708  4  3  5  75       
PG15  10379.239076  12189.685015 -21682.869927    121.531644  5  4  5  60       
PG16    265.430479 -26263.155707  -1837.897991   -375.466924  8     5  72       
PG17 -23080.395524  13282.946631   1214.760529    718.757407  7  4  4           
PG18  22954.776027   2605.912706 -13250.941708   -542.037478  7  4  6  57       
PG19 -18568.009449  16072.976275   9454.677744    432.361756  6     4  79       
PG20    235.920671  25741.784029   6948.024498    389.770334  3  2  4  43       
PG21 -18001.965691 -16309.714084 -11321.745331    137.012214  3  4  2  76       
PG22 -10524.649459  20350.160922 -13250.894233     41.146907  3  4  4           
PG23  14566.793911  -3680.618541 -21867.008544    143.766515  8  6  6  52       
PG24  19425.095580  15952.795245  -9608.816664   -421.483581  4  4  5  79       
PG25  15056.339021   6240.590016  20681.934603    486.680100  4  1  6  86       
PG26   4474.815928 -24186.951561   9383.600933    196.306007  6  4  2  67       
PG28  12180.846575 -10433.290693  21146.411941   -111.656921  4  2  4  61       
PG29  23072.420475  -1908.440975  13059.718379   -608.056330  5  4  4  66       
PG30 -17961.545485   5879.669661 -18637.720542   -440.238676  5  4  4  62       
PG31   3205.558906 -15409.513583  21132.117764   -227.525842  3  3  4  73       
PG32  20629.124133 -16144.564411   3831.567001   -608.022206  5  7  2  63       
*  2024  1 27 14 15  0.00000000
PG01 -22960.735095 -13412.139517  -3189.841008    167.372975  5  5  6  37       
PG02 -19982.588825 -14374.065052  -9794.376418   -494.605349  5  5  3  13       
PG03 -11582.016694 -18798.656233  14707.661485    154.269755  5  3  3  29       
PG04 -14410.480106  -7865.479575  20917.618786    276.746869  2  5  7  76       
PG05   6772.034916  25248.416689  -4583.196225   -159.537879  5  2  5           
PG06 -11689.585263  10199.924363  21644.657733    429.697307  5  4  3  55       
PG07 -24742.918912  -4437.326634  -8791.550288    -47.572233  2  4  4  75       
PG08  -6943.511893 -13900.769610 -21597.055130   -164.137649  6  6  4  74       
PG09 -22041.192856   3971.203068  14240.887206     72.441340  3  4  3  73       
PG10  11164.354308 -14746.677041 -18728.154542    -70.964543  8  3  5  77       
PG11    328.319539  16432.347499  20899.318765   -555.057598  4  4  4  73       
PG12  10409.676547  19675.150186  14258.270032   -472.080411  3  1  5  85       
PG13  -4073.624390  17356.790290 -19817.488496    619.918968  3  5  3  68       
PG14 -13690.397543  10800.618258 -19960.825730    309.911850  4  3  5  82       
PG15   8594.027407  13761.578232 -21499.939551    121.535360  5  5  4  63       
PG16    551.766436 -26265.811218   1048.436207   -375.459819  7  1  5  56       
PG17 -23126.447179  13060.842884  -1652.761600    718.756552  7  4  4  60       
PG18  24094.299802   3390.580970 -10850.503146   -542.045522  7  4  6  54       
PG19 -19530.634607  16301.566504   6767.733740    432.366597  6  2  4  65       
PG20   -221.683536  24890.860406   9562.107915    389.768804  3  3  4  51       
PG21 -16579.977672 -15923.064725 -13614.175301    137.010715  3  3  2  55       
PG22 -10658.226498  18650.693176 -15377.267880     41.140882  2  4  3  66       
PG23  14808.366566  -1181.772498 -21998.544918    143.773475  8  6  6  64       
PG24  18239.081257  15762.428022 -12010.077043   -421.489707  5  4  5  70       
PG25  15154.452728   8620.817272  19773.898898    486.681234  4  2  5  74       
PG26   4964.561284 -22993.168508  11821.756784    196.302613  6  4  2  74       
PG28  14309.918088  -9376.386917  20291.113855   -111.667697  4  2  4  72       
PG29  21735.742693   -976.084515  15253.718471   -608.055560  4  4  4  81       
PG30 -19734.341298   4802.151655 -17125.814194   -440.234355  5  4  4  73       
PG31   5432.554523 -14296.083551  21489.512845   -227.526041  3  4  4  78       
PG32  20990.228768 -16066.684047    979.309778   -608.024498  5  7  2  64       
*  2024  1 27 14 30  0.00000000
PG01 -22464.132220 -13343.075370  -6021.393524    167.374006  5  5  6  68       
PG02 -18664.370428 -14156.587074 -12253.107808   -494.600079  5  5  3  57       
PG03 -11629.044144 -20371.493428  12431.575343    154.292426  6  3  4  48       
PG04 -12460.034959  -9306.324289  21557.583597    276.755571  3  6  6  87       
PG05   6600.802900  25626.931199  -1735.002975   -159.539424  5  3  5  74       
PG06 -13877.285150   9202.796969  20788.762679    429.684824  5  5  4  72       
PG07 -25482.895169  -5010.921381  -6159.136677    -47.580576  2  4  4  63       
PG08  -5016.820667 -15383.074590 -21080.033929   -164.139720  5  6  3  63       
PG09 -20784.655319   2728.969029  16261.664170     72.452587  3  5  3  63       
PG10  11559.913810 -12513.818259 -20079.375099    -70.966094  8  2  5  67       
PG11  -1881.032082  15439.117562  21560.613857   -555.069775  4  4  5  68       
PG12  10297.345433  21225.337728  11986.666492   -472.083772  2  2  5  80       
PG13  -6008.368171  18305.649152 -18386.868072    619.922034  3  5  3  80       
PG14 -14025.465911   8474.286386 -20847.549842    309.921026  4  3  5  79       
PG15   6914.365927  15393.035538 -20962.248179    121.538529  5  5  4  68       
PG16    851.013632 -25953.379580   3916.135737   -375.452738  7  2  5  62       
PG17 -22916.639841  12660.402531  -4491.953582    718.755146  6  4  4  70       
PG18  25017.466161   3996.378922  -8265.014850   -542.053490  6  4  6  67       
PG19 -20208.857992  16419.620003   3961.153881    432.371157  6  3  4  62       
PG20   -804.646109  23791.533149  12013.553867    389.767288  3  3  4  19       
PG21 -14898.047998 -15539.311934 -15676.329787    137.009566  3  3  2  54       
PG22 -10889.018562  16728.883643 -17234.691277     41.135294  2  4  3  81       
PG23  15184.898015   1291.773971 -21750.904571    143.780488  8  6  6  75       
PG24  16803.701540  15551.642113 -14213.087132   -421.495797  5  4  5  77       
PG25  15354.808911  10866.668413  18517.904327    486.682373  4  3  5  81       
PG26   5560.296279 -21562.821322  14051.007930    196.299261  6  4  3  62       
PG28  16382.249616  -8474.061096  19085.900786   -111.678469  4  2  4  85       
PG29  20254.121425    154.089241  17185.554972   -608.055191  4  4  3  84       
PG30 -21383.227031   3887.484139 -15319.403541   -440.229986  5  4  4  66       
PG31   7726.705356 -13289.814211  21469.366408   -227.526104  3  4  4  82       
PG32  21097.534519 -15808.428222  -1889.992362   -608.026780  6  6  3  97       
*  2024  1 27 14 45  0.00000000
PG01 -21673.433878 -13192.522879  -8752.228401    167.375048  5  5  6  56       
PG02 -17072.096978 -13943.920390 -14497.959620   -494.595131  5  4  3  58       
PG03 -11714.259762 -21671.767263   9941.223903    154.315079  6  3  4  69       
PG04 -10547.268901 -10881.162679  21827.513304    276.764229  4  6  6  76       
PG05   6373.280218  25698.273745   1143.170194   -159.540425  5  3  5  40       
PG06 -16007.777517   8371.855728  19578.166938    429.672263  5  5  4  66       
PG07 -25965.737890  -5440.655956  -3422.211473    -47.588910  1  4  4  63       
PG08  -3223.316107 -16911.435855 -20200.860552   -164.140853  5  7  3  83       
PG09 -19435.115058   1280.029726  18001.667845     72.463837  3  5  2  73       
PG10  12101.318474 -10175.147873 -21076.083809    -70.967889  8  3  5  93       
PG11  -4190.266352  14544.050066  21851.960655   -555.081875  4  5  5  73       
PG12  10236.095754  22508.441778   9506.445604   -472.087388     2  5  53       
PG13  -7741.072389  19261.447930 -16642.408947    619.925626  3  5  2  56       
PG14 -14487.658241   6090.088132 -21373.798901    309.930152  4  3  5  84       
PG15   5365.919880  17047.863008 -20077.725979    121.542270  5  5  3  65       
PG16   1200.071302 -25332.536710   6714.079155   -375.445285  7  2  4  60       
PG17 -22476.856358  12053.681591  -7253.817313    718.754373  6  4  3  70       
PG18  25690.816834   4446.259754  -5538.682044   -542.061396  6  4  6  65       
PG19 -20611.156202  16389.161727   1084.648363    432.375992  6  4  4  69       
PG20  -1536.096506  22475.782829  14260.660265    389.765620  4  4  4   8       
PG21 -12977.657820 -15193.503649 -17470.767849    137.008669  4  3  2  66       
PG22 -11239.703088  14622.854483 -18789.113713     41.129427  2  4  3  70       
PG23  15685.366506   3690.993328 -21128.932688    143.787492  8  5  6  66       
PG24  15136.610461  15355.100104 -16181.902249   -421.501870  5  3  5  78       
PG25  15635.396281  12936.973357  16937.283279    486.683508  4  3  5  67       
PG26   6282.914396 -19930.559659  16032.088890    196.295799  6  4  3  74       
PG28  18350.597716  -7727.455390  17551.573365   -111.689233  5  3  4  81       
PG29  18672.442901   1483.594280  18821.742366   -608.054501  4  5  3  68       
PG30 -22866.913422   3128.652676 -13250.229987   -440.225656  5  4  4  83       
PG31  10042.585027 -12410.702003  21073.293285   -227.526385  3  5  4  83       
PG32  20974.385768 -15340.713997  -4726.268496   -608.029031  7  6  3  76       
*  2024  1 27 15  0  0.00000000
PG01 -20591.568954 -13001.490210 -11337.096716    167.376112  4  6  6  50       
PG02 -15227.932001 -13771.963648 -16488.234085   -494.589844  6  4  3  73       
PG03 -11799.901093 -22680.827638   7279.861105    154.337721  6  3  4  20       
PG04  -8712.400094 -12561.909990  21722.377887    276.772886  4  6  6  84       
PG05   6052.339252  25470.415162   4001.519793   -159.542132  6  3  5  27       
PG06 -18032.096737   7707.039459  18033.655093    429.659814  5  5  5  58       
PG07 -26171.257485  -5756.802785   -627.570382    -47.597258  2  4  4  25       
PG08  -1589.352456 -18445.834166 -18973.371534   -164.144071  5  7  3 108       
PG09 -18036.323727   -366.171160  19430.559355     72.475030  4  5  1  77       
PG10  12792.245497  -7781.658290 -21701.308328    -70.969460  8  3  5  74       
PG11  -6555.293723  13768.816167  21768.229691   -555.094030  5  5  6  79       
PG12  10190.892862  23504.493820   6861.306371   -472.090813     3  5  51       
PG13  -9250.979504  20183.071556 -14613.052532    619.928832  4  5  2  65       
PG14 -15075.788258   3695.826189 -21531.005961    309.939256  3  3  5  74       
PG15   3967.838120  18686.295762 -18859.881969    121.546006  4  5  3  60       
PG16   1633.654146 -24419.162362   9392.097980   -375.438132  7  3  4  60       
PG17 -21839.235459  11219.297615  -9890.170835    718.753462  5  4  4  79       
PG18  26087.439425   4769.135718  -2718.023226   -542.069332  5  4  6  67       
PG19 -20754.627443  16176.014399  -1810.979828    432.380750  6  4  4  55       
PG20  -2432.716533  20980.887315  16265.151301    389.764604  4  4  4  70       
PG21 -10848.223402 -14916.901360 -18963.901331    137.007277  5  3  3  76       
PG22 -11726.007765  12376.153759 -20011.608857     41.123949  3  4  3  66       
PG23  16290.925066   5969.911011 -20143.890634    143.794485  7  5  6  73       
PG24  13262.364431  15204.321664 -17884.370649   -421.507945  5  3  4  60       
PG25  15968.233145  14796.527340  15060.956059    486.684642  4  4  5  73       
PG26   7146.780268 -18136.184965  17730.283037    196.292408  5  4  4  71       
PG28  20169.462746  -7129.600451  15714.613772   -111.700002  5  3  3  68       
PG29  17036.568983   3005.363665  20133.819131   -608.054188  4  5  2  57       
PG30 -24147.749608   2511.371083 -10954.354560   -440.221345  4  4  4  72       
PG31  12332.686008 -11670.902328  20309.567251   -227.526441  3  5  4  67       
PG32  20650.664416 -14640.816379  -7479.811574   -608.031285  7  6  3  50       
*  2024  1 27 15 15  0.00000000
PG01 -19230.152950 -12810.400274 -13733.354546    167.377176  4  6  5  59       
PG02 -13162.287772 -13672.732335 -18187.344071   -494.584565  6  3  4  69       
PG03 -11846.339218 -23388.947802   4493.508095    154.360389  6  4  5  40       
PG04  -6990.592930 -14314.093737  21243.575717    276.781601  5  7  6  67       
PG05   5603.719393  24959.977499   6790.384226   -159.543457  6  3  5  37       
PG06 -19903.176379   7199.822564  16181.640314    429.647341  4  4  5  67       
PG07 -26086.859604  -5993.258204   2177.628797    -47.605451  2  4  4  22       
PG08   -133.957511 -19942.998511 -17417.543416   -164.146062  6  7  3  74       
PG09 -16630.954261  -2191.894703  20523.348164     72.486189  4  5  2  76       
PG10  13627.765489  -5384.906998 -21944.827816    -70.970223  8  3  5  79       
PG11  -8928.919307  13127.541506  21310.709182   -555.106199  5  5  6  81       
PG12  10124.454146  24202.207949   4097.532517   -472.094554     3  5  29       
PG13 -10525.540655  21027.523838 -12332.780830    619.932006  4  5  2  45       
PG14 -15780.832546   1338.646750 -21317.010616    309.948417  3  3  5  83       
PG15   2732.167638  20266.340442 -17327.681325    121.549430  4  5  2  56       
PG16   2182.651082 -23237.785064  11901.984236   -375.431027  7  3  4  58       
PG17 -21040.914781  10143.525548 -12354.516677    718.752048  4  4  4  81       
PG18  26187.990050   4998.572600    148.903792   -542.077297  5  5  6  66       
PG19 -20664.133322  15751.302759  -4674.801491    432.385274  6  4  4  56       
PG20  -3503.912021  19348.061271  17992.809369    389.763052  4  4  4  66       
PG21  -8546.301250 -14735.605854 -20126.741087    137.006252  5  3  4  87       
PG22 -12355.880355  10036.231960 -20879.025288     41.118284  4  4  4  63       
PG23  16975.650581   8087.167276 -18813.224526    143.801438  7  5  6  62       
PG24  11211.672221  15126.445705 -19292.575035   -421.514016  5  2  4  80       
PG25  16320.593446  16417.230662  12922.814337    486.685789  4  4  5  89       
PG26   8158.980311 -16223.155918  19116.062777    196.289042  5  4  4  77       
PG28  21796.719358  -6665.841660  13606.725500   -111.710754  5  3  3  69       
PG29  15391.629591   4703.815202  21098.857517   -608.053398  5  5  2  77       
PG30 -25193.066347   2014.851715  -8471.508092   -440.217038  4  4  4  74       
PG31  14549.116766 -11074.406118  19192.875928   -227.526819  3  5  4  75       
PG32  20161.523359 -13693.472333 -10102.196560   -608.033531  7  5  4  55       
*  2024  1 27 15 30  0.00000000
PG01 -17609.141142 -12657.465607 -15901.576545    167.378254  3  7  5  86       
PG02 -10912.882266 -13672.916508 -19563.604704   -494.579202  7  3  4  58       
PG03 -11813.768757 -23795.540956   1630.146224    154.383081  6  5  5  62       
PG04  -5410.742555 -16098.039458  20398.937600    276.790320  5  6  6  75       
PG05   4997.581888  24191.582139   9461.130713   -159.544976  6  4  4  59       
PG06 -21577.513320   6833.689935  14053.722014    429.634836  4  4  5  52       
PG07 -25707.949948  -6186.047497   4946.607385    -47.613910  1  4  4  36       
PG08   1131.769644 -21357.996749 -15559.230499   -164.149275  6  7  3  65       
PG09 -15258.986892  -4171.583345  21260.849135     72.497309  3  5  2  78       
PG10  14594.477837  -3035.148533 -21803.308668    -70.971177  7  3  5  75       
PG11 -11262.468799  12626.323825  20487.093393   -555.118312  5  6  6  76       
PG12   9998.882463  24599.245815   1263.145022   -472.097649     3  5  67       
PG13 -11560.751328  21751.604506  -9840.097684    619.935393  4  5  3  66       
PG14 -16586.244499   -936.587037 -20736.058469    309.957544  3  3  5  72       
PG15   1663.521965  21745.224940 -15505.348546    121.552965  4  4     44       
PG16   2872.633190 -21820.670811  14198.472986   -375.423789  7  3  4  57       
PG17 -20122.566697   8821.116057 -14602.914918    718.751378  4  4  4  73       
PG18  25981.441312   5171.311813   3013.296931   -542.085210  5  5  5  53       
PG19 -20371.142195  15092.740274  -7456.714776    432.389969  5  4  5  54       
PG20  -4751.261797  17620.958348  19414.044730    389.761616  4  4  4  83       
PG21  -6114.491092 -14669.353572 -20935.611324    137.005224  6  3  4  91       
PG22 -13128.978090   7652.741886 -21374.535685     41.112620  5  4  4  56       
PG23  17707.574037  10007.394457 -17160.232042    143.808383  6  5  6  54       
PG24   9020.438102  15143.158813 -20383.223343   -421.520090  5  2  3  63       
PG25  16656.415992  17778.936632  10561.028935    486.686944  4  4  4  75       
PG26   9318.880601 -14236.962838  20165.617155    196.285677  5  4  5  86       
PG28  23195.126222  -6314.571681  11264.282259   -111.721509  6  4  3  55       
PG29  13780.350571   6555.251752  21699.881141   -608.052504  5  5     80       
PG30 -25976.331452   1612.820851  -5844.393852   -440.212736  4  4  4  37       
PG31  16645.299868 -10617.055544  17743.960915   -227.527105  3  5  4  69       
PG32  19545.910853 -12491.698439 -12547.186812   -608.035742  7  5  4  67       
*  2024  1 27 15 45  0.00000000
PG01 -15756.194918 -12577.163051 -17806.116523    167.379387  3  7  6  88       
PG02  -8523.484032 -13792.643862 -20590.951520   -494.573903  7  3  4  86       
PG03 -11663.901132 -23909.035678  -1261.110878    154.405774  6  5  5  60       
PG04  -3994.505646 -17870.272378  19202.620428    276.799037  5  6  6  76       
PG05   4209.902033  23196.890460  11967.036281   -159.546558  6  4  4  48       
PG06 -23016.706298   6584.922134  11686.161247    429.622285  4  4  4  49       
PG07 -25038.055266  -6371.785933   7633.665818    -47.622170  1  4  4  38       
PG08   2204.951500 -22645.924270 -13429.786734   -164.151792  6  7  4  75       
PG09 -13956.209171  -6272.648329  21630.038267     72.508436  3  5  2  69       
PG10  15670.999776   -779.539463 -21280.299718    -70.971892  7  3  5  68       
PG11 -13507.478557  12263.071042  19311.362862   -555.130547  5  6  7  65       
PG12   9777.311288  24702.142547  -1592.953936   -472.101291     3  5  52       
PG13 -12361.162300  22313.624989  -7177.418702    619.938411  4  6  3  71       
PG14 -17468.570850  -3088.821773 -19798.689618    309.966734  3  3  5  86       
PG15    759.020090  23080.908583 -13422.092047    121.556222  4  4  1  46       
PG16   3722.580434 -20206.591442  16240.171294   -375.416255  7  3  4  76       
PG17 -19126.780481   7255.793988 -16594.841683    718.750872  3  4  5  75       
PG18  25465.528422   5325.676203   5826.414338   -542.093179  4  5  5  74       
PG19 -19912.326796  14185.646734 -10108.363825    432.394732  5  5  5  75       
PG20  -6168.265767  15844.091090  20504.394482    389.760440  5  5  4  67       
PG21  -3600.063416 -14730.543452 -21372.806908    137.004223  6  4  4  71       
PG22 -14036.507266   5275.730498 -21488.063993     41.106912  5  4  5  51       
PG23  18449.950198  11702.359582 -15213.635319    143.815337  6  5  6  62       
PG24   6728.629177  15269.824611 -21137.987513   -421.526168  5  2  3  79       
PG25  16937.835724  18869.981611   8017.301208    486.688071  4  4  4  88       
PG26  10618.008942 -12223.440044  20861.256653    196.282169  5  4  5  84       
PG28  24333.656824  -6048.239998   8727.695762   -111.732253  6  4  3  44       
PG29  12241.481877   8528.583225  21926.181789   -608.052037  5  5     83       
PG30 -26478.076915   1274.737087  -3117.955305   -440.208464  4  4  4  40       
PG31  18577.604066 -10286.890486  15989.156786   -227.527057  3  6  4  68       
PG32  18844.945420 -11037.284555 -14771.607861   -608.037996  7  4  5  76       
*  2024  1 27 16  0  0.00000000
PG01 -13705.785347 -12598.858913 -19415.612661    167.380462  3  8  5  80       
PG02  -6042.389486 -14044.508633 -21249.560242   -494.568832  7  3  5  73       
PG03 -11361.595918 -23746.418969  -4130.851803    154.428431  6  5  5  78       
PG04  -2755.615782 -19585.082645  17674.890269    276.807740  4  6  6  70       
PG05   3223.639998  22013.372659  14264.144552   -159.547968  6  5  4  72       
PG06 -24188.811997   6423.660830   9119.281496    429.609730  4  4  4  40       
PG07 -24088.664950  -6586.150357  10194.837881    -47.630638  2  4  4  46       
PG08   3090.898444 -23763.625151 -11065.573091   -164.153415  6  7  5  88       
PG09 -12752.889496  -8456.539074  21624.299326     72.519569  2  4  1  72       
PG10  16828.784531   1339.511224 -20386.091781    -70.972244  7  3  5  67       
PG11 -15617.385976  12027.666446  17803.557607   -555.142681  5  6  7  70       
PG12   9425.496742  24525.903463  -4421.829202   -472.104656     3  5  67       
PG13 -12939.560538  22675.096520  -4390.376418    619.941691  4  6  3  33       
PG14 -18398.344653  -5082.183506 -18521.520664    309.975877  4  4  5  80       
PG15      8.504408  24233.601959 -11111.746050    121.559961  3  4  1  62       
PG16   4743.887165 -18439.324948  17990.406089   -375.409195  6  4  4  66       
PG17 -18096.353363   5460.406204 -18294.011734    718.749818  4  4  5  89       
PG18  24646.877260   5499.919662   8540.376707   -542.101205  4  5  5  73       
PG19 -19327.978441  13023.658065 -12584.002807    432.399483  5  5  5  65       
PG20  -7740.403179  14061.226701  21244.943043    389.759544  5  5  3  80       
PG21  -1053.353317 -14923.549054 -21427.165813    137.002831  6  4  4  64       
PG22 -15061.428214   2953.798915 -21216.572651     41.101094  6  4  5  72       
PG23  19162.716543  13151.831685 -13007.068886    143.822330  5  5  6  62       
PG24   4379.002821  15514.842968 -21543.788321   -421.532249  5  2  3  76       
PG25  17126.773183  19687.384994   5336.076745    486.689197  4  4  4  86       
PG26  12040.263549 -10227.086727  21191.688984    196.278809  4  4  6  80       
PG28  25188.600103  -5834.599290   6040.713636   -111.743062  6  4  3  19       
PG29  10808.387499  10586.344587  21773.528371   -608.051586  4  5     82       
PG30 -26686.566321    967.164152   -338.621266   -440.204170  4  4  4  26       
PG31  20306.848354 -10064.804199  13959.843943   -227.527416  3  6  4  79       
PG32  18100.208304  -9340.939465 -16736.167820   -608.040222  7  4  5  25       
*  2024  1 27 16 15  0.00000000
PG01 -11498.065606 -12745.629848 -20703.435340    167.381647  3  8  5  76       
PG02  -3520.691949 -14432.916753 -21526.344578   -494.563660  7  4  5  61       
PG03 -10876.368571 -23332.467990  -6930.194816    154.451127  6  6  5  72       
PG04  -1699.511072 -21196.194799  15841.796686    276.816407  5  6  6  70       
PG05   2029.639888  20682.852237  16312.079888   -159.549285  6  5  4  71       
PG06 -25069.468320   6315.214259   6396.803432    429.597138  4  4  4  33       
PG07 -22878.806037  -6862.412760  12588.496719    -47.638963  2  4  4  78       
PG08   3802.744487 -24671.376569  -8507.355057   -164.155432  6  7  5  73       
PG09 -11672.676984 -10680.054104  21243.555644     72.530685  1  4  1  81       
PG10  18033.230238   3285.781998 -19137.449864    -70.973896  7  3  5  64       
PG11 -17549.156032  11902.455186  15989.446198   -555.154834  4  7  7  43       
PG12   8913.295758  24093.293777  -7175.338268   -472.108010     3  5  34       
PG13 -13316.327659  22802.323253  -1527.049887    619.945074  4  6  4  45       
PG14 -19341.218225  -6887.140104 -16926.926424    309.985013  4  4  5  76       
PG15   -604.962744  25167.242779  -8612.326557    121.563209  3  4  2  59       
PG16   5939.693352 -16565.953666  19417.965932   -375.402104  6  4  4  87       
PG17 -17072.559876   3456.702053 -19669.142515    718.748635  4  4  5  89       
PG18  23540.809618   5730.582543  11108.955950   -542.109186  4  5  5  72       
PG19 -18660.306328  11609.103920 -14841.288519    432.403957  5  5  6  59       
PG20  -9445.500984  12313.818006  21622.657090    389.757603  5  5  3  81       
PG21   1474.022670 -15244.361891 -21094.527551    137.001682  6  5  4  50       
PG22 -16179.023640    732.310830 -20564.195936     41.095316  6  5  5  64       
PG23  19804.084716  14344.143961 -10578.492477    143.829258  4  5  5  74       
PG24   2015.734357  15879.261679 -21593.023497   -421.538287  5  3  3  89       
PG25  17186.518603  20236.720485   2563.739070    486.690393  4  4  4  86       
PG26  13562.436449  -8289.465172  21152.163539    196.275392  4  4  6  87       
PG28  25744.388679  -5638.139225   3249.659966   -111.753832  6  4  4  10       
PG29   9507.852619  12685.972363  21244.262825   -608.050614  4  5  1  76       
PG30 -26598.181078    655.244950   2446.459912   -440.199875  4  3  4  57       
PG31  21799.623275  -9925.475126  11691.830814   -227.527565  3  6  4  81       
PG32  17352.024820  -7422.079455 -18406.204716   -608.042461  7  3  5  65       
*  2024  1 27 16 30  0.00000000
PG01  -9177.550437 -13033.318313 -21648.075538    167.382796  3  8  5  80       
PG02  -1010.414270 -14953.784194 -21415.311282   -494.558662  7  4  5  84       
PG03 -10183.718378 -22698.702702  -9611.595549    154.473819  5  6  5  89       
PG04   -823.289719 -22658.477377  13734.742145    276.825033  5  6  6  75       
PG05    627.217337  19249.883680  18074.800768   -159.550460  6  5  4  72       
PG06 -25642.742819   6221.553561   3565.123156    429.584542  4  4  4  61       
PG07 -21434.371792  -7230.082928  14775.911723    -47.647058  2  5  4  62       
PG08   4360.762270 -25334.466598  -5799.598438   -164.157869  6  7  5  91       
PG09 -10731.771659 -12896.843191  20494.283600     72.541760     4  2  72       
PG10  19245.030113   5030.415115 -17557.229196    -70.975585  6  2  5  36       
PG11 -19264.781856  11863.033814  13900.095317   -555.167038  4  6  6  64       
PG12   8215.975907  23433.854358  -9806.921555   -472.111463     4  5  36       
PG13 -13518.496820  22667.834848   1362.869376    619.948136  4  6  4  32       
PG14 -20259.290915  -8481.414560 -15042.628880    309.994154  4  4  6  86       
PG15  -1104.334243  25850.872757  -5965.499615    121.566787  2  4  2  34       
PG16   7304.572642 -14635.036499  20497.715506   -375.394945  6  4  4  75       
PG17 -16093.472699   1274.745536 -20694.636667    718.748129  4  5  5  93       
PG18  22170.832533   6050.914693  13488.338889   -542.117229  3  5  4  90       
PG19 -17951.693200   9953.043188 -16841.987969    432.409099  4  5  6  60       
PG20 -11254.400897  10639.528039  21630.628701    389.756975  5  5  3  80       
PG21   3931.056289 -15680.599116 -20378.049028    137.000089  6  5  4  89       
PG22 -17357.810561  -1348.270668 -19542.210466     41.089615  6  5  6  77       
PG23  20332.203504  15276.432527  -7969.539245    143.836153  3  5  5  90       
PG24   -317.011493  16356.656267 -21283.735446   -421.544358  5  3  3  64       
PG25  17083.249837  20531.672576   -252.200651    486.691449  4  4  4  75       
PG26  15155.026471  -6447.740274  20744.485986    196.271972  3  4  5  94       
PG28  25994.123057  -5421.651021    402.632014   -111.764624  6  4  4   8       
PG29   8359.155339  14781.291583  20347.279728   -608.050160  3  5  2  86       
PG30 -26217.514329    304.221054   5190.186173   -440.195637  4  3  4  49       
PG31  23029.383751  -9838.532283   9224.680854   -227.527831  3  6  4  74       
PG32  16637.806952  -5308.266456 -19752.342687   -608.044744  6  3  5  48       
*  2024  1 27 16 45  0.00000000
PG01  -6791.646358 -13469.854249 -22233.471490    167.383965  4  8  5  82       
PG02   1437.413936 -15594.609099 -20917.755889   -494.553393  6  5  5  83       
PG03  -9266.228000 -21882.101351 -12129.623258    154.496568  5  6  5  93       
PG04   -115.996465 -23929.626211  11389.952533    276.833648  5  7  5  76       
PG05   -975.591329  17760.028533  19521.275342   -159.552071  6  5  4  69       
PG06 -25901.674141   6102.943684    672.544332    429.571918  4  3  4  57       
PG07 -19787.230344  -7713.702201  16721.756412    -47.655246  3  5  3  61       
PG08   4791.381382 -25724.597924  -2989.675324   -164.160785  6  7  5  74       
PG09  -9938.398161 -15059.042358  19389.406718     72.552848     4  3  52       
PG10  20421.705639   6552.788087 -15673.888358    -70.977544  5  2  5  62       
PG11 -20732.601735  11879.312830  11571.346179   -555.179186  3  6  6  63       
PG12   7315.310324  22582.685640 -12272.346563   -472.114933  2  4  5  45       
PG13 -13578.541862  22251.597715   4228.960544    619.951578  4  7  5  58       
PG14 -21112.579726  -9850.617360 -12901.202040    310.003302  4  5  6  79       
PG15  -1517.565689  26259.861011  -3215.962237    121.570044  1  5  3  46       
PG16   8824.590756 -12694.737209  21211.066595   -375.387377  5  4  4  52       
PG17 -15192.408608  -1048.024859 -21351.160748    718.747255  5  4  5  81       
PG18  20567.829969   6489.425484  15637.854901   -542.125187  2  4  4  86       
PG19 -17242.978139   8074.962008 -18552.590777    432.413712  4  5  6  26       
PG20 -13131.902642   9070.903766  21268.221376    389.755450  5  5  3  63       
PG21   6269.262086 -16211.892254 -19288.352051    136.999532  5  6  4  81       
PG22 -18560.758719  -3253.842467 -18168.839721     41.084094  6  5  6  60       
PG23  20706.830307  15954.545602  -5224.810387    143.843105  3  4  5  75       
PG24  -2576.519284  16933.286039 -20619.713947   -421.550411  5  4  4  58       
PG25  16787.428254  20593.303334  -3063.903779    486.692607  3  4  3  71       
PG26  16783.304940  -4733.416713  19976.907782    196.268592  3  4  5  91       
PG28  25939.772056  -5147.861029  -2451.332582   -111.775400  6  4  4  69       
PG29   7373.440097  16824.156338  19097.888551   -608.049786  3  4  3  88       
PG30 -25557.171863   -119.058816   7846.257413   -440.191299  4  3  3  54       
PG31  23977.277958  -9769.904403   6600.999191   -227.527848  3  5  4  69       
PG32  15990.527109  -3034.317834 -20751.041522   -608.047040  6  2  5  47       
*  2024  1 27 17  0  0.00000000
PG01  -4389.080852 -14054.866711 -22449.270851    167.385002  4  8  5  87       
PG02   3774.648387 -16334.920088 -20042.288094   -494.548128  6  5  5  75       
PG03  -8114.394941 -20923.628679 -14441.695040    154.519330  5  6  5 100       
PG04    440.770344 -24971.755261   8847.856981    276.842292  5  8  4  71       
PG05  -2762.131224  16258.099931  20626.063577   -159.553492  6  6  3  62       
PG06 -25848.485476   5919.647252  -2231.524584    429.559303  4  3  4  17       
PG07 -17974.145098  -8331.824704  18394.568029    -47.663288  3  5  3  82       
PG08   5125.947724 -25821.055903   -126.995614   -164.161688  5  6  6  63       
PG09  -9292.603994 -17118.977804  17948.071740     72.563966     4  4  47       
PG10  21519.258826   7841.052630 -13520.914251    -70.979661  5  2  5  69       
PG11 -21928.381595  11916.811424   9043.205988   -555.191421  3  5  6  71       
PG12   6200.420411  21579.048871 -14530.397129   -472.118313  2  4  5  63       
PG13 -13532.944674  21541.951673   7020.988709    619.954643  4  6  5  80       
PG14 -21860.576059 -10988.576972 -10539.502280    310.012371  4  5  6  76       
PG15  -1876.386551  26376.922006   -410.739102    121.573443  2  5  3  67       
PG16  10477.729631 -10790.992155  21546.294954   -375.380190  5  4  4  75       
PG17 -14396.569784  -3468.055694 -21626.099870    718.746173  5  5  5  93       
PG18  18768.985931   7068.615858  17520.656752   -542.133164  1  3  4  81       
PG19 -16571.833727   6002.152219 -19944.819558    432.418612  4  6  6  29       
PG20 -15037.950456   7634.249464  20541.114701    389.754367  5  5  2  59       
PG21   8444.527605 -16810.654280 -17843.481891    136.998193  5  6  4  64       
PG22 -19746.762608  -4957.850612 -16468.895699     41.078331  6  5  6  93       
PG23  20890.948291  16392.629040  -2391.127510    143.850031  2  4  5  84       
PG24  -4722.924016  17588.526422 -19610.528342   -421.556481  5  4  4  63       
PG25  16275.023474  20449.064093  -5823.982249    486.693727  3  4  3  89       
PG26  18408.587702  -3171.320333  18863.898321    196.265217  3  4  5  90       
PG28  25592.042328  -4781.069053  -5263.103345   -111.786144  5  4  4  56       
PG29   6553.418096  18766.180568  17517.559778   -608.049155  3  4  4  69       
PG30 -24637.289452   -644.696571  10369.911492   -440.187032  4  3  3  80       
PG31  24632.687704  -9683.298038   3865.692813   -227.528031  3  5  4  42       
PG32  15437.387141   -641.124382 -21385.026997   -608.049385  6  2  5  63       
*  2024  1 27 17 15  0.00000000
PG01  -2018.282099 -14779.600633 -22291.024972    167.386189  5  7  5  82       
PG02   5957.805338 -17147.084097 -18804.682124   -494.542894  5  5  4  91       
PG03  -6727.165471 -19866.632783 -16508.758523    154.542066  5  6  5  74       
PG04    871.954187 -25752.831853   6152.387309    276.850923  5  8  3  85       
PG05  -4707.580297  14786.447433  21369.792676   -159.554859  6  6  3  75       
PG06 -25494.460902   5633.636741  -5097.396003    429.546697  4  2  4  54       
PG07 -16035.543016  -9096.216335  19767.159609    -47.671748  3  6  3  78       
PG08   5399.273996 -25611.588398   2737.917265   -164.164468  5  6  6  80       
PG09  -8786.390185 -19030.871751  16195.310551     72.575117  1  5  4  55       
PG10  22493.876770   8892.327510 -11136.174396    -70.980719  4  2  5  61       
PG11 -22836.120852  11938.134299   6359.164233   -555.203642  3  5  5  66       
PG12   4868.339059  20464.838852 -16543.500827   -472.121701  3  4  5  51       
PG13 -13420.597294  20536.229403   9689.833209    619.957917  4  5  5  81       
PG14 -22463.829255 -11897.358949  -7998.034438    310.021460  4  6  5  41       
PG15  -2214.896637  26192.881043   2401.598500    121.576944  2  6  4  65       
PG16  12234.655148  -8965.797591  21498.698428   -375.373250  4  4  4  76       
PG17 -13725.943442  -5937.208361 -21513.871051    718.745665  5  5  5  74       
PG18  16816.477910   7803.940992  19104.344231   -542.141161  1  3  4 100       
PG19 -15971.298714   3768.800143 -20996.034573    432.423545  4  6  6  79       
PG20 -16929.020344   6348.743431  19461.244651    389.752947  5  5  2  53       
PG21  10418.807815 -17443.201216 -16068.663800    136.997281  5  6  4  84       
PG22 -20872.301302  -6442.155761 -14473.267080     41.072524  6  5  6  62       
PG23  20852.268911  16612.405808    483.245719    143.856967  2  4  4  88       
PG24  -6720.526678  18295.569001 -18271.483123   -421.562550  5  4  4  46       
PG25  15528.525773  20131.594249  -8486.244575    486.694856  2  5  3  79       
PG26  19989.659841  -1778.858996  17425.809650    196.261886  3  3  4  89       
PG28  24969.922708  -4288.727038  -7984.304280   -111.796900  5  3  4  33       
PG29   5893.407110  20560.491595  15633.558443   -608.048509  3  4  5  91       
PG30 -23484.785739  -1298.421128  12718.631826   -440.182780  4  3  3  58       
PG31  24993.466909  -9541.747092   1065.216948   -227.528228  3  5  3  33       
PG32  14998.737934   1825.774220 -21643.592964   -608.051688  5  3  5  61       
*  2024  1 27 17 30  0.00000000
PG01    274.236973 -15627.144837 -21760.311305    167.387408  5  7  6  76       
PG02   7949.638420 -17997.438593 -17227.554454   -494.537737  5  6  4  62       
PG03  -5112.152472 -18755.170546 -18295.914574    154.564816  5  6  5  70       
PG04   1207.873646 -26247.898834   3350.209391    276.859559  5  9  2  81       
PG05  -6779.733009  13383.352494  21739.514939   -159.555931  5  6  3  79       
PG06 -24859.488044   5210.249510  -7875.939112    429.534135  3  2  4  67       
PG07 -14014.170243 -10011.295419  20816.984988    -47.679890  3  6  3  57       
PG08   5648.041768 -25092.956786   5554.385206   -164.166445  4  6  6  77       
PG09  -8404.168706 -20752.482998  14161.594265     72.586293  2  5  4  34       
PG10  23303.621809   9712.545671  -8561.212215    -70.981987  3  2  5  40       
PG11 -23448.549968  11904.573063   3565.445239   -555.215789  3  4  5  73       
PG12   3324.277569  19282.985291 -18278.289201   -472.125086  3  4  5  66       
PG13 -13281.103417  19241.028217  12188.408430    619.961364  4  5  5  65       
PG14 -22885.497223 -12586.975631  -5320.264435    310.030560  4  6  5  69       
PG15  -2568.039173  25707.147715   5171.781230    121.580448  2  6  4  67       
PG16  14059.790465  -7255.689155  21070.597565   -375.366128  4  4  4  72       
PG17 -13192.511846  -8404.495818 -21016.082362    718.744438  5  5  5  54       
PG18  14755.988144   8703.044090  20361.520663   -542.149103     4  5 101       
PG19 -15468.519081   1414.825660 -21689.531688    432.427936  4  6  5  58       
PG20 -18759.657492   5225.833059  18046.637983    389.751539  5  4  2  64       
PG21  12161.575997 -18071.183059 -13995.853785    136.996257  4  6  4  76       
PG22 -21893.210848  -7697.537349 -12218.269170     41.066746  5  5  6  53       
PG23  20564.563981  16642.178003   3349.401042    143.863856  3  4  4  85       
PG24  -8538.976909  19022.371684 -16623.490495   -421.568531  5  4  4  54       
PG25  14537.713870  19677.355116 -11006.401874    486.696030  2  5  3  76       
PG26  21484.294929   -565.585834  15688.445422    196.258526  4  3  3  89       
PG28  24099.921725  -3642.896240 -10568.146156   -111.807597  4  3  4  21       
PG29   5379.709426  22163.437548  13478.471049   -608.048403  3  5  5  92       
PG30 -22132.378595  -2100.431107  14852.818409   -440.178471  4  3  2  72       
PG31  25065.875787  -9309.175686  -1753.181077   -227.528330  3  5  3  32       
PG32  14687.293488   4317.796959 -21522.769869   -608.054007  5  3  5  77       
*  2024  1 27 17 45  0.00000000
PG01   2445.435673 -16572.967867 -20864.779346    167.388576  5  7  6  83       
PG02   9720.445342 -18847.696319 -15339.878209   -494.532533  4  6  4  79       
PG03  -3285.530025 -17632.323454 -19772.972607    154.587588  4  6  5  79       
PG04   1482.839711 -26440.034258    489.900537    276.868195  5 10  2  93       
PG05  -8940.085145  12081.600279  21728.940294   -159.557085  5  6  4  74       
PG06 -23971.282861   4619.721823 -10519.412849    429.521589  2  2  4  73       
PG07 -11953.677259 -11073.832287  21526.456559    -47.688364  3  5  3  65       
PG08   5909.123163 -24271.131845   8272.545686   -164.167681  4  6  6  49       
PG09  -8123.527743 -22246.617508  11882.288068     72.597419  2  6  4  45       
PG10  23910.043177  10315.969172  -5840.500602    -70.983178  2  3  4  76       
PG11 -23767.299961  11777.769457    710.209790   -555.227984  3  3  4  50       
PG12   1581.590044  18075.840826 -19706.086859   -472.128575  3  5  4  59       
PG13 -13153.049745  17672.118661  14472.555808    619.964473  4  4  5  60       
PG14 -23092.806108 -13074.799807  -2551.889528    310.039678  4  7  5  16       
PG15  -2970.009996  24927.867856   7850.743498    121.583758  3  6  5  48       
PG16  15912.643683  -5690.475120  20271.185373   -375.358824  4  4  4  67       
PG17 -12799.810671 -10817.951776 -20141.530042    718.743574  5  5  5  64       
PG18  12635.087143   9765.292152  21270.272952   -542.157066     4  5 101       
PG19 -15083.740694  -1015.480506 -22014.734966    432.432969  3  6  5  60       
PG20 -20484.106705   4268.933187  16321.140788    389.750366  4  3  1  58       
PG21  13650.953373 -18653.259177 -11663.090567    136.994744  4  6  4  53       
PG22 -22766.488898  -8723.816921  -9744.875950     41.060981  5  5  6  58       
PG23  20008.777939  16515.589810   6158.590574    143.870783  3  5  3  83       
PG24 -10154.277789  19732.832229 -14692.853623   -421.574589  4  3  4  55       
PG25  13300.155145  19125.150576 -13342.727740    486.697186  2  5  3  79       
PG26  22850.808590    466.924747  13682.546828    196.255145  4  2  3  92       
PG28  23015.028414  -2821.525882 -12970.229332   -111.818399  4  2  4  55       
PG29   4991.313002  23536.181310  11089.634105   -608.047570  2  6  5  78       
PG30 -20617.400757  -3064.445666  16736.414598   -440.174165  3  4  2  68       
PG31  24864.218769  -8951.917616  -4542.210615   -227.528647  3  5  2  50       
PG32  14507.670138   6785.045136 -21025.358144   -608.056281  4  3  5  52       
*  2024  1 27 18  0  0.00000000
PG01   4457.189415 -17585.748393 -19618.115100    167.389783  5  7  7 102       
PG02  11249.046465 -19656.556992 -13176.350142   -494.527092  4  5  4  83       
PG03  -1271.609025 -16538.565445 -20914.931929    154.610360  4  6  4  93       
PG04   1733.612403 -26321.009574  -2378.911560    276.876828  4 10  3  76       
PG05 -11145.175747  10907.285842  21338.538890   -159.558433  5  6  4  66       
PG06 -22864.324498   3838.542005 -12982.282382    429.509027     2  4  78       
PG07  -9897.177502 -12272.918228  21883.214595    -47.696407  3  5  3  51       
PG08   6217.894575 -23161.124113  10844.309403   -164.169508  4  6  6  72       
PG09  -7916.273345 -23482.449600   9397.017539     72.608546  2  6  4  41       
PG10  24279.651047  10724.397434  -3020.668293    -70.985097  3  4  4  67       
PG11 -23802.736833  11521.374940  -2157.280195   -555.240105  2  3  3  63       
PG12   -338.560714  16883.612947 -20803.326529   -472.131645  4  6  4  70       
PG13 -13072.320005  15853.990182  16501.885776    619.967936  4  4  5  71       
PG14 -23058.364784 -13384.706312    259.922456    310.048753  4  7  5  59       
PG15  -3452.668408  23871.736892  10390.560280    121.587632  3  6  5  75       
PG16  17749.328539  -4292.271333  19116.237536   -375.351661  3  4  3  70       
PG17 -12542.857177 -13126.550448 -18906.031491    718.742423  5  5  5  24       
PG18  10501.549089  10981.633719  21814.566490   -542.165060     5  5  92       
PG19 -14829.585907  -3474.967622 -21967.287068    432.437754  3  6  5  52       
PG20 -22057.974300   3473.441365  14314.043120    389.748796  4  2     60       
PG21  14874.455797 -19146.937079  -9113.666622    136.993398  4  6  4  63       
PG22 -23452.050663  -9529.599972  -7097.858470     41.055174  4  6  6  27       
PG23  19173.878993  16270.198267   8863.027767    143.877712  3  5  3  83       
PG24 -11549.571732  20388.149150 -12510.954974   -421.580687  4  3  4  58       
PG25  11821.424875  18514.588343 -15456.667270    486.698308  1  5  3  84       
PG26  24049.586617   1324.890349  11443.208788    196.251798  4     2  89       
PG28  21753.437174  -1809.503360 -15149.303417   -111.829130  3  2  4  18       
PG29   4700.887770  24646.117837   8508.474759   -608.046884  2  7  6  73       
PG30 -18980.457200  -4196.998023  18337.482454   -440.169910  3  4  1  73       
PG31  24410.203912  -8440.138734  -7255.270568   -227.528498  3  5  2  41       
PG32  14456.267099   9178.071036 -20160.828618   -608.058586  4  3  5  70       
*  2024  1 27 18 15  0.00000000
PG01   6277.568364 -18628.476925 -18039.918907    167.390877  5  7  7  78       
PG02  12523.394420 -20381.450576 -10776.631668   -494.522221  3  5  4  79       
PG03    897.890775 -15510.242225 -21702.383454    154.633164  3  7  4  76       
PG04   1997.758798 -25891.619266  -5206.431637    276.885441  4 10  4  80       
PG05 -13348.131344   9878.902514  20575.512484   -159.560207  5  5  4  53       
PG06 -21578.539305   2850.569134 -15222.005377    429.496451     2  4  77       
PG07  -7885.824523 -13590.207164  21880.345873    -47.704718  3  5  2  56       
PG08   6606.615586 -21786.454983  13224.281323   -164.171001  4  6  6  66       
PG09  -7749.704850 -24436.602059   6748.959041     72.619706  3  7  4  77       
PG10  24385.200656  10966.104671   -149.712509    -70.985447  3  4  3  78       
PG11 -23573.467070  11102.640972  -4987.518991   -555.252276  2  4  2  63       
PG12  -2407.821934  15742.894441 -21551.887980   -472.135190  4  6  4  68       
PG13 -13070.523258  13819.049763  18240.549111    619.971062  5  4  5  48       
PG14 -22761.285505 -13545.975244   3067.313500    310.057902  4  7  4  78       
PG15  -4044.018541  22563.471569  12745.396943    121.590750  4  6  5  61       
PG16  19524.210342  -3074.870327  17627.698063   -375.344675  2  4  3  66       
PG17 -12408.451763 -15282.091951 -17332.098069    718.741589  5  6  5  63       
PG18   8401.661812  12334.786807  21984.547104   -542.173024     6  6 103       
PG19 -14710.635208  -5915.226677 -21549.041905    432.442547  3  5  4  55       
PG20 -23439.857635   2827.071505  12059.603611    389.747421  4  3  1  69       
PG21  15829.316881 -19510.482434  -6395.146450    136.992339  3  6  4  52       
PG22 -23914.359147 -10131.654077  -4324.856408     41.049621  3  6  5  30       
PG23  18057.417357  15945.905519  11416.672973    143.884691  3  6  3  94       
PG24 -12715.672130  20948.325268 -10113.845493   -421.586766  4  2  4  41       
PG25  10115.040447  17884.535968 -17313.391697    486.699488  1  6  3  78       
PG26  25044.530630   2021.836842   9009.239779    196.248473  4     1  84       
PG28  20357.086310   -599.435092 -17067.970948   -111.839894  3  2  4  39       
PG29   4476.036972  25468.058633   5779.775944   -608.046479  2  7  6  61       
PG30 -17263.972035  -5496.997993  19628.719706   -440.165589  2  4  1  73       
PG31  23732.050189  -7749.113169  -9847.158990   -227.528839  3  5     33       
PG32  14521.489632  11449.619721 -18945.095481   -608.060863  4  3  5  64       
*  2024  1 27 18 30  0.00000000
PG01   7881.902434 -19659.795645 -16155.491660    167.392041  4  7  7 105       
PG02  13540.793014 -20980.331445  -8184.489689   -494.517128  3  5  4  61       
PG03   3184.846321 -14578.217360 -22121.826833    154.655951  3  7  3  70       
PG04   2311.978779 -25161.668269  -7943.584117    276.894087  4 10  5  94       
PG05 -15500.349434   9006.748038  19453.636638   -159.561344  4  5  3  65       
PG06 -20157.783043   1647.872083 -17199.774353    429.483947     2  4  66       
PG07  -5957.452948 -15000.426117  21516.547989    -47.713178  3  4  2  74       
PG08   7102.943346 -20178.291159  15370.622298   -164.172607  4  6  6  69       
PG09  -7588.072103 -25093.943328   3984.068257     72.630838  3  8  4  70       
PG10  24206.742571  11074.550987   2723.789913    -70.987374  3  4  3  85       
PG11 -23105.533303  10493.876834  -7731.620869   -555.264457  2  5  1  73       
PG12  -4591.531252  14685.342969 -21939.359255   -472.138400  4  6  4  77       
PG13 -13173.603828  11606.505113  19657.918887    619.974645  5  5  4  68       
PG14 -22188.069324 -13591.998902   5822.523958    310.066995  5  8  4  72       
PG15  -4766.830162  21034.953063  14872.447264    121.594172  5  6  5  81       
PG16  21191.606552  -2043.461119  15833.157938   -375.337665  2  4  3  83       
PG17 -12375.838268 -17240.970077 -15448.457467    718.740304  5  6  4  83       
PG18   6378.594911  13799.752955  21776.743261   -542.180953     6  6  99       
PG19 -14723.323585  -8288.224330 -20767.964945    432.447323  4  5  4  83       
PG20 -24592.878694   2310.494933   9596.480118    389.746651  4  4  1  69       
PG21  16522.371405 -19704.803394  -3558.268666    136.991406  3  5  4  86       
PG22 -24123.860527 -10553.958034  -1475.410610     41.043672  3  6  5  55       
PG23  16665.769251  15583.311140  13775.992478    143.891658  3  6  4 102       
PG24 -13651.312985  21373.761153  -7541.732396   -421.592850  4  2  4  23       
PG25   8202.115623  17271.624625 -18882.295927    486.700618     6  3  64       
PG26  25804.368934   2577.841900   6422.478307    196.245108  4  1     90       
PG28  18870.066891    807.872471 -18693.323460   -111.850656  2  3  4  58       
PG29   4280.752952  25985.136639   2950.880241   -608.045857  3  7  6  74       
PG30 -15510.676579  -6955.580775  20587.911715   -440.161298  2  4  2  73       
PG31  22863.376675  -6860.310078 -12274.753094   -227.528964  3  5     10       
PG32  14684.301564  13556.274428 -17400.170330   -608.063120  4  3  5  52       
*  2024  1 27 18 45  0.00000000
PG01   9253.589698 -20635.533582 -13995.525120    167.393226  4  7  7  90       
PG02  14307.723483 -21413.442194  -5446.865668   -494.511747  3  4  4  75       
PG03   5545.978718 -13766.734573 -22165.898739    154.678667  3  7  3  90       
PG04   2710.466304 -24149.617354 -10542.887259    276.902776  5 10  6  86       
PG05 -17553.252700   8292.670273  17992.978884   -159.562464  4  5  3  50       
PG06 -18648.178467    231.253955 -18881.201732    429.471416     1  4  72       
PG07  -4145.327874 -16472.142987  20796.234531    -47.721418  4  4  2  74       
PG08   7728.646242 -18374.280336  17245.830529   -164.173739  3  5  6  49       
PG09  -7394.155361 -25448.071506   1150.262162     72.642077  4  8  4  66       
PG10  23732.404570  11086.918261   5551.462015    -70.988999  3  4  2  78       
PG11 -22431.331567   9673.716840 -10342.174575   -555.276605  2  5  2  54       
PG12  -6849.827519  13736.554917 -21959.218916   -472.141734  4  6  4  78       
PG13 -13400.692293   9260.978088  20729.166610    619.977873  5  5  4  87       
PG14 -21333.223521 -13558.841457   8478.677942    310.076104  5  8  3  53       
PG15  -5637.464129  19324.070219  16732.832681    121.597803  5  6  5  82       
PG16  22707.472092  -1194.700397  13765.245826   -375.330451     4  4  84       
PG17 -12417.691065 -18965.745345 -13289.440766    718.739901  5  6  4  81       
PG18   4470.888165  15344.640939  21194.162911   -542.188905     7  6  88       
PG19 -14856.150188 -10547.910943 -19637.946999    432.452159  4  5  4  73       
PG20 -25486.060926   1898.265499   6967.074636    389.745178  3  5  2  68       
PG21  16969.508517 -19695.214293   -655.774414    136.990022  3  4  4  68       
PG22 -24058.166782 -10826.471060   1400.015926     41.037832  3  6  5           
PG23  15014.056683  15222.046066  15900.680055    143.898591  4  6  4  97       
PG24 -14363.098160  21626.879069  -4838.366124   -421.598979  4  1  4  48       
PG25   6110.748487  16708.851184 -20137.436726    486.701805     6  3  73       
PG26  26303.786571   3018.539222   3727.078477    196.241769  4  3  1  96       
PG28  17336.963293   2403.250454 -19997.499541   -111.861406  2  4  4  34       
PG29   4077.018587  26189.395831     70.847947   -608.045308  3  8  6  68       
PG30 -13762.092518  -8556.249537  21198.311982   -440.156938  2  4  3  75       
PG31  21841.913956  -5762.254479 -14497.654096   -227.528896  3  5  1  29       
PG32  14919.080372  15459.941438 -15553.708358   -608.065372  5  3  5  53       
*  2024  1 27 19  0  0.00000000
PG01  10384.612528 -21510.385475 -11595.693229    167.394368  3  7  7  91       
PG02  14839.295186 -21644.969761  -2612.902368   -494.506659  3  4  4  95       
PG03   7934.298417 -13092.538130 -21833.508799    154.701399  3  7  2  92       
PG04   3223.372495 -22881.900662 -12959.296970    276.911384  5 10  6  91       
PG05 -19460.043204   7730.159794  16219.500854   -159.563598  3  4  3  55       
PG06 -17096.371618  -1389.561240 -20236.934731    429.458909  2  1  4  71       
PG07  -2477.045690 -17968.772451  19729.575013    -47.729826  4  4  1  53       
PG08   8498.571154 -16417.139113  18817.425047   -164.174840  3  5  5  74       
PG09  -7130.904159 -25501.467597  -1703.429581     72.653274  5  8  4  65       
PG10  22958.880755  11042.526591   8285.887269    -70.990742  4  5  2  82       
PG11 -21588.292613   8628.146240 -12774.072745   -555.288829  1  5  2  68       
PG12  -9138.953564  12915.172129 -21610.938240   -472.145097  5  6  4  63       
PG13 -13763.246396   6830.905979  21435.719191    619.980990  6  5  3  83       
PG14 -20199.587976 -13483.705549  10990.554365    310.085223  5  7  3  44       
PG15  -6664.960307  17473.307497  18292.435227    121.601171  5  5  4  77       
PG16  24031.003204   -517.121165  11460.950311   -375.323438     4  4  78       
PG17 -12501.381663 -20426.456514 -10894.253837    718.738668  5  7  3  69       
PG18   2711.118577  16931.771596  20246.280839   -542.196850     7  6  77       
PG19 -15090.189241 -12651.746837 -18178.537549    432.456832  4  5  3  77       
PG20 -26095.493867   1559.993649   4216.802931    389.744012  3  5  2  35       
PG21  17194.728984 -19452.992381   2258.792720    136.989040  3  4  4  90       
PG22 -23702.941302 -10983.682158   4251.002920     41.032486  3  6  4  27       
PG23  13125.744618  14899.150464  17754.330496    143.905577  4  6  5  97       
PG24 -14865.142964  21673.713227  -2050.330471   -421.605226  4  1  4  54       
PG25   3875.164728  16224.325366 -21057.909540    486.702935  1  5  3  62       
PG26  26524.336235   3373.924496    968.776237    196.238408  4  4  2  84       
PG28  15801.189113   4169.330373 -20958.155973   -111.872178  2  5  4  49       
PG29   3826.489615  26082.042702  -2810.414217   -608.044826  4  8  6  65       
PG30 -12057.064734 -10275.309320  21448.944986   -440.152602  2  4  3  85       
PG31  20708.083194  -4451.133318 -16478.791856   -227.529013  3  6  1   4       
PG32  15194.736107  17129.118268 -13438.459637   -608.067662  5  3  5  82       
*  2024  1 27 19 15  0.00000000
PG01  11275.734977 -22239.674940  -8996.143137    167.395628  2  7  7  65       
PG02  15158.355066 -21644.524444    267.042890   -494.501558  4  4  4  64       
PG03  10300.696710 -12564.284302 -21129.880267    154.724121  3  7  3  83       
PG04   3875.432645 -21391.942893 -15151.003800    276.919985  5  9  6  95       
PG05 -21177.386575   7304.782214  14164.554902   -159.565022  3  4  3  44       
PG06 -15547.773877  -3196.089986 -21243.188060    429.446426  2  2  4  83       
PG07   -973.626513 -19449.792877  18332.462523    -47.738149  4  4  1  62       
PG08   9419.906523 -14353.054596  20058.516966   -164.176193  2  4  4  89       
PG09  -6763.069458 -25265.313785  -4527.727425     72.664435  5  8  4  73       
PG10  21891.613978  10981.189795  10881.342796    -70.992445  4  5  3  91       
PG11 -20617.379157   7351.244556 -14985.300989   -555.301007  2  5  3  84       
PG12 -11412.706323  12232.252472 -20900.002254   -472.148637  5  6  3  76       
PG13 -14264.517706   4366.797481  21765.586906    619.984420  6  5  3  71       
PG14 -18798.357921 -13403.363260  13315.332620    310.094336  5  7  3  56       
PG15  -7850.434618  15528.136093  19522.637314    121.604788  5  5  4  63       
PG16  25126.100042      8.148084   8960.892722   -375.316438  1  4  5  71       
PG17 -12590.465028 -21601.617374  -8306.156057    718.737704  5  7  3  70       
PG18   1124.798325  18519.023994  18948.914037   -542.204816  2  7  6  88       
PG19 -15399.880487 -14562.094796 -16414.603628    432.461699  4  5  3  70       
PG20 -26405.237810   1261.723879   1393.301421    389.743297  3  5  2  45       
PG21  17228.862355 -18956.655408   5132.270698    136.988427  3  3  4  49       
PG22 -23052.458253 -11063.007184   7028.100597     41.026475  3  6  4  38       
PG23  11031.928814  14647.556541  19305.054871    143.912467  4  6  5 100       
PG24 -15178.413268  21485.399841    773.756135   -421.611375  3     4  33       
PG25   1534.645155  15840.203967 -21628.161796    486.704071  1  5  3  75       
PG26  26455.100273   3677.009953  -1805.853008    196.235046  4  5  2  84       
PG28  14303.382133   6081.026279 -21558.844514   -111.882931  2  6  4  65       
PG29   3492.190026  25673.350570  -5643.036724   -608.044328  4  7  6  75       
PG30 -10430.397216 -12082.579596  21334.825406   -440.148231  3  4  4  74       
PG31  19503.492025  -2931.126163 -18184.984597   -227.529319  3  6  2  48       
PG32  15476.045579  18539.899054 -11091.639872   -608.069952  5  4  5  70       
*  2024  1 27 19 30  0.00000000
PG01  11936.365725 -22781.136436  -6240.887051    167.396728  3  7  7  87       
PG02  15294.304506 -21388.383460   3142.371709   -494.496168  5  4  4  46       
PG03  12595.626625 -12182.266790 -20066.493415    154.746835  3  7  3  91       
PG04   4684.812332 -19718.915747 -17080.167844    276.928606  5  9  6 106       
PG05 -22666.960029   6994.929059  11864.287752   -159.566339  2  5  3  50       
PG06 -14044.858064  -5161.595546 -21882.183532    429.433928  2  2  3  67       
PG07    351.165641 -20872.139313  16626.401339    -47.746314  4  4  2  60       
PG08  10491.769629 -12229.968298  20948.258176   -164.178132  2  4  3 101       
PG09  -6258.764158 -24758.985873  -7273.962695     72.675627  6  8  4  88       
PG10  20544.668150  10941.569227  13294.497991    -70.993638  4  5  4  91       
PG11 -19561.458204   5845.616274 -16937.672145   -555.313169  2  5  4  82       
PG12 -13623.984842  11690.926747 -19837.848584   -472.151953  5  6  3  67       
PG13 -14899.365275   1919.416130  21713.556332    619.987874  6  5  3  56       
PG14 -17148.801412 -13352.610295  15413.302182    310.103491  5  7  3  39       
PG15  -9186.817752  13535.277773  20400.943752    121.608172  5  5  3  62       
PG16  25962.636527    406.391437   6308.568356   -375.309183  1  4  5  84       
PG17 -12646.316932 -22478.861649  -5571.571484    718.736497  5  7  3  70       
PG18   -270.452356  20061.373109  17323.984501   -542.212776  3  7  6  81       
PG19 -15754.068571 -16247.432104 -14375.920091    432.466154  5  6  2  15       
PG20 -26407.930743    967.461086  -1454.414276    389.741480  3  5  2  55       
PG21  17108.016796 -18192.906159   7913.006071    136.987383  4  4  4  53       
PG22 -22109.821941 -11103.104714   9683.701052     41.020362  4  6  4  47       
PG23   8770.338915  14494.733812  20526.027809    143.919433  4  6  5 106       
PG24 -15329.780721  21039.501057   3584.115855   -421.617500  3     4  57       
PG25   -867.727164  15571.848336 -21838.240320    486.705190  2  4  3  75       
PG26  26093.083217   3962.378523  -4550.135716    196.231653  3  5  3  90       
PG28  12879.919479   8106.318177 -21789.288505   -111.893725  3  6  4  52       
PG29   3040.152469  24982.221889  -8378.066087   -608.043999  5  7  6  65       
PG30  -8911.642648 -13942.362830  20857.088177   -440.143887  3  4  4  71       
PG31  18269.398884  -1214.448628 -19587.448995   -227.529517  4  6  3  39       
PG32  15725.145764  19676.682631  -8554.235749   -608.072224  5  4  4  73       
*  2024  1 27 19 45  0.00000000
PG01  12384.083319 -23096.646532  -3377.098987    167.397831  3  7  7  45       
PG02  15281.683098 -20860.453998   5963.181210   -494.491050  5  4  4  85       
PG03  14770.812495 -11938.467973 -18660.930414    154.769521  3  6  4  85       
PG04   5662.218698 -17906.283591 -18713.577842    276.937233  6  8  6  94       
PG05 -23896.804593   6772.853429   9358.965319   -159.567450  1  5  3  50       
PG06 -12625.575347  -7251.922344 -22142.487050    429.421449  2  3  3  86       
PG07   1491.244315 -22191.729900  14638.306615    -47.754618  5  4  2  61       
PG08  11705.131680 -10095.814674  21472.161255   -164.179334  2  3  3  97       
PG09  -5590.890499 -24009.241831  -9894.920496     72.686759  6  7  4  83       
PG10  18940.297271  10959.584200  15485.072113    -70.995771  4  5  4  93       
PG11 -18463.612504   4122.491208 -18597.492317   -555.325367  3  4  4  82       
PG12 -15726.383111  11286.355258 -18441.723120   -472.155310  5  6  3  66       
PG13 -15654.422120   -462.033590  21281.246147    619.990986  6  5  4  66       
PG14 -15277.680823 -13362.801411  17248.525737    310.112620  5  7  3  55       
PG15 -10658.951563  11540.918793  20911.465210    121.611738  5  5  3  47       
PG16  26517.495680    708.087091   3549.572266   -375.302162  2  5  5  71       
PG17 -12629.848594 -23055.216145  -2739.158348    718.735715  5  7  2  71       
PG18  -1465.423476  21512.560922  15399.170983   -542.220702  3  7  6  71       
PG19 -16117.253165 -17683.341827 -12096.696914    432.471030  5  7  2  80       
PG20 -26105.071495    640.784669  -4276.823079    389.740529  4  5  2  67       
PG21  16871.845317 -17157.210667  10551.889374    136.986285  4  4  4  56       
PG22 -20886.847366 -11142.181822  12172.837816     41.015087  4  6  4  26       
PG23   6384.091910  14461.548823  21395.957595    143.926346  4  6  5 101       
PG24 -15350.826239  20321.100776   6330.746375   -421.623656  3  1  4  40       
PG25  -3286.459131  15427.234617 -21683.970029    486.706352  3  4  3  57       
PG26  25443.323817   4264.690858  -7218.031642    196.228280  3  6  3  91       
PG28  11561.609364  10207.307259 -21645.555074   -111.904461  3  6  4  44       
PG29   2440.938180  24035.427034 -10968.322294   -608.043475  5  7  6  67       
PG30  -7524.091629 -15814.636844  20023.024381   -440.139481  3  4  4  51       
PG31  17045.198415    678.894408 -20662.255829   -227.529810  4  6  3  58       
PG32  15903.125524  20532.561238  -5870.260309   -608.074547  5  4  4  81       
*  2024  1 27 20  0  0.00000000
PG01  12643.833973 -23153.833596   -454.323960    167.398910  4  7  8  59       
PG02  15158.585938 -20052.925146   8681.144133   -494.486094  5  4  4  76       
PG03  16780.925733 -11816.936264 -16936.621563    154.792235  3  6  3  71       
PG04   6810.311965 -16000.196489 -20023.222696    276.945897  6  7  6 105       
PG05 -24842.430751   6605.945634   6692.233891   -159.568615     5  3  64       
PG06 -11321.955566  -9426.628501 -22019.235148    429.408977  2  3  3  82       
PG07   2448.340151 -23365.075943  12400.208667    -47.762943  5  4  2  62       
PG08  13043.079409  -7996.786765  21622.288364   -164.181137  3  3  4 102       
PG09  -4738.378660 -23049.140108 -12345.649814     72.697927  6  6  4  81       
PG10  17108.227767  11066.934660  17416.445116    -70.997226  4  4  5  89       
PG11 -17365.457492   2201.489854 -19936.146688   -555.337514  3  3  5  74       
PG12 -17675.772560  11005.987642 -16734.451697   -472.158764  5  6  3  69       
PG13 -16508.604927  -2731.643363  20477.027505    619.994452  6  5  4  55       
PG14 -13218.398434 -13460.522468  18789.445796    310.121775  5  7  3  62       
PG15 -12244.041401   9588.954579  21045.247292    121.615474  5  5  3  42       
PG16  26775.339210    947.514663    730.823644   -375.295123  3  5  5  51       
PG17 -12503.223831 -23336.999757    141.137771    718.733954  5  7  2  70       
PG18  -2459.502673  22826.836608  13207.453490   -542.228661  3  7  6  81       
PG19 -16451.005145 -18853.250506  -9615.048925    432.475751  6  8  2  58       
PG20 -25506.966096    246.484990  -7024.787250    389.738915  4  5  3  59       
PG21  16561.716999 -15853.997856  13003.272122    136.984766  4  4  4  85       
PG22 -19403.616909 -11216.357697  14453.902390     41.009363  4  6  4  48       
PG23   3920.240550  14561.383861  21899.470610    143.933345  4  6  6 100       
PG24 -15276.437041  19323.617829   8964.394592   -421.629792  3  2  4  59       
PG25  -5675.133563  15406.638719 -21167.060648    486.707510  3  3  2  68       
PG26  24518.725054   4617.199191  -9764.847426    196.224971  3  7  4  90       
PG28  10372.608968  12341.503185 -21130.120378   -111.915220  3  6  4  51       
PG29   1670.976189  22866.551109 -13369.218929   -608.042675  6  6  6  65       
PG30  -6284.001148 -17656.430015  18846.018772   -440.135105  4  4  4  67       
PG31  15866.980295   2721.639630 -21390.726065   -227.530099  4  6  4  42       
PG32  15971.652437  21109.380727  -3085.973556   -608.076832  6  5  4  74       
*  2024  1 27 20 15  0.00000000
PG01  12746.826286 -22927.496695   2476.389092    167.400003  5  7  8  30       
PG02  14964.984418 -18966.592848  11250.317160   -494.480849  6  4  3  78       
PG03  18585.164625 -11794.477895 -14922.493927    154.814950  4  6  3  83       
PG04   8123.439921 -14047.794383 -20986.765670    276.954594  6  6  6 103       
PG05 -25487.637419   6458.195287   3910.333438   -159.570055     4  3  32       
PG06 -10158.946772 -11640.374435 -21514.245162    429.396481  1  3  4  84       
PG07   3231.843576 -24350.919559   9948.855573    -47.771068  5  4  3  79       
PG08  14481.397577  -5975.698323  21397.310647   -164.181612  3  3  5  93       
PG09  -3687.188863 -21916.731557 -14584.226996     72.709108  6  5  3  90       
PG10  15084.679842  11289.787588  19056.216397    -70.998388  5  4  5  93       
PG11 -16305.529687    110.062378 -20930.594722   -555.349684  3  2  5  70       
PG12 -19431.818501  10830.119470 -14744.127367   -472.162055  5  5  3  61       
PG13 -17433.942714  -4848.391751  19315.814238    619.997899  6  4  4  56       
PG14 -11009.896243 -13666.449784  20009.425259    310.130945  5  6  3  76       
PG15 -13912.444727   7719.344689  20800.435348    121.618943  5  5  3  49       
PG16  26729.090912   1161.244254  -2100.199286   -375.287854  4  5  6  56       
PG17 -12231.506625 -23339.362554   3019.023349    718.733411  5  6  2  58       
PG18  -3260.522492  23960.697795  10786.556730   -542.236642  3  7  5  79       
PG19 -16715.499040 -19748.887656  -6972.413311    432.480642  6  8  3  40       
PG20 -24632.338166   -247.844575  -9650.438278    389.737867  5  5  3  73       
PG21  16218.880682 -14296.488204  15225.747348    136.983652  5  4  3  81       
PG22 -17687.740068 -11358.147076  16489.270445     41.003484  4  6  4  50       
PG23   1428.169354  14799.550045  22027.402436    143.940344  4  5  5  93       
PG24 -15143.254121  18049.292868  11437.544476   -421.635916  3  2  3  61       
PG25  -7987.939593  15502.609776 -20295.137713    486.708649  3  2  2  15       
PG26  23339.609974   5050.320951 -12147.925052    196.221643  3  7  4  87       
PG28   9329.609275  14463.294846 -20251.826928   -111.926004  4  6  4  50       
PG29    713.669245  21514.691606 -15539.531263   -608.041972  6  5  6  80       
PG30  -5200.093974 -19423.330651  17345.385820   -440.130764  4  4  3  56       
PG31  14766.212008   4880.064884 -21759.761860   -227.530274  5  6  4  54       
PG32  15894.571810  21417.475749   -249.082945   -608.079134  6  5  4  64       
*  2024  1 27 20 30  0.00000000
PG01  12729.161353 -22400.769459   5363.415479    167.401099  6  7  8  42       
PG02  14741.020379 -17610.856116  13627.866600   -494.475899  6  4  3  68       
PG03  20148.678465 -11841.639751 -12652.524850    154.837566  4  6  3  61       
PG04   9587.704997 -12095.489204 -21587.913858    276.963228  6  6  5  92       
PG05 -25825.016202   6291.779947   1061.278901   -159.571430  1  4  4  49       
PG06  -9153.540734 -13844.514741 -20636.005311    429.384017  2  3  4  80       
PG07   3858.345895 -25111.838006   7325.209847    -47.779217  5  3  4  74       
PG08  15989.443834  -4070.505686  20802.442879   -164.184608  3  3  6  88       
PG09  -2431.038958 -20653.577089 -16572.460137     72.720289  7  5  3  88       
PG10  12911.161761  11647.673029  20376.706425    -70.999658  4  4  5  84       
PG11 -15317.809538  -2117.377377 -21563.766166   -555.361778  4  3  6  70       
PG12 -20959.375875  10732.728927 -12503.713469   -472.165449  5  5  3  43       
PG13 -18396.687055  -6777.526366  17818.731279    620.000957  5  3  5  49       
PG14  -8695.349322 -13994.440940  20887.212927    310.140074  4  6  4  66       
PG15 -15628.759588   5966.651784  20182.271609    121.622743  4  5  4  45       
PG16  26380.124107   1386.564749  -4896.204217   -375.280895  5  5  6  58       
PG17 -11784.172987 -23085.494077   5844.767703    718.732470  4  6  2  60       
PG18  -3884.271955  24874.563829   8178.301150   -542.244573  3  6  5  84       
PG19 -16871.108200 -20370.451434  -4212.920220    432.485299  6  8  3  76       
PG20 -23507.618081   -870.325340 -12108.041649    389.736473  5  5  3  40       
PG21  15882.702521 -12506.176317  17182.784245    136.982274  5  4  3  73       
PG22 -15773.353015 -11595.117630  18245.833958     40.997879  5  6  3  58       
PG23  -1042.102923  15173.019531  21776.988982    143.947358  4  4  5  93       
PG24 -14988.036389  16509.319315  13705.391920   -421.642081  3  3  3  60       
PG25 -10181.195871  15700.236926 -19081.693840    486.709815  4  2  2  21       
PG26  21933.020055   5590.322532 -14327.298412    196.218351  3  7  4  93       
PG28   8441.317505  16525.549084 -19025.733752   -111.936760  4  6  4  26       
PG29   -439.776408  20022.959201 -17442.099041   -608.041197  6  5  6  73       
PG30  -4273.351220 -21071.075674  15546.102539   -440.126385  4  4  3  52       
PG31  13768.592983   7115.033368 -21762.106580   -227.530496  5  6  4  41       
PG32  15639.417583  21475.095429   2592.062472   -608.081402  6  5  4  69       
*  2024  1 27 20 45  0.00000000
PG01  12630.249985 -21565.973128   8155.525112    167.402192  6  7  8  46       
PG02  14525.340402 -16003.395701  15774.704732   -494.470524  6  5  3  72       
PG03  21443.781079 -11923.948477 -10165.204465    154.860251  4  6  3  86       
PG04  11181.360295 -10187.291885 -21816.677731    276.971833  6  5  5  98       
PG05 -25856.125591   6068.716640  -1805.974956   -159.572652  2  4  4  19       
PG06  -8314.219891 -15988.831965 -19399.543318    429.371526  2  4  4  83       
PG07   4350.885652 -25615.750749   4573.837828    -47.787521  6  3  4  77       
PG08  17531.276246  -2313.044174  19849.260866   -164.186423  4  4  6  95       
PG09   -971.830467 -19303.149269 -18276.523467     72.731438  7  5  2  95       
PG10  10633.078294  12152.628917  21355.396255    -71.001053  5  4  5  90       
PG11 -14430.436148  -4440.589483 -21824.851188   -555.373948  5  3  6  79       
PG12 -22229.712516  10682.566780 -10050.563647   -472.168951  4  5  4  36       
PG13 -19358.655341  -8491.685378  16012.672337    620.004059  5     5  62       
PG14  -6320.699902 -14450.893085  21407.325620    310.149233  4  6  4  46       
PG15 -17353.162015   4358.828459  19202.927773    121.626345  4  4  4  42       
PG16  25738.153571   1659.908404  -7610.801869   -375.273854  5  5  6  80       
PG17 -11136.429564 -22605.542527   8570.067154    718.731101  4  6  2  55       
PG18  -4353.690568  25534.313886   5427.872572   -542.252560  3  5  5  60       
PG19 -16880.006886 -20726.474169  -1382.722039    432.489849  7  8  3  73       
PG20 -22165.939035  -1643.481770 -14354.822637    389.734935  5  5  3  63       
PG21  15589.048751 -10512.006236  18843.215372    136.981390  5  5  3  88       
PG22 -13699.902323 -11948.766056  19695.438561     40.991861  5  6  3  62       
PG23  -3441.651186  15670.489850  21151.952191    143.954309  4  4  5  95       
PG24 -14846.013873  14723.605105  15726.777965   -421.648210  3  3  3  68       
PG25 -12214.813791  15977.704835 -17545.956122    486.710964  4  2  3  51       
PG26  20331.781090   6258.159711 -16266.311599    196.215021  3  7  4  80       
PG28   7708.256456  18481.276922 -17472.861714   -111.947605  5  6  4  36       
PG29  -1789.829010  18436.841157 -19044.452405   -608.040848  6  4  6  75       
PG30  -3497.109678 -22557.159268  13478.438124   -440.122035  4  3  3  52       
PG31  12893.122787   9383.249755 -21396.527530   -227.530844  5  5  5  57       
PG32  15178.779482  21307.545956   5389.271558   -608.083641  6  5  4  55       
*  2024  1 27 21  0  0.00000000
PG01  12491.080315 -20425.114736  10802.872881    167.403291  6  7  8  54       
PG02  14353.531489 -14169.557611  17656.033764   -494.465474  6  5  3  78       
PG03  22450.905655 -12003.360805  -7502.913090    154.882958  4  6  2  73       
PG04  12875.517893  -8363.248784 -21669.517898    276.980530  6  6  4  94       
PG05 -25591.332733   5752.511449  -4642.370282   -159.574115  3  4  4  56       
PG06  -7640.748542 -18023.344615 -17826.174677    429.359022  3  4  5  79       
PG07   4737.919653 -25837.264854   1742.194239    -47.795821  6  3  4  73       
PG08  19066.984898   -728.023365  18555.411198   -164.186835  4  4  7  93       
PG09    680.242110 -17909.179779 -19667.512435     72.742559  7  5  2  96       
PG10   8298.200612  12808.625911  21975.299874    -71.002307  4  4  4  92       
PG11 -13664.663602  -6814.873182 -21709.480033   -555.386090  5  3  6  81       
PG12 -23221.512805  10644.463151  -7425.861213   -472.172264  4  5  4  36       
PG13 -20278.749966  -9971.718226  13929.759891    620.007662  4  1  5  71       
PG14  -3933.085733 -15034.395158  21560.339405    310.158404  4  5  4  46       
PG15 -19042.929935   2916.302478  17881.182275    121.630063  4  4  4  49       
PG16  24820.841837   2015.326641 -10199.189422   -375.266869  6  4  6  80       
PG17 -10270.292036 -21935.296262  11148.848018    718.730284  4  5  2  54       
PG18  -4697.776058  25912.627484   2583.023695   -542.260576  3  5  4  58       
PG19 -16707.722758 -20833.391197   1470.712713    432.494733  6  8  3  65       
PG20 -20645.880343  -2583.154667 -16351.736093    389.733681  6  5  4  81       
PG21  15368.872425  -8349.288439  20181.581425    136.979811  6  4  3  79       
PG22 -11510.762595 -12433.647493  20815.227756     40.985964  5  5  3  70       
PG23  -5724.337121  16272.780870  20162.476300    143.961322  3  3  5  87       
PG24 -14749.304796  12720.169862  17465.051941   -421.654324  3  4  3  54       
PG25 -14053.648385  16307.123614 -15712.665738    486.712096  4  3  3  54       
PG26  18573.369092   7068.515945 -17932.192700    196.211694  4  7  4  80       
PG28   7122.887978  20285.304198 -15619.837989   -111.958387  5  5  4  45       
PG29  -3328.436270  16802.491524 -20319.351232   -608.040050  6  4  5  70       
PG30  -2857.464050 -23842.399795  11177.482457   -440.117681  4  3  3  71       
PG31  12151.419996  11638.687593 -20667.914948   -227.531233  5  5  5  75       
PG32  14491.477430  20946.086217   8095.292815   -608.085797  6  5  4  75       
*  2024  1 27 21 15  0.00000000
PG01  12352.408114 -18990.001110  13257.984274    167.404350  6  7  8  55       
PG02  14256.712065 -12141.473241  19241.797437   -494.460110  7  4  3  79       
PG03  23159.261719 -12039.871023  -4711.221377    154.905678  5  6  2  70       
PG04  14635.140724  -6658.047044 -21149.378397    276.989181  7  6  4  88       
PG05 -25049.332994   5309.743709  -7399.570492   -159.575192  4  4  4  84       
PG06  -7124.317161 -19900.118273 -15943.134306    429.346519  3  4  5  79       
PG07   5052.051170 -25758.796688  -1120.191130    -47.804173  6  2  5  45       
PG08  20554.172467    667.685934  16944.224453   -164.187383  5  5  7  99       
PG09   2506.901758 -16514.016004 -20721.911894     72.753759  7  6  2  96       
PG10   5955.049831  13611.294646  22225.264176    -71.004358  4  4  4  92       
PG11 -13034.098890  -9192.607112 -21219.789586   -555.398244  6  4  7  69       
PG12 -23921.621039  10580.805708  -4673.981895   -472.175601  4  5  5  68       
PG13 -21114.590458 -11207.178508  11606.722011    620.010909  3  2  5  91       
PG14  -1579.220733 -15735.689792  21343.083393    310.167527  4  5  4  62       
PG15 -20654.083622   1651.395297  16241.956903    121.633179  4  3  5  57       
PG16  23653.138389   2483.068418 -12618.795886   -375.259715  6  4  6  71       
PG17  -9175.388051 -21114.685877  13537.997515    718.729419  4  5  2  69       
PG18  -4950.249236  25990.072493   -306.777342   -542.268556  3  3  4  45       
PG19 -16324.584116 -20714.826175   4299.334290    432.499316  6  7  3  60       
PG20 -18990.008766  -3697.683732 -18064.164633    389.732742  6  5  4  89       
PG21  15247.049055  -6058.413987  21178.343623    136.979115  6  4  3  93       
PG22  -9251.740881 -13056.782420  21587.897390     40.980327  6  5  3  69       
PG23  -7848.402780  16953.552043  18825.072305    143.968293  3  4  5  74       
PG24 -14725.469569  10534.200376  18888.837635   -421.660410  3  4  2  59       
PG25 -15668.686489  16655.608798 -13611.766468    486.713146  5  3  3  29       
PG26  16698.615204   8029.073403 -19296.576949    196.208348  4  7  4  81       
PG28   6670.055459  21895.883192 -13498.445256   -111.969206  5  5  3  24       
PG29  -5039.163770  15165.014424 -21245.230079   -608.039226  6  4  5  75       
PG30  -2333.962060 -24892.403247   8682.577919   -440.113337  5  3  3  67       
PG31  11547.320765  13834.140306 -19587.290806   -227.531389  5  4  5  70       
PG32  13563.501976  20426.620282  10664.568006   -608.087935  6  5  4  82       
*  2024  1 27 21 30  0.00000000
PG01  12252.947941 -17281.956327  15476.709958    167.405441  6  7  8  43       
PG02  14260.323739  -9956.955166  20507.042596   -494.454940  7  4  3  78       
PG03  23567.165869 -11993.214297  -1838.123118    154.928390  5  6  3  36       
PG04  16420.278529  -5099.841170 -20265.607882    276.997812  7  7  4  53       
PG05 -24256.369356   4711.525042 -10030.759463   -159.576914  5  5  4  44       
PG06  -6748.034345 -21575.008097 -13783.097857    429.334009  3  4  5 101       
PG07   5328.560725 -25371.413693  -3962.612592    -47.812609  6  2  5  82       
PG08  21949.524703   1865.452600  15044.243867   -164.189420  6  5  7  94       
PG09   4482.310155 -15157.048919 -21421.971414     72.764894  7  6  2  60       
PG10   3651.249840  14547.968153  22100.191200    -71.006164  4  4  3  82       
PG11 -12544.250243 -11524.905102 -20364.376339   -555.410383  6  5  7  72       
PG12 -24325.492133  10453.136094  -1841.785886   -472.179179  4  5  5  17       
PG13 -21824.192589 -12196.475932   9084.201395    620.014059  2  3  6 103       
PG14    696.211503 -16537.949119  20758.730726    310.176705  3  4  5  72       
PG15 -22143.069094    568.091763  14315.731624    121.636944  3  2  5  61       
PG16  22266.377837   3088.307859 -14829.886153   -375.252409  7  4  5  70       
PG17  -7849.461684 -20186.169037  15698.015092    718.728434  4  5  2  81       
PG18  -5148.029762  25755.895733  -3191.234530   -542.276546  3  2  4  69       
PG19 -15707.008813 -20400.615755   7055.268006    432.503874  6  7  3  80       
PG20 -17243.276842  -4987.392800 -19462.531379    389.731201  6  5  4  78       
PG21  15241.491953  -3683.424213  21819.977085    136.977750  6  4  3  84       
PG22  -6969.522087 -13817.354795  22001.864836     40.974496  6  5  3  62       
PG23  -9777.902757  17680.314961  17162.330153    143.975300  2  4  5  87       
PG24 -14796.268816   8206.804614  19972.678849   -421.666509  3  4  3  70       
PG25 -17038.025602  16986.577312 -11277.999868    486.714276  5  4  4  63       
PG26  14750.294148   9140.044164 -20335.972984    196.204993  5  6  4  60       
PG28   6327.728005  23276.183902 -11145.082743   -111.979964  5  4  3  59       
PG29  -6897.660248  13566.806234 -21806.542847   -608.038660  7  4  5  51       
PG30  -1900.568480 -25678.863981   6036.661512   -440.109020  5  3  3  83       
PG31  11076.777202  15922.842156 -18171.721399   -227.531745  5  4  4  68       
PG32  12388.688638  19788.236929  13053.948655   -608.090020  6  5  4  84       
*  2024  1 27 21 45  0.00000000
PG01  12227.645149 -15331.148686  17419.122573    167.406552  6  7  7  55       
PG02  14383.160002  -7658.213048  21432.194713   -494.449690  7  4  3  82       
PG03  23682.030042 -11824.599608   1066.787397    154.951148  5  6  3  34       
PG04  18187.499318  -3709.344013 -19033.771972    277.006463  7  7  4  63       
PG05 -23245.184310   3934.779216 -12491.404028   -159.577596  6  5  4  16       
PG06  -6487.746697 -23009.263454 -11383.601481    429.321485  4  4  6 103       
PG07   5603.796711 -24675.349299  -6734.156281    -47.820813  6  2  4  81       
PG08  23210.410210   2864.965829  12888.681889   -164.192881  6  6  7  96       
PG09   6573.879063 -13873.271116 -21755.983366     72.776050  7  5  3  86       
PG10   1431.906968  15598.041867  21601.177178    -71.007813  4  4  2  74       
PG11 -12192.402447 -13763.323855 -19158.137244   -555.422520  7  5  7  58       
PG12 -24437.327203  10223.805179   1022.152669   -472.182445  4  5  6  31       
PG13 -22367.628326 -12946.687867   6406.012248    620.017475     5  6  93       
PG14   2852.090537 -17417.356803  19816.782779    310.185903  4  4  5  79       
PG15 -23468.411404   -337.838221  12137.859535    121.640653  3  3  5  54       
PG16  20697.169790   3850.062179 -16796.121207   -375.244978  7  4  5  89       
PG17  -6298.568570 -19193.061445  17593.579734    718.727155  4  5  2  74       
PG18  -5329.584723  25208.483321  -6020.129732   -542.284499  3  3  3  49       
PG19 -14838.585973 -19925.605753   9691.583524    432.508806  5  6  3  67       
PG20 -15451.342835  -6444.398420 -20522.815640    389.729878  6  5  4  87       
PG21  15362.564716  -1270.494579  22098.960447    136.976079  6  4  3  86       
PG22  -4710.109120 -14706.705268  22051.357875     40.968763  6  5  3  64       
PG23 -11483.918508  18415.704197  15202.560291    143.982249  2  4  5  77       
PG24 -14976.682655   5783.519748  20697.545132   -421.672567  4  4  3  78       
PG25 -18147.602481  17261.215950  -8750.406475    486.715405  5  5  4  63       
PG26  12771.644905  10393.980695 -21032.165822    196.201683  5  6  4  54       
PG28   6068.017404  24395.608020  -8600.147738   -111.990708  5  4  3  72       
PG29  -8872.430862  12046.019457 -21994.003202   -608.038053  7  5  5  52       
PG30  -1526.862436 -26180.648585   3285.526999   -440.104721  5  4  4  89       
PG31  10728.065471  17860.101034 -16444.128472   -227.531914  5  3  4  67       
PG32  10969.103833  19071.650713  15223.367475   -608.092157  6  5  4  86       
*  2024  1 27 22  0  0.00000000
PG01  12306.106470 -13175.551927  19050.330000    167.407709  6  6  7  70       
PG02  14636.658570  -5290.437611  22003.252238   -494.444834  7  4  3  83       
PG03  23520.004431 -11498.403542   3953.179572    154.973880  5  6  3  25       
PG04  19891.460708  -2499.214711 -17475.361775    277.015120  7  7  4  80       
PG05 -22053.746039   2963.296331 -14739.969569   -159.579418  6  6  4  63       
PG06  -6313.153384 -24170.930820  -8786.371187    429.308940  4  4  6  96       
PG07   5913.492986 -23680.156769  -9384.714003    -47.829083  6  2  4  79       
PG08  24296.449672   3673.999450  10514.816996   -164.194576  7  6  7 101       
PG09   8743.340764 -12692.018405 -21718.460933     72.787177  7  5  3  80       
PG10   -661.925672  16733.642996  20735.562962    -71.009054  4  4  3  62       
PG11 -11967.822831 -15861.556973 -17622.001893   -555.434678  7  5  7  84       
PG12 -24269.882892   9857.623420   3868.368275   -472.185655  4  4  6  25       
PG13 -22708.602933 -13473.044232   3618.360521    620.020715  1  5  6  70       
PG14   4852.259378 -18343.976715  18532.944180    310.195060  4  4  5  73       
PG15 -24592.268945  -1078.381436   9747.805431    121.644267  3  4  6  36       
PG16  18986.118643   4780.334543 -18485.072368   -375.237904  7  4  5  56       
PG17  -4536.962417 -18177.876119  19194.031484    718.726441  5  5  2  60       
PG18  -5533.217425  24355.471512  -8744.228059   -542.292487  3  3  3  62       
PG19 -13710.907659 -19328.259596  12163.067579    432.513259  5  6  3  42       
PG20 -13658.879617  -8052.748999 -21226.962318    389.728612  6  4  5 102       
PG21  15612.796099   1133.610860  22013.677386    136.974920  5  4  3  88       
PG22  -2517.309702 -15708.613911  21736.428266     40.963150  6  4  3  64       
PG23 -12945.506053  19118.958595  12979.328472    143.989207  2  5  5  45       
PG24 -15274.235368   3312.641844  21051.184050   -421.678656  4  3  4  79       
PG25 -18991.638077  17440.070529  -6071.734524    486.716460  5  5  4  41       
PG26  10804.875268  11775.875635 -21372.549995    196.198326  6  6  4  56       
PG28   5858.428420  25230.875259  -5907.347603   -112.001514  4  4  3  73       
PG29 -10925.887971  10635.205801 -21804.718544   -608.037395  7  5  4  46       
PG30  -1179.421936 -26384.616365    477.019464   -440.100421  5  4  4  74       
PG31  10482.302358  19604.882246 -14432.995009   -227.532357  4  3  4  67       
PG32   9315.130190  18317.601496  17136.457738   -608.094415  6  5  4  93       
*  2024  1 27 22 15  0.00000000
PG01  12511.260470 -10859.583321  20341.181488    167.408858  6  6  7  76       
PG02  15024.474677  -2900.302588  22211.905029   -494.439697  6  4  3  89       
PG03  23105.285941 -10983.756502   6770.876692    154.996617  5  6  4  64       
PG04  21486.560685  -1473.764510 -15617.405052    277.023731  7  7  5  78       
PG05 -20723.798061   1788.523747 -16738.579779   -159.580510  7  6  4  16       
PG06  -6189.170047 -25035.999224  -6036.574980    429.296427  5  4  6  94       
PG07   6291.087587 -22404.483542 -11866.016338    -47.837271  6  3  4  78       
PG08  25170.997541   4307.875046   7963.342785   -164.195699  7  6  6  80       
PG09  10948.037085 -11635.941153 -21310.214640     72.798361  7  5  4  52       
PG10  -2594.642884  17920.590047  19516.890694    -71.011008  4  4  4  67       
PG11 -11852.288771 -17777.050545 -15782.561318   -555.446839  7  5  7  98       
PG12 -23843.955806   9323.440610   6647.365880   -472.189330  4  5  6  55       
PG13 -22815.890358 -13798.111467    769.042349    620.024079  2  5  7  66       
PG14   6666.737665 -19282.877189  16928.888085    310.204287  4  4  5  76       
PG15 -25481.827276  -1672.516273   7188.331848    121.647718  3  4  6  46       
PG16  17176.416026   5883.509517 -19868.687455   -375.230371  7  5  5  80       
PG17  -2586.684248 -17180.729948  20473.767423    718.725595  5  5  1  48       
PG18  -5795.366417  23213.503294 -11316.164239   -542.300422  4  4  4  64       
PG19 -12324.115190 -18649.127491  14426.989399    432.518351  5  5  3  33       
PG20 -11907.939746  -9788.888119 -21563.178446    389.727564  7  4  5 101       
PG21  15986.891963   3483.061681  21568.245172    136.973973  5  4  3  68       
PG22   -431.318651 -16799.858324  21062.894651     40.957380  6  4  3  59       
PG23 -14150.338313  19747.556008  10530.890113    143.996199  2  5  4  68       
PG24 -15688.654011    843.453026  21028.312463   -421.684704  5  3  5  80       
PG25 -19572.774847  17484.696786  -3287.760262    486.717576  6  5  4  55       
PG26   8889.703296  13263.551345 -21350.386164    196.194959  6  5  4  65       
PG28   5663.293881  25766.840189  -3112.953603   -112.012324  4  3  3  87       
PG29 -13015.638832   9360.188621 -21242.217032   -608.036757  7  5  4  53       
PG30   -823.340687 -26286.139860  -2339.822769   -440.096068  6  4  4  62       
PG31  10314.257145  21121.281874 -12171.963611   -227.532720  4  2  4  73       
PG32   7445.249619  17565.270197  18761.114543   -608.096665  6  5  4  81       
*  2024  1 27 22 30  0.00000000
PG01  12858.308613  -8432.477084  21268.846554    167.410041  5  6  6  69       
PG02  15542.343474   -534.434997  22055.581922   -494.434249  6  4  3  94       
PG03  22469.116874 -10255.956071   9470.755067    155.019384  5  6  5  71       
PG04  22928.604783   -628.989103 -13491.987895    277.032348  8  7  5  72       
PG05 -19299.287018    410.066117 -18453.612915   -159.581596  7  6  4  48       
PG06  -6077.486453 -25589.243019  -3182.012744    429.283839  5  5  6  96       
PG07   6766.119959 -20875.465699 -14132.654717    -47.845627  6  3  4  90       
PG08  25802.483840   4788.649228   5277.680724   -164.197097  8  6  6  91       
PG09  13142.378738 -10720.242726 -20538.327295     72.809397  7  6  4  79       
PG10  -4337.288248  19119.612563  17964.762156    -71.012923  4  4  4  77       
PG11 -11820.915044 -19472.478729 -13671.600433   -555.458976  7  5  7  83       
PG12 -23187.556472   8595.589971   9310.506618   -472.192686  4  5  6  44       
PG13 -22664.574882 -13950.711841  -2093.365308    620.027290  3  6  7  50       
PG14   8272.699676 -20195.469325  15031.913166    310.213402  5  4  5  82       
PG15 -26110.480767  -2145.182510   4504.655558    121.651199  4  5  6  52       
PG16  15312.352098   7156.021277 -20923.706510   -375.223151  7  5  4  89       
PG17   -476.875148 -16237.871598  21412.553915    718.724927  5  5     27       
PG18  -6148.984254  21807.640672 -13691.291875   -542.308357  4  5  4           
PG19 -10687.134028 -17929.231145  16443.846806    432.522961  5  5  3  42       
PG20 -10236.440948 -11622.422513 -21526.112900    389.725962  7  4  6 110       
PG21  16472.030102   5734.412221  20772.283913    136.972306  5  3  3  86       
PG22   1512.559604 -17951.025216  20042.218818     40.951599  6  4  4  66       
PG23 -15095.014991  20258.937447   7899.532913    144.003119  2  5  5  48       
PG24 -16211.872742  -1575.574293  20630.645596   -421.690777  6  3  5  73       
PG25 -19901.893571  17359.308924   -446.527037    486.718690  6  6  4  14       
PG26   7061.988483  14828.329665 -20964.974534    196.191607  6  5  3  65       
PG28   5445.338736  25997.007992   -265.009009   -112.023133  4  3  3  92       
PG29 -15095.961021   8239.205825 -20316.368754   -608.035997  7  5  4  69       
PG30   -423.815558 -25889.300830  -5115.661699   -440.091763  6  5  4  75       
PG31  10193.433421  22379.830022  -9699.327863   -227.532831  4  2  4  69       
PG32   5385.532352  16850.767127  20069.992422   -608.098940  6  5  4  93       
*  2024  1 27 22 45  0.00000000
PG01  13354.013917  -5946.464406  21817.250962    167.411212  5  6  5  73       
PG02  16178.231017   1762.096649  21537.431943   -494.428979  6  4  3  84       
PG03  21648.511603  -9297.648343  12005.634144    155.042124  5  6  5  75       
PG04  24176.426589     47.076227 -11135.695859    277.040966  8  6  5  74       
PG05 -17824.726814  -1164.122479 -19856.227975   -159.583099  8  6  4  61       
PG06  -5938.254510 -25824.729177   -272.260130    429.271263  5  5  6  78       
PG07   7362.783072 -19127.761460 -16143.060287    -47.853894  7  3  3  65       
PG08  26165.569897   5144.059238   2503.267206   -164.199183  8  6  6  87       
PG09  15279.420736  -9952.212421 -19416.028528     72.820531  7  6  5  24       
PG10  -5868.513670  20287.790742  16104.595200    -71.015159  3  4  4  58       
PG11 -11843.247847 -20917.023341 -11325.542730   -555.471143  7  5  7  60       
PG12 -22334.800442   7655.134969  11810.900172   -472.196032  5  5  6  61       
PG13 -22237.055395 -13964.623130  -4920.308986    620.030456  4  6  7  78       
PG14   9655.177641 -21041.008594  12874.495978    310.222463  5  4  5  88       
PG15 -26458.761807  -2526.036711   1743.595702    121.654672  5  5  6  81       
PG16  13437.794279   8586.306827 -21632.024165   -375.216184  8  5  3  77       
PG17   1757.158508 -15380.378716  21995.757822    718.723638  6  5  1  63       
PG18  -6622.061998  20170.456818 -15828.478514   -542.316314  4  5  4  44       
PG19  -8817.581735 -17208.423645  18178.079900    432.527549  5  5  3  48       
PG20  -8676.830692 -13517.163029 -21116.917943    389.725051  7  4  6 110       
PG21  17048.416506   7847.939320  19640.638276    136.971966  4  3  4  80       
PG22   3285.008460 -19127.546592  18691.318527     40.945874  6  4  4  76       
PG23 -15785.026123  20612.252108   5130.838862    144.010060  2  6  5  66       
PG24 -16828.377578  -3898.517163  19866.768790   -421.696833  6  3  5  67       
PG25 -19997.609291  17032.358882   2402.486365    486.719778  6  6  4  37       
PG26   5352.503586  16435.962268 -20221.738613    196.188277  6  5  3  71       
PG28   5167.312128  25923.728961   2587.495151   -112.033932  4  3  3  79       
PG29 -17119.409751   7282.353890 -19043.203558   -608.035184  7  5  4  71       
PG30     52.260988 -25206.750531  -7801.769732   -440.087456  6  5  4  76       
PG31  10085.383537  23358.568654  -7057.419965   -227.533234  4  1  4  70       
PG32   3168.850134  16205.746591  21040.934354   -608.101197  6  6  4  83       
*  2024  1 27 23  0  0.00000000
PG01  13996.357843  -3454.840349  21977.359294    167.412406  5  6  5  90       
PG02  16912.765173   3947.228382  20666.242867   -494.423513  5  4  3  87       
PG03  20684.760799  -8099.726780  14331.139056    155.064968  5  6  5  89       
PG04  25193.400627    573.694487  -8588.984493    277.049596  8  6  5  52       
PG05 -16343.558859  -2917.860324 -20922.815244   -159.584322  8  6  4  71       
PG06  -5731.838087 -25745.970124   2642.216367    429.258729  5  6  6  87       
PG07   8098.701170 -17202.261755 -17860.407296    -47.862057  7  3  2  87       
PG08  26242.079250   5406.268450   -313.175295   -164.202294  8  6  5  74       
PG09  17312.495539  -9331.069315 -17962.471247     72.831703  7  6  6  28       
PG10  -7175.257485  21380.165098  13967.276061    -71.017099  3  4  5  54       
PG11 -11884.582056 -22087.409181  -8784.817255   -555.483333  7  5  8  83       
PG12 -21324.556809   6490.863617  14104.284722   -472.199340  5  5  5  85       
PG13 -21523.778348 -13877.110448  -7664.046380    620.033632  5  6  7  54       
PG14  10807.461257 -21778.201762  10493.744697    310.231600  5  5  5  70       
PG15 -26514.989604  -2848.050056  -1047.267752    121.658215  6  6  7  67       
PG16  11594.683340  10155.048300 -21980.995046   -375.208648  8  6  3  82       
PG17   4075.091638 -14633.065324  22214.499915    718.722573  6  5  2  52       
PG18  -7236.359119  18340.845338 -17690.830980   -542.324238  4  6  4  36       
PG19  -6741.345194 -16523.786907  19598.738198    432.532396  5  5  3  26       
PG20  -7254.980567 -15432.396358 -20343.193753    389.723313  7  3  7 108       
PG21  17690.075954   9788.830270  18193.061198    136.970661  4  3  4  77       
PG22   4863.582375 -20290.925640  17032.319272     40.940321  6  3  5  50       
PG23 -16234.369358  20770.053064   2272.878963    144.017038  3  6  5  69       
PG24 -17515.870221  -6083.611880  18751.862197   -421.702881  6  3  6  75       
PG25 -19885.459440  16477.979357   5209.254147    486.720908  6  6  5  70       
PG26   3785.894327  18047.792123 -19132.213326    196.184919  6  4  3  47       
PG28   4793.623680  25558.063954   5395.462567   -112.044723  4  3  3  46       
PG29 -19038.496678   6491.352266 -17444.629424   -608.034785  8  5  4  66       
PG30    634.770341 -24259.237438 -10350.936197   -440.083135  7  6  4  89       
PG31   9953.207204  24043.855760  -4291.901276   -227.533188  4     4  66       
PG32    833.840812  15656.197065  21657.327580   -608.103459  5  6  4  74       
*  2024  1 27 23 15  0.00000000
PG01  14774.578232  -1010.002470  21747.299157    167.413562  5  5  4  87       
PG02  17719.930157   5983.235979  19456.299768   -494.418651  5  3  3  87       
PG03  19621.772571  -6661.909369  16406.517139    155.087768  5  6  6  73       
PG04  25948.791117    976.485034  -5895.489982    277.058251  9  6  5  49       
PG05 -14896.567736  -4827.168861 -21635.366535   -159.585305  9  6  4  55       
PG06  -5420.553966 -25365.717571   5510.955594    429.246186  6  6  6  64       
PG07   8983.993784 -15144.533646 -19253.410537    -47.870403  7  4  2  81       
PG08  26021.673233   5610.459158  -3124.373962   -164.205467  9  6  5  87       
PG09  19196.843560  -8848.122096 -16202.413517     72.842845  7  7  6  17       
PG10  -8253.110254  22351.458146  11588.707213    -71.018055  3  4  5  18       
PG11 -11907.449832 -22968.656373  -6093.159102   -555.495525  6  5  8  76       
PG12 -20198.905845   5099.984208  16149.874323   -472.202793  5  5  5  77       
PG13 -20523.675798 -13727.346738 -10278.407044    620.036978  6  6  8  83       
PG14  11731.176075 -22366.856012   7930.762560    310.240697  5  5  6  73       
PG15 -26275.623075  -3146.008556  -3820.409471    121.661859  7  6  7  60       
PG16   9821.596978  11835.699873 -21963.677757   -375.201345  8  6  3  88       
PG17   6432.897659 -14013.632543  22065.733694    718.721512  6  5  3  51       
PG18  -8006.389600  16362.595207 -19246.337340   -542.332192  4  7  5  51       
PG19  -4491.835864 -15908.129722  20680.086498    432.537207  6  5  3  35       
PG20  -5989.351428 -17324.336551 -19218.819383    389.722185  8  3  8 112       
PG21  18365.845366  11528.190410  16453.866785    136.969024  4  3  5  89       
PG22   6233.348022 -21400.112191  15092.246513     40.934343  6  3  6  77       
PG23 -16464.835321  20699.874693   -624.644027    144.023961  4  7  5  64       
PG24 -18246.215357  -8094.668362  17307.293170   -421.708949  6  3  6  61       
PG25 -19596.810933  15677.226713   7924.131394    486.722028  5  6  5  54       
PG26   2379.868714  19622.107185 -17713.932348    196.181560  7  4  3  48       
PG28   4291.919862  24919.325679   8110.537771   -112.055523  5  3  4  58       
PG29 -20807.377423   5859.635417 -15548.056465   -608.034088  8  5  4  58       
PG30   1348.963982 -23074.820023 -12718.349685   -440.078827  7  6  4  83       
PG31   9759.176095  24430.857252  -1450.965990   -227.533771  4     4  63       
PG32  -1576.340101  15221.450354  21908.381874   -608.105755  5  5  4  68       
*  2024  1 27 23 30  0.00000000
PG01  15669.582983   1338.453930  21132.327692    167.414810  5  5  4  90       
PG02  18568.001371   7837.917804  17927.185212   -494.413558  6  3  3  82       
PG03  18504.317343  -4992.967908  18195.390609    155.110562  5  6  6  92       
PG04  26418.886470   1286.239199  -3101.291232    277.066842  9  6  5  67       
PG05 -13520.409301  -6860.996873 -21981.761159   -159.586728  9  6  4  74       
PG06  -4970.334038 -24705.407398   8284.391721    429.233565  6  6  6  58       
PG07  10020.672609 -13003.067106 -20296.990127    -47.878441  7  4  2  76       
PG08  25502.249740   5793.324245  -5883.240017   -164.206465  9  6  5  69       
PG09  20891.180748  -8487.238353 -14165.810446     72.854013  7  7  7  37       
PG10  -9106.348396  23157.843548   9009.252764    -71.019260  3  4  5  42       
PG11 -11873.222256 -23554.521933  -3296.855711   -555.507684  6  5  8  99       
PG12 -19001.467003   3488.488115  17911.153088   -472.205983  5  5  5  75       
PG13 -19244.295790 -13554.781072 -12719.517031    620.040172  6  6  8  38       
PG14  12436.036221 -22769.504581   5229.931708    310.249765  6  6  6  77       
PG15 -25745.314245  -3454.976012  -6529.135510    121.665371  8  7  8  81       
PG16   8152.429986  13595.286191 -21579.012141   -375.194470  8  6  3  87       
PG17   8784.291028 -13532.087669  21552.252569    718.720627  5  5  4  68       
PG18  -8938.704123  14282.789105 -20468.414105   -542.340138  5  7  5  70       
PG19  -2108.944668 -15388.647551  21402.134428    432.542330  6  5  4  54       
PG20  -4890.458987 -19147.698932 -17763.675671    389.720551  8  3  8 114       
PG21  19040.535086  13043.845658  14451.557332    136.968062  4  3  5  80       
PG22   7387.262368 -22412.983299  12902.659234     40.928604  7  4  6  67       
PG23 -16504.989203  20375.627244  -3511.287910    144.030886  5  7  5  70       
PG24 -18986.624157  -9902.235210  15560.094452   -421.715039  7  4  6  61       
PG25 -19167.526378  14619.066199  10498.801079    486.723146  5  6  5  67       
PG26   1144.650376  21115.638993 -15990.210776    196.178218  7  4  3  47       
PG28   3634.538450  24034.313237  10685.941167   -112.066275  5  3  4  68       
PG29 -22383.484900   5372.767655 -13385.932844   -608.033436  8  5  5  81       
PG30   2214.246367 -21687.796025 -14862.435907   -440.074512  7  7  4  62       
PG31   9466.418716  24523.700027   1415.528119   -227.533737  5     4  80       
PG32  -4015.438032  14913.445988  21789.326175   -608.108051  6  5  4  57       
*  2024  1 27 23 45  0.00000000
PG01  16654.716729   3545.503402  20144.646302    167.415973  4  5  5  98       
PG02  19420.690733   9485.588036  16103.521704   -494.408387  6  2  4  73       
PG03  17376.247779  -3110.597705  19666.428798    155.133252  5  6  6  85       
PG04  26587.877593   1537.539668   -254.135225    277.075464  9  6  5  74       
PG05 -12246.304109  -8982.212381 -21955.964389   -159.587967  9  6  4  48       
PG06  -4352.242588 -23794.279545  10914.721098    429.220984  7  6  6  93       
PG07  11202.400773 -10827.406445 -20972.782287    -47.886874  7  4  2  55       
PG08  24690.053008   5991.511901  -8543.594112   -164.207368 10  7  5  55       
PG09  22359.145136  -8225.605446 -11887.321805     72.865205  7  7  7  58       
PG10  -9747.628239  23758.693958   6273.086109    -71.020451  3  5  5  19       
PG11 -11743.761496 -23847.614790   -443.952039   -555.519830  6  5  8 102       
PG12 -17775.665584   1671.159090  19356.595937   -472.209551  5  5  5  69       
PG13 -17701.623128 -13397.514559 -14946.479572    620.043242  7  6  8  39       
PG14  12939.280182 -22952.943390   2438.130268    310.258898  6  6  6  74       
PG15 -24936.669709  -3808.778172  -9128.311750    121.668636  8  7  8  52       
PG16   6615.237844  15395.450436 -20831.923720   -375.186942  8  6  4  96       
PG17  11082.246919 -13190.448190  20682.627809    718.719650  5  6  5  59       
PG18 -10031.495799  12150.089373 -21336.349683   -542.348097  5  8  6  57       
PG19    362.269073 -14985.800697  21751.074902    432.546878  6  5  4  53       
PG20  -3960.657379 -20857.334891 -16003.267416    389.719261  8  4  9 112       
PG21  19676.220725  14320.920960  12218.427214    136.966496  5  2  6  64       
PG22   8326.274058 -23287.881059  10499.225199     40.922819  7  4  6  30       
PG23 -16388.889539  19778.751085  -6336.780362    144.037832  6  7  5  65       
PG24 -19701.018138 -11484.474896  13542.348327   -421.721118  7  4  6  71       
PG25 -18636.441740  13301.051508  12887.217469    486.724259  5  5  6  69       
PG26     82.721340  22485.151669 -13989.820958    196.174852  7  4  4  18       
PG28   2799.783682  22936.269309  13077.278258   -112.077046  5  3  5  50       
PG29 -23729.047682   5009.164001 -10995.199917   -608.032891  8  6  6  73       
PG30   3243.196480 -20137.392159 -16745.631750   -440.070178  7  7  4  70       
PG31   9040.594976  24335.273660   4256.984483   -227.533821  5     3  77       
PG32  -6435.639204  14736.278772  21301.519658   -608.110350  6  5  4  42       
EOF
