#cP2024  1 29  0  0  0.00000000      96 ORBIT IGS20 HLM  IGS
## 2299  86400.00000000   900.00000000 60338 0.0000000000000
+   32   G01G02G03G04G05G06G07G08G09G10G11G12G13G14G15G16G17
+        G18G19G20G21G22G23G24G25G26G27G28G29G30G31G32  0  0
+          0  0  0  0  0  0  0  0  0  0  0  0  0  0  0  0  0
+          0  0  0  0  0  0  0  0  0  0  0  0  0  0  0  0  0
+          0  0  0  0  0  0  0  0  0  0  0  0  0  0  0  0  0
++         2  2  2  2  2  2  2  2  2  2  2  2  2  2  2  2  2
++         2  2  2  1  2  2  2  2  2  0  2  2  2  2  2  0  0
++         0  0  0  0  0  0  0  0  0  0  0  0  0  0  0  0  0
++         0  0  0  0  0  0  0  0  0  0  0  0  0  0  0  0  0
++         0  0  0  0  0  0  0  0  0  0  0  0  0  0  0  0  0
%c G  cc GPS ccc cccc cccc cccc cccc ccccc ccccc ccccc ccccc
%c cc cc ccc ccc cccc cccc cccc cccc ccccc ccccc ccccc ccccc
%f  1.2500000  1.025000000  0.00000000000  0.000000000000000
%f  0.0000000  0.000000000  0.00000000000  0.000000000000000
%i    0    0    0    0      0      0      0      0         0
%i    0    0    0    0      0      0      0      0         0
/* FINAL ORBIT COMBINATION FROM WEIGHTED AVERAGE OF:        
/* cod emr esa gfz grg jgx jpl mit ngs sio                  
/* REFERENCED TO GPS CLOCK AND TO WEIGHTED MEAN POLE:       
/* PCV:IGS20      OL/AL:FES2014b NONE     Y  ORB:CMB CLK:CMB
*  2024  1 29  0  0  0.00000000
PG01  17972.885584   6032.443148  18409.420969    167.526737  7 10  7  99       
PG02  20449.429639  11223.322877  13431.770787   -493.905741  6 11  5  76       
PG03  15996.332920   -469.204755  21033.610813    157.334314  4  7  7  95       
PG04  26354.763267   1839.792959   3381.220591    277.913623 10  9  9  79       
PG05 -10798.028479 -11761.709641 -21380.910708   -159.715220  8  7  3  87       
PG06  -3272.894114 -22322.464997  13998.382947    428.003798  6  8  7  78       
PG07  12891.531505  -8085.055388 -21284.421597    -48.687398  8  8  7  71       
PG08  23247.752843   6331.135163 -11728.980445   -164.371496  6  8  8  65       
PG09  23847.469272  -7997.197504  -8708.877353     73.950083  9  7  6  63       
PG10 -10288.298572  24170.919205   2641.175062    -71.151940  5  5  9  83       
PG11 -11383.431191 -23816.155613   3193.523311   -556.698621  8  6  8  85       
PG12 -16241.980616   -896.381930  20697.580980   -472.537808  7  6  5  73       
PG13 -15395.465193 -13275.174939 -17412.697605    620.361020  8  7  9  76       
PG14  13326.280051 -22826.731577  -1170.697756    311.144339  8  3  9  53       
PG15 -23530.938486  -4380.971976 -12220.012679    122.010732  8 10 11  70       
PG16   4888.032977  17673.636589 -19377.577259   -374.487329  6  7  7  58       
PG17  13858.552290 -12947.570251  19082.641513    718.625346  9  8  3  95       
PG18 -11641.188505   9429.269611 -21907.447891   -543.118513  5  8  7  75       
PG19   3555.479139 -14662.241641  21644.588225    433.007698  9  5  7  91       
PG20  -3015.805675 -22798.193753 -13373.140873    389.591904  8  5  6 106       
PG21  20368.406985  15584.510436   9106.787130    136.856254  7  7  5  56       
PG22   9221.013217 -24140.005358   7198.019018     40.365988  6  4  7  71       
PG23 -16073.581623  18613.414097  -9762.750569    144.714838  4  4  7  77       
PG24 -20513.432523 -13144.228343  10648.438239   -422.309726  6  9  9  54       
PG25 -17876.807391  11248.166466  15597.809156    486.834441  5  6  7  71       
PG26  -1041.170128  23989.897813 -11082.061646    195.848102  5  5  7  63       
PG27  12420.097578  13085.600765 -19904.106317 999999.999999                    
PG28   1445.796951  21284.964720  15800.264567   -113.123069  6  6  7  57       
PG29 -25060.057466   4678.476012  -7684.397819   -607.973702  9  5  7  96       
PG30   4792.738142 -17997.386771 -18712.725210   -439.650185  9  5  7  87       
PG31   8259.489340  23722.716148   7757.745504   -227.551003  5  4 10  96       
PG32  -9420.058081  14692.195043  20157.520501   -608.327946  8  4  3  82       
*  2024  1 29  0 15  0.00000000
PG01  19034.114164   7788.342499  16660.112159    167.527891  7  9  7  80       
PG02  21165.271250  12346.824068  11057.167656   -493.900622  6 10  6  81       
PG03  14990.875249   1788.786561  21698.738110    157.357023  4  7  6  83       
PG04  25824.740395   2096.223301   6167.557504    277.922259 10  8  9  99       
PG05  -9836.124023 -13919.441888 -20517.094043   -159.716570  9  7  3  91       
PG06  -2200.840990 -20981.438052  16139.170697    427.991217  6  8  7  69       
PG07  14336.746918  -6008.323949 -21093.693763    -48.695698  8  8  6  80       
PG08  21834.541437   6689.635794 -14002.239929   -164.373294  6  7  8  69       
PG09  24701.417473  -7848.572777  -6030.868322     73.961253  9  7  6  31       
PG10 -10534.412284  24182.007563   -272.001450    -71.153811  4  6  9  88       
PG11 -10909.520062 -23498.147751   5992.840761   -556.710774  7  6  8  74       
PG12 -15100.466797  -3082.950101  21339.238668   -472.541331  7  6  6  71       
PG13 -13354.674104 -13276.534727 -19020.892505    620.364362  9  7  8  79       
PG14  13468.804236 -22420.281343  -3987.550226    311.153455  8  4  9  83       
PG15 -22173.725043  -4946.293883 -14414.257802    122.014143  7  9 11  73       
PG16   3717.893555  19404.349449 -17857.529100   -374.480243  6  7  7  61       
PG17  15866.905897 -12889.457579  17464.979731    718.624670  8  8  3  99       
PG18 -13047.849841   7353.407297 -21925.946420   -543.126429  6  7  7  74       
PG19   6043.438956 -14559.418435  21129.427617    433.012222  9  6  7  94       
PG20  -2437.109556 -24093.853020 -11040.424825    389.590897  8  5  6  96       
PG21  20770.345945  16305.272978   6486.669179    136.854677  7  6  5  71       
PG22   9715.981579 -24560.046624   4459.717271     40.360086  6  3  7  91       
PG23 -15747.682950  17373.660232 -12269.818040    144.721789  4  4  7  62       
PG24 -21028.246212 -14177.381467   8157.380941   -422.315637  6  8  9  49       
PG25 -17262.552037   9376.966126  17408.873674    486.835567  5  7  7  42       
PG26  -1739.601439  24926.407393  -8584.481132    195.844651  4  5  7  44       
PG27  10164.737693  13362.811588 -20947.755286 999999.999999                    
PG28    165.193935  19850.252854  17624.680436   -113.133879  6  6  6  48       
PG29 -25775.329581   4484.145502  -4930.850918   -607.972820  9  4  7  89       
PG30   6199.939782 -16237.098619 -19889.643432   -439.645854  8  5  6  99       
PG31   7427.881985  22984.928306  10357.024878   -227.551160  6  3 10  95       
PG32 -11622.143365  14785.436945  18868.508566   -608.330212  8  3  2  74       
*  2024  1 29  0 30  0.00000000
PG01  20060.907661   9304.950364  14621.055299    167.529023  6  9  7  84       
PG02  21752.456088  13232.568905   8499.041613   -493.895349  5 10  6  51       
PG03  14091.436471   4148.419277  21985.154464    157.379701  4  7  5  81       
PG04  25002.248366   2414.739528   8848.615227    277.930850 10  7  9 101       
PG05  -9028.866615 -16016.539157 -19304.691078   -159.717631  9  7  4  88       
PG06   -916.417026 -19524.108047  18002.282168    427.978627  6  8  7  80       
PG07  15852.036567  -4044.179157 -20524.995794    -48.703845  7  7  5  57       
PG08  20203.299061   7164.636059 -16040.576783   -164.375629  6  7  8  88       
PG09  25258.442239  -7691.966248  -3249.653387     73.972405  8  7  6  57       
PG10 -10658.585212  23896.083567  -3180.377743    -71.154902  5  6  9  69       
PG11 -10238.470300 -22952.964557   8689.373254   -556.722889  7  5  8  82       
PG12 -14050.856116  -5372.232168  21603.726516   -472.544543  8  6  6  72       
PG13 -11154.069728 -13390.250965 -20309.243319    620.367675  9  7  8  86       
PG14  13506.449197 -21731.237752  -6734.966953    311.162554  7  4  9  52       
PG15 -20627.186008  -5641.765897 -16369.864859    122.017436  7  9 10  68       
PG16   2720.788233  21029.301944 -16032.666044   -374.472975  6  6  8  69       
PG17  17681.510086 -12923.967922  15557.586724    718.623552  8  7  4  82       
PG18 -14552.238727   5373.708060 -21566.874393   -543.134395  7  7  7  91       
PG19   8455.989476 -14584.796830  20242.462909    433.017198  9  6  6  91       
PG20  -1981.625325 -25148.508754  -8518.851722    389.589442  8  4  6  64       
PG21  21007.393415  16792.256864   3762.502715    136.853801  6  5  5  65       
PG22  10050.856475 -24727.642474   1646.611174     40.354026  6  2  7  78       
PG23 -15396.108476  15861.503389 -14563.437707    144.728748  5  4  7  79       
PG24 -21394.524715 -14971.553381   5527.147994   -422.321649  6  8  9  78       
PG25 -16673.955096   7299.687383  18909.594127    486.836689  5  6  6  75       
PG26  -2308.100756  25617.046717  -5936.824781    195.841265  4  4  7  80       
PG27   7828.922052  13776.289798 -21642.298127 999999.999999                    
PG28  -1311.126108  18339.577678  19145.318378   -113.144688  6  7  6  39       
PG29 -26184.907642   4306.306925  -2093.038631   -607.972441  9  4  7  94       
PG30   7757.903748 -14457.124342 -20718.606546   -439.641519  8  5  6  80       
PG31   6386.890267  22060.351719  12772.347554   -227.551422  5  4  9  98       
PG32 -13657.613954  14968.345545  17257.731075   -608.332500  7  4  2  75       
*  2024  1 29  0 45  0.00000000
PG01  21009.262805  10570.581118  12328.928802    167.530163  6  8  7  71       
PG02  22171.358924  13888.161376   5799.224158   -493.890126  5  9  6  64       
PG03  13320.366583   6563.265054  21888.161944    157.402383  4  7  4  90       
PG04  23908.049333   2828.338351  11378.596749    277.939468  9  7  9  94       
PG05  -8375.193823 -18005.662675 -17763.788607   -159.718875  9  6  5 106       
PG06    575.964464 -17997.358983  19556.050882    427.966045  6  8  7  81       
PG07  17401.138628  -2226.597666 -19590.364175    -48.712066  7  7  4  70       
PG08  18390.525920   7776.273435 -17809.378918   -164.376851  5  6  8  87       
PG09  25514.515803  -7489.975612   -412.780795     73.983572  8  7  6  74       
PG10 -10698.483836  23302.424262  -6032.730205    -71.156877  4  7  9  64       
PG11  -9351.340350 -22214.853425  11236.898717   -556.735088  7  5  8  77       
PG12 -13117.857894  -7719.888434  21486.468955   -472.548067  8  6  6  86       
PG13  -8837.014316 -13632.952692 -21255.931378    620.370731  9  7  7  96       
PG14  13476.047734 -20757.333139  -9365.123733    311.171667  6  4  9  82       
PG15 -18929.323197  -6481.504117 -18055.226013    122.020964  6  9 10  84       
PG16   1892.341864  22503.290108 -13932.648486   -374.465721  6  5  8  59       
PG17  19268.981091 -13022.465128  13391.448504    718.622579  8  7  4  90       
PG18 -16120.234015   3526.529499 -20836.967072   -543.142290  7  7  7  98       
PG19  10744.759183 -14724.400123  18998.545625    433.021770  8  6  6  96       
PG20  -1621.758105 -25934.784646  -5851.733764    389.587917  8  3  6  81       
PG21  21045.853316  17062.574159    977.770140    136.852405  6  5  5  77       
PG22  10255.344051 -24619.606166  -1194.220642     40.348388  5  2  6  72       
PG23 -15058.216318  14096.198261 -16603.903016    144.735764  5  5  7  61       
PG24 -21579.084880 -15539.739185   2803.131353   -422.327697  6  7  9  72       
PG25 -16143.806212   5049.965425  20073.150750    486.837807  6  6  6  66       
PG26  -2773.061400  26036.149047  -3185.105926    195.837895  4  4  8  76       
PG27   5459.279755  14327.841470 -21975.247488 999999.999999                    
PG28  -2971.098200  16797.396220  20335.920204   -113.155463  5  7  5  50       
PG29 -26283.684976   4106.686691    780.555558   -607.972124  8  3  7  77       
PG30   9446.074310 -12699.873536 -21185.719241   -439.637159  8  5  5  90       
PG31   5128.608741  20989.367911  14960.746746   -227.551749  5  4  9 100       
PG32 -15489.838165  15213.568437  15351.845579   -608.334735  7  4  4  51       
*  2024  1 29  1  0  0.00000000
PG01  21835.461105  11582.828133   9824.443755    167.531302  6  7  7  79       
PG02  22385.657784  14328.804853   3002.251462   -493.884974  5  9  7  75       
PG03  12692.052709   8983.845771  21409.837466    157.425054  4  7  4  88       
PG04  22570.379121   3365.570851  13714.240909    277.948081  9  7  9 104       
PG05  -7865.997781 -19841.346794 -15920.076072   -159.720167  8  6  5  85       
PG06   2263.126013 -16447.739826  20774.189049    427.953507  6  8  6  90       
PG07  18943.802700   -582.224172 -18308.422751    -48.720505  6  7  3  52       
PG08  16437.152001   8537.803869 -19278.343012   -164.377600  5  5  8  70       
PG09  25474.308039  -7205.820025   2431.162376     73.994720  7  7  6  97       
PG10 -10693.759954  22399.690999  -8778.631676    -71.158425  4  7  9  55       
PG11  -8236.749072 -21322.511483  13591.756036   -556.747229  7  6  8  71       
PG12 -12318.662214 -10078.127641  20989.809851   -472.551459  8  6  6  90       
PG13  -6449.992352 -14013.654459 -21844.730894    620.373965  9  7  6  84       
PG14  13415.101304 -19504.996756 -11832.283946    311.180752  5  5  8  70       
PG15 -17121.014284  -7472.673783 -19443.159201    122.024543  6  8  9  93       
PG16   1220.409293  23783.815283 -11592.202441   -374.458607  6  5  8  75       
PG17  20602.493716 -13151.433532  11001.898527    718.621329  8  7  5  89       
PG18 -17712.621649   1841.598575 -19749.299338   -543.150195  8  7  6 104       
PG19  12865.264572 -14956.725827  17419.040258    433.026581  8  6  6  98       
PG20  -1325.551731 -26432.639254  -3084.748174    389.586735  7  3  7  66       
PG21  20856.652444  17139.674189  -1822.746172    136.851775  5  4  5  79       
PG22  10363.238197 -24220.230303  -4014.768057     40.342352  5  2  6  45       
PG23 -14770.146866  12105.277764 -18356.015809    144.742720  6  5  6  88       
PG24 -21553.161452 -15901.924597     31.787148   -422.333750  6  7  8  72       
PG25 -15699.447288   2667.796008  20878.947444    486.838952  6  6  6  68       
PG26  -3165.100661  26165.485224   -377.432700    195.834497  4  3  8  68       
PG27   3102.721539  15011.245073 -21939.925846 999999.999999                    
PG28  -4794.538779  15266.469016  21175.918486   -113.166240  5  7  4  58       
PG29 -26075.505864   3847.203111   3640.789737   -607.971654  8  4  7  68       
PG30  11236.970686 -11004.250088 -21283.534505   -439.632830  8  5  5  71       
PG31   3653.610558  19815.036748  16883.411053   -227.551706  5  5  9 102       
PG32 -17088.515143  15488.502908  13182.689438   -608.336988  6  4  4  43       
*  2024  1 29  1 15  0.00000000
PG01  22497.789302  12348.368028   7151.559876    167.532409  5  7  7  46       
PG02  22363.804336  14576.637831    154.728213   -493.879920  5  9  7  72       
PG03  12212.438437  11359.389489  20558.968336    157.447682  4  7  4  86       
PG04  21023.930362   4049.257130  15815.548110    277.956738  8  6  9 104       
PG05  -7484.590566 -21481.607289 -13804.460210   -159.721490  8  6  6  88       
PG06   4123.463434 -14919.727822  21636.208071    427.940991  6  8  6  92       
PG07  20437.361263    870.417582 -16703.879047    -48.728787  6  6  2  52       
PG08  14387.135201   9454.922583 -20421.984620   -164.377694  4  5  7  81       
PG09  25150.960222  -6804.947413   5233.371380     74.005859  6  6  6 115       
PG10 -10684.289586  21196.125250 -11369.414245    -71.159459  5  7  8  82       
PG11  -6891.506913 -20317.552070  15713.584375   -556.759252  7  6  8  99       
PG12 -11662.348529 -12397.429231  20122.948618   -472.554955  8  5  6  85       
PG13  -4041.048350 -14533.327722 -22065.282559    620.377701  9  6  6 108       
PG14  13360.149757 -17989.233091 -14093.618999    311.189842  5  5  8  34       
PG15 -15244.610402  -8615.098934 -20511.258351    122.028423  6  8  9 101       
PG16    685.653866  24832.698223  -9050.624329   -374.451356  6  4  8  79       
PG17  21662.674342 -13273.813605   8428.137646    718.620248  9  6  5  96       
PG18 -19286.528344    341.065613 -18323.026367   -543.158092  8  6  6  93       
PG19  14778.505715 -15253.651949  15531.461956    433.031250  8  5  6 106       
PG20  -1058.114697 -26630.073366   -265.165892    389.584966  7  2  7  62       
PG21  20416.526233  17052.429066  -4593.532104    136.849883  5  4  5  55       
PG22  10411.000867 -23522.038006  -6766.851599     40.336918  5  2  6  87       
PG23 -14563.315251   9923.638778 -19789.697120    144.749730  6  5  6  91       
PG24 -21293.537714 -16084.088858  -2740.129400   -422.339793  6  7  8  65       
PG25 -15361.640220    198.124911  21313.005920    486.840070  6  6  6  76       
PG26  -3517.646817  25995.030840   2436.871622    195.831097  3  3  8  88       
PG27    804.872876  15812.370984 -21535.640040 999999.999999                    
PG28  -6753.735346  13786.275972  21650.795041   -113.177040  5  6  4  44       
PG29 -25572.994882   3491.622990   6438.689066   -607.971118  7  4  7  83       
PG30  13097.127021  -9404.266233 -21011.139253   -439.628517  7  5  5  81       
PG31   1971.136027  18581.353046  18506.433875   -227.551820  5  6  8  96       
PG32 -18430.702463  15756.619295  10786.799039   -608.339257  5  5  5  70       
*  2024  1 29  1 30  0.00000000
PG01  22958.167327  12882.422370   4356.674293    167.533510  4  6  7  68       
PG02  22080.356946  14659.807503  -2695.367987   -493.874800  5  8  7  63       
PG03  11878.892239  13639.636110  19350.862286    157.470301  4  7  4  87       
PG04  19308.601231   4895.421374  17646.455197    277.965353  8  5  8  84       
PG05  -7207.468747 -22889.437599 -11452.589840   -159.722717  8  5  6  88       
PG06   6127.608721 -13454.090826  22127.737871    427.928431  6  8  5  92       
PG07  21838.382229   2121.360889 -14806.912242    -48.736938  5  6     54       
PG08  12285.948061  10525.366616 -21220.087709   -164.379833  4  4  7  99       
PG09  24565.545138  -6256.565457   7945.655291     74.017106  6  6  6 113       
PG10 -10708.399804  19709.364295 -13759.107336    -71.160705  5  7  8  79       
PG11  -5320.935347 -19242.872937  17566.006424   -556.771375  6  6  8  92       
PG12 -11149.640043 -14628.336873  18901.735295   -472.558352  8  5  6  80       
PG13  -1658.166881 -15184.778592 -21913.285623    620.381005  9  6  5 104       
PG14  13345.190935 -16233.170533 -16109.971162    311.199010  4  5  8  74       
PG15 -13342.500704  -9901.137301 -21242.183723    122.031729  7  8  8  71       
PG16    262.424196  25617.567050  -6351.178774   -374.444082  6  3  8  70       
PG17  22438.242065 -13350.491012   5712.687362    718.619559  9  5  6  79       
PG18 -20797.000757   -961.141378 -16583.025183   -543.165977  8  6  6  75       
PG19  16452.349916 -15581.632722  13368.981317    433.036167  8  5  6 104       
PG20   -783.154427 -26523.543081   2558.938997    389.583778  7  2  6  47       
PG21  19709.038758  16834.024320  -7288.946980    136.848797  4  4  5  48       
PG22  10436.220997 -22526.249493  -9402.921139     40.331038  5  3  6  83       
PG23 -14463.107167   7592.347279 -20880.498757    144.756706  7  5  6  84       
PG24 -20783.463673 -16117.012829  -5466.301201   -422.345862  5  6  8  69       
PG25 -15143.726072  -2310.764123  21368.212412    486.841212  6  7  6  77       
PG26  -3865.401957  25523.419355   5208.187772    195.827729  3  3  8  90       
PG27  -1391.458685  16709.603430 -20767.776980 999999.999999                    
PG28  -8814.333424  12391.571407  21752.334398   -113.187847  5  6  4  65       
PG29 -24797.063232   3007.152883   9126.272601   -607.970558  6  4  7  76       
PG30  14988.272039  -7927.870564 -20374.115646   -439.624223  7  5  4  80       
PG31     98.921536  17331.481712  19801.453926   -227.551687  5  6  8  98       
PG32 -19501.577068  15978.960550   8204.837124   -608.341506  5  5  5  67       
*  2024  1 29  1 45  0.00000000
PG01  23183.623974  13207.907458   1487.800039    167.534544  4  6  7  62       
PG02  21517.123658  14611.307159  -5499.437273   -493.869408  5  8  6  44       
PG03  11680.427498  15776.620738  17807.038050    157.492900  4  6  4  78       
PG04  17468.056025   5912.488684  19175.448788    277.973984  7  5  8  96       
PG05  -7005.351007 -24034.135981  -8904.295006   -159.724260  7  5  6  83       
PG06   8239.391857 -12086.409884  22240.741942    427.915846  6  7  4  95       
PG07  23104.330894   3169.273824 -12652.476897    -48.745292  4  5     56       
PG08  10179.005594  11738.817673 -21658.085576   -164.379999  4  4  7  84       
PG09  23746.232551  -5535.036220  10521.264952     74.028448  6  6  7  96       
PG10 -10801.159820  17965.881102 -15905.327500    -71.161756  6  7  8  92       
PG11  -3538.861805 -18140.988593  19117.244623   -556.783504  6  6  7  88       
PG12 -10773.011550 -16723.247986  17348.331628   -472.561746  7  5  6  73       
PG13    652.348455 -15952.838710 -21390.604440    620.384380  9  6  5 100       
PG14  13400.214225 -14267.299026 -17846.543860    311.208098  3  5  8  83       
PG15 -11455.690207 -11315.822765 -21623.892993    122.035166  7  8  7  70       
PG16    -80.097730  26113.155421  -3540.393609   -374.436924  6  3  8  88       
PG17  22926.370814 -13341.889723   2900.777584    718.618351  9  5  6  90       
PG18 -22198.669267  -2059.640673 -14559.445074   -543.173916  8  5  5  86       
PG19  17862.643589 -15903.134357  10969.806114    433.040601  8  4  6 102       
PG20   -464.561223 -26118.064891   5339.486977    389.582739  6  1  6  69       
PG21  18725.399169  16520.683541  -9863.866566    136.848040  4  3  5  14       
PG22  10476.007160 -21242.937368 -11876.880343     40.325380  5  3  5  79       
PG23 -14487.829028   5157.211368 -21610.007467    144.763713  7  4  6  89       
PG24 -20013.334843 -16034.940225  -8101.551053   -422.351919  6  6  8  89       
PG25 -15051.110767  -4808.992399  21044.412534    486.842309  6  6  6  79       
PG26  -4242.744991  24758.058368   7887.538262    195.824323  2  3  7  85       
PG27  -3447.727590  17674.556284 -19647.813986 999999.999999                    
PG28 -10936.487364  11111.134110  21478.767744   -113.198630  5  6  4  57       
PG29 -23776.109730   2365.903539  11657.368173   -607.970073  6  5  7  71       
PG30  16868.698955  -6596.033796 -19384.382705   -439.619911  7  5  4  83       
PG31  -1937.323020  16106.047799  20746.171800   -227.551992  5  6  7  99       
PG32 -20294.896300  16115.762382   5480.933981   -608.343806  4  6  5  72       
*  2024  1 29  2  0  0.00000000
PG01  23147.568824  13354.313138  -1406.250785    167.535576  3  6  7  70       
PG02  20664.066073  14467.613268  -8209.056231   -493.864286  5  7  6  60       
PG03  11598.262223  17726.364434  15954.804962    157.515541  4  6  5  80       
PG04  15548.151028   7100.775588  20376.107083    277.982610  5  4  8  83       
PG05  -6844.452019 -24892.411676  -6202.946497   -159.725403  7  4  6  80       
PG06  10417.064079 -10845.816603  21973.626672    427.903296  6  7  4 100       
PG07  24195.173114   4021.189324 -10279.546535    -48.753616  3  5     60       
PG08   8110.089846  13077.113935 -21727.364869   -164.381697  4  4  7  76       
PG09  22727.190600  -4621.079027  12915.703127     74.039778  5  6  7  97       
PG10 -10992.810561  16000.069819 -17770.097248    -71.163305  6  8  7  86       
PG11  -1567.289525 -17052.390491  20340.660509   -556.795659  5  6  7  85       
PG12 -10517.142631 -18638.125099  15490.748851   -472.565209  7  5  6  69       
PG13   2847.439631 -16814.865418 -20505.285753    620.387654  9  6  5 105       
PG14  13549.907035 -12128.427978 -19273.506479    311.217179  3  5  8  87       
PG15  -9622.436332 -12837.270138 -21649.813151    122.038907  7  8  6  79       
PG16   -376.516934  26302.351874   -667.260368   -374.429510  6  3  8  89       
PG17  23132.753662 -13209.614440     39.671576    718.617314  8  4  6  81       
PG18 -23447.433030  -2957.590001 -12287.175858   -543.181879  8  5  5  89       
PG19  18994.004248 -16178.249884   8376.453837    433.045370  8  3  6  92       
PG20    -67.981852 -25427.010295   8029.186124    389.581401  6     6  56       
PG21  17465.039831  16150.262602 -12274.362788    136.846716  4  3  4  21       
PG22  10565.374516 -19690.854284 -14144.923351     40.319599  4  3  4  92       
PG23 -14647.952554   2667.179467 -21966.136058    144.770737  6  4  6  92       
PG24 -18981.113747 -15874.142509 -10602.502470   -422.357975  5  6  7  95       
PG25 -15081.096685  -7246.884507  20348.355053    486.843442  6  6  5  84       
PG26  -4682.142963  23714.900917  10427.521475    195.820893  1  4  7  88       
PG27  -5330.952597  18673.063685 -18193.237223 999999.999999                    
PG28 -13076.231163   9966.760597  20834.804738   -113.209425  5  6  4  66       
PG29 -22544.945707   1546.170400  13988.401955   -607.969493  5  5  7  86       
PG30  18694.769434  -5422.124558 -18059.925376   -439.615575  6  5  3  59       
PG31  -4104.764060  14941.554484  21324.731960   -227.552203  5  6  6 102       
PG32 -20813.136542  16128.131990   2661.950695   -608.346035  4  6  5  76       
*  2024  1 29  2 15  0.00000000
PG01  22830.818538  13356.359609  -4276.666466    167.536599  3  6  7  51       
PG02  19519.921039  14267.167646 -10776.814621   -493.859403  5  7  6  56       
PG03  11606.692753  19450.406735  13826.742243    157.538199  4  6  5  62       
PG04  13595.284320   8452.295303  21227.560989    277.991250  4  5  7  82       
PG05  -6687.945999 -25449.225412  -3394.743535   -159.726957  6  4  7  63       
PG06  12614.735812  -9753.991214  21331.245049    427.890736  6  7  4  95       
PG07  25074.857855   4691.912433  -7730.320085    -48.761862  3  4  1  47       
PG08   6119.828408  14514.768872 -21425.484369   -164.383825  4  5  7  90       
PG09  21547.264307  -3502.733125  15087.502538     74.051060  6  6  7  99       
PG10 -11307.401039  13853.014590 -19320.572244    -71.164773  6  7  6  85       
PG11    564.245974 -16013.997571  21215.208505   -556.807789  5  6  7  71       
PG12 -10359.693033 -20334.059387  13362.275986   -472.568569  6  4  6  67       
PG13   4888.745926 -17741.536655 -19271.483349    620.390984  9  6  5  99       
PG14  13812.585536  -9858.406872 -20366.502978    311.226336  3  5  7  83       
PG15  -7876.987806 -14437.329702 -21318.952445    122.042516  7  7  6  96       
PG16   -663.666258  26176.949184   2217.647130   -374.422258  6  4  8  89       
PG17  23071.359498 -12918.083264  -2822.067564    718.616121  8  4  6  79       
PG18 -24502.102826  -3666.352277  -9805.243855   -543.189846  8  5  4  77       
PG19  19840.258766 -16366.423580   5634.932623    433.050166  8  3  6 100       
PG20    437.676384 -24471.598732  10582.308990    389.579766  6  1  6  48       
PG21  15935.925952  15760.755663 -14478.416407    136.845509  4  2  4  72       
PG22  10735.690127 -17896.928633 -16166.367357     40.313846  4  3  4  87       
PG23 -14945.681539    172.627202 -21943.298439    144.777758  6  3  6  99       
PG24 -17692.485135 -15671.438830 -12928.195841   -422.364038  5  6  7  85       
PG25 -15223.063179  -9576.744766  19293.490279    486.844548  6  7  5  75       
PG26  -5212.639199  22417.879134  12783.219232    195.817532  2  4  7  75       
PG27  -7014.826948  19666.416081 -16427.362158 999999.999999                    
PG28 -15187.016877   8972.540277  19831.552588   -113.220265  5  6  4  30       
PG29 -21143.483695    533.479600  16079.149426   -607.968659  4  6  7  78       
PG30  20422.491188  -4411.595153 -16424.420227   -439.611181  6  4  3  20       
PG31  -6364.582653  13868.994956  21527.964143   -227.552509  5  7  6 103       
PG32 -21067.299239  15979.719233   -203.324734   -608.348267  4  6  5  82       
*  2024  1 29  2 30  0.00000000
PG01  22222.346082  13252.486959  -7075.407240    167.537608  2  6  6  52       
PG02  18092.505281  14048.758846 -13157.176807   -493.854043  5  6  5  55       
PG03  11674.243475  20917.121589  11460.090372    157.560860  4  5  5  66       
PG04  11654.731372   9950.887250  21714.866333    277.999933  2  5  6  85       
PG05  -6497.565069 -25698.328770   -527.939438   -159.728459  5  3  6  15       
PG06  14783.974949  -8824.457202  20324.796247    427.878169  6  6  4  97       
PG07  25712.625862   5203.141230  -5049.412043    -48.770340  2  4  2  62       
PG08   4244.283736  16019.783914 -20756.300439   -164.384957  4  5  7  69       
PG09  20248.481087  -2176.040361  16998.957455     74.062297  5  6  7  99       
PG10 -11761.690507  11570.993816 -20529.658988    -71.165694  6  7  6 103       
PG11   2819.610301 -15057.756244  21725.796798   -556.819911  5  6  7  74       
PG12 -10272.363447 -21778.624476  11000.814954   -472.572050  5  4  6  61       
PG13   6743.889147 -18697.915423 -17709.287340    620.394368  9  6  6  94       
PG14  14199.391348  -7502.660168 -21107.056089    311.235427  2  5  7  84       
PG15  -6248.466827 -16082.471947 -20635.950727    122.045974  7  7  5  69       
PG16   -978.930033  25738.053555   5063.119043   -374.415248  6  4  7  94       
PG17  22763.883308 -12436.089283  -5635.362033    718.614751  7  4  6  86       
PG18 -25325.940412  -4204.849269  -7156.146075   -543.197798  7  5  4  94       
PG19  20404.510345 -16428.210499   2793.851172    433.054915  8  3  6  88       
PG20   1078.867494 -23280.108439  12955.442340    389.578323  6  1  6  68       
PG21  14154.572426  15388.761488 -16436.655694    136.844647  4  2  3  73       
PG22  11013.241694 -15895.437183 -17904.462304     40.308034  4  4  3  92       
PG23 -15374.855369  -2276.399990 -21542.467993    144.784778  6  2  5  90       
PG24 -16160.744471 -15462.721870 -15040.657552   -422.370093  5  6  7  84       
PG25 -15458.983028 -11754.537611  17899.633156    486.845656  6  6  5  64       
PG26  -5858.483944  20898.022870  14913.055376    195.814108  2  5  7  84       
PG27  -8480.590901  20612.801969 -14379.051063 999999.999999                    
PG28 -17221.361607   8134.440185  18486.323719   -113.231063  5  5  4  45       
PG29 -19615.238999   -678.642535  17893.434764   -607.968285  4  6  7  79       
PG30  22009.107132  -3561.984388 -14506.768571   -439.606846  6  4  2  63       
PG31  -8673.350448  12912.714181  21353.482823   -227.552426  5  7  5  98       
PG32 -21076.387299  15638.312487  -3065.034998   -608.350484  5  6  5  33       
*  2024  1 29  2 45  0.00000000
PG01  21319.732152  13083.235618  -9755.940585    167.538687  3  5  6  42       
PG02  16398.678704  13849.864178 -15307.351287   -493.849012  6  6  5  23       
PG03  11765.044064  22102.767860   8896.068203    157.583494  5  5  5  60       
PG04   9769.029173  11572.668161  21829.280044    278.008576  1  5  6  77       
PG05  -6235.271071 -25642.477839   2347.982955   -159.730305  5  2  6  37       
PG06  16875.505670  -8062.197128  18971.623880    427.865595  5  6  4  99       
PG07  26084.101207   5582.346955  -2283.044459    -48.778378  2  3  3  79       
PG08   2513.707871  17554.730681 -19729.991598   -164.386835  4  5  7  75       
PG09  18874.440819   -645.418939  18616.795149     74.073483  5  6  7  97       
PG10 -12364.363148   9203.783849 -21376.508647    -71.166699  6  7  5 107       
PG11   5157.259030 -14209.443235  21863.549292   -556.832002  5  6  7  78       
PG12 -10222.193479 -22946.968848   8448.140416   -472.575448  5  4  6  75       
PG13   8387.543409 -19644.748425 -15844.456211    620.397557  8  6  6  87       
PG14  14713.784642  -5108.594990 -21482.861330    311.244611  2  5  7  65       
PG15  -4759.931839 -17734.876143 -19611.065644    122.049652  7  6  5  79       
PG16  -1358.521074  24996.127308   7818.299461   -374.408087  6  5  7  92       
PG17  22238.902502 -11738.229315  -8351.446682    718.614060  6  4  5  80       
PG18 -25888.037384  -4598.629922  -4385.133588   -543.205789  7  5  4  78       
PG19  20698.833271 -16326.995099    -96.519763    433.059794  8  3  6  65       
PG20   1876.206136 -21886.834885  15108.199264    389.576887  6  1  6  63       
PG21  12145.751440  15067.964196 -18113.110366    136.843067  4  1  3  68       
PG22  11417.992976 -13726.877615 -19327.156894     40.302619  4  4  3 109       
PG23 -15921.190366  -4631.920680 -20771.120925    144.791754  5  2  5  85       
PG24 -14406.427201 -15281.538582 -16905.420633   -422.376137  4  6  6  92       
PG25 -15764.247042 -13741.403833  16192.504788    486.846797  6  6  5  61       
PG26  -6637.966881  19192.300236  16779.584267    195.810726  2  5  6  93       
PG27  -9717.627890  21468.906117 -12082.324112 999999.999999                    
PG28 -19132.539743   7450.214863  16822.335338   -113.241877  5  5  4  30       
PG29 -18005.700733  -2088.208294  19399.766188   -607.967602  5  7  6  82       
PG30  23414.634973  -2863.232056 -12340.548902   -439.602529  5  4  2  64       
PG31 -10984.582930  12089.564002  20805.647731   -227.552899  5  7  5  94       
PG32 -20866.568563  15077.292803  -5873.148993   -608.352702  6  6  4  68       
*  2024  1 29  3  0  0.00000000
PG01  20129.308805  12889.577368 -12273.933757    167.539760  3  5  6  34       
PG02  14463.954818  13705.019063 -17188.148595   -493.843730  6  6  4  59       
PG03  11840.377567  22992.236792   6179.130343    157.606174  5  4  5  67       
PG04   7976.470253  13286.789990  21568.434384    278.017215  1  5  5  80       
PG05  -5864.935239 -25293.308944   5183.172427   -159.731160  4  2  6  51       
PG06  18840.944627  -7463.602360  17294.916894    427.853037  5  6  4  92       
PG07  26172.133232   5861.465046    521.744220    -48.786780  2  3  3  58       
PG08    951.512646  19078.067376 -18362.975747   -164.388138  4  5  7  76       
PG09  17468.652583   1076.289055  19912.774091     74.084679  5  6  6  95       
PG10 -13115.587517   6802.834627 -21846.876789    -71.167882  6  7  3  94       
PG11   7531.637854 -13487.717087  21625.964078   -556.844131  6  6  7  91       
PG12 -10173.039707 -23822.607481   5749.103190   -472.578553  4  4  6  70       
PG13   9802.247115 -20539.954086 -13708.051016    620.400628  8  5  6  80       
PG14  15351.351795  -2723.944414 -21487.967648    311.253765  2  5  7  55       
PG15  -3427.653750 -19353.690032 -18260.091256    122.053280  6  6  5  75       
PG16  -1835.786311  23970.654936  10433.695394   -374.400944  6  5  6 100       
PG17  21530.763319 -10806.139895 -10922.726435    718.612896  6  4  5  58       
PG18 -26164.482880  -4878.690245  -1539.455408   -543.213673  6  6  4  74       
PG19  20743.611581 -16030.595478  -2985.210551    433.064223  8  4  6  77       
PG20   2843.489549 -20330.835382  17003.883692    389.575613  6  2  5  76       
PG21   9941.884104  14827.686988 -19475.965975    136.842307  5  2  2  69       
PG22  11962.584168 -11436.578074 -20407.798784     40.296992  4  4  2  86       
PG23 -16562.846812  -6849.661740 -19643.068336    144.798703  5  2  5 102       
PG24 -12456.693746 -15157.771953 -18491.996006   -422.382273  4  6  6  92       
PG25 -16108.756225 -15504.953921  14203.168866    486.847891  6  6  6  79       
PG26  -7562.501785  17342.229507  18350.190292    195.807343  3  5  6  99       
PG27 -10723.754532  22191.606495  -9575.862936 999999.999999                    
PG28 -20876.255327   6909.644215  14868.306144   -113.252723  6  5  4  82       
PG29 -16360.634333  -3684.635870  20571.895560   -607.966850  6  7  6  84       
PG30  24603.299357  -2298.287734  -9963.401258   -439.598185  5  3  1  49       
PG31 -13250.403644  11408.381018  19895.392294   -227.552883  5  7  5  94       
PG32 -20470.056596  14276.884250  -8578.377262   -608.354931  6  6  4  78       
*  2024  1 29  3 15  0.00000000
PG01  18665.995598  12711.256028 -14587.898699    167.540866  3  5  6  59       
PG02  12321.761258  13644.283071 -18764.805234   -493.838556  6  6  4  53       
PG03  11860.336872  23579.471288   3356.179768    157.628859  5  4  6  37       
PG04   6309.764298  15056.478022  20936.404713    278.025877  2  6  4  69       
PG05  -5353.958457 -24670.877417   7928.291656   -159.732537  4  2  6  38       
PG06  20634.510238  -7016.757163  15323.318128    427.840466  5  5  5  83       
PG07  25967.367346   6075.452407   3317.861661    -48.794984  2  3  4  87       
PG08   -426.501094  20545.643673 -16677.715033   -164.390237  3  5  7  67       
PG09  16072.882996   2968.100811  20864.196957     74.095763  5  6  6  89       
PG10 -14006.937142   4419.394609 -21933.343095    -71.168733  6  7  3  97       
PG11   9894.741806 -12903.454750  21016.965367   -556.856236  6  6  7  99       
PG12 -10087.170811 -24397.886814   2950.796200   -472.581965  4  4  6  58       
PG13  10978.923108 -21340.246850 -11335.972628    620.403785  8  5  6  77       
PG14  16099.933025   -395.110867 -21122.843849    311.262886  2  5  6  72       
PG15  -2260.632926 -20896.421979 -16604.205070    122.056675  6  6  5  88       
PG16  -2439.617462  22689.439943  12862.177619   -374.393581  6  5  6  84       
PG17  20678.233426  -9629.485197 -13303.648660    718.612471  5  4  5  71       
PG18 -26139.277420  -5080.090449   1332.425580   -543.221595  5  6  4  47       
PG19  20566.553582 -15512.685758  -5821.516688    433.069075  8  4  6  43       
PG20   3986.979157 -18654.506127  18610.097922    389.574128  6  3  5  79       
PG21   7582.120962  14691.579900 -20498.299707    136.841309  5  2  2  79       
PG22  12651.627296  -9073.094347 -21125.746532     40.291277  4  4  2  74       
PG23 -17271.297066  -8890.551561 -18178.182516    144.805736  5  2  5  68       
PG24 -10344.491900 -15116.466086 -19774.293543   -422.388436  3  5  5  72       
PG25 -16458.230623 -17020.291245  11967.381296    486.849078  6  6  6  71       
PG26  -8636.001943  15392.321848  19597.682443    195.803963  3  6  6  81       
PG27 -11505.185413  22739.705501  -6902.408339 999999.999999                    
PG28 -22412.230080   6495.089395  12657.957231   -113.263539  6  5  4  52       
PG29 -14724.380616  -5448.952831  21389.291547   -607.966127  6  7  6  93       
PG30  25544.804031  -1843.985831  -7416.356399   -439.593837  5  3  2  86       
PG31 -15423.250250  10869.801941  18639.930093   -227.552853  5  7  5  83       
PG32 -19923.751729  13225.145666 -11133.087792   -608.357170  7  6  5  76       
*  2024  1 29  3 30  0.00000000
PG01  16952.838310  12585.194870 -16659.785694    167.541966  3  4  6  63       
PG02  10012.369168  13691.871454 -20007.749416   -493.833371  6  6  4  75       
PG03  11785.524000  23867.544891    475.750634    157.651546  5  4  6  50       
PG04   4794.919193  16840.311563  19943.667834    278.034503  3  6  4  69       
PG05  -4674.765870 -23802.874106  10535.403800   -159.733928  2  2  6  74       
PG06  22214.641942  -6702.045414  13090.446653    427.827848  5  5  5  86       
PG07  25468.533724   6260.767492   6058.886753    -48.803197  2  3  4  89       
PG08  -1612.620469  21912.339317 -14702.405448   -164.393276  3  5  7  74       
PG09  14725.581031   5001.498048  21454.327836     74.106939  4  5  6  81       
PG10 -15021.672354   2102.663415 -21635.389476    -71.171000  6  6  3 108       
PG11  12197.775137 -12459.398959  20046.847406   -556.868339  6  6  7 101       
PG12  -9926.913709 -24674.111161    101.701395   -472.585570  4  4  6  53       
PG13  11917.082984 -22002.837947  -8768.404935    620.407139  8  5  6  83       
PG14  16940.062676   1834.426761 -20394.332225    311.272026  2  5  6  71       
PG15  -1260.377843 -22320.421569 -14669.739068    122.059960  6  5  5  61       
PG16  -3193.040090  21187.557991  15059.944917   -374.386240  6  5  5  91       
PG17  19722.968017  -8206.648904 -15451.572671    718.611208  5  4  4  79       
PG18 -25804.959623  -5240.422116   4181.633022   -543.229548  5  6  4  50       
PG19  20201.428151 -14753.978525  -8555.940657    433.073569  8  4  5  68       
PG20   5304.969600 -16902.043923  19899.284365    389.573011  6  3  5  90       
PG21   5111.129552  14676.502799 -21158.774586    136.840095  5  2  2  78       
PG22  13481.335353  -6686.457205 -21466.871580     40.285670  4  5  2  75       
PG23 -18012.459004 -10722.007225 -16402.024520    144.812696  4  3  5  81       
PG24  -8107.524375 -15176.832314 -20730.991935   -422.394492  3  5  5  89       
PG25 -16775.676602 -18270.730946   9524.872149    486.850186  6  6  6  80       
PG26  -9854.571626  13388.421285  20500.771566    195.800581  4  6  5  93       
PG27 -12076.166066  23075.626438  -4108.057300 999999.999999                    
PG28 -23705.645911   6182.344284  10229.425996   -113.274389  6  4  4  70       
PG29 -13138.217104  -7354.330493  21837.516858   -607.965517  6  7  5 100       
PG30  26215.398622  -1472.149478  -4743.122630   -439.589506  4  3  2  65       
PG31 -17457.553706  10466.416375  17062.351905   -227.553168  5  7  5  81       
PG32 -19267.696414  11918.659080 -13492.201549   -608.359400  7  5  5  90       
*  2024  1 29  3 45  0.00000000
PG01  15020.269261  12544.024212 -18455.523062    167.543089  3  4  6  67       
PG02   7581.526332  13865.016916 -20893.283602   -493.828052  6  6  4  78       
PG03  11578.726138  23868.401593  -2412.824016    157.674183  5  4  6  29       
PG04   3450.385325  18593.699895  18606.949647    278.043164  3  6  5  78       
PG05  -3806.113554 -22723.547724  12958.845500   -159.735529  1  3  5  86       
PG06  23545.469596  -6493.056420  10634.340941    427.815219  4  4  5  87       
PG07  24682.452866   6453.829032   8699.751327    -48.811394  2  3  4  79       
PG08  -2607.379571  23133.774216 -12470.550778   -164.394167  2  5  7  52       
PG09  13460.441602   7141.332830  21672.704766     74.118191  4  5  6  84       
PG10 -16135.367546   -101.952201 -20959.339182    -71.172042  6  6  4 104       
PG11  14392.849359 -12150.130304  18732.110529   -556.880424  6  6  7  97       
PG12  -9656.284653 -24661.332522  -2749.165028   -472.588981  4  4  6  67       
PG13  12624.702971 -22487.148003  -6049.169074    620.410291  7  4  6  91       
PG14  17845.702716   3925.582074 -19315.492832    311.281177  2  6  6  79       
PG15   -420.958790 -23584.400068 -12487.870393    122.063737  6  5  5  64       
PG16  -4112.047231  19506.009138  16987.423369   -374.379013  6  5  4  88       
PG17  18707.846889  -6545.092088 -17327.616145    718.610424  5  4  4  62       
PG18 -25162.922999  -5398.183385   6959.682170   -543.237543  4  6  4  67       
PG19  19686.579734 -13743.120732 -11141.090572    433.078140  7  4  5  46       
PG20   6787.662723 -15117.849118  20849.193340    389.571552  6  4  5  89       
PG21   2577.621743  14791.661830 -21442.265756    136.839010  5  3  2  83       
PG22  14439.509762  -4326.341990 -21423.930587     40.279698  4  5  3  72       
PG23 -18748.049344 -12318.969224 -14345.381325    144.819667  4  3  5  92       
PG24  -5787.054571 -15351.468738 -21345.855852   -422.400499  3  5  5  89       
PG25 -17022.949919 -19248.194214   6918.579084    486.851306  6  5  7  76       
PG26 -11206.524548  11376.011978  21044.421689    195.797238  4  6  5  91       
PG27 -12458.281241  23167.004523  -1241.468216 999999.999999                    
PG28 -24728.386313   5941.748588   7624.603438   -113.285236  6  4  4  66       
PG29 -11638.845376  -9366.930954  21908.501571   -607.964819  6  6  5  95       
PG30  26598.703068  -1150.878300  -1989.342839   -439.585218  4  3  2  80       
PG31 -19311.325349  10183.243095  15191.127633   -227.553253  5  7  5  89       
PG32 -18543.407892  10362.882542 -15614.046829   -608.361650  7  5  5  90       
*  2024  1 29  4  0  0.00000000
PG01  12905.116409  12614.777864 -19945.500685    167.544264  4  4  5  48       
PG02   5078.844610  14173.118529 -21404.159283   -493.822793  7  6  4  78       
PG03  11206.504355  23602.270284  -5260.245564    157.696872  5  5  6  55       
PG04   2286.497279  20270.497989  16948.962764    278.051829  3  6  5  72       
PG05  -2734.151687 -21472.373822  15156.067920   -159.736749     3  5  91       
PG06  24598.078599  -6357.755492   7996.830920    427.802566  4  4  5  88       
PG07  23623.766005   6689.506836  11197.374868    -48.819739  2  3  4  72       
PG08  -3419.388669  24168.022652 -10020.423579   -164.395893  1  5  6  49       
PG09  12305.164989   9347.000259  21515.340583     74.129331  4  5  5  79       
PG10 -17316.853393  -2154.409591 -19918.163264    -71.173698  6  5  5 108       
PG11  16434.655193 -11962.365579  17095.191185   -556.892539  6  6  7  90       
PG12  -9242.541803 -24377.818824  -5553.093308   -472.592554  4  4  6  71       
PG13  13117.771260 -22756.464394  -3224.996358    620.413425  7  4  6  55       
PG14  18785.238904   5844.951591 -17905.343624    311.290327  2  5  6  45       
PG15    270.658445 -24649.938622 -10094.227878    122.066941  5  5  5  50       
PG16  -5204.732648  17690.127358  18610.074045   -374.372096  6  5  3  94       
PG17  17675.248135  -4661.351847 -18897.456485    718.609320  5  4  4  86       
PG18 -24223.411279  -5591.123305   9619.278057   -543.245449  4  6  5  65       
PG19  19063.287328 -12477.270108 -13532.517023    433.083155  7  4  5  78       
PG20   8417.353035 -13344.928624  21443.269424    389.569880  6  4  4  90       
PG21     32.668685  15038.050973 -21340.390301    136.837827  5  4  2  81       
PG22  15505.894498  -2040.238735 -20996.791650     40.274247  4  5  3  75       
PG23 -19437.103760 -13664.647348 -12043.721935    144.826639  4  4  6  99       
PG24  -3426.588315 -15645.819634 -21607.998153   -422.406521  3  5  4  98       
PG25 -17162.350528 -19953.271458   4193.850607    486.852437  6  5  7  87       
PG26 -12672.725690   9398.563063  21220.070878    195.793840  4  5  5  87       
PG27 -12679.459915  22988.103083   1647.012616 999999.999999                    
PG28 -25460.028932   5739.518368   4888.406631   -113.296105  6  4  5  95       
PG29 -10257.063720 -11447.036122  21600.706215   -607.964050  6  6  5  92       
PG30  26686.262311   -845.969337    798.166258   -439.580948  4  3  2  81       
PG31 -20947.592561   9998.503325  13059.528371   -227.553520  4  7  5  83       
PG32 -17792.157366   8572.149335 -17461.152006   -608.363927  7  4  5  99       
*  2024  1 29  4 15  0.00000000
PG01  10649.395493  12817.801278 -21104.995396    167.545442  4  5  5  70       
PG02   2556.006250  14617.223254 -21530.021355   -493.817541  6  5  4  89       
PG03  10640.635278  23096.779597  -8018.070878    157.719519  5  5  6  40       
PG04   1305.235761  21824.700425  14998.036707    278.060432  4  7  5  77       
PG05  -1453.198025 -20092.522313  17088.427441   -159.737892  1  4  5  87       
PG06  25351.523636  -6259.875104   5222.847884    427.789902  4  4  5  65       
PG07  22314.406331   6999.694441  13511.250432    -48.828030  2  2  4  76       
PG08  -4064.835227  24977.261766  -7394.419261   -164.397351     4  6  68       
PG09  11280.461601  11573.833401  20984.807256     74.140452  3  5  4  67       
PG10 -18529.430866  -4021.368347 -18531.163926    -71.174813  5  5  6 112       
PG11  18282.044824 -11875.571416  15164.089523   -556.904694  6  6  6  88       
PG12  -8657.600886 -23849.227427  -8262.492773   -472.596016  4  4  6  56       
PG13  13419.519833 -22779.476424   -344.730175    620.416707  7  4  6  82       
PG14  19722.699388   7565.879649 -16188.503214    311.299425  3  5  5  22       
PG15    834.003342 -25482.929808  -7528.411701    122.070070  5  5  6  55       
PG16  -6470.764512  15787.817919  19899.085468   -374.364787  6  5  2  92       
PG17  16665.329804  -2580.670232 -20132.064212    718.608715  5  5  4  80       
PG18 -23005.192320  -5854.617535  12115.095338   -543.253419  5  6  5  72       
PG19  18374.037447 -10962.333551 -15689.472554    433.087581  6  4  5  66       
PG20  10168.919966 -11623.358230  21670.949634    389.568591  5  5  4  96       
PG21  -2472.134218  15408.239910 -20851.911468    136.836598  4  5  2  89       
PG22  16652.887666    128.296492 -20192.502375     40.268392  5  6  4  51       
PG23 -20037.605034 -14750.952523  -9536.582568    144.833566  3  4  6  61       
PG24  -1070.473192 -16057.894573 -21512.084028   -422.412552  4  5  4  91       
PG25 -17158.186410 -20394.961067   1397.636213    486.853570  6  5  7  88       
PG26 -14227.238933   7495.978206  21025.720917    195.790487  5  5  5  85       
PG27 -12772.712765  22520.990535   4506.286303 999999.999999                    
PG28 -25888.551243   5539.241324   2067.999334   -113.306935  6  4  5  61       
PG29  -9016.677537 -13550.416728  20919.170201   -607.963816  5  6  5  89       
PG30  26477.813954   -522.416637   3572.181263   -439.576649  4  4  3  55       
PG31 -22335.631801   9884.653815  10704.984174   -227.553258  4  6  5  79       
PG32 -17053.267834   6569.310932 -19000.957533   -608.366201  6  4  5  99       
*  2024  1 29  4 30  0.00000000
PG01   8298.925740  13165.907525 -21914.536092    167.546635  3  5  4  92       
PG02     64.864951  15189.870833 -21267.702795   -493.812442  6  5  4 105       
PG03   9859.352403  22385.809469 -10639.508787    157.742195  5  5  6  49       
PG04    500.320230  23212.148127  12787.645442    278.069072  4  7  6  71       
PG05     33.812938 -18629.184584  18721.908266   -159.739903  1  4  5  85       
PG06  25793.552967  -6160.474330   2359.682126    427.777241  4  3  5  69       
PG07  20782.833908   7412.008711  15603.981372    -48.836200  3  2  4  82       
PG08  -4566.672483  25529.285022  -4638.312977   -164.399530     4  6  32       
PG09  10399.341881  13774.666606  20090.201195     74.151611  3  5  4  72       
PG10 -19732.303615  -5677.246425 -16823.546873    -71.176097  5  5  6 108       
PG11  19899.463910 -11862.870057  12971.899887   -556.916830  5  6  6  89       
PG12  -7879.262489 -23107.520865 -10831.664481   -472.599393  5  5  5  73       
PG13  13559.366999 -22531.624338   2541.530102    620.419855  6  5  6  76       
PG14  20619.147553   9069.259908 -14194.744286    311.308562  3  6  5  34       
PG15   1294.230371 -26054.897494  -4833.425219    122.073871  5  5  6  79       
PG16  -7901.223588  13847.701682  20831.931576   -374.357311  6  5     87       
PG17  15714.393326   -336.259371 -21008.345555    718.607597  6  5  4  65       
PG18 -21534.922200  -6220.136476  14404.528543   -543.261305  5  6  5  60       
PG19  17660.782551  -9212.863618 -17575.581595    433.092328  6  5  5  66       
PG20  12010.610914  -9988.861669  21527.867553    389.567479  5  5  4  93       
PG21  -4886.576925  15886.535097 -19982.989593    136.835235  4  5  3  80       
PG22  17846.583593   2141.230387 -19025.193107     40.262914  4  6  4  53       
PG23 -20508.157142 -15578.601267  -6866.891659    144.840491  3  4  6  67       
PG24   1237.539865 -16578.259933 -21058.472985   -422.418561  5  5  4  73       
PG25 -16978.247426 -20590.102490  -1422.321331    486.854697  5  5  7  83       
PG26 -15838.250250   5703.210985  20465.898719    195.787097  5  5  5  96       
PG27 -12774.651250  21756.422176   7285.477774 999999.999999                    
PG28 -26010.722508   5303.477789   -788.025373   -113.317773  6  4  5  73       
PG29  -7933.690830 -15629.889417  19875.443230   -607.963129  5  5  5  76       
PG30  25981.262030   -145.933207   6285.835009   -439.572373  4  4  3  73       
PG31 -23451.957338   9809.633910   8168.392759   -227.553553  4  6  5  57       
PG32 -16362.502363   4385.036720 -20206.430111   -608.368461  6  3  6 109       
*  2024  1 29  4 45  0.00000000
PG01   5901.814722  13663.809730 -22360.206156    167.547805  3  5  3  87       
PG02  -2344.474811  15875.315623 -20621.355093   -493.807247  6  5  4  88       
PG03   8848.341855  21508.124789 -13080.180748    157.764874  5  5  6  40       
PG04   -142.370246  24392.181271  10355.839176    278.077669  5  8  5  68       
PG05   1715.226323 -17127.827782  20027.760460   -159.740992  2  5  5  93       
PG06  25921.015587  -6019.607771   -543.800931    427.764583  5  2  5  56       
PG07  19063.063042   7948.656180  17441.769297    -48.844163  3  2  4  84       
PG08  -4953.525396  25798.815265  -1800.432651   -164.401126     4  6  29       
PG09   9666.719778  15901.506298  18846.989418     74.162755  2  5  4  54       
PG10 -20882.167785  -7104.958412 -14825.896615    -71.177245  4  4  6 111       
PG11  21258.178199 -11892.202630  10556.251316   -556.928932  5  5  6  94       
PG12  -6892.208090 -22189.670080 -13217.523925   -472.603180  5  5  5  66       
PG13  13571.609605 -21996.204123   5383.327584    620.422838  6  5  5  71       
PG14  21434.194936  10344.046007 -11958.466728    311.317674  3  6  5  33       
PG15   1681.012746 -26344.141291  -2055.020401    122.077077  5  6  6  16       
PG16  -9478.812087  11917.249493  21392.781151   -374.350233  6  5     89       
PG17  14853.401406   2031.774255 -21509.672623    718.606806  6  5  5  54       
PG18 -19846.222317  -6713.863679  16448.401805   -543.269189  5  6  5  82       
PG19  16963.254595  -7251.623256 -19159.412005    433.096945  6  5  4  41       
PG20  13905.088245  -8471.560146  21015.958506    389.566122  5  6  4  95       
PG21  -7163.733785  16449.523200 -18747.255751    136.834225  3  6  3  85       
PG22  19048.101632   3967.409099 -17515.814678     40.257075  4  6  4  45       
PG23 -20809.642047 -16156.891517  -4080.245862    144.847446  3  5  6  76       
PG24   3455.725877 -17190.307687 -20253.293711   -422.424557  5  4  4  61       
PG25 -16595.135940 -20562.532897  -4218.278312    486.855824  5  5  7  89       
PG26 -17469.225339   4049.098596  19551.495551    195.783690  5  5  5  85       
PG27 -12723.849052  20694.382567   9934.929648 999999.999999                    
PG28 -25832.167419   4995.404319  -3630.485872   -113.328606  6  4  5  84       
PG29  -7015.811259 -17637.002119  18487.399551   -607.962701  5  5  5  83       
PG30  25212.360382    315.560856   8893.365328   -439.568054  3  4  3  79       
PG31 -24281.034611   9738.274454   5493.393661   -227.553585  3  6  5  71       
PG32 -15750.610724   2056.798697 -21056.564629   -608.370739  6  3  6 109       
*  2024  1 29  5  0  0.00000000
PG01   3506.862039  14307.850390 -22433.880170    167.549043  3  5  1  94       
PG02  -4625.513516  16650.120272 -19602.405803   -493.802135  5  5  4  86       
PG03   7601.456932  20505.843688 -15298.835535    157.787592  5  4  6  61       
PG04   -644.063546  25329.173152   7744.589502    278.086278  5  9  5  65       
PG05   3570.915460 -15632.447474  20983.038727   -159.742309  2  5  4  90       
PG06  25739.935120  -5798.040866  -3437.974574    427.751926  4  2  5  72       
PG07  17193.515735   8625.500027  18994.854030    -48.852559  4  3  3  84       
PG08  -5258.356979  25768.559131   1069.235055   -164.402048     4  6  73       
PG09   9079.345533  17907.243745  17276.738971     74.173908  2  6  4  54       
PG10 -21934.893823  -8296.314007 -12573.569844    -71.178648  4  4  6 100       
PG11  22337.247213 -11927.705106   7958.666910   -556.941090  5  5  6  81       
PG12  -5688.731523 -21136.196595 -15380.265790   -472.606466  5  5  5  74       
PG13  13493.915443 -21165.178930   8130.770883    620.426229  5  5  5  69       
PG14  22127.576165  11387.455036  -9518.100375    311.326793  3  6  5  37       
PG15   2027.235808 -26336.655388    759.038678    122.080587  5  6  6  64       
PG16 -11178.421298  10040.989251  21572.750519   -374.342812  6  5  1  82       
PG17  14106.718106   4477.806625 -21626.282000    718.605967  6  5  5  57       
PG18 -17978.502736  -7355.517133  18211.627418   -543.277121  6  6  5  83       
PG19  16317.398742  -5108.841827 -20414.942710    433.101593  5  6  4  55       
PG20  15810.703265  -7094.940266  20143.462037    389.564690  4  6  3  96       
PG21  -9261.761245  17066.985799 -17165.690295    136.833256  3  6  3  67       
PG22  20215.143193   5583.621232 -15691.716341     40.251183  4  6  4  28       
PG23 -20906.797154 -16503.160600  -1224.148478    144.854407  3  5  6  76       
PG24   5545.758026 -17870.798064 -19108.446037   -422.430563  5  4  4  80       
PG25 -15987.408241 -20342.005383  -6943.255883    486.856927  5  5  7 101       
PG26 -19080.251998   2555.455906  18299.492788    195.780309  5  4  5  78       
PG27 -12659.115666  19344.258993  12407.187731 999999.999999                    
PG28 -25367.099585   4580.435245  -6410.461336   -113.339462  6  4  5  69       
PG29  -6262.288888 -19523.782322  16778.937257   -607.961950  5  6  6  73       
PG30  24194.119119    890.538330  11350.840502   -439.563739  3  4  3  75       
PG31 -24815.698211   9633.812353   2725.621239   -227.553608  3  6  5  72       
PG32 -15242.095227   -372.416852 -21536.762729   -608.373022  6  3  5 102       
*  2024  1 29  5 15  0.00000000
PG01   1161.934392  15086.039305 -22133.391345    167.550265  3  5  2  65       
PG02  -6737.062468  17484.097169 -18229.341230   -493.796891  5  6  4  57       
PG03   6121.126285  19422.798265 -17258.008900    157.810288  5  4  6  69       
PG04  -1032.076749  25993.883881   4999.059038    278.094896  5  9  5  42       
PG05   5572.874422 -14183.890244  21571.029619   -159.743821  2  6  4  94       
PG06  25265.246486  -5458.946279  -6273.282302    427.739240  4  1  4  53       
PG07  15215.738799   9451.355398  20237.906298    -48.860615  4  3  3  79       
PG08  -5516.949688  25429.954865   3919.986059   -164.403139     4  6  41       
PG09   8626.070207  19747.342376  15406.734473     74.185063  2  6  4  60       
PG10 -22847.233172  -9252.068886 -10106.022520    -71.179681  3  4  6 108       
PG11  23124.206950 -11931.243555   5223.852512   -556.953220  4  4  5  77       
PG12  -4269.182855 -19989.609239 -17283.964507   -472.609678  5  5  4  76       
PG13  13365.675972 -20039.659141  10735.461906    620.429573  4  5  5  83       
PG14  22660.726152  12204.859038  -6915.447861    311.335901  3  6  4  30       
PG15   2367.535869 -26026.777533   3559.786312    122.083895  5  7  6  52       
PG16 -12968.029151   8258.863191  21369.997284   -374.335700  5  5  2  79       
PG17  13491.130046   6952.318857 -21355.526199    718.605401  6  5  5  64       
PG18 -15975.574430  -8157.418929  19663.803012   -543.285114  6  6  5  71       
PG19  15753.985246  -2821.196653 -21321.924874    433.106806  5  6  4  50       
PG20  17682.951209  -5875.080689  18924.819228    389.563657  4  6  4  91       
PG21 -11145.503613  17703.152837 -15266.296717    136.831995  2  6  3  79       
PG22  21303.706855   6975.319794 -13586.075722     40.245398  3  6  4  63       
PG23 -20769.654701 -16641.947548   1652.778110    144.861279  2  6  6  79       
PG24   7473.974857 -18590.663879 -17641.523727   -422.436573  6  3  4  49       
PG25 -15140.489191 -19962.913540  -9551.770269    486.858046  5  5  7  80       
PG26 -20629.511412   1236.460054  16732.584931    195.776928  5  4  5  66       
PG27 -12617.757585  17724.633206  14657.951359 999999.999999                    
PG28 -24637.735907   4027.758537  -9080.134654   -113.350269  5  4  5  64       
PG29  -5664.095436 -21244.479866  14779.567162   -607.961710  5  7  6  53       
PG30  22955.956995   1602.603564  13616.852888   -439.559431  3  5  2  73       
PG31 -25057.265630   9459.452770    -88.051354   -227.553625  3  6  5  66       
PG32 -14854.246681  -2855.616875 -21639.080435   -608.375305  5  3  5 102       
*  2024  1 29  5 30  0.00000000
PG01  -1087.633695  15978.402521 -21462.625426    167.551457  4  5  3  68       
PG02  -8644.721657  18341.555644 -16527.319340   -493.791639  5  6  4  76       
PG03   4418.441757  18302.848682 -18924.620161    157.832994  5  4  6  71       
PG04  -1338.554092  26364.579503   2166.808648    278.103539  5 10  6   3       
PG05   7686.131512 -12818.315035  21781.557582   -159.745283  2  6  4  87       
PG06  24520.203948  -4969.516296  -9001.074115    427.726592  4  2  4  52       
PG07  13173.025328  10427.534281  21150.373368    -48.869021  4  3  3  84       
PG08  -5766.265793  24783.578633   6701.365329   -164.404221  2  5  6  66       
PG09   8288.430853  21381.433130  13269.491024     74.196241  2  6  4  34       
PG10 -23578.483910  -9981.633825  -7466.086237    -71.181213  3  4  6  87       
PG11  23615.434706 -11864.048759   2398.926752   -556.965371  4  3  5  58       
PG12  -2642.112194 -18792.793152 -18897.105885   -472.613265  6  5  4  55       
PG13  13226.286767 -18630.026599  13151.407472    620.432660  3  5  4  89       
PG14  22998.300273  12809.371250  -4194.978518    311.344969  4  6  4  51       
PG15   2736.739356 -25417.532433   6297.927677    122.087436  4  7  7  21       
PG16 -14809.883959   6604.803926  20789.658631   -374.328587  5  5  3  79       
PG17  13015.195348   9403.697480 -20701.967043    718.604329  6  5  5  61       
PG18 -13884.100940  -9123.849999  20779.737671   -543.293062  6  6  5  75       
PG19  15297.448601   -430.563568 -21866.136631    433.111551  5  6  3  70       
PG20  19476.053751  -4820.168594  17380.463955    389.562448  3  5  3  82       
PG21 -12787.822411  18318.241410 -13083.571290    136.830876  2  6  3  82       
PG22  22269.883711   8136.972657 -11237.198229     40.239803  3  6  5  56       
PG23 -20374.789677 -16603.892477   4501.594357    144.868311  2  6  6  79       
PG24   9212.495953 -19316.055255 -15875.651676   -422.442584  6  3  3  53       
PG25 -14047.331636 -19462.872129 -12000.520208    486.859183  5  5  7  69       
PG26 -22074.818987     98.343303  14878.712101    195.773556  5  4  5  77       
PG27 -12633.904403  15862.696686  16646.962078 999999.999999                    
PG28 -23673.415157   3311.725812 -11593.614235   -113.361051  5  4  4  69       
PG29  -5204.437170 -22757.235674  12523.898196   -607.961061  5  7  6  60       
PG30  21532.630970   2469.415384  15653.172766   -439.555126  4  5  2  76       
PG31 -25015.348714   9179.921177  -2900.266528   -227.553922  3  5  5  68       
PG32 -14596.489140  -5343.465339 -21362.341077   -608.377548  5  3  5  98       
*  2024  1 29  5 45  0.00000000
PG01  -3200.558903  16957.635075 -20431.536305    167.552648  3  5  4  74       
PG02 -10322.062790  19182.797261 -14527.624833   -493.786677  5  6  4  75       
PG03   2512.923345  17188.212623 -20270.498672    157.855700  5  4  6  84       
PG04  -1599.010834  26427.871193   -703.043029    278.112153  6 10  6  16       
PG05   9869.946993 -11565.856040  21611.163397   -159.746774  2  6  4  94       
PG06  23535.481442  -4302.428742 -11574.434220    427.713937  3  2  4  24       
PG07  11108.983517  11547.654429  21716.777081    -48.877145  5  3  3  83       
PG08  -6042.757014  23839.189420   9364.134856   -164.406560  3  5  6  66       
PG09   8041.532199  22774.754991  10902.171973     74.207374  2  6  4   4       
PG10 -24092.053026 -10502.460647  -4699.208888    -71.182774  3  4  6  73       
PG11  23816.181377 -11688.386003   -467.394267   -556.977542  4  2  4  51       
PG12   -824.111411 -17587.408998 -20193.046326   -472.616719  6  5  4  82       
PG13  13113.427496 -16955.693783  15335.893369    620.436106  2  6  4  97       
PG14  23109.580821  13221.144877  -1403.084549    311.354086  4  6  4  30       
PG15   3168.264597 -24520.645030   8924.757507    122.090741  3  7  7 116       
PG16 -16661.918562   5105.585534  19843.642809   -374.321515  5  5  4  80       
PG17  12678.951771  11780.134272 -19677.305450    718.603405  5  5  6  79       
PG18 -11751.946311 -10250.716458  21539.897877   -543.301026  7  6  5  84       
PG19  14964.992826   2017.412972 -22039.533505    433.116409  5  6  3  59       
PG20  21144.609855  -3930.326385  15536.508861    389.560937  3  5  3  86       
PG21 -14170.577396  18870.207975 -10657.779786    136.829497  2  6  4  75       
PG22  23071.651849   9072.029660  -8687.707987     40.233668  2  6  5  65       
PG23 -19706.330035 -16424.415111   7273.848255    144.875266  1  7  6  84       
PG24  10740.142489 -20009.594180 -13839.231410   -422.448596  6  3  3  52       
PG25 -12708.801585 -18881.206666 -14249.026110    486.860296  6  5  6  62       
PG26 -23375.174454   -860.600714  12770.515014    195.770143  6  5  5  84       
PG27 -12736.974840  13793.312705  18338.805780 999999.999999                    
PG28 -22509.455478   2413.042168 -13907.720567   -113.371897  5  4  4  81       
PG29  -4859.581030 -24025.610458  10051.028472   -607.960829  6  8  6  63       
PG30  19962.981648   3501.833194  17425.354954   -439.550792  3  5  2  74       
PG31 -24707.374936   8762.949559  -5663.925588   -227.554071  4  5  5  79       
PG32 -14470.058254  -7786.034228 -20712.113478   -608.379762  4  3  5  97       
*  2024  1 29  6  0  0.00000000
PG01  -5140.994375  17990.040403 -19056.078237    167.553871  4  5  5  76       
PG02 -11751.465982  19965.789255 -12266.984533   -493.781634  4  6  4  64       
PG03    431.970070  16117.871108 -21272.833985    157.878379  5  4  6  78       
PG04  -1850.741378  26179.240244  -3560.691680    278.120773  5 11  6  33       
PG05  12079.246301 -10449.541237  21063.151770   -159.747724  2  7  4  85       
PG06  22347.997905  -3437.108901 -13948.986499    427.701323  3  2  5  50       
PG07   9066.097324  12797.719894  21926.962691    -48.885196  5  4  3  88       
PG08  -6380.696576  22615.409004  11861.219007   -164.408200  4  5  6  52       
PG09   7855.188695  23899.384136   8345.923047     74.218522  2  7  3  14       
PG10 -24356.858749 -10839.134982  -1852.673781    -71.183952  4  4  6  56       
PG11  23740.269587 -11369.194192  -3325.643189   -556.989730  3  2  4  59       
PG12   1160.638089 -16412.358730 -21150.397092   -472.620115  6  6  4  87       
PG13  13061.414210 -15044.504684  17250.299818    620.439076  2  6  3  93       
PG14  22969.717575  13466.412494   1412.689152    311.363157  4  6  4  38       
PG15   3692.553483 -23356.212109  11393.105058    122.094481  3  7  7  73       
PG16 -18479.330478   3779.991465  18550.286761   -374.314351  4  5  4  68       
PG17  12473.998278  14031.541992 -18300.148005    718.602513  5  5  6  55       
PG18  -9626.480417 -11525.542780  21930.764978   -543.308958  7  7  5  86       
PG19  14765.990686   4474.874833 -21840.298287    433.121181  4  6  3  68       
PG20  22645.252187  -3197.757365  13424.328744    389.559639  3  5  3  85       
PG21 -15285.205560  19316.627736  -8034.063394    136.828436  2  6  4  61       
PG22  23670.590068   9792.513272  -5983.655774     40.228245  1  6  5  23       
PG23 -18756.691606 -16142.222283   9922.371340    144.882221  1  7  6  75       
PG24  12043.123736 -20631.799326 -11565.589777   -422.454639  6  2  3  24       
PG25 -11133.779641 -18257.406054 -16260.216769    486.861432  6  5  6  86       
PG26 -24492.262331  -1649.704379  10444.725856    195.766731  6  5  5  62       
PG27 -12950.351375  11557.765477  19703.606249 999999.999999                    
PG28 -21185.795454   1319.709408 -15982.724128   -113.382675  4  5  4  90       
PG29  -4599.960822 -25019.912816   7403.853368   -607.960240  6  9  6  33       
PG30  18288.539407   4703.317573  18903.291108   -439.546473  3  5  2  71       
PG31 -24157.839911   8180.644819  -8332.913020   -227.554083  4  5  5  72       
PG32 -14468.023302 -10134.569948 -19700.558991   -608.382013  4  4  5 104       
*  2024  1 29  6 15  0.00000000
PG01  -6879.730347  19036.729265 -17358.049515    167.555049  4  4  6  96       
PG02 -12924.576598  20647.938064  -9786.766399   -493.776515  4  5  4  79       
PG03  -1789.983466  15126.108651 -21914.544312    157.901075  5  4  5  86       
PG04  -2131.155849  25623.227245  -6356.534062    278.129391  6 11  6  44       
PG05  14266.230172  -9484.509474  20147.508206   -159.749256  2  6  4  92       
PG06  20999.511005  -2360.737061 -16083.664004    427.688693  3  2  5  42       
PG07   7084.324231  14156.473562  21776.295700    -48.893569  6  4  3  92       
PG08  -6810.606087  21139.050064  14148.603613   -164.409388  4  6  6  61       
PG09   7695.280249  24735.203766   5645.136081     74.229715  3  6  4  29       
PG10 -24348.523923 -11022.215418   1025.189832    -71.185553  4  4  6  65       
PG11  23409.469157 -10875.629309  -6126.463339   -557.001829  3  3  4  56       
PG12   3281.093902 -15302.371073 -21753.331780   -472.623504  7  6  4  61       
PG13  13099.694198 -12931.799737  18860.838394    620.442475  2  6  3 109       
PG14  22560.756620  13576.303375   4204.430088    311.372218  4  6  4  53       
PG15   4335.602321 -21952.035721  13658.282097    122.097845  3  6  7  75       
PG16 -20216.258693   2638.325314  16933.896036   -374.306975  4  5  4  68       
PG17  12383.946132  16111.401216 -16595.616659    718.602155  5  5  6  69       
PG18  -7552.905057 -12927.795009  21945.096751   -543.316848  7  7  4  77       
PG19  14701.693279   6893.372140 -21272.795254    433.125689  4  6  3  72       
PG20  23938.245087  -2607.206838  11080.046133    389.558072  2  4  3  95       
PG21 -16132.867036  19616.606329  -5261.405598    136.827352  2  5  5  70       
PG22  24033.436583  10318.257779  -3173.571342     40.222706     6  5  72       
PG23 -17527.010105 -15797.700354  12402.054715    144.889180  2  7  6  68       
PG24  13115.457023 -21142.632995  -9092.527270   -422.460675  6  2  3  48       
PG25  -9338.978470 -17629.592104 -18000.960466    486.862572  6  5  6  93       
PG26 -25391.847473  -2285.325336   7941.508298    195.763314  6  5  5  47       
PG27 -13290.322125   9202.251610  20717.591972 999999.999999                    
PG28 -19745.471576     27.685909 -17783.022317   -113.393481  4  6  3  86       
PG29  -4391.518841 -25718.274051   4628.303752   -607.959606  6  9  6  37       
PG30  16552.040754   6069.608073  20061.700916   -439.542161  3  5  3  74       
PG31 -23397.320808   7410.692500 -10862.794787   -227.554122  4  5  5  80       
PG32 -14575.648140 -12343.203791 -18346.154213   -608.384289  4  4  5 107       
*  2024  1 29  6 30  0.00000000
PG01  -8395.163683  20055.041212 -15364.842817    167.556244  4  4  6  92       
PG02 -13842.368283  21187.881523  -7132.089091   -493.771207  4  5  4  74       
PG03  -4112.574847  14241.240922 -22184.558632    157.923885  5  4  5  53       
PG04  -2476.112360  24773.277406  -9042.051907    278.138040  5 11  6  70       
PG05  16382.096003  -8677.556093  18880.688486   -159.750064  2  6  4  95       
PG06  19535.031913  -1068.960581 -17941.428877    427.676086  3  3  5  39       
PG07   5199.775206  15596.014707  21265.802604    -48.901803  6  5  3  86       
PG08  -7357.845261  19444.121589  16186.166721   -164.410725  5  6  6  56       
PG09   7525.266527  25270.577312   2846.656950     74.240879  4  7  4  47       
PG10 -24050.320185 -11086.866516   3885.793113    -71.186770  4  3  6  49       
PG11  22852.574164 -10182.450837  -8821.470655   -557.013982  3  4  4  48       
PG12   5500.331002 -14286.755230 -21991.815579   -472.627061  7  7  4  82       
PG13  13251.547893 -10659.182390  20139.192498    620.445884  2  6  3  97       
PG14  21872.419420  13585.483890   6924.646752    311.381285  4  6  4  36       
PG15   5117.659731 -20342.638016  15679.008119    122.101216  4  6  7  83       
PG16 -21827.486356   1682.274420  15024.185320   -374.299938  3  6  5  64       
PG17  12385.217615  17978.457025 -14594.813620    718.600670  4  5  6  80       
PG18  -5572.664055 -14429.524838  21582.086742   -543.324765  7  8  4  78       
PG19  14765.255066   9225.493485 -20347.434359    433.130475  4  6  3  63       
PG20  24988.961298  -2136.722527   8543.925955    389.557298     5  3  73       
PG21 -16724.152042  19732.626833  -2391.499306    136.826321  3  5  5  41       
PG22  24133.427788  10675.837866   -307.488008     40.216885     6  4  58       
PG23 -16027.253482 -15431.252553  14670.594024    144.896172  2  7  6  80       
PG24  13959.096967 -21503.114555  -6461.764824   -422.466711  5  1  3  31       
PG25  -7348.484980 -17033.058078 -19442.538027    486.863733  6  5  5  91       
PG26 -26045.015807  -2789.985902   5303.759486    195.759938  5  5  5  51       
PG27 -13765.335482   6776.180847  21363.522852 999999.999999                    
PG28 -18232.990946  -1458.762618 -19277.744258   -113.404283  4  7  3  91       
PG29  -4197.228710 -26107.427412   1772.529189   -607.958971  6  9  6  39       
PG30  14795.907709   7588.691545  20880.555628   -439.537822  3  5  4  57       
PG31 -22461.287423   6437.355217 -13211.484655   -227.554243  4  5  4  79       
PG32 -14771.072076 -14370.538804 -16673.299007   -608.386507  4  4  5 104       
*  2024  1 29  6 45  0.00000000
PG01  -9673.995992  21000.142296 -13109.098308    167.557524  4  4  6  62       
PG02 -14514.817868  21547.219413  -4350.871108   -493.766011  4  5  4  57       
PG03  -6490.846664  13484.576448 -22078.008483    157.946580  4  4  4  80       
PG04  -2918.312533  23651.248080 -11570.675540    278.146646  5 10  7  76       
PG05  18378.800625  -8027.022919  17285.287141   -159.751664  2  6  4  95       
PG06  18001.121132    433.719765 -19489.929489    427.663512  4  3  5  65       
PG07   3443.520956  17082.666950  20402.250162    -48.910296  6  5  3  79       
PG08  -8041.424715  17570.555144  17938.421376   -164.412944  5  5  5  69       
PG09   7307.798517  25502.699780     -1.046668     74.252054  4  6  4  34       
PG10 -23453.832538 -11071.338947   6681.060524    -71.188171  5  4  6  45       
PG11  22104.217723  -9271.195736 -11364.099809   -557.026132  3  5  4  62       
PG12   7776.735679 -13388.365446 -21861.755123   -472.630239  7  7  5  71       
PG13  13533.053273  -8273.038172  21063.046150    620.448686  2  6  3  99       
PG14  20902.603243  13530.672306   9527.049459    311.390380  5  6  4  24       
PG15   6052.154180 -18567.992728  17418.285365    122.105043  4  6  6  81       
PG16 -23270.100614    905.120897  12855.638905   -374.292712  2  6  5  78       
PG17  12448.153857  19598.192183 -12334.158522    718.599780  3  6  6  61       
PG18  -3721.998254 -15996.313040  20847.416364   -543.332671  7  8  4  85       
PG19  14942.068496  11426.447036 -19080.451359    433.135128  4  5  3  51       
PG20  25769.178575  -1758.686095   5859.688462    389.555576     5  3  76       
PG21 -17078.368590  19632.239864    522.441803    136.825089  3  5  5  40       
PG22  23951.364479  10897.240597   2564.033615     40.211021     6  4  32       
PG23 -14276.009320 -15081.643402  16689.192608    144.903152  3  7  6  77       
PG24  14583.759956 -21676.938784  -3718.290933   -422.472779  5     3  43       
PG25  -5193.044232 -16498.925369 -20561.055691    486.864860  6  5  5  84       
PG26 -26429.217332  -3191.289429   2576.386103    195.756523  6  5  5  60       
PG27 -14375.597731   4330.361236  21630.968571 999999.999999                    
PG28 -16692.661897  -3127.035268 -20441.273693   -113.415088  4  7  3  81       
PG29  -3978.737871 -26183.161147  -1113.957997   -607.958757  6  9  6  87       
PG30  13060.744579   9241.064490  21345.427595   -439.533477  4  5  4  74       
PG31 -21388.753499   5252.232361 -15339.873211   -227.554410  4  5  5  64       
PG32 -15026.278742 -16181.051926 -14711.821760   -608.388766  4  4  5 102       
*  2024  1 29  7  0  0.00000000
PG01 -10711.628026  21826.744195 -10628.257002    167.558656  4  5  7  95       
PG02 -14960.216321  21692.107745  -1492.848885   -493.760716  4  4  4  57       
PG03  -8876.757123  12869.650851 -21596.326156    157.969209  5  4  4  83       
PG04  -3485.825122  22286.598233 -13898.610218    278.155192  5 10  7  83       
PG05  20210.793693  -7523.033904  15389.594005   -159.752723  1  6  4  98       
PG06  16444.130551   2133.907076 -20702.082275    427.650928  4  2  5  70       
PG07   1840.566450  18578.074196  19198.156692    -48.918448  6  5  3  81       
PG08  -8873.091405  15562.707717  19375.154020   -164.415705  5  5  5  65       
PG09   7006.362520  25437.615040  -2848.741515     74.263251  5  6  5  36       
PG10 -22559.324176 -11015.353880   9364.180182    -71.189617  5  4  6  56       
PG11  21203.471053  -8131.092945 -13710.418920   -557.038205  4  5  4  49       
PG12  10065.373931 -12622.811992 -21365.067860   -472.633737  7  8  5  73       
PG13  13952.356510  -5822.868038  21616.489124    620.452075  2  7  3 102       
PG14  19657.584095  13449.083758  11967.312272    311.399466  5  6  5  21       
PG15   7144.904786 -16672.024068  18844.196272    122.108255  4  6  5  83       
PG16 -24505.045741    292.280609  10466.810544   -374.285638  1  6  5  78       
PG17  12538.379013  20944.015271  -9854.619019    718.598439  2  7  5  40       
PG18  -2030.701519 -17588.478983  19753.196271   -543.340588  7  8  4  79       
PG19  15210.392135  13455.538069 -17493.609955    433.139918  4  5  3  57       
PG20  26258.143507  -1441.076232   3073.751717    389.554544     5  3  73       
PG21 -17222.454379  19289.515471   3426.882370    136.823694  4  5  5  33       
PG22  23476.367309  11018.344356   5390.858048     40.205124     6  4  23       
PG23 -12299.953700 -14784.412211  18423.212419    144.910187  4  7  6  82       
PG24  15006.441479 -21632.033643   -909.614643   -422.478880  5     3  52       
PG25  -2909.109815 -16052.963231 -21337.795773    486.865975  6  5  4  83       
PG26 -26529.076491  -3520.657305   -194.434270    195.753105  6  6  5  71       
PG27 -15113.027274   1915.147864  21516.435760 999999.999999                    
PG28 -15166.946498  -4956.492396 -21253.681653   -113.425920  3  8  3  83       
PG29  -3698.063408 -25950.427976  -3981.161086   -607.958211  7  9  6  54       
PG30  11383.906450  11000.282766  21447.759678   -439.529101  4  4  5  72       
PG31 -20220.815442   3854.755539 -17212.414702   -227.554488  4  6  5  83       
PG32 -15308.309909 -17746.259109 -12496.395512   -608.390994  4  5  5  97       
*  2024  1 29  7 15  0.00000000
PG01 -11512.227878  22490.882801  -7964.013901    167.559831  5  5  7  96       
PG02 -15204.156046  21594.651324   1391.407985   -493.755589  5  4  4  71       
PG03 -11220.814618  12401.762632 -20747.246743    157.991880  5  4  4  94       
PG04  -4200.797322  20715.292548 -15985.609165    278.163818  5  9  6  85       
PG05  21836.652923  -7148.063313  13227.050260   -159.753811     6  4  92       
PG06  14908.459628   4009.614008 -21556.566666    427.638347  4  2  4  57       
PG07    409.032400  20040.494263  17671.728010    -48.926618  6  5  4  83       
PG08  -9856.723384  13467.705967  20471.945830   -164.417879  5  5  5  73       
PG09   6586.890891  25089.900299  -5647.292600     74.274453  5  7  5  77       
PG10 -21375.791965 -10958.450655  11890.323753    -71.190587  6  4  6  76       
PG11  20192.281946  -6759.681549 -15819.897847   -557.050311  4  5  4  44       
PG12  12319.487592 -11997.946214 -20509.669857   -472.636776  7  8  5  69       
PG13  14509.278904  -3359.505635  21790.290137    620.455465  3  7  3  96       
PG14  18151.914049  13376.863658  14203.805161    311.408616  4  6  5  33       
PG15   8393.656555 -14700.936324  19930.597223    122.112075  5  6  5  96       
PG16 -25498.512917   -177.861507   7899.581298   -374.278722  1  6  5  70       
PG17  12618.356867  21998.116889  -7200.858839    718.597798  2  7  5  59       
PG18   -521.126869 -19162.512129  18317.795277   -543.348547  7  8  4  67       
PG19  15542.246793  15277.492955 -15613.831908    433.144604  4  5  3  38       
PG20  26443.358698  -1148.913836    234.416977    389.553255     5  3  67       
PG21 -17189.576210  18686.191600   6269.131411    136.823169  4  5  5  60       
PG22  22706.298509  11077.274211   8124.181980     40.199482  2  6  4  46       
PG23 -10133.019477 -14570.415513  19842.762657    144.917148  4  7  6  66       
PG24  15250.636876 -21341.990835   1915.065846   -422.484933  5  1  3  58       
PG25   -537.692350 -15714.611265 -21759.502906    486.867100  6  4  4  78       
PG26 -26336.943953  -3811.935381  -2961.996212    195.749749  6  6  5  72       
PG27 -15961.562404   -421.365933  21023.346247 999999.999999                    
PG28 -13694.897856  -6919.065404 -21701.062149   -113.436752  3  8  3  90       
PG29  -3319.272914 -25423.107973  -6779.482608   -607.957514  7  9  5  71       
PG30   9798.191864  12833.781916  21185.048771   -439.524698  4  4  5  71       
PG31 -18999.128756   2252.402676 -18797.667008   -227.554452  4  6  5  87       
PG32 -15580.672281 -19045.601940 -10065.879692   -608.393248  5  4  5  69       
*  2024  1 29  7 30  0.00000000
PG01 -12088.461986  22951.688942  -5161.673099    167.560997  5  5  7  77       
PG02 -15278.247919  21234.041273   4251.458717   -493.750197  5  4  4  48       
PG03 -13473.777581  12077.829060 -19544.712285    158.014483  5  4  4  83       
PG04  -5078.405423  18978.464278 -17795.678641    278.172444  5  9  6  73       
PG05  23220.557434  -6877.809861  10835.617246   -159.755305     6  4  90       
PG06  13434.893664   6030.907988 -22038.222776    427.625806  5  2  3  74       
PG07   -840.422250  21426.252053  15846.710121    -48.935072  6  5  4  84       
PG08 -10988.056222  11333.702474  21210.568364   -164.419483  5  5  5  75       
PG09   6019.275685  24482.032155  -8348.518552     74.285662  5  7  5  84       
PG10 -19920.713406 -10938.356823  14217.329000    -71.191712  6  4  5  44       
PG11  19113.814123  -5163.107475 -17656.116001   -557.062423  4  5  4  38       
PG12  14492.067068 -11513.638458 -19309.380997   -472.640245  7  8  6  63       
PG13  15195.275076   -933.292728  21582.033663    620.458951  4  7  4  92       
PG14  16408.015783  13347.568266  16198.285788    311.417714  4  6  5  63       
PG15   9787.965991 -12701.447445  20657.685398    122.115606  5  6  4  95       
PG16 -26223.119000   -532.861303   5198.392602   -374.271597  1  7  4  81       
PG17  12649.068682  22751.963793  -4420.328874    718.596534  3  7  4  16       
PG18    792.517179 -20672.672071  16565.557078   -543.356463  6  8  4  72       
PG19  15904.545847  16863.585398 -13472.760898    433.149497  4  5  3  64       
PG20  26321.060052   -845.831846  -2608.987897    389.551771     5  3  62       
PG21 -17017.494835  17812.473342   8998.436671    136.822178  4  5  4  59       
PG22  21647.842343  11112.705225  10717.378138     40.193780  3  6  4  63       
PG23  -7815.292937 -14464.553906  20923.216649    144.924129  4  7  6  49       
PG24  15345.289614 -20787.304394   4705.764851   -422.491058  5  1  3  53       
PG25   1876.956075 -15496.238178 -21818.603303    486.868243  6  4  4  81       
PG26 -25853.173178  -4099.922000  -5679.804620    195.746348  6  6  5  76       
PG27 -16897.803574  -2635.040034  20161.873268 999999.999999                    
PG28 -12310.741707  -8980.156982 -21775.765720   -113.447461  3  8  3  88       
PG29  -2810.083083 -24623.435372  -9460.596344   -607.957287  7  8  5  67       
PG30   8330.708601  14703.941466  20560.938052   -439.520348  5  4  6  64       
PG31 -17764.374422    460.622507 -20068.780014   -227.554602  4  6  6  83       
PG32 -15804.878899 -20067.026295  -7462.602820   -608.395405  5  4  5  85       
*  2024  1 29  7 45  0.00000000
PG01 -12460.890803  23173.080864  -2269.410156    167.562155  6  5  7  70       
PG02 -15218.630828  20597.398019   7037.908344   -493.745089  5  5  3  37       
PG03 -15588.357966  11886.569422 -18008.677236    158.037131  4  4  4  94       
PG04  -6126.086524  17120.890470 -19297.702085    278.181077  5  8  6  83       
PG05  24333.542962  -6682.338219   8257.072678   -159.756395     5  4  90       
PG06  12059.089527   8160.873632 -22138.342997    427.613246  5  2  3  80       
PG07  -1904.908897  22691.306647  13752.150861    -48.943261  6  5  4  94       
PG08 -12254.748483   9208.116814  21579.248962   -164.422361  6  6  5  71       
PG09   5278.725827  23643.461084 -10906.022999     74.296893  5  7  5 126       
PG10 -18219.495968 -10989.437940  16306.338856    -71.193707  7  5  5  30       
PG11  18010.752780  -3356.086346 -19187.396800   -557.074525  5  4  5  54       
PG12  16537.446617 -11161.858309 -17783.746643   -472.643500  7  8  6  44       
PG13  15993.741889   1407.712054  20996.119849    620.462006  4  6  5  81       
PG14  14455.488118  13390.749631  17916.540660    311.426814  5  5  5  69       
PG15  11309.445842 -10719.005894  21012.419843    122.119091  5  6  4  83       
PG16 -26658.836742   -804.919456   2409.469856   -374.264568  2  7  4  48       
PG17  12591.737651  23206.418268  -1562.327093    718.595893  4  7  3           
PG18   1904.550859 -22072.696161  14526.407218   -543.364420  6  8  4  69       
PG19  16260.418721  18192.527574 -11106.265658    433.154613  5  6  3  70       
PG20  25896.363349   -495.706495  -5406.990431    389.550301  1  5  3  70       
PG21 -16746.781719  16667.458223  11566.975565    136.820813  5  5  4  67       
PG22  20316.251243  11162.183864  13126.762308     40.187898  3  6  3  47       
PG23  -5391.677974 -14484.732487  21645.648046    144.931108  3  7  6  64       
PG24  15323.504675 -19956.357916   7412.662588   -422.497150  5  2  3  63       
PG25   4288.778488 -15402.663306 -21513.354044    486.869417  6  3  4  64       
PG26 -25086.114717  -4418.871369  -8302.299526    195.743006  6  7  5  82       
PG27 -17891.956844  -4687.194456  18948.646529 999999.999999                    
PG28 -11042.656059 -11099.797896 -21476.527298   -113.458272  4  8  3  70       
PG29  -2143.312382 -23581.113340 -11978.291298   -607.956542  7  7  5  74       
PG30   7001.956114  16569.357331  19585.213298   -439.515953  5  3  6  66       
PG31 -16554.767910  -1497.529727 -21003.927479   -227.554661  4  7  6  93       
PG32 -15942.062977 -20807.236267  -4731.601561   -608.397628  5  4  6  72       
*  2024  1 29  8  0  0.00000000
PG01 -12657.044844  23125.307872    662.549317    167.563281  6  6  7  61       
PG02 -15064.342116  19680.294984   9703.261797   -493.739830  5  5  3  53       
PG03 -17520.865735  11809.011094 -16164.815531    158.059731  4  3  4  93       
PG04  -7343.081428  15189.340346 -20465.972372    278.189703  5  7  5  94       
PG05  25154.492424  -6527.439165   5536.249758   -159.757855  1  5  4  77       
PG06  10810.268913  10356.857239 -21854.850457    427.600685  5  3  2  73       
PG07  -2789.328687  23792.879838  11422.063400    -48.951420  6  4  4  85       
PG08 -13636.778911   7135.933052  21572.805278   -164.424436  6  6  6  58       
PG09   4346.915099  22609.432343 -13275.987443     74.308101  4  8  5  78       
PG10 -16304.649223 -11141.281237  18122.391515    -71.194851  7  5  5  62       
PG11  16923.642871  -1361.533280 -20387.357422   -557.086681  5  3  5  79       
PG12  18412.866581 -10927.056658 -15957.775079   -472.646906  7  8  6  27       
PG13  16880.662367   3619.418475  20043.630740    620.465323  4  6  5  63       
PG14  12330.146804  13530.698580  19328.965821    311.436007  4  5  5  71       
PG15  12932.359795  -8796.071532  20988.783300    122.122615  5  6  3  84       
PG16 -26793.649626  -1029.433770   -419.950243   -374.257320  2  7  4  59       
PG17  12409.525855  23371.487306   1322.947882    718.594563  4  6  3  56       
PG18   2817.871071 -23317.548585  12235.355071   -543.372336  6  8  5  82       
PG19  16570.680625  19251.096610  -8553.887772    433.159150  5  7  2  37       
PG20  25183.072675    -64.283709  -8110.863324    389.549205  2  6  3  51       
PG21 -16418.976572  15259.183506  13930.719347    136.819705  4  5  4  41       
PG22  18734.777690  11260.533339  15312.273908     40.182279  4  6  3  61       
PG23  -2910.375811 -14641.095863  21997.178166    144.938082  3  6  5  68       
PG24  15221.077299 -18846.109905   9987.087780   -422.503273  5  2  3  73       
PG25   6651.423379 -15430.959567 -20847.918902    486.870544  6  3  4  63       
PG26 -24051.830676  -4801.026007 -10785.559910    195.739602  6  7  5  95       
PG27 -18909.033142  -6545.874878  17406.339988 999999.999999                    
PG28  -9911.795053 -13234.016707 -20808.486518   -113.469126  3  8  3  64       
PG29  -1298.130429 -22332.153059 -14289.272157   -607.955843  8  7  5  74       
PG30   5825.161193  18386.278056  18273.699439   -439.511660  5  2  5  84       
PG31 -15404.662599  -3592.035503 -21586.677127   -227.554968  4  7  6 100       
PG32 -15954.600779 -21271.619505  -1919.831172   -608.399820  5  4  6  65       
*  2024  1 29  8 15  0.00000000
PG01 -12710.211001  22786.277423   3582.822089    167.564399  6  5  7  42       
PG02 -14855.619307  18486.952771  12202.701447   -493.734749  5  6  2  48       
PG03 -19232.732916  11819.302038 -14044.130850    158.082320  4  4  4  80       
PG04  -8720.306106  13230.862189 -21280.623398    278.198324  5  6  5  91       
PG05  25670.826607  -6376.151896   2720.235058   -159.758819  2  4  4  57       
PG06   9710.171451  12571.946618 -21192.359327    427.588129  5  3  2  84       
PG07  -3506.091816  24691.087867   8894.986026    -48.959430  5  4  5  41       
PG08 -15107.154163   5158.120825  21192.651865   -164.425248  6  6  6  71       
PG09   3212.876997  21419.600728 -15417.912340     74.319261  4  8  5  97       
PG10 -14214.708945 -11417.462509  19634.956356    -71.196150  7  5  5  83       
PG11  15889.325180    790.126434 -21235.364176   -557.098772  5  2  5  53       
PG12  20079.947080 -10786.838954 -13861.590523   -472.650328  7  7  6  71       
PG13  17825.554740   5663.217043  18742.069410    620.468624  5  5  5  66       
PG14  10072.834604  13785.393955  20411.077738    311.445117  4  5  5  62       
PG15  14624.540324  -6970.538175  20587.877551    122.126323  5  5  4  89       
PG16 -26623.915252  -1243.456584  -3242.377675   -374.250012  3  7  4  45       
PG17  12069.133726  23265.722162   4185.326795    718.593735  4  6  3  58       
PG18   3543.659338 -24365.142089   9731.898028   -543.380273  6  8  5  77       
PG19  16795.397049  20034.475434  -5858.239434    433.163902  6  7  2  63       
PG20  24203.157237    479.265902 -10673.503915    389.548052  3  6  3  66       
PG21 -16074.771255  13604.310498  16050.155948    136.818431  5  5  3  43       
PG22  16933.823038  11438.401847  17238.064293     40.176732  4  6  3  48       
PG23   -421.235650 -14935.568939  21971.227232    144.945060  3  6  5  73       
PG24  15074.898066 -17462.438927  12382.503696   -422.509396  5  3  3  77       
PG25   8919.778428 -15570.547983 -19832.366845    486.871660  6  2  4  50       
PG26 -22773.540928  -5275.230306 -13087.979467    195.736220  6  7  4  90       
PG27 -19910.248779  -8186.832333  15563.158429 999999.999999                    
PG28  -8931.593824 -15336.370751 -19783.100221   -113.479926  3  7  3  65       
PG29   -261.055270 -20917.484077 -16353.902105   -607.955178  8  6  5  94       
PG30   4805.894844  20110.153544  16648.054769   -439.507374  5  1  5  72       
PG31 -14343.297042  -5786.816171 -21806.293279   -227.554825  4  7  6  93       
PG32 -15807.681426 -21473.852493    924.638335   -608.402037  5  4  6  74       
*  2024  1 29  8 30  0.00000000
PG01 -12657.972872  22142.604289   6439.814127    167.565513  6  6  7  15       
PG02 -14632.202089  17030.107409  14494.778909   -493.729603  5  6  2  39       
PG03 -20691.859196  11885.801646 -11682.473190    158.104997  4  3  4  89       
PG04 -10240.555858  11291.075944 -21727.954480    278.206977  5  5  3  98       
PG05  25878.872173  -6190.386704   -142.459032   -159.759972  2  4  4  76       
PG06   8772.309937  14756.629656 -20162.114200    427.575599  5  3  2  67       
PG07  -4074.536567  25350.513961   6213.435035    -48.967626  5  4  5  44       
PG08 -16632.893663   3310.240046  20446.684784   -164.426741  5  7  7  49       
PG09   1873.612746  20116.494035 -17295.294519     74.330432  4  8  5  83       
PG10 -11992.950217 -11834.539500  20818.410724    -71.197388  8  5  4  69       
PG11  14939.531200   3061.939312 -21716.885708   -557.110905  6  1  5  62       
PG12  21506.019477 -10712.908822 -11530.002270   -472.653599  6  7  5  79       
PG13  18792.684398   7507.260165  17114.981541    620.472017  5  4  6  38       
PG14   7728.043371  14165.699135  21143.945645    311.454240  4  5  5  74       
PG15  16348.586959  -5274.367975  19817.851566    122.129948  5  5  4  79       
PG16 -26154.431758  -1484.114819  -6010.803513   -374.242921  3  7  3  72       
PG17  11542.239113  22915.302847   6975.563396    718.592952  3  5  4  46       
PG18   4100.759844 -25177.963713   7059.337533   -543.388254  5  8  6  66       
PG19  16895.488382  20546.296091  -3064.356570    433.168814  7  7  2  63       
PG20  22985.916863   1160.927363 -13050.285178    389.546377  4  6  3  49       
PG21 -15752.297840  11727.476827  17890.865305    136.817004  5  6  3  75       
PG22  14949.843410  11721.004195  18872.990379     40.170740  4  6  2  57       
PG23   2025.962876 -15361.723584  21567.663295    144.952007  3  6  5  79       
PG24  14921.303502 -15820.125313  14555.469698   -422.515457  5  3  3  84       
PG25  11051.475302 -15803.584789 -18482.589089    486.872800  6  1  4  67       
PG26 -21280.821320  -5865.674135 -15170.907772    195.732880  6  7  4  94       
PG27 -20854.566362  -9594.186245  13452.240084 999999.999999                    
PG28  -8107.380405 -17359.580527 -18417.948550   -113.490702  4  7  4  65       
PG29    973.339852 -19381.391417 -18136.875387   -607.954798  8  6  5  64       
PG30   3941.988414  21697.239325  14735.461743   -439.502987  6  1  5  72       
PG31 -13393.731729  -8040.868363 -21657.965972   -227.555146  4  6  7  97       
PG32 -15470.764999 -21435.205951   3753.426965   -608.404268  5  4  6  67       
*  2024  1 29  8 45  0.00000000
PG01 -12540.561586  21190.330189   9182.701571    167.566663  6  6  7  36       
PG02 -14431.699479  15330.568500  16542.015850   -493.724335  5  6  2  42       
PG03 -21873.726587  11972.410904  -9119.966538    158.127606  3  4  5  89       
PG04 -11879.033074   9412.537806 -21800.643345    278.215628  5  5  2  95       
PG05  25783.897024  -5932.583563  -3002.731964   -159.761492  2  3  4  77       
PG06   8001.558093  16860.567320 -18781.808213    427.563028  5  3  3  77       
PG07  -4520.059947  25741.657187   3423.250820    -48.976093  5  4  5           
PG08 -18176.247917   1621.279879  19349.052717   -164.427970  5  7  7           
PG09    334.390177  18743.885215 -18876.230677     74.341617  4  7  5 101       
PG10  -9685.933371 -12401.307829  21652.452566    -71.198608  8  5  4  73       
PG11  14099.691332   5411.660412 -21823.738200   -557.122974  6  2  6  59       
PG12  22665.265508 -10672.251230  -9001.991588   -472.657217  6  6  5  56       
PG13  19742.486386   9127.464670  15191.471397    620.474939  5  3  6  34       
PG14   5342.398113  14674.838095  21514.537327    311.463400  4  5  6  83       
PG15  18063.288839  -3732.496310  18693.668199    122.133521  5  5  4  80       
PG16 -25398.211680  -1787.049031  -8679.403926   -374.235724  4  7  3  74       
PG17  10806.722573  22352.853542   9646.175106    718.591891  3  4  4  60       
PG18   4514.751208 -25724.538968   4264.018896   -543.396220  5  7  6  79       
PG19  16834.318383  20798.383210   -219.013019    433.173362  7  7  3  34       
PG20  21566.869481   2000.615402 -15199.860700    389.544991  4  6  3  34       
PG21 -15485.587374   9660.360142  19423.948429    136.815695  5  6  3  54       
PG22  12824.059495  12127.097478  20191.013880     40.164941  5  6  2  60       
PG23   4383.231220 -15904.979128  20792.843950    144.959074  3  5  4  77       
PG24  14794.446057 -13942.463292  16466.549559   -422.521561  5  3  2  76       
PG25  13008.312768 -16105.632553 -16820.130618    486.873935  6  1  5  83       
PG26 -19608.582099  -6590.810931 -16999.250526    195.729493  6  7  3 101       
PG27 -21700.312081 -10760.754055  11110.992874 999999.999999                    
PG28  -7436.309067 -19257.205668 -16736.437671   -113.501522  4  7  4  57       
PG29   2402.036888 -17769.841188 -19607.808780   -607.954272  8  6  5  66       
PG30   3223.755990  23106.195812  12568.215159   -439.498624  6  1  5  74       
PG31 -12572.015743 -10309.595601 -21142.960174   -227.555441  3  6  6 103       
PG32 -14918.875836 -21183.580895   6518.638235   -608.406353  4  5  6  59       
*  2024  1 29  9  0  0.00000000
PG01 -12399.084244  19935.275196  11762.422577    167.567783  5  6  6  21       
PG02 -14288.080731  13416.493653  18311.412033   -493.719109  5  6  1  45       
PG03 -22762.238458  12040.092974  -6400.354308    158.150215  3  4  5  96       
PG04 -13604.176844   7633.239537 -21497.845774    278.224200  5  4  1  90       
PG05  25399.815996  -5567.342065  -5811.728286   -159.762770  3  3  5  63       
PG06   7394.087958  18834.411676 -17075.282095    427.550464  5  3  3  74       
PG07  -4872.984678  25842.193825    572.841355    -48.984411  5  3  5  65       
PG08 -19696.098673    112.771671  17919.824892   -164.429771  5  7  7  69       
PG09  -1391.276849  17345.135986 -20133.938326     74.352689  4  7  5  93       
PG10  -7341.932216 -13118.347173  22122.443830    -71.200809  8  4  3  65       
PG11  13388.002346   7793.197090 -21554.218799   -557.135145  7  3  6  70       
PG12  23539.619351 -10628.514982  -6320.119372   -472.660885  6  6  5  67       
PG13  20633.138588  10508.200839  13005.625926    620.478472  6  3  6  66       
PG14   2963.058632  15308.173179  21515.971205    311.472481  4  5  6  67       
PG15  19725.205561  -2362.051517  17236.721015    122.137197  4  5  5  84       
PG16 -24375.976750  -2184.925099 -11204.208522   -374.228620  4  7  3  83       
PG17   9847.636579  21616.043529  12152.217648    718.591070  3  3  5  45       
PG18   4816.748446 -25980.674778   1394.509004   -543.404156  5  6  6  67       
PG19  16579.210152  20810.205025   2629.998044    433.177927  7  7  3  50       
PG20  19986.405401   3011.192714 -17084.907107    389.543728  5  6  2  45       
PG21 -15303.252621   7440.505310  20626.317446    136.814670  5  6  3  55       
PG22  10601.021491  12668.221209  21171.508615     40.159088  5  5  1  71       
PG23   6606.032132 -16543.132009  19659.547460    144.966058  4  5  4  76       
PG24  14724.758073 -11860.515632  18081.138525   -422.527640  5  3  2  85       
PG25  14757.546323 -16446.596834 -14871.932438    486.875070  6  2  5  74       
PG26 -17795.861866  -7462.488989 -18542.022762    195.726102  6  7  3 106       
PG27 -22406.804914 -11688.044451   8580.381511 999999.999999                    
PG28  -6907.617210 -20985.298970 -14767.403773   -113.512355  4  6  4  58       
PG29   4013.514564 -16128.760030 -20741.743038   -607.953402  8  6  5  41       
PG30   2634.518256  24299.620533  10183.210724   -439.494231  5  1  5  28       
PG31 -11886.616971 -12546.292488 -20268.678618   -227.555494  3  6  6  92       
PG32 -14133.685140 -20752.315031   9173.630466   -608.408500  4  5  6  33       
*  2024  1 29  9 15  0.00000000
PG01 -12273.705013  18392.997993  14132.654538    167.568905  5  6  6  50       
PG02 -14230.340719  11322.414138  19774.861582   -493.713817  6  6  1  40       
PG03 -23350.247886  12048.526990  -3570.271230    158.172866  3  5  5  72       
PG04 -15378.761030   5985.299327 -20825.182045    278.232880  5  5     97       
PG05  24748.582127  -5062.960516  -8521.652994   -159.763826  3  4  5  53       
PG06   6937.659885  20631.597188 -15072.108921    427.537893  5  3  3  83       
PG07  -5167.200367  25637.991144  -2287.667955    -48.992671  4  3  6  70       
PG08 -21149.483888  -1201.796457  16184.567386   -164.431944  5  7  7  51       
PG09  -3281.966560  15961.575002 -21047.187232     74.363826  4  7  4  91       
PG10  -5009.298315 -13977.876242  22219.679359    -71.201783  8  4  3  74       
PG11  12814.789690  10158.204041 -20913.125515   -557.147226  7  4  6  86       
PG12  24119.395135 -10543.545842  -3529.859356   -472.664077  6  5  4  42       
PG13  21422.221048  11642.646570  10595.861930    620.481519  6  3  6  75       
PG14    636.098092  16053.295704  21147.668644    311.481626  4  4  6  53       
PG15  21290.334320  -1171.917404  15474.317808    122.140782  4  4  5  77       
PG16 -23115.395391  -2706.068121 -13543.729196   -374.221387  5  6  2  70       
PG17   8657.888387  20746.033808  14451.984152    718.590073  3  3  5  50       
PG18   5041.982994 -25930.430107  -1499.272180   -543.412078  5  6  6  70       
PG19  16102.834810  20608.049115   5434.608574    433.182686  7  7  3  51       
PG20  18288.262835   4197.772617 -18672.789044    389.542449  5  6  3  64       
PG21 -15227.433991   5109.972188  21480.858198    136.813640  5  6  3  80       
PG22   8327.082873  13348.221779  21799.479763     40.153518  5  5  1  84       
PG23   8654.814679 -17247.197030  18186.791656    144.973020  4  5  3  84       
PG24  14737.580887  -9612.040851  19370.183378   -422.533693  4  4  1  80       
PG25  16272.995341 -16791.900011 -12669.981638    486.876188  6  3  5  51       
PG26 -15884.478482  -8485.327828 -19772.848806    195.722743  6  7  2 111       
PG27 -22935.935604 -12385.924178   5904.181682 999999.999999                    
PG28  -6503.195591 -22503.975614 -12544.624553   -113.523207  5  6  4  32       
PG29   5788.022204 -14502.334817 -21519.547298   -607.952848  8  6  4  65       
PG30   2151.410940  25245.452304   7621.339429   -439.489844  6  2  5  16       
PG31 -11338.141421 -14703.731196 -19048.631923   -227.555568  3  6  6  99       
PG32 -13104.345198 -20178.805916  11673.756041   -608.410563  4  5  6  51       
*  2024  1 29  9 30  0.00000000
PG01 -12201.858213  16588.359620  16250.750039    167.570056  4  6  6  73       
PG02 -14281.381626   9088.053218  20909.480518   -493.708864  6  6  1  67       
PG03 -23639.751685  11957.831484   -678.452397    158.195528  4  5  5  78       
PG04 -17161.217354   4493.892910 -19794.612402    278.241471  5  5     87       
PG05  23859.290148  -4392.826574 -11086.556705   -159.765428  3  4  5  61       
PG06   6612.253691  22210.034241 -12807.071926    427.525310  5  3  4  61       
PG07  -5438.629299  25123.820733  -5107.363880    -49.000814  4  3  6  65       
PG08 -22493.187514  -2317.248008  14173.840058   -164.433791  4  7  7  40       
PG09  -5308.991161  14630.971666 -21600.636043     74.374955  4  7  4 100       
PG10  -2734.817899 -14963.925165  21941.575867    -71.203182  8  4  2  72       
PG11  12382.188513  12457.768207 -19911.663933   -557.159311  7  4  6  83       
PG12  24403.611369 -10379.014327   -678.863654   -472.667416  6  5  4  35       
PG13  22068.395077  12532.799193   8004.211866    620.484901  6  3  5  81       
PG14  -1595.080592  16890.428765  20415.401643    311.490791  4  4  5  73       
PG15  22715.789506   -162.649315  13439.051104    122.144219  4  3  5  59       
PG16 -21650.091806  -3373.263004 -15659.546534   -374.214416  5  6  1  93       
PG17   7238.618563  19785.832387  16507.622531    718.589395  3  3  5  54       
PG18   5228.218234 -25566.774068  -4366.948978   -543.419995  5  5  7  69       
PG19  15384.421338  20223.949574   8147.238220    433.187562  6  6  4  77       
PG20  16517.886250   5557.334409 -19936.133707    389.541379  6  6  3  88       
PG21 -15273.033935   2713.862857  21976.479716    136.812070  5  5  4  53       
PG22   6048.837180  14163.070908  22065.699804     40.147640  5  5  1  81       
PG23  10496.364113 -17982.530240  16399.540945    144.980045  4  4  3  91       
PG24  14852.022613  -7240.139779  20310.773488   -422.539757  4  4  1  91       
PG25  17535.923191 -17103.854230 -10250.867628    486.877288  6  4  4  39       
PG26 -13917.583337  -9656.363694 -20670.402728    195.719367  6  7  2 107       
PG27 -23253.637622 -12871.980038   3128.216112 999999.999999                    
PG28  -6198.449669 -23778.837791 -10106.245959   -113.534064  5  6  4  46       
PG29   7698.174145 -12931.397473 -21928.221331   -607.952140  8  6  4  82       
PG30   1746.448996  25918.189854   4926.795849   -439.485526  6  3  5  48       
PG31 -10919.357712 -16735.794580 -17502.310267   -227.555827  3  5  6 101       
PG32 -11828.047192 -19503.003270  13977.060129   -608.412664  5  5  6  32       
*  2024  1 29  9 45  0.00000000
PG01 -12216.573052  14554.704085  18078.605007    167.571187  4  7  5  64       
PG02 -14457.143410   6756.983271  21697.849983   -493.703825  6  6  2  49       
PG03 -23641.739161  11730.289877   2225.107812    158.218203  3  5  5  77       
PG04 -18907.131734   3176.463918 -18424.205521    278.250064  5  5  2  89       
PG05  22767.028842  -3536.608365 -13463.079671   -159.767038  4  5  4  64       
PG06   6391.015545  23533.637523 -10319.545129    427.512719  5  3  4  68       
PG07  -5723.578426  24303.729210  -7835.534986    -49.008964  4  3  5  36       
PG08 -23685.333522  -3236.666476  11922.626599   -164.436196  4  8  7  32       
PG09  -7437.317520  13386.162477 -21785.070339     74.386064  5  6  4  89       
PG10   -562.119292 -16052.823392  21291.775529    -71.204867  7  3  2  85       
PG11  12084.154758  14644.118791 -18567.243020   -557.171446  8  5  6  73       
PG12  24399.994286 -10098.076780   2183.830295   -472.671098  6  5  3  73       
PG13  22533.036689  13189.150999   5275.563906    620.488096  7  3  5  73       
PG14  -3691.230226  17793.129683  19331.232548    311.499922  4  4  5  55       
PG15  23961.422987    673.262297  11168.078402    122.147763  5  3  5  70       
PG16 -20018.461762  -4202.760242 -17516.851497   -374.207114  5  7     86       
PG17   5599.269109  18778.621396  18285.667841    718.588428  4  4  4  68       
PG18   5414.065014 -24891.904133  -7158.597945   -543.427938  6  4  7  74       
PG19  14410.740951  19694.401360  10721.566140    433.192200  6  6  4  67       
PG20  14720.733613   7078.666664 -20853.304281    389.539561  6  7  3  77       
PG21 -15447.252117    298.786312  22108.066172    136.811254  5  5  4  73       
PG22   3811.570996  15100.977999  21966.766187     40.142154  5  5  1  79       
PG23  12104.912990 -18710.191861  14328.303961    144.987054  4  4  2  82       
PG24  15080.096880  -4791.682308  20886.585823   -422.545876  4  4  2  87       
PG25  18535.652295 -17343.186427  -7655.244709    486.878419  6  4  4  56       
PG26 -11938.169063 -10964.979628 -21218.782818    195.715992  6  7  2 116       
PG27 -23331.198644 -13170.607773    299.585673 999999.999999                    
PG28  -5963.418635 -24782.200233  -7494.133404   -113.544922  5  5  4  67       
PG29   9709.840936 -11451.955802 -21961.092428   -607.951125  8  6  4  70       
PG30   1387.806507  26299.873540   2146.311153   -439.481188  5  3  5  25       
PG31 -10615.532196 -18599.096462 -15654.951827   -227.555972  3  5  6 101       
PG32 -10310.284321 -18765.826035  16044.931311   -608.414798  5  6  6  58       
*  2024  1 29 10  0  0.00000000
PG01 -12344.985758  12332.687687  19583.433952    167.572356  3  7  5  69       
PG02 -14766.006001   4375.170657  22128.180253   -493.698674  6  6  2  58       
PG03 -23375.698219  11332.009040   5090.032323    158.240832  3  5  5  64       
PG04 -20570.855971   2042.241301 -16737.805653    278.258653  5  6  3  88       
PG05  21511.527384  -2481.203125 -15611.144975   -159.767928  4  5  4  69       
PG06   6241.482122  24573.628460  -7652.788806    427.500090  4  3  4  80       
PG07  -6057.047973  23191.038233 -10422.696936    -49.017486  4  3  5  83       
PG08 -24686.925315  -3971.032388   9469.709940   -164.438284  4  8  7  50       
PG09  -9626.731563  12253.880626 -21597.539872     74.397212  5  6  4  99       
PG10   1469.811749 -17213.990425  20280.158823    -71.206247  7  4  3  73       
PG11  11906.804716  16672.296869 -16903.164233   -557.183566  8  5  6  52       
PG12  24124.653959  -9667.004891   5008.639910   -472.674285  6  5  3  74       
PG13  22781.762415  13630.047264   2456.871543    620.491477  7  3  5  54       
PG14  -5618.589282  18729.267703  17913.344109    311.508968  4  4  5  58       
PG15  24991.318916   1350.802401   8702.335954    122.151409  5  2  5  69       
PG16 -18262.335237  -5203.518753 -19084.940296   -374.199901  5  7    101       
PG17   3757.346405  17766.117103  19757.488724    718.587392  5  4  4  65       
PG18   5637.266037 -23917.211044  -9825.647745   -543.435905  6  4  7  75       
PG19  13176.826052  19058.905855  13113.302047    433.197024  6  5  4  64       
PG20  12940.600178   8742.640116 -21408.764118    389.538558  6  7  3  71       
PG21 -15749.422134  -2088.684214  21876.346875    136.809883  4  4  4  73       
PG22   1657.783937  16142.787257  21505.085625     40.136376  5  4  2  61       
PG23  13462.968592 -19388.497451  12008.626695    144.994047  4  4  2  78       
PG24  15426.180552  -2315.585798  21088.172662   -422.551903  4  4  3  69       
PG25  19269.884375 -17470.660441  -4927.203511    486.879511  6  4  4  26       
PG26  -9987.583065 -12393.126200 -21407.813477    195.712598  5  7  2 110       
PG27 -23146.368651 -13311.867719  -2534.093173 999999.999999                    
PG28  -5764.108706 -25494.069603  -4753.158032   -113.555761  5  5  4  59       
PG29  11783.302543 -10093.925063 -21617.905419   -607.951053  8  6  4  57       
PG30   1041.262386  26380.787426   -671.675714   -439.476851  5  4  5  42       
PG31 -10405.068639 -20254.527735 -13537.204797   -227.555947  3  4  5  83       
PG32  -8564.812418 -18007.561708  17842.697559   -608.417007  5  6  6  68       
*  2024  1 29 10 15  0.00000000
PG01 -12607.106714   9968.806149  20738.429890    167.573566  4  7  4  51       
PG02 -15208.476830   1989.458609  22194.400762   -493.693598  6  6  3  79       
PG03 -22868.795321  10734.443454   7866.457280    158.263510  3  5  5  56       
PG04 -22107.172983   1092.079728 -14764.605504    278.267249  5  6  3  93       
PG05  20135.647335  -1221.409820 -17494.592524   -159.769113  5  5  4  63       
PG06   6127.032182  25309.560048  -4853.173765    427.487527  4  3  4  57       
PG07  -6471.072638  21807.962503 -12821.625028    -49.025903  3  3  5  70       
PG08 -25463.275225  -4538.568509   6857.004820   -164.440171  5  7  6  61       
PG09 -11833.202534  11253.831597 -21041.394080     74.408381  5  6  4 101       
PG10   3327.953652 -18411.005754  18922.761701    -71.207499  7  4  4  88       
PG11  11829.068694  18501.720817 -14948.209957   -557.195670  8  4  6  61       
PG12  23601.439817  -9056.717885   7746.310934   -472.677807  6  5  2  86       
PG13  22785.791198  13880.757052   -403.652728    620.494640  7  3  4  52       
PG14  -7350.004143  19662.241488  16185.760137    311.518098  4  4  5  70       
PG15  25775.105368   1891.551030   6085.709725    122.154770  6  2  5  75       
PG16 -16425.530212  -6376.710402 -20337.660300   -374.192675  6  7    117       
PG17   1737.894293  16787.019993  20899.648886    718.586201  6  5  4  40       
PG18   5933.019276 -22662.891764 -12321.752454   -543.443841  6  3  7  73       
PG19  11686.392033  18358.398844  15280.945213    433.201806  5  5  4  72       
PG20  11218.025153  10522.798313 -21593.326131    389.537211  6  7  4  74       
PG21 -16171.140602  -4403.510494  21287.698967    136.808825  4  4  5  76       
PG22   -374.177103  17262.642152  20688.789421     40.130507  5  4  2  67       
PG23  14561.822446 -19974.697157   9480.488384    145.001040  5  4  2  64       
PG24  15886.812289    138.976931  20913.087071   -422.557935  4  3  4  91       
PG25  19744.706318 -17448.734919  -2113.556600    486.880561  5  5  3  60       
PG26  -8104.100019 -13915.829243 -21233.267825    195.709225  5  6  2 114       
PG27 -22684.229292 -13330.153616  -5325.435032 999999.999999                    
PG28  -5563.988898 -25902.839951  -1930.429855   -113.566571  6  5  4           
PG29  13874.619211  -8880.106915 -20904.806015   -607.950333  7  6  4  49       
PG30    671.753921  26159.849803  -3477.892777   -439.472496  5  4  6  54       
PG31 -10260.434333 -21668.667268 -11184.681855   -227.556075  3  4  5  83       
PG32  -6613.310553 -17266.305348  19340.161752   -608.419217  5  6  6  72       
*  2024  1 29 10 30  0.00000000
PG01 -13014.898385   7513.683439  21523.290415    167.574700  3  7  4  82       
PG02 -15777.168361   -353.961606  21896.181074   -493.688436  6  5  3  75       
PG03 -22154.759376   9915.721762  10505.929793    158.286184  3  5  5           
PG04 -23472.952252    318.626464 -12538.633209    278.275824  6  6  4  93       
PG05  18683.776711    239.697521 -19081.746629   -159.770648  5  5  4  42       
PG06   6008.506452  25730.023808  -1969.349975    427.474913  3  3  5  52       
PG07  -6993.172918  20184.853211 -14988.362696    -49.033931  3  4  5  71       
PG08 -25985.274210  -4963.822436   4128.858598   -164.443907  5  7  6  53       
PG09 -14010.396237  10398.048243 -20126.216339     74.419553  5  6  4 106       
PG10   4986.356704 -19602.923761  17241.592812    -71.209287  6  3  4  83       
PG11  11823.632280  20097.588034 -12736.138931   -557.207769  7  4  5  48       
PG12  22860.995374  -8244.153382  10348.808041   -472.680985  6  5  2  83       
PG13  22523.093623  13972.296840  -3257.346119    620.497965  7  3  3  64       
PG14  -8865.798855  20552.390874  14177.959076    311.527236  4  4  4  72       
PG15  26289.035691   2322.557851   3364.185871    122.158355  7  1  4  77       
PG16 -14552.344879  -7715.503217 -21253.804400   -374.185553  6  7    110       
PG17   -427.298383  15875.606606  21694.185828    718.585746  6  5  3  54       
PG18   6332.408875 -21157.226337 -14603.620526   -543.451728  6  2  7  74       
PG19   9951.940009  17633.617897  17186.518967    433.206742  5  5  4  53       
PG20   9588.843519  12386.241430 -21404.284508    389.535867  7  7  4  71       
PG21 -16696.671273  -6603.599445  20353.895801    136.807676  4  4  5  69       
PG22  -2251.326585  18428.892381  19531.583546     40.125137  5  4  3  61       
PG23  15401.720077 -20426.716867   6787.609880    145.008055  5  3  2  81       
PG24  16450.836732   2524.360169  20365.847437   -422.563954  5  3  4  71       
PG25  19974.273800 -17243.191427    736.953221    486.881623  5  5  3  56       
PG26  -6321.605562 -15501.970853 -20697.004408    195.705854  5  6  3 104       
PG27 -21937.798377 -13262.725393  -8028.008512 999999.999999                    
PG28  -5325.591020 -26005.677232    925.509378   -113.577476  6  4  4  45       
PG29  15937.167844  -7825.452687 -19834.219148   -607.949567  7  6  4  66       
PG30    244.974528  25644.672894  -6223.137757   -439.468159  5  5  6  77       
PG31 -10149.342319 -22814.999410  -8637.408571   -227.556023  4  3  5  86       
PG32  -4484.753949 -16576.493667  20512.071458   -608.421440  5  6  6  87       
*  2024  1 29 10 45  0.00000000
PG01 -13571.704880   5020.197590  21924.596160    167.575919  3  7  4  70       
PG02 -16457.061759  -2611.042247  21238.887002   -493.683451  5  5  3  76       
PG03 -21272.512268   8861.719798  12962.289247    158.308866  3  5  5  38       
PG04 -24628.732993   -293.194049 -10098.162782    278.284414  6  6  4  85       
PG05  17200.185197   1890.708227 -20345.911063   -159.772061  6  5  3  70       
PG06   5845.929893  25833.011646    948.623752    427.462356  3  4  5           
PG07  -7644.991214  18359.093710 -16883.173540    -49.042046  3  4  5  62       
PG08 -26230.458483  -5276.523965   1331.330585   -164.445741  5  7  5  60       
PG09 -16111.281063   9690.548366 -18867.658564     74.430757  5  5  3  96       
PG10   6426.992052 -20745.789249  15264.347727    -71.209621  6  3  4  77       
PG11  11858.127626  21432.059864 -10305.097879   -557.219906  7  4  5  72       
PG12  21939.545046  -7213.417575  12770.204527   -472.684345  6  5  2  78       
PG13  21979.288705  13940.055023  -6055.894302    620.501164  7  4  3  67       
PG14 -10154.356921  21358.548965  11924.385125    311.536343  4  4  4  53       
PG15  26516.804337   2675.025288    585.000985    122.162081  7  2  3  76       
PG16 -12686.037527  -9205.132251 -21817.450694   -374.178103  6  7    106       
PG17  -2700.723890  15060.508296  22128.809816    718.584391  6  5  3  67       
PG18   6861.007248 -19435.548413 -16631.782926   -543.459629  6  2  7  69       
PG19   7994.529636  16923.470143  18796.267130    433.211457  6  4  4  47       
PG20   8082.938683  14294.767040 -20845.428445    389.534420  7  7  4  77       
PG21 -17303.600239  -8651.084265  19091.811898    136.806216  4  3  5  67       
PG22  -3947.054263  19605.211887  18052.536336     40.119197  4  4  3  67       
PG23  15991.682717 -20704.891665   3976.686511    145.015049  5  3  2  67       
PG24  17099.882364   4796.141035  19457.748220   -422.569998  5  3  4  79       
PG25  19980.177758 -16824.665462   3574.509987    486.882742  5  5  3  67       
PG26  -4668.440789 -17115.319918 -19807.011693    195.702511  5  6  3  95       
PG27 -20908.352689 -13148.159635 -10597.029022 999999.999999                    
PG28  -5012.151479 -25808.577779   3765.519846   -113.588373  6  4  4  39       
PG29  17923.285930  -6936.637061 -18424.625415   -607.948933  8  6  4  56       
PG30   -271.050814  24851.286324  -8859.189278   -439.463825  5  5  6  76       
PG31 -10036.147719 -23674.885347  -5939.170370   -227.556321  4  2  4  70       
PG32  -2214.521235 -15967.586288  21338.518198   -608.423753  5  6  6  81       
*  2024  1 29 11  0  0.00000000
PG01 -14272.056964   2541.526111  21936.033230    167.577083  4  7  4  94       
PG02 -17226.044915  -4741.286497  20233.475221   -493.678410  4  5  3  79       
PG03 -20264.599807   7566.833872  15192.513607    158.331525  2  5  5  71       
PG04 -25540.175689   -765.398519  -7485.058335    278.292991  7  6  4  66       
PG05  15727.400323   3712.126602 -21265.786425   -159.773107  7  5  3  72       
PG06   5600.266604  25625.919544   3850.171627    427.449712  2  4  5  44       
PG07  -8441.179848  16373.693012 -18471.405074    -49.050293  4  4  5  94       
PG08 -26183.837679  -5510.261429  -1488.540627   -164.448197  4  6  5  64       
PG09 -18089.767415   9127.306672 -17287.178991     74.441865  5  5  3  91       
PG10   7640.305461 -21794.300248  13024.018630    -71.210948  6  3  4  76       
PG11  11896.527663  22485.185169  -7696.959876   -557.232002  7  3  5  75       
PG12  20877.458160  -5956.662885  14967.551498   -472.687716  6  5  2  85       
PG13  21148.258434  13822.271240  -8752.109140    620.504461  7  3  3  70       
PG14 -11212.390689  22039.674160   9463.863840    311.545399  4  4  4  55       
PG15  26450.074391   2982.858656  -2204.190413    122.165517  8  1  3  81       
PG16 -10867.344237 -10823.258698 -22018.243527   -374.170959  6  7  1 110       
PG17  -5040.377251  14363.714701  22197.026328    718.583422  6  5  3  60       
PG18   7537.704689 -17538.951587 -18371.285612   -543.467551  6  2  6  49       
PG19   5843.223243  16263.463380  20081.297969    433.216582  6  4  4  59       
PG20   6723.242922  16206.221820 -19926.939989    389.533379  7  7  5  83       
PG21 -17963.713106 -10513.442525  17523.093116    136.804971  5  4  6  75       
PG22  -5441.912739  20751.890802  16275.805838     40.113364  4  4  4  64       
PG23  16348.986855 -20773.621550   1096.559657    145.022030  5  3  2  65       
PG24  17809.145593   6914.657409  18206.529130   -422.576017  5  3  4  69       
PG25  19790.512432 -16170.014283   6349.131638    486.883828  5  4  3  74       
PG26  -3166.452720 -18715.778684 -18577.354664    195.699105  5  5  3  82       
PG27 -19605.461755 -13024.772440 -12990.016280 999999.999999                    
PG28  -4589.230635 -25326.098140   6540.709514   -113.599216  6  4  4  64       
PG29  19785.961376  -6211.956540 -16700.240029   -607.948298  8  5  4  47       
PG30   -904.478907  23803.533447 -11339.706144   -439.459502  5  6  6  68       
PG31  -9883.405517 -24238.243667  -3136.766139   -227.556565  5  2  4  61       
PG32    156.733195 -15462.941199  21805.261717   -608.426025  5  6  5  91       
*  2024  1 29 11 15  0.00000000
PG01 -15101.858264    129.196436  21558.456856    167.578306  4  7  5  79       
PG02 -18055.705647  -6709.027979  18896.328653   -493.672965  4  5  4  83       
PG03 -19175.485794   6034.420168  17157.512444    158.354235  2  5  5  57       
PG04 -26179.327873  -1125.897615  -4744.063068    278.301550  7  6  4  94       
PG05  14304.663183   5676.927330 -21825.805442   -159.774837  7  5  2  83       
PG06   5235.136591  25125.194637   6685.096721    427.437060  1  4  5  30       
PG07  -9388.596357  14275.639319 -19724.235052    -49.058666  4  4  4  90       
PG08 -25838.457730  -5701.026316  -4283.473190   -164.448895  4  6  4  86       
PG09 -19902.319921   8696.541454 -15411.687078     74.453045  5  5  3  71       
PG10   8625.449262 -22703.557163  10558.400051    -71.212062  5  3  4  80       
PG11  11900.688440  23245.528144  -4956.601145   -557.244140  6  3  5  77       
PG12  19717.646003  -4474.651506  16901.706146   -472.691095  7  4  3  78       
PG13  20032.460924  13658.428366 -11300.675594    620.507615  7  3  3  80       
PG14 -12044.886188  22556.497645   6838.931540    311.554489  3  4  4  38       
PG15  26088.706327   3281.143750  -4956.116643    122.168886  8  1  3  69       
PG16  -9133.084221 -12540.609321 -21851.611084   -374.163743  6  7  2 100       
PG17  -7401.130382  13799.831788  21898.185154    718.582643  6  5  3  80       
PG18   8373.813006 -15512.784178 -19792.293632   -543.475478  6  3  6  74       
PG19   3534.215275  15684.263078  21018.160754    433.221403  7  4  4  64       
PG20   5525.022122  18076.010314 -18665.180320    389.532117  7  7  5  89       
PG21 -18644.061113 -12164.423067  15673.798291    136.803958  5  4  6  77       
PG22  -6724.153506  21827.259297  14230.308037     40.107378  4  4  4  51       
PG23  16498.321683 -20602.881868  -1802.656978    145.029008  5  3  2  48       
PG24  18548.440393   8846.327050  16635.918986   -422.582058  5  2  4  67       
PG25  19438.677366 -15263.459899   9011.608460    486.884938  5  4  3  85       
PG26  -1830.289633 -20260.802879 -17028.018850    195.695719  5  5  3  74       
PG27 -18046.734379 -12929.069050 -15167.412268 999999.999999                    
PG28  -4026.246142 -24580.766428   9203.277477   -113.610048  6  4  4  37       
PG29  21480.505155  -5641.555014 -14690.599850   -607.947593  8  5  4  64       
PG30  -1678.313657  22532.163863 -13621.094119   -439.455163  5  6  6  78       
PG31  -9653.528248 -24503.906210   -279.180206   -227.556783  5     4  69       
PG32   2584.403025 -15078.925012  21903.975015   -608.428303  5  5  5  81       
*  2024  1 29 11 30  0.00000000
PG01 -16038.940399  -2168.774860  20799.798979    167.579477  4  7  6  81       
PG02 -18912.354092  -8484.542442  17249.033857   -493.667943  4  5  4  64       
PG03 -18049.778191   4276.879782  18822.849294    158.376926  2  5  5  50       
PG04 -26525.657238  -1407.224461  -1922.044584    278.310169  8  5  5  83       
PG05  12966.519195   7751.394762 -22016.382570   -159.775800  8  5  2  91       
PG06   4718.425725  24355.641557   9404.463469    427.424427     5  5  66       
PG07 -10485.845972  12114.089065 -20619.275633    -49.067025  3  4  4  97       
PG08 -25195.680797  -5885.679009  -7006.673401   -164.449727  4  6  4  76       
PG09 -21509.482769   8379.304847 -13273.100567     74.464210  6  4  3  93       
PG10   9390.177520 -23430.831693   7909.493678    -71.213481  5  3  4  84       
PG11  11831.979274  23710.477408  -2131.128882   -557.256276  6  3  4  87       
PG12  18503.856363  -2776.975901  18538.098524   -472.694308  6  4  3  90       
PG13  18642.933822  13487.616808 -13658.859225    620.510821  6  4  3  86       
PG14 -12664.724243  22873.120376   4095.090111    311.563597  3  4  4  56       
PG15  25440.689141   3604.611714  -7624.646557    122.172468  8  2  3  84       
PG16  -7514.901163 -14321.879523 -21318.913904   -374.156277  7  7  2  95       
PG17  -9736.212110  13375.616073  21237.458875    718.581282  6  5  3  70       
PG18   9372.478127 -13404.993201 -20870.596423   -543.483432  6  3  6  49       
PG19   1109.673920  15210.434913  21589.339909    433.226195  7  4  3  82       
PG20   4495.469631  19858.701369 -17082.370723    389.530797  6  7  5  75       
PG21 -19308.180230 -13584.759347  13574.016403    136.802310  4  4  6  81       
PG22  -7789.993449  22789.197374  11949.326612     40.101889  4  3  5  71       
PG23  16470.657969 -20169.526440  -4670.478909    145.035963  5  3  3  53       
PG24  19283.462364  10564.699194  14775.073328   -422.588147  5  2  3  79       
PG25  18961.958764 -14097.453225  11514.451487    486.886053  5  4  4  96       
PG26   -666.972156 -21706.944866 -15184.648544    195.692351  5  5  3  75       
PG27 -16257.288538 -12894.272741 -17093.155984 999999.999999                    
PG28  -3297.859909 -23602.197660  11707.340049   -113.620921  6  4  4  62       
PG29  22966.144482  -5207.966612 -12430.065230   -607.947011  9  4  4  10       
PG30  -2609.280415  21073.658894 -15663.320191   -439.450852  5  6  6  89       
PG31  -9310.475515 -24479.628130   2583.311931   -227.556825  5     4  58       
PG32   5021.404547 -14824.290983  21632.406121   -608.430562  5  5  4  94       
*  2024  1 29 11 45  0.00000000
PG01 -17053.957916  -4309.576332  19674.827592    167.580665  5  6  6  74       
PG02 -19758.242019 -10044.956345  15318.100698   -493.662357  4  4  4  86       
PG03 -16930.459655   2315.383751  20159.377420    158.399587  2  5  5  71       
PG04 -26566.813936  -1645.088144    932.791501    278.318801  8  5  5  75       
PG05  11741.594607   9896.216452 -21834.074897   -159.776969  8  5  2  84       
PG06   4023.725085  23349.417531  11961.450258    427.411798     4  5  69       
PG07 -11723.193252   9938.475781 -21141.016640    -49.075043  3  4  4  93       
PG08 -24265.174023  -6100.390412  -9612.555070   -164.451508  4  5  5  85       
PG09 -22877.261525   8150.354321 -10907.820886     74.475475  6  4  3  92       
PG10   9950.402466 -23937.285739   5122.818204    -71.215660  5  3  4  72       
PG11  11652.937208  23886.225667    730.926532   -557.268381  5  3  4  54       
PG12  17278.935879   -881.921702  19847.416958   -472.697690  6  4  3  93       
PG13  16998.990412  13346.930570 -15787.166800    620.513943  6  4  3  67       
PG14 -13091.992039  22958.494913   1280.000902    311.572667  2  4  4  73       
PG15  24521.785614   3986.148234 -10165.495779    122.175887  8  3  5  70       
PG16  -6038.186035 -16126.874636 -20427.517954   -374.148955  7  7  3 101       
PG17 -11998.745017  13089.798108  20225.752899    718.580471  5  5  4  84       
PG18  10528.423681 -11264.383646 -21588.006389   -543.491334  6  4  6  80       
PG19  -1383.665671  14859.426878  21783.652244    433.231033  7  3  3  78       
PG20   3633.621646  21509.669814 -15206.176228    389.529472  6  6  6  83       
PG21 -19917.425057 -14762.652469  11257.461240    136.801229  4  4  6  83       
PG22  -8643.601330  23596.681626   9470.064477     40.096090  4  3  5  80       
PG23  16301.874077 -19458.329614  -7456.961869    145.042944  6  3  4  52       
PG24  19977.208767  12051.203897  12657.926491   -422.594267  5  1  3  58       
PG25  18399.946991 -12673.216222  13812.827366    486.887181  5  4  5  99       
PG26    324.238657 -23011.462868 -13078.177870    195.689015  5  5  3  62       
PG27 -14268.963480 -12948.982437 -18735.211608 999999.999999                    
PG28  -2385.163839 -22425.947133  14009.725008   -113.631758  5  4  4  65       
PG29  24207.477251  -4886.954374  -9957.244435   -607.946380  9  3  3  48       
PG30  -3706.957367  19468.838501 -17430.655656   -439.446519  5  6  5  90       
PG31  -8821.403688 -24181.745803   5400.085346   -227.556933  5     3  51       
PG32   7419.750869 -14699.848960  20994.452804   -608.432857  5  5  3  97       
*  2024  1 29 12  0  0.00000000
PG01 -18111.579188  -6257.061366  18204.769998    167.581866  5  6  6  83       
PG02 -20552.941150 -11374.922367  13134.623731   -493.657444  3  4  5  58       
PG03 -15857.194795    179.247563  21143.775046    158.422251  3  5  4  61       
PG04 -26299.094074  -1876.807803   3771.707390    278.327440  8  5  6  62       
PG05  10651.603014  12067.792454 -21281.651894   -159.778597  8  5  2  78       
PG06   3131.543300  22144.757768  14312.156680    427.399156     5  5  62       
PG07 -13082.845575   7796.626754 -21281.096151    -49.083340  2  4  4  93       
PG08 -23064.608378  -6379.114500 -12057.439847   -164.453355  4  5  5  80       
PG09 -23978.309821   7979.272675  -8356.134167     74.486702  6  4  4  80       
PG10  10329.423944 -24189.570002   2246.633296    -71.217148  5  3  3  68       
PG11  11328.881531  23787.421845   3580.441184   -557.280482  4  3  4  70       
PG12  16083.133169   1184.025841  20806.193726   -472.701173  6  4  3  89       
PG13  15127.621217  13269.952550 -17649.953462    620.517307  6  4  3  80       
PG14 -13353.012110  22787.731550  -1557.366773    311.581790  2  4  5  72       
PG15  23354.912662   4455.399580 -12536.875822    122.179187  8  3  5  18       
PG16  -4721.222626 -17911.855451 -19190.785387   -374.141756  7  6  3  96       
PG17 -14143.288914  12933.199811  18879.548500    718.579136  3  4  4  75       
PG18  11828.034031  -9138.861791 -21932.645335   -543.499251  6  4  6  80       
PG19  -3896.105666  14640.836874  21596.533854    433.235945  7  3  3  84       
PG20   2930.593967  22986.710335 -13069.201250    389.528470  5  6  6  87       
PG21 -20432.377844 -15694.012659   8761.043780    136.800355  4  4  6  70       
PG22  -9296.801936  24211.317954   6833.137301     40.090360  4  3  5  53       
PG23  16031.195089 -18462.724192 -10113.603447    145.049891  6  3  4  66       
PG24  20591.492130  13295.578976  10322.479275   -422.600278  5  2  2  61       
PG25  17792.856207 -11000.932387  15865.455046    486.888275  5  3  5  95       
PG26   1151.666077 -24133.934627 -10744.355724    195.685631  5  5  3  47       
PG27 -12119.300571 -13116.004254 -20066.046762 999999.999999                    
PG28  -1276.617272 -21092.146054  16070.719996   -113.642611  5  3  4  75       
PG29  25175.733569  -4648.612385  -7314.349402   -607.945755  9  2  3  54       
PG30  -4973.200819  17761.307644 -18892.331366   -439.442183  4  6  5  92       
PG31  -8158.203920 -23634.491802   8121.133315   -227.557323  5  1  3  57       
PG32   9732.170667 -14698.441719  20000.146780   -608.435097  4  5  2  95       
*  2024  1 29 12 15  0.00000000
PG01 -19171.917455  -7982.917836  16416.815649    167.583009  5  5  6  80       
PG02 -21254.837487 -12467.037967  10733.884241   -493.652153  3  4  5  75       
PG03 -14864.783381  -2095.020498  21758.968541    158.444882  4  5  3  61       
PG04 -25727.587490  -2139.687130   6546.246028    278.336026  8  4  6  52       
PG05   9710.618347  14219.714262 -20368.072227   -159.779625  8  5  2  84       
PG06   2030.245118  20784.482902  16416.351450    427.386529  1  5  5  58       
PG07 -14539.592043   5732.973832 -21038.394158    -49.091713     4  3 103       
PG08 -21619.078226  -6752.145631 -14300.231713   -164.454594  4  5  6  96       
PG09 -24792.876183   7831.794475  -5661.546274     74.497836  6  4  4  88       
PG10  10556.857725 -24161.234630   -668.909922    -71.218108  6  3  3  88       
PG11  10829.425811  23436.510093   6368.535109   -557.292656  4  3  4  49       
PG12  14952.514934   3387.014830  21397.275026   -472.704538  6  4  3  93       
PG13  13062.623576  13285.382783 -19215.970672    620.520509  5  5  3  92       
PG14 -13479.127659  22343.175005  -4367.615624    311.590875  1  4  5  75       
PG15  21969.285507   5037.522107 -14700.082721    122.182866  7  4  6  58       
PG16  -3574.591180 -19631.045749 -17627.976022   -374.134521  7  6  4  75       
PG17 -16127.340614  12889.141604  17220.679645    718.578354  2  4  5  73       
PG18  13249.771559  -7073.730942 -21899.115867   -543.507149  7  4  5  56       
PG19  -6376.726469  14556.000995  21030.205036    433.240426  7  3  3  81       
PG20   2370.127624  24251.562402 -10708.407679    389.526535  4  6  6  96       
PG21 -20814.291858 -16382.453362   6124.421047    136.799192  3  4  6  83       
PG22  -9768.503956  24598.808363   4082.009529     40.084566  4  2  5  67       
PG23  15699.508841 -17185.204750 -12594.216758    145.056811  7  4  4  49       
PG24  21088.484102  14295.968769   7810.042762   -422.606286  5  2  2  63       
PG25  17179.818206  -9099.571583  17635.439576    486.889391  5  3  5 105       
PG26   1830.737121 -25037.811608  -8223.168338    195.682218  5  4  3  40       
PG27  -9850.326298 -13411.396868 -21063.057230 999999.999999                    
PG28     31.301409 -19643.972197  17854.761790   -113.653444  5  3  4  71       
PG29  25849.797295  -4458.689281  -4546.492510   -607.945302  9  2  2  64       
PG30  -6401.888294  15995.806793 -20023.091052   -439.437836  4  6  5  91       
PG31  -7298.860032 -22868.992072  10698.037129   -227.557420  5  2  3  25       
PG32  11913.713919 -14805.231743  18665.544449   -608.437375  4  4  2 105       
*  2024  1 29 12 30  0.00000000
PG01 -20192.137518  -9467.506899  14343.516649    167.584132  4  5  7  80       
PG02 -21822.694324 -13321.989957   8154.891607   -493.647080  2  3  5  54       
PG03 -13981.822472  -4464.959085  21994.434866    158.467483  4  5  2  70       
PG04 -24866.004609  -2469.391120   9209.038763    278.344612  8  3  7  65       
PG05   8924.641678  16304.361031 -19108.366448   -159.780778  8  5  3  76       
PG06    716.680750  19314.348185  18238.148702    427.374001  2  5  5  42       
PG07 -16061.763707   3786.938055 -20418.952513    -49.100024     4  2  86       
PG08 -19960.261243  -7244.811678 -16303.058912   -164.456406  3  6  6  95       
PG09 -25309.474851   7671.288943  -2870.061363     74.508994  6  4  5  74       
PG10  10667.302158 -23833.890051  -3572.676285    -71.219127  6  3  3  61       
PG11  10129.829013  22862.781885   9047.403608   -557.304787  4  3  4  25       
PG12  13917.562868   5686.966571  21610.162323   -472.707597  6  3  3  86       
PG13  10843.490550  13415.858078 -20458.849742    620.523792  5  5  3  94       
PG14 -13505.293436  21615.207112  -7101.810956    311.599964  2  4  5  60       
PG15  20399.360648   5752.115020 -16620.023598    122.186294  6  4  6  73       
PG16  -2600.858226 -21238.252101 -15764.052863   -374.127199  7  5  4  67       
PG17 -17912.740773  12934.126856  15276.043757    718.576976  2  4  5  64       
PG18  14764.909870  -5110.105030 -21488.557207   -543.515056  7  4  5  72       
PG19  -8775.195800  14597.925011  20093.704086    433.245242  7  3  4  49       
PG20   1929.419318  25271.289168  -8164.466722    389.525916  3  5  6  73       
PG21 -21026.527624 -16839.037611   3389.519084    136.797932  3  5  6  72       
PG22 -10083.866543  24730.300355   1262.374145     40.078705  4  2  5  70       
PG23  15347.627694 -15637.379858 -14855.758258    145.063796  7  3  4  70       
PG24  21432.228223  15058.702413   5164.457454   -422.612323  5  2  2  52       
PG25  16597.225132  -6996.352070  19091.019428    486.890522  4  3  6  98       
PG26   2383.211182 -25691.850072  -5558.166302    195.678721  4  4  4  18       
PG27  -7507.177028 -13843.764349 -21708.934112 999999.999999                    
PG28   1533.755411 -18126.014769  19331.054232   -113.664293  4  3  4  64       
PG29  26216.949221  -4280.082792  -1700.934910   -607.945059  9  3  2  59       
PG30  -7978.989439  14216.534995 -20803.631700   -439.433510  4  5  5  94       
PG31  -6228.564812 -21921.985503  13084.913265   -227.557727  5  2  3  33       
PG32  13923.286337 -14998.291583  17012.521942   -608.439626  4  4  2 100       
*  2024  1 29 12 45  0.00000000
PG01 -21128.168448 -10700.345818  12022.105448    167.585293  3  4  7  94       
PG02 -22217.233091 -13948.415624   5439.862912   -493.641825  2  3  5  19       
PG03 -13229.631432  -6883.631466  21846.377573    158.490109  4  5  1  65       
PG04 -23736.188731  -2898.386807  11714.595413    278.353260  7  4  7  45       
PG05   8291.479135  18274.556031 -17523.425180   -159.782073  8  5  3  75       
PG06   -803.517002  17781.299492  19746.602257    427.361435  2  5  5  50       
PG07 -17612.465943   1991.556723 -19435.731096    -49.108325     4  1  97       
PG08 -18125.346807  -7876.349853 -18031.876462   -164.458368  3  5  6 107       
PG09 -25525.254408   7460.343147    -29.414552     74.520208  6  4  5  85       
PG10  10698.795069 -23198.065169  -6413.493376    -71.220123  6  3  3  71       
PG11   9212.133516  22101.178306  11571.128659   -557.316944  4  3  4  72       
PG12  13002.011466   8038.975733  21441.215838   -472.710972  6  3  4  81       
PG13   8514.098287  13677.004855 -21357.516181    620.526844  5  5  3  82       
PG14 -13468.529631  20602.742218  -9712.363521    311.609032  2  4  5  78       
PG15  18683.617390   6612.368814 -18265.680939    122.189646  6  5  6  72       
PG16  -1794.571676 -22688.539680 -13629.385949   -374.119862  7  5  5  68       
PG17 -19466.940755  13038.782768  13077.246187    718.575915  4  3  5  60       
PG18  16338.552406  -3283.499881 -20708.587064   -543.522961  8  4  5  84       
PG19 -11043.572581  14751.567141  18802.783894    433.250056  6  3  4  64       
PG20   1580.202219  26019.459446  -5481.056321    389.524543  2  4  6  76       
PG21 -21035.940326 -17081.781853    600.027045    136.796478  2  4  6  33       
PG22 -10273.228363  24583.569229  -1578.521401     40.072827  4  2  5  76       
PG23  15014.566899 -13839.671290 -16859.093113    145.070778  7  4  5  25       
PG24  21590.064590  15597.771335   2431.304849   -422.618396  4  3  2  58       
PG25  16077.194458  -4725.859816  20206.206002    486.891636  4  3  6  95       
PG26   2836.145034 -26071.358530  -2795.706111    195.675291  4  4  4  80       
PG27  -5136.610327 -14413.822911 -21991.968786 999999.999999                    
PG28   3217.536710 -16582.596819  20474.103877   -113.675128  4  3  4  73       
PG29  26273.303702  -4074.448531   1173.702254   -607.944397  9  4  2  80       
PG30  -9682.960538  12465.514323 -21220.923213   -439.429098  5  5  5 100       
PG31  -4940.543623 -20834.319574  15239.313063   -227.557821  5  3  3  34       
PG32  15725.055488 -15249.479885  15068.473269   -608.441895  4  4  2  95       
*  2024  1 29 13  0  0.00000000
PG01 -21936.450932 -11680.225582   9493.749697    167.586222  4  4  7  90       
PG02 -22402.678710 -14362.479286   2633.640357   -493.636610  3  3  5  56       
PG03 -12621.482461  -9301.281228  21317.773812    158.512695  4  5     57       
PG04 -22367.331958  -3454.507315  14020.064811    278.361863  7  4  7  66       
PG05   7800.937328  20085.223455 -15639.693314   -159.783159  7  5  4  63       
PG06  -2515.977678  16231.703936  20916.209354    427.348865  2  6  4  55       
PG07 -19151.022243    372.407156 -18108.215945    -49.116587     4     79       
PG08 -16155.768754  -8659.006548 -19457.022188   -164.460254  2  5  6 105       
PG09 -25446.049109   7162.385102   2811.729681     74.531390  5  4  5  71       
PG10  10691.123396 -22253.721964  -9141.116701    -71.220831  6  2  2  50       
PG11   8066.046082  21190.888917  13896.457125   -557.329068  4  3  4  65       
PG12  12221.976119  10394.912350  20893.715072   -472.714658  6  3  4  78       
PG13   6121.237545  14076.759175 -21896.530380    620.530167  5  5  3  85       
PG14 -13406.302031  19313.394707 -12153.886457    311.618151  2  4  6  74       
PG15  16863.221120   7624.454001 -19610.515182    122.193251  5  5  5  85       
PG16  -1142.569907 -23939.902785 -11259.350319   -374.112515  7  4  5  64       
PG17 -20764.085831  13169.028757  10660.177961    718.574937  6  3  5  60       
PG18  17930.895309  -1622.654308 -19573.133211   -543.530922  8  3  5  73       
PG19 -13138.030657  14994.464859  17179.668991    433.254744  5  3  5  82       
PG20   1290.033677  26477.089812  -2704.116367    389.523096     3  6  84       
PG21 -20814.176759 -17134.928196  -2199.140824    136.795873  1  4  5  63       
PG22 -10370.831892  24143.986997  -4392.599077     40.067257  4  2  5  53       
PG23  14735.909310 -11820.672912 -18569.683219    145.077777  8  4  5  49       
PG24  21533.915687  15934.035868   -342.873800   -422.624446  5  4  3  62       
PG25  15646.224402  -2328.861517  20961.297390    486.892756  4  4  6  95       
PG26   3220.633425 -26159.207058     15.880431    195.671888  4  4  4  75       
PG27  -2785.451883 -15114.259918 -21906.290416 999999.999999                    
PG28   5061.381355 -15056.120154  21264.163856   -113.685972  4  3  4  71       
PG29  26023.921798  -3803.861813   4028.251745   -607.943891  9  5  2  79       
PG30 -11485.444691  10781.061881 -21268.403033   -439.424742  5  5  5  93       
PG31  -3436.547392 -19649.286622  17123.051145   -227.557777  4  3  3  52       
PG32  17289.674763 -15525.574240  12865.911664   -608.444196  4  5  3 100       
*  2024  1 29 13 15  0.00000000
PG01 -22575.649415 -12414.969327   6802.763770    167.587305  4  4  6  91       
PG02 -22348.214851 -14587.172180   -216.952767   -493.631395  4  3  5  76       
PG03 -12162.166115 -11667.099076  20418.292925    158.535257  4  5  1  52       
PG04 -20794.923600  -4159.694145  16085.954099    278.370567  6  4  7  57       
PG05   7435.331388  21694.984731 -13488.771881   -159.784829  6  4  4  50       
PG06  -4397.976786  14709.622958  21727.317311    427.336297  2  6  4  55       
PG07 -20634.561058  -1053.135170 -16461.899386    -49.124816     4     85       
PG08 -14095.785225  -9597.395613 -20553.718846   -164.461455  2  6  6 102       
PG09 -25086.109525   6743.284355   5604.600842     74.542581  5  4  6 120       
PG10  10684.055974 -21010.399961 -11707.190544    -71.222652  6  2  2  64       
PG11   6689.527680  20173.801198  15983.533136   -557.341238  4  4  4  71       
PG12  11585.407635  12705.158150  19977.775547   -472.717957  6  3  4  79       
PG13   3713.040358  14614.979128 -22066.350348    620.534091  5  6  3  84       
PG14 -13354.894661  17763.311692 -14384.008796    311.627243  2  4  5  85       
PG15  14980.613621   8787.166920 -20632.806577    122.196900  5  5  5  87       
PG16   -624.601814 -24954.865651  -8693.816253   -374.105486  7  3  5  62       
PG17 -21785.875640  13287.435673   8064.526604    718.573785  7  3  6  53       
PG18  19498.684482   -148.623544 -18102.160117   -543.538876  8  3  5  87       
PG19 -15020.429352  15297.682936  15252.674756    433.259319  5  3  5  68       
PG20   1023.739282  26633.313149    118.925982    389.521893     3  5  81       
PG21 -20338.840866 -17028.002062  -4962.418264    136.794212  1  4  5  62       
PG22 -10413.384268  23405.236759  -7131.717864     40.061462  4  2  5  80       
PG23  14542.322118  -9616.195819 -19958.185138    145.084785  8  4  5  72       
PG24  21241.390216  16094.199085  -3111.339354   -422.630545  4  4  3  65       
PG25  15324.099130    149.137613  21343.252623    486.893912  4  4  6  98       
PG26   3570.375260 -25946.552834   2827.172576    195.668483  4  4  3  68       
PG27   -499.030161 -15929.894731 -21452.030125 999999.999999                    
PG28   7036.601705 -13585.496840  21687.578095   -113.696801  4  2  4  83       
PG29  25482.595915  -3432.468986   6813.826654   -607.943424  8  5  2  82       
PG30 -13352.247029   9196.429922 -20946.044727   -439.420362  5  5  4  93       
PG31  -1726.992304 -18410.872957  18702.941026   -227.557847  4  4  3  77       
PG32  18595.276726 -15789.621665  10441.975941   -608.446496  4  5  3  99       
*  2024  1 29 13 30  0.00000000
PG01 -23008.263536 -12920.851518   3995.795351    167.588426  5  5  6  89       
PG02 -22029.294762 -14651.353070  -3063.815104   -493.626278  5  3  4  72       
PG03 -11847.907106 -13931.029683  19164.090205    158.557816  4  5  2  81       
PG04 -19059.470085  -5028.966043  17876.795670    278.379255  5  4  7  73       
PG05   7170.289220  23067.634623 -11106.930528   -159.785739  5  4  4  76       
PG06  -6419.141929  13255.193225  22166.428454    427.323730  2  6  3  61       
PG07 -22019.673893  -2276.283799 -14527.655055    -49.133154     4     89       
PG08 -11990.954144 -10688.141488 -21302.514607   -164.464141  2  5  5 105       
PG09 -24467.521479   6172.867949   8301.154263     74.553802  4  4  6  49       
PG10  10715.574607 -19486.980133 -14066.180873    -71.223422  7  2  2  45       
PG11   5089.069093  19092.860078  17796.572839   -557.353363  4  4  4  38       
PG12  11091.894522  14920.403991  18710.125234   -472.721435  6  2  4  78       
PG13   1337.356540  15283.365129 -21863.512354    620.536988  5  6  3  84       
PG14 -13347.841261  15976.677834 -16364.129215    311.636355  3  4  5  73       
PG15  13078.076756  10091.841576 -21315.937275    122.200401  5  5  5  85       
PG16   -214.242220 -25701.948331  -5976.532849   -374.098232  7  3  5  87       
PG17 -22522.168646  13354.732057   5333.220370    718.572832  8  3  5   9       
PG18  20996.810030   1125.823348 -16321.297505   -543.546719  8  3  5  80       
PG19 -16659.663385  15627.044963  13055.694846    433.263969  5  2  5  56       
PG20    744.957422  26485.750401   2939.948584    389.520379     2  5  77       
PG21 -19594.488262 -16794.678482  -7644.197211    136.793288  2  3  4  81       
PG22 -10438.503859  22369.738328  -9748.476590     40.055343  4  3  4  58       
PG23  14458.284439  -7268.038845 -21000.947536    145.091769  8  4  6  86       
PG24  20696.670261  16109.592090  -5827.887627   -422.636462  5  5  4  47       
PG25  15123.091127   2659.528300  21345.917577    486.895044  3  4  6  95       
PG26   3920.124152 -25433.247621   5588.583698    195.665104  4  4  3  78       
PG27   1680.347293 -16838.141403 -20635.405489 999999.999999                    
PG28   9108.012041 -12204.727963  21737.019793   -113.707598  3  2  5  82       
PG29  24671.313153  -2928.064883   9482.646355   -607.942826  7  5  3  94       
PG30 -15244.543381   7738.666527 -20260.302702   -439.415937  5  5  4  79       
PG31    169.260037 -17161.996988  19951.419526   -227.558135  4  4  3  75       
PG32  19628.194665 -16002.458085   7837.845612   -608.448701  5  5  3 100       
*  2024  1 29 13 45  0.00000000
PG01 -23202.080083 -13221.709999   1121.003759    167.589496  6  5  6  75       
PG02 -21428.755275 -14588.556896  -5858.324559   -493.620916  5  3  4  83       
PG03 -11666.630943 -16045.546648  17577.482157    158.580372  4  5  3  62       
PG04 -17205.033711  -6069.654657  19361.751150    278.387935  3  4  7  54       
PG05   6975.824352  24173.440694  -8534.535120   -159.787251  4  3  5  74       
PG06  -8542.453281  11903.175797  22226.400448    427.311152  2  6  2  72       
PG07 -23264.073221  -3296.870674 -12341.031961    -49.141155     4     80       
PG08  -9886.557297 -11919.824426 -21689.653771   -164.465329  2  6  5  96       
PG09 -23619.333762   5426.292200  10854.897466     74.565175  4  4  6  48       
PG10  10820.179728 -17711.074910 -16176.256792    -71.224922  7  2  3  79       
PG11   3279.641204  17990.400267  19304.470704   -557.365525  4  4  4  66       
PG12  10732.818553  16993.433091  17113.748214   -472.724788  5  2  5  61       
PG13   -959.863024  16065.693426 -21290.725512    620.540531  6  6  3  77       
PG14 -13414.479127  13984.912692 -18060.095365    311.645489  3  4  6  82       
PG15  11196.315756  11522.528745 -21648.614213    122.204073  5  5  4  74       
PG16    119.926008 -26156.934444  -3154.409683   -374.090832  7  2  5  16       
PG17 -22971.304486  13331.407256   2511.807249    718.571984  8  3  5  62       
PG18  22379.976724   2196.482377 -14261.378944   -543.554698  8  3  5  72       
PG19 -18032.733736  15944.597223  10627.567198    433.269075  6  2  6  63       
PG20    417.725371  26040.573294   5710.932110    389.519185        5  53       
PG21 -18573.412254 -16471.486862 -10199.475806    136.792322  3  3  4  84       
PG22 -10483.108514  21048.759713 -12197.040852     40.050138  3  3  3  70       
PG23  14501.075363  -4822.534290 -21680.400289    145.098749  7  5  6  73       
PG24  19891.156111  16014.819173  -8447.545931   -422.642452  5  5  4  53       
PG25  15047.493709   5152.352430  20970.098796    486.896164  3  4  6  81       
PG26   4304.088456 -24627.906363   8251.299944    195.661696  4  4  4  79       
PG27   3714.821632 -17809.763227 -19468.718748 999999.999999                    
PG28  11235.112538 -10941.684550  21411.619909   -113.718485  2  2  5  84       
PG29  23619.416670  -2263.535339  11988.848693   -607.942200  6  6  3  93       
PG30 -17120.271900   6427.739126 -19223.938050   -439.411564  5  4  3  92       
PG31   2225.471545 -15942.812489  20847.045528   -227.558013  3  4  3  83       
PG32  20383.380491 -16124.340241   5098.070849   -608.450954  5  5  3  93       
*  2024  1 29 14  0  0.00000000
PG01 -23131.415157 -13347.792995  -1772.755330    167.590398  6  6  6  79       
PG02 -20537.685664 -14435.608581  -8552.142532   -493.615961  6  3  4  70       
PG03 -11598.567569 -17967.325710  15686.512115    158.602909  4  5  4  73       
PG04 -15277.644488  -7280.937400  20515.142537    278.396579  2  4  7  71       
PG05   6817.639130  24990.215082  -5815.396666   -159.788839  3  2  5  65       
PG06 -10725.499573  10681.726990  21906.540815    427.298590  1  6  2  71       
PG07 -24328.182752  -4123.030421  -9941.491653    -49.149369     4     78       
PG08  -7826.029002 -13273.235044 -21707.369444   -164.467198  2  6  5  90       
PG09 -22576.426807   4485.215758  13221.696827     74.576496  4  5  6  31       
PG10  11027.344243 -15718.068007 -18000.098089    -71.226832  7  2  3  80       
PG11   1284.321065  16906.515096  20481.327673   -557.377652  5  5  3  73       
PG12  10491.853405  18880.816282  15217.406726   -472.728176  5  2  5  74       
PG13  -3136.118865  16938.357557 -20356.876615    620.543605  5  6  3  65       
PG14 -13578.683379  11825.593534 -19442.796102    311.654613  3  3  6  82       
PG15   9373.107370  13056.436092 -21625.032749    122.207565  5  4  4  85       
PG16    412.904706 -26303.882649   -276.705390   -374.083647  7  3  5  45       
PG17 -23140.126670  13179.356023   -352.228335    718.570594  8  3  5  62       
PG18  23604.387017   3067.662472 -11957.899613   -543.562606  8  3  5  72       
PG19 -19125.493148  16210.242616   8011.333053    433.273628  7  3  6  70       
PG20      8.046889  25312.257122   8384.751566    389.517926     1  4  72       
PG21 -17276.187232 -16096.390664 -12584.542739    136.791313  4  3  3  99       
PG22 -10581.806674  19462.199672 -14433.980088     40.044118  3  3  2  66       
PG23  14680.060964  -2328.927137 -21985.329984    145.105801  7  5  6  74       
PG24  18823.852043  15846.313551 -10927.228070   -422.648511  5  5  5  61       
PG25  15093.500847   7578.102867  20223.486734    486.897328  3  5  6  88       
PG26   4754.349126 -23547.630881  10768.212026    195.658262  4  4  4  86       
PG27   5572.261661 -18809.898712 -17970.262255 999999.999999                    
PG28  13373.486503  -9817.137642  20716.983327   -113.729326  1  2  5  86       
PG29  22362.495794  -1418.108447  14289.275057   -607.941796  5  6  3  95       
PG30 -18935.650725   5275.951542 -17855.732978   -439.407266  5  4  2  83       
PG31   4407.919385 -14789.149277  21374.863063   -227.558124  3  5  3  88       
PG32  20864.498107 -16116.627311   2269.825842   -608.453186  6  5  3  84       
*  2024  1 29 14 15  0.00000000
PG01 -22778.106003 -13334.390965  -4636.726324    167.591438  7  6  5  50       
PG02 -19356.009186 -14231.088641 -11098.054621   -493.610756  6  4  3  74       
PG03 -11617.164587 -19658.751442  13524.417090    158.625461  3  4  4  59       
PG04 -13323.644323  -8653.687099  21316.901470    278.405232  2  5  6  73       
PG05   6658.610427  25504.115096  -2996.049683   -159.789570  1  2  5  45       
PG06 -12921.941621   9611.435544  21212.595952    427.285991  1  6  2  55       
PG07 -25176.599261  -4770.566142  -7371.611214    -49.157653     4  1  62       
PG08  -5849.446624 -14721.934709 -21354.089845   -164.468670  2  6  4  85       
PG09 -21378.164729   3338.726498  15360.550156     74.587756  4  5  6  64       
PG10  11360.182845 -13549.843855 -19505.608524    -71.227114  8  2  3  49       
PG11   -866.392901  15877.524027  21306.892670   -557.389752  5  5  4  57       
PG12  10345.781242  20544.450519  13055.055830   -472.731661  4  2  5  72       
PG13  -5153.795032  17871.201724 -19076.941906    620.546993  5  6  3  79       
PG14 -13857.831794   9541.147377 -20488.656274    311.663754  3  3  6  88       
PG15   7642.056169  14664.615780 -21244.980167    122.211116  5  4  4  87       
PG16    701.701477 -26135.831956   2605.863625   -374.076310  7  3  4  41       
PG17 -23043.697101  12863.505075  -3210.206528    718.569606  8  3  5  65       
PG18  24629.373271   3751.807287  -9450.403178   -543.570539  7  3  5  37       
PG19 -19933.034539  16383.474273   5253.407001    433.277946  7  3  6  29       
PG20   -514.617611  24323.033892  10915.950139    389.516381     1  4  76       
PG21 -15711.939864 -15707.285116 -14757.693815    136.789861  5  3  3  96       
PG22 -10765.355676  17638.038731 -16419.098157     40.038511  3  3  1  77       
PG23  14996.306264    162.348090 -21911.039124    145.112835  7  5  6  91       
PG24  17501.485278  15640.855122 -13226.344285   -422.654544  5  5  5  56       
PG25  15249.435050   9889.491009  19120.434751    486.898455  3  5  6  86       
PG26   5299.363789 -22217.398157  13094.817308    195.654850  4  4  4  85       
PG27   7227.344133 -19799.328142 -16164.125207 999999.999999                    
PG28  15476.357408  -8844.074776  19665.092355   -113.740148  1  2  5  94       
PG29  20941.046131   -378.365033  16344.215064   -607.941093  4  5  3  89       
PG30 -20646.760867   4287.672717 -16180.103245   -439.402921  5  4  2  65       
PG31   6677.069946 -13731.156094  21526.623364   -227.558295  2  5  3  90       
PG32  21083.683778 -15943.445701   -597.903276   -608.455444  6  5  3  80       
*  2024  1 29 14 30  0.00000000
PG01 -22132.222429 -13220.308579  -7423.021082    167.592332  7  6  5  61       
PG02 -17892.743750 -14013.705754 -13450.834047   -493.605371  6  4  3  85       
PG03 -11690.270551 -21089.200195  11129.008444    158.648010  4  3  4  87       
PG04 -11388.025620 -10170.646223  21752.928546    278.413862  3  5  6  78       
PG05   6460.401991  25710.138558   -124.970068   -159.791098  1  1  5  54       
PG06 -15083.128211   8704.660476  20156.636344    427.273422  2  5  3  49       
PG07 -25779.374007  -5262.034612  -4676.272625    -49.165618     4  2  44       
PG08  -3992.139625 -16233.107100 -20634.550184   -164.469289  3  6  4  83       
PG09 -20066.881765   1983.983881  17234.310964     74.598993  4  6  6  57       
PG10  11834.394243 -11253.260577 -20666.517425    -71.228015  8  2  3  74       
PG11  -3135.551493  14934.597300  21766.910260   -557.401868  5  6  5  82       
PG12  10265.588776  21952.879966  10665.167194   -472.735111  4  2  5  71       
PG13  -6981.417672  18828.619491 -17471.803178    620.550230  5  6  2  78       
PG14 -14262.040435   7177.364983 -21180.026150    311.672857  3  3  6  85       
PG15   6031.499515  16312.879001 -20513.877280    122.214844  5  4  4  81       
PG16   1023.642759 -25655.162439   5442.076681   -374.069257  7  3  4  44       
PG17 -22704.705310  12353.360126  -6013.043512    718.568132  8  3  4  63       
PG18  25418.918394   4268.807961  -6781.808368   -543.578466  7  4  5  55       
PG19 -20459.707032  16425.133929   2402.678992    433.282897  8  4  6  70       
PG20  -1175.994133  23102.066852  13261.484441    389.514920  1  2  3  76       
PG21 -13898.324836 -15340.462246 -16679.973269    136.788632  5  3  2  94       
PG22 -11059.252236  15611.469440 -18116.238318     40.032954  3  4     71       
PG23  15442.524892   2601.425502 -21459.388750    145.119845  6  4  6  86       
PG24  15938.358734  15434.100870 -15307.363926   -422.660586  5  5  5  57       
PG25  15496.308226  12043.108462  17681.604489    486.899583  3  5  6  79       
PG26   5962.621947 -20669.137868  15190.069871    195.651481  4  5  4  88       
PG27   8662.390695 -20735.939678 -14079.896840 999999.999999                    
PG28  17496.245966  -8027.328922  18274.099164   -113.750986  2  2  5  91       
PG29  19398.949872    861.032349  18118.097930   -607.940465  4  6  3  97       
PG30 -22211.132236   3459.382536 -14226.619579   -439.398583  5  3  2  74       
PG31   8988.982683 -12792.200050  21300.865143   -227.558638  2  5  3  88       
PG32  21060.978376 -15573.269318  -3455.182192   -608.457650  6  5  4  86       
*  2024  1 29 14 45  0.00000000
PG01 -21192.478518 -13046.235328 -10085.349095    167.593389  8  6  4  83       
PG02 -16165.918985 -13820.638541 -15568.110765   -493.600379  7  5  2  91       
PG03 -11781.538600 -22236.051885   8541.980205    158.670574  4  3  4  70       
PG04  -9512.826995 -11806.921397  21815.355718    278.422519  4  5  5  62       
PG05   6185.141327  25612.290982   2748.255458   -159.792683  2  1  5  71       
PG06 -17159.803907   7965.192608  18756.840941    427.260826  2  5  4  44       
PG07 -26113.071940  -5625.597417  -1901.856195    -49.174328     4  3  41       
PG08  -2283.471207 -17768.675061 -19559.802712   -164.472521  3  6  4  90       
PG09 -18686.261459    426.549348  18810.350773     74.610204  4  6  6  65       
PG10  12457.521210  -8878.431821 -21462.855806    -71.229815  8  2  3  65       
PG11  -5480.975280  14102.590192  21853.368679   -557.414004  5  6  5  58       
PG12  10217.793209  23082.349581   8089.980157   -472.738232  3  2  6  79       
PG13  -8594.691984  19770.881074 -15567.966459    620.553429  5  6  2  67       
PG14 -14793.698900   4781.796006 -21505.460097    311.682031  3  3  6  82       
PG15   4563.597950  17962.910222 -19442.755457    122.218499  5  3  4  61       
PG16   1414.650218 -24873.587089   8181.202883   -374.062212  7  3  3  77       
PG17 -22152.586271  11624.411746  -8712.083731    718.567486  7  4  4  57       
PG18  25943.008636   4645.035014  -3997.686268   -543.586424  6  4  4  45       
PG19 -20718.760997  16299.119183   -490.428905    433.287642  8  5  6  49       
PG20  -1995.822236  21684.377342  15381.430722    389.513588  3  2  3  56       
PG21 -11861.189862 -15029.098081 -18315.928589    136.787398  6  3  2  95       
PG22 -11482.517899  13423.730787 -19494.041590     40.027090  3  4     70       
PG23  16003.365686   4940.733321 -20638.726439    145.126848  6  4  6  73       
PG24  14155.946174  15259.176617 -17136.329496   -422.666622  5  5  5  37       
PG25  15808.685801  14000.915860  15933.491811    486.900733  3  5  5  68       
PG26   6761.509662 -18940.538000  17017.157690    195.648085  4  5  4  81       
PG27   9867.923864 -21576.344505 -11752.262915 999999.999999                    
PG28  19386.663535  -7363.533715  16568.010753   -113.761839  3  3  5  92       
PG29  17781.833771   2296.922175  19580.118151   -607.939870  4  6  3  90       
PG30 -23589.271980   2780.027620 -12029.450102   -439.394235  5  3  1  76       
PG31  11296.882536 -11988.064287  20702.856650   -227.558945  2  6  3  82       
PG32  20823.450057 -14980.349291  -6252.027733   -608.459886  7  4  5  79       
*  2024  1 29 15  0  0.00000000
PG01 -19966.335981 -12853.074441 -12579.704202    167.594490  8  6  3  78       
PG02 -14202.139998 -13685.913760 -17411.226184   -493.595136  7  5  2  84       
PG03 -11851.992842 -23085.394624   5808.159611    158.693175  4  3  4  79       
PG04  -7735.647097 -13530.781734  21502.706024    278.431146  5  5  5  77       
PG05   5797.095150  25223.414136   5573.794408   -159.794365  3  2  4  52       
PG06 -19103.845356   7388.250821  17037.184809    427.248232  3  5  4  62       
PG07 -26161.577710  -5893.690376    904.547366    -49.182373     4  3  40       
PG08   -745.841896 -19286.645906 -18147.118615   -164.473688  3  6  4  97       
PG09 -17279.671190  -1319.610866  20061.146502     74.621371  4  6  5  70       
PG10  13228.558578  -6476.890868 -21881.297321    -71.231161  7  2  3  72       
PG11  -7856.679753  13399.131509  21564.643856   -557.426109  6  6  5  83       
PG12  10165.940006  23917.553587   5374.698917   -472.742113  2  2  6  72       
PG13  -9977.276183  20655.643240 -13397.182882    620.556535  5  6  2  72       
PG14 -15447.321625   2402.088500 -21459.881637    311.691165  3  4  6  91       
PG15   3253.643135  19573.547539 -18048.165543    122.221903  5  2  4  57       
PG16   1907.556173 -23811.766968  10774.010650   -374.055048  6  3  3  81       
PG17 -21422.372572  10659.340580 -11259.960273    718.566750  7  4  4  60       
PG18  26178.768879   4912.127576  -1145.499703   -543.594331  5  4  5  52       
PG19 -20731.640455  15973.966762  -3374.927174    433.292130  8  5  6  69       
PG20  -2986.910315  20109.563711  17239.642173    389.512320  4  2  3  79       
PG21  -9633.924718 -14801.820961 -19634.363461    136.786511  6  3  2  93       
PG22 -12046.736761  11120.685728 -20526.636277     40.021759  3  4     78       
PG23  16656.022351   7136.621164 -19463.703670    145.133868  5  4  6  73       
PG24  12182.245611  15145.375770 -18683.321193   -422.672633  6  4  4  35       
PG25  16155.811954  15731.501532  13907.850079    486.901848  3  5  5  69       
PG26   7706.432460 -17073.629521  18544.188410    195.644683  4  5  5  84       
PG27  10842.913573 -22277.582302  -9220.494734 999999.999999                    
PG28  21103.776658  -6841.406065  14576.271908   -113.772658  4  3  4  91       
PG29  16135.367335   3917.557013  20704.783922   -607.939062  5  6  3  86       
PG30 -24746.077877   2231.668246  -9626.736410   -439.389944  4  2  2  54       
PG31  13552.833996 -11326.471304  19744.406852   -227.558920  2  6  3  83       
PG32  20404.039438 -14145.931914  -8939.324517   -608.462047  7  3  5  98       
*  2024  1 29 15 15  0.00000000
PG01 -18469.800786 -12680.289065 -14865.003146    167.595583  8  6  3  91       
PG02 -12035.802838 -13638.890375 -18946.050838   -493.589668  7  5  2  79       
PG03 -11861.694443 -23632.398752   2974.714870    158.715754  5  4  5  56       
PG04  -6088.333549 -15304.732809  20819.946364    278.439809  5  5  5  88       
PG05   5264.276087  24564.678874   8302.452432   -159.795440  3  3  4  37       
PG06 -20869.961829   6960.811761  15027.035267    427.235591  3  5  4  65       
PG07 -25916.628401  -6101.566900   3695.894837    -49.190725  1  4  4  71       
PG08    606.042514 -20742.638163 -16419.777029   -164.475596  4  5  4  81       
PG09 -15888.517124  -3232.453215  20964.781150     74.632564  4  6  5  74       
PG10  14137.923357  -4099.714741 -21915.358730    -71.232870  7  3  3  82       
PG11 -10214.451892  12834.001347  20905.536597   -557.438199  6  7  6  63       
PG12  10072.208838  24452.054825   2566.654830   -472.745487  1  3  6  73       
PG13 -11121.259753  21439.587681 -10995.972872    620.559989  5  6  3  39       
PG14 -16209.718896     84.337346 -21044.634351    311.700308  3  4  6  70       
PG15   2109.609854  21102.189727 -16352.014609    122.225538  4  2  4  77       
PG16   2530.534264 -22498.559573  13173.765306   -374.047848  6  3  2  79       
PG17 -20553.318578   9448.967479 -13611.467941    718.565609  6  5  4  46       
PG18  26111.338926   5105.586708   1726.183760   -543.602303  4  3  5  45       
PG19 -20526.956816  15424.245437  -6200.221153    433.296931  8  5  6  56       
PG20  -4154.454900  18420.359455  18804.347992    389.510909  4  3  3  57       
PG21  -7256.500837 -14681.422217 -20609.069259    136.785267  7  3  2  84       
PG22 -12755.394209   8751.194195 -21194.236241     40.016056  3  3  2  69       
PG23  17371.139986   9150.828337 -17954.988272    145.140876  5  4  6  84       
PG24  10050.913541  15117.006778 -19922.871140   -422.678660  5  4  4  59       
PG25  16502.943888  17211.064509  11641.029223    486.902966  3  5  5  67       
PG26   8800.233349 -15113.210745  19744.768242    195.641310  4  5  5  96       
PG27  11594.696871 -22798.851772  -6527.832785 999999.999999                    
PG28  22607.978588  -6442.344421  12333.253501   -113.783563  5  4  4  86       
PG29  14503.566563   5702.852796  21472.377717   -607.938571  5  6  2  82       
PG30 -25652.085105   1790.386937  -7059.916214   -439.385595  4  2  3  56       
PG31  15709.447543 -10806.944612  18443.556212   -227.559237  2  6  3  89       
PG32  19840.171819 -13059.211212 -11469.739183   -608.464240  7  3  6  82       
*  2024  1 29 15 30  0.00000000
PG01 -16726.924351 -12564.322358 -16903.672495    167.596771  8  7  4  67       
PG02  -9707.982534 -13702.917970 -20143.740651   -493.584392  7  5  3  87       
PG03 -11771.441642 -23881.349960     90.335104    158.738381  5  5  5  80       
PG04  -4595.897859 -17086.827246  19778.430558    278.448468  5  5  5  93       
PG05   4559.914793  23664.758815  10886.559072   -159.797160  4  4  4  57       
PG06 -22417.297215   6662.259601  12760.662735    427.222983  3  5  4  53       
PG07 -25378.063443  -6285.771855   6425.909995    -49.199026  1  4  4  61       
PG08   1765.605213 -22091.533819 -14406.738560   -164.476949  4  5  3  87       
PG09 -14550.684282  -5282.504220  21505.347402     74.643750  5  5  5  70       
PG10  15167.784871  -1795.686538 -21565.458884    -71.234521  7  3  4  77       
PG11 -12505.519026  12408.822262  19887.201687   -557.450343  6  7  6  47       
PG12   9899.061533  24688.365006   -285.547906   -472.749103     3  6  53       
PG13 -12027.323427  22080.127267  -8405.056839    620.563182  6  6  4  54       
PG14 -17060.478552  -2128.495164 -20267.420352    311.709444  4  4  6  82       
PG15   1131.971980  22506.285276 -14381.326081    122.228791  4  2  5  57       
PG16   3305.718008 -20969.928307  15337.186187   -374.040378  6  3  2  80       
PG17 -19587.345394   7992.901753 -15724.430820    718.564587  6  5  4  67       
PG18  25734.458903   5263.226441   4568.493535   -543.610234  4  3  5  53       
PG19 -20139.191559  14631.701925  -8917.048216    433.301344  8  5  6  57       
PG20  -5495.650397  16661.083527  20048.685528    389.509133  4  3  3  80       
PG21  -4774.221576 -14683.770202 -21219.511590    136.784322  7  3  3  85       
PG22 -13603.553588   6365.345563 -21483.626415     40.010272  4  3  2  70       
PG23  18113.981269  10951.739238 -16138.879214    145.147874  4  4  6  80       
PG24   7800.208481  15192.426347 -20834.326252   -422.684676  5  4  4  68       
PG25  16812.836084  18424.089590   9173.249817    486.904093  4  5  5  69       
PG26  10037.929276 -13105.178515  20598.462083    195.637912  4  5  5  85       
PG27  12138.565958 -23103.196876  -3720.770679 999999.999999                    
PG28  23865.307226  -6141.318612   9877.655124   -113.794425  5  4  3  94       
PG29  12927.168822   7624.967281  21869.319763   -607.937961  5  6  3  83       
PG30 -26284.502061   1427.420205  -4373.005363   -439.381298  4  2  3           
PG31  17721.550082 -10421.006714  16824.159904   -227.559271  3  6  3  84       
PG32  19172.191878 -11717.972997 -13798.611506   -608.466447  7  2  6  94       
*  2024  1 29 15 45  0.00000000
PG01 -14769.029438 -12537.144390 -18662.181278    167.597837  8  7  4  76       
PG02  -7265.030725 -13894.233442 -20981.406766   -493.579468  7  5  3  86       
PG03 -11544.437738 -23845.344336  -2795.602911    158.760993  5  5  5  10       
PG04  -3275.698912 -18832.163360  18395.731696    278.457108  5  5  5  92       
PG05   3663.735944  22558.714794  13280.837381   -159.798721  4  4  4  53       
PG06 -23710.874244   6465.330793  10276.673496    427.210302  3  5  4  43       
PG07 -24553.791946  -6482.601542   9049.759101    -49.207238  2  4  4  29       
PG08   2734.512277 -23289.193020 -12142.203345   -164.479115  4  5  3  83       
PG09 -13299.123445  -7433.804573  21673.245492     74.654921  5  5  4  74       
PG10  16292.736993    390.429006 -20838.839369    -71.236533  6  3  4  79       
PG11 -14682.247123  12117.076102  18526.969270   -557.462461  6  7  6  45       
PG12   9610.866106  24637.689667  -3132.886001   -472.752381     3  6  80       
PG13 -12704.569981  22537.115095  -5668.697800    620.566218  6  6  4  47       
PG14 -17972.737360  -4198.026956 -19142.130019    311.718613  4  5  6  68       
PG15    313.794693  23744.854285 -12167.918970    122.232599  4  3  5  57       
PG16   4248.072103 -19267.558091  17225.335078   -374.033139  6  4  3  85       
PG17 -18567.365321   6299.851199 -17560.543848    718.563732  5  5  4  66       
PG18  25050.742487   5423.541045   7333.060844   -543.618065  4  3  5  54       
PG19 -19607.186079  13586.114948 -11478.369064    433.305878  8  6  6  68       
PG20  -6999.605311  14876.039796  20951.157396    389.508348  4  4  3  74       
PG21  -2236.217879 -14816.985190 -21451.445196    136.783102  7  3  3  94       
PG22 -14577.893313   4012.623690 -21388.516245     40.004407  5  3  4  65       
PG23  18845.805745  12515.380744 -14046.832185    145.154887  3  4  6  79       
PG24   5471.777602  15383.290026 -21402.158128   -422.690703  5  4  3  62       
PG25  17047.311549  19363.696080   6547.831207    486.905217  4  5  5  58       
PG26  11406.774934 -11094.836486  21091.126855    195.634502  3  5  6  80       
PG27  12497.033606 -23159.077975   -848.248854 999999.999999                    
PG28  24848.654874  -5908.015785   7251.832674   -113.805295  6  5  3  72       
PG29  11442.142158   9649.187666  21888.426619   -607.937384  5  5  3  81       
PG30 -26627.999515   1110.467562  -1611.851739   -439.376997  4  2  4  44       
PG31  19547.754769 -10152.697695  14915.377961   -227.559376  3  6  3  91       
PG32  18441.684864 -10128.899985 -15884.801484   -608.468642  7  2  6  91       
*  2024  1 29 16  0  0.00000000
PG01 -12633.688903 -12624.973828 -20111.517219    167.599001  8  7  4  84       
PG02  -4756.935380 -14221.151542 -21442.674561   -493.574344  7  5  4  79       
PG03 -11147.863436 -23545.660846  -5633.867207    158.783549  5  5  5  54       
PG04  -2136.927684 -20494.515400  16695.364677    278.465752  5  5  6  92       
PG05   2562.983713  21286.632528  15443.238985   -159.799341  4  5  4  68       
PG06 -24722.827462   6337.317998   7617.372538    427.197669  3  5  4  61       
PG07 -23459.486620  -6726.602786  11524.679021    -49.215331  2  5  5  55       
PG08   3522.456180 -24294.163324  -9665.056770   -164.479218  5  5  4  70       
PG09 -12160.641061  -9645.114670  21465.368618     74.666122  4  5  3  75       
PG10  17480.780182   2419.428375 -19749.353605    -71.237996  6  3  5  43       
PG11 -16699.804205  11944.446343  16848.060616   -557.474535  6  7  6  71       
PG12   9175.434024  24319.354538  -5926.754735   -472.756069  1  3  6  43       
PG13 -13170.027468  22774.489079  -2833.963930    620.569639  6  6  5  34       
PG14 -18914.210098  -6091.718403 -17688.568431    311.727771  4  5  6  69       
PG15   -358.893365  24779.990699  -9748.002484    122.235822  4  4  5   9       
PG16   5364.569813 -17437.237185  18804.409633   -374.025870  6  4  3  85       
PG17 -17535.552417   4387.570555 -19086.166263    718.563016  5  5  3  74       
PG18  24071.627965   5624.049973   9972.815061   -543.626052  4  3  4  55       
PG19 -18972.484814  12285.826427 -13840.194915    433.310565  7  6  6  51       
PG20  -8647.569984  13107.924669  21496.006195    389.506863  5  4  2  48       
PG21    306.260816 -15080.925630 -21297.428526    136.782370  7  3  3  92       
PG22 -15657.110419   1740.083402 -20909.745116     39.998664  5  3  4  81       
PG23  19525.408179  13826.126647 -11714.905451    145.161880  3  4  6  67       
PG24   3109.324753  15694.045753 -21616.217637   -422.696703  5  4  3  62       
PG25  17168.856021  20031.655573   3810.391944    486.906294  4  4  5  74       
PG26  12886.648328  -9125.250552  21215.114022    195.631152  3  4  6  86       
PG27  12698.799363 -22941.759054   2039.228411 999999.999999                    
PG28  25538.723273  -5708.196986   4501.062842   -113.816159  6  5  3  74       
PG29  10078.387541  11735.095121  21529.058778   -607.936799  5  5  4  74       
PG30 -26675.227047    805.126457   1176.627053   -439.372751  3  3  4  39       
PG31  21151.871945  -9979.386327  12751.087655   -227.559695  3  6  4  86       
PG32  17689.754059  -8307.522023 -17691.472122   -608.470878  7  3  6  68       
*  2024  1 29 16 15  0.00000000
PG01 -10363.492467 -12847.216433 -21227.604543    167.600128  8  7  4  81       
PG02  -2235.508844 -14683.592974 -21518.109554   -493.569002  7  5  4  95       
PG03 -10554.294566 -23010.838480  -8376.189114    158.806126  6  5  5  63       
PG04  -1180.414374 -22028.033142  14706.401855    278.474397  5  5  6  96       
PG05   1253.152006  19892.066810  17335.726261   -159.800834  4  5  3  66       
PG06 -25433.378989   6241.487832   4828.065581    427.184936  3  5  4  70       
PG07 -22118.021227  -7049.160326  13810.556412    -49.223774  3  5  5  60       
PG08   4146.612448 -25069.313557  -7018.209430   -164.481396  5  6  4  83       
PG09 -11154.940487 -11871.335602  20885.171364     74.677252  4  5  3  81       
PG10  18694.568593   4258.971645 -18317.134342    -71.238622  6  3  5  70       
PG11 -18517.725558  11869.473278  14879.202083   -557.486660  5  7  6  87       
PG12   8565.413092  23759.941652  -8619.775811   -472.759292  2  3  6  46       
PG13 -13447.839748  22761.785388     50.078286    620.572671  5  6  5  74       
PG14 -19848.434920  -7783.903275 -15932.085448    311.736853  4  5  6  83       
PG15   -906.453776  25578.290290  -7161.683539    122.239294  4  5  4  31       
PG16   6653.715058 -15527.077165  20046.418691   -374.018687  6  4  3  83       
PG17 -16531.630996   2282.440078 -20273.043912    718.562435  5  5  4  79       
PG18  22817.008782   5899.682626  12442.760186   -543.634030  4  3  5  62       
PG19 -18277.602081  10737.933263 -15962.335484    433.315269  7  6  6  76       
PG20 -10413.469576  11396.301989  21673.500207    389.505674  5  5  2  77       
PG21   2801.696145 -15467.025226 -20757.208891    136.781026  7  4  4  85       
PG22 -16812.678943   -409.380941 -20055.328399     39.992947  5  3  5  78       
PG23  20110.756672  14877.085522  -9183.136205    145.168838  2  3  6  77       
PG24    757.201965  16121.689276 -21471.930908   -422.702753  5  4  3  57       
PG25  17142.172780  20438.087218   1008.039333    486.907417  4  4  5  67       
PG26  14450.738682  -7235.717880  20969.341135    195.627748  3  4  6  90       
PG27  12777.454164 -22434.447547   4890.535154 999999.999999                    
PG28  25924.687366  -5505.210676   1672.757607   -113.827054  6  6  2  55       
PG29   8858.685350  13837.962734  20797.153154   -607.936153  5  5  5  83       
PG30 -26427.040894    476.398280   3945.210888   -439.368442  4  3  5  21       
PG31  22504.111149  -9872.835207  10369.233679   -227.559905  3  6  4  75       
PG32  16955.326846  -6277.810913 -19186.788993   -608.473125  7  3  6  91       
*  2024  1 29 16 30  0.00000000
PG01  -8004.642734 -13215.655533 -21991.661263    167.601302  8  7  4  76       
PG02    247.518718 -15272.978666 -21205.491468   -493.563621  7  4  5  88       
PG03  -9742.912858 -22275.495700 -10976.055623    158.828757  6  5  5  88       
PG04   -398.766698 -23388.945146  12462.986858    278.483067  5  6  6  89       
PG05   -261.613385  18420.354355  18924.984046   -159.802575  4  5  4  78       
PG06 -25831.520344   6138.659081   1956.310287    427.172213  4  5  4  22       
PG07 -20558.675347  -7477.216929  15870.457730    -49.231931  4  5  5  72       
PG08   4630.787183 -25583.323333  -4247.841520   -164.483195  6  6  5  85       
PG09 -10293.952891 -14065.090668  19942.618941     74.688398  3  5  3  65       
PG10  19892.867643   5884.597172 -16568.151957    -71.239342  6  2  6  73       
PG11 -20101.320794  11864.497253  12654.142855   -557.498787  5  7  6  76       
PG12   7759.485631  22992.173405 -11166.563751   -472.762986  3  4  6  51       
PG13 -13568.172326  22475.457402   2933.226917    620.575932  5  6  5  63       
PG14 -20736.185883  -9256.551934 -13903.117631    311.745955  4  5  6  84       
PG15  -1354.733841  26112.149424  -4452.386495    122.242598  4  5  4  50       
PG16   8105.430914 -13585.650976  20929.720877   -374.011417  5  4  4  83       
PG17 -15591.255991     18.682431 -21098.937727    718.561143  5  5  4  89       
PG18  21314.556726   6281.263709  14700.720218   -543.641990  4  3  5  69       
PG19 -17564.284019   8958.137794 -17809.056005    433.320173  6  6  6  78       
PG20 -12264.724816   9776.202254  21480.124325    389.504315  5  5  2  70       
PG21   5200.213979 -15958.505551 -19837.950880    136.779150  7  5  4  70       
PG22 -18009.933812  -2398.596740 -18840.338226     39.987576  5  3  5  81       
PG23  20560.668098  15670.160314  -6494.858253    145.175828  2  4  6  52       
PG24  -1541.030532  16655.793094 -20970.432569   -422.708755  5  4  3  71       
PG25  16935.639783  20600.850753  -1811.436919    486.908536  4  4  5  64       
PG26  16066.504813  -5460.409606  20359.235770    195.624314  3  4  6  87       
PG27  12769.974211 -21629.132196   7654.903961 999999.999999                    
PG28  26004.542570  -5261.603445  -1184.357243   -113.837908  6  6  2  86       
PG29   7797.928066  15910.333771  19705.138398   -607.935680  5  5  6  81       
PG30 -25892.437753     90.209031   6647.138699   -439.364139  4  3  5  70       
PG31  23582.033948  -9800.473093   7811.131295   -227.559898  3  6  4  84       
PG32  16273.560795  -4071.434993 -20344.519816   -608.475383  7  3  6  89       
*  2024  1 29 16 45  0.00000000
PG01  -5605.426637 -13733.922081 -22390.493409    167.602500  8  7  4  76       
PG02   2642.416268 -15972.501378 -20509.922609   -493.558436  7  4  5  56       
PG03  -8700.465786 -21378.938664 -13389.464487    158.851382  6  5  6  92       
PG04    223.165001 -24537.199048  10003.753789    278.491774  5  7  6  96       
PG05  -1968.459952  16916.863565  20183.044583   -159.803967  4  6  3  69       
PG06 -25915.374212   5988.881903   -948.872494    427.159510  4  4  4  51       
PG07 -18816.135911  -8032.165209  17671.110544    -49.240053  4  5  5  76       
PG08   5004.287127 -25811.963623  -1402.565505   -164.484261  6  6  5  86       
PG09  -9581.484612 -16178.405726  18654.017447     74.699562  3  4  4  92       
PG10  21032.160298   7280.414597 -14533.677681    -71.240556  5  1  6  44       
PG11 -21422.868547  11896.853866  10211.083825   -557.510884  5  7  5  68       
PG12   6743.330283  22053.590791 -13524.441146   -472.766412  4  4  6  65       
PG13 -13565.874086  21899.943134   5765.047514    620.579093  5  5  5  68       
PG14 -21536.997812 -10499.740773 -11636.651188    311.755064  4  6  6  89       
PG15  -1733.930374  26360.881241  -1666.186928    122.246102  4  6  4  48       
PG16   9701.318230 -11660.132392  21439.413203   -374.004185  5  5  4  88       
PG17 -14744.557367  -2362.756792 -21548.136999    718.560632  5  5  4  87       
PG18  19598.762062   6794.156423  16708.042508   -543.649927  4  3  5  82       
PG19 -16871.834815   6970.268908 -19349.634938    433.324815  6  6  5  82       
PG20 -14163.332238   8276.899213  20918.671466    389.503140  4  6  2  71       
PG21   7455.474964 -16530.970708 -18554.284742    136.778501  6  5  3  80       
PG22 -19209.434324  -4197.433314 -17286.619185     39.981669  5  4  6  82       
PG23  20836.457722  16215.780068  -3695.972222    145.182812  2  4  5  40       
PG24  -3744.028721  17278.812717 -20118.631109   -422.714743  5  4  3  72       
PG25  16522.616759  20544.667865  -4600.353984    486.909649  4  4  5  68       
PG26  17696.861529  -3827.238365  19396.558334    195.620908  4  4  6  88       
PG27  12715.066235 -20527.076609  10282.920247 999999.999999                    
PG28  25785.122711  -4940.764452  -4021.084990   -113.848759  6  6  1  80       
PG29   6902.670037  17903.719556  18271.733213   -607.935083  5  5  7  64       
PG30 -25088.199449   -385.111368   9236.854610   -439.359841  4  3  5  70       
PG31  24371.228002  -9726.821636   5120.736821   -227.560382  3  5  4  55       
PG32  15674.416934  -1726.703656 -21144.520079   -608.477639  6  3  6  73       
*  2024  1 29 17  0  0.00000000
PG01  -3214.612427 -14397.263635 -22416.723161    167.603706  8  7  5  48       
PG02   4903.292539 -16757.767061 -19443.762737   -493.553161  7  4  5  77       
PG03  -7421.941186 -20363.611586 -15575.632086    158.874008  6  5  6  67       
PG04    707.513188 -25437.974081   7371.161197    278.500389  5  8  6 101       
PG05  -3846.125609  15425.252644  21087.811354   -159.805277  4  6  3  60       
PG06 -25692.221648   5753.154448  -3837.815766    427.146891  4  5  4  60       
PG07 -16929.329745  -8728.944256  19183.336975    -49.248285  4  5  5  74       
PG08   5300.557038 -25739.111399   1467.475704   -164.486338  6  6  6  82       
PG09  -9013.194939 -18164.422450  17041.727907     74.710769  3  5  4  73       
PG10  22068.336259   8439.456167 -12249.667019    -71.241642  4     6  66       
PG11 -22462.552429  11930.275027   7592.026649   -557.523055  5  6  5  51       
PG12   5510.315525  20985.077932 -15654.095012   -472.769484  5  4  5  66       
PG13 -13478.946936  21028.433432   8495.797990    620.582474  4  6  5  74       
PG14 -22210.745072 -11511.813150  -9171.615917    311.764166  4  6  6  67       
PG15  -2077.258888  26311.599701   1148.935645    122.249389  4  7  3  30       
PG16  11415.270071  -9794.519062  21567.562292   -373.997009  5  5  4  89       
PG17 -14014.915385  -4815.622970 -21611.838706    718.559943  5  5  4  85       
PG18  17709.725208   7457.115238  18430.248531   -543.657869  4  3  5  76       
PG19 -16235.571461   4805.498471 -20558.817245    433.329490  5  6  5  93       
PG20 -16067.165624   6920.910827  19998.230875    389.501879  4  6  2  65       
PG21   9526.451435 -17153.370130 -16928.157881    136.777502  6  5  3  71       
PG22 -20368.546941  -5783.821040 -15422.345451     39.975690  5  4  6  84       
PG23  20903.501231  16532.316158   -834.179770    145.189777  2  4  5  51       
PG24  -5814.025588  17966.665670 -18929.200529   -422.720711  5  4  3  78       
PG25  15882.557410  20300.010929  -7311.897273    486.910796  4  4  5  76       
PG26  19301.543333  -2356.991078  18099.112780    195.617517  4  4  6  80       
PG27  12651.434930 -19138.941096  12727.504559 999999.999999                    
PG28  25281.788565  -4508.538937  -6788.607313   -113.859663  5  5  2  64       
PG29   6171.012655  19770.351010  16521.630194   -607.934659  5  5  7  82       
PG30 -24038.263250   -977.445014  11670.729547   -439.355580  5  4  5  84       
PG31  24865.683873  -9615.019906   2343.898696   -227.560328  3  5  4  74       
PG32  15181.459849    712.754434 -21573.094026   -608.479875  6  3  6  88       
*  2024  1 29 17 15  0.00000000
PG01   -879.825065 -15192.622757 -22068.947207    167.604938  7  7  5  88       
PG02   6989.776065 -17597.779425 -18026.389359   -493.548201  6  5  5  78       
PG03  -5910.932966 -19273.447579 -17497.645105    158.896716  6  5  6  84       
PG04   1082.339137 -26063.005484   4610.752261    278.509006  5  9  6  89       
PG05  -5865.577446  13985.807449  21623.469829   -159.807001  4  6  3  73       
PG06 -25178.192498   5395.111485  -6661.039344    427.134178  4  4  4  81       
PG07 -14940.125178  -9575.367882  20382.439913    -49.256570  5  5  4  65       
PG08   5555.640425 -25357.452050   4311.554919   -164.487829  6  6  6  79       
PG09  -8576.904918 -19979.077038  15133.769257     74.721981  3  5  4  60       
PG10  22958.396912   9363.680433  -9756.078990    -71.242676  3     6  75       
PG11 -23209.101669  11926.441460   4842.053717   -557.535160  5  6  5  30       
PG12   4061.903275  19829.288937 -17520.168229   -472.773072  5  4  5  62       
PG13 -13346.884561  19863.304580  11077.355463    620.585790  4  6  5  54       
PG14 -22719.214443 -12299.228583  -6550.220742    311.773225  4  6  6  85       
PG15  -2419.475285  25959.828315   3943.917578    122.253071  3  7  4  63       
PG16  13214.410998  -8028.015670  21313.276796   -373.989437  4  5  5  75       
PG17 -13418.024111  -7290.003602 -21288.377921    718.558948  5  5  5  97       
PG18  15691.743779   8281.392637  19837.621891   -543.665734  4  4  5  83       
PG19 -15685.463901   2501.288710 -21417.161055    433.334538  5  6  5  90       
PG20 -17931.451596   5723.263752  18734.071077    389.500236  4  6  2  72       
PG21  11379.000507 -17789.294095 -14988.481139    136.776344  5  6  3  62       
PG22 -21443.175969  -7144.424288 -13281.431983     39.970015  4  4  6  88       
PG23  20732.651092  16645.206702   2041.806605    145.196717  2  5  5  68       
PG24  -7718.080494  18689.569831 -17420.491954   -422.726727  5  4  3  53       
PG25  15001.890379  19901.804709  -9900.845102    486.911930  4  3  5  47       
PG26  20838.588962  -1062.755502  16490.356218    195.614125  4  4  6  86       
PG27  12616.048505 -17484.522473  14944.856098 999999.999999                    
PG28  24517.799778  -3934.747476  -9439.325161   -113.870466  5  5  1  60       
PG29   5592.829902  21464.915275  14485.070071   -607.933858  4  6  8  69       
PG30 -22772.841870  -1709.647212  13907.749895   -439.351297  5  4  5  76       
PG31  25067.867232  -9428.388623   -472.398940   -227.560405  3  5  4  68       
PG32  14810.933958   3199.524171 -21623.223949   -608.482099  5  3  6  66       
*  2024  1 29 17 30  0.00000000
PG01   1354.045630 -16099.026040 -21351.821013    167.606145  7  6  6  82       
PG02   8868.457691 -18456.223511 -16283.789428   -493.543005  6  5  5  67       
PG03  -4179.685481 -18152.181196 -19123.048158    158.919446  6  5  6  53       
PG04   1380.340979 -26391.667495   1770.354487    278.517592  5 10  6  81       
PG05  -7990.967109  12633.927221  21780.775973   -159.807508  4  7  3  57       
PG06 -24397.629350   4882.620189  -9370.085757    427.121545  3  4  5  56       
PG07 -12891.943749 -10571.704792  21248.542172    -49.264869  5  5  4  75       
PG08   5806.528695 -24668.836608   7079.328782   -164.488486  6  6  6  99       
PG09  -8253.224274 -21582.678187  12963.317853     74.733166  3  5  5  83       
PG10  23662.110485  10063.636001  -7096.146736    -71.244095  3     6  69       
PG11 -23660.111113  11846.626005   2008.551175   -557.547283  4  5  4  23       
PG12   2407.751561  18629.034933 -19091.781519   -472.776591  6  5  5  59       
PG13 -13208.948539  18416.192934  13464.124017    620.589009  4  6  5  66       
PG14 -23027.613038 -12876.108486  -3817.241786    311.782336  4  6  6  76       
PG15  -2795.306051  25309.799187   6669.490996    122.256330  3  7  4  47       
PG16  15060.315594  -6393.644264  20682.625227   -373.982219  4  4  5  90       
PG17 -12961.287908  -9734.146887 -20583.299052    718.557881  5  5  5  72       
PG18  13591.746491   9270.135202  20905.723970   -543.673646  5  4  5  91       
PG19 -15245.008372    100.115096 -21911.278053    433.339298  4  7  4  83       
PG20 -19710.364963   4691.051065  17147.416787    389.499028  4  5  3  56       
PG21  12987.150243 -18398.545895 -12770.571765    136.775171  5  6  3  34       
PG22 -22389.563577  -8274.940181 -10902.817916     39.964273  3  5  6  66       
PG23  20301.454691  16585.823265   4883.066534    145.203608  3  5  4  74       
PG24  -9429.170884  19413.118557 -15616.358807   -422.732719  5  4  2  64       
PG25  13874.641798  19387.991314 -12324.249726    486.913086  5  4  5  53       
PG26  22265.887130     50.343495  14598.919739    195.610712  4  4  5  87       
PG27  12642.479561 -15592.119480  16895.331077 999999.999999                    
PG28  23523.395122  -3194.551509 -11927.676524   -113.881306  4  4  1  89       
PG29   5150.325536  22946.209053  12197.313578   -607.933453  4  7  8  78       
PG30 -21327.325520  -2598.497601  15910.165331   -439.346973  5  4  5  67       
PG31  24988.489822  -9131.976499  -3280.789643   -227.560540  3  4  4  76       
PG32  14571.152824   5684.083947 -21294.664546   -608.484359  5  3  5  54       
*  2024  1 29 17 45  0.00000000
PG01   3446.349530 -17088.275261 -20276.064187    167.607305  7  6  6  79       
PG02  10514.030556 -19292.988753 -14247.995225   -493.537908  5  5  5  69       
PG03  -2248.815535 -17041.684618 -20424.360410    158.942114  6  5  5  72       
PG04   1637.375255 -26411.771008  -1100.766119    278.526211  6 10  6  77       
PG05 -10180.864327  11398.819956  21557.216500   -159.809187  4  7  3  68       
PG06 -23382.147603   4189.221140 -11918.345677    427.108858  3  4  4  29       
PG07 -10828.325281 -11710.524255  21766.877895    -49.273048  5  5  4  70       
PG08   6089.469546 -23684.276116   9721.804054   -164.489501  6  6  6  85       
PG09  -8016.470644 -22941.322169  10568.113264     74.744321  4  5  4  82       
PG10  24143.555723  10557.805559  -4315.614416    -71.245275  3     5  41       
PG11 -23822.027711  11653.363149   -859.611471   -557.559393  4  5  4  36       
PG12    565.515630  17425.689095 -20342.982608   -472.779712  6  5  4  74       
PG13 -13102.453916  16707.704450  15613.901985    620.592116  5  6  5  46       
PG14 -23105.955075 -13263.497673  -1019.274274    311.791467  4  6  6  64       
PG15  -3237.850140  24374.419561   9277.107323    122.259925  2  7  5  66       
PG16  16910.449098  -4917.136184  19688.408508   -373.974863  4  4  5  80       
PG17 -12643.580095 -12096.368670 -19509.263191    718.557090  4  5  6  85       
PG18  11457.631509  10418.094095  21615.828202   -543.681579  5  5  6  82       
PG19 -14930.371311  -2351.983892 -22033.969982    433.344122  4  7  4  71       
PG20 -21358.684048   3823.302100  15265.120789    389.497941  4  5  3  46       
PG21  14334.029118 -18938.916516 -10315.405793    136.773770  4  5  3  56       
PG22 -23166.077933  -9180.013811  -8329.644736     39.958816  2  5  7  50       
PG23  19595.129114  16390.123042   7641.275952    145.210600  3  6  4  61       
PG24 -10927.083318  20099.560829 -13545.889541   -422.738782  5  4  2  41       
PG25  12502.781739  18798.011483 -14542.069432    486.914221  5  4  5  38       
PG26  23542.723210    985.094529  12458.053611    195.607312  4  4  5  76       
PG27  12759.395724 -13497.549522  18544.231331 999999.999999                    
PG28  22334.617267  -2269.611755 -14210.917043   -113.892159  4  4  2  70       
PG29   4818.899693  24178.643249   9698.020469   -607.932880  4  8  8  69       
PG30 -19741.005615  -3653.879200  17644.088433   -439.342752  5  4  5  72       
PG31  24645.992635  -8694.033390  -6034.265873   -227.560837  3  4  4  91       
PG32  14462.224348   8116.563058 -20593.902805   -608.486627  4  3  5  55       
*  2024  1 29 18  0  0.00000000
PG01   5362.040170 -18125.922209 -18858.381797    167.608518  6  6  7  76       
PG02  11910.078275 -20065.860282 -11956.383321   -493.532661  5  5  5  73       
PG03   -146.722355 -15980.388231 -21379.515126    158.964778  6  5  5  73       
PG04   1890.851300 -26120.043269  -3952.780211    278.534849  6 10  7  90       
PG05 -12389.718321  10302.460074  20957.038118   -159.810451  5  7  3  69       
PG06 -22169.425918   3295.357867 -14261.859194    427.096181  3  5  5  73       
PG07  -8791.490935 -12976.813846  21928.034475    -49.281369  6  4  4  75       
PG08   6438.307908 -22423.571865  12192.277950   -164.491240  6  6  7  58       
PG09  -7835.843414 -24028.089511   7989.782134     74.755489  4  6  4  82       
PG10  24372.498478  10871.661545  -1461.954386    -71.246560  4  2  5  61       
PG11 -23709.803622  11312.078888  -3712.930656   -557.571511  4  5  3  46       
PG12  -1439.643040  16257.665664 -21253.120185   -472.783016  7  6  4  70       
PG13 -13061.136917  14766.768058  17488.687832    620.595170  5  6  4  55       
PG14 -22930.276078 -13488.371070   1796.040361    311.800565  5  7  5  69       
PG15  -3777.020222  23174.896248  11719.884072    122.263120  3  7  5  71       
PG16  18719.764854  -3616.145296  18349.800661   -373.967637  3  4  5  95       
PG17 -12455.375569 -14326.963684 -18085.792760    718.556352  4  5  6  80       
PG18   9336.570785  11711.663546  21955.264778   -543.689562  5  6  6  94       
PG19 -14749.830122  -4806.974289 -21784.265186    433.348990  3  7  3  82       
PG20 -22833.442895   3111.171507  13119.233776    389.496430  3  5  3  55       
PG21  15412.387899 -19368.074098  -7668.703357    136.772329  4  5  3  76       
PG22 -23734.910113  -9872.779421  -5608.355077     39.952838  2  6  7  42       
PG23  18607.256278  16097.137329  10269.501029    145.217588  4  6  4  82       
PG24 -12199.065616  20709.245612 -11243.042964   -422.744796  4  4  2  53       
PG25  10896.286362  18171.256385 -16517.747695    486.915350  5  4  5  64       
PG26  24631.268369   1751.845791  10105.010205    195.603933  4  4  5  95       
PG27  12989.267516 -11242.859197  19862.481639 999999.999999                    
PG28  20991.927956  -1148.994354 -16249.850208   -113.902953  4  3  2  17       
PG29   4568.290075  25133.539310   7030.547215   -607.932313  4  9  8  70       
PG30 -18055.665661  -4878.215577  19080.039037   -439.338427  5  4  5  66       
PG31  24065.763886  -8087.358927  -8686.900133   -227.561091  4  3  3  72       
PG32  14476.119857  10448.504630 -19533.987482   -608.488858  4  3  5  58       
*  2024  1 29 18 15  0.00000000
PG01   7072.847808 -19172.498776 -17121.296528    167.609688  6  5  7  98       
PG02  13049.480307 -20732.299713  -9450.860456   -493.527381  4  5  4  75       
PG03   2091.293307 -15001.842998 -21972.216876    158.987426  6  6  5  66       
PG04   2178.063207 -25522.269835  -6736.182497    278.543480  6 11  7  99       
PG05 -14569.487365   9358.849608  19991.146340   -159.811841  4  7  4  60       
PG06 -20801.771847   2189.345751 -16360.079188    427.083511  4  5  5  77       
PG07  -6820.949552 -14348.368683  21728.141991    -49.289603  6  4  3  63       
PG08   6882.931429 -20914.596904  14447.229045   -164.494211  6  6  7  82       
PG09  -7676.804265 -24823.976653   5273.093512     74.766654  5  6  4  86       
PG10  24325.553297  11036.474278   1416.422522    -71.247814  4  2  5  62       
PG11 -23346.229216  10792.616288  -6502.131638   -557.583593  4  6  3  52       
PG12  -3575.820911  15159.025567 -21807.140831   -472.786715  7  6  3  73       
PG13 -13113.674429  12629.657354  19055.404910    620.598672  5  6  4  73       
PG14 -22483.629665 -13582.424083   4580.800716    311.809684  5  7  5  56       
PG15  -4438.092654  21740.023633  13953.551228    122.266733  3  6  5  52       
PG16  20442.388796  -2499.806377  16691.874148   -373.960325  2  4  5  96       
PG17 -12379.250993 -16380.036491 -16338.860618    718.555538  4  5  6  70       
PG18   7273.343886  13129.248863  21917.668493   -543.697477  5  6  6  87       
PG19 -14703.525638  -7216.453115 -21167.360224    433.353694  3  7  4  83       
PG20 -24095.516375   2538.442266  10746.477177    389.495309  3  4  3  48       
PG21  16224.686158 -19645.472595  -4879.879832    136.770920  3  4  4  68       
PG22 -24063.606550 -10374.054742  -2787.739667     39.947307  2  6  7  62       
PG23  17340.172218  15747.352858  12722.970599    145.224560  5  7  4  69       
PG24 -13240.208663  21202.181239  -8746.182902   -422.750853  5  4  3  50       
PG25   9072.916774  17545.543629 -18218.736370    486.916505  5  4  4  81       
PG26  25497.956471   2367.866356   7580.377900    195.600529  4  3  4  89       
PG27  13347.350503  -8874.785595  20827.178190 999999.999999                    
PG28  19538.667356    170.210605 -18009.494953   -113.913819  3  3  2  30       
PG29   4363.941687  25790.165823   4241.176824   -607.931611  5  9  8  66       
PG30 -16314.089415  -6266.187581  20193.426575   -439.334121  5  4  5  45       
PG31  23279.122521  -7290.480532 -11194.539265   -227.560844  4  3  3  82       
PG32  14597.080338  12634.563050 -18134.235395   -608.491067  4  3  5  57       
*  2024  1 29 18 30  0.00000000
PG01   8558.215751 -20184.964083 -15092.886946    167.610910  5  6  6  83       
PG02  13934.423161 -21251.233826  -6776.963650   -493.522215  4  5  4  69       
PG03   4424.169635 -14133.477005 -22192.211826    159.010094  5  6  4  64       
PG04   2534.526845 -24633.092684  -9402.673873    278.552129  6 10  7  95       
PG05 -16671.370083   8573.610973  18676.877623   -159.813435  4  7  4  45       
PG06 -19324.516398    868.040565 -18176.583261    427.070907  4  5  5  87       
PG07  -4952.192278 -15796.444137  21169.005915    -49.297732  6  4  3  76       
PG08   7447.887656 -19192.260010  16447.136953   -164.495251  6  6  7  80       
PG09  -7502.608278 -25318.526835   2465.160467     74.777874  5  6  5  94       
PG10  23987.091087  11087.920889   4270.952124    -71.248917  4  2  5  92       
PG11 -22760.971920  10070.596010  -9179.029232   -557.595647  4  6  2  43       
PG12  -5805.382195  14158.256430 -21995.807591   -472.789875  7  7  3  74       
PG13 -13282.418698  10338.720140  20286.527520    620.601816  6  7  4  73       
PG14 -21756.830066 -13580.692709   7287.633626    311.818787  5  7  5  37       
PG15  -5240.433500  20105.157037  15937.371145    122.270439  4  5  5  38       
PG16  22033.320328  -1568.646491  14745.028382   -373.953475     4  5 100       
PG17 -12390.728284 -18215.171704 -14300.336414    718.554742  4  6  6  90       
PG18   5308.764391  14641.953084  21503.123600   -543.705364  5  7  6  92       
PG19 -14783.529877  -9533.275223 -20194.472242    433.358031  3  7  4  91       
PG20 -25111.075792   2082.324877   8187.626199    389.493972  2  5  4  33       
PG21  16782.741026 -19734.182915  -2000.902892    136.770154  3  4  4   5       
PG22 -24126.373630 -10711.231370     82.039760     39.941355  2  6  7  74       
PG23  15805.035329  15381.046444  14959.816065    145.231577  5  7  5  73       
PG24 -14053.534972  21539.653269  -6097.511388   -422.756920  5  3  3  67       
PG25   7057.724478  16955.669265 -19616.960510    486.917641  6  4  4  60       
PG26  26114.699796   2856.452283   4927.378699    195.597157  4  3  4  91       
PG27  13840.985263  -6443.036758  21421.995479 999999.999999                    
PG28  18019.417137   1682.582294 -19459.679687   -113.924618  3  4  2  71       
PG29   4168.549728  26136.474675   1378.295755   -607.931409  5  9  8  68       
PG30 -14558.539415  -7804.741669  20964.963897   -439.329769  5  5  5  68       
PG31  22322.104845  -6288.621143 -13515.466004   -227.561205  4  3  3  57       
PG32  14802.338945  14634.068970 -16419.824538   -608.493268  5  3  5  75       
*  2024  1 29 18 45  0.00000000
PG01   9805.960616 -21118.321184 -12806.428128    167.612128  5  6  6  93       
PG02  14576.025638 -21584.771395  -3982.903684   -493.517053  4  5  4  68       
PG03   6806.443352 -13395.591740 -22035.467236    159.032735  5  6  4  40       
PG04   2992.389280 -23475.472436 -11906.020875    278.560744  6 10  7  83       
PG05 -18647.568332   7943.925156  17037.651638   -159.814190  4  6  4  46       
PG06 -17784.298435   -662.821932 -19679.721079    427.058358  5  6  5  95       
PG07  -3215.519357 -17286.656338  20258.177528    -49.306032  6  4  3  70       
PG08   8151.231814 -17297.197583  18157.211559   -164.496837  6  6  6  82       
PG09  -7275.923705 -25510.136711   -385.396333     74.789128  5  6  5  79       
PG10  23349.863800  11064.548977   7053.687220    -71.250361  5  3  5  93       
PG11 -21989.358555   9128.557436 -11697.370569   -557.607739  4  7  2  62       
PG12  -8086.178997  13277.268683 -21815.838978   -472.793350  7  7  3  83       
PG13 -13582.401232   7940.868305  21160.593441    620.605119  6  7  3  82       
PG14 -20748.912813 -13520.055446   9870.473059    311.827903  5  7  5  35       
PG15  -6196.462191  18310.908827  17635.004430    122.273770  4  4  5  57       
PG16  23450.081322   -814.841947  12544.340832   -373.946179     4  5  93       
PG17 -12459.420779 -19798.871557 -12007.307889    718.553937  3  7  6  83       
PG18   3478.259209  16214.559113  20718.200831   -543.713230  5  7  6  83       
PG19 -14974.221774 -11713.123381 -18882.608102    433.363417  3  7  4  94       
PG20 -25852.856770   1714.522922   5486.812529    389.492772  1  5  3  11       
PG21  17106.961239 -19602.555427    914.900174    136.769506  3  4  3  31       
PG22 -23905.103686 -10916.916656   2950.424916     39.935743  3  6  7  70       
PG23  14021.569843  15036.635183  16941.768034    145.238530  5  7  5  75       
PG24 -14649.781438  21685.838558  -3342.402683   -422.762906  4  3  3  80       
PG25   4882.301517  16432.084368 -20689.222735    486.918742  6  5  4  45       
PG26  26459.901639   3245.815343   2191.141558    195.593758  4  2  4  87       
PG27  14469.243167  -3998.467165  21637.444167 999999.999999                    
PG28  16478.330222   3374.386217 -20575.553162   -113.935461  3  5  2  54       
PG29   3943.713299  26169.507857  -1508.466049   -607.930451  6  9  8  81       
PG30 -12829.260339  -9473.391935  21381.006247   -439.325394  5  5  6  78       
PG31  21234.097602  -5074.424234 -15611.022550   -227.561030  4  4  4           
PG32  15063.126232  16412.401823 -14421.286198   -608.495487  5  3  5  57       
*  2024  1 29 19  0  0.00000000
PG01  10812.625366 -21927.347530 -10299.932343    167.613268  5  6  5  61       
PG02  14993.604535 -21699.774503  -1118.581275   -493.511724  4  5  3  74       
PG03   9189.780227 -12800.635356 -21504.256996    159.055382  5  6  4  67       
PG04   3578.974883 -22079.836298 -14202.875570    278.569374  6 10  7  66       
PG05 -20453.010982   7458.814576  15102.513072   -159.815884  4  6  4  49       
PG06 -16227.304595  -2388.631496 -20843.184728    427.045731  5  6  5  79       
PG07  -1635.040674 -18780.107015  19008.955427    -49.314278  6  4  3  65       
PG08   9003.653093 -15274.250570  19548.015866   -164.499372  6  5  6  84       
PG09  -6960.475266 -25406.028289  -3229.306813     74.800353  6  7  5  93       
PG10  22415.327444  11006.152491   9718.044231    -71.251458  5  3  4  95       
PG11 -21070.949020   7956.834630 -14013.644357   -557.619860  4  7  2  78       
PG12 -10372.939872  12530.642352 -21269.967364   -472.796969  7  7  4  81       
PG13 -14020.647900   5485.891093  21662.591454    620.608324  6  7  4  58       
PG14 -19467.296203 -13437.673219  12285.318610    311.837066  6  7  4  41       
PG15  -7310.904935  16401.620010  19015.294558    122.277453  4  4  5  71       
PG16  24654.250239   -222.799595  10128.860074   -373.939313     4  5  93       
PG17 -12550.427583 -21105.701099  -9501.298762    718.552857  4  7  6  95       
PG18   1810.656104  17806.772500  19575.883363   -543.721100  5  8  6  84       
PG19 -15252.953463 -13715.967692 -17254.256352    433.367689  3  6  4 109       
PG20 -26301.187873   1402.523997   2690.758279    389.491405  1  5  4  42       
PG21  17225.212836 -19225.634439   3814.039607    136.767655  3  3  3  60       
PG22 -23390.086175 -11027.391732   5767.408456     39.929982  4  6  7  72       
PG23  12017.492554  14749.104041  18634.799335    145.245540  6  7  5  86       
PG24 -15046.875605  21609.349755   -528.644234   -422.769006  4  3  4  81       
PG25   2583.801059  15999.740477 -21417.545110    486.919873  6  5  4  74       
PG26  26519.232155   3567.798898   -582.037496    195.590378  4  2  4  87       
PG27  15222.929347  -1591.227654  21470.977731 999999.999999                    
PG28  14957.491231   5223.914818 -21338.004090   -113.946288  3  6  3  56       
PG29   3651.633155  25895.459432  -4369.115217   -607.930301  6  9  7  66       
PG30 -11163.061365 -11244.807823  21433.809336   -439.320992  5  4  6  67       
PG31  20056.365123  -3648.411737 -17446.191301   -227.561557  4  5  4  70       
PG32  15345.913657  17942.118953 -12173.909900   -608.497684  5  2  5  57       
*  2024  1 29 19 15  0.00000000
PG01  11583.504064 -22568.376419  -7615.589642    167.614444  5  6  5  33       
PG02  15213.623057 -21569.220359   1765.396159   -493.506439  4  5  3  88       
PG03  11524.621913 -12352.780617 -20607.150722    159.077977  5  6  5  86       
PG04   4315.526760 -20482.946073 -16253.540019    278.578013  5  9  7  75       
PG05 -22046.970353   7099.755570  12905.574691   -159.817046  3  6  4  65       
PG06 -14697.532791  -4286.256861 -21646.490654    427.033151  5  6  5  85       
PG07   -227.888204 -20234.701269  17440.310603    -49.322265  6  4  3  56       
PG08  10007.914229 -13170.792297  20595.970341   -164.502032  6  5  5  92       
PG09  -6522.645406 -25021.889249  -6017.515125     74.811540  6  7  6  93       
PG10  21193.655261  10952.118984  12219.518402    -71.252339  5  3  4  96       
PG11 -20047.957441   6554.131787 -16087.841722   -557.631976  4  7  3  84       
PG12 -12618.779399  11925.150962 -20366.915662   -472.799920  7  7  4  75       
PG13 -14595.833258   3024.662236  21784.216074    620.611714  6  7  4  74       
PG14 -17927.636879 -13369.425780  14490.962758    311.846169  6  7  4  54       
PG15  -8580.377077  14423.672076  20052.945366    122.280856  5  4  5  56       
PG16  25612.825856    229.970642   7540.859267   -373.932026     3  5  89       
PG17 -12625.910990 -22119.096372  -6827.407497    718.551883  4  8  5 101       
PG18    327.227453  19374.679400  18095.380248   -543.728986  5  8  6  91       
PG19 -15590.980435 -15507.365078 -15337.007970    433.373089  4  6  4  86       
PG20 -26444.737369   1111.065383   -152.045232    389.489991  1  5  4  67       
PG21  17171.382139 -18586.261854   6644.021807    136.766803  4  3  3  69       
PG22 -22580.383206 -11080.955601   8484.433453     39.924212  4  6  6  60       
PG23   9827.642256  14548.570214  20009.704445    145.252516  6  7  6  93       
PG24 -15269.117817  21284.643637   2294.405136   -422.775082  4  3  4  67       
PG25    203.760966  15677.142775 -21789.446269    486.921018  6  5  3  82       
PG26  26286.142726   3856.470277  -3345.438276    195.586973  4  3  4  95       
PG27  16084.937505    731.031661  20926.950837 999999.999999                    
PG28  13495.370193   7202.138979 -21733.982938   -113.957069  3  6  3  59       
PG29   3256.785185  25329.391593  -7154.177958   -607.929716  6  8  7  73       
PG30  -9592.029623 -13085.669382  21121.700770   -439.316664  5  4  6  66       
PG31  18830.521247  -2019.158949 -18990.128083   -227.561116  4  5  4  76       
PG32  15613.842393  19203.801455  -9717.076060   -608.499920  6  2  5  67       
*  2024  1 29 19 30  0.00000000
PG01  12132.328937 -23001.061587  -4799.110865    167.615558  6  6  5  51       
PG02  15268.376731 -21173.302020   4618.671841   -493.501302  5  5  3  82       
PG03  13761.889928 -12047.824593 -19358.904809    159.100550  5  6  5  81       
PG04   5216.193896 -18726.531798 -18022.660872    278.586647  5  8  7  79       
PG05 -23394.508470   6841.592167  10485.375130   -159.818096  3  6  4  67       
PG06 -13235.147075  -6324.736444 -22075.363026    427.020537  5  6  4  88       
PG07    996.326353 -21606.619112  15576.727228    -49.330965  6  4  2  58       
PG08  11158.624642 -11034.978286  21283.730676   -164.504014  5  5  4  86       
PG09  -5932.970119 -24381.197758  -8702.032649     74.822738  6  7  6 103       
PG10  19703.443271  10939.807187  14516.360754    -71.253556  6  3  3 100       
PG11 -18963.582969   4927.774778 -17884.154717   -557.644083  4  6  3  74       
PG12 -14776.777164  11459.580182 -19121.291286   -472.803532  7  7  4  93       
PG13 -15298.286973    607.315523  21523.985609    620.614892  6  7  4  67       
PG14 -16153.383880 -13348.403207  16449.676324    311.855272  6  7  4  15       
PG15  -9993.318092  12423.713522  20729.068765    122.284073  5  3  4  58       
PG16  26299.374266    571.734669   4825.067034   -373.924950     4  6  82       
PG17 -12646.785061 -22831.807745  -4033.392632    718.550846  4  8  5  98       
PG18   -958.971120  20872.365111  16301.827844   -543.736880  4  8  6  86       
PG19 -15954.620659 -17059.555494 -13163.111619    433.377281  4  7  4  97       
PG20 -26280.946530    803.716029  -2992.198503    389.488786  2  5  4  75       
PG21  16983.715438 -17675.827011   9354.431577    136.766228  4  4  2  80       
PG22 -21483.863900 -11116.226843  11055.227606     39.918346  5  6  6  57       
PG23   7492.842337  14459.038997  21042.605900    145.259546  5  7  6  97       
PG24 -15346.095180  20693.229041   5076.725049   -422.781199  4  3  4  34       
PG25  -2213.231058  15475.643622 -21798.151189    486.922166  6  4  3  57       
PG26  25762.103572   4146.642152  -6052.653218    195.583583  3  4  4  83       
PG27  17030.935508   2924.831469  20016.436949 999999.999999                    
PG28  12125.428329   9273.645940 -21756.720997   -113.967919  3  7  3  18       
PG29   2727.502657  24494.617165  -9815.569139   -607.929350  7  8  7  50       
PG30  -8142.423009 -14957.762160  20449.159548   -439.312283  5  4  6  47       
PG31  17596.998363   -203.179412 -20216.643123   -227.561658  4  6  5  75       
PG32  15828.278376  20186.588975  -7093.531720   -608.502105  6  1  5  37       
*  2024  1 29 19 45  0.00000000
PG01  12480.623372 -23190.054371  -1898.978850    167.616714  6  6  4  37       
PG02  15194.480590 -20500.230438   7392.049487   -493.496043  5  5  2  82       
PG03  15854.684866 -11873.415789 -17780.254744    159.123142  5  6  5  79       
PG04   6287.304237 -16855.745764 -19479.841399    278.595312  4  8  7  61       
PG05 -24467.698130   6653.711023   7884.166203   -159.819216  3  6  4  77       
PG06 -11874.988634  -8466.282120 -22122.009930    427.007933  5  6  4  91       
PG07   2035.781740 -22851.894169  13447.951357    -49.339146  6  4  3  70       
PG08  12442.352490  -8913.990938  21600.434985   -164.504380  5  5  4  95       
PG09  -5167.470733 -23514.260254 -11236.765012     74.833950  5  8  6  99       
PG10  17971.120448  11003.011951  16570.210791    -71.255002  6  3  3 100       
PG11 -17860.315844   3093.628145 -19371.599822   -557.656176  4  6  4  86       
PG12 -16801.571805  11124.849283 -17553.396457   -472.806807  7  7  4  74       
PG13 -16110.349720  -1718.536165  20887.223538    620.618325  6  6  5  84       
PG14 -14175.046393 -13403.509365  18127.841931    311.864393  6  6  4  59       
PG15 -11530.285512  10446.880766  21031.584476    122.288056  5  4  5  73       
PG16  26694.923031    835.214398   2027.890810   -373.917909     3  5  95       
PG17 -12574.440588 -23245.968145  -1168.730422    718.549518  5  7  5  92       
PG18  -2043.439601  22253.631405  14225.882029   -543.744819  4  8  6  80       
PG19 -16306.600822 -18352.318555 -10768.968937    433.382295  5  7  5  76       
PG20 -25816.130399    444.511100  -5780.277953    389.487383  3  6  3  75       
PG21  16703.022542 -16494.640779  11897.907346    136.765212  4  4  2  94       
PG22 -20116.906416 -11170.472680  13436.559061     39.912736  5  6  6  73       
PG23   5058.536919  14497.399317  21715.378895    145.266550  5  7  6  89       
PG24 -15311.366747  19824.615995   7768.592324   -422.787317  4  3  4  42       
PG25  -4620.987063  15399.001892 -21442.730528    486.923289  6  4  3  60       
PG26  24956.558878   4472.376768  -8658.309682    195.580215  3  5  5  84       
PG27  18030.346580   4952.340369  18756.916477 999999.999999                    
PG28  10874.928780  11397.828297 -21405.843393   -113.978731  3  7  4  42       
PG29   2037.404282  23421.774367 -12307.431165   -607.928739  7  7  7  66       
PG30  -6833.785083 -16819.274639  19426.799055   -439.307897  5  4  5  64       
PG31  16393.566225   1775.478230 -21104.624815   -227.561744  4  6  5  81       
PG32  15950.431108  20888.388501  -4348.624747   -608.504316  6  2  6  39       
*  2024  1 29 20  0  0.00000000
PG01  12656.738365 -23106.523030   1034.382773    167.617854  6  6  4  68       
PG02  15031.226471 -19546.714980  10038.338198   -493.490988  5  5  1  88       
PG03  17759.918250 -11809.602599 -15897.609158    159.145736  4  6  5  61       
PG04   7526.952118 -14917.498478 -20600.160283    278.603927  4  7  7  62       
PG05 -25246.573726   6501.427591   5147.145306   -159.820535  3  6  4  70       
PG06 -10645.302067 -10667.559259 -21785.285615    426.995318  5  6  4  91       
PG07   2896.426093 -23928.046201  11088.640631    -49.347796  5  4  4  62       
PG08  13838.066296  -6852.350239  21541.820309   -164.505829  5  4  5  93       
PG09  -4208.770021 -22457.001539 -13578.298728     74.845148  5  8  6  72       
PG10  16030.085162  11170.570076  18346.679488    -71.256948  6  3  3  94       
PG11 -16778.285232   1075.680196 -20524.555306   -557.668292  5  6  5  81       
PG12 -18650.914428  10904.433577 -15688.954241   -472.810162  7  7  4  85       
PG13 -17007.060770  -3909.466284  19885.906902    620.621761  7  6  5  42       
PG14 -12029.200869 -13558.230337  19496.525704    311.873518  6  6  4  59       
PG15 -13164.596122   8535.094073  20955.459120    122.291942  5  4  5  51       
PG16  26788.577126   1056.123787   -803.354459   -373.910858  2  3  5  67       
PG17 -12372.432696 -23372.792990   1716.330636    718.548432  5  7  5  95       
PG18  -2930.234831  23473.745965  11903.206277   -543.752760  4  7  6  50       
PG19 -16607.542019 -19373.562136  -8194.575212    433.387088  6  7  5  80       
PG20 -25065.240457     -0.427442  -8467.725385    389.486233  3  6  3  85       
PG21  16370.832920 -15051.932592  14230.987161    136.763852  4  4  1  90       
PG22 -18503.789350 -11278.030398  15588.904771     39.906894  6  6  6  50       
PG23   2573.249686  14672.698691  22015.985981    145.273519  5  6  6  79       
PG24 -15200.971698  18676.956998  10321.565628   -422.793413  4  4  4  54       
PG25  -6973.235443  15443.225651 -20728.166018    486.924450  6  4  3  73       
PG26  23886.603161   4865.526576 -11118.770230    195.576850  3  6  5  73       
PG27  19047.579388   6782.603745  17171.849737 999999.999999                    
PG28   9763.997230  13530.279260 -20687.374402   -113.989588  2  7  4  64       
PG29   1166.611775  22147.631729 -14586.927348   -607.928242  7  6  7  59       
PG30  -5678.317521 -18626.252939  18071.249882   -439.303516  5  4  5  56       
PG31  15253.952093   3885.910209 -21638.400948   -227.561883  4  6  5  59       
PG32  15942.972836  21315.754987  -1529.511459   -608.506540  6  2  6  62       
*  2024  1 29 20 15  0.00000000
PG01  12694.604163 -22729.447145   3949.509928    167.618945  7  6  4  61       
PG02  14818.880805 -18318.114115  12513.119415   -493.485839  5  5     78       
PG03  19439.815910 -11829.685070 -13742.647394    159.168327  4  6  5  64       
PG04   8924.915615 -12958.742357 -21364.588710    278.612554  4  7  6  75       
PG05 -25719.778290   6347.526139   2321.648796   -159.821868  3  5  4  59       
PG06  -9566.728001 -12881.194815 -21070.734070    426.982751  5  6  4  83       
PG07   3591.655091 -24795.708544   8537.909669    -49.355943  5  3  4  54       
PG08  15317.883204  -4890.356839  21110.211820   -164.508226  5  5  5  95       
PG09  -3046.950006 -21249.555759 -15686.634359     74.856297  5  8  6  80       
PG10  13919.598200  11465.155661  19815.877434    -71.258728  6  3  2  90       
PG11 -15753.713500  -1094.688132 -21323.203025   -557.680414  5  6  5  86       
PG12 -20287.126077  10775.075818 -13558.750182   -472.813608  7  6  4  75       
PG13 -17957.145651  -5927.718632  18538.388746    620.624978  7  5  5  60       
PG14  -9757.272761 -13829.615178  20531.977939    311.882587  5  6  4  58       
PG15 -14863.285328   6725.505378  20502.778345    122.295040  5  5  5  41       
PG16  26577.842082   1271.617822  -3621.201575   -373.903458  3  3  5  87       
PG17 -12008.061895 -23231.934463   4571.695959    718.547212  4  6  5  89       
PG18  -3631.632330  24491.155002   9373.863125   -543.760653  4  7  6  50       
PG19 -16817.532922 -20119.623190  -5482.910754    433.391828  6  8  5  93       
PG20 -24051.297638   -561.350564 -11007.724664    389.484610  4  6  3  77       
PG21  16027.589248 -13365.487725  16314.812028    136.762834  5  5  1  87       
PG22 -16675.805028 -11468.879087  17477.026076     39.901316  6  6  5           
PG23     86.921637  14985.727358  21938.714775    145.280515  4  6  6  74       
PG24 -15051.822842  17257.343992  12689.469902   -422.799475  4  4  4  58       
PG25  -9225.153785  15596.707092 -19665.337962    486.925555  6  4  3  75       
PG26  22576.391703   5354.363009 -13392.803909    195.573467  4  6  5  80       
PG27  20043.451337   8392.481787  15290.151000 999999.999999                    
PG28   8804.967791  15624.341507 -19613.635036   -114.000454  2  7  4  52       
PG29    102.709442  20713.671394 -16614.975819   -607.927417  7  6  6  56       
PG30  -4680.536850 -20334.160536  16404.940065   -439.299143  5  3  5  57       
PG31  14206.611207   6091.294311 -21808.031676   -227.562082  5  6  5  66       
PG32  15771.596370  21483.454053   1315.648118   -608.508752  6  2  6  63       
*  2024  1 29 20 30  0.00000000
PG01  12632.242572 -22046.626794   6794.850465    167.620048  7  5  5  74       
PG02  14596.991529 -16828.261521  14775.427218   -493.480887  5  5     91       
PG03  20863.235475 -11901.340404 -11351.823895    159.190947  4  6  5  84       
PG04  10462.906126 -11024.770367 -21760.299542    278.621166  4  7  5  50       
PG05 -25884.885677   6153.891311   -543.677899   -159.823429  3  5  3  40       
PG06  -8651.602769 -15057.455657 -19990.511508    426.970219  5  7  5  68       
PG07   4141.690724 -25420.187636   5838.768374    -49.364233  5  3  5  65       
PG08  16848.088862  -3062.726339  20314.391086   -164.510138  5  4  6  92       
PG09  -1680.119224 -19934.713951 -17525.854547     74.867449  6  8  6  91       
PG10  11683.470403  11902.307294  20952.883143    -71.260195  6  3  2  86       
PG11 -14817.537162  -3379.722517 -21753.867139   -557.692475  5  6  6  95       
PG12 -21678.405919  10707.764346 -11198.190212   -472.816974  7  6  4  68       
PG13 -18924.260088  -7742.452989  16869.004506    620.628626  6  4  5  59       
PG14  -7404.136706 -14227.508894  21216.054096    311.891707  5  6  4  60       
PG15 -16588.339917   5049.166754  19682.652161    122.298975  4  5  5  31       
PG16  26068.650188   1518.711883  -6378.761746   -373.896665  4  4  5  80       
PG17 -11453.786849 -22850.526379   7348.312194    718.546299  4  5  5  91       
PG18  -4167.460669  25269.090651   6681.618986   -543.768586  4  7  5  36       
PG19 -16897.735475 -20595.270152  -2679.288392    433.396288  7  7  5  77       
PG20 -22804.517800  -1263.485513 -13356.047489    389.483576  5  6  2  81       
PG21  15710.954809 -11460.957725  18115.681498    136.761610  5  5     93       
PG22 -14670.135900 -11767.410848  19070.449495     39.895509  6  6  5  67       
PG23  -2350.810779  15428.930087  21484.312617    145.287470  4  5  6  64       
PG24 -14900.055409  15581.740028  14829.352433   -422.805579  4  4  4  56       
PG25 -11334.865539  15840.649447 -18270.930734    486.926673  6  4  4  88       
PG26  21056.306447   5962.341737 -15442.222032    195.570129  4  7  5  74       
PG27  20976.743681   9767.267725  13145.580958 999999.999999                    
PG28   8002.038653  17632.751108 -18203.034559   -114.011406  2  7  4  48       
PG29  -1158.591113  19164.507327 -18356.911603   -607.926707  7  6  6  73       
PG30  -3837.232036 -21899.485482  14455.771905   -439.294770  5  3  4  67       
PG31  13273.692603   8350.054351 -21609.528103   -227.562192  5  6  5  51       
PG32  15406.453545  21413.728392   4138.494162   -608.510989  6  2  6  88       
*  2024  1 29 20 45  0.00000000
PG01  12510.097904 -21055.356373   9519.747917    167.621175  6  5  5  59       
PG02  14402.768282 -15098.984965  16788.337221   -493.475845  5  5     86       
PG03  22006.746435 -11987.981744  -8765.784485    159.213547  4  6  5  89       
PG04  12115.139287  -9157.595572 -21780.864693    278.629817  5  7  4  83       
PG05 -25748.389764   5883.166584  -3399.718216   -159.824809  3  5  3  86       
PG06  -7903.593800 -17146.031999 -18563.187744    426.957625  5  6  5  97       
PG07   4572.674266 -25772.890091   3037.453729    -49.372404  4  3  5  63       
PG08  18390.384065  -1397.464033  19169.352144   -164.510133  5  4  6  99       
PG09   -114.668751 -18556.288667 -19064.716855     74.878709  6  8  5  92       
PG10   9368.589567  12489.722070  21738.146549    -71.261490  6  3  2 100       
PG11 -13994.247992  -5736.563284 -21809.244188   -557.704605  5  6  6  86       
PG12 -22799.940688  10668.945874  -8646.776625   -472.820242  6  6  4  72       
PG13 -19868.436703  -9330.706608  14907.574581    620.631666  6  4  5  80       
PG14  -5016.585968 -14754.068600  21536.548217    311.900837  5  6  5  73       
PG15 -18298.146519   3529.976429  18510.960077    122.302763  4  5  6  75       
PG16  25275.095459   1832.727602  -9030.424007   -373.889400  4  4  5  98       
PG17 -10688.416927 -22261.966996   9998.999567    718.545510  4  4  5  90       
PG18  -4564.133829  25777.008234   3873.174565   -543.776537  5  6  5  58       
PG19 -16811.966733 -20813.405955    169.337160    433.401237  7  7  5  92       
PG20 -21361.164621  -2125.840308 -15471.850829    389.481850  5  6  2  92       
PG21  15454.299598  -9370.888811  19605.463612    136.760270  5  5     97       
PG22 -12528.541568 -12191.440823  20343.853341     39.889803  6  6  4  69       
PG23  -4692.332650  15986.651935  20660.013482    145.294499  4  4  6  64       
PG24 -14779.405390  13674.541896  16702.381830   -422.811654  4  5  4  74       
PG25 -13264.847782  16149.775960 -16567.252196    486.927713  6  4  4  70       
PG26  19361.906611   6707.048158 -17232.472192    195.566767  4  7  5  84       
PG27  21805.824144  10900.971441  10776.075231 999999.999999                    
PG28   7351.250215  19509.314310 -16479.759158   -114.022268  2  7  5  20       
PG29  -2613.106083  17546.200763 -19783.066282   -607.926209  7  6  6  93       
PG30  -3137.728409 -23281.334224  12256.696454   -439.290382  4  3  3  78       
PG31  12470.239865  10617.215343 -21044.990092   -227.562332  5  6  6  55       
PG32  14823.422126  21135.299823   6891.258092   -608.513120  6  3  6  52       
*  2024  1 29 21  0  0.00000000
PG01  12369.254911 -19762.726303  12075.433013    167.622295  6  5  5  72       
PG02  14269.593550 -13159.345585  18519.462667   -493.470471  6  5     90       
PG03  22855.429252 -12050.300148  -6028.701439    159.236138  4  6  5  89       
PG04  13849.203804  -7394.473633 -21426.339037    278.638397  5  7  3  69       
PG05 -25325.365347   5500.375268  -6197.716026   -159.825805  4  6  4  75       
PG06  -7317.685891 -19097.855999 -16813.429027    426.945042  4  6  5  59       
PG07   4915.499972 -25832.553804    182.659924    -49.380778  4  4  6  42       
PG08  19903.305609     84.981847  17695.955930   -164.511387  4  5  6  97       
PG09   1634.791671 -17157.458619 -20277.163045     74.889843  6  8  5 100       
PG10   7023.336751  13226.842939  22157.822551    -71.261907  6  3  2  94       
PG11 -13300.998902  -8118.713243 -21488.521043   -557.716654  6  6  6  89       
PG12 -23634.771516  10621.931446  -5947.505347   -472.823749  6  5  4  71       
PG13 -20747.673790 -10678.038479  12688.817021    620.634776  6  4  5  79       
PG14  -2641.727389 -15403.583593  21487.431755    311.909953  5  6  5  67       
PG15 -19949.088694   2183.944490  17009.948402    122.306520  4  4  6  73       
PG16  24218.892045   2245.818353 -11532.518397   -373.882204  5  4  5  84       
PG17  -9698.043819 -21504.495289  12479.216694    718.544425  4  4  5  89       
PG18  -4853.419662  25991.794701    997.335239   -543.784476  5  6  5  72       
PG19 -16528.200616 -20794.480366   3015.091807    433.405962  7  7  6  96       
PG20 -19762.176188  -3160.258535 -17318.409695    389.480943  5  6  2  85       
PG21  15285.416556  -7133.521227  20761.867117    136.759509  5  5    101       
PG22 -10295.908147 -12751.484978  21277.362875     39.883971  6  6  4  79       
PG23  -6893.697465  16635.711514  19479.453986    145.301448  4  4  6  66       
PG24 -14719.691785  11567.788279  18274.662109   -422.817712  4  5  3  71       
PG25 -14983.198574  16493.301082 -14581.963404    486.928814  6  4  4  86       
PG26  17532.700235   7599.360923 -18733.184361    195.563405  5  7  5  74       
PG27  22490.272807  11796.267312   8223.026012 999999.999999                    
PG28   6840.786088  21210.553616 -14473.362666   -114.033105  3  7  5  27       
PG29  -4248.166666  15904.538564 -20869.256557   -607.925473  7  6  6  88       
PG30  -2564.451464 -24442.949998   9845.188958   -439.286003  4  3  4  61       
PG31  11803.659418  12845.904765 -20122.656805   -227.562326  5  6  6  55       
PG32  14005.156352  20682.147658   9527.529987   -608.515185  6  4  6  56       
*  2024  1 29 21 15  0.00000000
PG01  12249.619486 -18185.531815  14415.997228    167.623383  6  5  5  78       
PG02  14225.714336 -11044.633508  19941.359016   -493.465484  6  6     94       
PG03  23403.359915 -12047.931554  -3187.536323    159.258763  5  5  5  68       
PG04  15627.193320  -5766.624083 -20703.231316    278.647048  5  7  2  82       
PG05 -24638.817654   4974.442347  -8890.087516   -159.827161  4  6  4  91       
PG06  -6880.519355 -20866.883716 -14771.567469    426.932452  4  6  6  63       
PG07   5204.429098 -25586.223774  -2675.323563    -49.388956  4  4  6  59       
PG08  21343.763784   1372.262350  15920.494745   -164.513084  4  4  6  93       
PG09   3545.813869 -15779.156292 -21142.738034     74.901009  6  8  5 109       
PG10   4695.946203  14104.756614  22204.029338    -71.262956  6  3  3  91       
PG11 -12747.008632 -10477.648725 -20797.379265   -557.728740  6  6  6  83       
PG12 -24174.381772  10528.445845  -3146.189540   -472.827330  6  5  4  52       
PG13 -21519.601234 -11778.836904  10251.685384    620.638030  5  4  4  85       
PG14   -325.361519 -16162.608853  21068.991881    311.919171  5  5  5  81       
PG15 -21497.220150   1018.803880  15207.696812    122.309843  3  4  6  59       
PG16  22928.578873   2785.623316 -13843.939166   -373.875004  5  4  5  77       
PG17  -8476.683647 -20619.621395  14747.748841    718.543571  4  4  4  83       
PG18  -5070.993784  25898.698573  -1895.862472   -543.792431  5  5  5  42       
PG19 -16019.935141 -20565.630148   5809.929455    433.410636  7  7  6  77       
PG20 -18051.620827  -4370.763109 -18863.770550    389.479762  6  7  2  77       
PG21  15225.505245  -4791.417070  21568.587997    136.758125  5  5  1  97       
PG22  -8018.713814 -13450.324140  21856.757989     39.877945  6  5  4  87       
PG23  -8916.140386  17346.282504  17962.477103    145.308441  4  3  6  57       
PG24 -14745.473124   9300.045890  19517.936544   -422.823755  4  5  3  71       
PG25 -16464.715386  16836.134166 -12347.715801    486.929943  6  4  4  78       
PG26  15610.778857   8642.864355 -19918.662900    195.560016  5  7  5  79       
PG27  22992.449559  12464.117934   5530.532919 999999.999999                    
PG28   6451.585098  22697.260556 -12218.265756   -114.043980  4  7  5  30       
PG29  -6042.937645  14283.340837 -21597.174946   -607.924636  7  6  6  88       
PG30  -2093.772020 -25353.095102   7262.631067   -439.281660  4  4  3  74       
PG31  11273.480720  14988.948807 -18856.863715   -227.562608  6  6  5  60       
PG32  12941.884663  20092.110750  12002.992709   -608.517302  6  5  6  53       
*  2024  1 29 21 30  0.00000000
PG01  12188.141766 -16349.785908  16499.321689    167.624528  6  5  5  86       
PG02  14293.155011  -8795.161976  21031.840297   -493.460474  6  5    101       
PG03  23653.757937 -11941.184482   -291.241570    159.281405  5  5  4  83       
PG04  17407.056615  -4298.197852 -19624.364492    278.655657  6  8  2  60       
PG05 -23718.748572   4279.560346 -11431.201276   -159.827972  4  6  3  75       
PG06  -6571.066635 -22411.769716 -12473.064728    426.919849  3  6  6  74       
PG07   5475.536300 -25029.921020  -5485.551001    -49.397562  4  5  6  37       
PG08  22668.636275   2460.351883  13874.179100   -164.515573  5  5  6 108       
PG09   5588.792508 -14458.559200 -21646.913452     74.912226  7  8  5 105       
PG10   2432.865771  15106.409248  21875.026063    -71.265056  5  3  3  84       
PG11 -12333.287475 -12764.511758 -19747.886489   -557.740787  7  7  7  76       
PG12 -24418.978726  10350.263603   -290.716620   -472.830420  6  5  4  79       
PG13 -22143.157144 -12636.284754   7638.647381    620.641546  5  4  4  85       
PG14   1889.591120 -17010.409757  20287.864638    311.928322  4  5  5  88       
PG15 -22899.940316     33.975101  13137.474956    122.313230  3  4  6  67       
PG16  21438.500328   3474.093805 -15926.725226   -373.867598  6  5  5  61       
PG17  -7026.613209 -19650.474404  16767.313839    718.542534  4  4  4  92       
PG18  -5254.837419  25491.942806  -4756.050826   -543.800307  6  4  5  54       
PG19 -15267.374131 -20159.575006   8506.396358    433.415121  7  6  6  76       
PG20 -16275.044546  -5753.215604 -20081.312714    389.478182  6  7  3  93       
PG21  15288.446418  -2389.975504  22015.344900    136.756716  5  5  2 104       
PG22  -5743.464684 -14282.862559  22073.598276     39.872244  6  5  4  79       
PG23 -10727.398666  18083.051823  16134.824210    145.315412  4  3  6  51       
PG24 -14874.940486   6915.022408  20410.159909   -422.829731  4  5  4  65       
PG25 -17691.740865  17140.276334  -9901.694485    486.931084  6  5  4  85       
PG26  13639.362293   9833.532668 -20768.318166    195.556665  6  7  5  84       
PG27  23278.946118  12923.096807   2744.637655 999999.999999                    
PG28   6158.240441  23935.895967  -9753.171584   -114.054863  4  7  5  22       
PG29  -7969.054008  12722.862251 -21954.677785   -607.923853  7  6  5  93       
PG30  -1697.102329 -25987.240218   4553.608251   -439.277273  3  4  4  61       
PG31  10871.423023  17000.507329 -17267.900446   -227.562994  6  5  5  52       
PG32  11631.927950  19405.366174  14276.114400   -608.519399  6  5  6  75       
*  2024  1 29 21 45  0.00000000
PG01  12217.161038 -14289.852216  18287.934968    167.625660  5  5  5  81       
PG02  14486.882531  -6454.906605  21774.211745   -493.455126  6  5     99       
PG03  23618.788632 -11692.760541   2610.086210    159.304047  5  5  4  79       
PG04  19144.113397  -3005.528535 -18208.629796    278.664268  6  8  3  66       
PG05 -22600.977539   3396.349197 -13778.115788   -159.829549  4  6  3  71       
PG06  -6361.620074 -23697.367688  -9957.880064    426.907201  3  6  6  65       
PG07   5765.051366 -24168.964148  -8197.416448    -49.405768  4  5  7  63       
PG08  23836.358023   3353.452777  11592.559382   -164.517441  5  5  6 103       
PG09   7727.920973 -13227.740922 -21781.312247     74.923381  7  7  5  97       
PG10    277.175710  16207.136532  21175.304400    -71.265948  5  3  4  71       
PG11 -12052.693592 -14931.818406 -18358.277365   -557.752911  7  7  7  82       
PG12 -24377.452577  10050.869651   2569.751918   -472.833580  6  5  3  58       
PG13 -22580.210126 -13261.990295   4894.919892    620.644818  5  5  4  67       
PG14   3964.557588 -17919.703783  19156.959766    311.937421  4  5  5  90       
PG15 -24117.601063   -779.123667  10837.012032    122.316991  4  3  6  53       
PG16  19787.598802   4326.529543 -17746.595583   -373.860366  6  5  4  51       
PG17  -5358.395917 -18640.130465  18505.082727    718.542170  5  4  4 106       
PG18  -5443.544513  24774.995057  -7533.438833   -543.808223  6  4  5  60       
PG19 -14258.377625 -19613.306252  11058.403418    433.420229  7  6  6  67       
PG20 -14477.776548  -7295.304539 -20950.207410    389.476980  6  7  3 101       
PG21  15480.378153     24.106879  22097.819103    136.755376  5  5  3  99       
PG22  -3515.153954 -15236.279675  21925.270477     39.866922  6  5  3  70       
PG23 -12302.786673  18806.611360  14027.718286    145.322412  5  3  5  47       
PG24 -15119.097510   4459.968738  20935.922789   -422.835756  4  5  4  73       
PG25 -18654.738904  17366.362285  -7285.068012    486.932210  6  5  4  68       
PG26  11661.304020  11159.700162 -21267.031239    195.553324  6  7  5  81       
PG27  23321.872116  13198.442912    -87.444642 999999.999999                    
PG28   5930.151095  24899.784197  -7120.407301   -114.065741  5  7  5  33       
PG29  -9991.550196  11258.347263 -21935.967538   -607.923228  7  6  5 100       
PG30  -1342.201667 -26328.510480   1765.133588   -439.272918  3  5  4  44       
PG31  10581.772634  18837.687691 -15381.764844   -227.563098  5  5  5  36       
PG32  10081.921414  18662.840462  16308.791929   -608.521578  6  6  6  74       
*  2024  1 29 22  0  0.00000000
PG01  12362.947346 -12047.232003  19749.774936    167.626847  5  6  5  93       
PG02  14814.245762  -4070.038984  22157.423890   -493.450141  6  5  1  93       
PG03  23319.024154 -11269.398817   5466.086363    159.326699  5  4  4  95       
PG04  20792.677093  -1896.693659 -16480.640327    278.672924  7  8  4  68       
PG05 -21325.763214   2312.768382 -15891.264833   -159.831339  4  7  3  85       
PG06  -6219.050718 -24695.997389  -7269.755066    426.894649  3  5  6  73       
PG07   6107.667649 -23017.917622 -10761.681829    -49.414211  4  6  7  92       
PG08  24808.448554   4063.590594   9114.894579   -164.518994  6  5  6  91       
PG09   9922.385517 -12112.531655 -21543.832266     74.934556  7  7  5  89       
PG10  -1732.876922  17375.494042  20115.588673    -71.266221  5  3  5  85       
PG11 -11890.316589 -16935.117838 -16652.628556   -557.764995  7  7  7  78       
PG12 -24067.008371   9597.079480   5385.626071   -472.837343  6  5  3  65       
PG13 -22797.065854 -13675.304009   2067.675575    620.648011  5  5  4  72       
PG14   5866.617075 -18857.673277  17695.275790    311.946561  4  5  5  93       
PG15 -25114.979446  -1436.444640   8347.703226    122.320663  4  3  5  37       
PG16  18018.059928   5350.855727 -19273.437684   -373.853068  6  6  4  79       
PG17  -3490.604055 -17629.981878  19933.114516    718.541003  5  5  4  98       
PG18  -5674.607295  23760.483961 -10179.709584   -543.816160  6  4  5  66       
PG19 -12989.142013 -18966.613266  13421.996260    433.424767  7  6  6  77       
PG20 -12703.260437  -8976.862445 -21455.766652    389.475816  6  7  3  88       
PG21  15799.572874   2404.375907  21817.514552    136.754582  4  4  3  94       
PG22  -1375.794684 -16290.464739  21414.963193     39.860885  6  5  3  97       
PG23 -13625.981924  19475.030244  11677.343432    145.329399  5  4  5   5       
PG24 -15481.263347   1983.943208  21086.717560   -422.841738  4  5  5  74       
PG25 -19352.572569  17475.291121  -4542.347597    486.933339  5  5  4  72       
PG26   9717.609726  12602.322160 -21405.445144    195.549989  6  6  5  93       
PG27  23099.932455  13320.888072  -2918.086276 999999.999999                    
PG28   5732.880825  25570.055339  -4365.202192   -114.076606  5  6  5  78       
PG29 -12070.045833   9918.792965 -21541.668168   -607.922685  7  6  5  96       
PG30   -994.640291 -26368.346876  -1054.188257   -439.268584  4  5  5           
PG31  10382.062996  20462.075997 -13229.810353   -227.563646  5  4  5  70       
PG32   8306.733687  17904.611061  18066.938849   -608.523711  6  6  6  79       
*  2024  1 29 22 15  0.00000000
PG01  12644.506120  -9669.056437  20858.832700    167.628031  5  6  4  87       
PG02  15274.701278  -1687.405002  22176.153303   -493.444704  5  5  2 101       
PG03  22782.581661 -10643.377026   8227.031378    159.349346  4  3  4  97       
PG04  22307.722492   -971.400147 -14470.291469    278.681531  7  8  5  58       
PG05 -19936.278404   1024.749196 -17735.082610   -159.832107  4  7  2  95       
PG06  -6106.286871 -25388.427700  -4455.429230    426.881962  4  5  6  84       
PG07   6534.893647 -21600.157893 -13131.508133    -49.422274  4  6  7  82       
PG08  25550.922166   4609.921125   6483.479760   -164.521324  6  4  5  93       
PG09  12127.752779 -11131.629876 -20938.668112     74.945720  7  7  5 100       
PG10  -3565.173614  18574.362742  18712.739682    -71.267959  5  2  5  87       
PG11 -11824.172276 -18734.538794 -14660.433999   -557.777065  7  7  7  75       
PG12 -23512.479236   8960.553123   8107.764129   -472.841028  6  5  2  64       
PG13 -22765.802612 -13902.353116   -794.764534    620.651272  6  5  4  65       
PG14   7569.591163 -19787.212356  15927.605879    311.955622  4  5  5  92       
PG15 -25862.560108  -1960.393346   5713.776509    122.323865  5  3  5  79       
PG16  16173.855212   6547.164569 -20481.746478   -373.845769  7  6  4  75       
PG17  -1449.254010 -16658.203634  21028.706219    718.540578  6  5  3  97       
PG18  -5982.750435  22469.764752 -12648.888514   -543.824089  6  4  5  69       
PG19 -11464.579471 -18260.499826  15556.111639    433.429610  6  6  6  77       
PG20 -10991.477068 -10770.498084 -21589.676815    389.474324  6  7  4  98       
PG21  16236.604873   4706.109699  21181.552427    136.753282  4  4  4  88       
PG22    636.927044 -17418.715841  20551.573172     39.855370  6  5  3  87       
PG23 -14689.489481  20045.546518   9124.228316    145.336336  5  4  5  75       
PG24 -15956.918098   -463.983890  20861.041950   -422.847782  4  5  6  82       
PG25 -19792.465831  17429.884129  -1720.661465    486.934457  5  5  4  63       
PG26   7846.022154  14135.521637 -21180.175864    195.546505  6  6  5  85       
PG27  22599.261864  13325.304172  -5699.990803 999999.999999                    
PG28   5529.671946  25936.299137  -1534.914410   -114.087441  5  5  5  81       
PG29 -14160.142383   8725.964948 -20778.793964   -607.921896  7  5  4  98       
PG30   -619.362867 -26106.852698  -3855.040685   -439.264269  4  6  5  56       
PG31  10244.037775  21841.124995 -10848.285868   -227.563667  5  4  5  51       
PG32   6329.087051  17168.355189  19521.012147   -608.525944  6  6  7  72       
*  2024  1 29 22 30  0.00000000
PG01  13072.699797  -7206.349748  21595.660638    167.629211  4  6  4  95       
PG02  15859.829154    647.001974  21830.814841   -493.439446  5  5  3  99       
PG03  22043.970438  -9793.807103  10844.723495    159.372003  4  2  4  91       
PG04  23646.534874   -221.195773 -12212.236646    278.690129  8  8  5  59       
PG05 -18476.995139   -463.474666 -19278.561520   -159.833235  4  7  2  89       
PG06  -5983.952201 -25764.537243  -1563.802153    426.869346  4  5  6  88       
PG07   7073.525170 -19947.067442 -15263.458209    -49.430890  4  7  7 111       
PG08  26035.531883   5017.779469   3742.943291   -164.523316  6  4  5  90       
PG09  14297.498948 -10295.997218 -19976.231855     74.956855  7  6  5 104       
PG10  -5194.799320  19762.293999  16989.558120    -71.269587  4  2  6  74       
PG11 -11826.180515 -20296.164673 -12416.088361   -557.789126  8  6  7  89       
PG12 -22745.342527   8119.139406  10688.364273   -472.844395  6  5  2  48       
PG13 -22465.388183 -13974.835065  -3643.739051    620.654147  6  5  4           
PG14   9054.876160 -20668.361175  13884.137110    311.964686  4  5  5  83       
PG15 -26337.581803  -2378.673475   2981.441903    122.327574  6  3  5  66       
PG16  14299.229688   7907.537193 -21351.011569   -373.838538  7  6  4  70       
PG17    733.020102 -15758.368296  21774.660515    718.539461  6  6  2  89       
PG18  -6398.381757  20932.152076 -14898.164981   -543.832019  6  5  6  87       
PG19  -9698.376169 -17535.547967  17423.307562    433.434617  6  5  6  69       
PG20  -9377.520557 -12642.517558 -21350.114342    389.472502  7  7  4  92       
PG21  16774.789990   6887.713661  20202.412969    136.752120  3  3  5  90       
PG22   2490.836433 -18588.677533  19349.546768     39.849633  6  4  4  85       
PG23 -15494.764661  20476.311417   6412.543565    145.343309  5  5  5  67       
PG24 -16533.893244  -2836.505580  20264.342292   -422.853827  5  5  6  51       
PG25 -19989.642961  17196.503549   1131.046681    486.935584  5  5  4  42       
PG26   6079.724196  15727.406423 -20593.936556    195.543139  6  6  5  82       
PG27  21813.991713  13249.221582  -8386.912157 999999.999999                    
PG28   5283.054914  25996.905127   1321.780683   -114.098315  6  5  6  62       
PG29 -16214.977699   7693.701714 -19660.613715   -607.921276  7  5  4 101       
PG30   -182.287194 -25552.807582  -6588.300241   -439.259900  5  6  5  68       
PG31  10134.865014  22949.340999  -8277.769976   -227.563906  5  4  5  47       
PG32   4178.892446  16487.901168  20646.472585   -608.528123  6  6  7  75       
*  2024  1 29 22 45  0.00000000
PG01  13649.725203  -4712.139735  21947.731417    167.630418  4  6  5  84       
PG02  16553.633801   2889.524237  21127.509547   -493.434319  5  5  4  94       
PG03  21142.692296  -8707.670411  13273.372416    159.394668  3  1  5  90       
PG04  24770.278439    370.003814  -9745.287926    278.698741  8  8  5  49       
PG05 -16992.039202  -2139.349141 -20495.736641   -159.834506  4  7  2  73       
PG06  -5812.096768 -25823.627226   1354.940858    426.856668  5  5  6  83       
PG07   7744.311959 -18096.886173 -17118.438664    -49.439089  4  7  6  96       
PG08  26240.804989   5317.509667    939.523970   -164.524274  7  5  4  73       
PG09  16384.623837  -9608.558107 -18672.974423     74.968014  7  6  5  89       
PG10  -6604.853213  20895.048468  14974.484669    -71.270451  4  2  6  74       
PG11 -11863.387192 -21593.185218  -9958.288037   -557.801250  7  6  7  65       
PG12 -21802.473483   7057.991974  13081.852669   -472.847613  6  5     35       
PG13 -21882.539622 -13928.618967  -6431.042734    620.657760  6  5  4  48       
PG14  10311.983449 -21459.872618  11599.948077    311.973781  4  5  6  71       
PG15 -26524.814531  -2722.948117    198.043105    122.331175  6  4  5  73       
PG16  12437.184025   9416.153754 -21866.049197   -373.831256  7  6  4  66       
PG17   3018.021599 -14958.253399  22159.474066    718.538291  6  5  2  74       
PG18  -6946.222372  19183.851531 -16888.650850   -543.839920  6  6  6  76       
PG19  -7712.720027 -16830.290720  18990.453425    433.439202  6  5  6  70       
PG20  -7890.382054 -14554.096675 -20741.743623    389.471680  7  7  4  68       
PG21  17390.872738   8911.981474  18897.635185    136.751028  3  3  5  95       
PG22   4160.254887 -19763.484778  17828.659335     39.843732  6  4  4  77       
PG23 -16051.987644  20728.116407   3589.325449    145.350248  6  5  5  57       
PG24 -17192.892888  -5089.756573  19308.804363   -422.859875  5  4  6  80       
PG25 -19966.652511  16746.565014   3962.882655    486.936597  5  5  4  32       
PG26   4446.209362  17341.131862 -19655.568726    195.539762  6  5  6  84       
PG27  20746.533653  13131.272684 -10934.342866 999999.999999                    
PG28   4956.490895  25759.075607   4155.726744   -114.109170  5  5  6  49       
PG29 -18186.879845   6827.532167 -18206.413520   -607.920704  7  5  4  96       
PG30    348.128508 -24723.345686  -9205.947446   -439.255570  6  7  6  67       
PG31  10018.558808  23769.218024  -5562.504658   -227.564095  4  3  4   6       
PG32   1892.322542  15891.933692  21424.173883   -608.530329  5  6  7  66       
*  2024  1 29 23  0  0.00000000
PG01  14368.968176  -2239.498892  21909.640316    167.631667  3  7  5  99       
PG02  17333.117036   5000.232720  20077.911359   -493.429108  4  5  4  99       
PG03  20121.650337  -7380.547908  15470.435537    159.417379  3     5  98       
PG04  25645.425271    825.094731  -7111.751888    278.707381  8  8  5  61       
PG05 -15523.573868  -3982.294361 -21366.091849   -159.836240  5  7  2  83       
PG06  -5551.950897 -25574.375447   4250.222300    426.844021  5  5  6  62       
PG07   8560.884567 -16093.268160 -18662.549321    -49.447451  5  8  6  93       
PG08  26152.835881   5543.119837  -1879.662596   -164.525757  7  5  4  70       
PG09  18343.290176  -9064.214507 -17051.110608     74.979195  7  5  5  63       
PG10  -7786.959979  21927.274378  12701.195521    -71.272088  3  3  6  62       
PG11 -11899.382046 -22606.781516  -7329.360435   -557.813348  7  5  7  95       
PG12 -20724.683078   5770.406498  15245.748344   -472.850822  6  5  1  38       
PG13 -21012.297566 -13802.209565  -9109.700531    620.661085  7  5  4  45       
PG14  11338.765020 -22120.850309   9114.412100    311.982910  4  5  6  74       
PG15 -26417.046190  -3027.376293  -2588.771441    122.334469  6  4  6  63       
PG16  10628.001242  11049.691225 -22017.274976   -373.823935  7  7  5  68       
PG17   5363.236304 -14278.878116  22177.449763    718.537725  7  5  2  86       
PG18  -7644.171312  17266.633666 -18586.061544   -543.847815  6  6  6  73       
PG19  -5537.700946 -16179.656781  20229.365681    433.444227  6  5  5  55       
PG20  -6551.986921 -16462.657344 -19775.599449    389.470563  7  7  5  71       
PG21  18055.931125  10747.188847  17289.482731    136.749982  3  3  6 104       
PG22   5626.754753 -20903.075395  16013.734478     39.838225  5  4  4  79       
PG23 -16379.497816  20766.033098    703.640310    145.357218  6  6  5  53       
PG24 -17908.316470  -7184.824956  18013.004647   -422.865888  5  4  7  62       
PG25 -19752.396510  16057.877970   6724.914394    486.937715  5  5  5  57       
PG26   2966.364000  18936.174137 -18379.974794    195.536383  6  5  6  89       
PG27  19407.573924  13009.615286 -13300.166370 999999.999999                    
PG28   4515.983021  25238.510626   6918.132839   -114.120018  5  4  6  56       
PG29 -20029.058250   6124.618911 -16441.162795   -607.919777  8  4  4 100       
PG30    999.415915 -23643.309041 -11661.962923   -439.251219  6  7  6  88       
PG31   9857.554532  24291.875844  -2749.637004   -227.564081  4  3  4  36       
PG32   -489.345222  15402.899253  21840.676327   -608.532546  5  6  7  73       
*  2024  1 29 23 15  0.00000000
PG01  15215.238827    160.398374  21483.148773    167.632867  3  7  6  95       
PG02  18169.103270   6944.186519  18699.094829   -493.424027  5  5  5 103       
PG03  19025.429810  -5817.012830  17397.402521    159.440068  2  1  5  98       
PG04  26244.991609   1172.704099  -4356.711843    278.715985  9  8  6  66       
PG05 -14110.271113  -5964.300860 -21874.883334   -159.837317  5  7  3  80       
PG06  -5167.631248 -25034.435015   7071.967533    426.831364  5  5  6  69       
PG07   9528.994947 -13983.607994 -19867.811570    -49.455688  5  8  6  91       
PG08  25765.810653   5730.812752  -4667.359785   -164.527300  7  6  4  68       
PG09  20130.427522  -8650.174557 -15138.251796     74.990418  7  5  5  79       
PG10  -8741.456538  22814.263391  10208.094187    -71.273175  3  3  6  43       
PG11 -11895.856669 -23326.711438  -4574.533333   -557.825526  7  5  7  86       
PG12 -19555.097198   4258.339050  17141.484328   -472.854385  7  5  2           
PG13 -19858.297353 -13635.131944 -11634.709560    620.664157  7  6  4  54       
PG14  12141.313785 -22612.393098   6470.515705    311.991997  4  5  7  61       
PG15 -26015.269955  -3327.085286  -5331.843981    122.338113  6  5  6  76       
PG16   8907.867754  12777.999747 -21800.912495   -373.816764  7  7  5  87       
PG17   7723.223940 -13733.797935  21828.736014    718.536539  7  5  3  88       
PG18  -8502.449726  15226.304325 -19961.307130   -543.855716  6  7  6  97       
PG19  -3210.399253 -15613.549412  21117.374059    433.449040  6  5  5  76       
PG20  -5376.520279 -18323.393243 -18468.858629    389.469225  8  7  5  86       
PG21  18736.465719  12367.992677  15404.581965    136.748663  3  3  6  93       
PG22   6879.659645 -21965.628347  13934.304293     39.832535  5  4  4  74       
PG23 -16502.909774  20560.899056  -2194.294013    145.364205  5  7  5  69       
PG24 -18649.340649  -9089.037694  16401.438693   -422.871896  5  3  7  81       
PG25 -19380.899106  15115.753290   9368.113136    486.938847  5  5  5  55       
PG26   1653.799190  20469.770620 -16787.947548    195.532981  6  4  6  94       
PG27  17815.781395  12920.390077 -15445.269254 999999.999999                    
PG28   3931.593046  24458.776852   9561.415270   -114.130897  5  4  6  57       
PG29 -21697.269056   5574.027994 -14395.089237   -607.919225  8  4  4  96       
PG30   1793.787107 -22344.301311 -13913.188249   -439.246887  7  8  6  77       
PG31   9614.375004  24517.369637    111.618798   -227.564378  3  4  4  52       
PG32  -2921.075923  15036.151376  21888.480583   -608.534815  4  5  7  73       
*  2024  1 29 23 30  0.00000000
PG01  16165.372871   2440.119238  20677.072594    167.634047  3  7  7  94       
PG02  19027.289963   8692.519617  17013.304930   -493.418896  5  5  5  92       
PG03  17898.520645  -4030.667399  19020.506985    159.462752  3  2  5  92       
PG04  26549.535633   1445.891343  -1527.268026    278.724604  9  9  6  72       
PG05 -12785.925232  -8050.806122 -22013.376963   -159.838560  5  7  4  87       
PG06  -4627.730900 -24229.695612   9771.484158    426.818706  5  5  6  52       
PG07  10646.108330 -11817.213713 -20712.751632    -49.464022  5  8  5  85       
PG08  25082.247057   5917.445026  -7376.900074   -164.530197  7  7  4  64       
PG09  21707.241393  -8346.582390 -12966.951632     75.001627  7  6  6  62       
PG10  -9477.240951  23513.716892   7537.703015    -71.274873  3  4  7  81       
PG11 -11814.241802 -23751.574136  -1741.157059   -557.837601  7  4  7  93       
PG12 -18337.442598   2532.578567  18735.164561   -472.857810  6  5  2  46       
PG13 -18432.730131 -13466.296714 -13963.740604    620.667480  8  6  4  78       
PG14  12733.541308 -22899.180075   3714.104230    312.001085  4  6  7  42       
PG15 -25328.575046  -3656.638322  -7985.258457    122.341572  7  6  7  84       
PG16   7307.636775  14565.039659 -21219.132010   -373.809640  8  7  6  70       
PG17  10051.108802 -13328.677795  21119.295738    718.535722  6  5  4  90       
PG18  -9523.057827  13111.032977 -20990.983358   -543.863602  6  7  6  96       
PG19   -773.690999 -15155.618599  21637.803367    433.453989  7  5  5  71       
PG20  -4370.064102 -20090.884804 -16844.507301    389.467992  8  7  5  86       
PG21  19395.636598  13756.114018  13273.535897    136.747844  4  3  7  98       
PG22   7916.273347 -22909.081505  11624.211182     39.826550  5  4  5  71       
PG23 -16453.946277  20090.588458  -5054.012164    145.371185  6  7  5  75       
PG24 -19381.208057 -10776.973063  14503.945980   -422.877901  6  3  7  85       
PG25 -18889.861732  13913.825392  11845.301419    486.939997  5  5  5  38       
PG26    514.461927  21898.475706 -14905.893479    195.529627  6  4  7  82       
PG27  15997.241069  12896.264316 -17334.109814 999999.999999                    
PG28   3178.803678  23450.384470  12040.020087   -114.141754  4  4  6  64       
PG29 -23151.392680   5157.313684 -12103.169603   -607.918625  8  4  5  99       
PG30   2747.041189 -20863.480431 -15920.131679   -439.242562  7  8  6  65       
PG31   9253.318873  24454.652099   2970.883352   -227.564545  2  4  4  76       
PG32  -5355.568438  14799.367449  21566.177705   -608.537059  4  5  7  71       
*  2024  1 29 23 45  0.00000000
PG01  17189.167883   4557.639989  19507.023213    167.635254  5  7  7  93       
PG02  19869.490269  10223.320173  15047.669114   -493.413521  5  5  5  93       
PG03  16783.554140  -2043.819903  20311.349615    159.485446  3  3  5  89       
PG04  26547.879964   1680.681833   1328.252201    278.733227  9  9  7  92       
PG05 -11578.258754 -10201.820543 -21778.996561   -159.839991  6  7  4  82       
PG06  -3906.730520 -23193.238543  12302.309261    426.806067  5  5  6  39       
PG07  11901.365818  -9643.411425 -21182.820861    -49.472330  4  9  5  97       
PG08  24112.942925   6138.969808  -9962.922118   -164.530428  8  7  5  77       
PG09  23040.571573  -8127.425352 -10574.170921     75.012846  7  5  6  89       
PG10 -10011.283358  23987.452653   4735.960767    -71.275855  3  5  7  72       
PG11 -11617.360156 -23888.744628   1122.107125   -557.849695  6  3  7  86       
PG12 -17114.310471    612.560954  19998.236833   -472.861161  7  5  4  33       
PG13 -16755.997818 -13332.404965 -16057.791767    620.670683  8  6  5  94       
PG14  13136.448929 -22950.931860    893.068570    312.010202  4  6  7  74       
PG15 -24373.754016  -4048.554144 -10505.039127    122.345158  7  6  7  79       
PG16   5851.779065  16370.052646 -20280.112797   -373.802264  8  7  6  77       
PG17  12300.120461 -13061.155625  20060.807148    718.534390  5  5  5  94       
PG18 -10699.564794  10969.605700 -21657.755062   -543.871490  7  8  6 101       
PG19   1725.188890 -14822.279574  21780.356483    433.458657  7  5  5  85       
PG20  -3530.556569 -21720.740858 -14930.912065    389.466832  8  7  6  71       
PG21  19994.609809  14900.788888  10930.515801    136.746896  4  3  7  72       
PG22   8741.827893 -23692.679492   9121.151474     39.821066  5  4  5  67       
PG23 -16269.035365  19341.015133  -7825.712153    145.378086  6  8  5  89       
PG24 -20066.663758 -12231.167245  12355.052065   -422.883918  5  3  7  80       
PG25 -18319.063007  12454.547399  14112.084173    486.941094  5  5  5  69       
PG26   -453.454609  23179.774406 -12765.448961    195.526214  7  4  7  35       
PG27  13984.632988  12965.110652 -18935.239624 999999.999999                    
PG28   2239.672682  22249.607634  14311.211782   -114.152611  4  4  6  71       
PG29 -24356.864904   4849.395248  -9604.544220   -607.917980  8  5  6 107       
PG30   3867.733698 -19242.140057 -17647.700284   -439.238258  7  8  6  93       
PG31   8742.099320  24121.183713   5777.558633   -227.564827  3  5  4  75       
PG32  -7744.839039  14692.260052  20878.511601   -608.539303  4  4  7  65       
EOF
